{
  "type": "FeatureCollection",
  "source": {
    "title": "Natural Earth 1:10m rivers and lake centerlines",
    "url": "https://github.com/nvkelso/natural-earth-vector/blob/master/geojson/ne_10m_rivers_lake_centerlines.geojson",
    "upstreamGitBlob": "61a0d7137a6ff1113cc259525e7479c63d5fec86",
    "upstreamSha256": "bb854a900ecbd3b408df46d5e16e3e0f974ba55993f9d8b5c26e855273c0905a",
    "license": "Public domain",
    "terms": "https://www.naturalearthdata.com/about/terms-of-use/"
  },
  "features": [
    {
      "type": "Feature",
      "properties": {
        "dissolve": "100River",
        "scalerank": 4.0,
        "featurecla": "River",
        "name": "Araguaia",
        "name_alt": null,
        "rivernum": 100,
        "note": null,
        "min_zoom": 4.0,
        "name_en": "Araguaia",
        "min_label": 5.0
      },
      "bbox": [
        -53.224029,
        -17.854832,
        -48.141225,
        -5.302911
      ],
      "geometry": {
        "type": "MultiLineString",
        "coordinates": [
          [
            [
              -53.115142,
              -17.854832
            ],
            [
              -53.129384,
              -17.684096
            ],
            [
              -53.141713,
              -17.646905
            ],
            [
              -53.158111,
              -17.614923
            ],
            [
              -53.198354,
              -17.560561
            ],
            [
              -53.217478,
              -17.526788
            ],
            [
              -53.224029,
              -17.489679
            ],
            [
              -53.220937,
              -17.450128
            ],
            [
              -53.211374,
              -17.409112
            ],
            [
              -53.205312,
              -17.389988
            ],
            [
              -53.200673,
              -17.38006
            ],
            [
              -53.194569,
              -17.372247
            ],
            [
              -53.189768,
              -17.362644
            ],
            [
              -53.19164,
              -17.351902
            ],
            [
              -53.195912,
              -17.34116
            ],
            [
              -53.198354,
              -17.331231
            ],
            [
              -53.203359,
              -17.282078
            ],
            [
              -53.198354,
              -17.265802
            ],
            [
              -53.191518,
              -17.256036
            ],
            [
              -53.166697,
              -17.235365
            ],
            [
              -53.158844,
              -17.224542
            ],
            [
              -53.151601,
              -17.203139
            ],
            [
              -53.142161,
              -17.186944
            ],
            [
              -53.13561,
              -17.163425
            ],
            [
              -53.131825,
              -17.158705
            ],
            [
              -53.115142,
              -17.142918
            ],
            [
              -53.078684,
              -17.089044
            ],
            [
              -53.07079,
              -17.080906
            ],
            [
              -53.058502,
              -17.074151
            ],
            [
              -53.046946,
              -17.057794
            ],
            [
              -53.03775,
              -17.037612
            ],
            [
              -53.033193,
              -17.019382
            ],
            [
              -53.033803,
              -17.010919
            ],
            [
              -53.038808,
              -16.991632
            ],
            [
              -53.040028,
              -16.981459
            ],
            [
              -53.037831,
              -16.971694
            ],
            [
              -53.027943,
              -16.94964
            ],
            [
              -53.013905,
              -16.884942
            ],
            [
              -53.019521,
              -16.867852
            ],
            [
              -52.991282,
              -16.838556
            ],
            [
              -52.963694,
              -16.819024
            ],
            [
              -52.896677,
              -16.786635
            ],
            [
              -52.8544,
              -16.772312
            ],
            [
              -52.84557,
              -16.767267
            ],
            [
              -52.828928,
              -16.754327
            ],
            [
              -52.809397,
              -16.745457
            ],
            [
              -52.772532,
              -16.704034
            ],
            [
              -52.731435,
              -16.670424
            ],
            [
              -52.71227,
              -16.65073
            ],
            [
              -52.704213,
              -16.632338
            ],
            [
              -52.702463,
              -16.608331
            ],
            [
              -52.696645,
              -16.588881
            ],
            [
              -52.686147,
              -16.573093
            ],
            [
              -52.670115,
              -16.560073
            ],
            [
              -52.64273,
              -16.542413
            ],
            [
              -52.632558,
              -16.528823
            ],
            [
              -52.628529,
              -16.508803
            ],
            [
              -52.624827,
              -16.464044
            ],
            [
              -52.614858,
              -16.422865
            ],
            [
              -52.601186,
              -16.385675
            ],
            [
              -52.582631,
              -16.351902
            ],
            [
              -52.559682,
              -16.322931
            ],
            [
              -52.532948,
              -16.299981
            ],
            [
              -52.520741,
              -16.292006
            ],
            [
              -52.507436,
              -16.285496
            ],
            [
              -52.492299,
              -16.280694
            ],
            [
              -52.45344,
              -16.277276
            ],
            [
              -52.438954,
              -16.27101
            ],
            [
              -52.431223,
              -16.258803
            ],
            [
              -52.429921,
              -16.238621
            ],
            [
              -52.450103,
              -16.171889
            ],
            [
              -52.455719,
              -16.134698
            ],
            [
              -52.444203,
              -16.094578
            ],
            [
              -52.430491,
              -16.082696
            ],
            [
              -52.388905,
              -16.067804
            ],
            [
              -52.36205,
              -16.05047
            ],
            [
              -52.351918,
              -16.04933
            ],
            [
              -52.342478,
              -16.04933
            ],
            [
              -52.33434,
              -16.046075
            ],
            [
              -52.328684,
              -16.0381
            ],
            [
              -52.306956,
              -15.986342
            ],
            [
              -52.261586,
              -15.937839
            ],
            [
              -52.254262,
              -15.920099
            ],
            [
              -52.250234,
              -15.913425
            ],
            [
              -52.241322,
              -15.905287
            ],
            [
              -52.230702,
              -15.898777
            ],
            [
              -52.206451,
              -15.889662
            ],
            [
              -52.158762,
              -15.880548
            ],
            [
              -52.053131,
              -15.874851
            ],
            [
              -52.030019,
              -15.868504
            ],
            [
              -52.008901,
              -15.855645
            ],
            [
              -51.974273,
              -15.822931
            ],
            [
              -51.96939,
              -15.813002
            ],
            [
              -51.969553,
              -15.805597
            ],
            [
              -51.966908,
              -15.800795
            ],
            [
              -51.953847,
              -15.799168
            ],
            [
              -51.940785,
              -15.800958
            ],
            [
              -51.925771,
              -15.809747
            ],
            [
              -51.916005,
              -15.812677
            ],
            [
              -51.898427,
              -15.8117
            ],
            [
              -51.882883,
              -15.804864
            ],
            [
              -51.871816,
              -15.792494
            ],
            [
              -51.86262,
              -15.760593
            ],
            [
              -51.826568,
              -15.717136
            ],
            [
              -51.796051,
              -15.651788
            ],
            [
              -51.782541,
              -15.631524
            ],
            [
              -51.774037,
              -15.610691
            ],
            [
              -51.775095,
              -15.585138
            ],
            [
              -51.78246,
              -15.559584
            ],
            [
              -51.79308,
              -15.538995
            ],
            [
              -51.785634,
              -15.525323
            ],
            [
              -51.76301,
              -15.538507
            ],
            [
              -51.748647,
              -15.529962
            ],
            [
              -51.72761,
              -15.494643
            ],
            [
              -51.711659,
              -15.474298
            ],
            [
              -51.705312,
              -15.455743
            ],
            [
              -51.697499,
              -15.408624
            ],
            [
              -51.692738,
              -15.398451
            ],
            [
              -51.679311,
              -15.378839
            ],
            [
              -51.675771,
              -15.36769
            ],
            [
              -51.676137,
              -15.354994
            ],
            [
              -51.681752,
              -15.333836
            ],
            [
              -51.683217,
              -15.322686
            ],
            [
              -51.682078,
              -15.311375
            ],
            [
              -51.67691,
              -15.296889
            ],
            [
              -51.675771,
              -15.288588
            ],
            [
              -51.671864,
              -15.281915
            ],
            [
              -51.654164,
              -15.271824
            ],
            [
              -51.649037,
              -15.264662
            ],
            [
              -51.649526,
              -15.24269
            ],
            [
              -51.655019,
              -15.225763
            ],
            [
              -51.65746,
              -15.209812
            ],
            [
              -51.649037,
              -15.190281
            ],
            [
              -51.63976,
              -15.179376
            ],
            [
              -51.624989,
              -15.165541
            ],
            [
              -51.607737,
              -15.15366
            ],
            [
              -51.590688,
              -15.148614
            ],
            [
              -51.575876,
              -15.140151
            ],
            [
              -51.532379,
              -15.080255
            ],
            [
              -51.513824,
              -15.062839
            ],
            [
              -51.474192,
              -15.048354
            ],
            [
              -51.453521,
              -15.035333
            ],
            [
              -51.42748,
              -15.006687
            ],
            [
              -51.41218,
              -14.995457
            ],
            [
              -51.392079,
              -14.991062
            ],
            [
              -51.367665,
              -14.988458
            ],
            [
              -51.350901,
              -14.981378
            ],
            [
              -51.320139,
              -14.956231
            ],
            [
              -51.30724,
              -14.971368
            ],
            [
              -51.304067,
              -14.99212
            ],
            [
              -51.297597,
              -15.010431
            ],
            [
              -51.275136,
              -15.018243
            ],
            [
              -51.25536,
              -15.015313
            ],
            [
              -51.239369,
              -15.008315
            ],
            [
              -51.210276,
              -14.991062
            ],
            [
              -51.176096,
              -14.976576
            ],
            [
              -51.159901,
              -14.962742
            ],
            [
              -51.151967,
              -14.953953
            ],
            [
              -51.152211,
              -14.950046
            ],
            [
              -51.148346,
              -14.944838
            ],
            [
              -51.141754,
              -14.920587
            ],
            [
              -51.138254,
              -14.912123
            ],
            [
              -51.129099,
              -14.904718
            ],
            [
              -51.107411,
              -14.893976
            ],
            [
              -51.100413,
              -14.887872
            ],
            [
              -51.092844,
              -14.822442
            ],
            [
              -51.083608,
              -14.812188
            ],
            [
              -51.068715,
              -14.80462
            ],
            [
              -51.065053,
              -14.78631
            ],
            [
              -51.066274,
              -14.743992
            ],
            [
              -51.05956,
              -14.721856
            ],
            [
              -51.042348,
              -14.683608
            ],
            [
              -51.03893,
              -14.658217
            ],
            [
              -51.033599,
              -14.647149
            ],
            [
              -51.010121,
              -14.628351
            ],
            [
              -51.00475,
              -14.617201
            ],
            [
              -51.003041,
              -14.607761
            ],
            [
              -50.994456,
              -14.588718
            ],
            [
              -50.989491,
              -14.573663
            ],
            [
              -50.987904,
              -14.570815
            ],
            [
              -50.984283,
              -14.566339
            ],
            [
              -50.987172,
              -14.554864
            ],
            [
              -50.982737,
              -14.543959
            ],
            [
              -50.975453,
              -14.53224
            ],
            [
              -50.970041,
              -14.518569
            ],
            [
              -50.968984,
              -14.502455
            ],
            [
              -50.970937,
              -14.48683
            ],
            [
              -50.977528,
              -14.463311
            ],
            [
              -50.995473,
              -14.399428
            ],
            [
              -50.995717,
              -14.365248
            ],
            [
              -50.980946,
              -14.33644
            ],
            [
              -50.97232,
              -14.323582
            ],
            [
              -50.972035,
              -14.312351
            ],
            [
              -50.975331,
              -14.301202
            ],
            [
              -50.977528,
              -14.288263
            ],
            [
              -50.975331,
              -14.274265
            ],
            [
              -50.965972,
              -14.243504
            ],
            [
              -50.963857,
              -14.226576
            ],
            [
              -50.954457,
              -14.206557
            ],
            [
              -50.935414,
              -14.182143
            ],
            [
              -50.920277,
              -14.155125
            ],
            [
              -50.922922,
              -14.126886
            ],
            [
              -50.922922,
              -14.133722
            ],
            [
              -50.924998,
              -14.129246
            ],
            [
              -50.929067,
              -14.113295
            ],
            [
              -50.881215,
              -14.110854
            ],
            [
              -50.85733,
              -14.103692
            ],
            [
              -50.847157,
              -14.089207
            ],
            [
              -50.848378,
              -14.067315
            ],
            [
              -50.860829,
              -14.017755
            ],
            [
              -50.862904,
              -13.974298
            ],
            [
              -50.847401,
              -13.904474
            ],
            [
              -50.847157,
              -13.86004
            ],
            [
              -50.859242,
              -13.797784
            ],
            [
              -50.861887,
              -13.764825
            ],
            [
              -50.866567,
              -13.743666
            ],
            [
              -50.867665,
              -13.718764
            ],
            [
              -50.866078,
              -13.712905
            ],
            [
              -50.836822,
              -13.697686
            ],
            [
              -50.826975,
              -13.694757
            ],
            [
              -50.816762,
              -13.690606
            ],
            [
              -50.805531,
              -13.68198
            ],
            [
              -50.797475,
              -13.670343
            ],
            [
              -50.787913,
              -13.645847
            ],
            [
              -50.772532,
              -13.622573
            ],
            [
              -50.760935,
              -13.54282
            ],
            [
              -50.758127,
              -13.534845
            ],
            [
              -50.751576,
              -13.524265
            ],
            [
              -50.715647,
              -13.494561
            ],
            [
              -50.70995,
              -13.486993
            ],
            [
              -50.704661,
              -13.475437
            ],
            [
              -50.681142,
              -13.452813
            ],
            [
              -50.675852,
              -13.445733
            ],
            [
              -50.655629,
              -13.379734
            ],
            [
              -50.60554,
              -13.320001
            ],
            [
              -50.600087,
              -13.308608
            ],
            [
              -50.596018,
              -13.286065
            ],
            [
              -50.566599,
              -13.222589
            ],
            [
              -50.578725,
              -13.188409
            ],
            [
              -50.580922,
              -13.110772
            ],
            [
              -50.593251,
              -13.07171
            ],
            [
              -50.564768,
              -13.056573
            ],
            [
              -50.559722,
              -13.054701
            ],
            [
              -50.558583,
              -13.051121
            ],
            [
              -50.55602,
              -13.046808
            ],
            [
              -50.553456,
              -13.041436
            ],
            [
              -50.552317,
              -13.033868
            ],
            [
              -50.554555,
              -13.027276
            ],
            [
              -50.564361,
              -13.021173
            ],
            [
              -50.566599,
              -13.01336
            ],
            [
              -50.561594,
              -13.006362
            ],
            [
              -50.525014,
              -12.982354
            ],
            [
              -50.513824,
              -12.972589
            ],
            [
              -50.504303,
              -12.962091
            ],
            [
              -50.496571,
              -12.949884
            ],
            [
              -50.490834,
              -12.935235
            ],
            [
              -50.4794,
              -12.880792
            ],
            [
              -50.478383,
              -12.851576
            ],
            [
              -50.484202,
              -12.843601
            ],
            [
              -50.487498,
              -12.839044
            ],
            [
              -50.527089,
              -12.840753
            ],
            [
              -50.539296,
              -12.839044
            ],
            [
              -50.553415,
              -12.833429
            ],
            [
              -50.567047,
              -12.824395
            ],
            [
              -50.572011,
              -12.813979
            ],
            [
              -50.559722,
              -12.804864
            ],
            [
              -50.570912,
              -12.798679
            ],
            [
              -50.581166,
              -12.797865
            ],
            [
              -50.589019,
              -12.802423
            ],
            [
              -50.593251,
              -12.8117
            ],
            [
              -50.596425,
              -12.802911
            ],
            [
              -50.600087,
              -12.77752
            ],
            [
              -50.603139,
              -12.773126
            ],
            [
              -50.611928,
              -12.769871
            ],
            [
              -50.613759,
              -12.766778
            ],
            [
              -50.612538,
              -12.762221
            ],
            [
              -50.607777,
              -12.754897
            ],
            [
              -50.607533,
              -12.749688
            ],
            [
              -50.627431,
              -12.684503
            ],
            [
              -50.627431,
              -12.65073
            ],
            [
              -50.631459,
              -12.647638
            ],
            [
              -50.651112,
              -12.646173
            ],
            [
              -50.658437,
              -12.643487
            ],
            [
              -50.66804,
              -12.632826
            ],
            [
              -50.676096,
              -12.618829
            ],
            [
              -50.676259,
              -12.604181
            ],
            [
              -50.66218,
              -12.591974
            ],
            [
              -50.661977,
              -12.595229
            ],
            [
              -50.662424,
              -12.601739
            ],
            [
              -50.66218,
              -12.604994
            ],
            [
              -50.650136,
              -12.598972
            ],
            [
              -50.649281,
              -12.591241
            ],
            [
              -50.652943,
              -12.581964
            ],
            [
              -50.654693,
              -12.571466
            ],
            [
              -50.651845,
              -12.55991
            ],
            [
              -50.643422,
              -12.536798
            ],
            [
              -50.627431,
              -12.447931
            ],
            [
              -50.621409,
              -12.446791
            ],
            [
              -50.616811,
              -12.445001
            ],
            [
              -50.613759,
              -12.441095
            ],
            [
              -50.613108,
              -12.436375
            ],
            [
              -50.614003,
              -12.425714
            ],
            [
              -50.61266,
              -12.410089
            ],
            [
              -50.613759,
              -12.376886
            ],
            [
              -50.624338,
              -12.335626
            ],
            [
              -50.630686,
              -12.322198
            ],
            [
              -50.628529,
              -12.310968
            ],
            [
              -50.623443,
              -12.301202
            ],
            [
              -50.621205,
              -12.291518
            ],
            [
              -50.631459,
              -12.257175
            ],
            [
              -50.665679,
              -12.20379
            ],
            [
              -50.675852,
              -12.167413
            ],
            [
              -50.675852,
              -12.081882
            ],
            [
              -50.685496,
              -12.023858
            ],
            [
              -50.682688,
              -12.002374
            ],
            [
              -50.678863,
              -11.994073
            ],
            [
              -50.672922,
              -11.985365
            ],
            [
              -50.665761,
              -11.978448
            ],
            [
              -50.658437,
              -11.9756
            ],
            [
              -50.653188,
              -11.970147
            ],
            [
              -50.655141,
              -11.958185
            ],
            [
              -50.659657,
              -11.946303
            ],
            [
              -50.66218,
              -11.94142
            ],
            [
              -50.657338,
              -11.923679
            ],
            [
              -50.648305,
              -11.905694
            ],
            [
              -50.642812,
              -11.88836
            ],
            [
              -50.648549,
              -11.872573
            ],
            [
              -50.658599,
              -11.869155
            ],
            [
              -50.669789,
              -11.871108
            ],
            [
              -50.678863,
              -11.869561
            ],
            [
              -50.682688,
              -11.85532
            ],
            [
              -50.680735,
              -11.830987
            ],
            [
              -50.682688,
              -11.818699
            ],
            [
              -50.686431,
              -11.808445
            ],
            [
              -50.690989,
              -11.80169
            ],
            [
              -50.694692,
              -11.793959
            ],
            [
              -50.697377,
              -11.769464
            ],
            [
              -50.700876,
              -11.761082
            ],
            [
              -50.707346,
              -11.754734
            ],
            [
              -50.717397,
              -11.749037
            ],
            [
              -50.713368,
              -11.740411
            ],
            [
              -50.71109,
              -11.731785
            ],
            [
              -50.70995,
              -11.711847
            ],
            [
              -50.705678,
              -11.705743
            ],
            [
              -50.68692,
              -11.689793
            ],
            [
              -50.682688,
              -11.684503
            ],
            [
              -50.679189,
              -11.67905
            ],
            [
              -50.661855,
              -11.668145
            ],
            [
              -50.654693,
              -11.660333
            ],
            [
              -50.648549,
              -11.61948
            ],
            [
              -50.659047,
              -11.586602
            ],
            [
              -50.713287,
              -11.54933
            ],
            [
              -50.737294,
              -11.51629
            ],
            [
              -50.743642,
              -11.479181
            ],
            [
              -50.739329,
              -11.437188
            ],
            [
              -50.717397,
              -11.358738
            ],
            [
              -50.66218,
              -11.244073
            ],
            [
              -50.66218,
              -11.215265
            ],
            [
              -50.654693,
              -11.207859
            ],
            [
              -50.662099,
              -11.189874
            ],
            [
              -50.66393,
              -11.172296
            ],
            [
              -50.66218,
              -11.136163
            ],
            [
              -50.655995,
              -11.116388
            ],
            [
              -50.625437,
              -11.087254
            ],
            [
              -50.613759,
              -11.071303
            ],
            [
              -50.610463,
              -11.040216
            ],
            [
              -50.616322,
              -10.998386
            ],
            [
              -50.627878,
              -10.956964
            ],
            [
              -50.641713,
              -10.92726
            ],
            [
              -50.628651,
              -10.908624
            ],
            [
              -50.62267,
              -10.894545
            ],
            [
              -50.620595,
              -10.830255
            ],
            [
              -50.617787,
              -10.815851
            ],
            [
              -50.611399,
              -10.80462
            ],
            [
              -50.600087,
              -10.789483
            ],
            [
              -50.591176,
              -10.771987
            ],
            [
              -50.587229,
              -10.752944
            ],
            [
              -50.586497,
              -10.711602
            ],
            [
              -50.588612,
              -10.702813
            ],
            [
              -50.600087,
              -10.677179
            ],
            [
              -50.600087,
              -10.662449
            ],
            [
              -50.598948,
              -10.656671
            ],
            [
              -50.586497,
              -10.639988
            ],
            [
              -50.582346,
              -10.631687
            ],
            [
              -50.577789,
              -10.618585
            ],
            [
              -50.572825,
              -10.611993
            ],
            [
              -50.565175,
              -10.608331
            ],
            [
              -50.556142,
              -10.606459
            ],
            [
              -50.548655,
              -10.603367
            ],
            [
              -50.532623,
              -10.568862
            ],
            [
              -50.528432,
              -10.564304
            ],
            [
              -50.519236,
              -10.558445
            ],
            [
              -50.519521,
              -10.545343
            ],
            [
              -50.525014,
              -10.522638
            ],
            [
              -50.519032,
              -10.512058
            ],
            [
              -50.503489,
              -10.493015
            ],
            [
              -50.49828,
              -10.481622
            ],
            [
              -50.496938,
              -10.471124
            ],
            [
              -50.49828,
              -10.437188
            ],
            [
              -50.493642,
              -10.417657
            ],
            [
              -50.481801,
              -10.400811
            ],
            [
              -50.449941,
              -10.371759
            ],
            [
              -50.426137,
              -10.34116
            ],
            [
              -50.406565,
              -10.299005
            ],
            [
              -50.3933,
              -10.254083
            ],
            [
              -50.388417,
              -10.214044
            ],
            [
              -50.395904,
              -10.177097
            ],
            [
              -50.397694,
              -10.153253
            ],
            [
              -50.39151,
              -10.135919
            ],
            [
              -50.385854,
              -10.126886
            ],
            [
              -50.377919,
              -10.104913
            ],
            [
              -50.370473,
              -10.094659
            ],
            [
              -50.315785,
              -10.037286
            ],
            [
              -50.304067,
              -10.020929
            ],
            [
              -50.299062,
              -10.005548
            ],
            [
              -50.297231,
              -9.984552
            ],
            [
              -50.278554,
              -9.919285
            ],
            [
              -50.259511,
              -9.880385
            ],
            [
              -50.21996,
              -9.819675
            ],
            [
              -50.20287,
              -9.782729
            ],
            [
              -50.194081,
              -9.750828
            ],
            [
              -50.189198,
              -9.741143
            ],
            [
              -50.182078,
              -9.734552
            ],
            [
              -50.175364,
              -9.730157
            ],
            [
              -50.165191,
              -9.723647
            ],
            [
              -50.159779,
              -9.712254
            ],
            [
              -50.1551,
              -9.707208
            ],
            [
              -50.15038,
              -9.700535
            ],
            [
              -50.148264,
              -9.689955
            ],
            [
              -50.147328,
              -9.678562
            ],
            [
              -50.143015,
              -9.658543
            ],
            [
              -50.133656,
              -9.631036
            ],
            [
              -50.111806,
              -9.586928
            ],
            [
              -50.107289,
              -9.567071
            ],
            [
              -50.099843,
              -9.481785
            ],
            [
              -50.07726,
              -9.403985
            ],
            [
              -50.06786,
              -9.386082
            ],
            [
              -50.065663,
              -9.374933
            ],
            [
              -50.064361,
              -9.351495
            ],
            [
              -50.058909,
              -9.330255
            ],
            [
              -50.053822,
              -9.319187
            ],
            [
              -50.031565,
              -9.289239
            ],
            [
              -50.002065,
              -9.260675
            ],
            [
              -49.997426,
              -9.251397
            ],
            [
              -49.992014,
              -9.232843
            ],
            [
              -49.978993,
              -9.216811
            ],
            [
              -49.949656,
              -9.193048
            ],
            [
              -49.927317,
              -9.170343
            ],
            [
              -49.867055,
              -9.083836
            ],
            [
              -49.832631,
              -9.047784
            ],
            [
              -49.818349,
              -9.028253
            ],
            [
              -49.812489,
              -9.005304
            ],
            [
              -49.808095,
              -8.995457
            ],
            [
              -49.78893,
              -8.97739
            ],
            [
              -49.784535,
              -8.970554
            ],
            [
              -49.783193,
              -8.962823
            ],
            [
              -49.779897,
              -8.954441
            ],
            [
              -49.771474,
              -8.940444
            ],
            [
              -49.755279,
              -8.923028
            ],
            [
              -49.699208,
              -8.881199
            ],
            [
              -49.681874,
              -8.871596
            ],
            [
              -49.620676,
              -8.857924
            ],
            [
              -49.60143,
              -8.847507
            ],
            [
              -49.58141,
              -8.830743
            ],
            [
              -49.565663,
              -8.811212
            ],
            [
              -49.553782,
              -8.775323
            ],
            [
              -49.503529,
              -8.708917
            ],
            [
              -49.497711,
              -8.697117
            ],
            [
              -49.496775,
              -8.68491
            ],
            [
              -49.503977,
              -8.672296
            ],
            [
              -49.477366,
              -8.618097
            ],
            [
              -49.46642,
              -8.610854
            ],
            [
              -49.428212,
              -8.548842
            ],
            [
              -49.398793,
              -8.468601
            ],
            [
              -49.380971,
              -8.436863
            ],
            [
              -49.353139,
              -8.412937
            ],
            [
              -49.324656,
              -8.395359
            ],
            [
              -49.310658,
              -8.382257
            ],
            [
              -49.304758,
              -8.367852
            ],
            [
              -49.302439,
              -8.346612
            ],
            [
              -49.229604,
              -8.124933
            ],
            [
              -49.22643,
              -8.093601
            ],
            [
              -49.222768,
              -8.083347
            ],
            [
              -49.215647,
              -8.07464
            ],
            [
              -49.206532,
              -8.067397
            ],
            [
              -49.198801,
              -8.058608
            ],
            [
              -49.195465,
              -8.045424
            ],
            [
              -49.194081,
              -7.979913
            ],
            [
              -49.18932,
              -7.959812
            ],
            [
              -49.17455,
              -7.919936
            ],
            [
              -49.169911,
              -7.899835
            ],
            [
              -49.168202,
              -7.874444
            ],
            [
              -49.170522,
              -7.838067
            ],
            [
              -49.169667,
              -7.82586
            ],
            [
              -49.164418,
              -7.810479
            ],
            [
              -49.163564,
              -7.803643
            ],
            [
              -49.167104,
              -7.796075
            ],
            [
              -49.18163,
              -7.786554
            ],
            [
              -49.223988,
              -7.773858
            ],
            [
              -49.309804,
              -7.713556
            ],
            [
              -49.3485,
              -7.679376
            ],
            [
              -49.376129,
              -7.64129
            ],
            [
              -49.390818,
              -7.597589
            ],
            [
              -49.390289,
              -7.547214
            ],
            [
              -49.384185,
              -7.521498
            ],
            [
              -49.374989,
              -7.500177
            ],
            [
              -49.218495,
              -7.309259
            ],
            [
              -49.18932,
              -7.247247
            ],
            [
              -49.185129,
              -7.225437
            ],
            [
              -49.18932,
              -7.082859
            ],
            [
              -49.221181,
              -6.964288
            ],
            [
              -49.216624,
              -6.925144
            ],
            [
              -49.198638,
              -6.902683
            ],
            [
              -49.048207,
              -6.809421
            ],
            [
              -49.027943,
              -6.791681
            ],
            [
              -49.01065,
              -6.780776
            ],
            [
              -48.8933,
              -6.743666
            ],
            [
              -48.867991,
              -6.738702
            ],
            [
              -48.846669,
              -6.740167
            ],
            [
              -48.818267,
              -6.719171
            ],
            [
              -48.683502,
              -6.662774
            ],
            [
              -48.668365,
              -6.649347
            ],
            [
              -48.65807,
              -6.630792
            ],
            [
              -48.654286,
              -6.606378
            ],
            [
              -48.655832,
              -6.562351
            ],
            [
              -48.65982,
              -6.545424
            ],
            [
              -48.667917,
              -6.541518
            ],
            [
              -48.660715,
              -6.521661
            ],
            [
              -48.649322,
              -6.50213
            ],
            [
              -48.617787,
              -6.461847
            ],
            [
              -48.612213,
              -6.452162
            ],
            [
              -48.608062,
              -6.442722
            ],
            [
              -48.606435,
              -6.435073
            ],
            [
              -48.578521,
              -6.417983
            ],
            [
              -48.527943,
              -6.370457
            ],
            [
              -48.500885,
              -6.351251
            ],
            [
              -48.462473,
              -6.342299
            ],
            [
              -48.390004,
              -6.362481
            ],
            [
              -48.379872,
              -6.359714
            ],
            [
              -48.377065,
              -6.338311
            ],
            [
              -48.377675,
              -6.327569
            ],
            [
              -48.38329,
              -6.318048
            ],
            [
              -48.400258,
              -6.306166
            ],
            [
              -48.407867,
              -6.299005
            ],
            [
              -48.414052,
              -6.287612
            ],
            [
              -48.423899,
              -6.244643
            ],
            [
              -48.428944,
              -6.171238
            ],
            [
              -48.425038,
              -6.156671
            ],
            [
              -48.414052,
              -6.14422
            ],
            [
              -48.32433,
              -6.120457
            ],
            [
              -48.284291,
              -6.09767
            ],
            [
              -48.284332,
              -6.054864
            ],
            [
              -48.301869,
              -6.036472
            ],
            [
              -48.319692,
              -6.031589
            ],
            [
              -48.333404,
              -6.023614
            ],
            [
              -48.338979,
              -5.996515
            ],
            [
              -48.333567,
              -5.976251
            ],
            [
              -48.320058,
              -5.96323
            ],
            [
              -48.302317,
              -5.95558
            ],
            [
              -48.241567,
              -5.945001
            ],
            [
              -48.227976,
              -5.934991
            ],
            [
              -48.22289,
              -5.914402
            ],
            [
              -48.231923,
              -5.891941
            ],
            [
              -48.275543,
              -5.848972
            ],
            [
              -48.291127,
              -5.828302
            ],
            [
              -48.296946,
              -5.807061
            ],
            [
              -48.297353,
              -5.749526
            ],
            [
              -48.288686,
              -5.727227
            ],
            [
              -48.268666,
              -5.718927
            ],
            [
              -48.229726,
              -5.718438
            ],
            [
              -48.202789,
              -5.711847
            ],
            [
              -48.186431,
              -5.701104
            ],
            [
              -48.157379,
              -5.667901
            ],
            [
              -48.142568,
              -5.646173
            ],
            [
              -48.141225,
              -5.62713
            ],
            [
              -48.148793,
              -5.610284
            ],
            [
              -48.160837,
              -5.595636
            ],
            [
              -48.185374,
              -5.576674
            ],
            [
              -48.196889,
              -5.565281
            ],
            [
              -48.201772,
              -5.551202
            ],
            [
              -48.20934,
              -5.538588
            ],
            [
              -48.227773,
              -5.535333
            ],
            [
              -48.250478,
              -5.535821
            ],
            [
              -48.27066,
              -5.534112
            ],
            [
              -48.297353,
              -5.517104
            ],
            [
              -48.319407,
              -5.488295
            ],
            [
              -48.366811,
              -5.402765
            ],
            [
              -48.377024,
              -5.393569
            ],
            [
              -48.397328,
              -5.390151
            ],
            [
              -48.530181,
              -5.402765
            ],
            [
              -48.555776,
              -5.412937
            ],
            [
              -48.572499,
              -5.408624
            ],
            [
              -48.588938,
              -5.401056
            ],
            [
              -48.634348,
              -5.389093
            ],
            [
              -48.687082,
              -5.357924
            ],
            [
              -48.723134,
              -5.355401
            ],
            [
              -48.746816,
              -5.353204
            ],
            [
              -48.790598,
              -5.338393
            ],
            [
              -48.815297,
              -5.334893
            ],
            [
              -48.83967,
              -5.333998
            ],
            [
              -48.860911,
              -5.330906
            ],
            [
              -48.880849,
              -5.324721
            ],
            [
              -48.901316,
              -5.314955
            ],
            [
              -48.929189,
              -5.307061
            ],
            [
              -48.937245,
              -5.302911
            ]
          ]
        ]
      }
    },
    {
      "type": "Feature",
      "properties": {
        "dissolve": "10River",
        "scalerank": 1.0,
        "featurecla": "River",
        "name": "Ucayali",
        "name_alt": null,
        "rivernum": 10,
        "note": null,
        "min_zoom": 2.0,
        "name_en": "Ucayali",
        "min_label": 3.0
      },
      "bbox": [
        -75.311594,
        -15.336358,
        -71.441762,
        -4.444838
      ],
      "geometry": {
        "type": "MultiLineString",
        "coordinates": [
          [
            [
              -71.668772,
              -15.336358
            ],
            [
              -71.658315,
              -15.315606
            ],
            [
              -71.647369,
              -15.260756
            ],
            [
              -71.637766,
              -15.237319
            ],
            [
              -71.645863,
              -15.221205
            ],
            [
              -71.652659,
              -15.199151
            ],
            [
              -71.653798,
              -15.17726
            ],
            [
              -71.645172,
              -15.162286
            ],
            [
              -71.634877,
              -15.159845
            ],
            [
              -71.624989,
              -15.162774
            ],
            [
              -71.616567,
              -15.167332
            ],
            [
              -71.610422,
              -15.169773
            ],
            [
              -71.602447,
              -15.170099
            ],
            [
              -71.59911,
              -15.169773
            ],
            [
              -71.586822,
              -15.159194
            ],
            [
              -71.585805,
              -15.141615
            ],
            [
              -71.603668,
              -15.119317
            ],
            [
              -71.637766,
              -15.08644
            ],
            [
              -71.640492,
              -15.065769
            ],
            [
              -71.627431,
              -14.983412
            ],
            [
              -71.618357,
              -14.962742
            ],
            [
              -71.605458,
              -14.944757
            ],
            [
              -71.554433,
              -14.893487
            ],
            [
              -71.53189,
              -14.880304
            ],
            [
              -71.518625,
              -14.861993
            ],
            [
              -71.507802,
              -14.839532
            ],
            [
              -71.501129,
              -14.819675
            ],
            [
              -71.5006,
              -14.812921
            ],
            [
              -71.50178,
              -14.799005
            ],
            [
              -71.501129,
              -14.792332
            ],
            [
              -71.498443,
              -14.786147
            ],
            [
              -71.490468,
              -14.777195
            ],
            [
              -71.487538,
              -14.771905
            ],
            [
              -71.473866,
              -14.726495
            ],
            [
              -71.471262,
              -14.706557
            ],
            [
              -71.472971,
              -14.699233
            ],
            [
              -71.481313,
              -14.688653
            ],
            [
              -71.463531,
              -14.684747
            ],
            [
              -71.448354,
              -14.67433
            ],
            [
              -71.441762,
              -14.660089
            ],
            [
              -71.449696,
              -14.64422
            ],
            [
              -71.45995,
              -14.629246
            ],
            [
              -71.464752,
              -14.61004
            ],
            [
              -71.46703,
              -14.473565
            ],
            [
              -71.469797,
              -14.451674
            ],
            [
              -71.494293,
              -14.394464
            ],
            [
              -71.49885,
              -14.373956
            ],
            [
              -71.501129,
              -14.312188
            ],
            [
              -71.504262,
              -14.292413
            ],
            [
              -71.544586,
              -14.200209
            ],
            [
              -71.56371,
              -14.178888
            ],
            [
              -71.592356,
              -14.165948
            ],
            [
              -71.667958,
              -14.146661
            ],
            [
              -71.692006,
              -14.13421
            ],
            [
              -71.707834,
              -14.113946
            ],
            [
              -71.718861,
              -14.060561
            ],
            [
              -71.742787,
              -14.008477
            ],
            [
              -71.748199,
              -13.986993
            ],
            [
              -71.753489,
              -13.97381
            ],
            [
              -71.776479,
              -13.952
            ],
            [
              -71.781728,
              -13.938897
            ],
            [
              -71.786204,
              -13.922865
            ],
            [
              -71.796498,
              -13.909519
            ],
            [
              -71.808176,
              -13.897882
            ],
            [
              -71.816518,
              -13.887384
            ],
            [
              -71.821034,
              -13.873956
            ],
            [
              -71.822743,
              -13.859389
            ],
            [
              -71.822662,
              -13.829034
            ],
            [
              -71.829823,
              -13.817885
            ],
            [
              -71.845693,
              -13.818536
            ],
            [
              -71.862172,
              -13.825046
            ],
            [
              -71.871083,
              -13.832045
            ],
            [
              -71.887807,
              -13.828546
            ],
            [
              -71.956776,
              -13.832045
            ],
            [
              -71.978627,
              -13.826104
            ],
            [
              -71.986562,
              -13.8117
            ],
            [
              -71.990712,
              -13.793796
            ],
            [
              -72.001454,
              -13.77752
            ],
            [
              -72.067128,
              -13.761407
            ],
            [
              -72.080312,
              -13.760756
            ],
            [
              -72.097117,
              -13.77101
            ],
            [
              -72.120229,
              -13.778334
            ],
            [
              -72.165273,
              -13.784356
            ],
            [
              -72.219228,
              -13.736993
            ],
            [
              -72.228017,
              -13.726576
            ],
            [
              -72.235463,
              -13.724542
            ],
            [
              -72.266713,
              -13.701349
            ],
            [
              -72.272084,
              -13.695489
            ],
            [
              -72.322255,
              -13.699395
            ],
            [
              -72.337229,
              -13.695489
            ],
            [
              -72.3756,
              -13.674737
            ],
            [
              -72.394032,
              -13.661065
            ],
            [
              -72.405507,
              -13.6478
            ],
            [
              -72.398061,
              -13.640313
            ],
            [
              -72.418365,
              -13.610528
            ],
            [
              -72.430328,
              -13.597833
            ],
            [
              -72.443715,
              -13.592625
            ],
            [
              -72.48469,
              -13.592625
            ],
            [
              -72.497874,
              -13.590834
            ],
            [
              -72.504791,
              -13.586847
            ],
            [
              -72.509389,
              -13.582045
            ],
            [
              -72.51537,
              -13.578302
            ],
            [
              -72.553578,
              -13.56756
            ],
            [
              -72.594553,
              -13.565281
            ],
            [
              -72.605092,
              -13.561944
            ],
            [
              -72.613189,
              -13.547377
            ],
            [
              -72.621205,
              -13.544122
            ],
            [
              -72.632883,
              -13.541843
            ],
            [
              -72.705393,
              -13.502374
            ],
            [
              -72.771596,
              -13.45086
            ],
            [
              -72.803415,
              -13.43491
            ],
            [
              -72.841054,
              -13.42962
            ],
            [
              -72.882192,
              -13.428643
            ],
            [
              -72.887156,
              -13.425226
            ],
            [
              -72.89269,
              -13.416925
            ],
            [
              -72.897125,
              -13.406671
            ],
            [
              -72.898997,
              -13.397638
            ],
            [
              -72.904408,
              -13.394871
            ],
            [
              -72.930653,
              -13.394057
            ],
            [
              -72.964101,
              -13.3978
            ],
            [
              -72.978627,
              -13.403985
            ],
            [
              -73.008372,
              -13.426121
            ],
            [
              -73.011301,
              -13.427586
            ],
            [
              -73.015614,
              -13.428643
            ],
            [
              -73.021718,
              -13.428237
            ],
            [
              -73.032094,
              -13.422784
            ],
            [
              -73.036204,
              -13.421808
            ],
            [
              -73.049387,
              -13.424981
            ],
            [
              -73.056752,
              -13.428643
            ],
            [
              -73.07372,
              -13.445733
            ],
            [
              -73.096669,
              -13.458185
            ],
            [
              -73.114369,
              -13.450698
            ],
            [
              -73.130523,
              -13.436456
            ],
            [
              -73.149078,
              -13.428643
            ],
            [
              -73.155507,
              -13.431573
            ],
            [
              -73.162587,
              -13.437188
            ],
            [
              -73.16983,
              -13.441095
            ],
            [
              -73.176747,
              -13.438653
            ],
            [
              -73.185536,
              -13.43255
            ],
            [
              -73.221099,
              -13.421808
            ],
            [
              -73.228179,
              -13.411472
            ],
            [
              -73.255238,
              -13.38714
            ],
            [
              -73.303049,
              -13.357924
            ],
            [
              -73.310496,
              -13.349542
            ],
            [
              -73.314768,
              -13.33644
            ],
            [
              -73.333567,
              -13.316827
            ],
            [
              -73.359242,
              -13.2728
            ],
            [
              -73.410715,
              -13.209487
            ],
            [
              -73.439809,
              -13.184991
            ],
            [
              -73.471262,
              -13.174819
            ],
            [
              -73.477284,
              -13.168878
            ],
            [
              -73.498525,
              -13.13006
            ],
            [
              -73.512603,
              -13.118504
            ],
            [
              -73.546864,
              -13.099461
            ],
            [
              -73.56371,
              -13.092218
            ],
            [
              -73.56371,
              -13.085463
            ],
            [
              -73.549469,
              -13.063816
            ],
            [
              -73.569325,
              -12.985772
            ],
            [
              -73.559967,
              -12.968764
            ],
            [
              -73.555531,
              -12.965671
            ],
            [
              -73.557851,
              -12.958836
            ],
            [
              -73.564809,
              -12.952
            ],
            [
              -73.57429,
              -12.948907
            ],
            [
              -73.582509,
              -12.944838
            ],
            [
              -73.587026,
              -12.935235
            ],
            [
              -73.60143,
              -12.883722
            ],
            [
              -73.608306,
              -12.866876
            ],
            [
              -73.615224,
              -12.859552
            ],
            [
              -73.620717,
              -12.852065
            ],
            [
              -73.630849,
              -12.815606
            ],
            [
              -73.633941,
              -12.779229
            ],
            [
              -73.637929,
              -12.766453
            ],
            [
              -73.653147,
              -12.743504
            ],
            [
              -73.660146,
              -12.726007
            ],
            [
              -73.668568,
              -12.691583
            ],
            [
              -73.676991,
              -12.677911
            ],
            [
              -73.725657,
              -12.628757
            ],
            [
              -73.741851,
              -12.619317
            ],
            [
              -73.743276,
              -12.624851
            ],
            [
              -73.746897,
              -12.634291
            ],
            [
              -73.748118,
              -12.639825
            ],
            [
              -73.762685,
              -12.628269
            ],
            [
              -73.816965,
              -12.557794
            ],
            [
              -73.82429,
              -12.529962
            ],
            [
              -73.83019,
              -12.515558
            ],
            [
              -73.841176,
              -12.509454
            ],
            [
              -73.858551,
              -12.504571
            ],
            [
              -73.862701,
              -12.492852
            ],
            [
              -73.8579,
              -12.465346
            ],
            [
              -73.858957,
              -12.447931
            ],
            [
              -73.862416,
              -12.440444
            ],
            [
              -73.869049,
              -12.434421
            ],
            [
              -73.879709,
              -12.42075
            ],
            [
              -73.884429,
              -12.408217
            ],
            [
              -73.889475,
              -12.381524
            ],
            [
              -73.896108,
              -12.369806
            ],
            [
              -73.934275,
              -12.324151
            ],
            [
              -73.961578,
              -12.277276
            ],
            [
              -73.963531,
              -12.241143
            ],
            [
              -73.977691,
              -12.204441
            ],
            [
              -74.026845,
              -12.113214
            ],
            [
              -74.033437,
              -12.105971
            ],
            [
              -74.043528,
              -12.098565
            ],
            [
              -74.05484,
              -12.095066
            ],
            [
              -74.065907,
              -12.094171
            ],
            [
              -74.07433,
              -12.089695
            ],
            [
              -74.079701,
              -12.065851
            ],
            [
              -74.088694,
              -12.056166
            ],
            [
              -74.090688,
              -12.047296
            ],
            [
              -74.089182,
              -12.037937
            ],
            [
              -74.077626,
              -12.002374
            ],
            [
              -74.067291,
              -11.98325
            ],
            [
              -74.036366,
              -11.93963
            ],
            [
              -74.023793,
              -11.911554
            ],
            [
              -74.009145,
              -11.903985
            ],
            [
              -73.97525,
              -11.893731
            ],
            [
              -73.970123,
              -11.890558
            ],
            [
              -73.963531,
              -11.885105
            ],
            [
              -73.957672,
              -11.878595
            ],
            [
              -73.954742,
              -11.872573
            ],
            [
              -73.955719,
              -11.860528
            ],
            [
              -73.960317,
              -11.853204
            ],
            [
              -73.965403,
              -11.848077
            ],
            [
              -73.970041,
              -11.837823
            ],
            [
              -73.981191,
              -11.821954
            ],
            [
              -73.985748,
              -11.818699
            ],
            [
              -73.989369,
              -11.812921
            ],
            [
              -74.029368,
              -11.707045
            ],
            [
              -74.058095,
              -11.669122
            ],
            [
              -74.062815,
              -11.648614
            ],
            [
              -74.063873,
              -11.627862
            ],
            [
              -74.071441,
              -11.604994
            ],
            [
              -74.085846,
              -11.595066
            ],
            [
              -74.106516,
              -11.5888
            ],
            [
              -74.124867,
              -11.578058
            ],
            [
              -74.132883,
              -11.553888
            ],
            [
              -74.12678,
              -11.489435
            ],
            [
              -74.132883,
              -11.468601
            ],
            [
              -74.141428,
              -11.457045
            ],
            [
              -74.173899,
              -11.426935
            ],
            [
              -74.194569,
              -11.393487
            ],
            [
              -74.219309,
              -11.365574
            ],
            [
              -74.258616,
              -11.290541
            ],
            [
              -74.265126,
              -11.273289
            ],
            [
              -74.26887,
              -11.25506
            ],
            [
              -74.27009,
              -11.232354
            ],
            [
              -74.267934,
              -11.221612
            ],
            [
              -74.258534,
              -11.206964
            ],
            [
              -74.256418,
              -11.198175
            ],
            [
              -74.254954,
              -11.158054
            ],
            [
              -74.256418,
              -11.153253
            ],
            [
              -74.240631,
              -11.143487
            ],
            [
              -74.215321,
              -11.140069
            ],
            [
              -74.191721,
              -11.143976
            ],
            [
              -74.181304,
              -11.156671
            ],
            [
              -74.171946,
              -11.163751
            ],
            [
              -74.10497,
              -11.181166
            ],
            [
              -74.09024,
              -11.186944
            ],
            [
              -74.085764,
              -11.189793
            ],
            [
              -74.082428,
              -11.188165
            ],
            [
              -74.071441,
              -11.181166
            ],
            [
              -74.069081,
              -11.176121
            ],
            [
              -74.059275,
              -11.163995
            ],
            [
              -74.048573,
              -11.156183
            ],
            [
              -74.043528,
              -11.163751
            ],
            [
              -74.032338,
              -11.171726
            ],
            [
              -73.785715,
              -11.284601
            ],
            [
              -73.769399,
              -11.288914
            ],
            [
              -73.744985,
              -11.29046
            ],
            [
              -73.739166,
              -11.287123
            ],
            [
              -73.720367,
              -11.273126
            ],
            [
              -73.711171,
              -11.269952
            ],
            [
              -73.696523,
              -11.267999
            ],
            [
              -73.692698,
              -11.262628
            ],
            [
              -73.695627,
              -11.25392
            ],
            [
              -73.701527,
              -11.242608
            ],
            [
              -73.705637,
              -11.237644
            ],
            [
              -73.71703,
              -11.228692
            ],
            [
              -73.721344,
              -11.222101
            ],
            [
              -73.722727,
              -11.215753
            ],
            [
              -73.721344,
              -11.184259
            ],
            [
              -73.725535,
              -11.171238
            ],
            [
              -73.743886,
              -11.13836
            ],
            [
              -73.748118,
              -11.119073
            ],
            [
              -73.746897,
              -11.108331
            ],
            [
              -73.742136,
              -11.094089
            ],
            [
              -73.741851,
              -11.084893
            ],
            [
              -73.744618,
              -11.077
            ],
            [
              -73.75357,
              -11.062839
            ],
            [
              -73.759348,
              -11.041925
            ],
            [
              -73.77717,
              -11.010431
            ],
            [
              -73.782826,
              -10.995538
            ],
            [
              -73.784983,
              -10.974949
            ],
            [
              -73.784413,
              -10.950128
            ],
            [
              -73.780629,
              -10.926772
            ],
            [
              -73.772939,
              -10.910007
            ],
            [
              -73.757436,
              -10.888523
            ],
            [
              -73.749338,
              -10.869155
            ],
            [
              -73.748687,
              -10.850518
            ],
            [
              -73.755523,
              -10.831069
            ],
            [
              -73.76301,
              -10.819838
            ],
            [
              -73.769846,
              -10.812351
            ],
            [
              -73.774566,
              -10.803562
            ],
            [
              -73.77599,
              -10.789483
            ],
            [
              -73.772572,
              -10.778823
            ],
            [
              -73.758656,
              -10.762384
            ],
            [
              -73.753407,
              -10.747003
            ],
            [
              -73.744008,
              -10.733087
            ],
            [
              -73.741851,
              -10.72503
            ],
            [
              -73.74649,
              -10.714695
            ],
            [
              -73.757069,
              -10.70558
            ],
            [
              -73.82608,
              -10.66489
            ],
            [
              -73.86384,
              -10.65252
            ],
            [
              -73.87914,
              -10.634454
            ],
            [
              -73.891835,
              -10.613702
            ],
            [
              -73.906361,
              -10.598321
            ],
            [
              -73.916371,
              -10.594659
            ],
            [
              -73.936879,
              -10.593601
            ],
            [
              -73.947336,
              -10.591485
            ],
            [
              -73.972524,
              -10.573907
            ],
            [
              -73.978627,
              -10.570977
            ],
            [
              -73.988881,
              -10.562677
            ],
            [
              -74.008778,
              -10.50213
            ],
            [
              -74.019276,
              -10.480808
            ],
            [
              -74.025706,
              -10.462335
            ],
            [
              -74.032704,
              -10.394871
            ],
            [
              -74.043568,
              -10.349298
            ],
            [
              -74.043528,
              -10.330906
            ],
            [
              -74.03067,
              -10.313816
            ],
            [
              -74.012563,
              -10.301121
            ],
            [
              -74.004018,
              -10.287123
            ],
            [
              -74.019643,
              -10.265964
            ],
            [
              -74.026194,
              -10.247573
            ],
            [
              -74.000152,
              -10.210789
            ],
            [
              -74.002553,
              -10.193699
            ],
            [
              -74.012034,
              -10.190851
            ],
            [
              -74.023915,
              -10.194268
            ],
            [
              -74.035308,
              -10.198907
            ],
            [
              -74.043528,
              -10.200535
            ],
            [
              -74.055735,
              -10.195733
            ],
            [
              -74.054351,
              -10.191827
            ],
            [
              -74.047597,
              -10.186375
            ],
            [
              -74.043528,
              -10.176609
            ],
            [
              -74.041371,
              -10.172865
            ],
            [
              -74.036692,
              -10.171319
            ],
            [
              -74.032053,
              -10.168878
            ],
            [
              -74.029897,
              -10.162937
            ],
            [
              -74.030832,
              -10.157159
            ],
            [
              -74.035146,
              -10.1478
            ],
            [
              -74.038197,
              -10.13185
            ],
            [
              -74.041819,
              -10.12241
            ],
            [
              -74.04247,
              -10.113621
            ],
            [
              -74.036041,
              -10.104913
            ],
            [
              -74.025461,
              -10.099949
            ],
            [
              -74.016347,
              -10.101251
            ],
            [
              -74.006988,
              -10.104343
            ],
            [
              -73.995717,
              -10.104913
            ],
            [
              -73.985585,
              -10.101739
            ],
            [
              -73.969146,
              -10.093113
            ],
            [
              -73.964711,
              -10.091241
            ],
            [
              -73.961781,
              -10.086847
            ],
            [
              -73.960561,
              -10.077325
            ],
            [
              -73.963124,
              -10.067722
            ],
            [
              -73.971547,
              -10.063328
            ],
            [
              -74.008616,
              -10.070245
            ],
            [
              -74.016225,
              -10.070733
            ],
            [
              -74.034047,
              -10.059991
            ],
            [
              -74.052113,
              -10.041925
            ],
            [
              -74.065907,
              -10.022149
            ],
            [
              -74.071441,
              -10.005548
            ],
            [
              -74.070302,
              -9.99448
            ],
            [
              -74.065175,
              -9.975518
            ],
            [
              -74.064036,
              -9.964288
            ],
            [
              -74.066274,
              -9.955906
            ],
            [
              -74.075917,
              -9.94142
            ],
            [
              -74.077626,
              -9.933526
            ],
            [
              -74.067047,
              -9.90252
            ],
            [
              -74.049062,
              -9.90838
            ],
            [
              -74.029124,
              -9.928643
            ],
            [
              -74.012522,
              -9.940362
            ],
            [
              -73.993642,
              -9.932143
            ],
            [
              -73.975901,
              -9.913425
            ],
            [
              -73.954742,
              -9.87892
            ],
            [
              -73.953318,
              -9.834324
            ],
            [
              -73.986887,
              -9.819675
            ],
            [
              -74.035146,
              -9.822605
            ],
            [
              -74.114166,
              -9.837823
            ],
            [
              -74.136138,
              -9.837416
            ],
            [
              -74.145904,
              -9.827162
            ],
            [
              -74.147084,
              -9.817234
            ],
            [
              -74.152211,
              -9.796726
            ],
            [
              -74.153391,
              -9.786147
            ],
            [
              -74.151926,
              -9.774347
            ],
            [
              -74.146108,
              -9.757745
            ],
            [
              -74.145904,
              -9.748549
            ],
            [
              -74.153757,
              -9.729506
            ],
            [
              -74.176584,
              -9.705011
            ],
            [
              -74.181304,
              -9.683119
            ],
            [
              -74.178456,
              -9.672865
            ],
            [
              -74.171702,
              -9.666355
            ],
            [
              -74.156484,
              -9.655776
            ],
            [
              -74.152577,
              -9.645929
            ],
            [
              -74.153635,
              -9.633722
            ],
            [
              -74.16454,
              -9.587905
            ],
            [
              -74.172434,
              -9.570977
            ],
            [
              -74.186879,
              -9.560479
            ],
            [
              -74.211415,
              -9.556817
            ],
            [
              -74.22643,
              -9.546889
            ],
            [
              -74.225575,
              -9.524591
            ],
            [
              -74.214833,
              -9.48797
            ],
            [
              -74.227447,
              -9.472182
            ],
            [
              -74.245025,
              -9.477472
            ],
            [
              -74.283762,
              -9.509129
            ],
            [
              -74.286773,
              -9.500828
            ],
            [
              -74.288726,
              -9.492527
            ],
            [
              -74.289906,
              -9.474298
            ],
            [
              -74.287343,
              -9.468276
            ],
            [
              -74.282094,
              -9.462416
            ],
            [
              -74.277455,
              -9.455743
            ],
            [
              -74.276926,
              -9.447605
            ],
            [
              -74.28246,
              -9.439304
            ],
            [
              -74.310414,
              -9.41961
            ],
            [
              -74.316029,
              -9.411147
            ],
            [
              -74.324696,
              -9.393243
            ],
            [
              -74.330922,
              -9.385593
            ],
            [
              -74.359609,
              -9.369317
            ],
            [
              -74.388743,
              -9.359714
            ],
            [
              -74.411244,
              -9.343194
            ],
            [
              -74.420277,
              -9.306329
            ],
            [
              -74.420277,
              -9.279148
            ],
            [
              -74.418202,
              -9.271173
            ],
            [
              -74.413726,
              -9.266615
            ],
            [
              -74.409291,
              -9.263198
            ],
            [
              -74.402821,
              -9.249851
            ],
            [
              -74.383738,
              -9.221124
            ],
            [
              -74.379303,
              -9.203627
            ],
            [
              -74.379872,
              -9.169448
            ],
            [
              -74.385569,
              -9.141534
            ],
            [
              -74.401845,
              -9.118178
            ],
            [
              -74.43456,
              -9.097589
            ],
            [
              -74.441029,
              -9.115737
            ],
            [
              -74.453969,
              -9.116876
            ],
            [
              -74.467519,
              -9.106378
            ],
            [
              -74.475535,
              -9.09002
            ],
            [
              -74.475697,
              -9.066257
            ],
            [
              -74.466298,
              -9.05462
            ],
            [
              -74.451283,
              -9.047296
            ],
            [
              -74.43456,
              -9.036065
            ],
            [
              -74.444814,
              -9.031915
            ],
            [
              -74.465403,
              -9.031915
            ],
            [
              -74.475535,
              -9.029229
            ],
            [
              -74.482777,
              -9.022638
            ],
            [
              -74.492502,
              -9.010919
            ],
            [
              -74.497914,
              -8.999444
            ],
            [
              -74.492299,
              -8.99448
            ],
            [
              -74.48644,
              -8.983331
            ],
            [
              -74.493276,
              -8.958347
            ],
            [
              -74.509633,
              -8.919936
            ],
            [
              -74.509104,
              -8.875339
            ],
            [
              -74.514516,
              -8.857599
            ],
            [
              -74.557973,
              -8.84002
            ],
            [
              -74.565541,
              -8.816095
            ],
            [
              -74.55956,
              -8.788751
            ],
            [
              -74.543813,
              -8.768569
            ],
            [
              -74.43814,
              -8.689467
            ],
            [
              -74.43456,
              -8.68255
            ],
            [
              -74.433827,
              -8.669448
            ],
            [
              -74.431508,
              -8.662449
            ],
            [
              -74.420277,
              -8.651869
            ],
            [
              -74.413971,
              -8.647963
            ],
            [
              -74.399037,
              -8.642429
            ],
            [
              -74.393015,
              -8.638116
            ],
            [
              -74.388783,
              -8.630548
            ],
            [
              -74.381174,
              -8.609063
            ],
            [
              -74.352854,
              -8.563653
            ],
            [
              -74.339508,
              -8.556085
            ],
            [
              -74.31786,
              -8.569268
            ],
            [
              -74.305531,
              -8.597345
            ],
            [
              -74.295318,
              -8.607843
            ],
            [
              -74.276926,
              -8.604018
            ],
            [
              -74.263824,
              -8.589695
            ],
            [
              -74.26358,
              -8.572768
            ],
            [
              -74.283681,
              -8.522393
            ],
            [
              -74.285064,
              -8.507745
            ],
            [
              -74.271555,
              -8.454522
            ],
            [
              -74.270985,
              -8.442804
            ],
            [
              -74.278432,
              -8.436212
            ],
            [
              -74.297353,
              -8.432794
            ],
            [
              -74.329701,
              -8.437839
            ],
            [
              -74.346059,
              -8.456882
            ],
            [
              -74.358632,
              -8.48089
            ],
            [
              -74.379303,
              -8.50099
            ],
            [
              -74.398427,
              -8.498956
            ],
            [
              -74.439565,
              -8.456557
            ],
            [
              -74.461822,
              -8.43963
            ],
            [
              -74.494293,
              -8.468927
            ],
            [
              -74.505442,
              -8.468683
            ],
            [
              -74.512074,
              -8.420831
            ],
            [
              -74.522125,
              -8.388604
            ],
            [
              -74.523305,
              -8.37127
            ],
            [
              -74.520131,
              -8.359796
            ],
            [
              -74.507639,
              -8.340265
            ],
            [
              -74.502878,
              -8.329767
            ],
            [
              -74.500356,
              -8.317234
            ],
            [
              -74.502878,
              -8.285333
            ],
            [
              -74.507802,
              -8.271824
            ],
            [
              -74.520009,
              -8.261163
            ],
            [
              -74.535634,
              -8.253269
            ],
            [
              -74.550649,
              -8.247735
            ],
            [
              -74.594797,
              -8.237156
            ],
            [
              -74.606191,
              -8.225274
            ],
            [
              -74.595041,
              -8.203058
            ],
            [
              -74.578684,
              -8.184259
            ],
            [
              -74.57315,
              -8.174168
            ],
            [
              -74.571116,
              -8.162123
            ],
            [
              -74.576568,
              -8.151218
            ],
            [
              -74.589182,
              -8.153253
            ],
            [
              -74.61205,
              -8.165216
            ],
            [
              -74.645172,
              -8.15838
            ],
            [
              -74.640248,
              -8.1242
            ],
            [
              -74.622914,
              -8.08172
            ],
            [
              -74.618886,
              -8.049168
            ],
            [
              -74.634023,
              -8.037449
            ],
            [
              -74.654164,
              -8.033624
            ],
            [
              -74.67219,
              -8.027195
            ],
            [
              -74.680979,
              -8.007664
            ],
            [
              -74.676747,
              -7.997573
            ],
            [
              -74.669179,
              -7.98919
            ],
            [
              -74.667388,
              -7.981378
            ],
            [
              -74.680979,
              -7.973484
            ],
            [
              -74.695709,
              -7.972507
            ],
            [
              -74.707265,
              -7.978367
            ],
            [
              -74.7176,
              -7.98683
            ],
            [
              -74.728749,
              -7.993992
            ],
            [
              -74.754384,
              -8.000421
            ],
            [
              -74.773183,
              -7.997898
            ],
            [
              -74.780141,
              -7.986505
            ],
            [
              -74.770334,
              -7.966648
            ],
            [
              -74.751943,
              -7.952081
            ],
            [
              -74.733754,
              -7.950128
            ],
            [
              -74.713043,
              -7.953139
            ],
            [
              -74.687164,
              -7.952976
            ],
            [
              -74.697662,
              -7.933933
            ],
            [
              -74.711822,
              -7.920587
            ],
            [
              -74.746165,
              -7.894952
            ],
            [
              -74.759185,
              -7.878269
            ],
            [
              -74.76651,
              -7.872979
            ],
            [
              -74.780263,
              -7.871026
            ],
            [
              -74.787953,
              -7.875421
            ],
            [
              -74.791086,
              -7.885675
            ],
            [
              -74.79304,
              -7.897312
            ],
            [
              -74.797027,
              -7.905776
            ],
            [
              -74.815826,
              -7.914727
            ],
            [
              -74.827219,
              -7.904636
            ],
            [
              -74.836374,
              -7.885675
            ],
            [
              -74.848541,
              -7.867608
            ],
            [
              -74.855458,
              -7.865574
            ],
            [
              -74.863393,
              -7.868178
            ],
            [
              -74.869985,
              -7.873956
            ],
            [
              -74.872792,
              -7.88128
            ],
            [
              -74.870676,
              -7.889174
            ],
            [
              -74.861399,
              -7.906101
            ],
            [
              -74.85912,
              -7.911961
            ],
            [
              -74.862172,
              -7.938897
            ],
            [
              -74.873036,
              -7.942885
            ],
            [
              -74.88801,
              -7.932468
            ],
            [
              -74.903188,
              -7.915704
            ],
            [
              -74.93106,
              -7.874444
            ],
            [
              -74.942209,
              -7.867852
            ],
            [
              -74.966298,
              -7.863946
            ],
            [
              -74.975168,
              -7.857354
            ],
            [
              -74.978383,
              -7.836277
            ],
            [
              -74.967519,
              -7.81642
            ],
            [
              -74.95108,
              -7.80169
            ],
            [
              -74.937937,
              -7.795912
            ],
            [
              -74.936513,
              -7.788914
            ],
            [
              -74.996246,
              -7.747491
            ],
            [
              -75.037221,
              -7.675226
            ],
            [
              -75.038238,
              -7.638035
            ],
            [
              -75.028757,
              -7.628839
            ],
            [
              -75.003082,
              -7.630792
            ],
            [
              -74.974721,
              -7.652765
            ],
            [
              -74.960683,
              -7.655776
            ],
            [
              -74.954701,
              -7.63421
            ],
            [
              -74.960072,
              -7.62005
            ],
            [
              -75.023671,
              -7.548354
            ],
            [
              -75.032786,
              -7.525811
            ],
            [
              -75.026682,
              -7.504246
            ],
            [
              -75.012522,
              -7.476902
            ],
            [
              -75.0065,
              -7.473158
            ],
            [
              -74.998036,
              -7.470229
            ],
            [
              -74.988149,
              -7.463881
            ],
            [
              -74.979604,
              -7.45672
            ],
            [
              -74.975168,
              -7.452081
            ],
            [
              -74.966664,
              -7.408543
            ],
            [
              -74.992299,
              -7.380385
            ],
            [
              -75.071401,
              -7.343438
            ],
            [
              -75.082265,
              -7.331231
            ],
            [
              -75.102976,
              -7.296238
            ],
            [
              -75.109527,
              -7.288751
            ],
            [
              -75.111643,
              -7.287774
            ],
            [
              -75.139638,
              -7.282078
            ],
            [
              -75.148101,
              -7.273614
            ],
            [
              -75.154164,
              -7.257338
            ],
            [
              -75.160756,
              -7.247247
            ],
            [
              -75.174794,
              -7.235528
            ],
            [
              -75.188629,
              -7.231948
            ],
            [
              -75.225942,
              -7.233575
            ],
            [
              -75.236155,
              -7.239679
            ],
            [
              -75.247141,
              -7.250502
            ],
            [
              -75.258656,
              -7.254571
            ],
            [
              -75.270619,
              -7.240411
            ],
            [
              -75.242665,
              -7.185235
            ],
            [
              -75.259592,
              -7.181166
            ],
            [
              -75.28303,
              -7.180597
            ],
            [
              -75.303456,
              -7.177097
            ],
            [
              -75.311594,
              -7.164727
            ],
            [
              -75.307281,
              -7.154474
            ],
            [
              -75.297719,
              -7.14837
            ],
            [
              -75.285634,
              -7.145522
            ],
            [
              -75.273752,
              -7.144871
            ],
            [
              -75.263173,
              -7.141127
            ],
            [
              -75.25475,
              -7.132013
            ],
            [
              -75.23054,
              -7.087254
            ],
            [
              -75.21939,
              -7.072442
            ],
            [
              -75.202952,
              -7.06463
            ],
            [
              -75.153635,
              -7.061944
            ],
            [
              -75.139597,
              -7.058038
            ],
            [
              -75.130767,
              -7.045831
            ],
            [
              -75.126047,
              -7.020685
            ],
            [
              -75.117584,
              -6.997573
            ],
            [
              -75.131012,
              -6.984389
            ],
            [
              -75.150706,
              -6.976495
            ],
            [
              -75.160756,
              -6.969578
            ],
            [
              -75.175771,
              -6.949395
            ],
            [
              -75.179311,
              -6.940362
            ],
            [
              -75.147206,
              -6.855808
            ],
            [
              -75.136545,
              -6.839207
            ],
            [
              -75.120188,
              -6.830011
            ],
            [
              -75.077992,
              -6.819675
            ],
            [
              -75.064565,
              -6.809015
            ],
            [
              -75.061513,
              -6.788588
            ],
            [
              -75.078847,
              -6.723321
            ],
            [
              -75.080963,
              -6.699395
            ],
            [
              -75.087473,
              -6.684096
            ],
            [
              -75.098053,
              -6.674005
            ],
            [
              -75.112945,
              -6.664972
            ],
            [
              -75.142201,
              -6.639988
            ],
            [
              -75.152821,
              -6.624363
            ],
            [
              -75.143056,
              -6.617201
            ],
            [
              -75.124867,
              -6.615411
            ],
            [
              -75.102122,
              -6.610691
            ],
            [
              -75.081858,
              -6.604018
            ],
            [
              -75.071401,
              -6.596124
            ],
            [
              -75.070709,
              -6.576186
            ],
            [
              -75.081207,
              -6.55877
            ],
            [
              -75.098053,
              -6.546319
            ],
            [
              -75.116363,
              -6.541518
            ],
            [
              -75.171213,
              -6.541192
            ],
            [
              -75.177805,
              -6.539565
            ],
            [
              -75.187408,
              -6.527846
            ],
            [
              -75.207957,
              -6.479425
            ],
            [
              -75.208119,
              -6.468113
            ],
            [
              -75.201731,
              -6.441827
            ],
            [
              -75.19286,
              -6.435968
            ],
            [
              -75.151763,
              -6.424005
            ],
            [
              -75.139638,
              -6.417983
            ],
            [
              -75.133209,
              -6.398614
            ],
            [
              -75.136383,
              -6.379246
            ],
            [
              -75.142934,
              -6.359308
            ],
            [
              -75.146474,
              -6.3388
            ],
            [
              -75.146474,
              -6.297865
            ],
            [
              -75.149322,
              -6.290948
            ],
            [
              -75.16275,
              -6.276381
            ],
            [
              -75.166982,
              -6.267755
            ],
            [
              -75.166249,
              -6.248061
            ],
            [
              -75.16275,
              -6.227879
            ],
            [
              -75.163971,
              -6.212091
            ],
            [
              -75.177561,
              -6.205743
            ],
            [
              -75.188222,
              -6.203953
            ],
            [
              -75.199696,
              -6.198907
            ],
            [
              -75.206858,
              -6.19142
            ],
            [
              -75.204823,
              -6.182143
            ],
            [
              -75.197133,
              -6.174819
            ],
            [
              -75.1905,
              -6.171726
            ],
            [
              -75.183339,
              -6.169366
            ],
            [
              -75.174428,
              -6.164727
            ],
            [
              -75.162099,
              -6.156671
            ],
            [
              -75.158518,
              -6.152276
            ],
            [
              -75.15331,
              -6.14422
            ],
            [
              -75.14859,
              -6.132989
            ],
            [
              -75.142568,
              -6.109389
            ],
            [
              -75.136545,
              -6.099298
            ],
            [
              -75.129018,
              -6.09295
            ],
            [
              -75.116119,
              -6.084487
            ],
            [
              -75.104075,
              -6.080092
            ],
            [
              -75.098704,
              -6.08587
            ],
            [
              -75.098704,
              -6.123875
            ],
            [
              -75.086008,
              -6.140558
            ],
            [
              -75.070383,
              -6.141534
            ],
            [
              -75.057118,
              -6.129083
            ],
            [
              -75.051503,
              -6.106378
            ],
            [
              -75.055572,
              -6.088311
            ],
            [
              -75.062367,
              -6.072117
            ],
            [
              -75.06371,
              -6.056492
            ],
            [
              -75.051503,
              -6.040541
            ],
            [
              -75.039866,
              -6.037123
            ],
            [
              -75.022898,
              -6.037042
            ],
            [
              -75.006459,
              -6.038507
            ],
            [
              -74.996246,
              -6.040541
            ],
            [
              -74.988271,
              -6.045424
            ],
            [
              -74.96524,
              -6.07228
            ],
            [
              -74.947743,
              -6.085463
            ],
            [
              -74.93224,
              -6.086765
            ],
            [
              -74.915354,
              -6.078139
            ],
            [
              -74.878041,
              -6.051935
            ],
            [
              -74.870839,
              -6.044936
            ],
            [
              -74.865305,
              -6.034356
            ],
            [
              -74.864166,
              -6.0228
            ],
            [
              -74.866119,
              -5.998875
            ],
            [
              -74.862172,
              -5.989435
            ],
            [
              -74.842763,
              -5.975518
            ],
            [
              -74.832753,
              -5.983901
            ],
            [
              -74.821238,
              -5.997979
            ],
            [
              -74.797027,
              -6.000339
            ],
            [
              -74.787424,
              -5.990167
            ],
            [
              -74.781565,
              -5.972101
            ],
            [
              -74.773183,
              -5.954441
            ],
            [
              -74.756012,
              -5.945001
            ],
            [
              -74.738596,
              -5.951349
            ],
            [
              -74.725697,
              -5.969252
            ],
            [
              -74.717844,
              -5.991388
            ],
            [
              -74.715077,
              -6.010186
            ],
            [
              -74.709828,
              -6.025567
            ],
            [
              -74.697987,
              -6.024265
            ],
            [
              -74.686269,
              -6.010593
            ],
            [
              -74.680979,
              -5.989435
            ],
            [
              -74.695953,
              -5.941583
            ],
            [
              -74.701487,
              -5.931329
            ],
            [
              -74.692698,
              -5.914727
            ],
            [
              -74.683909,
              -5.90545
            ],
            [
              -74.660471,
              -5.890476
            ],
            [
              -74.64977,
              -5.879734
            ],
            [
              -74.615468,
              -5.832045
            ],
            [
              -74.606842,
              -5.827976
            ],
            [
              -74.586415,
              -5.827813
            ],
            [
              -74.577952,
              -5.822117
            ],
            [
              -74.575876,
              -5.813653
            ],
            [
              -74.577952,
              -5.780613
            ],
            [
              -74.572987,
              -5.768243
            ],
            [
              -74.56371,
              -5.754815
            ],
            [
              -74.552073,
              -5.743992
            ],
            [
              -74.54011,
              -5.739597
            ],
            [
              -74.535837,
              -5.732354
            ],
            [
              -74.522817,
              -5.717462
            ],
            [
              -74.509145,
              -5.706069
            ],
            [
              -74.502878,
              -5.708836
            ],
            [
              -74.501332,
              -5.715997
            ],
            [
              -74.493276,
              -5.739272
            ],
            [
              -74.489166,
              -5.746433
            ],
            [
              -74.478179,
              -5.754571
            ],
            [
              -74.469146,
              -5.756687
            ],
            [
              -74.459869,
              -5.757013
            ],
            [
              -74.448232,
              -5.760105
            ],
            [
              -74.433339,
              -5.769382
            ],
            [
              -74.40925,
              -5.790216
            ],
            [
              -74.396352,
              -5.794285
            ],
            [
              -74.38915,
              -5.784519
            ],
            [
              -74.371897,
              -5.726007
            ],
            [
              -74.360219,
              -5.737726
            ],
            [
              -74.342152,
              -5.773126
            ],
            [
              -74.334625,
              -5.780613
            ],
            [
              -74.318023,
              -5.773777
            ],
            [
              -74.30427,
              -5.757175
            ],
            [
              -74.274648,
              -5.695815
            ],
            [
              -74.275706,
              -5.681817
            ],
            [
              -74.28067,
              -5.66839
            ],
            [
              -74.283762,
              -5.647149
            ],
            [
              -74.274403,
              -5.634698
            ],
            [
              -74.253082,
              -5.632826
            ],
            [
              -74.214833,
              -5.63714
            ],
            [
              -74.153391,
              -5.606134
            ],
            [
              -74.151235,
              -5.601739
            ],
            [
              -74.147939,
              -5.59116
            ],
            [
              -74.148183,
              -5.580092
            ],
            [
              -74.156484,
              -5.575128
            ],
            [
              -74.167144,
              -5.573907
            ],
            [
              -74.191803,
              -5.56642
            ],
            [
              -74.200551,
              -5.561456
            ],
            [
              -74.204945,
              -5.557306
            ],
            [
              -74.210764,
              -5.550307
            ],
            [
              -74.215077,
              -5.542169
            ],
            [
              -74.214833,
              -5.534112
            ],
            [
              -74.205068,
              -5.523858
            ],
            [
              -74.193186,
              -5.521905
            ],
            [
              -74.18102,
              -5.521824
            ],
            [
              -74.170481,
              -5.517022
            ],
            [
              -74.161977,
              -5.51157
            ],
            [
              -74.154042,
              -5.508315
            ],
            [
              -74.148264,
              -5.502862
            ],
            [
              -74.145904,
              -5.489679
            ],
            [
              -74.151845,
              -5.478692
            ],
            [
              -74.164622,
              -5.475763
            ],
            [
              -74.176869,
              -5.476983
            ],
            [
              -74.181304,
              -5.478936
            ],
            [
              -74.194325,
              -5.472345
            ],
            [
              -74.199574,
              -5.467625
            ],
            [
              -74.197174,
              -5.461765
            ],
            [
              -74.187489,
              -5.451593
            ],
            [
              -74.152333,
              -5.432794
            ],
            [
              -74.145904,
              -5.424249
            ],
            [
              -74.150624,
              -5.414483
            ],
            [
              -74.178863,
              -5.404799
            ],
            [
              -74.187489,
              -5.396987
            ],
            [
              -74.186106,
              -5.379083
            ],
            [
              -74.17101,
              -5.379571
            ],
            [
              -74.15217,
              -5.388686
            ],
            [
              -74.139068,
              -5.396987
            ],
            [
              -74.126536,
              -5.378432
            ],
            [
              -74.11026,
              -5.367608
            ],
            [
              -74.094716,
              -5.359552
            ],
            [
              -74.083852,
              -5.349135
            ],
            [
              -74.079823,
              -5.338393
            ],
            [
              -74.082143,
              -5.333998
            ],
            [
              -74.087026,
              -5.330011
            ],
            [
              -74.090688,
              -5.321222
            ],
            [
              -74.092885,
              -5.26808
            ],
            [
              -74.102773,
              -5.228855
            ],
            [
              -74.10497,
              -5.208347
            ],
            [
              -74.104319,
              -5.171401
            ],
            [
              -74.100209,
              -5.159356
            ],
            [
              -74.07608,
              -5.124688
            ],
            [
              -74.071441,
              -5.115737
            ],
            [
              -74.069407,
              -5.106866
            ],
            [
              -74.066721,
              -5.083673
            ],
            [
              -74.064036,
              -5.075535
            ],
            [
              -74.028798,
              -5.045587
            ],
            [
              -74.017201,
              -5.026381
            ],
            [
              -74.026438,
              -5.002862
            ],
            [
              -74.030507,
              -4.985854
            ],
            [
              -74.011545,
              -4.981785
            ],
            [
              -73.987294,
              -4.98976
            ],
            [
              -73.97525,
              -5.009942
            ],
            [
              -73.972524,
              -5.029799
            ],
            [
              -73.965159,
              -5.054376
            ],
            [
              -73.954091,
              -5.076674
            ],
            [
              -73.9405,
              -5.089044
            ],
            [
              -73.906606,
              -5.055515
            ],
            [
              -73.888376,
              -5.045099
            ],
            [
              -73.861684,
              -5.041355
            ],
            [
              -73.843455,
              -5.032403
            ],
            [
              -73.789662,
              -4.971694
            ],
            [
              -73.781606,
              -4.965265
            ],
            [
              -73.776763,
              -4.962742
            ],
            [
              -73.773549,
              -4.95794
            ],
            [
              -73.769846,
              -4.945164
            ],
            [
              -73.768422,
              -4.934503
            ],
            [
              -73.76891,
              -4.875014
            ],
            [
              -73.765207,
              -4.862807
            ],
            [
              -73.756744,
              -4.863295
            ],
            [
              -73.708567,
              -4.903334
            ],
            [
              -73.689036,
              -4.907647
            ],
            [
              -73.680409,
              -4.886163
            ],
            [
              -73.689076,
              -4.862726
            ],
            [
              -73.726918,
              -4.823256
            ],
            [
              -73.735056,
              -4.80047
            ],
            [
              -73.727528,
              -4.790216
            ],
            [
              -73.709828,
              -4.781589
            ],
            [
              -73.688466,
              -4.775405
            ],
            [
              -73.65099,
              -4.770033
            ],
            [
              -73.637074,
              -4.76157
            ],
            [
              -73.62682,
              -4.748549
            ],
            [
              -73.618967,
              -4.732273
            ],
            [
              -73.610829,
              -4.691583
            ],
            [
              -73.601308,
              -4.681166
            ],
            [
              -73.561594,
              -4.707533
            ],
            [
              -73.55016,
              -4.701104
            ],
            [
              -73.547963,
              -4.683608
            ],
            [
              -73.556264,
              -4.663425
            ],
            [
              -73.561635,
              -4.659194
            ],
            [
              -73.569163,
              -4.655206
            ],
            [
              -73.575592,
              -4.650323
            ],
            [
              -73.577992,
              -4.643487
            ],
            [
              -73.575022,
              -4.632013
            ],
            [
              -73.568267,
              -4.623224
            ],
            [
              -73.558583,
              -4.617608
            ],
            [
              -73.546702,
              -4.615574
            ],
            [
              -73.53425,
              -4.605645
            ],
            [
              -73.481801,
              -4.540379
            ],
            [
              -73.468455,
              -4.532159
            ],
            [
              -73.462148,
              -4.526544
            ],
            [
              -73.460683,
              -4.519952
            ],
            [
              -73.467763,
              -4.507826
            ],
            [
              -73.476674,
              -4.506768
            ],
            [
              -73.487131,
              -4.510431
            ],
            [
              -73.498525,
              -4.513116
            ],
            [
              -73.520457,
              -4.50392
            ],
            [
              -73.518951,
              -4.483331
            ],
            [
              -73.504872,
              -4.460382
            ],
            [
              -73.488637,
              -4.444838
            ]
          ]
        ]
      }
    },
    {
      "type": "Feature",
      "properties": {
        "dissolve": "115Lake Centerline",
        "scalerank": 4.0,
        "featurecla": "Lake Centerline",
        "name": "Tocantins",
        "name_alt": null,
        "rivernum": 115,
        "note": null,
        "min_zoom": 4.0,
        "name_en": "Tocantins",
        "min_label": 5.0
      },
      "bbox": [
        -49.687245,
        -5.345636,
        -48.937245,
        -3.834812
      ],
      "geometry": {
        "type": "MultiLineString",
        "coordinates": [
          [
            [
              -49.687245,
              -3.834812
            ],
            [
              -49.67634,
              -3.854913
            ],
            [
              -49.651112,
              -3.956069
            ],
            [
              -49.643788,
              -4.007745
            ],
            [
              -49.644846,
              -4.040379
            ],
            [
              -49.652211,
              -4.104425
            ],
            [
              -49.654286,
              -4.171889
            ],
            [
              -49.643788,
              -4.251804
            ],
            [
              -49.62328,
              -4.33644
            ],
            [
              -49.562245,
              -4.435968
            ],
            [
              -49.534332,
              -4.517022
            ],
            [
              -49.51122,
              -4.593276
            ],
            [
              -49.488026,
              -4.660089
            ],
            [
              -49.474355,
              -4.737319
            ],
            [
              -49.46703,
              -4.798842
            ],
            [
              -49.461781,
              -4.866225
            ],
            [
              -49.437571,
              -4.921075
            ],
            [
              -49.406484,
              -4.956231
            ],
            [
              -49.372996,
              -5.05877
            ],
            [
              -49.352651,
              -5.094659
            ],
            [
              -49.315419,
              -5.175307
            ],
            [
              -49.29662,
              -5.200535
            ],
            [
              -49.276926,
              -5.231296
            ],
            [
              -49.261383,
              -5.261651
            ],
            [
              -49.238433,
              -5.295831
            ],
            [
              -49.214833,
              -5.318211
            ],
            [
              -49.195017,
              -5.333022
            ],
            [
              -49.174387,
              -5.345636
            ],
            [
              -49.137847,
              -5.344171
            ],
            [
              -49.083241,
              -5.328058
            ],
            [
              -49.031117,
              -5.324233
            ],
            [
              -49.017934,
              -5.322442
            ],
            [
              -49.000111,
              -5.313165
            ],
            [
              -48.975535,
              -5.302423
            ],
            [
              -48.937245,
              -5.302911
            ]
          ]
        ]
      }
    },
    {
      "type": "Feature",
      "properties": {
        "dissolve": "115River",
        "scalerank": 4.0,
        "featurecla": "River",
        "name": "Tocantins",
        "name_alt": null,
        "rivernum": 115,
        "note": null,
        "min_zoom": 4.0,
        "name_en": "Tocantins",
        "min_label": 5.0
      },
      "bbox": [
        -49.732289,
        -3.834812,
        -49.628407,
        -2.676446
      ],
      "geometry": {
        "type": "MultiLineString",
        "coordinates": [
          [
            [
              -49.6704,
              -2.676446
            ],
            [
              -49.677887,
              -2.683933
            ],
            [
              -49.683461,
              -2.691095
            ],
            [
              -49.715972,
              -2.718601
            ],
            [
              -49.72525,
              -2.730808
            ],
            [
              -49.73054,
              -2.74269
            ],
            [
              -49.732289,
              -2.755548
            ],
            [
              -49.728749,
              -2.835382
            ],
            [
              -49.723256,
              -2.851088
            ],
            [
              -49.704661,
              -2.879815
            ],
            [
              -49.696929,
              -2.895033
            ],
            [
              -49.694407,
              -2.91017
            ],
            [
              -49.698354,
              -2.93849
            ],
            [
              -49.697621,
              -2.953953
            ],
            [
              -49.688629,
              -2.980401
            ],
            [
              -49.68871,
              -3.00628
            ],
            [
              -49.68692,
              -3.014662
            ],
            [
              -49.680653,
              -3.0263
            ],
            [
              -49.66454,
              -3.048761
            ],
            [
              -49.659047,
              -3.061212
            ],
            [
              -49.657053,
              -3.076837
            ],
            [
              -49.657094,
              -3.108087
            ],
            [
              -49.640533,
              -3.164727
            ],
            [
              -49.63622,
              -3.203058
            ],
            [
              -49.63622,
              -3.209893
            ],
            [
              -49.637278,
              -3.21616
            ],
            [
              -49.643381,
              -3.232599
            ],
            [
              -49.645009,
              -3.249037
            ],
            [
              -49.642445,
              -3.264337
            ],
            [
              -49.633778,
              -3.294122
            ],
            [
              -49.63329,
              -3.309584
            ],
            [
              -49.641225,
              -3.336602
            ],
            [
              -49.643666,
              -3.351495
            ],
            [
              -49.643544,
              -3.36769
            ],
            [
              -49.642649,
              -3.375502
            ],
            [
              -49.640452,
              -3.383477
            ],
            [
              -49.629954,
              -3.4013
            ],
            [
              -49.628407,
              -3.40838
            ],
            [
              -49.630523,
              -3.421238
            ],
            [
              -49.641021,
              -3.445815
            ],
            [
              -49.643707,
              -3.459893
            ],
            [
              -49.641713,
              -3.524916
            ],
            [
              -49.644887,
              -3.55698
            ],
            [
              -49.671539,
              -3.611505
            ],
            [
              -49.703928,
              -3.768731
            ],
            [
              -49.703725,
              -3.797703
            ],
            [
              -49.687856,
              -3.825616
            ],
            [
              -49.687245,
              -3.834812
            ]
          ]
        ]
      }
    },
    {
      "type": "Feature",
      "properties": {
        "dissolve": "183River",
        "scalerank": 5.0,
        "featurecla": "River",
        "name": "Marañón",
        "name_alt": null,
        "rivernum": 183,
        "note": null,
        "min_zoom": 4.7,
        "name_en": "Marañón",
        "min_label": 5.7
      },
      "bbox": [
        -78.752838,
        -9.913425,
        -73.494944,
        -4.423842
      ],
      "geometry": {
        "type": "MultiLineString",
        "coordinates": [
          [
            [
              -76.616689,
              -9.913425
            ],
            [
              -76.619496,
              -9.89601
            ],
            [
              -76.620107,
              -9.860284
            ],
            [
              -76.624989,
              -9.841729
            ],
            [
              -76.640248,
              -9.811375
            ],
            [
              -76.645009,
              -9.79754
            ],
            [
              -76.650014,
              -9.744643
            ],
            [
              -76.65392,
              -9.728855
            ],
            [
              -76.661122,
              -9.713311
            ],
            [
              -76.70226,
              -9.659601
            ],
            [
              -76.711415,
              -9.6395
            ],
            [
              -76.71345,
              -9.630222
            ],
            [
              -76.718007,
              -9.559503
            ],
            [
              -76.726959,
              -9.531752
            ],
            [
              -76.766103,
              -9.482599
            ],
            [
              -76.779775,
              -9.45086
            ],
            [
              -76.78307,
              -9.417413
            ],
            [
              -76.773305,
              -9.386407
            ],
            [
              -76.731679,
              -9.334405
            ],
            [
              -76.72175,
              -9.313165
            ],
            [
              -76.710561,
              -9.260186
            ],
            [
              -76.710317,
              -9.232843
            ],
            [
              -76.716176,
              -9.207452
            ],
            [
              -76.732289,
              -9.178643
            ],
            [
              -76.754262,
              -9.154799
            ],
            [
              -76.780588,
              -9.135756
            ],
            [
              -76.809885,
              -9.121026
            ],
            [
              -76.860219,
              -9.104343
            ],
            [
              -76.883127,
              -9.09116
            ],
            [
              -76.895457,
              -9.070001
            ],
            [
              -76.904042,
              -9.066827
            ],
            [
              -76.907582,
              -9.061049
            ],
            [
              -76.909739,
              -9.054132
            ],
            [
              -76.913808,
              -9.047377
            ],
            [
              -76.919993,
              -9.043796
            ],
            [
              -76.973134,
              -9.028497
            ],
            [
              -76.986277,
              -9.022393
            ],
            [
              -76.997385,
              -9.013116
            ],
            [
              -77.029856,
              -8.966241
            ],
            [
              -77.067047,
              -8.934747
            ],
            [
              -77.074086,
              -8.920912
            ],
            [
              -77.122792,
              -8.906915
            ],
            [
              -77.13622,
              -8.899102
            ],
            [
              -77.19164,
              -8.846694
            ],
            [
              -77.208485,
              -8.824721
            ],
            [
              -77.214508,
              -8.809015
            ],
            [
              -77.211741,
              -8.797296
            ],
            [
              -77.207021,
              -8.785577
            ],
            [
              -77.20759,
              -8.770359
            ],
            [
              -77.213816,
              -8.757501
            ],
            [
              -77.243642,
              -8.717706
            ],
            [
              -77.25414,
              -8.707371
            ],
            [
              -77.279652,
              -8.693048
            ],
            [
              -77.290354,
              -8.684747
            ],
            [
              -77.296132,
              -8.672052
            ],
            [
              -77.297109,
              -8.623061
            ],
            [
              -77.298899,
              -8.614435
            ],
            [
              -77.30899,
              -8.589776
            ],
            [
              -77.31428,
              -8.556085
            ],
            [
              -77.317454,
              -8.545099
            ],
            [
              -77.322662,
              -8.534112
            ],
            [
              -77.329172,
              -8.524591
            ],
            [
              -77.337758,
              -8.516127
            ],
            [
              -77.349029,
              -8.508966
            ],
            [
              -77.360707,
              -8.504815
            ],
            [
              -77.396474,
              -8.499037
            ],
            [
              -77.407379,
              -8.493015
            ],
            [
              -77.414459,
              -8.483738
            ],
            [
              -77.440419,
              -8.424249
            ],
            [
              -77.442372,
              -8.41017
            ],
            [
              -77.440297,
              -8.375014
            ],
            [
              -77.443349,
              -8.366143
            ],
            [
              -77.452463,
              -8.359389
            ],
            [
              -77.475453,
              -8.353448
            ],
            [
              -77.485911,
              -8.34881
            ],
            [
              -77.494456,
              -8.34002
            ],
            [
              -77.498118,
              -8.329929
            ],
            [
              -77.498647,
              -8.305841
            ],
            [
              -77.495717,
              -8.273451
            ],
            [
              -77.497222,
              -8.258233
            ],
            [
              -77.50536,
              -8.244073
            ],
            [
              -77.605458,
              -8.152276
            ],
            [
              -77.620432,
              -8.129734
            ],
            [
              -77.625111,
              -8.118504
            ],
            [
              -77.628326,
              -8.105645
            ],
            [
              -77.627594,
              -8.093438
            ],
            [
              -77.620513,
              -8.083347
            ],
            [
              -77.63683,
              -8.065932
            ],
            [
              -77.648101,
              -8.048272
            ],
            [
              -77.652455,
              -8.029229
            ],
            [
              -77.647857,
              -8.007664
            ],
            [
              -77.640777,
              -7.988214
            ],
            [
              -77.636952,
              -7.970066
            ],
            [
              -77.633453,
              -7.91489
            ],
            [
              -77.621978,
              -7.870782
            ],
            [
              -77.620473,
              -7.854018
            ],
            [
              -77.623158,
              -7.837091
            ],
            [
              -77.629384,
              -7.820977
            ],
            [
              -77.638417,
              -7.806655
            ],
            [
              -77.652089,
              -7.79339
            ],
            [
              -77.657216,
              -7.787042
            ],
            [
              -77.661,
              -7.776869
            ],
            [
              -77.668324,
              -7.726414
            ],
            [
              -77.704457,
              -7.616062
            ],
            [
              -77.70934,
              -7.579278
            ],
            [
              -77.714467,
              -7.56878
            ],
            [
              -77.740631,
              -7.527765
            ],
            [
              -77.750803,
              -7.52101
            ],
            [
              -77.755849,
              -7.504815
            ],
            [
              -77.757721,
              -7.466323
            ],
            [
              -77.77066,
              -7.433119
            ],
            [
              -77.794342,
              -7.413507
            ],
            [
              -77.82018,
              -7.397963
            ],
            [
              -77.83967,
              -7.377618
            ],
            [
              -77.847076,
              -7.34002
            ],
            [
              -77.847076,
              -7.306004
            ],
            [
              -77.849355,
              -7.295587
            ],
            [
              -77.854807,
              -7.292983
            ],
            [
              -77.86148,
              -7.29282
            ],
            [
              -77.867584,
              -7.288751
            ],
            [
              -77.87267,
              -7.280287
            ],
            [
              -77.874135,
              -7.275323
            ],
            [
              -77.873647,
              -7.249037
            ],
            [
              -77.870758,
              -7.241225
            ],
            [
              -77.870595,
              -7.233819
            ],
            [
              -77.877512,
              -7.223321
            ],
            [
              -77.884633,
              -7.218276
            ],
            [
              -77.892812,
              -7.214776
            ],
            [
              -77.899526,
              -7.2103
            ],
            [
              -77.902333,
              -7.202813
            ],
            [
              -77.906484,
              -7.186944
            ],
            [
              -77.916249,
              -7.176609
            ],
            [
              -77.927398,
              -7.168308
            ],
            [
              -77.935862,
              -7.158543
            ],
            [
              -77.940785,
              -7.143894
            ],
            [
              -77.953603,
              -7.075128
            ],
            [
              -77.972157,
              -7.046889
            ],
            [
              -77.976877,
              -7.028171
            ],
            [
              -78.00475,
              -7.000828
            ],
            [
              -78.007314,
              -6.990248
            ],
            [
              -78.009836,
              -6.965183
            ],
            [
              -78.021392,
              -6.938165
            ],
            [
              -78.018422,
              -6.916518
            ],
            [
              -78.012441,
              -6.894952
            ],
            [
              -78.010976,
              -6.876642
            ],
            [
              -78.015207,
              -6.868341
            ],
            [
              -78.028635,
              -6.854506
            ],
            [
              -78.031484,
              -6.849461
            ],
            [
              -78.028228,
              -6.839044
            ],
            [
              -78.021148,
              -6.834812
            ],
            [
              -78.01415,
              -6.831964
            ],
            [
              -78.010976,
              -6.825698
            ],
            [
              -78.012196,
              -6.780613
            ],
            [
              -78.016184,
              -6.760431
            ],
            [
              -78.024566,
              -6.740167
            ],
            [
              -78.079457,
              -6.649591
            ],
            [
              -78.120229,
              -6.541518
            ],
            [
              -78.131418,
              -6.524428
            ],
            [
              -78.158681,
              -6.499933
            ],
            [
              -78.159535,
              -6.494317
            ],
            [
              -78.170155,
              -6.467706
            ],
            [
              -78.175404,
              -6.458998
            ],
            [
              -78.189849,
              -6.449558
            ],
            [
              -78.237457,
              -6.431655
            ],
            [
              -78.267445,
              -6.405613
            ],
            [
              -78.324574,
              -6.37713
            ],
            [
              -78.349355,
              -6.350518
            ],
            [
              -78.390126,
              -6.262546
            ],
            [
              -78.425771,
              -6.208022
            ],
            [
              -78.440297,
              -6.167657
            ],
            [
              -78.449778,
              -6.150405
            ],
            [
              -78.461497,
              -6.138604
            ],
            [
              -78.501943,
              -6.108575
            ],
            [
              -78.535797,
              -6.06642
            ],
            [
              -78.550404,
              -6.057794
            ],
            [
              -78.563873,
              -6.055515
            ],
            [
              -78.568715,
              -6.059096
            ],
            [
              -78.572174,
              -6.065444
            ],
            [
              -78.581532,
              -6.071222
            ],
            [
              -78.606801,
              -6.068373
            ],
            [
              -78.625152,
              -6.048761
            ],
            [
              -78.655263,
              -6.000339
            ],
            [
              -78.749176,
              -5.881036
            ],
            [
              -78.752838,
              -5.863214
            ],
            [
              -78.732086,
              -5.805841
            ],
            [
              -78.726552,
              -5.796726
            ],
            [
              -78.675201,
              -5.737156
            ],
            [
              -78.667633,
              -5.724298
            ],
            [
              -78.663197,
              -5.707533
            ],
            [
              -78.664418,
              -5.693536
            ],
            [
              -78.670766,
              -5.663263
            ],
            [
              -78.667388,
              -5.641046
            ],
            [
              -78.654693,
              -5.630304
            ],
            [
              -78.617096,
              -5.616225
            ],
            [
              -78.597483,
              -5.600274
            ],
            [
              -78.575795,
              -5.576511
            ],
            [
              -78.557362,
              -5.55047
            ],
            [
              -78.54719,
              -5.527846
            ],
            [
              -78.548899,
              -5.50921
            ],
            [
              -78.556711,
              -5.49269
            ],
            [
              -78.56135,
              -5.476983
            ],
            [
              -78.553212,
              -5.460138
            ],
            [
              -78.533193,
              -5.448907
            ],
            [
              -78.483306,
              -5.435886
            ],
            [
              -78.463857,
              -5.420587
            ],
            [
              -78.45401,
              -5.40252
            ],
            [
              -78.448842,
              -5.384291
            ],
            [
              -78.444407,
              -5.277358
            ],
            [
              -78.450592,
              -5.257175
            ],
            [
              -78.45934,
              -5.240411
            ],
            [
              -78.464182,
              -5.224786
            ],
            [
              -78.460439,
              -5.211277
            ],
            [
              -78.44343,
              -5.201186
            ],
            [
              -78.377797,
              -5.182631
            ],
            [
              -78.360992,
              -5.171726
            ],
            [
              -78.355824,
              -5.157566
            ],
            [
              -78.362457,
              -5.0617
            ],
            [
              -78.367299,
              -5.043634
            ],
            [
              -78.395253,
              -5.001804
            ],
            [
              -78.397328,
              -4.983819
            ],
            [
              -78.34732,
              -4.932631
            ],
            [
              -78.334096,
              -4.904148
            ],
            [
              -78.333241,
              -4.87241
            ],
            [
              -78.342193,
              -4.815444
            ],
            [
              -78.341949,
              -4.792169
            ],
            [
              -78.336985,
              -4.77044
            ],
            [
              -78.324818,
              -4.757664
            ],
            [
              -78.314768,
              -4.757745
            ],
            [
              -78.305165,
              -4.76336
            ],
            [
              -78.295888,
              -4.770359
            ],
            [
              -78.286529,
              -4.774754
            ],
            [
              -78.22997,
              -4.750665
            ],
            [
              -78.219106,
              -4.743829
            ],
            [
              -78.209828,
              -4.73504
            ],
            [
              -78.201894,
              -4.723077
            ],
            [
              -78.198313,
              -4.703953
            ],
            [
              -78.204945,
              -4.687351
            ],
            [
              -78.214467,
              -4.671401
            ],
            [
              -78.21935,
              -4.654229
            ],
            [
              -78.213775,
              -4.635268
            ],
            [
              -78.199371,
              -4.625339
            ],
            [
              -78.180247,
              -4.621921
            ],
            [
              -78.160268,
              -4.622003
            ],
            [
              -78.143178,
              -4.625665
            ],
            [
              -78.130279,
              -4.632826
            ],
            [
              -78.118276,
              -4.641534
            ],
            [
              -78.103668,
              -4.649428
            ],
            [
              -78.080068,
              -4.654636
            ],
            [
              -78.054921,
              -4.65252
            ],
            [
              -78.031361,
              -4.644382
            ],
            [
              -78.012034,
              -4.630222
            ],
            [
              -78.006418,
              -4.621596
            ],
            [
              -78.00475,
              -4.615086
            ],
            [
              -78.00121,
              -4.609226
            ],
            [
              -77.990102,
              -4.603041
            ],
            [
              -77.981516,
              -4.601088
            ],
            [
              -77.95287,
              -4.601902
            ],
            [
              -77.934804,
              -4.59588
            ],
            [
              -77.908437,
              -4.566583
            ],
            [
              -77.89273,
              -4.55519
            ],
            [
              -77.871938,
              -4.550714
            ],
            [
              -77.85143,
              -4.549005
            ],
            [
              -77.831654,
              -4.544285
            ],
            [
              -77.813344,
              -4.530206
            ],
            [
              -77.809316,
              -4.523126
            ],
            [
              -77.806793,
              -4.510431
            ],
            [
              -77.805328,
              -4.506199
            ],
            [
              -77.792226,
              -4.493666
            ],
            [
              -77.777984,
              -4.488132
            ],
            [
              -77.74356,
              -4.485772
            ],
            [
              -77.713735,
              -4.474949
            ],
            [
              -77.666168,
              -4.433119
            ],
            [
              -77.639027,
              -4.423842
            ],
            [
              -77.624257,
              -4.427423
            ],
            [
              -77.595774,
              -4.44378
            ],
            [
              -77.5808,
              -4.448907
            ],
            [
              -77.563954,
              -4.449151
            ],
            [
              -77.547109,
              -4.445977
            ],
            [
              -77.514597,
              -4.435479
            ],
            [
              -77.495229,
              -4.434015
            ],
            [
              -77.479563,
              -4.440851
            ],
            [
              -77.465932,
              -4.453058
            ],
            [
              -77.452992,
              -4.468438
            ],
            [
              -77.438629,
              -4.478936
            ],
            [
              -77.421783,
              -4.486749
            ],
            [
              -77.407623,
              -4.496515
            ],
            [
              -77.401479,
              -4.513116
            ],
            [
              -77.409332,
              -4.521824
            ],
            [
              -77.423451,
              -4.542983
            ],
            [
              -77.429026,
              -4.56463
            ],
            [
              -77.411692,
              -4.574558
            ],
            [
              -77.400461,
              -4.579034
            ],
            [
              -77.402943,
              -4.589207
            ],
            [
              -77.41511,
              -4.604994
            ],
            [
              -77.410146,
              -4.613458
            ],
            [
              -77.398346,
              -4.616143
            ],
            [
              -77.340037,
              -4.61419
            ],
            [
              -77.325063,
              -4.616632
            ],
            [
              -77.318918,
              -4.625828
            ],
            [
              -77.324208,
              -4.63364
            ],
            [
              -77.335927,
              -4.637546
            ],
            [
              -77.347727,
              -4.64422
            ],
            [
              -77.353017,
              -4.660007
            ],
            [
              -77.34203,
              -4.683119
            ],
            [
              -77.320424,
              -4.699151
            ],
            [
              -77.305002,
              -4.715265
            ],
            [
              -77.312652,
              -4.739109
            ],
            [
              -77.3037,
              -4.745945
            ],
            [
              -77.291615,
              -4.752618
            ],
            [
              -77.28425,
              -4.741713
            ],
            [
              -77.264394,
              -4.72267
            ],
            [
              -77.258046,
              -4.711765
            ],
            [
              -77.263539,
              -4.693211
            ],
            [
              -77.265452,
              -4.682468
            ],
            [
              -77.261138,
              -4.677586
            ],
            [
              -77.258168,
              -4.675307
            ],
            [
              -77.256174,
              -4.671401
            ],
            [
              -77.253082,
              -4.669448
            ],
            [
              -77.247222,
              -4.673842
            ],
            [
              -77.233266,
              -4.691257
            ],
            [
              -77.19811,
              -4.69614
            ],
            [
              -77.099762,
              -4.732273
            ],
            [
              -77.042714,
              -4.744561
            ],
            [
              -77.024729,
              -4.752618
            ],
            [
              -77.012318,
              -4.763198
            ],
            [
              -77.0006,
              -4.776869
            ],
            [
              -76.987904,
              -4.788751
            ],
            [
              -76.961578,
              -4.798028
            ],
            [
              -76.936391,
              -4.817234
            ],
            [
              -76.918568,
              -4.821629
            ],
            [
              -76.895619,
              -4.82114
            ],
            [
              -76.877919,
              -4.818536
            ],
            [
              -76.860666,
              -4.812351
            ],
            [
              -76.839101,
              -4.80047
            ],
            [
              -76.832265,
              -4.807957
            ],
            [
              -76.814361,
              -4.804213
            ],
            [
              -76.769521,
              -4.81756
            ],
            [
              -76.619985,
              -4.842136
            ],
            [
              -76.606109,
              -4.841974
            ],
            [
              -76.602122,
              -4.840753
            ],
            [
              -76.599355,
              -4.83587
            ],
            [
              -76.589263,
              -4.82464
            ],
            [
              -76.572987,
              -4.823582
            ],
            [
              -76.561025,
              -4.844415
            ],
            [
              -76.544911,
              -4.889174
            ],
            [
              -76.530263,
              -4.89894
            ],
            [
              -76.510854,
              -4.903009
            ],
            [
              -76.466054,
              -4.903497
            ],
            [
              -76.44579,
              -4.907647
            ],
            [
              -76.434722,
              -4.917494
            ],
            [
              -76.424794,
              -4.928888
            ],
            [
              -76.407704,
              -4.937677
            ],
            [
              -76.386138,
              -4.940769
            ],
            [
              -76.310292,
              -4.9367
            ],
            [
              -76.304433,
              -4.93377
            ],
            [
              -76.294789,
              -4.920261
            ],
            [
              -76.284413,
              -4.911472
            ],
            [
              -76.276926,
              -4.912123
            ],
            [
              -76.268666,
              -4.917901
            ],
            [
              -76.256296,
              -4.924005
            ],
            [
              -76.23351,
              -4.926283
            ],
            [
              -76.184316,
              -4.925226
            ],
            [
              -76.168121,
              -4.931492
            ],
            [
              -76.176381,
              -4.953302
            ],
            [
              -76.173085,
              -4.975274
            ],
            [
              -76.159535,
              -4.992201
            ],
            [
              -76.137074,
              -4.999037
            ],
            [
              -76.115224,
              -5.003432
            ],
            [
              -76.065094,
              -5.033868
            ],
            [
              -76.047109,
              -5.037774
            ],
            [
              -76.024241,
              -5.03753
            ],
            [
              -76.004547,
              -5.032892
            ],
            [
              -75.996205,
              -5.02337
            ],
            [
              -75.988108,
              -5.011407
            ],
            [
              -75.968902,
              -5.008315
            ],
            [
              -75.927887,
              -5.01336
            ],
            [
              -75.916086,
              -5.016941
            ],
            [
              -75.908274,
              -5.020033
            ],
            [
              -75.89981,
              -5.021824
            ],
            [
              -75.886342,
              -5.020196
            ],
            [
              -75.8756,
              -5.016615
            ],
            [
              -75.858144,
              -5.008233
            ],
            [
              -75.84911,
              -5.006524
            ],
            [
              -75.808176,
              -5.01336
            ],
            [
              -75.79601,
              -5.017592
            ],
            [
              -75.787465,
              -5.027765
            ],
            [
              -75.779693,
              -5.039076
            ],
            [
              -75.770253,
              -5.04754
            ],
            [
              -75.74177,
              -5.052586
            ],
            [
              -75.725331,
              -5.039565
            ],
            [
              -75.711741,
              -5.022149
            ],
            [
              -75.691477,
              -5.01336
            ],
            [
              -75.666819,
              -5.01629
            ],
            [
              -75.656239,
              -5.025323
            ],
            [
              -75.640533,
              -5.061863
            ],
            [
              -75.616322,
              -5.076674
            ],
            [
              -75.593495,
              -5.056573
            ],
            [
              -75.537506,
              -4.958185
            ],
            [
              -75.531606,
              -4.935479
            ],
            [
              -75.525787,
              -4.92726
            ],
            [
              -75.513661,
              -4.924005
            ],
            [
              -75.469797,
              -4.928888
            ],
            [
              -75.453318,
              -4.927586
            ],
            [
              -75.440663,
              -4.916518
            ],
            [
              -75.434071,
              -4.899591
            ],
            [
              -75.423248,
              -4.849461
            ],
            [
              -75.421457,
              -4.831476
            ],
            [
              -75.411529,
              -4.810561
            ],
            [
              -75.388173,
              -4.794854
            ],
            [
              -75.360829,
              -4.784519
            ],
            [
              -75.338938,
              -4.779962
            ],
            [
              -75.252919,
              -4.779962
            ],
            [
              -75.231353,
              -4.784112
            ],
            [
              -75.197133,
              -4.799819
            ],
            [
              -75.174428,
              -4.80047
            ],
            [
              -75.157053,
              -4.79282
            ],
            [
              -75.108632,
              -4.760593
            ],
            [
              -75.09439,
              -4.743829
            ],
            [
              -75.085032,
              -4.73919
            ],
            [
              -75.075673,
              -4.739679
            ],
            [
              -75.071401,
              -4.749363
            ],
            [
              -75.070058,
              -4.760919
            ],
            [
              -75.066151,
              -4.770196
            ],
            [
              -75.059926,
              -4.776544
            ],
            [
              -75.051503,
              -4.779962
            ],
            [
              -75.033274,
              -4.77573
            ],
            [
              -75.017445,
              -4.761244
            ],
            [
              -75.003896,
              -4.746108
            ],
            [
              -74.986806,
              -4.735772
            ],
            [
              -74.973948,
              -4.721205
            ],
            [
              -74.96524,
              -4.71795
            ],
            [
              -74.933339,
              -4.715265
            ],
            [
              -74.920522,
              -4.71795
            ],
            [
              -74.886545,
              -4.733412
            ],
            [
              -74.873199,
              -4.735854
            ],
            [
              -74.892568,
              -4.703139
            ],
            [
              -74.883616,
              -4.691095
            ],
            [
              -74.864695,
              -4.683282
            ],
            [
              -74.844838,
              -4.677586
            ],
            [
              -74.810374,
              -4.656264
            ],
            [
              -74.797556,
              -4.626153
            ],
            [
              -74.789662,
              -4.590997
            ],
            [
              -74.770334,
              -4.554701
            ],
            [
              -74.753326,
              -4.542657
            ],
            [
              -74.737864,
              -4.544122
            ],
            [
              -74.722239,
              -4.550714
            ],
            [
              -74.704905,
              -4.554701
            ],
            [
              -74.701161,
              -4.550307
            ],
            [
              -74.694814,
              -4.531101
            ],
            [
              -74.690907,
              -4.526788
            ],
            [
              -74.655385,
              -4.527765
            ],
            [
              -74.64623,
              -4.526788
            ],
            [
              -74.605214,
              -4.475518
            ],
            [
              -74.600575,
              -4.465997
            ],
            [
              -74.589508,
              -4.457533
            ],
            [
              -74.577016,
              -4.453058
            ],
            [
              -74.567698,
              -4.455092
            ],
            [
              -74.560618,
              -4.466323
            ],
            [
              -74.559885,
              -4.477065
            ],
            [
              -74.560699,
              -4.48797
            ],
            [
              -74.558095,
              -4.500014
            ],
            [
              -74.541331,
              -4.5145
            ],
            [
              -74.492055,
              -4.531915
            ],
            [
              -74.48176,
              -4.544122
            ],
            [
              -74.476959,
              -4.569838
            ],
            [
              -74.463979,
              -4.581394
            ],
            [
              -74.420277,
              -4.58823
            ],
            [
              -74.399526,
              -4.597589
            ],
            [
              -74.357655,
              -4.629246
            ],
            [
              -74.34142,
              -4.636082
            ],
            [
              -74.325347,
              -4.639174
            ],
            [
              -74.276926,
              -4.663425
            ],
            [
              -74.272125,
              -4.668308
            ],
            [
              -74.267812,
              -4.674493
            ],
            [
              -74.260976,
              -4.678725
            ],
            [
              -74.248931,
              -4.677586
            ],
            [
              -74.239247,
              -4.672052
            ],
            [
              -74.2329,
              -4.6631
            ],
            [
              -74.229482,
              -4.652195
            ],
            [
              -74.228505,
              -4.639662
            ],
            [
              -74.23058,
              -4.63006
            ],
            [
              -74.23998,
              -4.609389
            ],
            [
              -74.242136,
              -4.598484
            ],
            [
              -74.239898,
              -4.586358
            ],
            [
              -74.203765,
              -4.514825
            ],
            [
              -74.189809,
              -4.503839
            ],
            [
              -74.163319,
              -4.500014
            ],
            [
              -74.141591,
              -4.501153
            ],
            [
              -74.130483,
              -4.500339
            ],
            [
              -74.122385,
              -4.496433
            ],
            [
              -74.115142,
              -4.486179
            ],
            [
              -74.111073,
              -4.476495
            ],
            [
              -74.106557,
              -4.468764
            ],
            [
              -74.098134,
              -4.464695
            ],
            [
              -74.040273,
              -4.492039
            ],
            [
              -74.029897,
              -4.48919
            ],
            [
              -74.018666,
              -4.481134
            ],
            [
              -73.993642,
              -4.480401
            ],
            [
              -73.954742,
              -4.485772
            ],
            [
              -73.917226,
              -4.500339
            ],
            [
              -73.884511,
              -4.519952
            ],
            [
              -73.857533,
              -4.546726
            ],
            [
              -73.837473,
              -4.581964
            ],
            [
              -73.826975,
              -4.610365
            ],
            [
              -73.817616,
              -4.619073
            ],
            [
              -73.799916,
              -4.62241
            ],
            [
              -73.786692,
              -4.616062
            ],
            [
              -73.777903,
              -4.602065
            ],
            [
              -73.771677,
              -4.588311
            ],
            [
              -73.766103,
              -4.581964
            ],
            [
              -73.735178,
              -4.565606
            ],
            [
              -73.721344,
              -4.560968
            ],
            [
              -73.659983,
              -4.554701
            ],
            [
              -73.619049,
              -4.54339
            ],
            [
              -73.608144,
              -4.537286
            ],
            [
              -73.559193,
              -4.485284
            ],
            [
              -73.547678,
              -4.467462
            ],
            [
              -73.531361,
              -4.454604
            ],
            [
              -73.494944,
              -4.450372
            ]
          ]
        ]
      }
    },
    {
      "type": "Feature",
      "properties": {
        "dissolve": "197River",
        "scalerank": 5.0,
        "featurecla": "River",
        "name": "Xingu",
        "name_alt": null,
        "rivernum": 197,
        "note": null,
        "min_zoom": 4.7,
        "name_en": "Xingu",
        "min_label": 5.7
      },
      "bbox": [
        -53.444081,
        -11.443699,
        -51.615834,
        -1.698744
      ],
      "geometry": {
        "type": "MultiLineString",
        "coordinates": [
          [
            [
              -52.256093,
              -1.698744
            ],
            [
              -52.277659,
              -1.709487
            ],
            [
              -52.285268,
              -1.719578
            ],
            [
              -52.286366,
              -1.733819
            ],
            [
              -52.282704,
              -1.748224
            ],
            [
              -52.255238,
              -1.796563
            ],
            [
              -52.251454,
              -1.808038
            ],
            [
              -52.245025,
              -1.867039
            ],
            [
              -52.246897,
              -1.88185
            ],
            [
              -52.258127,
              -1.91782
            ],
            [
              -52.257924,
              -1.931085
            ],
            [
              -52.254221,
              -1.944838
            ],
            [
              -52.225779,
              -2.013604
            ],
            [
              -52.21288,
              -2.075128
            ],
            [
              -52.209828,
              -2.155206
            ],
            [
              -52.204905,
              -2.170099
            ],
            [
              -52.195546,
              -2.182794
            ],
            [
              -52.172109,
              -2.207859
            ],
            [
              -52.165354,
              -2.220636
            ],
            [
              -52.157297,
              -2.222507
            ],
            [
              -52.150258,
              -2.236993
            ],
            [
              -52.116811,
              -2.276707
            ],
            [
              -52.027415,
              -2.455255
            ],
            [
              -52.018788,
              -2.516127
            ],
            [
              -52.01476,
              -2.531915
            ],
            [
              -51.992543,
              -2.569268
            ],
            [
              -51.98644,
              -2.583998
            ],
            [
              -51.982249,
              -2.600518
            ],
            [
              -51.98054,
              -2.617527
            ],
            [
              -51.982004,
              -2.63364
            ],
            [
              -51.988108,
              -2.646661
            ],
            [
              -52.007395,
              -2.668959
            ],
            [
              -52.013295,
              -2.682306
            ],
            [
              -52.021311,
              -2.684259
            ],
            [
              -52.027821,
              -2.708022
            ],
            [
              -52.014394,
              -2.807631
            ],
            [
              -52.009999,
              -2.820326
            ],
            [
              -52.001861,
              -2.831231
            ],
            [
              -51.98941,
              -2.8388
            ],
            [
              -51.947987,
              -2.847101
            ],
            [
              -51.931874,
              -2.859308
            ],
            [
              -51.921783,
              -2.877862
            ],
            [
              -51.90685,
              -2.917657
            ],
            [
              -51.891184,
              -2.941257
            ],
            [
              -51.835927,
              -2.999363
            ],
            [
              -51.796376,
              -3.069024
            ],
            [
              -51.778472,
              -3.087335
            ],
            [
              -51.753163,
              -3.097589
            ],
            [
              -51.696401,
              -3.104506
            ],
            [
              -51.669789,
              -3.112481
            ],
            [
              -51.659739,
              -3.118585
            ],
            [
              -51.638376,
              -3.135756
            ],
            [
              -51.629954,
              -3.144382
            ],
            [
              -51.618886,
              -3.158868
            ],
            [
              -51.615834,
              -3.170261
            ],
            [
              -51.618764,
              -3.181655
            ],
            [
              -51.62564,
              -3.196791
            ],
            [
              -51.644439,
              -3.281101
            ],
            [
              -51.660227,
              -3.303399
            ],
            [
              -51.716542,
              -3.359877
            ],
            [
              -51.71227,
              -3.382013
            ],
            [
              -51.695627,
              -3.405938
            ],
            [
              -51.681264,
              -3.437351
            ],
            [
              -51.685129,
              -3.473321
            ],
            [
              -51.707346,
              -3.504246
            ],
            [
              -51.794586,
              -3.576837
            ],
            [
              -51.821523,
              -3.589288
            ],
            [
              -51.849477,
              -3.589695
            ],
            [
              -51.880116,
              -3.575128
            ],
            [
              -51.908925,
              -3.552911
            ],
            [
              -51.933095,
              -3.52752
            ],
            [
              -51.949208,
              -3.497247
            ],
            [
              -51.954091,
              -3.460382
            ],
            [
              -51.953481,
              -3.42669
            ],
            [
              -51.958323,
              -3.412612
            ],
            [
              -52.063588,
              -3.276544
            ],
            [
              -52.09081,
              -3.252618
            ],
            [
              -52.128041,
              -3.230401
            ],
            [
              -52.159332,
              -3.229669
            ],
            [
              -52.168853,
              -3.270033
            ],
            [
              -52.164377,
              -3.310235
            ],
            [
              -52.164947,
              -3.329522
            ],
            [
              -52.170277,
              -3.35003
            ],
            [
              -52.257069,
              -3.507989
            ],
            [
              -52.269887,
              -3.52337
            ],
            [
              -52.314768,
              -3.564467
            ],
            [
              -52.326243,
              -3.581231
            ],
            [
              -52.351308,
              -3.63478
            ],
            [
              -52.357859,
              -3.643976
            ],
            [
              -52.380727,
              -3.662774
            ],
            [
              -52.457183,
              -3.752781
            ],
            [
              -52.475209,
              -3.766778
            ],
            [
              -52.497629,
              -3.779799
            ],
            [
              -52.52123,
              -3.789402
            ],
            [
              -52.543202,
              -3.793145
            ],
            [
              -52.558746,
              -3.801446
            ],
            [
              -52.593455,
              -3.841485
            ],
            [
              -52.608713,
              -3.855157
            ]
          ],
          [
            [
              -52.613271,
              -3.860528
            ],
            [
              -52.608713,
              -3.855157
            ]
          ],
          [
            [
              -53.444081,
              -11.443699
            ],
            [
              -53.443186,
              -11.431655
            ],
            [
              -53.439565,
              -11.424737
            ],
            [
              -53.43224,
              -11.421563
            ],
            [
              -53.405995,
              -11.420343
            ],
            [
              -53.400217,
              -11.417657
            ],
            [
              -53.347157,
              -11.342787
            ],
            [
              -53.341705,
              -11.327569
            ],
            [
              -53.335276,
              -11.323175
            ],
            [
              -53.293853,
              -11.277358
            ],
            [
              -53.283437,
              -11.270522
            ],
            [
              -53.274241,
              -11.26629
            ],
            [
              -53.266225,
              -11.260593
            ],
            [
              -53.259145,
              -11.249444
            ],
            [
              -53.259145,
              -11.23976
            ],
            [
              -53.26301,
              -11.229343
            ],
            [
              -53.263987,
              -11.217706
            ],
            [
              -53.255727,
              -11.204767
            ],
            [
              -53.247182,
              -11.187026
            ],
            [
              -53.248118,
              -11.164402
            ],
            [
              -53.259145,
              -11.125909
            ],
            [
              -53.289133,
              -11.076674
            ],
            [
              -53.293853,
              -11.060724
            ],
            [
              -53.297841,
              -11.036065
            ],
            [
              -53.316029,
              -10.996108
            ],
            [
              -53.321238,
              -10.97503
            ],
            [
              -53.316029,
              -10.950046
            ],
            [
              -53.287099,
              -10.920343
            ],
            [
              -53.270579,
              -10.882826
            ],
            [
              -53.248036,
              -10.867608
            ],
            [
              -53.204539,
              -10.851576
            ],
            [
              -53.143544,
              -10.844578
            ],
            [
              -53.125722,
              -10.834487
            ],
            [
              -53.115956,
              -10.819268
            ],
            [
              -53.109242,
              -10.798028
            ],
            [
              -53.072011,
              -10.576674
            ],
            [
              -53.077382,
              -10.562514
            ],
            [
              -53.084788,
              -10.548272
            ],
            [
              -53.08849,
              -10.5263
            ],
            [
              -53.086415,
              -10.501967
            ],
            [
              -53.067372,
              -10.440606
            ],
            [
              -53.057281,
              -10.36655
            ],
            [
              -53.047475,
              -10.344578
            ],
            [
              -53.026112,
              -10.327569
            ],
            [
              -52.969106,
              -10.294366
            ],
            [
              -52.957509,
              -10.272475
            ],
            [
              -52.961781,
              -10.261651
            ],
            [
              -52.98054,
              -10.243341
            ],
            [
              -52.984771,
              -10.231296
            ],
            [
              -53.006459,
              -10.205418
            ],
            [
              -53.009348,
              -10.200535
            ],
            [
              -53.01537,
              -10.184421
            ],
            [
              -53.004018,
              -10.111261
            ],
            [
              -52.998443,
              -10.091241
            ],
            [
              -53.00593,
              -10.084405
            ],
            [
              -52.997222,
              -10.065118
            ],
            [
              -52.983306,
              -10.046319
            ],
            [
              -52.912343,
              -9.979343
            ],
            [
              -52.853871,
              -9.907647
            ],
            [
              -52.809153,
              -9.871515
            ],
            [
              -52.802968,
              -9.864435
            ],
            [
              -52.800445,
              -9.854832
            ],
            [
              -52.786773,
              -9.823744
            ],
            [
              -52.773549,
              -9.817071
            ],
            [
              -52.754994,
              -9.8117
            ],
            [
              -52.738637,
              -9.804701
            ],
            [
              -52.731557,
              -9.792983
            ],
            [
              -52.723215,
              -9.785821
            ],
            [
              -52.670115,
              -9.769057
            ],
            [
              -52.658396,
              -9.75921
            ],
            [
              -52.642568,
              -9.730645
            ],
            [
              -52.632232,
              -9.717299
            ],
            [
              -52.628489,
              -9.709893
            ],
            [
              -52.622629,
              -9.684991
            ],
            [
              -52.621165,
              -9.663588
            ],
            [
              -52.619211,
              -9.656264
            ],
            [
              -52.615305,
              -9.6513
            ],
            [
              -52.608713,
              -9.645522
            ],
            [
              -52.597768,
              -9.640558
            ],
            [
              -52.588938,
              -9.640476
            ],
            [
              -52.582957,
              -9.636895
            ],
            [
              -52.580719,
              -9.621433
            ],
            [
              -52.580719,
              -9.60589
            ],
            [
              -52.579701,
              -9.597019
            ],
            [
              -52.575673,
              -9.590834
            ],
            [
              -52.567047,
              -9.584161
            ],
            [
              -52.546864,
              -9.577569
            ],
            [
              -52.521718,
              -9.579278
            ],
            [
              -52.470896,
              -9.591648
            ],
            [
              -52.446848,
              -9.600437
            ],
            [
              -52.409291,
              -9.622735
            ],
            [
              -52.382721,
              -9.63128
            ],
            [
              -52.333567,
              -9.635186
            ],
            [
              -52.305002,
              -9.640558
            ],
            [
              -52.285878,
              -9.652358
            ],
            [
              -52.271352,
              -9.653009
            ],
            [
              -52.265248,
              -9.654474
            ],
            [
              -52.258616,
              -9.659194
            ],
            [
              -52.216705,
              -9.631362
            ],
            [
              -52.203969,
              -9.617608
            ],
            [
              -52.196441,
              -9.604018
            ],
            [
              -52.195872,
              -9.595066
            ],
            [
              -52.197581,
              -9.585463
            ],
            [
              -52.197133,
              -9.570489
            ],
            [
              -52.193471,
              -9.55755
            ],
            [
              -52.176625,
              -9.515802
            ],
            [
              -52.16808,
              -9.473077
            ],
            [
              -52.163035,
              -9.461277
            ],
            [
              -52.169911,
              -9.44435
            ],
            [
              -52.156199,
              -9.428562
            ],
            [
              -52.12206,
              -9.405938
            ],
            [
              -52.115915,
              -9.396498
            ],
            [
              -52.107777,
              -9.364435
            ],
            [
              -52.102976,
              -9.355401
            ],
            [
              -52.089955,
              -9.339288
            ],
            [
              -52.08727,
              -9.333998
            ],
            [
              -52.078359,
              -9.328302
            ],
            [
              -52.020497,
              -9.267104
            ],
            [
              -52.023997,
              -9.247573
            ],
            [
              -52.038319,
              -9.212742
            ],
            [
              -52.041819,
              -9.193048
            ],
            [
              -52.044667,
              -9.185073
            ],
            [
              -52.051747,
              -9.178074
            ],
            [
              -52.071929,
              -9.16546
            ],
            [
              -52.079661,
              -9.157159
            ],
            [
              -52.082428,
              -9.145359
            ],
            [
              -52.080556,
              -9.133477
            ],
            [
              -52.061269,
              -9.086114
            ],
            [
              -52.0537,
              -9.023126
            ],
            [
              -52.055409,
              -9.000502
            ],
            [
              -52.058339,
              -8.987319
            ],
            [
              -52.073313,
              -8.947442
            ],
            [
              -52.079742,
              -8.917983
            ],
            [
              -52.086049,
              -8.904962
            ],
            [
              -52.101145,
              -8.89129
            ],
            [
              -52.15925,
              -8.869643
            ],
            [
              -52.176584,
              -8.857924
            ],
            [
              -52.207672,
              -8.829929
            ],
            [
              -52.225209,
              -8.818536
            ],
            [
              -52.25414,
              -8.80698
            ],
            [
              -52.262807,
              -8.80169
            ],
            [
              -52.267934,
              -8.796726
            ],
            [
              -52.279164,
              -8.779229
            ],
            [
              -52.292958,
              -8.764825
            ],
            [
              -52.299631,
              -8.75392
            ],
            [
              -52.3037,
              -8.74155
            ],
            [
              -52.307118,
              -8.715753
            ],
            [
              -52.305572,
              -8.701593
            ],
            [
              -52.299428,
              -8.673028
            ],
            [
              -52.302195,
              -8.659031
            ],
            [
              -52.308949,
              -8.649591
            ],
            [
              -52.337799,
              -8.623549
            ],
            [
              -52.356068,
              -8.601576
            ],
            [
              -52.366078,
              -8.592136
            ],
            [
              -52.377878,
              -8.583917
            ],
            [
              -52.392201,
              -8.576837
            ],
            [
              -52.420766,
              -8.568699
            ],
            [
              -52.514963,
              -8.558282
            ],
            [
              -52.551869,
              -8.546401
            ],
            [
              -52.57372,
              -8.51808
            ],
            [
              -52.578033,
              -8.504815
            ],
            [
              -52.583608,
              -8.493015
            ],
            [
              -52.591257,
              -8.482436
            ],
            [
              -52.601633,
              -8.47267
            ],
            [
              -52.623891,
              -8.457208
            ],
            [
              -52.63268,
              -8.448744
            ],
            [
              -52.660959,
              -8.4013
            ],
            [
              -52.664662,
              -8.388116
            ],
            [
              -52.665273,
              -8.372491
            ],
            [
              -52.661692,
              -8.340671
            ],
            [
              -52.64745,
              -8.282566
            ],
            [
              -52.647288,
              -8.267592
            ],
            [
              -52.649485,
              -8.254246
            ],
            [
              -52.657704,
              -8.228367
            ],
            [
              -52.682078,
              -8.181655
            ],
            [
              -52.70108,
              -8.125502
            ],
            [
              -52.760121,
              -8.006524
            ],
            [
              -52.764068,
              -7.99448
            ],
            [
              -52.77009,
              -7.945164
            ],
            [
              -52.772898,
              -7.938979
            ],
            [
              -52.77717,
              -7.934584
            ],
            [
              -52.792226,
              -7.924737
            ],
            [
              -52.804107,
              -7.905776
            ],
            [
              -52.807078,
              -7.883152
            ],
            [
              -52.803619,
              -7.859796
            ],
            [
              -52.79662,
              -7.8388
            ],
            [
              -52.786122,
              -7.821222
            ],
            [
              -52.773508,
              -7.80462
            ],
            [
              -52.763295,
              -7.787123
            ],
            [
              -52.760325,
              -7.767022
            ],
            [
              -52.763417,
              -7.733901
            ],
            [
              -52.74828,
              -7.638686
            ],
            [
              -52.743764,
              -7.627293
            ],
            [
              -52.717356,
              -7.601983
            ],
            [
              -52.68224,
              -7.577569
            ],
            [
              -52.662099,
              -7.549981
            ],
            [
              -52.686879,
              -7.503269
            ],
            [
              -52.68578,
              -7.48919
            ],
            [
              -52.665151,
              -7.414483
            ],
            [
              -52.659535,
              -7.404311
            ],
            [
              -52.651763,
              -7.396661
            ],
            [
              -52.63268,
              -7.383477
            ],
            [
              -52.619252,
              -7.370619
            ],
            [
              -52.609364,
              -7.354018
            ],
            [
              -52.603424,
              -7.335626
            ],
            [
              -52.599192,
              -7.277846
            ],
            [
              -52.594146,
              -7.260186
            ],
            [
              -52.567698,
              -7.202488
            ],
            [
              -52.556264,
              -7.185398
            ],
            [
              -52.540883,
              -7.170099
            ],
            [
              -52.522939,
              -7.157566
            ],
            [
              -52.51537,
              -7.150405
            ],
            [
              -52.509145,
              -7.140558
            ],
            [
              -52.504994,
              -7.128757
            ],
            [
              -52.502268,
              -7.123061
            ],
            [
              -52.498036,
              -7.118341
            ],
            [
              -52.492421,
              -7.115574
            ],
            [
              -52.479319,
              -7.112237
            ],
            [
              -52.473541,
              -7.109063
            ],
            [
              -52.465566,
              -7.09767
            ],
            [
              -52.462636,
              -7.083185
            ],
            [
              -52.459869,
              -7.053562
            ],
            [
              -52.454539,
              -7.041925
            ],
            [
              -52.396718,
              -6.976251
            ],
            [
              -52.383412,
              -6.968113
            ],
            [
              -52.36384,
              -6.962579
            ],
            [
              -52.190826,
              -6.950209
            ],
            [
              -52.136383,
              -6.935479
            ],
            [
              -52.090403,
              -6.910577
            ],
            [
              -52.075063,
              -6.8978
            ],
            [
              -52.061513,
              -6.882826
            ],
            [
              -52.052113,
              -6.866388
            ],
            [
              -52.049224,
              -6.848077
            ],
            [
              -52.04955,
              -6.812514
            ],
            [
              -52.045481,
              -6.796889
            ],
            [
              -52.035959,
              -6.78045
            ],
            [
              -51.99767,
              -6.742039
            ],
            [
              -51.987701,
              -6.727879
            ],
            [
              -51.984283,
              -6.718683
            ],
            [
              -51.983022,
              -6.708917
            ],
            [
              -51.983713,
              -6.69907
            ],
            [
              -51.986195,
              -6.68963
            ],
            [
              -51.99413,
              -6.67547
            ],
            [
              -52.028188,
              -6.638035
            ],
            [
              -52.072174,
              -6.566583
            ],
            [
              -52.08967,
              -6.552423
            ],
            [
              -52.110504,
              -6.547703
            ],
            [
              -52.172841,
              -6.569675
            ],
            [
              -52.204945,
              -6.571222
            ],
            [
              -52.233225,
              -6.559503
            ],
            [
              -52.258616,
              -6.534682
            ],
            [
              -52.27477,
              -6.506687
            ],
            [
              -52.285024,
              -6.49269
            ],
            [
              -52.296457,
              -6.48683
            ],
            [
              -52.306142,
              -6.478448
            ],
            [
              -52.327504,
              -6.424819
            ],
            [
              -52.369049,
              -6.378839
            ],
            [
              -52.375315,
              -6.36655
            ],
            [
              -52.382639,
              -6.359308
            ],
            [
              -52.417836,
              -6.340346
            ],
            [
              -52.429921,
              -6.329278
            ],
            [
              -52.43635,
              -6.308119
            ],
            [
              -52.429921,
              -6.243015
            ],
            [
              -52.430653,
              -6.219252
            ],
            [
              -52.433583,
              -6.202162
            ],
            [
              -52.439849,
              -6.187677
            ],
            [
              -52.450347,
              -6.171563
            ],
            [
              -52.51651,
              -6.096368
            ],
            [
              -52.532948,
              -6.0617
            ],
            [
              -52.541249,
              -6.021905
            ],
            [
              -52.542836,
              -5.980401
            ],
            [
              -52.531361,
              -5.871108
            ],
            [
              -52.536366,
              -5.849298
            ],
            [
              -52.547353,
              -5.829929
            ],
            [
              -52.598134,
              -5.770033
            ],
            [
              -52.683176,
              -5.5888
            ],
            [
              -52.698638,
              -5.504246
            ],
            [
              -52.711008,
              -5.46974
            ],
            [
              -52.738393,
              -5.444757
            ],
            [
              -52.817047,
              -5.415704
            ],
            [
              -52.849721,
              -5.397882
            ],
            [
              -52.868764,
              -5.369643
            ],
            [
              -52.871002,
              -5.347589
            ],
            [
              -52.861928,
              -5.283705
            ],
            [
              -52.872426,
              -5.178643
            ],
            [
              -52.880238,
              -5.15838
            ],
            [
              -52.891672,
              -5.138198
            ],
            [
              -52.906321,
              -5.119561
            ],
            [
              -52.916168,
              -5.10353
            ],
            [
              -52.920888,
              -5.084975
            ],
            [
              -52.923655,
              -5.015802
            ],
            [
              -52.920359,
              -4.997573
            ],
            [
              -52.910959,
              -4.981459
            ],
            [
              -52.848256,
              -4.910333
            ],
            [
              -52.831288,
              -4.873061
            ],
            [
              -52.811879,
              -4.785089
            ],
            [
              -52.79304,
              -4.745945
            ],
            [
              -52.733388,
              -4.688653
            ],
            [
              -52.724721,
              -4.666681
            ],
            [
              -52.722564,
              -4.657729
            ],
            [
              -52.713206,
              -4.637709
            ],
            [
              -52.704213,
              -4.581964
            ],
            [
              -52.672231,
              -4.515802
            ],
            [
              -52.65982,
              -4.476902
            ],
            [
              -52.663319,
              -4.438002
            ],
            [
              -52.681711,
              -4.412937
            ],
            [
              -52.706776,
              -4.393243
            ],
            [
              -52.728871,
              -4.370294
            ],
            [
              -52.738393,
              -4.334975
            ],
            [
              -52.736073,
              -4.312839
            ],
            [
              -52.729319,
              -4.290704
            ],
            [
              -52.718577,
              -4.270359
            ],
            [
              -52.704213,
              -4.252374
            ],
            [
              -52.661041,
              -4.220147
            ],
            [
              -52.640452,
              -4.198907
            ],
            [
              -52.639068,
              -4.180352
            ],
            [
              -52.64684,
              -4.147638
            ],
            [
              -52.598134,
              -3.961602
            ],
            [
              -52.595041,
              -3.941095
            ],
            [
              -52.597768,
              -3.918796
            ],
            [
              -52.608469,
              -3.87713
            ],
            [
              -52.608713,
              -3.855157
            ]
          ]
        ]
      }
    },
    {
      "type": "Feature",
      "properties": {
        "dissolve": "200River",
        "scalerank": 5.0,
        "featurecla": "River",
        "name": "Tapajós",
        "name_alt": null,
        "rivernum": 200,
        "note": null,
        "min_zoom": 4.7,
        "name_en": "Tapajós",
        "min_label": 5.7
      },
      "bbox": [
        -58.660837,
        -10.97503,
        -54.676991,
        -2.375828
      ],
      "geometry": {
        "type": "MultiLineString",
        "coordinates": [
          [
            [
              -58.659088,
              -10.97503
            ],
            [
              -58.635325,
              -10.916355
            ],
            [
              -58.6256,
              -10.899347
            ],
            [
              -58.604482,
              -10.872003
            ],
            [
              -58.602203,
              -10.861342
            ],
            [
              -58.602122,
              -10.841485
            ],
            [
              -58.597727,
              -10.831069
            ],
            [
              -58.60497,
              -10.816339
            ],
            [
              -58.599233,
              -10.796726
            ],
            [
              -58.589263,
              -10.7763
            ],
            [
              -58.584055,
              -10.758722
            ],
            [
              -58.570383,
              -10.674168
            ],
            [
              -58.571156,
              -10.631362
            ],
            [
              -58.577504,
              -10.593113
            ],
            [
              -58.568105,
              -10.560886
            ],
            [
              -58.521962,
              -10.53631
            ],
            [
              -58.460398,
              -10.523126
            ],
            [
              -58.443186,
              -10.512384
            ],
            [
              -58.371165,
              -10.440606
            ],
            [
              -58.349558,
              -10.402765
            ],
            [
              -58.344472,
              -10.268731
            ],
            [
              -58.331288,
              -10.222101
            ],
            [
              -58.268707,
              -10.104913
            ],
            [
              -58.252431,
              -10.064793
            ],
            [
              -58.213694,
              -9.897963
            ],
            [
              -58.213287,
              -9.808119
            ],
            [
              -58.220326,
              -9.769057
            ],
            [
              -58.255849,
              -9.703302
            ],
            [
              -58.261301,
              -9.683119
            ],
            [
              -58.259999,
              -9.552097
            ],
            [
              -58.263539,
              -9.528985
            ],
            [
              -58.272125,
              -9.512384
            ],
            [
              -58.291493,
              -9.494968
            ],
            [
              -58.306956,
              -9.487237
            ],
            [
              -58.324696,
              -9.485854
            ],
            [
              -58.351226,
              -9.48797
            ],
            [
              -58.396067,
              -9.483412
            ],
            [
              -58.438547,
              -9.467299
            ],
            [
              -58.564524,
              -9.388116
            ],
            [
              -58.591949,
              -9.362726
            ],
            [
              -58.618153,
              -9.330255
            ],
            [
              -58.62975,
              -9.309991
            ],
            [
              -58.635854,
              -9.29046
            ],
            [
              -58.641672,
              -9.224298
            ],
            [
              -58.655344,
              -9.182306
            ],
            [
              -58.660837,
              -9.122084
            ],
            [
              -58.659088,
              -9.111179
            ],
            [
              -58.651845,
              -9.098565
            ],
            [
              -58.630198,
              -9.072686
            ],
            [
              -58.6256,
              -9.059991
            ],
            [
              -58.621246,
              -9.036065
            ],
            [
              -58.61026,
              -9.005873
            ],
            [
              -58.595693,
              -8.977227
            ],
            [
              -58.580637,
              -8.957208
            ],
            [
              -58.576283,
              -8.948419
            ],
            [
              -58.572011,
              -8.933038
            ],
            [
              -58.570302,
              -8.91839
            ],
            [
              -58.573801,
              -8.911961
            ],
            [
              -58.578521,
              -8.909845
            ],
            [
              -58.574208,
              -8.905613
            ],
            [
              -58.562937,
              -8.898858
            ],
            [
              -58.557607,
              -8.896987
            ],
            [
              -58.550364,
              -8.899916
            ],
            [
              -58.54308,
              -8.898858
            ],
            [
              -58.51773,
              -8.884454
            ],
            [
              -58.46052,
              -8.816339
            ],
            [
              -58.450999,
              -8.796401
            ],
            [
              -58.431793,
              -8.787774
            ],
            [
              -58.409047,
              -8.782078
            ],
            [
              -58.388824,
              -8.771661
            ],
            [
              -58.373769,
              -8.761407
            ],
            [
              -58.367502,
              -8.754571
            ],
            [
              -58.364898,
              -8.744317
            ],
            [
              -58.361643,
              -8.737644
            ],
            [
              -58.353749,
              -8.733575
            ],
            [
              -58.344472,
              -8.730483
            ],
            [
              -58.337026,
              -8.726983
            ],
            [
              -58.322743,
              -8.702569
            ],
            [
              -58.353871,
              -8.695652
            ],
            [
              -58.430735,
              -8.697931
            ],
            [
              -58.450103,
              -8.689386
            ],
            [
              -58.45995,
              -8.675144
            ],
            [
              -58.463368,
              -8.656427
            ],
            [
              -58.463002,
              -8.622247
            ],
            [
              -58.454172,
              -8.560724
            ],
            [
              -58.450673,
              -8.549168
            ],
            [
              -58.445668,
              -8.5381
            ],
            [
              -58.437327,
              -8.505711
            ],
            [
              -58.441396,
              -8.440362
            ],
            [
              -58.431508,
              -8.406589
            ],
            [
              -58.384429,
              -8.3353
            ],
            [
              -58.37914,
              -8.318862
            ],
            [
              -58.370188,
              -8.267999
            ],
            [
              -58.316477,
              -8.122898
            ],
            [
              -58.313873,
              -8.100437
            ],
            [
              -58.334055,
              -7.973158
            ],
            [
              -58.356068,
              -7.924168
            ],
            [
              -58.359771,
              -7.91131
            ],
            [
              -58.366322,
              -7.850518
            ],
            [
              -58.365956,
              -7.83351
            ],
            [
              -58.359771,
              -7.818536
            ],
            [
              -58.330963,
              -7.790216
            ],
            [
              -58.318837,
              -7.774591
            ],
            [
              -58.278188,
              -7.706231
            ],
            [
              -58.265452,
              -7.665541
            ],
            [
              -58.257802,
              -7.654474
            ],
            [
              -58.23884,
              -7.638686
            ],
            [
              -58.229726,
              -7.629246
            ],
            [
              -58.223785,
              -7.619806
            ],
            [
              -58.219797,
              -7.609552
            ],
            [
              -58.217275,
              -7.598565
            ],
            [
              -58.215891,
              -7.587579
            ],
            [
              -58.224762,
              -7.456964
            ],
            [
              -58.223744,
              -7.439386
            ],
            [
              -58.160308,
              -7.359308
            ],
            [
              -58.13622,
              -7.340183
            ],
            [
              -58.144887,
              -7.315851
            ],
            [
              -58.145009,
              -7.289483
            ],
            [
              -58.142486,
              -7.265151
            ],
            [
              -58.143422,
              -7.247247
            ],
            [
              -58.149526,
              -7.237726
            ],
            [
              -58.212717,
              -7.189386
            ],
            [
              -58.221995,
              -7.178725
            ],
            [
              -58.228098,
              -7.166925
            ],
            [
              -58.238189,
              -7.129327
            ],
            [
              -58.256174,
              -7.09767
            ],
            [
              -58.322743,
              -7.010186
            ],
            [
              -58.347035,
              -6.984877
            ],
            [
              -58.405751,
              -6.946954
            ],
            [
              -58.43106,
              -6.923028
            ],
            [
              -58.444081,
              -6.902358
            ],
            [
              -58.464752,
              -6.852879
            ],
            [
              -58.471547,
              -6.830011
            ],
            [
              -58.4794,
              -6.783054
            ],
            [
              -58.478383,
              -6.737481
            ],
            [
              -58.468739,
              -6.692804
            ],
            [
              -58.450876,
              -6.64894
            ],
            [
              -58.427561,
              -6.616876
            ],
            [
              -58.336008,
              -6.551202
            ],
            [
              -58.215443,
              -6.431166
            ],
            [
              -58.196523,
              -6.420261
            ],
            [
              -58.16926,
              -6.413995
            ],
            [
              -58.110585,
              -6.413995
            ],
            [
              -58.082021,
              -6.410821
            ],
            [
              -57.931264,
              -6.359714
            ],
            [
              -57.888092,
              -6.336358
            ],
            [
              -57.695383,
              -6.192885
            ],
            [
              -57.670725,
              -6.163588
            ],
            [
              -57.652537,
              -6.129734
            ],
            [
              -57.634877,
              -6.070164
            ],
            [
              -57.633941,
              -6.054864
            ],
            [
              -57.63622,
              -6.040379
            ],
            [
              -57.641184,
              -6.021987
            ],
            [
              -57.649037,
              -6.005222
            ],
            [
              -57.658111,
              -5.990574
            ],
            [
              -57.663279,
              -5.974949
            ],
            [
              -57.658925,
              -5.954767
            ],
            [
              -57.63801,
              -5.930515
            ],
            [
              -57.6079,
              -5.915541
            ],
            [
              -57.575347,
              -5.90366
            ],
            [
              -57.547109,
              -5.888116
            ],
            [
              -57.534088,
              -5.874933
            ],
            [
              -57.502268,
              -5.833429
            ],
            [
              -57.335072,
              -5.726495
            ],
            [
              -57.293446,
              -5.682957
            ],
            [
              -57.226552,
              -5.634129
            ],
            [
              -57.152252,
              -5.553074
            ],
            [
              -57.131093,
              -5.538018
            ],
            [
              -57.084828,
              -5.515151
            ],
            [
              -57.065256,
              -5.501316
            ],
            [
              -57.05427,
              -5.487644
            ],
            [
              -57.048451,
              -5.473972
            ],
            [
              -57.039174,
              -5.442071
            ],
            [
              -57.008656,
              -5.392999
            ],
            [
              -56.99767,
              -5.368015
            ],
            [
              -56.999257,
              -5.338393
            ],
            [
              -57.009592,
              -5.307957
            ],
            [
              -57.011138,
              -5.292657
            ],
            [
              -57.007069,
              -5.276218
            ],
            [
              -56.994374,
              -5.254734
            ],
            [
              -56.977528,
              -5.235365
            ],
            [
              -56.957672,
              -5.218927
            ],
            [
              -56.93635,
              -5.205987
            ],
            [
              -56.893463,
              -5.186212
            ],
            [
              -56.873118,
              -5.174005
            ],
            [
              -56.856923,
              -5.158054
            ],
            [
              -56.847768,
              -5.138849
            ],
            [
              -56.844553,
              -5.118341
            ],
            [
              -56.846588,
              -5.076104
            ],
            [
              -56.843861,
              -5.056166
            ],
            [
              -56.834625,
              -5.038914
            ],
            [
              -56.786204,
              -4.973647
            ],
            [
              -56.727528,
              -4.863214
            ],
            [
              -56.72289,
              -4.845066
            ],
            [
              -56.720774,
              -4.774428
            ],
            [
              -56.718699,
              -4.767999
            ],
            [
              -56.714345,
              -4.762709
            ],
            [
              -56.61384,
              -4.693699
            ],
            [
              -56.601796,
              -4.689955
            ],
            [
              -56.588206,
              -4.689467
            ],
            [
              -56.554921,
              -4.694187
            ],
            [
              -56.541615,
              -4.698093
            ],
            [
              -56.526438,
              -4.707452
            ],
            [
              -56.500803,
              -4.732843
            ],
            [
              -56.485911,
              -4.742527
            ],
            [
              -56.47232,
              -4.745457
            ],
            [
              -56.458363,
              -4.743992
            ],
            [
              -56.444895,
              -4.73919
            ],
            [
              -56.433013,
              -4.73211
            ],
            [
              -56.421457,
              -4.71974
            ],
            [
              -56.415028,
              -4.706231
            ],
            [
              -56.404897,
              -4.676202
            ],
            [
              -56.397206,
              -4.66546
            ],
            [
              -56.385854,
              -4.655287
            ],
            [
              -56.340972,
              -4.628351
            ],
            [
              -56.296335,
              -4.591729
            ],
            [
              -56.290639,
              -4.582452
            ],
            [
              -56.288075,
              -4.569513
            ],
            [
              -56.287058,
              -4.543145
            ],
            [
              -56.28303,
              -4.530287
            ],
            [
              -56.276235,
              -4.520359
            ],
            [
              -56.251943,
              -4.492201
            ],
            [
              -56.24706,
              -4.470392
            ],
            [
              -56.254506,
              -4.450046
            ],
            [
              -56.264882,
              -4.429213
            ],
            [
              -56.268463,
              -4.406915
            ],
            [
              -56.260569,
              -4.385756
            ],
            [
              -56.244862,
              -4.369073
            ],
            [
              -56.224965,
              -4.356378
            ],
            [
              -56.204457,
              -4.346612
            ],
            [
              -56.190175,
              -4.342625
            ],
            [
              -56.106435,
              -4.33823
            ],
            [
              -56.083608,
              -4.332045
            ],
            [
              -56.079905,
              -4.329278
            ],
            [
              -56.077748,
              -4.325535
            ],
            [
              -56.072377,
              -4.319513
            ],
            [
              -56.060658,
              -4.311456
            ],
            [
              -56.048248,
              -4.306655
            ],
            [
              -56.02123,
              -4.300226
            ],
            [
              -56.004221,
              -4.293878
            ],
            [
              -55.983713,
              -4.283054
            ],
            [
              -55.96642,
              -4.269708
            ],
            [
              -55.959177,
              -4.255792
            ],
            [
              -55.950917,
              -4.244643
            ],
            [
              -55.839589,
              -4.176609
            ],
            [
              -55.644765,
              -4.005222
            ],
            [
              -55.624379,
              -3.980483
            ],
            [
              -55.567494,
              -3.890558
            ],
            [
              -55.531606,
              -3.848077
            ],
            [
              -55.504221,
              -3.790541
            ],
            [
              -55.496978,
              -3.781427
            ],
            [
              -55.486562,
              -3.772149
            ],
            [
              -55.439198,
              -3.745294
            ],
            [
              -55.426503,
              -3.73504
            ],
            [
              -55.419423,
              -3.722833
            ],
            [
              -55.40803,
              -3.676283
            ],
            [
              -55.393666,
              -3.639093
            ],
            [
              -55.39387,
              -3.626804
            ],
            [
              -55.389963,
              -3.610691
            ],
            [
              -55.364084,
              -3.561375
            ],
            [
              -55.349436,
              -3.487644
            ],
            [
              -55.343739,
              -3.470147
            ],
            [
              -55.22468,
              -3.233412
            ],
            [
              -55.186513,
              -3.179539
            ],
            [
              -55.179351,
              -3.162612
            ],
            [
              -55.176747,
              -3.145685
            ],
            [
              -55.175364,
              -3.110284
            ],
            [
              -55.17162,
              -3.094089
            ],
            [
              -55.161285,
              -3.064467
            ],
            [
              -55.160553,
              -3.047052
            ],
            [
              -55.164377,
              -3.031589
            ],
            [
              -55.176666,
              -3.002455
            ],
            [
              -55.180287,
              -2.987156
            ],
            [
              -55.179514,
              -2.970147
            ],
            [
              -55.159901,
              -2.904474
            ],
            [
              -55.129709,
              -2.859714
            ],
            [
              -55.121816,
              -2.828464
            ],
            [
              -55.129303,
              -2.764337
            ],
            [
              -55.123891,
              -2.732924
            ],
            [
              -55.115956,
              -2.719659
            ],
            [
              -55.095326,
              -2.694268
            ],
            [
              -55.086903,
              -2.680515
            ],
            [
              -55.080922,
              -2.66546
            ],
            [
              -55.077097,
              -2.650079
            ],
            [
              -55.075592,
              -2.63421
            ],
            [
              -55.077463,
              -2.587742
            ],
            [
              -55.057688,
              -2.472833
            ],
            [
              -55.051584,
              -2.455418
            ],
            [
              -55.043121,
              -2.438897
            ],
            [
              -55.032541,
              -2.424981
            ],
            [
              -55.018056,
              -2.413507
            ],
            [
              -55.004872,
              -2.409356
            ],
            [
              -54.972646,
              -2.411065
            ],
            [
              -54.970937,
              -2.419285
            ],
            [
              -54.951283,
              -2.419366
            ],
            [
              -54.932851,
              -2.415216
            ],
            [
              -54.838612,
              -2.375828
            ],
            [
              -54.820546,
              -2.375828
            ],
            [
              -54.814768,
              -2.379897
            ],
            [
              -54.805735,
              -2.391941
            ],
            [
              -54.798004,
              -2.395522
            ],
            [
              -54.792592,
              -2.395196
            ],
            [
              -54.78307,
              -2.390964
            ],
            [
              -54.777943,
              -2.389988
            ],
            [
              -54.773346,
              -2.390802
            ],
            [
              -54.761301,
              -2.395929
            ],
            [
              -54.696685,
              -2.405938
            ],
            [
              -54.676991,
              -2.412286
            ]
          ]
        ]
      }
    },
    {
      "type": "Feature",
      "properties": {
        "dissolve": "204River",
        "scalerank": 5.0,
        "featurecla": "River",
        "name": "Japurá",
        "name_alt": null,
        "rivernum": 204,
        "note": null,
        "min_zoom": 4.7,
        "name_en": "Japurá",
        "min_label": 5.7
      },
      "bbox": [
        -69.454945,
        -3.185479,
        -64.765981,
        -1.199884
      ],
      "geometry": {
        "type": "MultiLineString",
        "coordinates": [
          [
            [
              -69.454945,
              -1.199884
            ],
            [
              -69.421946,
              -1.238621
            ],
            [
              -69.419057,
              -1.284031
            ],
            [
              -69.435496,
              -1.376316
            ],
            [
              -69.434682,
              -1.422052
            ],
            [
              -69.452992,
              -1.490411
            ],
            [
              -69.452707,
              -1.510756
            ],
            [
              -69.444203,
              -1.530694
            ],
            [
              -69.398264,
              -1.577569
            ],
            [
              -69.380686,
              -1.589207
            ],
            [
              -69.3155,
              -1.599949
            ],
            [
              -69.292226,
              -1.606459
            ],
            [
              -69.273549,
              -1.614435
            ],
            [
              -69.225535,
              -1.656427
            ],
            [
              -69.19343,
              -1.668878
            ],
            [
              -69.174428,
              -1.684584
            ],
            [
              -69.088287,
              -1.784845
            ],
            [
              -69.056386,
              -1.812026
            ],
            [
              -69.022328,
              -1.828058
            ],
            [
              -68.998443,
              -1.829604
            ],
            [
              -68.959055,
              -1.817315
            ],
            [
              -68.936716,
              -1.813816
            ],
            [
              -68.926869,
              -1.810561
            ],
            [
              -68.907541,
              -1.796563
            ],
            [
              -68.895741,
              -1.79339
            ],
            [
              -68.781606,
              -1.782078
            ],
            [
              -68.765696,
              -1.776544
            ],
            [
              -68.749257,
              -1.77394
            ],
            [
              -68.680328,
              -1.79339
            ],
            [
              -68.633901,
              -1.794122
            ],
            [
              -68.590891,
              -1.786065
            ],
            [
              -68.551259,
              -1.771498
            ],
            [
              -68.515248,
              -1.752944
            ],
            [
              -68.489247,
              -1.734389
            ],
            [
              -68.474029,
              -1.728041
            ],
            [
              -68.409088,
              -1.721612
            ],
            [
              -68.277455,
              -1.67962
            ],
            [
              -68.220204,
              -1.647638
            ],
            [
              -68.205719,
              -1.642755
            ],
            [
              -68.189361,
              -1.640964
            ],
            [
              -68.12328,
              -1.646173
            ],
            [
              -68.058013,
              -1.633477
            ],
            [
              -68.017079,
              -1.639337
            ],
            [
              -67.975901,
              -1.649835
            ],
            [
              -67.93102,
              -1.65545
            ],
            [
              -67.909617,
              -1.653253
            ],
            [
              -67.867014,
              -1.643976
            ],
            [
              -67.845041,
              -1.641778
            ],
            [
              -67.835113,
              -1.643976
            ],
            [
              -67.814849,
              -1.653253
            ],
            [
              -67.804067,
              -1.65545
            ],
            [
              -67.759023,
              -1.648614
            ],
            [
              -67.68163,
              -1.656264
            ],
            [
              -67.617584,
              -1.685724
            ],
            [
              -67.505767,
              -1.758477
            ],
            [
              -67.47289,
              -1.770847
            ],
            [
              -67.260732,
              -1.797703
            ],
            [
              -67.218455,
              -1.809747
            ],
            [
              -67.184316,
              -1.826104
            ],
            [
              -67.11559,
              -1.869073
            ],
            [
              -67.074656,
              -1.882175
            ],
            [
              -67.026601,
              -1.881362
            ],
            [
              -66.738433,
              -1.777195
            ],
            [
              -66.690826,
              -1.772149
            ],
            [
              -66.602366,
              -1.775405
            ],
            [
              -66.561025,
              -1.771987
            ],
            [
              -66.51891,
              -1.758477
            ],
            [
              -66.455963,
              -1.722182
            ],
            [
              -66.311757,
              -1.703627
            ],
            [
              -66.178456,
              -1.649265
            ],
            [
              -66.141957,
              -1.646905
            ],
            [
              -66.104075,
              -1.654229
            ],
            [
              -66.03718,
              -1.679376
            ],
            [
              -66.015004,
              -1.690444
            ],
            [
              -65.994049,
              -1.703953
            ],
            [
              -65.974233,
              -1.72088
            ],
            [
              -65.956614,
              -1.732924
            ],
            [
              -65.843007,
              -1.769871
            ],
            [
              -65.834299,
              -1.775567
            ],
            [
              -65.752349,
              -1.785821
            ],
            [
              -65.720286,
              -1.798191
            ],
            [
              -65.63565,
              -1.847182
            ],
            [
              -65.581939,
              -1.86712
            ],
            [
              -65.574208,
              -1.877618
            ],
            [
              -65.566762,
              -1.88478
            ],
            [
              -65.518951,
              -1.909356
            ],
            [
              -65.50536,
              -1.918634
            ],
            [
              -65.496327,
              -1.922377
            ],
            [
              -65.484242,
              -1.922377
            ],
            [
              -65.474273,
              -1.916925
            ],
            [
              -65.459869,
              -1.898858
            ],
            [
              -65.453765,
              -1.895033
            ],
            [
              -65.437327,
              -1.890558
            ],
            [
              -65.395741,
              -1.868666
            ],
            [
              -65.374989,
              -1.860854
            ],
            [
              -65.319081,
              -1.848565
            ],
            [
              -65.292836,
              -1.851251
            ],
            [
              -65.271962,
              -1.86769
            ],
            [
              -65.266428,
              -1.88006
            ],
            [
              -65.25829,
              -1.922377
            ],
            [
              -65.240346,
              -1.958836
            ],
            [
              -65.237864,
              -1.966729
            ],
            [
              -65.228342,
              -1.985854
            ],
            [
              -65.192616,
              -2.041518
            ],
            [
              -65.193105,
              -2.063328
            ],
            [
              -65.209869,
              -2.118178
            ],
            [
              -65.237864,
              -2.16253
            ],
            [
              -65.190053,
              -2.200372
            ],
            [
              -65.188222,
              -2.242201
            ],
            [
              -65.18399,
              -2.257989
            ],
            [
              -65.175689,
              -2.271824
            ],
            [
              -65.151235,
              -2.292169
            ],
            [
              -65.139638,
              -2.305515
            ],
            [
              -65.134755,
              -2.323663
            ],
            [
              -65.132192,
              -2.346368
            ],
            [
              -65.1256,
              -2.368178
            ],
            [
              -65.008168,
              -2.575209
            ],
            [
              -65.001088,
              -2.593194
            ],
            [
              -64.998199,
              -2.611668
            ],
            [
              -65.002268,
              -2.631524
            ],
            [
              -65.010121,
              -2.653497
            ],
            [
              -65.015452,
              -2.675958
            ],
            [
              -65.011871,
              -2.696954
            ],
            [
              -64.983754,
              -2.71502
            ],
            [
              -64.905426,
              -2.716323
            ],
            [
              -64.8815,
              -2.744806
            ],
            [
              -64.883534,
              -2.787937
            ],
            [
              -64.910756,
              -2.874688
            ],
            [
              -64.902008,
              -2.909845
            ],
            [
              -64.887522,
              -2.918796
            ],
            [
              -64.849924,
              -2.922703
            ],
            [
              -64.833119,
              -2.929701
            ],
            [
              -64.823354,
              -2.941908
            ],
            [
              -64.819081,
              -2.956231
            ],
            [
              -64.812611,
              -2.991713
            ],
            [
              -64.798411,
              -3.026544
            ],
            [
              -64.770741,
              -3.072198
            ],
            [
              -64.766103,
              -3.083836
            ],
            [
              -64.765981,
              -3.095554
            ],
            [
              -64.77184,
              -3.107924
            ],
            [
              -64.784901,
              -3.125014
            ],
            [
              -64.788157,
              -3.131362
            ],
            [
              -64.789784,
              -3.139662
            ],
            [
              -64.791005,
              -3.15724
            ],
            [
              -64.79662,
              -3.185479
            ]
          ]
        ]
      }
    },
    {
      "type": "Feature",
      "properties": {
        "dissolve": "289River",
        "scalerank": 6.0,
        "featurecla": "River",
        "name": "Purús",
        "name_alt": null,
        "rivernum": 289,
        "note": null,
        "min_zoom": 5.0,
        "name_en": "Purús",
        "min_label": 6.0
      },
      "bbox": [
        -72.426015,
        -10.92726,
        -61.379628,
        -3.66961
      ],
      "geometry": {
        "type": "MultiLineString",
        "coordinates": [
          [
            [
              -72.426015,
              -10.84474
            ],
            [
              -72.388173,
              -10.901869
            ],
            [
              -72.358876,
              -10.924819
            ],
            [
              -72.323598,
              -10.92726
            ],
            [
              -72.3131,
              -10.921401
            ],
            [
              -72.297353,
              -10.904799
            ],
            [
              -72.289459,
              -10.899347
            ],
            [
              -72.279164,
              -10.895522
            ],
            [
              -72.275299,
              -10.89601
            ],
            [
              -72.272532,
              -10.900811
            ],
            [
              -72.265248,
              -10.910007
            ],
            [
              -72.250356,
              -10.913507
            ],
            [
              -72.232045,
              -10.904962
            ],
            [
              -72.21231,
              -10.892755
            ],
            [
              -72.193267,
              -10.885675
            ],
            [
              -72.181508,
              -10.886407
            ],
            [
              -72.160959,
              -10.892267
            ],
            [
              -72.151682,
              -10.893243
            ],
            [
              -72.141835,
              -10.889662
            ],
            [
              -72.129384,
              -10.883722
            ],
            [
              -72.117014,
              -10.879734
            ],
            [
              -72.107289,
              -10.882257
            ],
            [
              -72.09968,
              -10.886895
            ],
            [
              -72.086985,
              -10.892022
            ],
            [
              -72.075022,
              -10.894057
            ],
            [
              -72.069732,
              -10.8895
            ],
            [
              -72.065582,
              -10.878839
            ],
            [
              -72.055979,
              -10.876479
            ],
            [
              -72.036244,
              -10.878839
            ],
            [
              -71.977366,
              -10.860854
            ],
            [
              -71.963938,
              -10.858412
            ],
            [
              -71.950673,
              -10.854018
            ],
            [
              -71.912099,
              -10.823663
            ],
            [
              -71.881663,
              -10.801202
            ],
            [
              -71.866689,
              -10.79282
            ],
            [
              -71.847524,
              -10.789483
            ],
            [
              -71.841664,
              -10.784682
            ],
            [
              -71.837636,
              -10.773614
            ],
            [
              -71.836781,
              -10.761244
            ],
            [
              -71.844838,
              -10.743666
            ],
            [
              -71.841664,
              -10.734796
            ],
            [
              -71.835317,
              -10.726902
            ],
            [
              -71.830149,
              -10.721856
            ],
            [
              -71.816518,
              -10.715997
            ],
            [
              -71.795806,
              -10.71087
            ],
            [
              -71.776967,
              -10.703464
            ],
            [
              -71.768666,
              -10.691095
            ],
            [
              -71.764394,
              -10.68255
            ],
            [
              -71.754018,
              -10.682306
            ],
            [
              -71.730824,
              -10.687677
            ],
            [
              -71.718658,
              -10.683608
            ],
            [
              -71.686147,
              -10.653497
            ],
            [
              -71.666737,
              -10.646905
            ],
            [
              -71.641591,
              -10.642267
            ],
            [
              -71.61974,
              -10.635431
            ],
            [
              -71.610422,
              -10.622247
            ],
            [
              -71.603098,
              -10.60296
            ],
            [
              -71.585072,
              -10.599949
            ],
            [
              -71.542144,
              -10.605808
            ],
            [
              -71.47761,
              -10.605808
            ],
            [
              -71.463531,
              -10.600274
            ],
            [
              -71.448476,
              -10.587905
            ],
            [
              -71.426096,
              -10.564304
            ],
            [
              -71.391591,
              -10.539239
            ],
            [
              -71.376088,
              -10.523126
            ],
            [
              -71.377675,
              -10.508966
            ],
            [
              -71.353871,
              -10.488132
            ],
            [
              -71.296132,
              -10.466729
            ],
            [
              -71.257721,
              -10.442885
            ],
            [
              -71.245676,
              -10.440281
            ],
            [
              -71.236969,
              -10.434259
            ],
            [
              -71.233632,
              -10.416436
            ],
            [
              -71.228261,
              -10.402765
            ],
            [
              -71.214711,
              -10.397312
            ],
            [
              -71.179677,
              -10.392267
            ],
            [
              -71.139272,
              -10.378106
            ],
            [
              -71.131296,
              -10.371759
            ],
            [
              -71.128163,
              -10.351251
            ],
            [
              -71.135854,
              -10.334812
            ],
            [
              -71.146392,
              -10.320652
            ],
            [
              -71.151723,
              -10.30698
            ],
            [
              -71.146067,
              -10.301772
            ],
            [
              -71.132802,
              -10.298761
            ],
            [
              -71.107045,
              -10.296726
            ],
            [
              -71.095815,
              -10.290541
            ],
            [
              -71.058909,
              -10.260431
            ],
            [
              -71.048695,
              -10.248224
            ],
            [
              -71.056793,
              -10.228936
            ],
            [
              -71.059316,
              -10.208836
            ],
            [
              -71.052358,
              -10.193211
            ],
            [
              -71.031972,
              -10.186863
            ],
            [
              -71.023183,
              -10.149265
            ],
            [
              -71.022206,
              -10.123468
            ],
            [
              -71.031972,
              -10.111749
            ],
            [
              -71.03718,
              -10.100112
            ],
            [
              -71.030588,
              -10.07464
            ],
            [
              -71.014597,
              -10.036554
            ],
            [
              -70.983144,
              -10.005711
            ],
            [
              -70.980784,
              -9.990248
            ],
            [
              -71.000885,
              -9.974542
            ],
            [
              -70.968332,
              -9.950372
            ],
            [
              -70.956207,
              -9.947198
            ],
            [
              -70.931508,
              -9.946629
            ],
            [
              -70.92101,
              -9.942804
            ],
            [
              -70.911529,
              -9.933526
            ],
            [
              -70.920766,
              -9.910496
            ],
            [
              -70.910756,
              -9.889093
            ],
            [
              -70.878,
              -9.858412
            ],
            [
              -70.859486,
              -9.834324
            ],
            [
              -70.853505,
              -9.830499
            ],
            [
              -70.797231,
              -9.812026
            ],
            [
              -70.788686,
              -9.806004
            ],
            [
              -70.783559,
              -9.795912
            ],
            [
              -70.781158,
              -9.761163
            ],
            [
              -70.777821,
              -9.75685
            ],
            [
              -70.769643,
              -9.757826
            ],
            [
              -70.754506,
              -9.755385
            ],
            [
              -70.733266,
              -9.743992
            ],
            [
              -70.713857,
              -9.7256
            ],
            [
              -70.706166,
              -9.705092
            ],
            [
              -70.719716,
              -9.686537
            ],
            [
              -70.702138,
              -9.63006
            ],
            [
              -70.690012,
              -9.605401
            ],
            [
              -70.671946,
              -9.604669
            ],
            [
              -70.659332,
              -9.581476
            ],
            [
              -70.644032,
              -9.569268
            ],
            [
              -70.623036,
              -9.564386
            ],
            [
              -70.593455,
              -9.563653
            ],
            [
              -70.588246,
              -9.565444
            ],
            [
              -70.574656,
              -9.567722
            ],
            [
              -70.565256,
              -9.565281
            ],
            [
              -70.578847,
              -9.541681
            ],
            [
              -70.576894,
              -9.528985
            ],
            [
              -70.568674,
              -9.519057
            ],
            [
              -70.555898,
              -9.515802
            ],
            [
              -70.557932,
              -9.512384
            ],
            [
              -70.560536,
              -9.504815
            ],
            [
              -70.562652,
              -9.501642
            ],
            [
              -70.544016,
              -9.493341
            ],
            [
              -70.539052,
              -9.48089
            ],
            [
              -70.536448,
              -9.464288
            ],
            [
              -70.524526,
              -9.443862
            ],
            [
              -70.504018,
              -9.417657
            ],
            [
              -70.5006,
              -9.416192
            ],
            [
              -70.493398,
              -9.407078
            ],
            [
              -70.488637,
              -9.397882
            ],
            [
              -70.486928,
              -9.385593
            ],
            [
              -70.492747,
              -9.373549
            ],
            [
              -70.502024,
              -9.367201
            ],
            [
              -70.505605,
              -9.361668
            ],
            [
              -70.494456,
              -9.351414
            ],
            [
              -70.483998,
              -9.3506
            ],
            [
              -70.472401,
              -9.354832
            ],
            [
              -70.462961,
              -9.356378
            ],
            [
              -70.459055,
              -9.347589
            ],
            [
              -70.455922,
              -9.337254
            ],
            [
              -70.44225,
              -9.316583
            ],
            [
              -70.435129,
              -9.293878
            ],
            [
              -70.426584,
              -9.302179
            ],
            [
              -70.419057,
              -9.316827
            ],
            [
              -70.41808,
              -9.323419
            ],
            [
              -70.401845,
              -9.32586
            ],
            [
              -70.386342,
              -9.318048
            ],
            [
              -70.374827,
              -9.30169
            ],
            [
              -70.370269,
              -9.279148
            ],
            [
              -70.362294,
              -9.256524
            ],
            [
              -70.34317,
              -9.248224
            ],
            [
              -70.320546,
              -9.244155
            ],
            [
              -70.301991,
              -9.234063
            ],
            [
              -70.299916,
              -9.219659
            ],
            [
              -70.300445,
              -9.175144
            ],
            [
              -70.287343,
              -9.161554
            ],
            [
              -70.287953,
              -9.152195
            ],
            [
              -70.286855,
              -9.142755
            ],
            [
              -70.277821,
              -9.138523
            ],
            [
              -70.267486,
              -9.141127
            ],
            [
              -70.257924,
              -9.146905
            ],
            [
              -70.246978,
              -9.151788
            ],
            [
              -70.233144,
              -9.152195
            ],
            [
              -70.225209,
              -9.147638
            ],
            [
              -70.216257,
              -9.139011
            ],
            [
              -70.208852,
              -9.12892
            ],
            [
              -70.2058,
              -9.121108
            ],
            [
              -70.198476,
              -9.117201
            ],
            [
              -70.162221,
              -9.114272
            ],
            [
              -70.147776,
              -9.107436
            ],
            [
              -70.132395,
              -9.090834
            ],
            [
              -70.122996,
              -9.084324
            ],
            [
              -70.112294,
              -9.083185
            ],
            [
              -70.092844,
              -9.083836
            ],
            [
              -70.077992,
              -9.080743
            ],
            [
              -70.054799,
              -9.066583
            ],
            [
              -70.037913,
              -9.063409
            ],
            [
              -69.995473,
              -9.070245
            ],
            [
              -69.979848,
              -9.069513
            ],
            [
              -69.972239,
              -9.06642
            ],
            [
              -69.963938,
              -9.058282
            ],
            [
              -69.955963,
              -9.056573
            ],
            [
              -69.945302,
              -9.058933
            ],
            [
              -69.942494,
              -9.064467
            ],
            [
              -69.942128,
              -9.07114
            ],
            [
              -69.938873,
              -9.076349
            ],
            [
              -69.914052,
              -9.088067
            ],
            [
              -69.883656,
              -9.097589
            ],
            [
              -69.861684,
              -9.093927
            ],
            [
              -69.855458,
              -9.09881
            ],
            [
              -69.863149,
              -9.118015
            ],
            [
              -69.847279,
              -9.106622
            ],
            [
              -69.814605,
              -9.064955
            ],
            [
              -69.808583,
              -9.052748
            ],
            [
              -69.799428,
              -9.047052
            ],
            [
              -69.753,
              -9.046075
            ],
            [
              -69.733469,
              -9.042901
            ],
            [
              -69.727366,
              -9.036635
            ],
            [
              -69.72468,
              -9.028823
            ],
            [
              -69.719472,
              -9.022963
            ],
            [
              -69.706166,
              -9.022963
            ],
            [
              -69.703725,
              -9.027276
            ],
            [
              -69.699818,
              -9.036147
            ],
            [
              -69.694692,
              -9.045099
            ],
            [
              -69.688466,
              -9.049168
            ],
            [
              -69.671498,
              -9.052423
            ],
            [
              -69.661977,
              -9.051935
            ],
            [
              -69.657704,
              -9.046075
            ],
            [
              -69.652699,
              -9.04046
            ],
            [
              -69.641428,
              -9.039727
            ],
            [
              -69.623606,
              -9.042901
            ],
            [
              -69.619944,
              -9.048517
            ],
            [
              -69.617055,
              -9.05755
            ],
            [
              -69.612172,
              -9.064386
            ],
            [
              -69.602447,
              -9.063409
            ],
            [
              -69.599029,
              -9.05698
            ],
            [
              -69.596588,
              -9.034356
            ],
            [
              -69.5926,
              -9.026056
            ],
            [
              -69.571848,
              -8.993504
            ],
            [
              -69.565256,
              -8.988295
            ],
            [
              -69.543935,
              -8.990411
            ],
            [
              -69.490142,
              -9.007338
            ],
            [
              -69.467641,
              -9.008803
            ],
            [
              -69.448598,
              -8.998224
            ],
            [
              -69.438629,
              -8.957208
            ],
            [
              -69.434926,
              -8.950535
            ],
            [
              -69.410715,
              -8.933038
            ],
            [
              -69.3815,
              -8.898777
            ],
            [
              -69.36974,
              -8.892022
            ],
            [
              -69.347808,
              -8.888116
            ],
            [
              -69.331207,
              -8.887628
            ],
            [
              -69.31664,
              -8.882501
            ],
            [
              -69.300852,
              -8.864679
            ],
            [
              -69.285268,
              -8.836847
            ],
            [
              -69.274566,
              -8.828627
            ],
            [
              -69.253651,
              -8.823175
            ],
            [
              -69.21581,
              -8.823175
            ],
            [
              -69.195302,
              -8.816746
            ],
            [
              -69.185414,
              -8.816339
            ],
            [
              -69.197011,
              -8.800144
            ],
            [
              -69.193837,
              -8.792657
            ],
            [
              -69.182118,
              -8.78753
            ],
            [
              -69.155588,
              -8.771661
            ],
            [
              -69.113393,
              -8.757501
            ],
            [
              -69.099436,
              -8.754815
            ],
            [
              -69.092112,
              -8.756362
            ],
            [
              -69.07726,
              -8.76214
            ],
            [
              -69.068105,
              -8.761733
            ],
            [
              -69.062001,
              -8.758966
            ],
            [
              -69.0537,
              -8.751316
            ],
            [
              -69.047597,
              -8.748061
            ],
            [
              -69.029978,
              -8.743097
            ],
            [
              -69.012441,
              -8.740899
            ],
            [
              -68.995473,
              -8.744073
            ],
            [
              -68.979319,
              -8.754815
            ],
            [
              -68.971181,
              -8.740248
            ],
            [
              -68.964182,
              -8.723565
            ],
            [
              -68.954335,
              -8.714044
            ],
            [
              -68.937734,
              -8.720717
            ],
            [
              -68.926747,
              -8.707452
            ],
            [
              -68.917388,
              -8.713067
            ],
            [
              -68.904205,
              -8.740655
            ],
            [
              -68.894154,
              -8.730401
            ],
            [
              -68.887563,
              -8.728041
            ],
            [
              -68.85554,
              -8.739435
            ],
            [
              -68.846995,
              -8.743666
            ],
            [
              -68.842152,
              -8.748061
            ],
            [
              -68.842641,
              -8.757826
            ],
            [
              -68.855946,
              -8.772638
            ],
            [
              -68.855824,
              -8.782159
            ],
            [
              -68.847239,
              -8.791518
            ],
            [
              -68.835805,
              -8.794285
            ],
            [
              -68.824086,
              -8.790948
            ],
            [
              -68.814809,
              -8.782159
            ],
            [
              -68.797678,
              -8.803074
            ],
            [
              -68.780629,
              -8.785496
            ],
            [
              -68.764394,
              -8.758477
            ],
            [
              -68.749664,
              -8.751397
            ],
            [
              -68.742502,
              -8.765151
            ],
            [
              -68.743642,
              -8.797052
            ],
            [
              -68.739735,
              -8.810073
            ],
            [
              -68.727447,
              -8.817071
            ],
            [
              -68.692738,
              -8.822442
            ],
            [
              -68.678293,
              -8.83058
            ],
            [
              -68.66804,
              -8.823175
            ],
            [
              -68.660308,
              -8.830011
            ],
            [
              -68.65038,
              -8.857924
            ],
            [
              -68.650095,
              -8.865737
            ],
            [
              -68.65331,
              -8.870457
            ],
            [
              -68.6551,
              -8.875014
            ],
            [
              -68.65038,
              -8.883966
            ],
            [
              -68.645334,
              -8.885186
            ],
            [
              -68.619944,
              -8.883966
            ],
            [
              -68.617543,
              -8.890069
            ],
            [
              -68.595082,
              -8.926202
            ],
            [
              -68.596913,
              -8.931329
            ],
            [
              -68.607045,
              -8.947117
            ],
            [
              -68.609364,
              -8.954115
            ],
            [
              -68.607167,
              -8.96087
            ],
            [
              -68.59732,
              -8.975763
            ],
            [
              -68.595082,
              -8.984552
            ],
            [
              -68.596832,
              -9.001804
            ],
            [
              -68.598988,
              -9.011407
            ],
            [
              -68.59675,
              -9.019708
            ],
            [
              -68.58552,
              -9.032647
            ],
            [
              -68.569814,
              -9.043308
            ],
            [
              -68.560496,
              -9.04046
            ],
            [
              -68.547963,
              -9.022963
            ],
            [
              -68.520863,
              -9.011163
            ],
            [
              -68.495595,
              -9.013116
            ],
            [
              -68.472401,
              -9.026544
            ],
            [
              -68.451731,
              -9.049168
            ],
            [
              -68.457346,
              -9.051202
            ],
            [
              -68.461659,
              -9.054701
            ],
            [
              -68.464426,
              -9.059747
            ],
            [
              -68.465403,
              -9.06642
            ],
            [
              -68.463735,
              -9.075128
            ],
            [
              -68.459177,
              -9.076186
            ],
            [
              -68.452463,
              -9.074884
            ],
            [
              -68.444325,
              -9.076349
            ],
            [
              -68.43106,
              -9.081394
            ],
            [
              -68.416615,
              -9.083998
            ],
            [
              -68.404205,
              -9.084812
            ],
            [
              -68.397084,
              -9.083836
            ],
            [
              -68.391672,
              -9.079034
            ],
            [
              -68.390859,
              -9.066827
            ],
            [
              -68.386586,
              -9.059991
            ],
            [
              -68.377024,
              -9.055678
            ],
            [
              -68.369781,
              -9.059584
            ],
            [
              -68.363352,
              -9.066257
            ],
            [
              -68.356191,
              -9.069513
            ],
            [
              -68.332509,
              -9.066746
            ],
            [
              -68.320546,
              -9.070326
            ],
            [
              -68.307729,
              -9.083836
            ],
            [
              -68.29719,
              -9.064793
            ],
            [
              -68.291168,
              -9.05698
            ],
            [
              -68.282338,
              -9.055841
            ],
            [
              -68.263376,
              -9.056573
            ],
            [
              -68.255279,
              -9.053399
            ],
            [
              -68.24059,
              -9.039239
            ],
            [
              -68.235422,
              -9.036065
            ],
            [
              -68.225697,
              -9.038751
            ],
            [
              -68.221669,
              -9.044936
            ],
            [
              -68.219553,
              -9.052748
            ],
            [
              -68.21524,
              -9.059991
            ],
            [
              -68.201039,
              -9.062188
            ],
            [
              -68.186513,
              -9.055352
            ],
            [
              -68.17516,
              -9.054132
            ],
            [
              -68.170562,
              -9.072931
            ],
            [
              -68.165354,
              -9.076349
            ],
            [
              -68.153798,
              -9.066583
            ],
            [
              -68.142323,
              -9.049981
            ],
            [
              -68.137074,
              -9.032647
            ],
            [
              -68.131215,
              -9.019057
            ],
            [
              -68.116811,
              -9.009291
            ],
            [
              -68.098988,
              -9.003351
            ],
            [
              -68.082428,
              -9.001886
            ],
            [
              -68.074371,
              -9.005222
            ],
            [
              -68.066274,
              -9.011407
            ],
            [
              -68.057485,
              -9.01629
            ],
            [
              -68.047678,
              -9.015558
            ],
            [
              -68.040639,
              -9.008233
            ],
            [
              -68.040842,
              -8.998712
            ],
            [
              -68.042592,
              -8.988946
            ],
            [
              -68.040191,
              -8.980808
            ],
            [
              -68.023061,
              -8.970066
            ],
            [
              -68.010406,
              -8.975518
            ],
            [
              -67.997304,
              -8.985528
            ],
            [
              -67.978749,
              -8.988295
            ],
            [
              -67.966298,
              -8.981622
            ],
            [
              -67.924143,
              -8.94671
            ],
            [
              -67.907948,
              -8.941095
            ],
            [
              -67.900217,
              -8.931329
            ],
            [
              -67.889394,
              -8.898858
            ],
            [
              -67.876291,
              -8.925632
            ],
            [
              -67.868886,
              -8.930108
            ],
            [
              -67.855865,
              -8.926202
            ],
            [
              -67.834788,
              -8.898858
            ],
            [
              -67.802887,
              -8.876153
            ],
            [
              -67.794342,
              -8.872247
            ],
            [
              -67.76651,
              -8.864679
            ],
            [
              -67.750559,
              -8.85711
            ],
            [
              -67.717152,
              -8.835138
            ],
            [
              -67.70816,
              -8.83058
            ],
            [
              -67.678578,
              -8.826023
            ],
            [
              -67.663075,
              -8.828302
            ],
            [
              -67.630686,
              -8.853448
            ],
            [
              -67.616363,
              -8.857354
            ],
            [
              -67.606028,
              -8.851251
            ],
            [
              -67.60204,
              -8.833673
            ],
            [
              -67.587636,
              -8.80226
            ],
            [
              -67.522817,
              -8.796889
            ],
            [
              -67.505767,
              -8.774754
            ],
            [
              -67.491851,
              -8.787937
            ],
            [
              -67.483754,
              -8.793471
            ],
            [
              -67.475087,
              -8.795831
            ],
            [
              -67.466135,
              -8.792983
            ],
            [
              -67.461374,
              -8.786065
            ],
            [
              -67.457509,
              -8.777195
            ],
            [
              -67.451161,
              -8.768569
            ],
            [
              -67.397898,
              -8.726088
            ],
            [
              -67.382314,
              -8.720717
            ],
            [
              -67.382314,
              -8.713881
            ],
            [
              -67.399281,
              -8.684991
            ],
            [
              -67.389963,
              -8.652195
            ],
            [
              -67.371775,
              -8.618341
            ],
            [
              -67.361806,
              -8.586765
            ],
            [
              -67.363108,
              -8.563979
            ],
            [
              -67.3662,
              -8.553237
            ],
            [
              -67.372385,
              -8.548842
            ],
            [
              -67.405141,
              -8.562677
            ],
            [
              -67.410227,
              -8.559421
            ],
            [
              -67.406972,
              -8.547703
            ],
            [
              -67.392934,
              -8.529799
            ],
            [
              -67.38976,
              -8.51808
            ],
            [
              -67.393666,
              -8.513686
            ],
            [
              -67.402211,
              -8.517918
            ],
            [
              -67.410512,
              -8.524754
            ],
            [
              -67.413645,
              -8.528253
            ],
            [
              -67.427235,
              -8.52044
            ],
            [
              -67.416697,
              -8.503351
            ],
            [
              -67.398549,
              -8.486993
            ],
            [
              -67.38976,
              -8.481134
            ],
            [
              -67.387847,
              -8.463393
            ],
            [
              -67.425893,
              -8.465183
            ],
            [
              -67.436879,
              -8.447117
            ],
            [
              -67.432973,
              -8.434421
            ],
            [
              -67.422963,
              -8.434259
            ],
            [
              -67.411488,
              -8.438653
            ],
            [
              -67.403432,
              -8.43963
            ],
            [
              -67.396067,
              -8.431492
            ],
            [
              -67.390452,
              -8.420424
            ],
            [
              -67.374827,
              -8.378757
            ],
            [
              -67.370107,
              -8.371596
            ],
            [
              -67.361806,
              -8.364597
            ],
            [
              -67.352773,
              -8.363621
            ],
            [
              -67.34439,
              -8.368097
            ],
            [
              -67.336252,
              -8.369155
            ],
            [
              -67.327707,
              -8.357599
            ],
            [
              -67.346344,
              -8.336847
            ],
            [
              -67.36852,
              -8.322442
            ],
            [
              -67.380523,
              -8.306817
            ],
            [
              -67.368642,
              -8.281915
            ],
            [
              -67.336252,
              -8.251804
            ],
            [
              -67.326527,
              -8.231134
            ],
            [
              -67.335113,
              -8.206882
            ],
            [
              -67.321441,
              -8.192234
            ],
            [
              -67.285878,
              -8.173517
            ],
            [
              -67.273061,
              -8.159031
            ],
            [
              -67.296051,
              -8.161147
            ],
            [
              -67.295766,
              -8.153009
            ],
            [
              -67.273061,
              -8.131036
            ],
            [
              -67.255767,
              -8.108575
            ],
            [
              -67.242909,
              -8.09881
            ],
            [
              -67.22525,
              -8.097019
            ],
            [
              -67.231557,
              -8.080987
            ],
            [
              -67.254384,
              -8.062351
            ],
            [
              -67.259389,
              -8.049168
            ],
            [
              -67.254994,
              -8.042494
            ],
            [
              -67.23351,
              -8.024347
            ],
            [
              -67.22525,
              -8.015069
            ],
            [
              -67.249257,
              -8.013035
            ],
            [
              -67.259429,
              -8.000421
            ],
            [
              -67.256663,
              -7.986342
            ],
            [
              -67.242014,
              -7.979669
            ],
            [
              -67.222808,
              -7.975437
            ],
            [
              -67.217193,
              -7.963718
            ],
            [
              -67.218455,
              -7.925714
            ],
            [
              -67.214345,
              -7.910333
            ],
            [
              -67.205515,
              -7.897312
            ],
            [
              -67.191965,
              -7.888116
            ],
            [
              -67.173695,
              -7.884698
            ],
            [
              -67.153635,
              -7.89129
            ],
            [
              -67.141347,
              -7.892999
            ],
            [
              -67.135854,
              -7.888116
            ],
            [
              -67.134836,
              -7.882989
            ],
            [
              -67.130116,
              -7.873712
            ],
            [
              -67.129018,
              -7.867608
            ],
            [
              -67.131581,
              -7.861261
            ],
            [
              -67.141835,
              -7.850925
            ],
            [
              -67.14269,
              -7.843683
            ],
            [
              -67.131744,
              -7.831069
            ],
            [
              -67.115468,
              -7.830011
            ],
            [
              -67.100697,
              -7.826349
            ],
            [
              -67.094309,
              -7.805841
            ],
            [
              -67.085805,
              -7.796238
            ],
            [
              -67.046335,
              -7.806085
            ],
            [
              -67.034088,
              -7.795912
            ],
            [
              -67.036244,
              -7.787774
            ],
            [
              -67.050526,
              -7.771173
            ],
            [
              -67.053334,
              -7.761733
            ],
            [
              -67.048695,
              -7.752862
            ],
            [
              -67.03954,
              -7.745782
            ],
            [
              -67.030629,
              -7.744073
            ],
            [
              -67.017934,
              -7.762872
            ],
            [
              -66.999501,
              -7.767999
            ],
            [
              -66.982655,
              -7.761895
            ],
            [
              -66.978871,
              -7.740655
            ],
            [
              -66.984975,
              -7.738295
            ],
            [
              -66.997792,
              -7.728692
            ],
            [
              -67.007069,
              -7.718276
            ],
            [
              -67.002431,
              -7.713393
            ],
            [
              -66.968821,
              -7.716485
            ],
            [
              -66.955678,
              -7.714044
            ],
            [
              -66.968984,
              -7.690851
            ],
            [
              -66.963002,
              -7.680841
            ],
            [
              -66.950103,
              -7.674249
            ],
            [
              -66.937245,
              -7.671808
            ],
            [
              -66.92516,
              -7.675958
            ],
            [
              -66.912506,
              -7.68198
            ],
            [
              -66.901967,
              -7.679539
            ],
            [
              -66.896311,
              -7.658136
            ],
            [
              -66.888824,
              -7.658136
            ],
            [
              -66.886057,
              -7.666925
            ],
            [
              -66.875803,
              -7.686049
            ],
            [
              -66.843251,
              -7.658868
            ],
            [
              -66.82433,
              -7.648289
            ],
            [
              -66.803456,
              -7.643894
            ],
            [
              -66.779612,
              -7.650079
            ],
            [
              -66.776682,
              -7.665379
            ],
            [
              -66.777699,
              -7.683933
            ],
            [
              -66.76594,
              -7.700372
            ],
            [
              -66.74706,
              -7.69907
            ],
            [
              -66.711659,
              -7.661554
            ],
            [
              -66.694244,
              -7.651869
            ],
            [
              -66.691558,
              -7.653985
            ],
            [
              -66.680572,
              -7.668634
            ],
            [
              -66.676747,
              -7.669773
            ],
            [
              -66.665761,
              -7.666518
            ],
            [
              -66.659779,
              -7.665541
            ],
            [
              -66.653228,
              -7.661798
            ],
            [
              -66.648549,
              -7.652765
            ],
            [
              -66.643056,
              -7.630792
            ],
            [
              -66.64387,
              -7.621108
            ],
            [
              -66.647125,
              -7.612319
            ],
            [
              -66.648427,
              -7.604181
            ],
            [
              -66.643056,
              -7.596694
            ],
            [
              -66.633941,
              -7.595392
            ],
            [
              -66.622426,
              -7.598972
            ],
            [
              -66.612538,
              -7.603855
            ],
            [
              -66.608266,
              -7.606866
            ],
            [
              -66.604197,
              -7.613132
            ],
            [
              -66.594716,
              -7.613621
            ],
            [
              -66.577545,
              -7.610284
            ],
            [
              -66.569936,
              -7.60532
            ],
            [
              -66.566558,
              -7.59588
            ],
            [
              -66.560902,
              -7.590183
            ],
            [
              -66.546213,
              -7.596694
            ],
            [
              -66.539906,
              -7.60589
            ],
            [
              -66.534006,
              -7.629246
            ],
            [
              -66.525746,
              -7.637628
            ],
            [
              -66.517323,
              -7.636651
            ],
            [
              -66.515818,
              -7.62599
            ],
            [
              -66.51891,
              -7.606866
            ],
            [
              -66.515492,
              -7.5888
            ],
            [
              -66.506418,
              -7.571303
            ],
            [
              -66.493276,
              -7.55698
            ],
            [
              -66.477976,
              -7.548272
            ],
            [
              -66.45759,
              -7.545424
            ],
            [
              -66.416127,
              -7.546726
            ],
            [
              -66.396677,
              -7.542006
            ],
            [
              -66.381418,
              -7.531671
            ],
            [
              -66.353668,
              -7.504734
            ],
            [
              -66.333974,
              -7.493666
            ],
            [
              -66.321685,
              -7.515069
            ],
            [
              -66.314443,
              -7.540867
            ],
            [
              -66.318837,
              -7.556655
            ],
            [
              -66.34142,
              -7.548272
            ],
            [
              -66.339833,
              -7.571791
            ],
            [
              -66.327626,
              -7.584161
            ],
            [
              -66.308583,
              -7.586928
            ],
            [
              -66.286773,
              -7.582452
            ],
            [
              -66.277333,
              -7.577162
            ],
            [
              -66.260854,
              -7.564386
            ],
            [
              -66.252024,
              -7.561375
            ],
            [
              -66.241567,
              -7.565606
            ],
            [
              -66.233062,
              -7.573907
            ],
            [
              -66.225453,
              -7.57586
            ],
            [
              -66.217885,
              -7.561375
            ],
            [
              -66.210439,
              -7.561375
            ],
            [
              -66.204701,
              -7.577488
            ],
            [
              -66.186879,
              -7.604832
            ],
            [
              -66.183095,
              -7.614109
            ],
            [
              -66.175771,
              -7.621433
            ],
            [
              -66.140614,
              -7.627293
            ],
            [
              -66.128489,
              -7.630792
            ],
            [
              -66.128489,
              -7.637628
            ],
            [
              -66.163238,
              -7.651869
            ],
            [
              -66.14981,
              -7.663914
            ],
            [
              -66.129465,
              -7.664727
            ],
            [
              -66.084096,
              -7.658136
            ],
            [
              -66.066558,
              -7.652195
            ],
            [
              -66.049306,
              -7.642267
            ],
            [
              -66.038319,
              -7.640313
            ],
            [
              -66.039703,
              -7.658136
            ],
            [
              -66.044138,
              -7.664483
            ],
            [
              -66.057729,
              -7.678074
            ],
            [
              -66.060211,
              -7.686049
            ],
            [
              -66.057118,
              -7.696954
            ],
            [
              -66.05016,
              -7.705987
            ],
            [
              -66.040517,
              -7.709405
            ],
            [
              -66.012685,
              -7.692804
            ],
            [
              -65.93456,
              -7.66603
            ],
            [
              -65.926259,
              -7.664483
            ],
            [
              -65.91686,
              -7.665541
            ],
            [
              -65.905141,
              -7.670912
            ],
            [
              -65.901235,
              -7.677179
            ],
            [
              -65.898997,
              -7.685235
            ],
            [
              -65.887074,
              -7.706231
            ],
            [
              -65.883901,
              -7.715997
            ],
            [
              -65.878082,
              -7.723484
            ],
            [
              -65.865061,
              -7.726414
            ],
            [
              -65.850901,
              -7.721124
            ],
            [
              -65.849029,
              -7.708998
            ],
            [
              -65.854197,
              -7.686049
            ],
            [
              -65.851755,
              -7.66546
            ],
            [
              -65.847035,
              -7.659682
            ],
            [
              -65.834299,
              -7.658136
            ],
            [
              -65.822581,
              -7.663914
            ],
            [
              -65.814931,
              -7.675632
            ],
            [
              -65.809275,
              -7.687026
            ],
            [
              -65.803293,
              -7.692315
            ],
            [
              -65.800649,
              -7.695489
            ],
            [
              -65.783274,
              -7.708429
            ],
            [
              -65.779042,
              -7.709975
            ],
            [
              -65.774892,
              -7.717625
            ],
            [
              -65.766265,
              -7.70672
            ],
            [
              -65.758901,
              -7.691583
            ],
            [
              -65.758534,
              -7.686049
            ],
            [
              -65.756663,
              -7.680597
            ],
            [
              -65.754872,
              -7.673191
            ],
            [
              -65.75064,
              -7.669366
            ],
            [
              -65.741526,
              -7.675226
            ],
            [
              -65.727528,
              -7.700372
            ],
            [
              -65.722035,
              -7.704441
            ],
            [
              -65.714101,
              -7.712905
            ],
            [
              -65.701812,
              -7.720066
            ],
            [
              -65.683461,
              -7.720147
            ],
            [
              -65.67394,
              -7.713311
            ],
            [
              -65.669301,
              -7.701186
            ],
            [
              -65.665761,
              -7.687433
            ],
            [
              -65.651357,
              -7.659194
            ],
            [
              -65.653066,
              -7.648451
            ],
            [
              -65.652008,
              -7.643243
            ],
            [
              -65.63565,
              -7.643894
            ],
            [
              -65.628651,
              -7.646661
            ],
            [
              -65.614613,
              -7.656183
            ],
            [
              -65.604644,
              -7.658136
            ],
            [
              -65.595815,
              -7.657159
            ],
            [
              -65.579823,
              -7.652846
            ],
            [
              -65.570465,
              -7.651869
            ],
            [
              -65.552968,
              -7.647882
            ],
            [
              -65.544586,
              -7.638523
            ],
            [
              -65.538808,
              -7.61769
            ],
            [
              -65.533274,
              -7.605157
            ],
            [
              -65.524037,
              -7.590346
            ],
            [
              -65.511138,
              -7.583022
            ],
            [
              -65.494781,
              -7.59295
            ],
            [
              -65.464345,
              -7.637628
            ],
            [
              -65.459584,
              -7.625177
            ],
            [
              -65.456899,
              -7.612237
            ],
            [
              -65.452707,
              -7.599949
            ],
            [
              -65.443227,
              -7.589288
            ],
            [
              -65.430043,
              -7.603855
            ],
            [
              -65.425689,
              -7.610772
            ],
            [
              -65.42276,
              -7.61769
            ],
            [
              -65.415924,
              -7.61769
            ],
            [
              -65.419301,
              -7.595554
            ],
            [
              -65.437571,
              -7.556085
            ],
            [
              -65.436431,
              -7.542006
            ],
            [
              -65.41983,
              -7.532159
            ],
            [
              -65.400868,
              -7.53631
            ],
            [
              -65.367543,
              -7.555678
            ],
            [
              -65.360707,
              -7.534601
            ],
            [
              -65.388051,
              -7.507826
            ],
            [
              -65.330637,
              -7.479425
            ],
            [
              -65.322621,
              -7.477472
            ],
            [
              -65.314687,
              -7.472507
            ],
            [
              -65.308502,
              -7.464858
            ],
            [
              -65.30606,
              -7.455743
            ],
            [
              -65.302113,
              -7.450209
            ],
            [
              -65.292714,
              -7.445733
            ],
            [
              -65.271962,
              -7.438409
            ],
            [
              -65.239695,
              -7.44671
            ],
            [
              -65.205312,
              -7.398451
            ],
            [
              -65.175689,
              -7.404229
            ],
            [
              -65.173085,
              -7.41131
            ],
            [
              -65.172027,
              -7.422214
            ],
            [
              -65.169423,
              -7.43255
            ],
            [
              -65.162099,
              -7.438409
            ],
            [
              -65.154612,
              -7.435724
            ],
            [
              -65.151194,
              -7.426772
            ],
            [
              -65.149037,
              -7.416192
            ],
            [
              -65.145334,
              -7.408054
            ],
            [
              -65.136057,
              -7.392755
            ],
            [
              -65.132151,
              -7.374444
            ],
            [
              -65.132192,
              -7.356866
            ],
            [
              -65.134755,
              -7.343438
            ],
            [
              -65.139963,
              -7.334893
            ],
            [
              -65.146962,
              -7.327569
            ],
            [
              -65.152943,
              -7.319757
            ],
            [
              -65.155263,
              -7.309259
            ],
            [
              -65.151845,
              -7.29933
            ],
            [
              -65.144846,
              -7.291192
            ],
            [
              -65.137929,
              -7.287774
            ],
            [
              -65.134755,
              -7.291925
            ],
            [
              -65.130483,
              -7.301202
            ],
            [
              -65.10912,
              -7.322931
            ],
            [
              -65.090159,
              -7.336765
            ],
            [
              -65.077748,
              -7.343438
            ],
            [
              -65.064158,
              -7.348321
            ],
            [
              -65.049713,
              -7.350274
            ],
            [
              -65.036488,
              -7.345554
            ],
            [
              -65.025787,
              -7.336602
            ],
            [
              -65.01415,
              -7.330987
            ],
            [
              -64.998199,
              -7.336602
            ],
            [
              -64.978383,
              -7.320326
            ],
            [
              -64.975982,
              -7.295587
            ],
            [
              -64.979563,
              -7.268976
            ],
            [
              -64.977691,
              -7.247247
            ],
            [
              -64.96345,
              -7.236668
            ],
            [
              -64.941355,
              -7.236993
            ],
            [
              -64.916819,
              -7.244317
            ],
            [
              -64.895172,
              -7.254734
            ],
            [
              -64.90807,
              -7.261407
            ],
            [
              -64.918813,
              -7.269382
            ],
            [
              -64.921132,
              -7.276869
            ],
            [
              -64.908844,
              -7.282078
            ],
            [
              -64.889882,
              -7.281752
            ],
            [
              -64.874664,
              -7.278823
            ],
            [
              -64.859446,
              -7.279148
            ],
            [
              -64.840566,
              -7.288751
            ],
            [
              -64.837229,
              -7.273858
            ],
            [
              -64.829905,
              -7.255385
            ],
            [
              -64.818471,
              -7.244317
            ],
            [
              -64.803049,
              -7.25099
            ],
            [
              -64.794179,
              -7.25099
            ],
            [
              -64.7801,
              -7.217462
            ],
            [
              -64.771677,
              -7.206231
            ],
            [
              -64.741567,
              -7.215671
            ],
            [
              -64.716257,
              -7.192397
            ],
            [
              -64.690419,
              -7.160658
            ],
            [
              -64.658681,
              -7.144871
            ],
            [
              -64.639272,
              -7.140802
            ],
            [
              -64.642649,
              -7.130304
            ],
            [
              -64.654693,
              -7.115737
            ],
            [
              -64.661773,
              -7.099786
            ],
            [
              -64.634429,
              -7.098077
            ],
            [
              -64.613759,
              -7.093601
            ],
            [
              -64.600413,
              -7.082859
            ],
            [
              -64.648793,
              -7.065606
            ],
            [
              -64.645253,
              -7.053562
            ],
            [
              -64.635976,
              -7.047052
            ],
            [
              -64.62267,
              -7.04575
            ],
            [
              -64.607167,
              -7.048679
            ],
            [
              -64.600901,
              -7.053643
            ],
            [
              -64.58434,
              -7.063979
            ],
            [
              -64.56725,
              -7.070977
            ],
            [
              -64.559397,
              -7.065606
            ],
            [
              -64.563466,
              -7.048272
            ],
            [
              -64.573598,
              -7.035577
            ],
            [
              -64.613718,
              -7.001804
            ],
            [
              -64.614695,
              -6.998224
            ],
            [
              -64.610219,
              -6.99505
            ],
            [
              -64.603627,
              -6.973972
            ],
            [
              -64.59675,
              -6.967218
            ],
            [
              -64.591705,
              -6.959161
            ],
            [
              -64.594146,
              -6.945652
            ],
            [
              -64.608022,
              -6.927748
            ],
            [
              -64.647084,
              -6.899916
            ],
            [
              -64.661773,
              -6.883477
            ],
            [
              -64.651926,
              -6.877862
            ],
            [
              -64.613393,
              -6.866713
            ],
            [
              -64.609609,
              -6.859389
            ],
            [
              -64.589467,
              -6.836358
            ],
            [
              -64.579905,
              -6.829522
            ],
            [
              -64.573232,
              -6.843927
            ],
            [
              -64.559926,
              -6.845636
            ],
            [
              -64.553212,
              -6.83587
            ],
            [
              -64.566233,
              -6.815281
            ],
            [
              -64.576039,
              -6.811212
            ],
            [
              -64.58727,
              -6.810073
            ],
            [
              -64.596547,
              -6.805597
            ],
            [
              -64.600413,
              -6.791681
            ],
            [
              -64.593984,
              -6.785089
            ],
            [
              -64.565785,
              -6.777846
            ],
            [
              -64.559397,
              -6.771173
            ],
            [
              -64.5572,
              -6.760186
            ],
            [
              -64.553578,
              -6.750502
            ],
            [
              -64.552805,
              -6.741713
            ],
            [
              -64.559397,
              -6.733331
            ],
            [
              -64.566029,
              -6.736017
            ],
            [
              -64.57787,
              -6.742201
            ],
            [
              -64.589182,
              -6.744968
            ],
            [
              -64.594146,
              -6.736749
            ],
            [
              -64.590647,
              -6.716648
            ],
            [
              -64.580678,
              -6.703058
            ],
            [
              -64.565378,
              -6.693373
            ],
            [
              -64.545766,
              -6.685479
            ],
            [
              -64.527821,
              -6.695977
            ],
            [
              -64.506988,
              -6.69964
            ],
            [
              -64.466624,
              -6.699151
            ],
            [
              -64.466135,
              -6.687433
            ],
            [
              -64.455068,
              -6.633233
            ],
            [
              -64.449574,
              -6.617201
            ],
            [
              -64.430857,
              -6.600274
            ],
            [
              -64.411122,
              -6.594578
            ],
            [
              -64.390045,
              -6.592462
            ],
            [
              -64.367299,
              -6.586928
            ],
            [
              -64.359446,
              -6.582696
            ],
            [
              -64.34496,
              -6.571303
            ],
            [
              -64.317616,
              -6.556655
            ],
            [
              -64.310374,
              -6.549737
            ],
            [
              -64.305287,
              -6.538914
            ],
            [
              -64.294667,
              -6.501886
            ],
            [
              -64.291371,
              -6.482761
            ],
            [
              -64.291331,
              -6.462742
            ],
            [
              -64.304799,
              -6.342136
            ],
            [
              -64.302235,
              -6.321303
            ],
            [
              -64.294911,
              -6.30226
            ],
            [
              -64.285471,
              -6.290948
            ],
            [
              -64.274485,
              -6.280938
            ],
            [
              -64.265981,
              -6.269545
            ],
            [
              -64.260935,
              -6.24627
            ],
            [
              -64.267079,
              -6.178725
            ],
            [
              -64.275787,
              -6.146661
            ],
            [
              -64.311716,
              -6.064386
            ],
            [
              -64.319488,
              -6.036961
            ],
            [
              -64.321848,
              -6.011082
            ],
            [
              -64.314931,
              -5.969252
            ],
            [
              -64.318674,
              -5.951023
            ],
            [
              -64.337066,
              -5.941746
            ],
            [
              -64.347279,
              -5.942234
            ],
            [
              -64.366363,
              -5.947117
            ],
            [
              -64.376047,
              -5.947117
            ],
            [
              -64.384877,
              -5.94378
            ],
            [
              -64.389963,
              -5.938165
            ],
            [
              -64.39387,
              -5.931329
            ],
            [
              -64.399241,
              -5.92433
            ],
            [
              -64.406809,
              -5.918634
            ],
            [
              -64.415273,
              -5.915541
            ],
            [
              -64.424306,
              -5.914239
            ],
            [
              -64.444325,
              -5.914727
            ],
            [
              -64.451405,
              -5.913995
            ],
            [
              -64.457143,
              -5.910577
            ],
            [
              -64.463938,
              -5.902765
            ],
            [
              -64.471344,
              -5.884129
            ],
            [
              -64.464426,
              -5.870294
            ],
            [
              -64.413889,
              -5.833917
            ],
            [
              -64.39981,
              -5.816339
            ],
            [
              -64.392445,
              -5.795831
            ],
            [
              -64.393422,
              -5.771173
            ],
            [
              -64.398915,
              -5.734226
            ],
            [
              -64.396962,
              -5.715834
            ],
            [
              -64.389231,
              -5.698419
            ],
            [
              -64.373891,
              -5.685235
            ],
            [
              -64.358306,
              -5.685968
            ],
            [
              -64.341786,
              -5.691908
            ],
            [
              -64.323557,
              -5.694675
            ],
            [
              -64.305409,
              -5.685561
            ],
            [
              -64.306223,
              -5.668878
            ],
            [
              -64.317006,
              -5.649754
            ],
            [
              -64.32901,
              -5.634129
            ],
            [
              -64.335846,
              -5.616143
            ],
            [
              -64.32901,
              -5.601251
            ],
            [
              -64.313222,
              -5.591485
            ],
            [
              -64.29308,
              -5.587905
            ],
            [
              -64.282582,
              -5.589044
            ],
            [
              -64.255849,
              -5.59767
            ],
            [
              -64.246083,
              -5.599298
            ],
            [
              -64.238189,
              -5.598158
            ],
            [
              -64.220326,
              -5.591811
            ],
            [
              -64.203481,
              -5.588881
            ],
            [
              -64.180409,
              -5.589207
            ],
            [
              -64.161733,
              -5.595147
            ],
            [
              -64.15807,
              -5.609714
            ],
            [
              -64.163971,
              -5.616713
            ],
            [
              -64.180735,
              -5.626316
            ],
            [
              -64.184804,
              -5.634617
            ],
            [
              -64.181956,
              -5.644545
            ],
            [
              -64.173166,
              -5.649591
            ],
            [
              -64.104319,
              -5.654799
            ],
            [
              -64.083608,
              -5.648451
            ],
            [
              -64.078196,
              -5.630304
            ],
            [
              -64.085276,
              -5.613946
            ],
            [
              -64.086171,
              -5.605971
            ],
            [
              -64.081207,
              -5.596694
            ],
            [
              -64.074656,
              -5.591729
            ],
            [
              -64.0655,
              -5.58823
            ],
            [
              -64.04776,
              -5.584649
            ],
            [
              -64.027821,
              -5.585463
            ],
            [
              -64.01065,
              -5.590671
            ],
            [
              -63.977895,
              -5.607843
            ],
            [
              -63.962148,
              -5.613214
            ],
            [
              -63.942983,
              -5.615086
            ],
            [
              -63.924143,
              -5.612644
            ],
            [
              -63.909291,
              -5.60589
            ],
            [
              -63.906972,
              -5.602716
            ],
            [
              -63.904775,
              -5.595636
            ],
            [
              -63.901763,
              -5.592462
            ],
            [
              -63.897206,
              -5.590834
            ],
            [
              -63.891265,
              -5.590183
            ],
            [
              -63.885243,
              -5.590265
            ],
            [
              -63.880442,
              -5.591241
            ],
            [
              -63.872874,
              -5.595636
            ],
            [
              -63.868235,
              -5.601983
            ],
            [
              -63.865793,
              -5.609796
            ],
            [
              -63.863515,
              -5.63478
            ],
            [
              -63.858388,
              -5.646417
            ],
            [
              -63.848541,
              -5.653009
            ],
            [
              -63.832957,
              -5.654148
            ],
            [
              -63.817616,
              -5.650893
            ],
            [
              -63.810536,
              -5.651218
            ],
            [
              -63.803822,
              -5.655287
            ],
            [
              -63.798899,
              -5.664972
            ],
            [
              -63.797475,
              -5.677586
            ],
            [
              -63.798451,
              -5.701674
            ],
            [
              -63.797231,
              -5.712579
            ],
            [
              -63.793568,
              -5.719252
            ],
            [
              -63.787343,
              -5.723158
            ],
            [
              -63.778554,
              -5.726007
            ],
            [
              -63.76415,
              -5.727227
            ],
            [
              -63.758372,
              -5.722101
            ],
            [
              -63.754018,
              -5.713881
            ],
            [
              -63.743804,
              -5.705499
            ],
            [
              -63.725982,
              -5.700698
            ],
            [
              -63.665354,
              -5.705499
            ],
            [
              -63.646881,
              -5.701186
            ],
            [
              -63.628326,
              -5.694757
            ],
            [
              -63.613759,
              -5.695326
            ],
            [
              -63.607289,
              -5.712254
            ],
            [
              -63.612131,
              -5.731459
            ],
            [
              -63.635935,
              -5.760105
            ],
            [
              -63.641428,
              -5.777195
            ],
            [
              -63.633656,
              -5.785658
            ],
            [
              -63.595041,
              -5.784112
            ],
            [
              -63.579335,
              -5.787449
            ],
            [
              -63.585805,
              -5.799168
            ],
            [
              -63.585439,
              -5.809096
            ],
            [
              -63.580393,
              -5.816827
            ],
            [
              -63.572499,
              -5.822117
            ],
            [
              -63.529164,
              -5.798761
            ],
            [
              -63.517893,
              -5.794285
            ],
            [
              -63.482737,
              -5.787042
            ],
            [
              -63.478749,
              -5.77866
            ],
            [
              -63.49059,
              -5.760105
            ],
            [
              -63.47468,
              -5.744155
            ],
            [
              -63.44872,
              -5.73211
            ],
            [
              -63.421335,
              -5.726983
            ],
            [
              -63.401194,
              -5.73211
            ],
            [
              -63.391428,
              -5.74627
            ],
            [
              -63.389027,
              -5.759698
            ],
            [
              -63.385732,
              -5.769871
            ],
            [
              -63.37328,
              -5.773777
            ],
            [
              -63.360463,
              -5.771417
            ],
            [
              -63.312611,
              -5.739435
            ],
            [
              -63.229604,
              -5.662449
            ],
            [
              -63.134348,
              -5.616713
            ],
            [
              -63.140207,
              -5.647149
            ],
            [
              -63.155019,
              -5.665704
            ],
            [
              -63.162709,
              -5.682061
            ],
            [
              -63.147328,
              -5.705499
            ],
            [
              -63.119781,
              -5.725763
            ],
            [
              -63.080719,
              -5.745619
            ],
            [
              -63.045766,
              -5.749688
            ],
            [
              -63.030629,
              -5.722182
            ],
            [
              -63.038401,
              -5.662612
            ],
            [
              -63.048166,
              -5.629083
            ],
            [
              -63.069895,
              -5.593113
            ],
            [
              -63.069081,
              -5.579767
            ],
            [
              -63.062327,
              -5.568536
            ],
            [
              -63.052358,
              -5.561456
            ],
            [
              -63.033844,
              -5.557306
            ],
            [
              -63.019846,
              -5.561049
            ],
            [
              -62.989695,
              -5.582533
            ],
            [
              -62.983998,
              -5.567804
            ],
            [
              -62.980295,
              -5.553399
            ],
            [
              -62.981313,
              -5.538018
            ],
            [
              -62.989695,
              -5.52044
            ],
            [
              -62.998402,
              -5.51336
            ],
            [
              -63.025014,
              -5.496515
            ],
            [
              -63.030629,
              -5.489679
            ],
            [
              -63.031809,
              -5.484877
            ],
            [
              -63.036936,
              -5.470392
            ],
            [
              -63.038075,
              -5.462091
            ],
            [
              -63.033599,
              -5.459487
            ],
            [
              -63.01183,
              -5.458347
            ],
            [
              -63.003977,
              -5.458998
            ],
            [
              -62.972035,
              -5.476495
            ],
            [
              -62.960601,
              -5.476414
            ],
            [
              -62.956166,
              -5.455418
            ],
            [
              -62.963206,
              -5.426121
            ],
            [
              -62.96109,
              -5.414972
            ],
            [
              -62.945627,
              -5.410577
            ],
            [
              -62.936879,
              -5.414402
            ],
            [
              -62.917633,
              -5.441583
            ],
            [
              -62.907379,
              -5.448256
            ],
            [
              -62.898671,
              -5.448093
            ],
            [
              -62.889963,
              -5.445326
            ],
            [
              -62.879791,
              -5.444757
            ],
            [
              -62.844716,
              -5.452325
            ],
            [
              -62.83019,
              -5.450128
            ],
            [
              -62.835764,
              -5.434747
            ],
            [
              -62.857289,
              -5.410984
            ],
            [
              -62.856272,
              -5.400893
            ],
            [
              -62.838857,
              -5.390151
            ],
            [
              -62.831451,
              -5.404229
            ],
            [
              -62.827545,
              -5.390151
            ],
            [
              -62.824818,
              -5.334812
            ],
            [
              -62.820546,
              -5.315118
            ],
            [
              -62.819569,
              -5.304132
            ],
            [
              -62.821238,
              -5.291518
            ],
            [
              -62.832631,
              -5.25978
            ],
            [
              -62.831858,
              -5.237726
            ],
            [
              -62.827992,
              -5.217706
            ],
            [
              -62.830719,
              -5.203302
            ],
            [
              -62.871246,
              -5.191583
            ],
            [
              -62.872426,
              -5.177423
            ],
            [
              -62.861318,
              -5.161472
            ],
            [
              -62.846303,
              -5.149916
            ],
            [
              -62.813466,
              -5.133477
            ],
            [
              -62.777903,
              -5.110528
            ],
            [
              -62.755971,
              -5.081557
            ],
            [
              -62.764312,
              -5.04754
            ],
            [
              -62.779775,
              -5.029148
            ],
            [
              -62.788197,
              -5.014988
            ],
            [
              -62.785512,
              -4.998956
            ],
            [
              -62.767812,
              -4.975518
            ],
            [
              -62.749379,
              -4.959649
            ],
            [
              -62.715403,
              -4.94378
            ],
            [
              -62.695465,
              -4.931492
            ],
            [
              -62.660512,
              -4.892592
            ],
            [
              -62.637156,
              -4.873468
            ],
            [
              -62.626576,
              -4.879571
            ],
            [
              -62.627594,
              -4.900893
            ],
            [
              -62.6315,
              -4.915379
            ],
            [
              -62.65392,
              -4.952
            ],
            [
              -62.664418,
              -4.97739
            ],
            [
              -62.658111,
              -4.987481
            ],
            [
              -62.640452,
              -4.984063
            ],
            [
              -62.616607,
              -4.968683
            ],
            [
              -62.595367,
              -4.949558
            ],
            [
              -62.585032,
              -4.934015
            ],
            [
              -62.582672,
              -4.91603
            ],
            [
              -62.587717,
              -4.858331
            ],
            [
              -62.592397,
              -4.848321
            ],
            [
              -62.601552,
              -4.841729
            ],
            [
              -62.612864,
              -4.838311
            ],
            [
              -62.622467,
              -4.832208
            ],
            [
              -62.626576,
              -4.817804
            ],
            [
              -62.618072,
              -4.805027
            ],
            [
              -62.599477,
              -4.80991
            ],
            [
              -62.571929,
              -4.827813
            ],
            [
              -62.557362,
              -4.84116
            ],
            [
              -62.544667,
              -4.855808
            ],
            [
              -62.535227,
              -4.869806
            ],
            [
              -62.528635,
              -4.874933
            ],
            [
              -62.521067,
              -4.872735
            ],
            [
              -62.514272,
              -4.862319
            ],
            [
              -62.511708,
              -4.840834
            ],
            [
              -62.506744,
              -4.831476
            ],
            [
              -62.494944,
              -4.827488
            ],
            [
              -62.473866,
              -4.842625
            ],
            [
              -62.462066,
              -4.842136
            ],
            [
              -62.454539,
              -4.82407
            ],
            [
              -62.481923,
              -4.779311
            ],
            [
              -62.483225,
              -4.759454
            ],
            [
              -62.466379,
              -4.74741
            ],
            [
              -62.443674,
              -4.745782
            ],
            [
              -62.418365,
              -4.747573
            ],
            [
              -62.393788,
              -4.745945
            ],
            [
              -62.378896,
              -4.740574
            ],
            [
              -62.374094,
              -4.73504
            ],
            [
              -62.372304,
              -4.728041
            ],
            [
              -62.366526,
              -4.71795
            ],
            [
              -62.365549,
              -4.712823
            ],
            [
              -62.366607,
              -4.706231
            ],
            [
              -62.366851,
              -4.700535
            ],
            [
              -62.363108,
              -4.698093
            ],
            [
              -62.34142,
              -4.702813
            ],
            [
              -62.339182,
              -4.704278
            ],
            [
              -62.329254,
              -4.697931
            ],
            [
              -62.320872,
              -4.690606
            ],
            [
              -62.311391,
              -4.684991
            ],
            [
              -62.298207,
              -4.68377
            ],
            [
              -62.28893,
              -4.687921
            ],
            [
              -62.249827,
              -4.711765
            ],
            [
              -62.225657,
              -4.705255
            ],
            [
              -62.201243,
              -4.713311
            ],
            [
              -62.179636,
              -4.723077
            ],
            [
              -62.164174,
              -4.721612
            ],
            [
              -62.119456,
              -4.663425
            ],
            [
              -62.056549,
              -4.545099
            ],
            [
              -62.023915,
              -4.519952
            ],
            [
              -62.012929,
              -4.517918
            ],
            [
              -61.992828,
              -4.517755
            ],
            [
              -61.982289,
              -4.513116
            ],
            [
              -61.972239,
              -4.503595
            ],
            [
              -61.965891,
              -4.492364
            ],
            [
              -61.966908,
              -4.482924
            ],
            [
              -61.979197,
              -4.478936
            ],
            [
              -62.049184,
              -4.492364
            ],
            [
              -62.064809,
              -4.485772
            ],
            [
              -62.056793,
              -4.465834
            ],
            [
              -62.027943,
              -4.436375
            ],
            [
              -61.993398,
              -4.409112
            ],
            [
              -61.968617,
              -4.396417
            ],
            [
              -61.946156,
              -4.398126
            ],
            [
              -61.917592,
              -4.4131
            ],
            [
              -61.897288,
              -4.416925
            ],
            [
              -61.884958,
              -4.407647
            ],
            [
              -61.878407,
              -4.38657
            ],
            [
              -61.873036,
              -4.348565
            ],
            [
              -61.858388,
              -4.313653
            ],
            [
              -61.844309,
              -4.29575
            ],
            [
              -61.81428,
              -4.298761
            ],
            [
              -61.794057,
              -4.290541
            ],
            [
              -61.763173,
              -4.272882
            ],
            [
              -61.74474,
              -4.265639
            ],
            [
              -61.726959,
              -4.26157
            ],
            [
              -61.668935,
              -4.257257
            ],
            [
              -61.651479,
              -4.251479
            ],
            [
              -61.637685,
              -4.242852
            ],
            [
              -61.626047,
              -4.231948
            ],
            [
              -61.581532,
              -4.173191
            ],
            [
              -61.564565,
              -4.14129
            ],
            [
              -61.551503,
              -4.108412
            ],
            [
              -61.543813,
              -4.065362
            ],
            [
              -61.537262,
              -4.053155
            ],
            [
              -61.445953,
              -3.954929
            ],
            [
              -61.431142,
              -3.944513
            ],
            [
              -61.387766,
              -3.899754
            ],
            [
              -61.379628,
              -3.886163
            ],
            [
              -61.380279,
              -3.868097
            ],
            [
              -61.383412,
              -3.853204
            ],
            [
              -61.390614,
              -3.839369
            ],
            [
              -61.403472,
              -3.824558
            ],
            [
              -61.412709,
              -3.808526
            ],
            [
              -61.422027,
              -3.770359
            ],
            [
              -61.431142,
              -3.755548
            ],
            [
              -61.440419,
              -3.74505
            ],
            [
              -61.468373,
              -3.69378
            ],
            [
              -61.477162,
              -3.680678
            ],
            [
              -61.483388,
              -3.66961
            ]
          ]
        ]
      }
    },
    {
      "type": "Feature",
      "properties": {
        "dissolve": "2Lake Centerline",
        "scalerank": 1.0,
        "featurecla": "Lake Centerline",
        "name": "Amazonas",
        "name_alt": "Amazon",
        "rivernum": 2,
        "note": null,
        "min_zoom": 2.0,
        "name_en": "Amazonas",
        "min_label": 3.0
      },
      "bbox": [
        -54.330922,
        -2.256768,
        -54.143463,
        -2.18963
      ],
      "geometry": {
        "type": "MultiLineString",
        "coordinates": [
          [
            [
              -54.320872,
              -2.18963
            ],
            [
              -54.321034,
              -2.189793
            ],
            [
              -54.321156,
              -2.189874
            ],
            [
              -54.327952,
              -2.19728
            ],
            [
              -54.330922,
              -2.213393
            ],
            [
              -54.320302,
              -2.232599
            ],
            [
              -54.305898,
              -2.246921
            ],
            [
              -54.286936,
              -2.250828
            ],
            [
              -54.26415,
              -2.253432
            ],
            [
              -54.243276,
              -2.256768
            ],
            [
              -54.222401,
              -2.255222
            ],
            [
              -54.199656,
              -2.249933
            ],
            [
              -54.158396,
              -2.247491
            ],
            [
              -54.143625,
              -2.24505
            ],
            [
              -54.143544,
              -2.24505
            ],
            [
              -54.143463,
              -2.24505
            ]
          ]
        ]
      }
    },
    {
      "type": "Feature",
      "properties": {
        "dissolve": "2River",
        "scalerank": 1.0,
        "featurecla": "River",
        "name": "Amazonas",
        "name_alt": "Amazon",
        "rivernum": 2,
        "note": null,
        "min_zoom": 2.0,
        "name_en": "Amazonas",
        "min_label": 3.0
      },
      "bbox": [
        -73.488637,
        -4.444838,
        -52.711781,
        -1.583836
      ],
      "geometry": {
        "type": "MultiLineString",
        "coordinates": [
          [
            [
              -52.711781,
              -1.583836
            ],
            [
              -52.765248,
              -1.59474
            ],
            [
              -52.850779,
              -1.598647
            ],
            [
              -52.893137,
              -1.606785
            ],
            [
              -52.927561,
              -1.620131
            ],
            [
              -52.958079,
              -1.637872
            ],
            [
              -52.984975,
              -1.66017
            ],
            [
              -53.036977,
              -1.718764
            ],
            [
              -53.068512,
              -1.740899
            ],
            [
              -53.190785,
              -1.802748
            ],
            [
              -53.217356,
              -1.811863
            ],
            [
              -53.245351,
              -1.817071
            ],
            [
              -53.315256,
              -1.818048
            ],
            [
              -53.338287,
              -1.821466
            ],
            [
              -53.437978,
              -1.854994
            ],
            [
              -53.710317,
              -1.897393
            ],
            [
              -53.779408,
              -1.917983
            ],
            [
              -53.911977,
              -1.985691
            ],
            [
              -54.034983,
              -2.078302
            ],
            [
              -54.05663,
              -2.109552
            ],
            [
              -54.066151,
              -2.1513
            ],
            [
              -54.062815,
              -2.284519
            ],
            [
              -54.073883,
              -2.329929
            ],
            [
              -54.130849,
              -2.361179
            ],
            [
              -54.160959,
              -2.372898
            ],
            [
              -54.192454,
              -2.380711
            ],
            [
              -54.300771,
              -2.390151
            ],
            [
              -54.525136,
              -2.440362
            ],
            [
              -54.574534,
              -2.450372
            ],
            [
              -54.636138,
              -2.444757
            ],
            [
              -54.676991,
              -2.412286
            ],
            [
              -54.699086,
              -2.361261
            ],
            [
              -54.704457,
              -2.299493
            ],
            [
              -54.703033,
              -2.284682
            ],
            [
              -54.699818,
              -2.271498
            ],
            [
              -54.694488,
              -2.258966
            ],
            [
              -54.673207,
              -2.224786
            ],
            [
              -54.670766,
              -2.213556
            ],
            [
              -54.673777,
              -2.200372
            ],
            [
              -54.692779,
              -2.173517
            ],
            [
              -54.721344,
              -2.151707
            ],
            [
              -54.753977,
              -2.135431
            ],
            [
              -54.819936,
              -2.113946
            ],
            [
              -54.835601,
              -2.10589
            ],
            [
              -54.86559,
              -2.084893
            ],
            [
              -54.879384,
              -2.077569
            ],
            [
              -54.894399,
              -2.073419
            ],
            [
              -54.91218,
              -2.073093
            ],
            [
              -54.946645,
              -2.081069
            ],
            [
              -54.976389,
              -2.098484
            ],
            [
              -55.000844,
              -2.123061
            ],
            [
              -55.033803,
              -2.177423
            ],
            [
              -55.043121,
              -2.186863
            ],
            [
              -55.056264,
              -2.194024
            ],
            [
              -55.090159,
              -2.197931
            ],
            [
              -55.315378,
              -2.13478
            ],
            [
              -55.328603,
              -2.12713
            ],
            [
              -55.351633,
              -2.103041
            ],
            [
              -55.405832,
              -2.017755
            ],
            [
              -55.429636,
              -1.996759
            ],
            [
              -55.514882,
              -1.949558
            ],
            [
              -55.571929,
              -1.917169
            ],
            [
              -55.602773,
              -1.907729
            ],
            [
              -55.636138,
              -1.908054
            ],
            [
              -55.662953,
              -1.916925
            ],
            [
              -55.737498,
              -1.966323
            ],
            [
              -55.76891,
              -1.98211
            ],
            [
              -55.80012,
              -1.98797
            ],
            [
              -55.866811,
              -1.991388
            ],
            [
              -55.944651,
              -2.003839
            ],
            [
              -56.020497,
              -2.003839
            ],
            [
              -56.052195,
              -2.013523
            ],
            [
              -56.079213,
              -2.034356
            ],
            [
              -56.127919,
              -2.08351
            ],
            [
              -56.129709,
              -2.091485
            ],
            [
              -56.191762,
              -2.162449
            ],
            [
              -56.36144,
              -2.277683
            ],
            [
              -56.472646,
              -2.423517
            ],
            [
              -56.504547,
              -2.492608
            ],
            [
              -56.519154,
              -2.512221
            ],
            [
              -56.539947,
              -2.527358
            ],
            [
              -56.636545,
              -2.57114
            ],
            [
              -56.723337,
              -2.589288
            ],
            [
              -56.752512,
              -2.59002
            ],
            [
              -56.795522,
              -2.585626
            ],
            [
              -56.890452,
              -2.560479
            ],
            [
              -56.913808,
              -2.551202
            ],
            [
              -56.957346,
              -2.521987
            ],
            [
              -56.968861,
              -2.516127
            ],
            [
              -56.980133,
              -2.51214
            ],
            [
              -56.991322,
              -2.509942
            ],
            [
              -57.002878,
              -2.509129
            ],
            [
              -57.01537,
              -2.509454
            ],
            [
              -57.129994,
              -2.531671
            ],
            [
              -57.139312,
              -2.534601
            ],
            [
              -57.14684,
              -2.540379
            ],
            [
              -57.159169,
              -2.555678
            ],
            [
              -57.165273,
              -2.560886
            ],
            [
              -57.177113,
              -2.564874
            ],
            [
              -57.190053,
              -2.565444
            ],
            [
              -57.202707,
              -2.562839
            ],
            [
              -57.28067,
              -2.50921
            ],
            [
              -57.294667,
              -2.504246
            ],
            [
              -57.300526,
              -2.501316
            ],
            [
              -57.319325,
              -2.486179
            ],
            [
              -57.333892,
              -2.469089
            ],
            [
              -57.407297,
              -2.409194
            ],
            [
              -57.462026,
              -2.386895
            ],
            [
              -57.488108,
              -2.383233
            ],
            [
              -57.514394,
              -2.384454
            ],
            [
              -57.538279,
              -2.391127
            ],
            [
              -57.572011,
              -2.417494
            ],
            [
              -57.597727,
              -2.457208
            ],
            [
              -57.680653,
              -2.629815
            ],
            [
              -57.700185,
              -2.652358
            ],
            [
              -57.770823,
              -2.705092
            ],
            [
              -57.779368,
              -2.714044
            ],
            [
              -57.797922,
              -2.743504
            ],
            [
              -57.806956,
              -2.75213
            ],
            [
              -57.817616,
              -2.758803
            ],
            [
              -57.840484,
              -2.769464
            ],
            [
              -58.053822,
              -2.839776
            ],
            [
              -58.084828,
              -2.857273
            ],
            [
              -58.110585,
              -2.879571
            ],
            [
              -58.131296,
              -2.906671
            ],
            [
              -58.14684,
              -2.938816
            ],
            [
              -58.150461,
              -2.953464
            ],
            [
              -58.152333,
              -2.998468
            ],
            [
              -58.155019,
              -3.012221
            ],
            [
              -58.179799,
              -3.076511
            ],
            [
              -58.191274,
              -3.154962
            ],
            [
              -58.207997,
              -3.195977
            ],
            [
              -58.237172,
              -3.215509
            ],
            [
              -58.274566,
              -3.219089
            ],
            [
              -58.315907,
              -3.211847
            ],
            [
              -58.475087,
              -3.157078
            ],
            [
              -58.502756,
              -3.159601
            ],
            [
              -58.527089,
              -3.171808
            ],
            [
              -58.550689,
              -3.190281
            ],
            [
              -58.591542,
              -3.231459
            ],
            [
              -58.605824,
              -3.253595
            ],
            [
              -58.622711,
              -3.302179
            ],
            [
              -58.635487,
              -3.324395
            ],
            [
              -58.659983,
              -3.340753
            ],
            [
              -58.689076,
              -3.342299
            ],
            [
              -58.749094,
              -3.333673
            ],
            [
              -58.770457,
              -3.335789
            ],
            [
              -58.833363,
              -3.349054
            ],
            [
              -58.843821,
              -3.348647
            ],
            [
              -58.909047,
              -3.327488
            ],
            [
              -58.917307,
              -3.321791
            ],
            [
              -58.937611,
              -3.302423
            ],
            [
              -58.956939,
              -3.292169
            ],
            [
              -58.96288,
              -3.287937
            ],
            [
              -58.967397,
              -3.282159
            ],
            [
              -58.970774,
              -3.276381
            ],
            [
              -58.975168,
              -3.271498
            ],
            [
              -58.9829,
              -3.268406
            ],
            [
              -58.984771,
              -3.260186
            ],
            [
              -58.996775,
              -3.257989
            ],
            [
              -59.02831,
              -3.244561
            ],
            [
              -59.050771,
              -3.239272
            ],
            [
              -59.07315,
              -3.23919
            ],
            [
              -59.118153,
              -3.24627
            ],
            [
              -59.146596,
              -3.246596
            ],
            [
              -59.280385,
              -3.222101
            ],
            [
              -59.302561,
              -3.213311
            ],
            [
              -59.360911,
              -3.172703
            ],
            [
              -59.374827,
              -3.16603
            ],
            [
              -59.398915,
              -3.160658
            ],
            [
              -59.448069,
              -3.156671
            ],
            [
              -59.470774,
              -3.150567
            ],
            [
              -59.542144,
              -3.11297
            ],
            [
              -59.549631,
              -3.110528
            ],
            [
              -59.556467,
              -3.109063
            ],
            [
              -59.563385,
              -3.109063
            ],
            [
              -59.582387,
              -3.111749
            ],
            [
              -59.614125,
              -3.108087
            ],
            [
              -59.614695,
              -3.104994
            ],
            [
              -59.629547,
              -3.099054
            ],
            [
              -59.654368,
              -3.081231
            ],
            [
              -59.663971,
              -3.076511
            ],
            [
              -59.674143,
              -3.072931
            ],
            [
              -59.684722,
              -3.070733
            ],
            [
              -59.77831,
              -3.071954
            ],
            [
              -59.806142,
              -3.076349
            ],
            [
              -59.887563,
              -3.099298
            ],
            [
              -59.89684,
              -3.104994
            ],
            [
              -59.903798,
              -3.11419
            ],
            [
              -59.906361,
              -3.13128
            ],
            [
              -59.896596,
              -3.167332
            ],
            [
              -59.896108,
              -3.185235
            ],
            [
              -59.898549,
              -3.19142
            ],
            [
              -59.902252,
              -3.19614
            ],
            [
              -59.924631,
              -3.212335
            ],
            [
              -59.943593,
              -3.231378
            ],
            [
              -59.982533,
              -3.260756
            ],
            [
              -60.165151,
              -3.336765
            ],
            [
              -60.189849,
              -3.339532
            ],
            [
              -60.212392,
              -3.334161
            ],
            [
              -60.2683,
              -3.297296
            ],
            [
              -60.317006,
              -3.29046
            ],
            [
              -60.470774,
              -3.324395
            ],
            [
              -60.520579,
              -3.326104
            ],
            [
              -60.569081,
              -3.340997
            ],
            [
              -60.581899,
              -3.343276
            ],
            [
              -60.6079,
              -3.343927
            ],
            [
              -60.620839,
              -3.342706
            ],
            [
              -60.638539,
              -3.337905
            ],
            [
              -60.65567,
              -3.331069
            ],
            [
              -60.673004,
              -3.326349
            ],
            [
              -60.691396,
              -3.327976
            ],
            [
              -60.704457,
              -3.334812
            ],
            [
              -60.713735,
              -3.34474
            ],
            [
              -60.720041,
              -3.357354
            ],
            [
              -60.732249,
              -3.401544
            ],
            [
              -60.738515,
              -3.415704
            ],
            [
              -60.747222,
              -3.429376
            ],
            [
              -60.762074,
              -3.444675
            ],
            [
              -60.796254,
              -3.470066
            ],
            [
              -60.811757,
              -3.484552
            ],
            [
              -60.82315,
              -3.501642
            ],
            [
              -60.840199,
              -3.539076
            ],
            [
              -60.851186,
              -3.556573
            ],
            [
              -60.880198,
              -3.586602
            ],
            [
              -60.913808,
              -3.608575
            ],
            [
              -60.95108,
              -3.617852
            ],
            [
              -60.991282,
              -3.609877
            ],
            [
              -61.016428,
              -3.600518
            ],
            [
              -61.040191,
              -3.595147
            ],
            [
              -61.188629,
              -3.589858
            ],
            [
              -61.218007,
              -3.596531
            ],
            [
              -61.2506,
              -3.611179
            ],
            [
              -61.263824,
              -3.612481
            ],
            [
              -61.325103,
              -3.606948
            ],
            [
              -61.377309,
              -3.61004
            ],
            [
              -61.402252,
              -3.615899
            ],
            [
              -61.426503,
              -3.626642
            ],
            [
              -61.566884,
              -3.729669
            ],
            [
              -61.574696,
              -3.737319
            ],
            [
              -61.593373,
              -3.765964
            ],
            [
              -61.596588,
              -3.774754
            ],
            [
              -61.621571,
              -3.790948
            ],
            [
              -61.635325,
              -3.811212
            ],
            [
              -61.646392,
              -3.833836
            ],
            [
              -61.663319,
              -3.856378
            ],
            [
              -61.684722,
              -3.870538
            ],
            [
              -61.775746,
              -3.903009
            ],
            [
              -61.812489,
              -3.920912
            ],
            [
              -61.850209,
              -3.953058
            ],
            [
              -61.878163,
              -3.962742
            ],
            [
              -61.909413,
              -3.962742
            ],
            [
              -61.940785,
              -3.955987
            ],
            [
              -61.969146,
              -3.945815
            ],
            [
              -61.983144,
              -3.937839
            ],
            [
              -61.994374,
              -3.927586
            ],
            [
              -62.015126,
              -3.903823
            ],
            [
              -62.043935,
              -3.87892
            ],
            [
              -62.076568,
              -3.859226
            ],
            [
              -62.078236,
              -3.851088
            ],
            [
              -62.101674,
              -3.843927
            ],
            [
              -62.324941,
              -3.73976
            ],
            [
              -62.36559,
              -3.707371
            ],
            [
              -62.388173,
              -3.694757
            ],
            [
              -62.410512,
              -3.694757
            ],
            [
              -62.430776,
              -3.71502
            ],
            [
              -62.438344,
              -3.740899
            ],
            [
              -62.437571,
              -3.794854
            ],
            [
              -62.444447,
              -3.819757
            ],
            [
              -62.462392,
              -3.837742
            ],
            [
              -62.48766,
              -3.848077
            ],
            [
              -62.540395,
              -3.859552
            ],
            [
              -62.623158,
              -3.888686
            ],
            [
              -62.651845,
              -3.892755
            ],
            [
              -62.751536,
              -3.886082
            ],
            [
              -62.785268,
              -3.891534
            ],
            [
              -62.812856,
              -3.902032
            ],
            [
              -62.834828,
              -3.915216
            ],
            [
              -62.87678,
              -3.94964
            ],
            [
              -62.970204,
              -4.010105
            ],
            [
              -62.972035,
              -4.01808
            ],
            [
              -63.000152,
              -4.027195
            ],
            [
              -63.076283,
              -4.071466
            ],
            [
              -63.095815,
              -4.078627
            ],
            [
              -63.117177,
              -4.080743
            ],
            [
              -63.133901,
              -4.075046
            ],
            [
              -63.14977,
              -4.065932
            ],
            [
              -63.168853,
              -4.057794
            ],
            [
              -63.177317,
              -4.03517
            ],
            [
              -63.185862,
              -3.964369
            ],
            [
              -63.199574,
              -3.948907
            ],
            [
              -63.2235,
              -3.942885
            ],
            [
              -63.275014,
              -3.938409
            ],
            [
              -63.359609,
              -3.915867
            ],
            [
              -63.423411,
              -3.885919
            ],
            [
              -63.470123,
              -3.873224
            ],
            [
              -63.532948,
              -3.844903
            ],
            [
              -63.56135,
              -3.842706
            ],
            [
              -63.591379,
              -3.848484
            ],
            [
              -63.669789,
              -3.877781
            ],
            [
              -63.694081,
              -3.880792
            ],
            [
              -63.718821,
              -3.878757
            ],
            [
              -63.743072,
              -3.870457
            ],
            [
              -63.786773,
              -3.847019
            ],
            [
              -63.808949,
              -3.8388
            ],
            [
              -63.835113,
              -3.835626
            ],
            [
              -63.894643,
              -3.834812
            ],
            [
              -63.907582,
              -3.830987
            ],
            [
              -63.942779,
              -3.811863
            ],
            [
              -63.967641,
              -3.803562
            ],
            [
              -63.9794,
              -3.798028
            ],
            [
              -63.988149,
              -3.789727
            ],
            [
              -63.99059,
              -3.783624
            ],
            [
              -63.992787,
              -3.771498
            ],
            [
              -63.996409,
              -3.765558
            ],
            [
              -64.000844,
              -3.761895
            ],
            [
              -64.006459,
              -3.758803
            ],
            [
              -64.018015,
              -3.754897
            ],
            [
              -64.019887,
              -3.746921
            ],
            [
              -64.027659,
              -3.744155
            ],
            [
              -64.040517,
              -3.738214
            ],
            [
              -64.048695,
              -3.736017
            ],
            [
              -64.09081,
              -3.736017
            ],
            [
              -64.106353,
              -3.733819
            ],
            [
              -64.199574,
              -3.695652
            ],
            [
              -64.21524,
              -3.686537
            ],
            [
              -64.285878,
              -3.626397
            ],
            [
              -64.362131,
              -3.582208
            ],
            [
              -64.419179,
              -3.565444
            ],
            [
              -64.437123,
              -3.553725
            ],
            [
              -64.453481,
              -3.534031
            ],
            [
              -64.498647,
              -3.429701
            ],
            [
              -64.510854,
              -3.414076
            ],
            [
              -64.529286,
              -3.403009
            ],
            [
              -64.540354,
              -3.400323
            ],
            [
              -64.575592,
              -3.398126
            ],
            [
              -64.588002,
              -3.394382
            ],
            [
              -64.596099,
              -3.387709
            ],
            [
              -64.611724,
              -3.369643
            ],
            [
              -64.639882,
              -3.349949
            ],
            [
              -64.648305,
              -3.342218
            ],
            [
              -64.663686,
              -3.316908
            ],
            [
              -64.670481,
              -3.308608
            ],
            [
              -64.737904,
              -3.260431
            ],
            [
              -64.757883,
              -3.239435
            ],
            [
              -64.801381,
              -3.179701
            ],
            [
              -64.843373,
              -3.141046
            ],
            [
              -64.952789,
              -3.070977
            ],
            [
              -64.980824,
              -3.06349
            ],
            [
              -64.993804,
              -3.057061
            ],
            [
              -65.014882,
              -3.038507
            ],
            [
              -65.062123,
              -2.982354
            ],
            [
              -65.067616,
              -2.972345
            ],
            [
              -65.086293,
              -2.963718
            ],
            [
              -65.104644,
              -2.951104
            ],
            [
              -65.120961,
              -2.935968
            ],
            [
              -65.133046,
              -2.919773
            ],
            [
              -65.146311,
              -2.894708
            ],
            [
              -65.15274,
              -2.887221
            ],
            [
              -65.160634,
              -2.882257
            ],
            [
              -65.178049,
              -2.874933
            ],
            [
              -65.185658,
              -2.87005
            ],
            [
              -65.195424,
              -2.854913
            ],
            [
              -65.208974,
              -2.796726
            ],
            [
              -65.219553,
              -2.778741
            ],
            [
              -65.234364,
              -2.766534
            ],
            [
              -65.271474,
              -2.748549
            ],
            [
              -65.2919,
              -2.74155
            ],
            [
              -65.355865,
              -2.733575
            ],
            [
              -65.377919,
              -2.727879
            ],
            [
              -65.398874,
              -2.718764
            ],
            [
              -65.438344,
              -2.695001
            ],
            [
              -65.448069,
              -2.687433
            ],
            [
              -65.456776,
              -2.678725
            ],
            [
              -65.464182,
              -2.668878
            ],
            [
              -65.469675,
              -2.657892
            ],
            [
              -65.471995,
              -2.645847
            ],
            [
              -65.471832,
              -2.620619
            ],
            [
              -65.474355,
              -2.609308
            ],
            [
              -65.49059,
              -2.591485
            ],
            [
              -65.514027,
              -2.585951
            ],
            [
              -65.53954,
              -2.588556
            ],
            [
              -65.611318,
              -2.611261
            ],
            [
              -65.660959,
              -2.620538
            ],
            [
              -65.710805,
              -2.619073
            ],
            [
              -65.760976,
              -2.60296
            ],
            [
              -65.773874,
              -2.564142
            ],
            [
              -65.800201,
              -2.534519
            ],
            [
              -65.83495,
              -2.513035
            ],
            [
              -65.889963,
              -2.491876
            ],
            [
              -65.930857,
              -2.464207
            ],
            [
              -65.947133,
              -2.456476
            ],
            [
              -65.964508,
              -2.454115
            ],
            [
              -65.982493,
              -2.45558
            ],
            [
              -66.027008,
              -2.468113
            ],
            [
              -66.039133,
              -2.474623
            ],
            [
              -66.04898,
              -2.484308
            ],
            [
              -66.067983,
              -2.495131
            ],
            [
              -66.08788,
              -2.484877
            ],
            [
              -66.124379,
              -2.448093
            ],
            [
              -66.140981,
              -2.4367
            ],
            [
              -66.160634,
              -2.42726
            ],
            [
              -66.18102,
              -2.424005
            ],
            [
              -66.199778,
              -2.431004
            ],
            [
              -66.211659,
              -2.444513
            ],
            [
              -66.220286,
              -2.461847
            ],
            [
              -66.234934,
              -2.510756
            ],
            [
              -66.240142,
              -2.521987
            ],
            [
              -66.247426,
              -2.532566
            ],
            [
              -66.269643,
              -2.552911
            ],
            [
              -66.283396,
              -2.561944
            ],
            [
              -66.298207,
              -2.56756
            ],
            [
              -66.313832,
              -2.567397
            ],
            [
              -66.329661,
              -2.561863
            ],
            [
              -66.345082,
              -2.553074
            ],
            [
              -66.371938,
              -2.531264
            ],
            [
              -66.384104,
              -2.51629
            ],
            [
              -66.411204,
              -2.468276
            ],
            [
              -66.42516,
              -2.453953
            ],
            [
              -66.441151,
              -2.444268
            ],
            [
              -66.519236,
              -2.420424
            ],
            [
              -66.539459,
              -2.419366
            ],
            [
              -66.560618,
              -2.423272
            ],
            [
              -66.590403,
              -2.440362
            ],
            [
              -66.602284,
              -2.464044
            ],
            [
              -66.608144,
              -2.547052
            ],
            [
              -66.599843,
              -2.605971
            ],
            [
              -66.608388,
              -2.642918
            ],
            [
              -66.63093,
              -2.670912
            ],
            [
              -66.662668,
              -2.690444
            ],
            [
              -66.698883,
              -2.701837
            ],
            [
              -66.738759,
              -2.708185
            ],
            [
              -66.759104,
              -2.708429
            ],
            [
              -66.778554,
              -2.705011
            ],
            [
              -66.810618,
              -2.690851
            ],
            [
              -66.846995,
              -2.689386
            ],
            [
              -66.951812,
              -2.729913
            ],
            [
              -66.971059,
              -2.733819
            ],
            [
              -66.98648,
              -2.733738
            ],
            [
              -67.000885,
              -2.728936
            ],
            [
              -67.017161,
              -2.718764
            ],
            [
              -67.075266,
              -2.666436
            ],
            [
              -67.09203,
              -2.656427
            ],
            [
              -67.109975,
              -2.651056
            ],
            [
              -67.128855,
              -2.649265
            ],
            [
              -67.189687,
              -2.652195
            ],
            [
              -67.209869,
              -2.64894
            ],
            [
              -67.228139,
              -2.640069
            ],
            [
              -67.240061,
              -2.626967
            ],
            [
              -67.259429,
              -2.596612
            ],
            [
              -67.273101,
              -2.585626
            ],
            [
              -67.280832,
              -2.583347
            ],
            [
              -67.288645,
              -2.582696
            ],
            [
              -67.315826,
              -2.583998
            ],
            [
              -67.33731,
              -2.58058
            ],
            [
              -67.3485,
              -2.580499
            ],
            [
              -67.372548,
              -2.590509
            ],
            [
              -67.391469,
              -2.611505
            ],
            [
              -67.427561,
              -2.686212
            ],
            [
              -67.445912,
              -2.71144
            ],
            [
              -67.467763,
              -2.733738
            ],
            [
              -67.490712,
              -2.749688
            ],
            [
              -67.504628,
              -2.755873
            ],
            [
              -67.518625,
              -2.760268
            ],
            [
              -67.532826,
              -2.763035
            ],
            [
              -67.584177,
              -2.765964
            ],
            [
              -67.618967,
              -2.771987
            ],
            [
              -67.755849,
              -2.825372
            ],
            [
              -67.788238,
              -2.844252
            ],
            [
              -67.817616,
              -2.86769
            ],
            [
              -67.847279,
              -2.900405
            ],
            [
              -67.895457,
              -2.976983
            ],
            [
              -67.92809,
              -3.055027
            ],
            [
              -67.930776,
              -3.067397
            ],
            [
              -67.932362,
              -3.108087
            ],
            [
              -67.92748,
              -3.146987
            ],
            [
              -67.930735,
              -3.184421
            ],
            [
              -67.929799,
              -3.194268
            ],
            [
              -67.922597,
              -3.221612
            ],
            [
              -67.92455,
              -3.261651
            ],
            [
              -67.942006,
              -3.303725
            ],
            [
              -67.971425,
              -3.336277
            ],
            [
              -68.008941,
              -3.347345
            ],
            [
              -68.089711,
              -3.331557
            ],
            [
              -68.153554,
              -3.329604
            ],
            [
              -68.248402,
              -3.326837
            ],
            [
              -68.302561,
              -3.306166
            ],
            [
              -68.320546,
              -3.298517
            ],
            [
              -68.35143,
              -3.29339
            ],
            [
              -68.372141,
              -3.301121
            ],
            [
              -68.42101,
              -3.326837
            ],
            [
              -68.488026,
              -3.35003
            ],
            [
              -68.536977,
              -3.352716
            ],
            [
              -68.562734,
              -3.331964
            ],
            [
              -68.58373,
              -3.329034
            ],
            [
              -68.606516,
              -3.331964
            ],
            [
              -68.632314,
              -3.35003
            ],
            [
              -68.755971,
              -3.381036
            ],
            [
              -68.833241,
              -3.404229
            ],
            [
              -68.887318,
              -3.401544
            ],
            [
              -68.938832,
              -3.39894
            ],
            [
              -69.008412,
              -3.404229
            ],
            [
              -69.065053,
              -3.409356
            ],
            [
              -69.144928,
              -3.440281
            ],
            [
              -69.219675,
              -3.458185
            ],
            [
              -69.295155,
              -3.486505
            ],
            [
              -69.32844,
              -3.501316
            ],
            [
              -69.341868,
              -3.514581
            ],
            [
              -69.351471,
              -3.532078
            ],
            [
              -69.395009,
              -3.658054
            ],
            [
              -69.415639,
              -3.690444
            ],
            [
              -69.422231,
              -3.706882
            ],
            [
              -69.422271,
              -3.726576
            ],
            [
              -69.409657,
              -3.764337
            ],
            [
              -69.409169,
              -3.773777
            ],
            [
              -69.414906,
              -3.801202
            ],
            [
              -69.416371,
              -3.82114
            ],
            [
              -69.413808,
              -3.840265
            ],
            [
              -69.39859,
              -3.896417
            ],
            [
              -69.39684,
              -3.916192
            ],
            [
              -69.398427,
              -3.935724
            ],
            [
              -69.404408,
              -3.953953
            ],
            [
              -69.408518,
              -3.961358
            ],
            [
              -69.430328,
              -3.988702
            ],
            [
              -69.43928,
              -4.010675
            ],
            [
              -69.486643,
              -4.059096
            ],
            [
              -69.504506,
              -4.086847
            ],
            [
              -69.49413,
              -4.113295
            ],
            [
              -69.476877,
              -4.123549
            ],
            [
              -69.438954,
              -4.137628
            ],
            [
              -69.422271,
              -4.148289
            ],
            [
              -69.410146,
              -4.185235
            ],
            [
              -69.437489,
              -4.221043
            ],
            [
              -69.531117,
              -4.284356
            ],
            [
              -69.562734,
              -4.315118
            ],
            [
              -69.581736,
              -4.327651
            ],
            [
              -69.604644,
              -4.336765
            ],
            [
              -69.733632,
              -4.368097
            ],
            [
              -69.753855,
              -4.369561
            ],
            [
              -69.787668,
              -4.364597
            ],
            [
              -69.887074,
              -4.337091
            ],
            [
              -69.917795,
              -4.33294
            ],
            [
              -69.927113,
              -4.328546
            ],
            [
              -69.943512,
              -4.310073
            ],
            [
              -69.952626,
              -4.286065
            ],
            [
              -69.965688,
              -4.236261
            ],
            [
              -69.99352,
              -4.180678
            ],
            [
              -70.010935,
              -4.154962
            ],
            [
              -70.031321,
              -4.131362
            ],
            [
              -70.061269,
              -4.106948
            ],
            [
              -70.162465,
              -4.055352
            ],
            [
              -70.189198,
              -4.028741
            ],
            [
              -70.199696,
              -3.995782
            ],
            [
              -70.205312,
              -3.959975
            ],
            [
              -70.217641,
              -3.924819
            ],
            [
              -70.241607,
              -3.890639
            ],
            [
              -70.274322,
              -3.856378
            ],
            [
              -70.311879,
              -3.829115
            ],
            [
              -70.350331,
              -3.815769
            ],
            [
              -70.378489,
              -3.81878
            ],
            [
              -70.399973,
              -3.83172
            ],
            [
              -70.43928,
              -3.867608
            ],
            [
              -70.465037,
              -3.878595
            ],
            [
              -70.491567,
              -3.878351
            ],
            [
              -70.545033,
              -3.865086
            ],
            [
              -70.587636,
              -3.861505
            ],
            [
              -70.625885,
              -3.868178
            ],
            [
              -70.798573,
              -3.935561
            ],
            [
              -70.900502,
              -3.959975
            ],
            [
              -70.945017,
              -3.96616
            ],
            [
              -71.033762,
              -3.992039
            ],
            [
              -71.079091,
              -3.99741
            ],
            [
              -71.110422,
              -3.993829
            ],
            [
              -71.140736,
              -3.984308
            ],
            [
              -71.165924,
              -3.970554
            ],
            [
              -71.177113,
              -3.961114
            ],
            [
              -71.185414,
              -3.94964
            ],
            [
              -71.189809,
              -3.935724
            ],
            [
              -71.193349,
              -3.906183
            ],
            [
              -71.198313,
              -3.892918
            ],
            [
              -71.220896,
              -3.87241
            ],
            [
              -71.253163,
              -3.860528
            ],
            [
              -71.288442,
              -3.854913
            ],
            [
              -71.320058,
              -3.853367
            ],
            [
              -71.433665,
              -3.866388
            ],
            [
              -71.47057,
              -3.858819
            ],
            [
              -71.499135,
              -3.843764
            ],
            [
              -71.523671,
              -3.825535
            ],
            [
              -71.586781,
              -3.756199
            ],
            [
              -71.59911,
              -3.747573
            ],
            [
              -71.613026,
              -3.741713
            ],
            [
              -71.659779,
              -3.735528
            ],
            [
              -71.673818,
              -3.729018
            ],
            [
              -71.682118,
              -3.720636
            ],
            [
              -71.686838,
              -3.711358
            ],
            [
              -71.694203,
              -3.690444
            ],
            [
              -71.728424,
              -3.632175
            ],
            [
              -71.732249,
              -3.610691
            ],
            [
              -71.730824,
              -3.599461
            ],
            [
              -71.726186,
              -3.579441
            ],
            [
              -71.725209,
              -3.568048
            ],
            [
              -71.733266,
              -3.41253
            ],
            [
              -71.742177,
              -3.388849
            ],
            [
              -71.759429,
              -3.36712
            ],
            [
              -71.78185,
              -3.351414
            ],
            [
              -71.808095,
              -3.341323
            ],
            [
              -71.836497,
              -3.336847
            ],
            [
              -71.866811,
              -3.341323
            ],
            [
              -71.889638,
              -3.355401
            ],
            [
              -71.910553,
              -3.372735
            ],
            [
              -72.056467,
              -3.459812
            ],
            [
              -72.231679,
              -3.510756
            ],
            [
              -72.26301,
              -3.516127
            ],
            [
              -72.286855,
              -3.516453
            ],
            [
              -72.475901,
              -3.480971
            ],
            [
              -72.648427,
              -3.448744
            ],
            [
              -72.776967,
              -3.449395
            ],
            [
              -72.806304,
              -3.445001
            ],
            [
              -72.820953,
              -3.445164
            ],
            [
              -72.837066,
              -3.448663
            ],
            [
              -72.849965,
              -3.454115
            ],
            [
              -72.887196,
              -3.475437
            ],
            [
              -73.02717,
              -3.510105
            ],
            [
              -73.050689,
              -3.522149
            ],
            [
              -73.069163,
              -3.538995
            ],
            [
              -73.100982,
              -3.579767
            ],
            [
              -73.222564,
              -3.682631
            ],
            [
              -73.232289,
              -3.69378
            ],
            [
              -73.242258,
              -3.711358
            ],
            [
              -73.248606,
              -3.732843
            ],
            [
              -73.247996,
              -3.753432
            ],
            [
              -73.236928,
              -3.769057
            ],
            [
              -73.226796,
              -3.773126
            ],
            [
              -73.205678,
              -3.7763
            ],
            [
              -73.196604,
              -3.781101
            ],
            [
              -73.190826,
              -3.789239
            ],
            [
              -73.187571,
              -3.799737
            ],
            [
              -73.186147,
              -3.810724
            ],
            [
              -73.186187,
              -3.820733
            ],
            [
              -73.190419,
              -3.841974
            ],
            [
              -73.213938,
              -3.903497
            ],
            [
              -73.213938,
              -3.925958
            ],
            [
              -73.205312,
              -3.94256
            ],
            [
              -73.179758,
              -3.97503
            ],
            [
              -73.171376,
              -3.995782
            ],
            [
              -73.16808,
              -4.017511
            ],
            [
              -73.168853,
              -4.040053
            ],
            [
              -73.177805,
              -4.083836
            ],
            [
              -73.184885,
              -4.102553
            ],
            [
              -73.195627,
              -4.119561
            ],
            [
              -73.211415,
              -4.134454
            ],
            [
              -73.235707,
              -4.14544
            ],
            [
              -73.261383,
              -4.14601
            ],
            [
              -73.28661,
              -4.138523
            ],
            [
              -73.309275,
              -4.124933
            ],
            [
              -73.330434,
              -4.10532
            ],
            [
              -73.342478,
              -4.098972
            ],
            [
              -73.356638,
              -4.10003
            ],
            [
              -73.366811,
              -4.107354
            ],
            [
              -73.371693,
              -4.118015
            ],
            [
              -73.372914,
              -4.130222
            ],
            [
              -73.371938,
              -4.142511
            ],
            [
              -73.361562,
              -4.187026
            ],
            [
              -73.362416,
              -4.207696
            ],
            [
              -73.375356,
              -4.22853
            ],
            [
              -73.440297,
              -4.281589
            ],
            [
              -73.454457,
              -4.300226
            ],
            [
              -73.459299,
              -4.322686
            ],
            [
              -73.453765,
              -4.340753
            ],
            [
              -73.445221,
              -4.358412
            ],
            [
              -73.440826,
              -4.379327
            ],
            [
              -73.444,
              -4.40545
            ],
            [
              -73.453359,
              -4.421319
            ],
            [
              -73.468373,
              -4.432794
            ],
            [
              -73.488637,
              -4.444838
            ]
          ],
          [
            [
              -54.143625,
              -2.24505
            ],
            [
              -54.128855,
              -2.235528
            ],
            [
              -54.128041,
              -2.224949
            ],
            [
              -54.13329,
              -2.21323
            ],
            [
              -54.13679,
              -2.200372
            ],
            [
              -54.13561,
              -2.183119
            ],
            [
              -54.127797,
              -2.148289
            ],
            [
              -54.122548,
              -2.135268
            ],
            [
              -54.108754,
              -2.115574
            ],
            [
              -54.103871,
              -2.103448
            ],
            [
              -54.10204,
              -2.083836
            ],
            [
              -54.10676,
              -2.052423
            ],
            [
              -54.103424,
              -2.03631
            ],
            [
              -54.088368,
              -2.018487
            ],
            [
              -54.07311,
              -2.010675
            ],
            [
              -54.034657,
              -1.995945
            ],
            [
              -54.026926,
              -1.987481
            ],
            [
              -54.023183,
              -1.973647
            ],
            [
              -54.014027,
              -1.960626
            ],
            [
              -54.002797,
              -1.950046
            ],
            [
              -53.992787,
              -1.943373
            ],
            [
              -53.952219,
              -1.929132
            ],
            [
              -53.850942,
              -1.909194
            ],
            [
              -53.831736,
              -1.908624
            ],
            [
              -53.823883,
              -1.910577
            ],
            [
              -53.789703,
              -1.923191
            ]
          ]
        ]
      }
    },
    {
      "type": "Feature",
      "properties": {
        "dissolve": "335River",
        "scalerank": 6.0,
        "featurecla": "River",
        "name": "Tocantins",
        "name_alt": null,
        "rivernum": 335,
        "note": null,
        "min_zoom": 5.0,
        "name_en": "Tocantins",
        "min_label": 6.0
      },
      "bbox": [
        -49.606435,
        -15.925958,
        -47.373158,
        -5.163914
      ],
      "geometry": {
        "type": "MultiLineString",
        "coordinates": [
          [
            [
              -48.723134,
              -5.355401
            ],
            [
              -48.688588,
              -5.313816
            ],
            [
              -48.678456,
              -5.30755
            ],
            [
              -48.641469,
              -5.303562
            ],
            [
              -48.621816,
              -5.307794
            ],
            [
              -48.613271,
              -5.324884
            ],
            [
              -48.609039,
              -5.328627
            ],
            [
              -48.59968,
              -5.321954
            ],
            [
              -48.586008,
              -5.30755
            ],
            [
              -48.582021,
              -5.300714
            ],
            [
              -48.554555,
              -5.233901
            ],
            [
              -48.543446,
              -5.217299
            ],
            [
              -48.531361,
              -5.205092
            ],
            [
              -48.498199,
              -5.186537
            ],
            [
              -48.45873,
              -5.173679
            ],
            [
              -48.416005,
              -5.16603
            ],
            [
              -48.338002,
              -5.163914
            ],
            [
              -48.332753,
              -5.167006
            ],
            [
              -48.329172,
              -5.171075
            ],
            [
              -48.312734,
              -5.182468
            ],
            [
              -48.153432,
              -5.257338
            ],
            [
              -48.11262,
              -5.26629
            ],
            [
              -48.064605,
              -5.266615
            ],
            [
              -48.043813,
              -5.259942
            ],
            [
              -48.018666,
              -5.237319
            ],
            [
              -47.999745,
              -5.232436
            ],
            [
              -47.978179,
              -5.233412
            ],
            [
              -47.93932,
              -5.240411
            ],
            [
              -47.899892,
              -5.253106
            ],
            [
              -47.879954,
              -5.264337
            ],
            [
              -47.86498,
              -5.280938
            ],
            [
              -47.85912,
              -5.304132
            ],
            [
              -47.857777,
              -5.349542
            ],
            [
              -47.851877,
              -5.369073
            ],
            [
              -47.838694,
              -5.383233
            ],
            [
              -47.818227,
              -5.389662
            ],
            [
              -47.796457,
              -5.389011
            ],
            [
              -47.759877,
              -5.383233
            ],
            [
              -47.740142,
              -5.385593
            ],
            [
              -47.723215,
              -5.391534
            ],
            [
              -47.627431,
              -5.446466
            ],
            [
              -47.608998,
              -5.462091
            ],
            [
              -47.593699,
              -5.470147
            ],
            [
              -47.554067,
              -5.474542
            ],
            [
              -47.537058,
              -5.478936
            ],
            [
              -47.51537,
              -5.497735
            ],
            [
              -47.497304,
              -5.526544
            ],
            [
              -47.468739,
              -5.5888
            ],
            [
              -47.483022,
              -5.743015
            ],
            [
              -47.479197,
              -5.749037
            ],
            [
              -47.455068,
              -5.766941
            ],
            [
              -47.449574,
              -5.775893
            ],
            [
              -47.445465,
              -5.784682
            ],
            [
              -47.442942,
              -5.793959
            ],
            [
              -47.442047,
              -5.804539
            ],
            [
              -47.439809,
              -5.815769
            ],
            [
              -47.430002,
              -5.829115
            ],
            [
              -47.426096,
              -5.847507
            ],
            [
              -47.417592,
              -5.86004
            ],
            [
              -47.414133,
              -5.869968
            ],
            [
              -47.414133,
              -5.910984
            ],
            [
              -47.426015,
              -5.974786
            ],
            [
              -47.425649,
              -6.103855
            ],
            [
              -47.416249,
              -6.140151
            ],
            [
              -47.414133,
              -6.16131
            ],
            [
              -47.408599,
              -6.181329
            ],
            [
              -47.382192,
              -6.214369
            ],
            [
              -47.373158,
              -6.233738
            ],
            [
              -47.377065,
              -6.276707
            ],
            [
              -47.41039,
              -6.349949
            ],
            [
              -47.39981,
              -6.383803
            ],
            [
              -47.420359,
              -6.43377
            ],
            [
              -47.420359,
              -6.456231
            ],
            [
              -47.407297,
              -6.479425
            ],
            [
              -47.415639,
              -6.495294
            ],
            [
              -47.442047,
              -6.527846
            ],
            [
              -47.449534,
              -6.543959
            ],
            [
              -47.452301,
              -6.559096
            ],
            [
              -47.455068,
              -6.596124
            ],
            [
              -47.480214,
              -6.661554
            ],
            [
              -47.487782,
              -6.698419
            ],
            [
              -47.475575,
              -6.733331
            ],
            [
              -47.48884,
              -6.763116
            ],
            [
              -47.494985,
              -6.790216
            ],
            [
              -47.496693,
              -6.852879
            ],
            [
              -47.495798,
              -6.858819
            ],
            [
              -47.493479,
              -6.86655
            ],
            [
              -47.490102,
              -6.874037
            ],
            [
              -47.486155,
              -6.88006
            ],
            [
              -47.482533,
              -6.88836
            ],
            [
              -47.484039,
              -6.896905
            ],
            [
              -47.487416,
              -6.905694
            ],
            [
              -47.500722,
              -6.964695
            ],
            [
              -47.502919,
              -6.983412
            ],
            [
              -47.513905,
              -7.008803
            ],
            [
              -47.585439,
              -7.069024
            ],
            [
              -47.640004,
              -7.158543
            ],
            [
              -47.685902,
              -7.146336
            ],
            [
              -47.725453,
              -7.162286
            ],
            [
              -47.741282,
              -7.193373
            ],
            [
              -47.715728,
              -7.226739
            ],
            [
              -47.678293,
              -7.247084
            ],
            [
              -47.660553,
              -7.263523
            ],
            [
              -47.644846,
              -7.308526
            ],
            [
              -47.6256,
              -7.299819
            ],
            [
              -47.603993,
              -7.279636
            ],
            [
              -47.588531,
              -7.268406
            ],
            [
              -47.549224,
              -7.270685
            ],
            [
              -47.512807,
              -7.280613
            ],
            [
              -47.485951,
              -7.30226
            ],
            [
              -47.475575,
              -7.34002
            ],
            [
              -47.489125,
              -7.381524
            ],
            [
              -47.521392,
              -7.402765
            ],
            [
              -47.559804,
              -7.419122
            ],
            [
              -47.591664,
              -7.445815
            ],
            [
              -47.604604,
              -7.465834
            ],
            [
              -47.622182,
              -7.485203
            ],
            [
              -47.632314,
              -7.504408
            ],
            [
              -47.617787,
              -7.535821
            ],
            [
              -47.619578,
              -7.549005
            ],
            [
              -47.626373,
              -7.572768
            ],
            [
              -47.626373,
              -7.610284
            ],
            [
              -47.636383,
              -7.647149
            ],
            [
              -47.655141,
              -7.674249
            ],
            [
              -47.680002,
              -7.695245
            ],
            [
              -47.798695,
              -7.766127
            ],
            [
              -47.915679,
              -7.799819
            ],
            [
              -47.924672,
              -7.805841
            ],
            [
              -47.930898,
              -7.814142
            ],
            [
              -47.93517,
              -7.826511
            ],
            [
              -47.94286,
              -7.901788
            ],
            [
              -47.947987,
              -7.921319
            ],
            [
              -47.955312,
              -7.936944
            ],
            [
              -47.960764,
              -7.952651
            ],
            [
              -47.96052,
              -7.989272
            ],
            [
              -47.963002,
              -8.009291
            ],
            [
              -47.962799,
              -8.028334
            ],
            [
              -47.954742,
              -8.041681
            ],
            [
              -47.973134,
              -8.065769
            ],
            [
              -48.001047,
              -8.081394
            ],
            [
              -48.035064,
              -8.089044
            ],
            [
              -48.110911,
              -8.086358
            ],
            [
              -48.124501,
              -8.090834
            ],
            [
              -48.140289,
              -8.103855
            ],
            [
              -48.151479,
              -8.11655
            ],
            [
              -48.161244,
              -8.130711
            ],
            [
              -48.169057,
              -8.145196
            ],
            [
              -48.174469,
              -8.159031
            ],
            [
              -48.176218,
              -8.178888
            ],
            [
              -48.164255,
              -8.212579
            ],
            [
              -48.138539,
              -8.375665
            ],
            [
              -48.12975,
              -8.384942
            ],
            [
              -48.113393,
              -8.390151
            ],
            [
              -48.101471,
              -8.40366
            ],
            [
              -48.09435,
              -8.421319
            ],
            [
              -48.091908,
              -8.43963
            ],
            [
              -48.093577,
              -8.461277
            ],
            [
              -48.099355,
              -8.486017
            ],
            [
              -48.110911,
              -8.50628
            ],
            [
              -48.12975,
              -8.514662
            ],
            [
              -48.143178,
              -8.525242
            ],
            [
              -48.148061,
              -8.54933
            ],
            [
              -48.14802,
              -8.576674
            ],
            [
              -48.143625,
              -8.613702
            ],
            [
              -48.134755,
              -8.650323
            ],
            [
              -48.132883,
              -8.669285
            ],
            [
              -48.134145,
              -8.681329
            ],
            [
              -48.139516,
              -8.704278
            ],
            [
              -48.140289,
              -8.713881
            ],
            [
              -48.137034,
              -8.726007
            ],
            [
              -48.124501,
              -8.74448
            ],
            [
              -48.119862,
              -8.754815
            ],
            [
              -48.120107,
              -8.780125
            ],
            [
              -48.141021,
              -8.820733
            ],
            [
              -48.150258,
              -8.856134
            ],
            [
              -48.168202,
              -8.893731
            ],
            [
              -48.174469,
              -8.911961
            ],
            [
              -48.1905,
              -9.015069
            ],
            [
              -48.198435,
              -9.030287
            ],
            [
              -48.278554,
              -9.130304
            ],
            [
              -48.35676,
              -9.284845
            ],
            [
              -48.369211,
              -9.327081
            ],
            [
              -48.379872,
              -9.543145
            ],
            [
              -48.403757,
              -9.604913
            ],
            [
              -48.407216,
              -9.628269
            ],
            [
              -48.403066,
              -9.64422
            ],
            [
              -48.393219,
              -9.656752
            ],
            [
              -48.381825,
              -9.66782
            ],
            [
              -48.373118,
              -9.679701
            ],
            [
              -48.367584,
              -9.698744
            ],
            [
              -48.366282,
              -9.765313
            ],
            [
              -48.368642,
              -9.773289
            ],
            [
              -48.373118,
              -9.778985
            ],
            [
              -48.375885,
              -9.785658
            ],
            [
              -48.373118,
              -9.796401
            ],
            [
              -48.368398,
              -9.801772
            ],
            [
              -48.353505,
              -9.810398
            ],
            [
              -48.345815,
              -9.816827
            ],
            [
              -48.34142,
              -9.82407
            ],
            [
              -48.33495,
              -9.840509
            ],
            [
              -48.32901,
              -9.847996
            ],
            [
              -48.326243,
              -9.856378
            ],
            [
              -48.330149,
              -9.867364
            ],
            [
              -48.335927,
              -9.87892
            ],
            [
              -48.338979,
              -9.888849
            ],
            [
              -48.347564,
              -9.9013
            ],
            [
              -48.364858,
              -9.913018
            ],
            [
              -48.377675,
              -9.92547
            ],
            [
              -48.373118,
              -9.940362
            ],
            [
              -48.367828,
              -9.967218
            ],
            [
              -48.34675,
              -9.995294
            ],
            [
              -48.33373,
              -10.026788
            ],
            [
              -48.35261,
              -10.063328
            ],
            [
              -48.375152,
              -10.081394
            ],
            [
              -48.384674,
              -10.090753
            ],
            [
              -48.41511,
              -10.145685
            ],
            [
              -48.42809,
              -10.177667
            ],
            [
              -48.43102,
              -10.193862
            ],
            [
              -48.429107,
              -10.210138
            ],
            [
              -48.421498,
              -10.227879
            ],
            [
              -48.41454,
              -10.235365
            ],
            [
              -48.407094,
              -10.241062
            ],
            [
              -48.401682,
              -10.248875
            ],
            [
              -48.40099,
              -10.263116
            ],
            [
              -48.417307,
              -10.286961
            ],
            [
              -48.421498,
              -10.296726
            ],
            [
              -48.420033,
              -10.326023
            ],
            [
              -48.421498,
              -10.337742
            ],
            [
              -48.43456,
              -10.364923
            ],
            [
              -48.437815,
              -10.386244
            ],
            [
              -48.4381,
              -10.426121
            ],
            [
              -48.442006,
              -10.447605
            ],
            [
              -48.459788,
              -10.490737
            ],
            [
              -48.462799,
              -10.513523
            ],
            [
              -48.451894,
              -10.533136
            ],
            [
              -48.43871,
              -10.549249
            ],
            [
              -48.42634,
              -10.572686
            ],
            [
              -48.417226,
              -10.59767
            ],
            [
              -48.414052,
              -10.618829
            ],
            [
              -48.417714,
              -10.637221
            ],
            [
              -48.431467,
              -10.668471
            ],
            [
              -48.43456,
              -10.691095
            ],
            [
              -48.43102,
              -10.707533
            ],
            [
              -48.407216,
              -10.76214
            ],
            [
              -48.401601,
              -10.804701
            ],
            [
              -48.409413,
              -10.847345
            ],
            [
              -48.428212,
              -10.886733
            ],
            [
              -48.455678,
              -10.919854
            ],
            [
              -48.470693,
              -10.930678
            ],
            [
              -48.501332,
              -10.94671
            ],
            [
              -48.513987,
              -10.957696
            ],
            [
              -48.519399,
              -10.965671
            ],
            [
              -48.531361,
              -10.988702
            ],
            [
              -48.547678,
              -11.004408
            ],
            [
              -48.56432,
              -11.026707
            ],
            [
              -48.566884,
              -11.036798
            ],
            [
              -48.561757,
              -11.047052
            ],
            [
              -48.540761,
              -11.073582
            ],
            [
              -48.537506,
              -11.081557
            ],
            [
              -48.535512,
              -11.10296
            ],
            [
              -48.505442,
              -11.202651
            ],
            [
              -48.499989,
              -11.211602
            ],
            [
              -48.467152,
              -11.242608
            ],
            [
              -48.462473,
              -11.252862
            ],
            [
              -48.459788,
              -11.30877
            ],
            [
              -48.462473,
              -11.330743
            ],
            [
              -48.4676,
              -11.342462
            ],
            [
              -48.478831,
              -11.361017
            ],
            [
              -48.493031,
              -11.378351
            ],
            [
              -48.507192,
              -11.385919
            ],
            [
              -48.552887,
              -11.387221
            ],
            [
              -48.572743,
              -11.39308
            ],
            [
              -48.586008,
              -11.406427
            ],
            [
              -48.589508,
              -11.427097
            ],
            [
              -48.585601,
              -11.446303
            ],
            [
              -48.58434,
              -11.465509
            ],
            [
              -48.59557,
              -11.485691
            ],
            [
              -48.621816,
              -11.514825
            ],
            [
              -48.633168,
              -11.523126
            ],
            [
              -48.644276,
              -11.527683
            ],
            [
              -48.655263,
              -11.530694
            ],
            [
              -48.665639,
              -11.535089
            ],
            [
              -48.674713,
              -11.544285
            ]
          ],
          [
            [
              -49.1787,
              -15.925958
            ],
            [
              -49.189849,
              -15.909356
            ],
            [
              -49.209177,
              -15.854343
            ],
            [
              -49.251861,
              -15.794122
            ],
            [
              -49.257558,
              -15.767999
            ],
            [
              -49.266265,
              -15.750828
            ],
            [
              -49.285959,
              -15.731785
            ],
            [
              -49.306793,
              -15.721612
            ],
            [
              -49.319,
              -15.731378
            ],
            [
              -49.326487,
              -15.731378
            ],
            [
              -49.319163,
              -15.712416
            ],
            [
              -49.328236,
              -15.709405
            ],
            [
              -49.363718,
              -15.717136
            ],
            [
              -49.38036,
              -15.710789
            ],
            [
              -49.387929,
              -15.697442
            ],
            [
              -49.384267,
              -15.685398
            ],
            [
              -49.367421,
              -15.683038
            ],
            [
              -49.431996,
              -15.618178
            ],
            [
              -49.442209,
              -15.602472
            ],
            [
              -49.449859,
              -15.563897
            ],
            [
              -49.456166,
              -15.545831
            ],
            [
              -49.464833,
              -15.53517
            ],
            [
              -49.479848,
              -15.521498
            ],
            [
              -49.497548,
              -15.50978
            ],
            [
              -49.514516,
              -15.504897
            ],
            [
              -49.524281,
              -15.49627
            ],
            [
              -49.536204,
              -15.476739
            ],
            [
              -49.544911,
              -15.455987
            ],
            [
              -49.544911,
              -15.443373
            ],
            [
              -49.555328,
              -15.438816
            ],
            [
              -49.562489,
              -15.440606
            ],
            [
              -49.570221,
              -15.441257
            ],
            [
              -49.582509,
              -15.43255
            ],
            [
              -49.587392,
              -15.422214
            ],
            [
              -49.588124,
              -15.411554
            ],
            [
              -49.592112,
              -15.403823
            ],
            [
              -49.606435,
              -15.401788
            ],
            [
              -49.5985,
              -15.389093
            ],
            [
              -49.589345,
              -15.377618
            ],
            [
              -49.585601,
              -15.368341
            ],
            [
              -49.592112,
              -15.351739
            ],
            [
              -49.565419,
              -15.274591
            ],
            [
              -49.563303,
              -15.257826
            ],
            [
              -49.553863,
              -15.223077
            ],
            [
              -49.549794,
              -15.188328
            ],
            [
              -49.543691,
              -15.177423
            ],
            [
              -49.533274,
              -15.170099
            ],
            [
              -49.5183,
              -15.162286
            ],
            [
              -49.510813,
              -15.169773
            ],
            [
              -49.495473,
              -15.158543
            ],
            [
              -49.487294,
              -15.143894
            ],
            [
              -49.487375,
              -15.133315
            ],
            [
              -49.496571,
              -15.134942
            ],
            [
              -49.503977,
              -15.134942
            ],
            [
              -49.510813,
              -15.120619
            ],
            [
              -49.495025,
              -15.119806
            ],
            [
              -49.485097,
              -15.112481
            ],
            [
              -49.476877,
              -15.104181
            ],
            [
              -49.46642,
              -15.100274
            ],
            [
              -49.438588,
              -15.104832
            ],
            [
              -49.428212,
              -15.101495
            ],
            [
              -49.422027,
              -15.08644
            ],
            [
              -49.418324,
              -15.08823
            ],
            [
              -49.415273,
              -15.089044
            ],
            [
              -49.412221,
              -15.090509
            ],
            [
              -49.408437,
              -15.093927
            ],
            [
              -49.400258,
              -15.077569
            ],
            [
              -49.391672,
              -15.064304
            ],
            [
              -49.363718,
              -15.035333
            ],
            [
              -49.351389,
              -15.017511
            ],
            [
              -49.328114,
              -14.972589
            ],
            [
              -49.315582,
              -14.963718
            ],
            [
              -49.298573,
              -14.887872
            ],
            [
              -49.293121,
              -14.881768
            ],
            [
              -49.277577,
              -14.869073
            ],
            [
              -49.27123,
              -14.860528
            ],
            [
              -49.270131,
              -14.850518
            ],
            [
              -49.272613,
              -14.841648
            ],
            [
              -49.270904,
              -14.833673
            ],
            [
              -49.257558,
              -14.826511
            ],
            [
              -49.244293,
              -14.836765
            ],
            [
              -49.223622,
              -14.823175
            ],
            [
              -49.200999,
              -14.802911
            ],
            [
              -49.181874,
              -14.792332
            ],
            [
              -49.199086,
              -14.771417
            ],
            [
              -49.200307,
              -14.761651
            ],
            [
              -49.175038,
              -14.754083
            ],
            [
              -49.168568,
              -14.746108
            ],
            [
              -49.162831,
              -14.736993
            ],
            [
              -49.15453,
              -14.73032
            ],
            [
              -49.137196,
              -14.734226
            ],
            [
              -49.1256,
              -14.733738
            ],
            [
              -49.120351,
              -14.726495
            ],
            [
              -49.112904,
              -14.729181
            ],
            [
              -49.068918,
              -14.716648
            ],
            [
              -49.065785,
              -14.714695
            ],
            [
              -49.056793,
              -14.705418
            ],
            [
              -49.051503,
              -14.702325
            ],
            [
              -49.045115,
              -14.703546
            ],
            [
              -49.038482,
              -14.70794
            ],
            [
              -49.031728,
              -14.71144
            ],
            [
              -49.02477,
              -14.709812
            ],
            [
              -49.018015,
              -14.699884
            ],
            [
              -49.018707,
              -14.689874
            ],
            [
              -49.022532,
              -14.680352
            ],
            [
              -49.02477,
              -14.671563
            ],
            [
              -49.030344,
              -14.617527
            ],
            [
              -49.027008,
              -14.600925
            ],
            [
              -49.010487,
              -14.61419
            ],
            [
              -49.012929,
              -14.605157
            ],
            [
              -49.017445,
              -14.60003
            ],
            [
              -49.022084,
              -14.596856
            ],
            [
              -49.02477,
              -14.593113
            ],
            [
              -49.02477,
              -14.582208
            ],
            [
              -49.021799,
              -14.575535
            ],
            [
              -49.020334,
              -14.569187
            ],
            [
              -49.02477,
              -14.559015
            ],
            [
              -49.004099,
              -14.55226
            ],
            [
              -49.002797,
              -14.544854
            ],
            [
              -49.01061,
              -14.535658
            ],
            [
              -49.017405,
              -14.524835
            ],
            [
              -49.018178,
              -14.510105
            ],
            [
              -49.015004,
              -14.481459
            ],
            [
              -49.017405,
              -14.470147
            ],
            [
              -49.003407,
              -14.461277
            ],
            [
              -48.992909,
              -14.449151
            ],
            [
              -48.986155,
              -14.43377
            ],
            [
              -48.983225,
              -14.414972
            ],
            [
              -48.989003,
              -14.350274
            ],
            [
              -48.993479,
              -14.33644
            ],
            [
              -49.020253,
              -14.314955
            ],
            [
              -49.02477,
              -14.312514
            ],
            [
              -49.02477,
              -14.301935
            ],
            [
              -49.019276,
              -14.297865
            ],
            [
              -49.010365,
              -14.294936
            ],
            [
              -48.999989,
              -14.288263
            ],
            [
              -48.987131,
              -14.272149
            ],
            [
              -48.967112,
              -14.237726
            ],
            [
              -48.955922,
              -14.223158
            ],
            [
              -48.948598,
              -14.217299
            ],
            [
              -48.926584,
              -14.205011
            ],
            [
              -48.91808,
              -14.202651
            ],
            [
              -48.913401,
              -14.198175
            ],
            [
              -48.88565,
              -14.158054
            ],
            [
              -48.8756,
              -14.146498
            ],
            [
              -48.863637,
              -14.137546
            ],
            [
              -48.849762,
              -14.133722
            ],
            [
              -48.817738,
              -14.140069
            ],
            [
              -48.803944,
              -14.138116
            ],
            [
              -48.798248,
              -14.123875
            ],
            [
              -48.793813,
              -14.120457
            ],
            [
              -48.771962,
              -14.121515
            ],
            [
              -48.76415,
              -14.120782
            ],
            [
              -48.759267,
              -14.115655
            ],
            [
              -48.750437,
              -14.100274
            ],
            [
              -48.743031,
              -14.092787
            ],
            [
              -48.740224,
              -14.098321
            ],
            [
              -48.735829,
              -14.104994
            ],
            [
              -48.730702,
              -14.110772
            ],
            [
              -48.726226,
              -14.113295
            ],
            [
              -48.713368,
              -14.116388
            ],
            [
              -48.711252,
              -14.123875
            ],
            [
              -48.71227,
              -14.132745
            ],
            [
              -48.708852,
              -14.140558
            ],
            [
              -48.701039,
              -14.144464
            ],
            [
              -48.686269,
              -14.146173
            ],
            [
              -48.671213,
              -14.156752
            ],
            [
              -48.664784,
              -14.158624
            ],
            [
              -48.623606,
              -14.165704
            ],
            [
              -48.608022,
              -14.163995
            ],
            [
              -48.59496,
              -14.155694
            ],
            [
              -48.548248,
              -14.113702
            ],
            [
              -48.529286,
              -14.119643
            ],
            [
              -48.520497,
              -14.117039
            ],
            [
              -48.481638,
              -14.062026
            ],
            [
              -48.476145,
              -14.048761
            ],
            [
              -48.471791,
              -14.030938
            ],
            [
              -48.460398,
              -14.016778
            ],
            [
              -48.443959,
              -14.007338
            ],
            [
              -48.424916,
              -14.004083
            ],
            [
              -48.41161,
              -13.998712
            ],
            [
              -48.385325,
              -13.975274
            ],
            [
              -48.376536,
              -13.969903
            ],
            [
              -48.351959,
              -13.965509
            ],
            [
              -48.345815,
              -13.963067
            ],
            [
              -48.338857,
              -13.955092
            ],
            [
              -48.334788,
              -13.938653
            ],
            [
              -48.325307,
              -13.927667
            ],
            [
              -48.355824,
              -13.864272
            ],
            [
              -48.360056,
              -13.849786
            ],
            [
              -48.359486,
              -13.838393
            ],
            [
              -48.357045,
              -13.828464
            ],
            [
              -48.351633,
              -13.821222
            ],
            [
              -48.342397,
              -13.818536
            ],
            [
              -48.304799,
              -13.818536
            ],
            [
              -48.288075,
              -13.825616
            ],
            [
              -48.265004,
              -13.84295
            ],
            [
              -48.246449,
              -13.846368
            ],
            [
              -48.226186,
              -13.837416
            ],
            [
              -48.209218,
              -13.816827
            ],
            [
              -48.194569,
              -13.793796
            ],
            [
              -48.181264,
              -13.77752
            ],
            [
              -48.139638,
              -13.756768
            ],
            [
              -48.124216,
              -13.741062
            ],
            [
              -48.135243,
              -13.702325
            ],
            [
              -48.134877,
              -13.677748
            ],
            [
              -48.131215,
              -13.654311
            ],
            [
              -48.126698,
              -13.640313
            ],
            [
              -48.115956,
              -13.627862
            ],
            [
              -48.104604,
              -13.617608
            ],
            [
              -48.09557,
              -13.604181
            ],
            [
              -48.091908,
              -13.581964
            ],
            [
              -48.091908,
              -13.54103
            ],
            [
              -48.097401,
              -13.53753
            ],
            [
              -48.123647,
              -13.538751
            ],
            [
              -48.132883,
              -13.537937
            ],
            [
              -48.140207,
              -13.529962
            ],
            [
              -48.149526,
              -13.508722
            ],
            [
              -48.157379,
              -13.504408
            ],
            [
              -48.165395,
              -13.501804
            ],
            [
              -48.194936,
              -13.483901
            ],
            [
              -48.206451,
              -13.472507
            ],
            [
              -48.213938,
              -13.458998
            ],
            [
              -48.215443,
              -13.442397
            ],
            [
              -48.209218,
              -13.421808
            ],
            [
              -48.201772,
              -13.421808
            ],
            [
              -48.201772,
              -13.442315
            ],
            [
              -48.177724,
              -13.428074
            ],
            [
              -48.174998,
              -13.400323
            ],
            [
              -48.187489,
              -13.339288
            ],
            [
              -48.184926,
              -13.308608
            ],
            [
              -48.179433,
              -13.279962
            ],
            [
              -48.177968,
              -13.253839
            ],
            [
              -48.187489,
              -13.229994
            ],
            [
              -48.179067,
              -13.219089
            ],
            [
              -48.174224,
              -13.20558
            ],
            [
              -48.17455,
              -13.192315
            ],
            [
              -48.181264,
              -13.181573
            ],
            [
              -48.172475,
              -13.161472
            ],
            [
              -48.160064,
              -13.118829
            ],
            [
              -48.141916,
              -13.085789
            ],
            [
              -48.144276,
              -13.066746
            ],
            [
              -48.150624,
              -13.046075
            ],
            [
              -48.153961,
              -13.02394
            ],
            [
              -48.152577,
              -13.01336
            ],
            [
              -48.147328,
              -12.994643
            ],
            [
              -48.146555,
              -12.98919
            ],
            [
              -48.151967,
              -12.97796
            ],
            [
              -48.170481,
              -12.955743
            ],
            [
              -48.174469,
              -12.945489
            ],
            [
              -48.181874,
              -12.902276
            ],
            [
              -48.194936,
              -12.859552
            ],
            [
              -48.223053,
              -12.801446
            ],
            [
              -48.232777,
              -12.787774
            ],
            [
              -48.235463,
              -12.778334
            ],
            [
              -48.231557,
              -12.767429
            ],
            [
              -48.225819,
              -12.756199
            ],
            [
              -48.22289,
              -12.746515
            ],
            [
              -48.226145,
              -12.734877
            ],
            [
              -48.233876,
              -12.732843
            ],
            [
              -48.242909,
              -12.73325
            ],
            [
              -48.250152,
              -12.729181
            ],
            [
              -48.250152,
              -12.714044
            ],
            [
              -48.242177,
              -12.700698
            ],
            [
              -48.242421,
              -12.691257
            ],
            [
              -48.267242,
              -12.687514
            ],
            [
              -48.282948,
              -12.680352
            ],
            [
              -48.289703,
              -12.662937
            ],
            [
              -48.28954,
              -12.640558
            ],
            [
              -48.284332,
              -12.619317
            ],
            [
              -48.283559,
              -12.615086
            ],
            [
              -48.28539,
              -12.613783
            ],
            [
              -48.288319,
              -12.613783
            ],
            [
              -48.291127,
              -12.613132
            ],
            [
              -48.272817,
              -12.605401
            ],
            [
              -48.263824,
              -12.604994
            ],
            [
              -48.284901,
              -12.57586
            ],
            [
              -48.291737,
              -12.55877
            ],
            [
              -48.281239,
              -12.550958
            ],
            [
              -48.26415,
              -12.548679
            ],
            [
              -48.252187,
              -12.541843
            ],
            [
              -48.245025,
              -12.529962
            ],
            [
              -48.242747,
              -12.513116
            ],
            [
              -48.238596,
              -12.498875
            ],
            [
              -48.22289,
              -12.475763
            ],
            [
              -48.22289,
              -12.461602
            ],
            [
              -48.230865,
              -12.452976
            ],
            [
              -48.259104,
              -12.442315
            ],
            [
              -48.27066,
              -12.434991
            ],
            [
              -48.246449,
              -12.394464
            ],
            [
              -48.250803,
              -12.348972
            ],
            [
              -48.273549,
              -12.305352
            ],
            [
              -48.304799,
              -12.27044
            ],
            [
              -48.333404,
              -12.253432
            ],
            [
              -48.442006,
              -12.222101
            ],
            [
              -48.463938,
              -12.20794
            ],
            [
              -48.476226,
              -12.190362
            ],
            [
              -48.481679,
              -12.169122
            ],
            [
              -48.4829,
              -12.143243
            ],
            [
              -48.486806,
              -12.122003
            ],
            [
              -48.504872,
              -12.079034
            ],
            [
              -48.510854,
              -12.05755
            ],
            [
              -48.531728,
              -11.93377
            ],
            [
              -48.556996,
              -11.863946
            ],
            [
              -48.561757,
              -11.858331
            ],
            [
              -48.575429,
              -11.856378
            ],
            [
              -48.583119,
              -11.850763
            ],
            [
              -48.601959,
              -11.804376
            ],
            [
              -48.615224,
              -11.753106
            ],
            [
              -48.626943,
              -11.729181
            ],
            [
              -48.634023,
              -11.722182
            ],
            [
              -48.643178,
              -11.714858
            ],
            [
              -48.65099,
              -11.705499
            ],
            [
              -48.654286,
              -11.691339
            ],
            [
              -48.654286,
              -11.588881
            ],
            [
              -48.656117,
              -11.579441
            ],
            [
              -48.66511,
              -11.557143
            ],
            [
              -48.667917,
              -11.544285
            ]
          ]
        ]
      }
    },
    {
      "type": "Feature",
      "properties": {
        "dissolve": "427Lake Centerline",
        "scalerank": 7.0,
        "featurecla": "Lake Centerline",
        "name": "Trombetas",
        "name_alt": null,
        "rivernum": 427,
        "note": null,
        "min_zoom": 6.0,
        "name_en": "Trombetas",
        "min_label": 7.0
      },
      "bbox": [
        -56.57608,
        -1.778985,
        -55.877187,
        -1.392267
      ],
      "geometry": {
        "type": "MultiLineString",
        "coordinates": [
          [
            [
              -55.877187,
              -1.778985
            ],
            [
              -55.903432,
              -1.744155
            ],
            [
              -55.918284,
              -1.721205
            ],
            [
              -55.929433,
              -1.698256
            ],
            [
              -55.948435,
              -1.671726
            ],
            [
              -55.969146,
              -1.646173
            ],
            [
              -55.982859,
              -1.606378
            ],
            [
              -56.015126,
              -1.545587
            ],
            [
              -56.037465,
              -1.53224
            ],
            [
              -56.135569,
              -1.533136
            ],
            [
              -56.169545,
              -1.537774
            ],
            [
              -56.202545,
              -1.548028
            ],
            [
              -56.238393,
              -1.550714
            ],
            [
              -56.273305,
              -1.539402
            ],
            [
              -56.284983,
              -1.518976
            ],
            [
              -56.284495,
              -1.498468
            ],
            [
              -56.296946,
              -1.482273
            ],
            [
              -56.313059,
              -1.469903
            ],
            [
              -56.336985,
              -1.456394
            ],
            [
              -56.362701,
              -1.44378
            ],
            [
              -56.385081,
              -1.436212
            ],
            [
              -56.407379,
              -1.427667
            ],
            [
              -56.418365,
              -1.416843
            ],
            [
              -56.424794,
              -1.400323
            ],
            [
              -56.443837,
              -1.392267
            ],
            [
              -56.469472,
              -1.395359
            ],
            [
              -56.486684,
              -1.403741
            ],
            [
              -56.506703,
              -1.41782
            ],
            [
              -56.525014,
              -1.424168
            ],
            [
              -56.545155,
              -1.420261
            ],
            [
              -56.56664,
              -1.410007
            ],
            [
              -56.57608,
              -1.401707
            ]
          ]
        ]
      }
    },
    {
      "type": "Feature",
      "properties": {
        "dissolve": "427River",
        "scalerank": 7.0,
        "featurecla": "River",
        "name": "Trombetas",
        "name_alt": null,
        "rivernum": 427,
        "note": null,
        "min_zoom": 6.0,
        "name_en": "Trombetas",
        "min_label": 7.0
      },
      "bbox": [
        -58.409006,
        -1.908054,
        -55.636138,
        1.546413
      ],
      "geometry": {
        "type": "MultiLineString",
        "coordinates": [
          [
            [
              -58.409006,
              1.435574
            ],
            [
              -58.392893,
              1.439317
            ],
            [
              -58.366851,
              1.456855
            ],
            [
              -58.351226,
              1.462266
            ],
            [
              -58.330393,
              1.460639
            ],
            [
              -58.299184,
              1.445502
            ],
            [
              -58.285837,
              1.441759
            ],
            [
              -58.211497,
              1.434353
            ],
            [
              -58.195302,
              1.435126
            ],
            [
              -58.180653,
              1.438096
            ],
            [
              -58.131703,
              1.45543
            ],
            [
              -58.049713,
              1.457546
            ],
            [
              -58.03185,
              1.461453
            ],
            [
              -58.015289,
              1.468573
            ],
            [
              -57.989369,
              1.486762
            ],
            [
              -57.964345,
              1.51081
            ],
            [
              -57.936594,
              1.543647
            ],
            [
              -57.929555,
              1.546413
            ],
            [
              -57.918446,
              1.546088
            ],
            [
              -57.884104,
              1.538194
            ],
            [
              -57.861643,
              1.538601
            ],
            [
              -57.853668,
              1.536566
            ],
            [
              -57.847971,
              1.532823
            ],
            [
              -57.84496,
              1.527533
            ],
            [
              -57.843821,
              1.521104
            ],
            [
              -57.843577,
              1.514106
            ],
            [
              -57.837717,
              1.501532
            ],
            [
              -57.824534,
              1.506415
            ],
            [
              -57.802602,
              1.523708
            ],
            [
              -57.79247,
              1.520941
            ],
            [
              -57.788726,
              1.514268
            ],
            [
              -57.786773,
              1.507188
            ],
            [
              -57.782094,
              1.503241
            ],
            [
              -57.769154,
              1.50377
            ],
            [
              -57.761586,
              1.508897
            ],
            [
              -57.754954,
              1.514716
            ],
            [
              -57.744578,
              1.517524
            ],
            [
              -57.678822,
              1.523953
            ],
            [
              -57.658599,
              1.517524
            ],
            [
              -57.649159,
              1.509792
            ],
            [
              -57.633209,
              1.49079
            ],
            [
              -57.62442,
              1.482733
            ],
            [
              -57.613637,
              1.477118
            ],
            [
              -57.595448,
              1.471544
            ],
            [
              -57.568512,
              1.454128
            ],
            [
              -57.56078,
              1.478827
            ],
            [
              -57.54186,
              1.482733
            ],
            [
              -57.533681,
              1.46129
            ],
            [
              -57.528879,
              1.456081
            ],
            [
              -57.517568,
              1.455837
            ],
            [
              -57.506663,
              1.460557
            ],
            [
              -57.497385,
              1.466335
            ],
            [
              -57.491038,
              1.469062
            ],
            [
              -57.485341,
              1.476589
            ],
            [
              -57.475779,
              1.492458
            ],
            [
              -57.460927,
              1.507107
            ],
            [
              -57.439524,
              1.510688
            ],
            [
              -57.421498,
              1.501247
            ],
            [
              -57.401031,
              1.482978
            ],
            [
              -57.384348,
              1.462185
            ],
            [
              -57.372874,
              1.435614
            ],
            [
              -57.362172,
              1.428982
            ],
            [
              -57.349843,
              1.423529
            ],
            [
              -57.340159,
              1.417589
            ],
            [
              -57.33373,
              1.407782
            ],
            [
              -57.324778,
              1.384833
            ],
            [
              -57.315989,
              1.374132
            ],
            [
              -57.277984,
              1.353095
            ],
            [
              -57.243967,
              1.339382
            ],
            [
              -57.233266,
              1.329698
            ],
            [
              -57.193023,
              1.270453
            ],
            [
              -57.180898,
              1.265204
            ],
            [
              -57.169138,
              1.263007
            ],
            [
              -57.159047,
              1.257676
            ],
            [
              -57.152089,
              1.243191
            ],
            [
              -57.153554,
              1.235785
            ],
            [
              -57.163401,
              1.215115
            ],
            [
              -57.17219,
              1.187812
            ],
            [
              -57.187489,
              1.173855
            ],
            [
              -57.205637,
              1.16116
            ],
            [
              -57.220367,
              1.146999
            ],
            [
              -57.234283,
              1.127143
            ],
            [
              -57.235992,
              1.118679
            ],
            [
              -57.233998,
              1.105984
            ],
            [
              -57.228179,
              1.096015
            ],
            [
              -57.21052,
              1.081163
            ],
            [
              -57.206736,
              1.075548
            ],
            [
              -57.199696,
              1.053249
            ],
            [
              -57.182769,
              1.034776
            ],
            [
              -57.144643,
              1.003607
            ],
            [
              -57.124135,
              0.976264
            ],
            [
              -57.093699,
              0.952663
            ],
            [
              -57.086293,
              0.94892
            ],
            [
              -57.064849,
              0.945909
            ],
            [
              -57.049184,
              0.938015
            ],
            [
              -57.037506,
              0.926825
            ],
            [
              -57.027943,
              0.914171
            ],
            [
              -57.00357,
              0.862006
            ],
            [
              -56.997874,
              0.852729
            ],
            [
              -56.979237,
              0.84809
            ],
            [
              -56.967763,
              0.836249
            ],
            [
              -56.95287,
              0.804958
            ],
            [
              -56.930572,
              0.773261
            ],
            [
              -56.925526,
              0.763373
            ],
            [
              -56.924631,
              0.752509
            ],
            [
              -56.926381,
              0.728542
            ],
            [
              -56.922434,
              0.719021
            ],
            [
              -56.902903,
              0.703396
            ],
            [
              -56.894765,
              0.695176
            ],
            [
              -56.891428,
              0.684882
            ],
            [
              -56.898183,
              0.658718
            ],
            [
              -56.897613,
              0.647284
            ],
            [
              -56.889027,
              0.633083
            ],
            [
              -56.862375,
              0.608995
            ],
            [
              -56.853424,
              0.586046
            ],
            [
              -56.839426,
              0.577419
            ],
            [
              -56.836171,
              0.568183
            ],
            [
              -56.836171,
              0.52379
            ],
            [
              -56.828196,
              0.494208
            ],
            [
              -56.829335,
              0.482774
            ],
            [
              -56.83373,
              0.476182
            ],
            [
              -56.847524,
              0.461046
            ],
            [
              -56.853871,
              0.436387
            ],
            [
              -56.870676,
              0.400336
            ],
            [
              -56.877105,
              0.379747
            ],
            [
              -56.88329,
              0.334174
            ],
            [
              -56.889475,
              0.312079
            ],
            [
              -56.90807,
              0.28498
            ],
            [
              -56.910268,
              0.273993
            ],
            [
              -56.90807,
              0.263007
            ],
            [
              -56.893056,
              0.242499
            ],
            [
              -56.892201,
              0.233222
            ],
            [
              -56.897613,
              0.215928
            ],
            [
              -56.897613,
              0.143622
            ],
            [
              -56.900299,
              0.127875
            ],
            [
              -56.919342,
              0.078152
            ],
            [
              -56.946034,
              -0.093194
            ],
            [
              -56.947011,
              -0.1395
            ],
            [
              -56.943918,
              -0.164402
            ],
            [
              -56.93578,
              -0.175144
            ],
            [
              -56.926584,
              -0.180678
            ],
            [
              -56.879791,
              -0.228855
            ],
            [
              -56.873443,
              -0.240737
            ],
            [
              -56.870839,
              -0.257013
            ],
            [
              -56.869293,
              -0.345717
            ],
            [
              -56.87442,
              -0.398126
            ],
            [
              -56.877105,
              -0.408543
            ],
            [
              -56.897613,
              -0.445733
            ],
            [
              -56.897613,
              -0.479913
            ],
            [
              -56.89509,
              -0.489679
            ],
            [
              -56.889027,
              -0.497491
            ],
            [
              -56.882192,
              -0.504327
            ],
            [
              -56.877105,
              -0.510919
            ],
            [
              -56.863393,
              -0.542169
            ],
            [
              -56.852895,
              -0.575372
            ],
            [
              -56.847401,
              -0.608331
            ],
            [
              -56.848215,
              -0.639988
            ],
            [
              -56.856679,
              -0.669122
            ],
            [
              -56.890289,
              -0.726251
            ],
            [
              -56.894521,
              -0.73683
            ],
            [
              -56.943267,
              -0.802586
            ],
            [
              -56.960317,
              -0.81935
            ],
            [
              -56.998931,
              -0.833429
            ],
            [
              -57.010243,
              -0.844578
            ],
            [
              -57.014272,
              -0.870945
            ],
            [
              -57.008534,
              -0.895196
            ],
            [
              -57.007517,
              -0.905125
            ],
            [
              -57.008209,
              -0.918308
            ],
            [
              -57.010569,
              -0.928643
            ],
            [
              -57.020497,
              -0.949151
            ],
            [
              -57.028228,
              -0.959487
            ],
            [
              -57.047597,
              -0.979669
            ],
            [
              -57.055898,
              -0.990655
            ],
            [
              -57.062327,
              -1.003595
            ],
            [
              -57.064076,
              -1.012709
            ],
            [
              -57.062734,
              -1.035333
            ],
            [
              -57.058298,
              -1.059584
            ],
            [
              -57.046783,
              -1.078627
            ],
            [
              -57.031199,
              -1.094171
            ],
            [
              -57.014272,
              -1.107354
            ],
            [
              -56.995025,
              -1.11769
            ],
            [
              -56.986887,
              -1.123712
            ],
            [
              -56.980133,
              -1.134698
            ],
            [
              -56.980417,
              -1.170831
            ],
            [
              -56.97704,
              -1.176283
            ],
            [
              -56.968007,
              -1.181492
            ],
            [
              -56.934682,
              -1.207045
            ],
            [
              -56.841135,
              -1.263116
            ],
            [
              -56.829335,
              -1.274916
            ],
            [
              -56.824208,
              -1.278741
            ],
            [
              -56.791493,
              -1.295424
            ],
            [
              -56.780588,
              -1.309096
            ],
            [
              -56.771596,
              -1.337742
            ],
            [
              -56.764516,
              -1.350112
            ],
            [
              -56.745595,
              -1.369643
            ],
            [
              -56.728383,
              -1.382664
            ],
            [
              -56.707753,
              -1.390476
            ],
            [
              -56.678538,
              -1.394708
            ],
            [
              -56.618642,
              -1.386163
            ],
            [
              -56.591868,
              -1.386244
            ],
            [
              -56.57608,
              -1.401707
            ]
          ],
          [
            [
              -55.877187,
              -1.778985
            ],
            [
              -55.836985,
              -1.821629
            ],
            [
              -55.809275,
              -1.844171
            ],
            [
              -55.777252,
              -1.854018
            ],
            [
              -55.700266,
              -1.861668
            ],
            [
              -55.660308,
              -1.872084
            ],
            [
              -55.636138,
              -1.908054
            ]
          ]
        ]
      }
    },
    {
      "type": "Feature",
      "properties": {
        "dissolve": "434River",
        "scalerank": 7.0,
        "featurecla": "River",
        "name": "Napo",
        "name_alt": null,
        "rivernum": 434,
        "note": null,
        "min_zoom": 6.0,
        "name_en": "Napo",
        "min_label": 7.0
      },
      "bbox": [
        -78.08788,
        -3.448663,
        -72.648874,
        -0.405206
      ],
      "geometry": {
        "type": "MultiLineString",
        "coordinates": [
          [
            [
              -78.08788,
              -0.745131
            ],
            [
              -78.061513,
              -0.764662
            ],
            [
              -78.048492,
              -0.77752
            ],
            [
              -78.041493,
              -0.789972
            ],
            [
              -78.041249,
              -0.796238
            ],
            [
              -78.044789,
              -0.814955
            ],
            [
              -78.043935,
              -0.821222
            ],
            [
              -78.038197,
              -0.837579
            ],
            [
              -78.037506,
              -0.850112
            ],
            [
              -78.040598,
              -0.890476
            ],
            [
              -78.019114,
              -1.019871
            ],
            [
              -78.00475,
              -1.036065
            ],
            [
              -77.962595,
              -1.059015
            ],
            [
              -77.956858,
              -1.06463
            ],
            [
              -77.954091,
              -1.070326
            ],
            [
              -77.948964,
              -1.075535
            ],
            [
              -77.935862,
              -1.079522
            ],
            [
              -77.924062,
              -1.079604
            ],
            [
              -77.903066,
              -1.07464
            ],
            [
              -77.880483,
              -1.072198
            ],
            [
              -77.86148,
              -1.06756
            ],
            [
              -77.834584,
              -1.065606
            ],
            [
              -77.832346,
              -1.062677
            ],
            [
              -77.833079,
              -1.056329
            ],
            [
              -77.825999,
              -1.045343
            ],
            [
              -77.809397,
              -1.034031
            ],
            [
              -77.784657,
              -1.022963
            ],
            [
              -77.759267,
              -1.017104
            ],
            [
              -77.740631,
              -1.021824
            ],
            [
              -77.733551,
              -1.025323
            ],
            [
              -77.712473,
              -1.030776
            ],
            [
              -77.706207,
              -1.031671
            ],
            [
              -77.701283,
              -1.030613
            ],
            [
              -77.691803,
              -1.025893
            ],
            [
              -77.685699,
              -1.024835
            ],
            [
              -77.67748,
              -1.026788
            ],
            [
              -77.667307,
              -1.036065
            ],
            [
              -77.660878,
              -1.039076
            ],
            [
              -77.641225,
              -1.042169
            ],
            [
              -77.632436,
              -1.041518
            ],
            [
              -77.620513,
              -1.039076
            ],
            [
              -77.615549,
              -1.036065
            ],
            [
              -77.611684,
              -1.031264
            ],
            [
              -77.60733,
              -1.026869
            ],
            [
              -77.600697,
              -1.024835
            ],
            [
              -77.593739,
              -1.025811
            ],
            [
              -77.589182,
              -1.028171
            ],
            [
              -77.585927,
              -1.030613
            ],
            [
              -77.582997,
              -1.031671
            ],
            [
              -77.580515,
              -1.035658
            ],
            [
              -77.569651,
              -1.043308
            ],
            [
              -77.557851,
              -1.047784
            ],
            [
              -77.552235,
              -1.042169
            ],
            [
              -77.549998,
              -1.035658
            ],
            [
              -77.544423,
              -1.028823
            ],
            [
              -77.531809,
              -1.018569
            ],
            [
              -77.521962,
              -1.014093
            ],
            [
              -77.515818,
              -1.013523
            ],
            [
              -77.510854,
              -1.011651
            ],
            [
              -77.504465,
              -1.003757
            ],
            [
              -77.493967,
              -0.963393
            ],
            [
              -77.460561,
              -0.930515
            ],
            [
              -77.449818,
              -0.922377
            ],
            [
              -77.291615,
              -0.846694
            ],
            [
              -77.255116,
              -0.833917
            ],
            [
              -77.247222,
              -0.829604
            ],
            [
              -77.234202,
              -0.812921
            ],
            [
              -77.209625,
              -0.764662
            ],
            [
              -77.164906,
              -0.722833
            ],
            [
              -77.151316,
              -0.716323
            ],
            [
              -77.13858,
              -0.707452
            ],
            [
              -77.139394,
              -0.686456
            ],
            [
              -77.148183,
              -0.64129
            ],
            [
              -77.141672,
              -0.622491
            ],
            [
              -77.11852,
              -0.590183
            ],
            [
              -77.113433,
              -0.576104
            ],
            [
              -77.108957,
              -0.553725
            ],
            [
              -77.097524,
              -0.540379
            ],
            [
              -77.066274,
              -0.525242
            ],
            [
              -77.06135,
              -0.524591
            ],
            [
              -77.049143,
              -0.5263
            ],
            [
              -77.044545,
              -0.525242
            ],
            [
              -77.042958,
              -0.521498
            ],
            [
              -77.040028,
              -0.50864
            ],
            [
              -77.038319,
              -0.504734
            ],
            [
              -77.020497,
              -0.479913
            ],
            [
              -77.01415,
              -0.476739
            ],
            [
              -77.007192,
              -0.474949
            ],
            [
              -76.99942,
              -0.470554
            ],
            [
              -76.993153,
              -0.46502
            ],
            [
              -76.990549,
              -0.459975
            ],
            [
              -76.985504,
              -0.458998
            ],
            [
              -76.959828,
              -0.46795
            ],
            [
              -76.948964,
              -0.469903
            ],
            [
              -76.941477,
              -0.463311
            ],
            [
              -76.922353,
              -0.449884
            ],
            [
              -76.902699,
              -0.440444
            ],
            [
              -76.893707,
              -0.445733
            ],
            [
              -76.881744,
              -0.450698
            ],
            [
              -76.855051,
              -0.444268
            ],
            [
              -76.811838,
              -0.428399
            ],
            [
              -76.768666,
              -0.428399
            ],
            [
              -76.680979,
              -0.44256
            ],
            [
              -76.640492,
              -0.435724
            ],
            [
              -76.599599,
              -0.411798
            ],
            [
              -76.575876,
              -0.405206
            ],
            [
              -76.554636,
              -0.433933
            ],
            [
              -76.502309,
              -0.473647
            ],
            [
              -76.483469,
              -0.482924
            ],
            [
              -76.443959,
              -0.481866
            ],
            [
              -76.42748,
              -0.485772
            ],
            [
              -76.420766,
              -0.500909
            ],
            [
              -76.410308,
              -0.510268
            ],
            [
              -76.386708,
              -0.499363
            ],
            [
              -76.346262,
              -0.469903
            ],
            [
              -76.33727,
              -0.46616
            ],
            [
              -76.304677,
              -0.456394
            ],
            [
              -76.284169,
              -0.446222
            ],
            [
              -76.274526,
              -0.443211
            ],
            [
              -76.197255,
              -0.435724
            ],
            [
              -76.102976,
              -0.441908
            ],
            [
              -76.098134,
              -0.446791
            ],
            [
              -76.092397,
              -0.458022
            ],
            [
              -76.087514,
              -0.470717
            ],
            [
              -76.083648,
              -0.494806
            ],
            [
              -76.078114,
              -0.501642
            ],
            [
              -76.058298,
              -0.510919
            ],
            [
              -76.017323,
              -0.54046
            ],
            [
              -75.994496,
              -0.553399
            ],
            [
              -75.971995,
              -0.558608
            ],
            [
              -75.948801,
              -0.560235
            ],
            [
              -75.930287,
              -0.564142
            ],
            [
              -75.914784,
              -0.570652
            ],
            [
              -75.868398,
              -0.598077
            ],
            [
              -75.790191,
              -0.630711
            ],
            [
              -75.715688,
              -0.652846
            ],
            [
              -75.669749,
              -0.686456
            ],
            [
              -75.611399,
              -0.719903
            ],
            [
              -75.59024,
              -0.742608
            ],
            [
              -75.547556,
              -0.814142
            ],
            [
              -75.491526,
              -0.863295
            ],
            [
              -75.436716,
              -0.9013
            ],
            [
              -75.407175,
              -0.914972
            ],
            [
              -75.378774,
              -0.940932
            ],
            [
              -75.365142,
              -0.95672
            ],
            [
              -75.359364,
              -0.966811
            ],
            [
              -75.349477,
              -0.974786
            ],
            [
              -75.326731,
              -0.975437
            ],
            [
              -75.284291,
              -0.970229
            ],
            [
              -75.236928,
              -0.970229
            ],
            [
              -75.193715,
              -0.98032
            ],
            [
              -75.152943,
              -1.000502
            ],
            [
              -75.112945,
              -1.031671
            ],
            [
              -75.052235,
              -1.091648
            ],
            [
              -75.040639,
              -1.100518
            ],
            [
              -74.98884,
              -1.176283
            ],
            [
              -74.961008,
              -1.202569
            ],
            [
              -74.951487,
              -1.217218
            ],
            [
              -74.947865,
              -1.233901
            ],
            [
              -74.938873,
              -1.243178
            ],
            [
              -74.839508,
              -1.314386
            ],
            [
              -74.824208,
              -1.332208
            ],
            [
              -74.770334,
              -1.353855
            ],
            [
              -74.75414,
              -1.367364
            ],
            [
              -74.739858,
              -1.383152
            ],
            [
              -74.724477,
              -1.396173
            ],
            [
              -74.6881,
              -1.405694
            ],
            [
              -74.6704,
              -1.415867
            ],
            [
              -74.655344,
              -1.42905
            ],
            [
              -74.64623,
              -1.44256
            ],
            [
              -74.635121,
              -1.483331
            ],
            [
              -74.629994,
              -1.570815
            ],
            [
              -74.638783,
              -1.643243
            ],
            [
              -74.649485,
              -1.677667
            ],
            [
              -74.663726,
              -1.709812
            ],
            [
              -74.697377,
              -1.764988
            ],
            [
              -74.700592,
              -1.779799
            ],
            [
              -74.701487,
              -1.802586
            ],
            [
              -74.69872,
              -1.828058
            ],
            [
              -74.690745,
              -1.849054
            ],
            [
              -74.677846,
              -1.868178
            ],
            [
              -74.597483,
              -1.953546
            ],
            [
              -74.56428,
              -2.011651
            ],
            [
              -74.54776,
              -2.029636
            ],
            [
              -74.485463,
              -2.070001
            ],
            [
              -74.469472,
              -2.087254
            ],
            [
              -74.459788,
              -2.10239
            ],
            [
              -74.448313,
              -2.115737
            ],
            [
              -74.311757,
              -2.188979
            ],
            [
              -74.27009,
              -2.203546
            ],
            [
              -74.20108,
              -2.217218
            ],
            [
              -74.167551,
              -2.238458
            ],
            [
              -74.127431,
              -2.244317
            ],
            [
              -74.112416,
              -2.251967
            ],
            [
              -74.105865,
              -2.267022
            ],
            [
              -74.099599,
              -2.30877
            ],
            [
              -74.076894,
              -2.346694
            ],
            [
              -74.064036,
              -2.409031
            ],
            [
              -74.040598,
              -2.449151
            ],
            [
              -74.00357,
              -2.461928
            ],
            [
              -73.961008,
              -2.456964
            ],
            [
              -73.890207,
              -2.432631
            ],
            [
              -73.874582,
              -2.43019
            ],
            [
              -73.854848,
              -2.429539
            ],
            [
              -73.835032,
              -2.435398
            ],
            [
              -73.819163,
              -2.449151
            ],
            [
              -73.796498,
              -2.477227
            ],
            [
              -73.783803,
              -2.487156
            ],
            [
              -73.765207,
              -2.498549
            ],
            [
              -73.744293,
              -2.508152
            ],
            [
              -73.725087,
              -2.512058
            ],
            [
              -73.656321,
              -2.508803
            ],
            [
              -73.638824,
              -2.512058
            ],
            [
              -73.600657,
              -2.538425
            ],
            [
              -73.57726,
              -2.576186
            ],
            [
              -73.564036,
              -2.621026
            ],
            [
              -73.550893,
              -2.710382
            ],
            [
              -73.541127,
              -2.721205
            ],
            [
              -73.519032,
              -2.724949
            ],
            [
              -73.497182,
              -2.734063
            ],
            [
              -73.499867,
              -2.75506
            ],
            [
              -73.522776,
              -2.793145
            ],
            [
              -73.527984,
              -2.813165
            ],
            [
              -73.527415,
              -2.832452
            ],
            [
              -73.521881,
              -2.851007
            ],
            [
              -73.512359,
              -2.868992
            ],
            [
              -73.492584,
              -2.894057
            ],
            [
              -73.420318,
              -2.957696
            ],
            [
              -73.403554,
              -2.968194
            ],
            [
              -73.378489,
              -2.979506
            ],
            [
              -73.352773,
              -2.985772
            ],
            [
              -73.334381,
              -2.980971
            ],
            [
              -73.317209,
              -2.968438
            ],
            [
              -73.298085,
              -2.962335
            ],
            [
              -73.279042,
              -2.962905
            ],
            [
              -73.262074,
              -2.970636
            ],
            [
              -73.250803,
              -2.983738
            ],
            [
              -73.243072,
              -2.997247
            ],
            [
              -73.232045,
              -3.007989
            ],
            [
              -73.191151,
              -3.016941
            ],
            [
              -73.16926,
              -3.028334
            ],
            [
              -73.150136,
              -3.043959
            ],
            [
              -73.13915,
              -3.060073
            ],
            [
              -73.137929,
              -3.0853
            ],
            [
              -73.151112,
              -3.094903
            ],
            [
              -73.169342,
              -3.095554
            ],
            [
              -73.183502,
              -3.094171
            ],
            [
              -73.204335,
              -3.10239
            ],
            [
              -73.202301,
              -3.121596
            ],
            [
              -73.191762,
              -3.14422
            ],
            [
              -73.187001,
              -3.16253
            ],
            [
              -73.197662,
              -3.180352
            ],
            [
              -73.215159,
              -3.203058
            ],
            [
              -73.226145,
              -3.227227
            ],
            [
              -73.210927,
              -3.264093
            ],
            [
              -73.205312,
              -3.315444
            ],
            [
              -73.200592,
              -3.334405
            ],
            [
              -73.161122,
              -3.37599
            ],
            [
              -73.096262,
              -3.418145
            ],
            [
              -73.035634,
              -3.42962
            ],
            [
              -73.00886,
              -3.379083
            ],
            [
              -73.000722,
              -3.358331
            ],
            [
              -72.985707,
              -3.341485
            ],
            [
              -72.977895,
              -3.322931
            ],
            [
              -72.991444,
              -3.296808
            ],
            [
              -72.995229,
              -3.28631
            ],
            [
              -72.990224,
              -3.276544
            ],
            [
              -72.980621,
              -3.268487
            ],
            [
              -72.950754,
              -3.254083
            ],
            [
              -72.94343,
              -3.247247
            ],
            [
              -72.936391,
              -3.237156
            ],
            [
              -72.927073,
              -3.21795
            ],
            [
              -72.920806,
              -3.208917
            ],
            [
              -72.912668,
              -3.204278
            ],
            [
              -72.903147,
              -3.196791
            ],
            [
              -72.89273,
              -3.192234
            ],
            [
              -72.881703,
              -3.191095
            ],
            [
              -72.870025,
              -3.194675
            ],
            [
              -72.860463,
              -3.201511
            ],
            [
              -72.844472,
              -3.219171
            ],
            [
              -72.835194,
              -3.226576
            ],
            [
              -72.816233,
              -3.236017
            ],
            [
              -72.807769,
              -3.241225
            ],
            [
              -72.793324,
              -3.25864
            ],
            [
              -72.78539,
              -3.266046
            ],
            [
              -72.775868,
              -3.270359
            ],
            [
              -72.763824,
              -3.270685
            ],
            [
              -72.74767,
              -3.260919
            ],
            [
              -72.734527,
              -3.24627
            ],
            [
              -72.721425,
              -3.238946
            ],
            [
              -72.705068,
              -3.251967
            ],
            [
              -72.696645,
              -3.260919
            ],
            [
              -72.687937,
              -3.264825
            ],
            [
              -72.665354,
              -3.266046
            ],
            [
              -72.654164,
              -3.268487
            ],
            [
              -72.648874,
              -3.273858
            ],
            [
              -72.649892,
              -3.281264
            ],
            [
              -72.657867,
              -3.289727
            ],
            [
              -72.672231,
              -3.296808
            ],
            [
              -72.688344,
              -3.302748
            ],
            [
              -72.701975,
              -3.311049
            ],
            [
              -72.70873,
              -3.325535
            ],
            [
              -72.706451,
              -3.337091
            ],
            [
              -72.671539,
              -3.412937
            ],
            [
              -72.667307,
              -3.430108
            ],
            [
              -72.665679,
              -3.448663
            ]
          ]
        ]
      }
    },
    {
      "type": "Feature",
      "properties": {
        "dissolve": "435River",
        "scalerank": 7.0,
        "featurecla": "River",
        "name": "Juruá",
        "name_alt": null,
        "rivernum": 435,
        "note": null,
        "min_zoom": 6.0,
        "name_en": "Juruá",
        "min_label": 7.0
      },
      "bbox": [
        -72.882965,
        -10.087823,
        -65.740468,
        -2.610284
      ],
      "geometry": {
        "type": "MultiLineString",
        "coordinates": [
          [
            [
              -72.401763,
              -10.087823
            ],
            [
              -72.423004,
              -10.078139
            ],
            [
              -72.471995,
              -10.081394
            ],
            [
              -72.494944,
              -10.077569
            ],
            [
              -72.510162,
              -10.064304
            ],
            [
              -72.518381,
              -10.04461
            ],
            [
              -72.521596,
              -10.021824
            ],
            [
              -72.522206,
              -9.998712
            ],
            [
              -72.526479,
              -9.993585
            ],
            [
              -72.535878,
              -9.988458
            ],
            [
              -72.545277,
              -9.981459
            ],
            [
              -72.54955,
              -9.971124
            ],
            [
              -72.547475,
              -9.935886
            ],
            [
              -72.54955,
              -9.92669
            ],
            [
              -72.563588,
              -9.91603
            ],
            [
              -72.584828,
              -9.912286
            ],
            [
              -72.628326,
              -9.9131
            ],
            [
              -72.645131,
              -9.903009
            ],
            [
              -72.67984,
              -9.837335
            ],
            [
              -72.684193,
              -9.835463
            ],
            [
              -72.689198,
              -9.835626
            ],
            [
              -72.694488,
              -9.834812
            ],
            [
              -72.699778,
              -9.830499
            ],
            [
              -72.703725,
              -9.82228
            ],
            [
              -72.702545,
              -9.817885
            ],
            [
              -72.700022,
              -9.814467
            ],
            [
              -72.699778,
              -9.809421
            ],
            [
              -72.704254,
              -9.78631
            ],
            [
              -72.707957,
              -9.777195
            ],
            [
              -72.717681,
              -9.765313
            ],
            [
              -72.724965,
              -9.761651
            ],
            [
              -72.744252,
              -9.755792
            ],
            [
              -72.748158,
              -9.751967
            ],
            [
              -72.754994,
              -9.706964
            ],
            [
              -72.767812,
              -9.686456
            ],
            [
              -72.783844,
              -9.67254
            ],
            [
              -72.797597,
              -9.657892
            ],
            [
              -72.803415,
              -9.635105
            ],
            [
              -72.803415,
              -9.594659
            ],
            [
              -72.805776,
              -9.582696
            ],
            [
              -72.815745,
              -9.558119
            ],
            [
              -72.817047,
              -9.549981
            ],
            [
              -72.806142,
              -9.538751
            ],
            [
              -72.789377,
              -9.531264
            ],
            [
              -72.778757,
              -9.522149
            ],
            [
              -72.793528,
              -9.485528
            ],
            [
              -72.778432,
              -9.474135
            ],
            [
              -72.741322,
              -9.461277
            ],
            [
              -72.738881,
              -9.453546
            ],
            [
              -72.73648,
              -9.428888
            ],
            [
              -72.734486,
              -9.41961
            ],
            [
              -72.730051,
              -9.413914
            ],
            [
              -72.716786,
              -9.400405
            ],
            [
              -72.713979,
              -9.395847
            ],
            [
              -72.716542,
              -9.386733
            ],
            [
              -72.721059,
              -9.375828
            ],
            [
              -72.723012,
              -9.364435
            ],
            [
              -72.717681,
              -9.354425
            ],
            [
              -72.680776,
              -9.331476
            ],
            [
              -72.673004,
              -9.323419
            ],
            [
              -72.669545,
              -9.301446
            ],
            [
              -72.677358,
              -9.279962
            ],
            [
              -72.6881,
              -9.258722
            ],
            [
              -72.693512,
              -9.237726
            ],
            [
              -72.697906,
              -9.231622
            ],
            [
              -72.71703,
              -9.220066
            ],
            [
              -72.721425,
              -9.210463
            ],
            [
              -72.718658,
              -9.19671
            ],
            [
              -72.712229,
              -9.190444
            ],
            [
              -72.704905,
              -9.186456
            ],
            [
              -72.699778,
              -9.179376
            ],
            [
              -72.698476,
              -9.168308
            ],
            [
              -72.70226,
              -9.153741
            ],
            [
              -72.699778,
              -9.145359
            ],
            [
              -72.692983,
              -9.1395
            ],
            [
              -72.684071,
              -9.135675
            ],
            [
              -72.67634,
              -9.130711
            ],
            [
              -72.673004,
              -9.121108
            ],
            [
              -72.676666,
              -9.116062
            ],
            [
              -72.683583,
              -9.110772
            ],
            [
              -72.687815,
              -9.103692
            ],
            [
              -72.676584,
              -9.081964
            ],
            [
              -72.677602,
              -9.070977
            ],
            [
              -72.684071,
              -9.060073
            ],
            [
              -72.70873,
              -9.03224
            ],
            [
              -72.717152,
              -9.019952
            ],
            [
              -72.720693,
              -9.004246
            ],
            [
              -72.721425,
              -8.977716
            ],
            [
              -72.731028,
              -8.97088
            ],
            [
              -72.789703,
              -8.94671
            ],
            [
              -72.805491,
              -8.913751
            ],
            [
              -72.804433,
              -8.832859
            ],
            [
              -72.817047,
              -8.802097
            ],
            [
              -72.830922,
              -8.793959
            ],
            [
              -72.846588,
              -8.787774
            ],
            [
              -72.859486,
              -8.777765
            ],
            [
              -72.864858,
              -8.758315
            ],
            [
              -72.860219,
              -8.734714
            ],
            [
              -72.840728,
              -8.699558
            ],
            [
              -72.837514,
              -8.679132
            ],
            [
              -72.845082,
              -8.656264
            ],
            [
              -72.872467,
              -8.618178
            ],
            [
              -72.878489,
              -8.593601
            ],
            [
              -72.869985,
              -8.580255
            ],
            [
              -72.853627,
              -8.567804
            ],
            [
              -72.842763,
              -8.551772
            ],
            [
              -72.850575,
              -8.528253
            ],
            [
              -72.856679,
              -8.52394
            ],
            [
              -72.872385,
              -8.519545
            ],
            [
              -72.878489,
              -8.514662
            ],
            [
              -72.882965,
              -8.50506
            ],
            [
              -72.882517,
              -8.497491
            ],
            [
              -72.879994,
              -8.48919
            ],
            [
              -72.878489,
              -8.477472
            ],
            [
              -72.875234,
              -8.465671
            ],
            [
              -72.861277,
              -8.447768
            ],
            [
              -72.858022,
              -8.436212
            ],
            [
              -72.857249,
              -8.423028
            ],
            [
              -72.854726,
              -8.412449
            ],
            [
              -72.85025,
              -8.402683
            ],
            [
              -72.843739,
              -8.391778
            ],
            [
              -72.817047,
              -8.364597
            ],
            [
              -72.787506,
              -8.345229
            ],
            [
              -72.763987,
              -8.323582
            ],
            [
              -72.754994,
              -8.288751
            ],
            [
              -72.760732,
              -8.267592
            ],
            [
              -72.784413,
              -8.232273
            ],
            [
              -72.795277,
              -8.202569
            ],
            [
              -72.821929,
              -8.178155
            ],
            [
              -72.831288,
              -8.159031
            ],
            [
              -72.833404,
              -8.147638
            ],
            [
              -72.834055,
              -8.1395
            ],
            [
              -72.833241,
              -8.132664
            ],
            [
              -72.831288,
              -8.124933
            ],
            [
              -72.826405,
              -8.115167
            ],
            [
              -72.812489,
              -8.098321
            ],
            [
              -72.80956,
              -8.093194
            ],
            [
              -72.803415,
              -8.070326
            ],
            [
              -72.773427,
              -8.039972
            ],
            [
              -72.762441,
              -8.021173
            ],
            [
              -72.762278,
              -7.998468
            ],
            [
              -72.772084,
              -7.982354
            ],
            [
              -72.784006,
              -7.969578
            ],
            [
              -72.789703,
              -7.956394
            ],
            [
              -72.78893,
              -7.93491
            ],
            [
              -72.786448,
              -7.918796
            ],
            [
              -72.776031,
              -7.884698
            ],
            [
              -72.775299,
              -7.874933
            ],
            [
              -72.777699,
              -7.869643
            ],
            [
              -72.777415,
              -7.865167
            ],
            [
              -72.768625,
              -7.857354
            ],
            [
              -72.739247,
              -7.85003
            ],
            [
              -72.725168,
              -7.840753
            ],
            [
              -72.680857,
              -7.823907
            ],
            [
              -72.666168,
              -7.81642
            ],
            [
              -72.654164,
              -7.803155
            ],
            [
              -72.645131,
              -7.788507
            ],
            [
              -72.650746,
              -7.783868
            ],
            [
              -72.660715,
              -7.772475
            ],
            [
              -72.666168,
              -7.767999
            ],
            [
              -72.649973,
              -7.747735
            ],
            [
              -72.646555,
              -7.728448
            ],
            [
              -72.652943,
              -7.70851
            ],
            [
              -72.666168,
              -7.686049
            ],
            [
              -72.682281,
              -7.667901
            ],
            [
              -72.695383,
              -7.657729
            ],
            [
              -72.700673,
              -7.647963
            ],
            [
              -72.693512,
              -7.630792
            ],
            [
              -72.678578,
              -7.613946
            ],
            [
              -72.640045,
              -7.580987
            ],
            [
              -72.624623,
              -7.561375
            ],
            [
              -72.604807,
              -7.527765
            ],
            [
              -72.593495,
              -7.517592
            ],
            [
              -72.588368,
              -7.511244
            ],
            [
              -72.584299,
              -7.500421
            ],
            [
              -72.571116,
              -7.504408
            ],
            [
              -72.560496,
              -7.512546
            ],
            [
              -72.542714,
              -7.534601
            ],
            [
              -72.527415,
              -7.52101
            ],
            [
              -72.520253,
              -7.503432
            ],
            [
              -72.515614,
              -7.484308
            ],
            [
              -72.507924,
              -7.466323
            ],
            [
              -72.496816,
              -7.450372
            ],
            [
              -72.489858,
              -7.446954
            ],
            [
              -72.477854,
              -7.445815
            ],
            [
              -72.46642,
              -7.441257
            ],
            [
              -72.462473,
              -7.430352
            ],
            [
              -72.460927,
              -7.417657
            ],
            [
              -72.457021,
              -7.408054
            ],
            [
              -72.4287,
              -7.381524
            ],
            [
              -72.418772,
              -7.368097
            ],
            [
              -72.412343,
              -7.350274
            ],
            [
              -72.413889,
              -7.340509
            ],
            [
              -72.417836,
              -7.329278
            ],
            [
              -72.418202,
              -7.320001
            ],
            [
              -72.408925,
              -7.316095
            ],
            [
              -72.399322,
              -7.313979
            ],
            [
              -72.386871,
              -7.308445
            ],
            [
              -72.375966,
              -7.300714
            ],
            [
              -72.371409,
              -7.291925
            ],
            [
              -72.37564,
              -7.25506
            ],
            [
              -72.369456,
              -7.23976
            ],
            [
              -72.347157,
              -7.233575
            ],
            [
              -72.252065,
              -7.219171
            ],
            [
              -72.24592,
              -7.219659
            ],
            [
              -72.239858,
              -7.217706
            ],
            [
              -72.231109,
              -7.209649
            ],
            [
              -72.222768,
              -7.203627
            ],
            [
              -72.212514,
              -7.200698
            ],
            [
              -72.179189,
              -7.198175
            ],
            [
              -72.170033,
              -7.194757
            ],
            [
              -72.162099,
              -7.189793
            ],
            [
              -72.155141,
              -7.183608
            ],
            [
              -72.13329,
              -7.163507
            ],
            [
              -72.124379,
              -7.158543
            ],
            [
              -72.118276,
              -7.176446
            ],
            [
              -72.101877,
              -7.182143
            ],
            [
              -72.082183,
              -7.178643
            ],
            [
              -72.066355,
              -7.16839
            ],
            [
              -72.049631,
              -7.163995
            ],
            [
              -71.987782,
              -7.185235
            ],
            [
              -71.981068,
              -7.183282
            ],
            [
              -71.96052,
              -7.172214
            ],
            [
              -71.923899,
              -7.165053
            ],
            [
              -71.899973,
              -7.15366
            ],
            [
              -71.867014,
              -7.151544
            ],
            [
              -71.850657,
              -7.144871
            ],
            [
              -71.842112,
              -7.136651
            ],
            [
              -71.829457,
              -7.117852
            ],
            [
              -71.822662,
              -7.11004
            ],
            [
              -71.812408,
              -7.103855
            ],
            [
              -71.789133,
              -7.094252
            ],
            [
              -71.76065,
              -7.073093
            ],
            [
              -71.73941,
              -7.066583
            ],
            [
              -71.693593,
              -7.062351
            ],
            [
              -71.650787,
              -7.051283
            ],
            [
              -71.527903,
              -6.986505
            ],
            [
              -71.487538,
              -6.972996
            ],
            [
              -71.483144,
              -6.968276
            ],
            [
              -71.479115,
              -6.955743
            ],
            [
              -71.473866,
              -6.952488
            ],
            [
              -71.468821,
              -6.952813
            ],
            [
              -71.463043,
              -6.95794
            ],
            [
              -71.456451,
              -6.959161
            ],
            [
              -71.384429,
              -6.959161
            ],
            [
              -71.348622,
              -6.953302
            ],
            [
              -71.328603,
              -6.945977
            ],
            [
              -71.312489,
              -6.934991
            ],
            [
              -71.308583,
              -6.92547
            ],
            [
              -71.307118,
              -6.912774
            ],
            [
              -71.303212,
              -6.901788
            ],
            [
              -71.291982,
              -6.897149
            ],
            [
              -71.26887,
              -6.896336
            ],
            [
              -71.258534,
              -6.894464
            ],
            [
              -71.247914,
              -6.890964
            ],
            [
              -71.213206,
              -6.870538
            ],
            [
              -71.14623,
              -6.848484
            ],
            [
              -71.128977,
              -6.829767
            ],
            [
              -71.103342,
              -6.787937
            ],
            [
              -71.087961,
              -6.771336
            ],
            [
              -71.068715,
              -6.758477
            ],
            [
              -71.04719,
              -6.754571
            ],
            [
              -71.013783,
              -6.768243
            ],
            [
              -71.003285,
              -6.764093
            ],
            [
              -70.993479,
              -6.757257
            ],
            [
              -70.983835,
              -6.753839
            ],
            [
              -70.8933,
              -6.768976
            ],
            [
              -70.876943,
              -6.781101
            ],
            [
              -70.86734,
              -6.818536
            ],
            [
              -70.859486,
              -6.820326
            ],
            [
              -70.849477,
              -6.81463
            ],
            [
              -70.832387,
              -6.798028
            ],
            [
              -70.825307,
              -6.79575
            ],
            [
              -70.81786,
              -6.797296
            ],
            [
              -70.809153,
              -6.801609
            ],
            [
              -70.804921,
              -6.80755
            ],
            [
              -70.801991,
              -6.816583
            ],
            [
              -70.797475,
              -6.825128
            ],
            [
              -70.788645,
              -6.829522
            ],
            [
              -70.781158,
              -6.826837
            ],
            [
              -70.770579,
              -6.812433
            ],
            [
              -70.758778,
              -6.806004
            ],
            [
              -70.752105,
              -6.800144
            ],
            [
              -70.74474,
              -6.796075
            ],
            [
              -70.736806,
              -6.798517
            ],
            [
              -70.723134,
              -6.8117
            ],
            [
              -70.715443,
              -6.81756
            ],
            [
              -70.706044,
              -6.822117
            ],
            [
              -70.688832,
              -6.823419
            ],
            [
              -70.67101,
              -6.816827
            ],
            [
              -70.657094,
              -6.801935
            ],
            [
              -70.649078,
              -6.766046
            ],
            [
              -70.642486,
              -6.75864
            ],
            [
              -70.63268,
              -6.754815
            ],
            [
              -70.620432,
              -6.753839
            ],
            [
              -70.604563,
              -6.756524
            ],
            [
              -70.599721,
              -6.76336
            ],
            [
              -70.599436,
              -6.772393
            ],
            [
              -70.596791,
              -6.781671
            ],
            [
              -70.579945,
              -6.797865
            ],
            [
              -70.560658,
              -6.80169
            ],
            [
              -70.53954,
              -6.794773
            ],
            [
              -70.509185,
              -6.773126
            ],
            [
              -70.49059,
              -6.763116
            ],
            [
              -70.486928,
              -6.757501
            ],
            [
              -70.485178,
              -6.744561
            ],
            [
              -70.479807,
              -6.733575
            ],
            [
              -70.471059,
              -6.72503
            ],
            [
              -70.459055,
              -6.719659
            ],
            [
              -70.447336,
              -6.719171
            ],
            [
              -70.427317,
              -6.726007
            ],
            [
              -70.41808,
              -6.727065
            ],
            [
              -70.404286,
              -6.724135
            ],
            [
              -70.398874,
              -6.720147
            ],
            [
              -70.395457,
              -6.713393
            ],
            [
              -70.387685,
              -6.702569
            ],
            [
              -70.373525,
              -6.699395
            ],
            [
              -70.365387,
              -6.718764
            ],
            [
              -70.353831,
              -6.737807
            ],
            [
              -70.329335,
              -6.733331
            ],
            [
              -70.328765,
              -6.760593
            ],
            [
              -70.324818,
              -6.775893
            ],
            [
              -70.313588,
              -6.775893
            ],
            [
              -70.291493,
              -6.757501
            ],
            [
              -70.280873,
              -6.742527
            ],
            [
              -70.274078,
              -6.736017
            ],
            [
              -70.26415,
              -6.733331
            ],
            [
              -70.251943,
              -6.735365
            ],
            [
              -70.24352,
              -6.739923
            ],
            [
              -70.237701,
              -6.744561
            ],
            [
              -70.233144,
              -6.747003
            ],
            [
              -70.221547,
              -6.747084
            ],
            [
              -70.192128,
              -6.740167
            ],
            [
              -70.191477,
              -6.738132
            ],
            [
              -70.191762,
              -6.733901
            ],
            [
              -70.190419,
              -6.729506
            ],
            [
              -70.185292,
              -6.727065
            ],
            [
              -70.177968,
              -6.728692
            ],
            [
              -70.16804,
              -6.73797
            ],
            [
              -70.161733,
              -6.740167
            ],
            [
              -70.15453,
              -6.732761
            ],
            [
              -70.15982,
              -6.716974
            ],
            [
              -70.158315,
              -6.702569
            ],
            [
              -70.130727,
              -6.699151
            ],
            [
              -70.118723,
              -6.701349
            ],
            [
              -70.113149,
              -6.704115
            ],
            [
              -70.109486,
              -6.707859
            ],
            [
              -70.103383,
              -6.712823
            ],
            [
              -70.099558,
              -6.717787
            ],
            [
              -70.087392,
              -6.729425
            ],
            [
              -70.074574,
              -6.736993
            ],
            [
              -70.068674,
              -6.730157
            ],
            [
              -70.064931,
              -6.702
            ],
            [
              -70.055409,
              -6.696303
            ],
            [
              -70.042307,
              -6.706964
            ],
            [
              -70.01183,
              -6.746108
            ],
            [
              -69.997792,
              -6.751153
            ],
            [
              -69.955963,
              -6.747003
            ],
            [
              -69.935536,
              -6.737156
            ],
            [
              -69.909047,
              -6.691827
            ],
            [
              -69.890492,
              -6.678725
            ],
            [
              -69.870025,
              -6.686456
            ],
            [
              -69.849762,
              -6.705255
            ],
            [
              -69.829457,
              -6.715753
            ],
            [
              -69.808583,
              -6.699151
            ],
            [
              -69.808827,
              -6.678725
            ],
            [
              -69.821523,
              -6.616225
            ],
            [
              -69.819163,
              -6.60296
            ],
            [
              -69.793772,
              -6.594415
            ],
            [
              -69.794179,
              -6.575372
            ],
            [
              -69.798451,
              -6.556329
            ],
            [
              -69.784657,
              -6.547703
            ],
            [
              -69.685048,
              -6.555108
            ],
            [
              -69.692779,
              -6.533054
            ],
            [
              -69.686594,
              -6.52044
            ],
            [
              -69.670155,
              -6.514825
            ],
            [
              -69.636057,
              -6.512628
            ],
            [
              -69.616363,
              -6.508233
            ],
            [
              -69.606191,
              -6.507338
            ],
            [
              -69.596832,
              -6.512628
            ],
            [
              -69.599233,
              -6.524754
            ],
            [
              -69.609934,
              -6.547703
            ],
            [
              -69.604807,
              -6.563897
            ],
            [
              -69.591542,
              -6.577081
            ],
            [
              -69.572906,
              -6.586114
            ],
            [
              -69.551584,
              -6.589288
            ],
            [
              -69.526723,
              -6.583429
            ],
            [
              -69.510976,
              -6.568862
            ],
            [
              -69.497548,
              -6.550958
            ],
            [
              -69.479604,
              -6.534682
            ],
            [
              -69.449534,
              -6.523777
            ],
            [
              -69.443593,
              -6.537123
            ],
            [
              -69.446278,
              -6.558038
            ],
            [
              -69.442006,
              -6.568862
            ],
            [
              -69.401112,
              -6.568862
            ],
            [
              -69.390533,
              -6.573663
            ],
            [
              -69.377187,
              -6.596043
            ],
            [
              -69.36974,
              -6.60296
            ],
            [
              -69.35204,
              -6.600274
            ],
            [
              -69.342885,
              -6.582452
            ],
            [
              -69.33609,
              -6.558526
            ],
            [
              -69.325673,
              -6.5381
            ],
            [
              -69.309478,
              -6.534682
            ],
            [
              -69.293935,
              -6.551446
            ],
            [
              -69.279612,
              -6.574233
            ],
            [
              -69.267323,
              -6.589288
            ],
            [
              -69.257965,
              -6.593764
            ],
            [
              -69.248199,
              -6.596205
            ],
            [
              -69.237701,
              -6.596856
            ],
            [
              -69.226389,
              -6.596124
            ],
            [
              -69.207997,
              -6.592299
            ],
            [
              -69.189443,
              -6.585951
            ],
            [
              -69.171376,
              -6.583836
            ],
            [
              -69.136627,
              -6.60353
            ],
            [
              -69.132069,
              -6.591323
            ],
            [
              -69.132517,
              -6.56878
            ],
            [
              -69.130116,
              -6.547703
            ],
            [
              -69.11734,
              -6.533136
            ],
            [
              -69.098012,
              -6.525567
            ],
            [
              -69.07665,
              -6.519871
            ],
            [
              -69.048085,
              -6.506362
            ],
            [
              -69.038035,
              -6.507989
            ],
            [
              -69.013743,
              -6.517999
            ],
            [
              -69.01594,
              -6.528253
            ],
            [
              -69.027089,
              -6.547703
            ],
            [
              -69.033396,
              -6.567804
            ],
            [
              -69.032053,
              -6.575128
            ],
            [
              -69.020253,
              -6.575616
            ],
            [
              -69.012766,
              -6.569838
            ],
            [
              -68.982737,
              -6.5381
            ],
            [
              -68.976186,
              -6.535577
            ],
            [
              -68.970204,
              -6.539239
            ],
            [
              -68.963816,
              -6.544854
            ],
            [
              -68.955719,
              -6.547703
            ],
            [
              -68.944569,
              -6.543878
            ],
            [
              -68.940094,
              -6.534601
            ],
            [
              -68.937367,
              -6.523289
            ],
            [
              -68.931508,
              -6.513604
            ],
            [
              -68.917795,
              -6.50685
            ],
            [
              -68.898549,
              -6.502618
            ],
            [
              -68.859527,
              -6.499933
            ],
            [
              -68.843251,
              -6.495782
            ],
            [
              -68.826772,
              -6.485854
            ],
            [
              -68.801137,
              -6.465753
            ],
            [
              -68.778798,
              -6.453627
            ],
            [
              -68.757558,
              -6.451593
            ],
            [
              -68.736806,
              -6.459161
            ],
            [
              -68.715484,
              -6.476414
            ],
            [
              -68.694447,
              -6.486342
            ],
            [
              -68.673004,
              -6.481459
            ],
            [
              -68.651438,
              -6.471205
            ],
            [
              -68.629872,
              -6.465753
            ],
            [
              -68.617258,
              -6.468601
            ],
            [
              -68.608632,
              -6.474786
            ],
            [
              -68.601918,
              -6.481866
            ],
            [
              -68.595082,
              -6.48683
            ],
            [
              -68.582346,
              -6.490167
            ],
            [
              -68.551096,
              -6.48683
            ],
            [
              -68.534901,
              -6.482599
            ],
            [
              -68.506947,
              -6.463393
            ],
            [
              -68.485219,
              -6.458998
            ],
            [
              -68.461252,
              -6.465265
            ],
            [
              -68.441803,
              -6.479343
            ],
            [
              -68.426381,
              -6.493504
            ],
            [
              -68.414174,
              -6.499933
            ],
            [
              -68.405385,
              -6.501153
            ],
            [
              -68.384348,
              -6.50628
            ],
            [
              -68.373199,
              -6.507338
            ],
            [
              -68.359283,
              -6.504327
            ],
            [
              -68.350331,
              -6.496921
            ],
            [
              -68.343332,
              -6.487726
            ],
            [
              -68.335072,
              -6.479425
            ],
            [
              -68.325795,
              -6.473158
            ],
            [
              -68.320221,
              -6.470392
            ],
            [
              -68.300893,
              -6.465753
            ],
            [
              -68.276763,
              -6.464695
            ],
            [
              -68.265004,
              -6.462335
            ],
            [
              -68.259958,
              -6.45558
            ],
            [
              -68.253163,
              -6.43255
            ],
            [
              -68.236684,
              -6.435235
            ],
            [
              -68.216379,
              -6.445489
            ],
            [
              -68.197865,
              -6.445245
            ],
            [
              -68.190297,
              -6.424981
            ],
            [
              -68.225087,
              -6.379815
            ],
            [
              -68.225819,
              -6.35589
            ],
            [
              -68.209584,
              -6.342136
            ],
            [
              -68.191274,
              -6.335626
            ],
            [
              -68.176422,
              -6.325535
            ],
            [
              -68.170562,
              -6.301283
            ],
            [
              -68.176625,
              -6.27866
            ],
            [
              -68.185902,
              -6.256036
            ],
            [
              -68.185943,
              -6.237237
            ],
            [
              -68.164377,
              -6.226088
            ],
            [
              -68.146474,
              -6.228204
            ],
            [
              -68.131459,
              -6.238214
            ],
            [
              -68.120717,
              -6.252455
            ],
            [
              -68.115956,
              -6.267755
            ],
            [
              -68.099843,
              -6.239435
            ],
            [
              -68.107533,
              -6.195652
            ],
            [
              -68.107493,
              -6.158543
            ],
            [
              -68.068186,
              -6.150405
            ],
            [
              -68.056996,
              -6.157892
            ],
            [
              -68.043446,
              -6.172784
            ],
            [
              -68.031972,
              -6.18963
            ],
            [
              -68.027211,
              -6.202325
            ],
            [
              -68.0183,
              -6.211602
            ],
            [
              -67.99885,
              -6.198582
            ],
            [
              -67.979888,
              -6.176283
            ],
            [
              -67.972564,
              -6.157892
            ],
            [
              -67.981638,
              -6.145522
            ],
            [
              -67.995432,
              -6.150405
            ],
            [
              -68.008046,
              -6.153009
            ],
            [
              -68.013539,
              -6.134129
            ],
            [
              -68.003977,
              -6.124363
            ],
            [
              -67.899403,
              -6.088718
            ],
            [
              -67.878163,
              -6.075535
            ],
            [
              -67.868886,
              -6.058282
            ],
            [
              -67.866811,
              -6.01629
            ],
            [
              -67.862864,
              -5.997898
            ],
            [
              -67.855865,
              -5.986017
            ],
            [
              -67.839263,
              -5.976007
            ],
            [
              -67.82608,
              -5.970554
            ],
            [
              -67.817454,
              -5.959893
            ],
            [
              -67.81428,
              -5.934747
            ],
            [
              -67.815419,
              -5.923272
            ],
            [
              -67.820546,
              -5.903741
            ],
            [
              -67.821767,
              -5.893487
            ],
            [
              -67.827463,
              -5.891046
            ],
            [
              -67.854319,
              -5.88714
            ],
            [
              -67.862701,
              -5.88364
            ],
            [
              -67.866851,
              -5.848972
            ],
            [
              -67.847768,
              -5.80519
            ],
            [
              -67.764516,
              -5.691908
            ],
            [
              -67.737945,
              -5.645359
            ],
            [
              -67.723704,
              -5.607843
            ],
            [
              -67.7176,
              -5.596205
            ],
            [
              -67.685211,
              -5.556573
            ],
            [
              -67.677602,
              -5.533543
            ],
            [
              -67.672027,
              -5.50628
            ],
            [
              -67.662587,
              -5.482354
            ],
            [
              -67.643178,
              -5.469578
            ],
            [
              -67.627675,
              -5.469252
            ],
            [
              -67.615387,
              -5.471205
            ],
            [
              -67.604075,
              -5.469659
            ],
            [
              -67.590932,
              -5.458917
            ],
            [
              -67.571278,
              -5.436212
            ],
            [
              -67.561147,
              -5.430841
            ],
            [
              -67.508127,
              -5.421401
            ],
            [
              -67.492177,
              -5.413995
            ],
            [
              -67.448842,
              -5.376886
            ],
            [
              -67.434153,
              -5.372898
            ],
            [
              -67.355824,
              -5.37713
            ],
            [
              -67.305043,
              -5.359796
            ],
            [
              -67.267405,
              -5.323419
            ],
            [
              -67.248362,
              -5.268487
            ],
            [
              -67.253163,
              -5.251886
            ],
            [
              -67.249013,
              -5.240086
            ],
            [
              -67.241038,
              -5.229425
            ],
            [
              -67.234039,
              -5.216241
            ],
            [
              -67.23412,
              -5.203302
            ],
            [
              -67.242014,
              -5.179864
            ],
            [
              -67.237864,
              -5.167169
            ],
            [
              -67.216705,
              -5.154799
            ],
            [
              -67.188344,
              -5.150811
            ],
            [
              -67.162506,
              -5.14422
            ],
            [
              -67.148915,
              -5.124526
            ],
            [
              -67.151845,
              -5.113295
            ],
            [
              -67.166086,
              -5.086928
            ],
            [
              -67.166615,
              -5.077162
            ],
            [
              -67.157948,
              -5.072605
            ],
            [
              -67.145172,
              -5.074884
            ],
            [
              -67.096344,
              -5.094089
            ],
            [
              -67.083241,
              -5.096694
            ],
            [
              -66.972808,
              -5.107273
            ],
            [
              -66.959462,
              -5.104506
            ],
            [
              -66.950347,
              -5.097833
            ],
            [
              -66.941965,
              -5.0888
            ],
            [
              -66.930653,
              -5.079115
            ],
            [
              -66.890207,
              -5.060073
            ],
            [
              -66.879018,
              -5.051935
            ],
            [
              -66.872426,
              -5.042494
            ],
            [
              -66.862294,
              -5.018569
            ],
            [
              -66.855458,
              -4.995538
            ],
            [
              -66.850657,
              -4.958673
            ],
            [
              -66.843455,
              -4.940932
            ],
            [
              -66.841705,
              -4.933933
            ],
            [
              -66.842152,
              -4.915541
            ],
            [
              -66.840443,
              -4.909112
            ],
            [
              -66.83373,
              -4.899347
            ],
            [
              -66.817698,
              -4.882501
            ],
            [
              -66.813832,
              -4.87127
            ],
            [
              -66.81607,
              -4.85589
            ],
            [
              -66.82079,
              -4.844252
            ],
            [
              -66.820139,
              -4.834405
            ],
            [
              -66.806386,
              -4.82407
            ],
            [
              -66.782541,
              -4.814304
            ],
            [
              -66.773061,
              -4.807468
            ],
            [
              -66.763539,
              -4.794122
            ],
            [
              -66.752797,
              -4.766127
            ],
            [
              -66.738759,
              -4.711114
            ],
            [
              -66.722117,
              -4.684991
            ],
            [
              -66.712229,
              -4.676935
            ],
            [
              -66.690256,
              -4.665053
            ],
            [
              -66.680409,
              -4.657159
            ],
            [
              -66.673085,
              -4.64601
            ],
            [
              -66.665476,
              -4.621759
            ],
            [
              -66.660024,
              -4.609877
            ],
            [
              -66.655019,
              -4.603692
            ],
            [
              -66.650095,
              -4.598647
            ],
            [
              -66.645741,
              -4.593194
            ],
            [
              -66.64269,
              -4.585463
            ],
            [
              -66.642039,
              -4.579034
            ],
            [
              -66.642934,
              -4.574395
            ],
            [
              -66.644276,
              -4.570245
            ],
            [
              -66.644439,
              -4.565362
            ],
            [
              -66.640004,
              -4.55047
            ],
            [
              -66.632314,
              -4.541192
            ],
            [
              -66.62267,
              -4.532892
            ],
            [
              -66.612538,
              -4.521173
            ],
            [
              -66.593495,
              -4.48976
            ],
            [
              -66.58495,
              -4.479669
            ],
            [
              -66.56432,
              -4.461114
            ],
            [
              -66.554555,
              -4.450046
            ],
            [
              -66.550689,
              -4.439304
            ],
            [
              -66.557281,
              -4.425226
            ],
            [
              -66.571645,
              -4.418634
            ],
            [
              -66.588002,
              -4.414239
            ],
            [
              -66.600453,
              -4.406915
            ],
            [
              -66.606068,
              -4.393487
            ],
            [
              -66.608022,
              -4.375502
            ],
            [
              -66.607411,
              -4.35711
            ],
            [
              -66.605336,
              -4.342462
            ],
            [
              -66.599355,
              -4.328302
            ],
            [
              -66.58019,
              -4.306085
            ],
            [
              -66.572458,
              -4.29339
            ],
            [
              -66.564768,
              -4.263116
            ],
            [
              -66.561025,
              -4.230971
            ],
            [
              -66.571034,
              -4.217136
            ],
            [
              -66.573435,
              -4.201511
            ],
            [
              -66.569936,
              -4.185235
            ],
            [
              -66.551381,
              -4.145685
            ],
            [
              -66.535024,
              -4.096694
            ],
            [
              -66.486073,
              -4.004246
            ],
            [
              -66.429311,
              -3.944838
            ],
            [
              -66.415191,
              -3.923272
            ],
            [
              -66.39269,
              -3.87241
            ],
            [
              -66.362375,
              -3.827488
            ],
            [
              -66.354848,
              -3.805108
            ],
            [
              -66.355621,
              -3.794122
            ],
            [
              -66.360422,
              -3.773777
            ],
            [
              -66.358835,
              -3.761895
            ],
            [
              -66.353261,
              -3.750421
            ],
            [
              -66.339223,
              -3.729018
            ],
            [
              -66.334706,
              -3.716729
            ],
            [
              -66.328481,
              -3.690444
            ],
            [
              -66.322092,
              -3.681085
            ],
            [
              -66.309926,
              -3.672052
            ],
            [
              -66.286122,
              -3.661798
            ],
            [
              -66.27892,
              -3.655776
            ],
            [
              -66.272613,
              -3.642267
            ],
            [
              -66.27009,
              -3.628351
            ],
            [
              -66.27123,
              -3.601576
            ],
            [
              -66.270172,
              -3.587579
            ],
            [
              -66.249135,
              -3.540216
            ],
            [
              -66.246083,
              -3.517511
            ],
            [
              -66.262603,
              -3.495619
            ],
            [
              -66.274729,
              -3.491143
            ],
            [
              -66.288442,
              -3.487726
            ],
            [
              -66.297353,
              -3.481785
            ],
            [
              -66.294993,
              -3.469089
            ],
            [
              -66.285146,
              -3.461602
            ],
            [
              -66.258046,
              -3.457452
            ],
            [
              -66.247548,
              -3.451104
            ],
            [
              -66.251373,
              -3.439304
            ],
            [
              -66.249745,
              -3.426935
            ],
            [
              -66.242787,
              -3.416925
            ],
            [
              -66.231028,
              -3.411798
            ],
            [
              -66.220937,
              -3.412449
            ],
            [
              -66.201405,
              -3.418959
            ],
            [
              -66.191233,
              -3.420343
            ],
            [
              -66.183013,
              -3.420099
            ],
            [
              -66.175526,
              -3.419122
            ],
            [
              -66.167063,
              -3.415867
            ],
            [
              -66.145985,
              -3.408868
            ],
            [
              -66.128326,
              -3.390964
            ],
            [
              -66.116322,
              -3.364272
            ],
            [
              -66.097239,
              -3.281752
            ],
            [
              -66.090077,
              -3.271417
            ],
            [
              -66.07665,
              -3.264825
            ],
            [
              -66.062856,
              -3.264011
            ],
            [
              -66.035715,
              -3.266941
            ],
            [
              -66.022288,
              -3.262058
            ],
            [
              -66.029693,
              -3.241632
            ],
            [
              -66.032094,
              -3.231134
            ],
            [
              -66.031361,
              -3.220636
            ],
            [
              -66.015818,
              -3.21502
            ],
            [
              -66.002187,
              -3.203058
            ],
            [
              -65.991567,
              -3.187839
            ],
            [
              -65.985219,
              -3.172377
            ],
            [
              -65.982655,
              -3.146905
            ],
            [
              -65.988759,
              -3.127944
            ],
            [
              -66.012278,
              -3.091323
            ],
            [
              -66.017649,
              -3.068292
            ],
            [
              -66.011464,
              -3.046726
            ],
            [
              -65.997711,
              -3.027276
            ],
            [
              -65.980214,
              -3.011163
            ],
            [
              -65.962148,
              -2.999444
            ],
            [
              -65.903188,
              -2.97381
            ],
            [
              -65.886586,
              -2.961928
            ],
            [
              -65.872182,
              -2.945164
            ],
            [
              -65.867543,
              -2.927179
            ],
            [
              -65.880238,
              -2.912286
            ],
            [
              -65.890492,
              -2.910007
            ],
            [
              -65.902333,
              -2.909356
            ],
            [
              -65.912913,
              -2.906589
            ],
            [
              -65.919545,
              -2.897475
            ],
            [
              -65.916493,
              -2.879246
            ],
            [
              -65.901194,
              -2.864679
            ],
            [
              -65.882517,
              -2.852716
            ],
            [
              -65.869211,
              -2.841648
            ],
            [
              -65.864613,
              -2.827081
            ],
            [
              -65.865102,
              -2.812514
            ],
            [
              -65.863026,
              -2.798679
            ],
            [
              -65.850657,
              -2.78631
            ],
            [
              -65.834869,
              -2.780613
            ],
            [
              -65.819325,
              -2.77752
            ],
            [
              -65.804636,
              -2.772393
            ],
            [
              -65.791615,
              -2.760431
            ],
            [
              -65.783518,
              -2.740248
            ],
            [
              -65.783762,
              -2.719415
            ],
            [
              -65.790476,
              -2.677097
            ],
            [
              -65.787343,
              -2.654229
            ],
            [
              -65.777252,
              -2.639825
            ],
            [
              -65.740468,
              -2.610284
            ]
          ]
        ]
      }
    },
    {
      "type": "Feature",
      "properties": {
        "dissolve": "78River",
        "scalerank": 3.0,
        "featurecla": "River",
        "name": "Negro",
        "name_alt": null,
        "rivernum": 78,
        "note": null,
        "min_zoom": 3.0,
        "name_en": "Negro",
        "min_label": 4.0
      },
      "bbox": [
        -70.336171,
        -3.170099,
        -59.905426,
        2.842231
      ],
      "geometry": {
        "type": "MultiLineString",
        "coordinates": [
          [
            [
              -70.336171,
              2.058132
            ],
            [
              -70.32079,
              2.062079
            ],
            [
              -70.2954,
              2.062445
            ],
            [
              -70.271555,
              2.059841
            ],
            [
              -70.261057,
              2.054999
            ],
            [
              -70.252309,
              2.062283
            ],
            [
              -70.168446,
              2.100206
            ],
            [
              -70.149648,
              2.104804
            ],
            [
              -70.127024,
              2.106513
            ],
            [
              -70.103668,
              2.101874
            ],
            [
              -70.062327,
              2.082587
            ],
            [
              -70.041331,
              2.079861
            ],
            [
              -69.978383,
              2.108832
            ],
            [
              -69.966868,
              2.109931
            ],
            [
              -69.95523,
              2.107978
            ],
            [
              -69.897939,
              2.134467
            ],
            [
              -69.877431,
              2.138983
            ],
            [
              -69.861073,
              2.133572
            ],
            [
              -69.845041,
              2.12519
            ],
            [
              -69.825592,
              2.120795
            ],
            [
              -69.802398,
              2.121202
            ],
            [
              -69.784169,
              2.123562
            ],
            [
              -69.768666,
              2.129706
            ],
            [
              -69.753285,
              2.141303
            ],
            [
              -69.720286,
              2.175849
            ],
            [
              -69.702463,
              2.186062
            ],
            [
              -69.67512,
              2.189724
            ],
            [
              -69.63386,
              2.189724
            ],
            [
              -69.621083,
              2.187527
            ],
            [
              -69.600209,
              2.17768
            ],
            [
              -69.588816,
              2.175401
            ],
            [
              -69.520579,
              2.205878
            ],
            [
              -69.510976,
              2.214667
            ],
            [
              -69.40095,
              2.2685
            ],
            [
              -69.380279,
              2.271674
            ],
            [
              -69.36974,
              2.274726
            ],
            [
              -69.349192,
              2.288398
            ],
            [
              -69.339019,
              2.291531
            ],
            [
              -69.316477,
              2.290107
            ],
            [
              -69.254994,
              2.278632
            ],
            [
              -69.21581,
              2.277859
            ],
            [
              -69.209462,
              2.274685
            ],
            [
              -69.192291,
              2.260565
            ],
            [
              -69.18163,
              2.257351
            ],
            [
              -69.169911,
              2.256415
            ],
            [
              -69.136952,
              2.249945
            ],
            [
              -69.093088,
              2.250841
            ],
            [
              -69.071238,
              2.248806
            ],
            [
              -69.061879,
              2.240587
            ],
            [
              -68.992991,
              2.20893
            ],
            [
              -68.94872,
              2.205593
            ],
            [
              -68.864898,
              2.224677
            ],
            [
              -68.821645,
              2.223212
            ],
            [
              -68.78303,
              2.216579
            ],
            [
              -68.749664,
              2.216376
            ],
            [
              -68.735097,
              2.225043
            ],
            [
              -68.717356,
              2.245144
            ],
            [
              -68.691355,
              2.284695
            ],
            [
              -68.673207,
              2.323106
            ],
            [
              -68.662221,
              2.340155
            ],
            [
              -68.646962,
              2.356716
            ],
            [
              -68.638092,
              2.362576
            ],
            [
              -68.628245,
              2.365749
            ],
            [
              -68.606028,
              2.367214
            ],
            [
              -68.599843,
              2.371649
            ],
            [
              -68.583241,
              2.393012
            ],
            [
              -68.575266,
              2.400702
            ],
            [
              -68.5537,
              2.407538
            ],
            [
              -68.53425,
              2.404568
            ],
            [
              -68.517242,
              2.398057
            ],
            [
              -68.485463,
              2.390977
            ],
            [
              -68.472401,
              2.382188
            ],
            [
              -68.451731,
              2.359809
            ],
            [
              -68.405832,
              2.324408
            ],
            [
              -68.393707,
              2.318793
            ],
            [
              -68.372711,
              2.314521
            ],
            [
              -68.347727,
              2.295722
            ],
            [
              -68.328847,
              2.291531
            ],
            [
              -68.305287,
              2.300116
            ],
            [
              -68.278432,
              2.337592
            ],
            [
              -68.263376,
              2.346137
            ],
            [
              -68.251291,
              2.356391
            ],
            [
              -68.248687,
              2.379828
            ],
            [
              -68.252512,
              2.422431
            ],
            [
              -68.250437,
              2.427029
            ],
            [
              -68.2412,
              2.436835
            ],
            [
              -68.23884,
              2.442939
            ],
            [
              -68.240346,
              2.442694
            ],
            [
              -68.243276,
              2.44538
            ],
            [
              -68.245839,
              2.450059
            ],
            [
              -68.246327,
              2.456
            ],
            [
              -68.244985,
              2.481553
            ],
            [
              -68.240631,
              2.492865
            ],
            [
              -68.228871,
              2.497585
            ],
            [
              -68.223785,
              2.501776
            ],
            [
              -68.180084,
              2.551378
            ],
            [
              -68.143219,
              2.579535
            ],
            [
              -68.13858,
              2.586453
            ],
            [
              -68.129709,
              2.60517
            ],
            [
              -68.123402,
              2.614285
            ],
            [
              -68.088938,
              2.590928
            ],
            [
              -68.082428,
              2.579535
            ],
            [
              -68.0655,
              2.598009
            ],
            [
              -68.057281,
              2.618923
            ],
            [
              -68.054677,
              2.639716
            ],
            [
              -68.054514,
              2.658311
            ],
            [
              -68.050201,
              2.6671
            ],
            [
              -68.031402,
              2.672878
            ],
            [
              -68.027211,
              2.678778
            ],
            [
              -68.023264,
              2.692939
            ],
            [
              -68.013905,
              2.6942
            ],
            [
              -68.002431,
              2.690375
            ],
            [
              -67.992421,
              2.689399
            ],
            [
              -67.971913,
              2.699246
            ],
            [
              -67.949534,
              2.714626
            ],
            [
              -67.931508,
              2.733669
            ],
            [
              -67.91686,
              2.776394
            ],
            [
              -67.899159,
              2.785712
            ],
            [
              -67.876861,
              2.790717
            ],
            [
              -67.855865,
              2.799262
            ],
            [
              -67.855865,
              2.791775
            ],
            [
              -67.84203,
              2.801622
            ],
            [
              -67.834096,
              2.815375
            ],
            [
              -67.824086,
              2.827501
            ],
            [
              -67.804067,
              2.83279
            ],
            [
              -67.782175,
              2.831651
            ],
            [
              -67.770904,
              2.832587
            ],
            [
              -67.75182,
              2.842231
            ],
            [
              -67.743276,
              2.83869
            ],
            [
              -67.73233,
              2.826524
            ],
            [
              -67.691151,
              2.806505
            ],
            [
              -67.666371,
              2.80154
            ],
            [
              -67.646352,
              2.808865
            ],
            [
              -67.627309,
              2.813544
            ],
            [
              -67.609242,
              2.798692
            ],
            [
              -67.595041,
              2.776231
            ],
            [
              -67.587758,
              2.758246
            ],
            [
              -67.582265,
              2.713202
            ],
            [
              -67.576283,
              2.69123
            ],
            [
              -67.564443,
              2.681912
            ],
            [
              -67.519521,
              2.681179
            ],
            [
              -67.500966,
              2.675564
            ],
            [
              -67.485951,
              2.662055
            ],
            [
              -67.481801,
              2.653673
            ],
            [
              -67.475819,
              2.634833
            ],
            [
              -67.471669,
              2.627265
            ],
            [
              -67.462514,
              2.620632
            ],
            [
              -67.44107,
              2.610175
            ],
            [
              -67.436879,
              2.603705
            ],
            [
              -67.43342,
              2.595526
            ],
            [
              -67.417714,
              2.575954
            ],
            [
              -67.413645,
              2.572089
            ],
            [
              -67.401112,
              2.568427
            ],
            [
              -67.393951,
              2.559516
            ],
            [
              -67.388824,
              2.548367
            ],
            [
              -67.382314,
              2.537909
            ],
            [
              -67.372792,
              2.530585
            ],
            [
              -67.350575,
              2.518622
            ],
            [
              -67.341298,
              2.510565
            ],
            [
              -67.336537,
              2.500434
            ],
            [
              -67.332021,
              2.486843
            ],
            [
              -67.326161,
              2.474799
            ],
            [
              -67.317454,
              2.469672
            ],
            [
              -67.306467,
              2.466376
            ],
            [
              -67.295522,
              2.458523
            ],
            [
              -67.276479,
              2.439521
            ],
            [
              -67.267323,
              2.433946
            ],
            [
              -67.232086,
              2.422431
            ],
            [
              -67.198354,
              2.402126
            ],
            [
              -67.1905,
              2.394558
            ],
            [
              -67.186879,
              2.38463
            ],
            [
              -67.186513,
              2.365668
            ],
            [
              -67.180898,
              2.356716
            ],
            [
              -67.174469,
              2.336615
            ],
            [
              -67.187815,
              2.316107
            ],
            [
              -67.207102,
              2.297919
            ],
            [
              -67.218455,
              2.284695
            ],
            [
              -67.218007,
              2.266221
            ],
            [
              -67.202097,
              2.228095
            ],
            [
              -67.194936,
              2.19713
            ],
            [
              -67.178578,
              2.154649
            ],
            [
              -67.170033,
              2.141303
            ],
            [
              -67.154856,
              2.132839
            ],
            [
              -67.13683,
              2.127265
            ],
            [
              -67.121693,
              2.119208
            ],
            [
              -67.115387,
              2.103095
            ],
            [
              -67.111928,
              2.048936
            ],
            [
              -67.115387,
              2.03144
            ],
            [
              -67.11974,
              2.024115
            ],
            [
              -67.135854,
              2.003485
            ],
            [
              -67.133412,
              1.990994
            ],
            [
              -67.126291,
              1.980658
            ],
            [
              -67.118804,
              1.97252
            ],
            [
              -67.111155,
              1.959662
            ],
            [
              -67.092356,
              1.946641
            ],
            [
              -67.088124,
              1.938992
            ],
            [
              -67.085561,
              1.928087
            ],
            [
              -67.067616,
              1.894232
            ],
            [
              -66.981679,
              1.666083
            ],
            [
              -66.978871,
              1.644477
            ],
            [
              -66.978749,
              1.59988
            ],
            [
              -66.974924,
              1.580146
            ],
            [
              -66.965199,
              1.558458
            ],
            [
              -66.943918,
              1.523301
            ],
            [
              -66.934397,
              1.501817
            ],
            [
              -66.930409,
              1.479682
            ],
            [
              -66.937245,
              1.438666
            ],
            [
              -66.933461,
              1.424831
            ],
            [
              -66.924143,
              1.414496
            ],
            [
              -66.912668,
              1.405341
            ],
            [
              -66.902537,
              1.394599
            ],
            [
              -66.891916,
              1.374701
            ],
            [
              -66.884267,
              1.350124
            ],
            [
              -66.883209,
              1.326199
            ],
            [
              -66.901682,
              1.289089
            ],
            [
              -66.896718,
              1.265448
            ],
            [
              -66.875803,
              1.222683
            ],
            [
              -66.862294,
              1.199083
            ],
            [
              -66.855336,
              1.177761
            ],
            [
              -66.86148,
              1.12991
            ],
            [
              -66.86148,
              1.089219
            ],
            [
              -66.858388,
              1.076931
            ],
            [
              -66.844797,
              1.055487
            ],
            [
              -66.841664,
              1.047919
            ],
            [
              -66.840321,
              1.000596
            ],
            [
              -66.843984,
              0.980007
            ],
            [
              -66.855336,
              0.955146
            ],
            [
              -66.872548,
              0.932685
            ],
            [
              -66.894643,
              0.913764
            ],
            [
              -66.943471,
              0.886257
            ],
            [
              -66.959055,
              0.893744
            ],
            [
              -67.010121,
              0.909735
            ],
            [
              -67.023183,
              0.910753
            ],
            [
              -67.032582,
              0.90766
            ],
            [
              -67.044789,
              0.907579
            ],
            [
              -67.055531,
              0.905707
            ],
            [
              -67.063466,
              0.890163
            ],
            [
              -67.071767,
              0.884101
            ],
            [
              -67.082753,
              0.880316
            ],
            [
              -67.094309,
              0.880072
            ],
            [
              -67.106638,
              0.889919
            ],
            [
              -67.122548,
              0.90705
            ],
            [
              -67.140736,
              0.918402
            ],
            [
              -67.160064,
              0.910753
            ],
            [
              -67.168691,
              0.9053
            ],
            [
              -67.191965,
              0.896593
            ],
            [
              -67.201039,
              0.890001
            ],
            [
              -67.20995,
              0.878201
            ],
            [
              -67.215688,
              0.868232
            ],
            [
              -67.239735,
              0.809597
            ],
            [
              -67.242991,
              0.786648
            ],
            [
              -67.230417,
              0.750312
            ],
            [
              -67.238149,
              0.702704
            ],
            [
              -67.238881,
              0.681464
            ],
            [
              -67.231313,
              0.652899
            ],
            [
              -67.232086,
              0.640448
            ],
            [
              -67.234934,
              0.62991
            ],
            [
              -67.243357,
              0.609076
            ],
            [
              -67.245107,
              0.602607
            ],
            [
              -67.247548,
              0.57921
            ],
            [
              -67.254018,
              0.557644
            ],
            [
              -67.273061,
              0.516303
            ],
            [
              -67.314849,
              0.452175
            ],
            [
              -67.320872,
              0.43126
            ],
            [
              -67.319488,
              0.403347
            ],
            [
              -67.315378,
              0.370388
            ],
            [
              -67.307769,
              0.338813
            ],
            [
              -67.295115,
              0.308173
            ],
            [
              -67.289622,
              0.289578
            ],
            [
              -67.267079,
              0.110704
            ],
            [
              -67.266835,
              0.08869
            ],
            [
              -67.262685,
              0.073269
            ],
            [
              -67.232086,
              0.030341
            ],
            [
              -67.218861,
              0.000271
            ],
            [
              -67.20934,
              -0.012384
            ],
            [
              -67.194203,
              -0.01747
            ],
            [
              -67.17394,
              -0.019504
            ],
            [
              -67.158599,
              -0.025852
            ],
            [
              -67.146555,
              -0.036798
            ],
            [
              -67.135854,
              -0.052179
            ],
            [
              -67.119252,
              -0.094089
            ],
            [
              -67.108062,
              -0.112726
            ],
            [
              -67.077504,
              -0.127374
            ],
            [
              -67.034088,
              -0.175144
            ],
            [
              -67.015004,
              -0.187188
            ],
            [
              -66.991607,
              -0.193211
            ],
            [
              -66.967681,
              -0.190851
            ],
            [
              -66.947174,
              -0.178888
            ],
            [
              -66.92455,
              -0.159112
            ],
            [
              -66.907582,
              -0.15252
            ],
            [
              -66.890859,
              -0.156589
            ],
            [
              -66.75829,
              -0.221124
            ],
            [
              -66.615102,
              -0.332045
            ],
            [
              -66.55134,
              -0.364679
            ],
            [
              -66.515981,
              -0.376479
            ],
            [
              -66.465037,
              -0.382989
            ],
            [
              -66.416493,
              -0.394871
            ],
            [
              -66.383453,
              -0.393731
            ],
            [
              -66.372792,
              -0.394871
            ],
            [
              -66.353261,
              -0.400811
            ],
            [
              -66.343332,
              -0.402032
            ],
            [
              -66.332997,
              -0.399754
            ],
            [
              -66.32608,
              -0.39544
            ],
            [
              -66.287343,
              -0.361017
            ],
            [
              -66.268666,
              -0.339532
            ],
            [
              -66.261464,
              -0.333185
            ],
            [
              -66.252756,
              -0.328546
            ],
            [
              -66.240712,
              -0.325535
            ],
            [
              -66.203481,
              -0.324395
            ],
            [
              -66.160837,
              -0.315362
            ],
            [
              -66.136342,
              -0.314386
            ],
            [
              -66.037953,
              -0.328953
            ],
            [
              -65.988271,
              -0.326837
            ],
            [
              -65.964467,
              -0.320815
            ],
            [
              -65.955637,
              -0.317071
            ],
            [
              -65.947499,
              -0.312188
            ],
            [
              -65.9405,
              -0.306004
            ],
            [
              -65.934722,
              -0.298191
            ],
            [
              -65.922271,
              -0.271417
            ],
            [
              -65.915679,
              -0.263849
            ],
            [
              -65.897125,
              -0.254571
            ],
            [
              -65.873525,
              -0.250665
            ],
            [
              -65.84968,
              -0.252455
            ],
            [
              -65.83019,
              -0.259942
            ],
            [
              -65.800038,
              -0.285821
            ],
            [
              -65.791331,
              -0.290867
            ],
            [
              -65.772613,
              -0.297377
            ],
            [
              -65.73762,
              -0.304864
            ],
            [
              -65.6881,
              -0.307794
            ],
            [
              -65.621653,
              -0.300795
            ],
            [
              -65.555531,
              -0.282566
            ],
            [
              -65.532379,
              -0.282647
            ],
            [
              -65.509348,
              -0.287937
            ],
            [
              -65.465321,
              -0.305027
            ],
            [
              -65.392242,
              -0.346531
            ],
            [
              -65.260813,
              -0.40073
            ],
            [
              -65.243072,
              -0.407729
            ],
            [
              -65.233835,
              -0.41017
            ],
            [
              -65.223988,
              -0.411635
            ],
            [
              -65.048248,
              -0.41782
            ],
            [
              -65.023915,
              -0.426283
            ],
            [
              -64.96467,
              -0.465346
            ],
            [
              -64.942047,
              -0.474054
            ],
            [
              -64.931142,
              -0.476007
            ],
            [
              -64.9204,
              -0.476414
            ],
            [
              -64.909779,
              -0.474786
            ],
            [
              -64.873118,
              -0.458836
            ],
            [
              -64.792063,
              -0.435479
            ],
            [
              -64.766916,
              -0.434421
            ],
            [
              -64.712514,
              -0.440118
            ],
            [
              -64.64745,
              -0.435724
            ],
            [
              -64.430491,
              -0.366876
            ],
            [
              -64.285553,
              -0.349461
            ],
            [
              -64.097564,
              -0.301121
            ],
            [
              -64.059438,
              -0.296563
            ],
            [
              -63.779612,
              -0.311944
            ],
            [
              -63.708363,
              -0.327488
            ],
            [
              -63.643707,
              -0.359552
            ],
            [
              -63.405019,
              -0.546319
            ],
            [
              -63.341786,
              -0.579115
            ],
            [
              -63.145985,
              -0.643243
            ],
            [
              -63.025136,
              -0.702162
            ],
            [
              -62.999013,
              -0.72088
            ],
            [
              -62.975575,
              -0.74212
            ],
            [
              -62.936025,
              -0.792169
            ],
            [
              -62.880605,
              -0.879815
            ],
            [
              -62.858225,
              -0.906264
            ],
            [
              -62.829661,
              -0.931492
            ],
            [
              -62.431956,
              -1.145522
            ],
            [
              -62.264638,
              -1.204115
            ],
            [
              -62.245798,
              -1.208022
            ],
            [
              -62.190012,
              -1.233087
            ],
            [
              -62.183665,
              -1.237237
            ],
            [
              -62.1787,
              -1.241388
            ],
            [
              -62.165883,
              -1.255711
            ],
            [
              -62.144887,
              -1.271498
            ],
            [
              -61.969472,
              -1.362237
            ],
            [
              -61.959869,
              -1.365167
            ],
            [
              -61.951894,
              -1.368992
            ],
            [
              -61.948069,
              -1.370131
            ],
            [
              -61.928049,
              -1.373224
            ],
            [
              -61.88093,
              -1.389174
            ],
            [
              -61.856801,
              -1.392918
            ],
            [
              -61.831858,
              -1.390639
            ],
            [
              -61.778391,
              -1.376479
            ],
            [
              -61.765859,
              -1.376967
            ],
            [
              -61.754547,
              -1.380304
            ],
            [
              -61.744049,
              -1.385919
            ],
            [
              -61.702301,
              -1.420343
            ],
            [
              -61.690175,
              -1.42726
            ],
            [
              -61.676869,
              -1.432468
            ],
            [
              -61.610097,
              -1.446954
            ],
            [
              -61.588531,
              -1.457696
            ],
            [
              -61.571238,
              -1.473565
            ],
            [
              -61.558827,
              -1.496108
            ],
            [
              -61.532053,
              -1.570652
            ],
            [
              -61.516021,
              -1.592706
            ],
            [
              -61.463368,
              -1.648451
            ],
            [
              -61.44933,
              -1.670831
            ],
            [
              -61.437815,
              -1.697686
            ],
            [
              -61.430979,
              -1.724542
            ],
            [
              -61.429107,
              -1.752293
            ],
            [
              -61.438832,
              -1.830418
            ],
            [
              -61.433705,
              -1.852716
            ],
            [
              -61.417958,
              -1.872979
            ],
            [
              -61.323313,
              -1.937433
            ],
            [
              -61.221181,
              -2.025242
            ],
            [
              -61.213857,
              -2.033868
            ],
            [
              -61.186716,
              -2.074233
            ],
            [
              -61.117991,
              -2.1478
            ],
            [
              -61.058949,
              -2.25392
            ],
            [
              -61.026519,
              -2.405287
            ],
            [
              -61.014272,
              -2.430352
            ],
            [
              -60.949656,
              -2.513116
            ],
            [
              -60.780141,
              -2.681573
            ],
            [
              -60.662831,
              -2.775242
            ],
            [
              -60.646596,
              -2.793308
            ],
            [
              -60.632721,
              -2.813165
            ],
            [
              -60.585317,
              -2.901381
            ],
            [
              -60.571156,
              -2.922296
            ],
            [
              -60.517486,
              -2.994155
            ],
            [
              -60.486562,
              -3.026381
            ],
            [
              -60.450754,
              -3.049168
            ],
            [
              -60.41039,
              -3.063328
            ],
            [
              -60.3662,
              -3.069838
            ],
            [
              -60.249135,
              -3.066583
            ],
            [
              -60.210317,
              -3.071222
            ],
            [
              -60.177235,
              -3.082045
            ],
            [
              -60.029652,
              -3.159845
            ],
            [
              -60.009674,
              -3.166681
            ],
            [
              -59.999745,
              -3.168959
            ],
            [
              -59.989573,
              -3.170099
            ],
            [
              -59.979319,
              -3.169936
            ],
            [
              -59.969228,
              -3.16839
            ],
            [
              -59.959584,
              -3.164727
            ],
            [
              -59.951772,
              -3.159112
            ],
            [
              -59.937164,
              -3.145522
            ],
            [
              -59.905426,
              -3.126967
            ]
          ]
        ]
      }
    },
    {
      "type": "Feature",
      "properties": {
        "dissolve": "91River",
        "scalerank": 3.0,
        "featurecla": "River",
        "name": "Madeira",
        "name_alt": null,
        "rivernum": 91,
        "note": null,
        "min_zoom": 3.0,
        "name_en": "Madeira",
        "min_label": 4.0
      },
      "bbox": [
        -65.456899,
        -10.392267,
        -58.707102,
        -3.341974
      ],
      "geometry": {
        "type": "MultiLineString",
        "coordinates": [
          [
            [
              -65.395457,
              -10.392267
            ],
            [
              -65.39094,
              -10.373875
            ],
            [
              -65.380076,
              -10.351251
            ],
            [
              -65.365793,
              -10.332045
            ],
            [
              -65.328521,
              -10.314142
            ],
            [
              -65.316396,
              -10.291192
            ],
            [
              -65.30606,
              -10.24212
            ],
            [
              -65.288808,
              -10.21616
            ],
            [
              -65.285553,
              -10.20672
            ],
            [
              -65.287587,
              -10.196303
            ],
            [
              -65.297556,
              -10.173272
            ],
            [
              -65.299916,
              -10.162937
            ],
            [
              -65.302235,
              -10.119561
            ],
            [
              -65.306304,
              -10.098158
            ],
            [
              -65.324859,
              -10.046319
            ],
            [
              -65.333648,
              -10.008233
            ],
            [
              -65.337595,
              -9.967136
            ],
            [
              -65.334055,
              -9.92669
            ],
            [
              -65.325999,
              -9.905125
            ],
            [
              -65.304311,
              -9.864272
            ],
            [
              -65.299916,
              -9.84116
            ],
            [
              -65.305165,
              -9.825616
            ],
            [
              -65.317291,
              -9.812433
            ],
            [
              -65.331044,
              -9.800632
            ],
            [
              -65.34081,
              -9.789565
            ],
            [
              -65.354482,
              -9.744968
            ],
            [
              -65.356801,
              -9.74155
            ],
            [
              -65.371246,
              -9.710463
            ],
            [
              -65.398752,
              -9.686537
            ],
            [
              -65.416982,
              -9.679864
            ],
            [
              -65.443227,
              -9.679701
            ],
            [
              -65.452016,
              -9.664972
            ],
            [
              -65.456125,
              -9.654799
            ],
            [
              -65.456899,
              -9.645522
            ],
            [
              -65.451975,
              -9.637628
            ],
            [
              -65.433339,
              -9.626967
            ],
            [
              -65.4169,
              -9.615086
            ],
            [
              -65.394032,
              -9.607273
            ],
            [
              -65.384958,
              -9.601251
            ],
            [
              -65.376047,
              -9.589532
            ],
            [
              -65.360707,
              -9.556817
            ],
            [
              -65.3308,
              -9.529148
            ],
            [
              -65.293691,
              -9.527765
            ],
            [
              -65.216705,
              -9.556817
            ],
            [
              -65.200103,
              -9.566095
            ],
            [
              -65.171498,
              -9.587335
            ],
            [
              -65.158681,
              -9.591648
            ],
            [
              -65.092478,
              -9.588393
            ],
            [
              -65.043284,
              -9.577569
            ],
            [
              -65.032338,
              -9.577325
            ],
            [
              -65.019765,
              -9.579767
            ],
            [
              -64.997792,
              -9.589369
            ],
            [
              -64.939849,
              -9.597833
            ],
            [
              -64.930328,
              -9.595636
            ],
            [
              -64.924387,
              -9.590671
            ],
            [
              -64.915028,
              -9.577325
            ],
            [
              -64.891225,
              -9.555841
            ],
            [
              -64.8815,
              -9.549981
            ],
            [
              -64.871002,
              -9.547296
            ],
            [
              -64.846262,
              -9.544285
            ],
            [
              -64.836822,
              -9.539727
            ],
            [
              -64.82079,
              -9.520033
            ],
            [
              -64.813873,
              -9.499526
            ],
            [
              -64.814158,
              -9.477716
            ],
            [
              -64.819447,
              -9.45379
            ],
            [
              -64.834625,
              -9.411065
            ],
            [
              -64.835113,
              -9.392267
            ],
            [
              -64.82315,
              -9.374933
            ],
            [
              -64.807118,
              -9.371026
            ],
            [
              -64.759389,
              -9.372979
            ],
            [
              -64.737538,
              -9.364435
            ],
            [
              -64.728261,
              -9.354343
            ],
            [
              -64.72411,
              -9.344578
            ],
            [
              -64.721547,
              -9.334405
            ],
            [
              -64.71703,
              -9.323419
            ],
            [
              -64.689768,
              -9.292657
            ],
            [
              -64.678944,
              -9.283705
            ],
            [
              -64.628774,
              -9.253757
            ],
            [
              -64.613393,
              -9.24155
            ],
            [
              -64.589467,
              -9.186212
            ],
            [
              -64.576161,
              -9.179376
            ],
            [
              -64.561513,
              -9.175144
            ],
            [
              -64.5301,
              -9.156589
            ],
            [
              -64.512278,
              -9.152195
            ],
            [
              -64.443349,
              -9.182794
            ],
            [
              -64.432118,
              -9.190444
            ],
            [
              -64.407094,
              -9.188979
            ],
            [
              -64.367584,
              -9.179376
            ],
            [
              -64.345286,
              -9.15838
            ],
            [
              -64.328603,
              -9.130792
            ],
            [
              -64.290151,
              -9.047377
            ],
            [
              -64.277415,
              -9.029311
            ],
            [
              -64.260813,
              -9.014825
            ],
            [
              -64.240631,
              -9.008722
            ],
            [
              -64.20287,
              -9.010186
            ],
            [
              -64.184682,
              -9.008315
            ],
            [
              -64.144521,
              -8.995457
            ],
            [
              -64.101389,
              -8.975925
            ],
            [
              -64.082672,
              -8.963393
            ],
            [
              -64.068837,
              -8.943699
            ],
            [
              -64.071156,
              -8.925714
            ],
            [
              -64.080149,
              -8.908868
            ],
            [
              -64.086415,
              -8.892022
            ],
            [
              -64.083404,
              -8.875177
            ],
            [
              -64.072133,
              -8.85711
            ],
            [
              -64.053456,
              -8.842706
            ],
            [
              -64.005849,
              -8.832859
            ],
            [
              -63.990102,
              -8.822686
            ],
            [
              -63.978831,
              -8.809421
            ],
            [
              -63.969716,
              -8.795831
            ],
            [
              -63.959299,
              -8.787123
            ],
            [
              -63.928415,
              -8.767267
            ],
            [
              -63.921986,
              -8.758315
            ],
            [
              -63.924184,
              -8.693536
            ],
            [
              -63.921986,
              -8.672296
            ],
            [
              -63.917388,
              -8.655694
            ],
            [
              -63.909739,
              -8.642755
            ],
            [
              -63.897084,
              -8.634454
            ],
            [
              -63.853179,
              -8.629408
            ],
            [
              -63.831858,
              -8.623875
            ],
            [
              -63.709584,
              -8.558282
            ],
            [
              -63.667958,
              -8.547784
            ],
            [
              -63.627756,
              -8.556329
            ],
            [
              -63.596262,
              -8.571629
            ],
            [
              -63.560048,
              -8.583917
            ],
            [
              -63.538808,
              -8.578953
            ],
            [
              -63.552073,
              -8.542006
            ],
            [
              -63.560618,
              -8.5263
            ],
            [
              -63.569447,
              -8.503351
            ],
            [
              -63.570424,
              -8.482761
            ],
            [
              -63.555409,
              -8.473647
            ],
            [
              -63.539866,
              -8.469578
            ],
            [
              -63.523508,
              -8.459812
            ],
            [
              -63.469553,
              -8.415379
            ],
            [
              -63.418935,
              -8.349298
            ],
            [
              -63.395009,
              -8.309259
            ],
            [
              -63.359771,
              -8.218113
            ],
            [
              -63.34317,
              -8.186456
            ],
            [
              -63.334584,
              -8.175144
            ],
            [
              -63.325429,
              -8.167413
            ],
            [
              -63.315785,
              -8.163914
            ],
            [
              -63.305572,
              -8.165216
            ],
            [
              -63.288442,
              -8.179701
            ],
            [
              -63.275095,
              -8.200535
            ],
            [
              -63.258901,
              -8.219171
            ],
            [
              -63.233266,
              -8.22739
            ],
            [
              -63.21231,
              -8.224298
            ],
            [
              -63.035553,
              -8.151544
            ],
            [
              -62.887603,
              -8.033868
            ],
            [
              -62.866119,
              -8.000828
            ],
            [
              -62.861399,
              -7.981866
            ],
            [
              -62.859975,
              -7.915704
            ],
            [
              -62.868276,
              -7.899102
            ],
            [
              -62.905385,
              -7.879408
            ],
            [
              -62.914622,
              -7.857354
            ],
            [
              -62.903554,
              -7.813897
            ],
            [
              -62.904856,
              -7.791355
            ],
            [
              -62.924469,
              -7.781671
            ],
            [
              -62.936838,
              -7.771417
            ],
            [
              -62.934641,
              -7.748061
            ],
            [
              -62.920766,
              -7.706557
            ],
            [
              -62.920562,
              -7.664972
            ],
            [
              -62.930979,
              -7.620782
            ],
            [
              -62.946767,
              -7.58172
            ],
            [
              -62.963002,
              -7.555678
            ],
            [
              -62.977895,
              -7.543959
            ],
            [
              -62.995961,
              -7.533217
            ],
            [
              -63.01122,
              -7.520847
            ],
            [
              -63.017568,
              -7.504246
            ],
            [
              -63.020375,
              -7.464369
            ],
            [
              -63.018788,
              -7.448907
            ],
            [
              -63.010813,
              -7.432143
            ],
            [
              -62.968007,
              -7.373875
            ],
            [
              -62.948313,
              -7.338311
            ],
            [
              -62.916412,
              -7.183933
            ],
            [
              -62.879791,
              -7.124363
            ],
            [
              -62.871449,
              -7.080987
            ],
            [
              -62.870432,
              -7.039402
            ],
            [
              -62.857086,
              -7.009454
            ],
            [
              -62.812123,
              -7.000828
            ],
            [
              -62.763092,
              -7.000828
            ],
            [
              -62.724192,
              -6.989272
            ],
            [
              -62.694936,
              -6.963067
            ],
            [
              -62.674998,
              -6.918308
            ],
            [
              -62.664052,
              -6.872735
            ],
            [
              -62.654856,
              -6.853204
            ],
            [
              -62.63683,
              -6.832533
            ],
            [
              -62.615102,
              -6.818536
            ],
            [
              -62.604075,
              -6.809096
            ],
            [
              -62.599273,
              -6.798517
            ],
            [
              -62.578765,
              -6.767429
            ],
            [
              -62.541737,
              -6.757826
            ],
            [
              -62.449371,
              -6.764337
            ],
            [
              -62.40746,
              -6.761244
            ],
            [
              -62.379384,
              -6.747003
            ],
            [
              -62.356638,
              -6.722345
            ],
            [
              -62.340321,
              -6.689793
            ],
            [
              -62.331776,
              -6.651381
            ],
            [
              -62.342763,
              -6.613702
            ],
            [
              -62.368153,
              -6.596205
            ],
            [
              -62.378896,
              -6.580499
            ],
            [
              -62.317494,
              -6.519464
            ],
            [
              -62.292388,
              -6.482924
            ],
            [
              -62.257232,
              -6.411147
            ],
            [
              -62.226226,
              -6.233738
            ],
            [
              -62.212066,
              -6.227472
            ],
            [
              -62.175649,
              -6.199395
            ],
            [
              -62.154205,
              -6.192071
            ],
            [
              -62.127553,
              -6.193862
            ],
            [
              -62.058013,
              -6.220066
            ],
            [
              -62.045522,
              -6.228936
            ],
            [
              -62.030995,
              -6.234877
            ],
            [
              -62.013824,
              -6.238214
            ],
            [
              -61.993153,
              -6.239272
            ],
            [
              -61.976674,
              -6.242364
            ],
            [
              -61.94225,
              -6.256524
            ],
            [
              -61.921457,
              -6.259698
            ],
            [
              -61.881337,
              -6.255792
            ],
            [
              -61.853342,
              -6.241713
            ],
            [
              -61.836822,
              -6.214532
            ],
            [
              -61.830719,
              -6.145522
            ],
            [
              -61.826975,
              -6.128839
            ],
            [
              -61.81786,
              -6.115574
            ],
            [
              -61.801096,
              -6.099298
            ],
            [
              -61.782704,
              -6.086277
            ],
            [
              -61.722808,
              -6.054864
            ],
            [
              -61.683298,
              -6.019708
            ],
            [
              -61.66804,
              -5.996515
            ],
            [
              -61.67101,
              -5.976007
            ],
            [
              -61.67984,
              -5.957533
            ],
            [
              -61.680409,
              -5.936049
            ],
            [
              -61.675445,
              -5.916518
            ],
            [
              -61.667592,
              -5.904148
            ],
            [
              -61.64623,
              -5.893487
            ],
            [
              -61.625722,
              -5.894708
            ],
            [
              -61.601552,
              -5.898858
            ],
            [
              -61.589101,
              -5.893487
            ],
            [
              -61.585561,
              -5.882745
            ],
            [
              -61.592641,
              -5.874851
            ],
            [
              -61.60554,
              -5.86712
            ],
            [
              -61.619374,
              -5.859714
            ],
            [
              -61.631825,
              -5.850763
            ],
            [
              -61.630076,
              -5.843601
            ],
            [
              -61.618479,
              -5.83644
            ],
            [
              -61.600697,
              -5.83294
            ],
            [
              -61.572336,
              -5.841241
            ],
            [
              -61.495676,
              -5.86476
            ],
            [
              -61.462148,
              -5.856296
            ],
            [
              -61.443023,
              -5.837335
            ],
            [
              -61.43106,
              -5.819513
            ],
            [
              -61.416615,
              -5.806166
            ],
            [
              -61.389801,
              -5.801121
            ],
            [
              -61.368398,
              -5.810398
            ],
            [
              -61.350453,
              -5.827651
            ],
            [
              -61.3308,
              -5.836847
            ],
            [
              -61.303863,
              -5.822117
            ],
            [
              -61.283111,
              -5.783868
            ],
            [
              -61.265207,
              -5.692071
            ],
            [
              -61.242421,
              -5.657647
            ],
            [
              -61.224477,
              -5.647149
            ],
            [
              -61.202219,
              -5.63836
            ],
            [
              -61.178538,
              -5.632501
            ],
            [
              -61.156809,
              -5.630304
            ],
            [
              -61.139027,
              -5.625502
            ],
            [
              -61.1256,
              -5.613946
            ],
            [
              -61.105865,
              -5.5888
            ],
            [
              -61.072581,
              -5.571629
            ],
            [
              -61.042836,
              -5.580011
            ],
            [
              -61.012034,
              -5.596531
            ],
            [
              -60.975575,
              -5.60296
            ],
            [
              -60.930898,
              -5.586928
            ],
            [
              -60.81786,
              -5.499363
            ],
            [
              -60.780629,
              -5.490655
            ],
            [
              -60.739084,
              -5.486342
            ],
            [
              -60.727651,
              -5.476983
            ],
            [
              -60.723866,
              -5.455011
            ],
            [
              -60.734364,
              -5.362726
            ],
            [
              -60.72057,
              -5.33172
            ],
            [
              -60.688466,
              -5.312677
            ],
            [
              -60.598704,
              -5.290948
            ],
            [
              -60.566762,
              -5.277276
            ],
            [
              -60.538564,
              -5.258233
            ],
            [
              -60.477773,
              -5.204278
            ],
            [
              -60.457143,
              -5.190444
            ],
            [
              -60.437734,
              -5.184747
            ],
            [
              -60.425404,
              -5.175795
            ],
            [
              -60.276845,
              -5.024835
            ],
            [
              -60.248687,
              -4.986017
            ],
            [
              -60.215932,
              -4.92075
            ],
            [
              -60.204661,
              -4.910333
            ],
            [
              -60.159617,
              -4.901707
            ],
            [
              -60.133901,
              -4.902358
            ],
            [
              -60.111562,
              -4.916518
            ],
            [
              -60.104726,
              -4.910333
            ],
            [
              -60.072092,
              -4.919854
            ],
            [
              -60.029652,
              -4.899835
            ],
            [
              -59.961374,
              -4.848321
            ],
            [
              -59.943674,
              -4.838311
            ],
            [
              -59.930857,
              -4.828546
            ],
            [
              -59.923004,
              -4.814304
            ],
            [
              -59.9204,
              -4.790541
            ],
            [
              -59.923451,
              -4.776707
            ],
            [
              -59.937123,
              -4.742608
            ],
            [
              -59.940256,
              -4.725437
            ],
            [
              -59.93102,
              -4.676202
            ],
            [
              -59.908681,
              -4.635593
            ],
            [
              -59.881703,
              -4.597019
            ],
            [
              -59.858306,
              -4.554701
            ],
            [
              -59.83373,
              -4.486505
            ],
            [
              -59.830393,
              -4.468438
            ],
            [
              -59.822133,
              -4.450128
            ],
            [
              -59.737864,
              -4.350274
            ],
            [
              -59.715443,
              -4.331069
            ],
            [
              -59.697581,
              -4.331557
            ],
            [
              -59.679311,
              -4.348321
            ],
            [
              -59.657867,
              -4.362237
            ],
            [
              -59.634674,
              -4.371921
            ],
            [
              -59.611277,
              -4.375909
            ],
            [
              -59.599436,
              -4.375502
            ],
            [
              -59.589426,
              -4.373468
            ],
            [
              -59.580881,
              -4.370131
            ],
            [
              -59.573598,
              -4.365574
            ],
            [
              -59.556752,
              -4.345229
            ],
            [
              -59.543853,
              -4.320326
            ],
            [
              -59.527943,
              -4.296808
            ],
            [
              -59.502024,
              -4.280287
            ],
            [
              -59.43224,
              -4.258966
            ],
            [
              -59.400461,
              -4.240655
            ],
            [
              -59.378529,
              -4.21087
            ],
            [
              -59.366363,
              -4.172377
            ],
            [
              -59.34435,
              -4.053155
            ],
            [
              -59.310658,
              -3.990167
            ],
            [
              -59.255279,
              -3.950616
            ],
            [
              -59.117828,
              -3.875665
            ],
            [
              -59.09732,
              -3.857761
            ],
            [
              -59.079945,
              -3.837254
            ],
            [
              -59.067779,
              -3.814386
            ],
            [
              -59.063222,
              -3.789727
            ],
            [
              -59.062082,
              -3.76808
            ],
            [
              -59.062978,
              -3.757175
            ],
            [
              -59.066965,
              -3.749037
            ],
            [
              -59.091135,
              -3.718113
            ],
            [
              -59.093495,
              -3.680597
            ],
            [
              -59.071767,
              -3.657078
            ],
            [
              -59.007965,
              -3.629246
            ],
            [
              -58.972768,
              -3.608087
            ],
            [
              -58.943105,
              -3.583836
            ],
            [
              -58.867584,
              -3.498386
            ],
            [
              -58.860829,
              -3.49212
            ],
            [
              -58.850942,
              -3.485284
            ],
            [
              -58.814158,
              -3.470636
            ],
            [
              -58.803782,
              -3.464776
            ],
            [
              -58.792917,
              -3.452651
            ],
            [
              -58.767934,
              -3.395929
            ],
            [
              -58.764068,
              -3.390639
            ],
            [
              -58.759348,
              -3.386244
            ],
            [
              -58.73351,
              -3.369317
            ],
            [
              -58.717681,
              -3.354669
            ],
            [
              -58.707102,
              -3.341974
            ]
          ]
        ]
      }
    }
  ]
}
