{"type":"FeatureCollection","source":{"title":"Natural Earth v5.0.0 1:10m ne_10m_lakes","license":"Public domain","terms":"https://www.naturalearthdata.com/about/terms-of-use/","upstreamCommit":"ace5fed0eaf3c6c03c951e75b439ba8fffbc218e","sourceFiles":[{"file":"ne_10m_lakes.geojson","sha256":"2d036f53dedec578001c5c30c2959ee7d4eebc1306900fa4367c49929ec8f2d9","url":"https://github.com/nvkelso/natural-earth-vector/blob/ace5fed0eaf3c6c03c951e75b439ba8fffbc218e/geojson/ne_10m_lakes.geojson"}],"geometryPolicy":"Original features, properties and coordinates preserved; cropped only during rasterization","limitations":"Generalized cartography, not a complete drainage or lake inventory. Gameplay widths are exaggerated; fixed nominal lake levels are not current levels or datum conversions.","geographicBoundsWsen":[-20.03907476166944,-45.82881046594588,159.96092523833056,63.704715300055426],"surfaceReferenceLevels":{"Lake Victoria":{"surfaceElevationMeters":1134,"url":"https://www.geodoi.ac.cn/weben/doi.aspx?Id=221"},"Lake Tanganyika":{"surfaceElevationMeters":773,"url":"https://www.fao.org/fishery/static/LTR/GEN.HTM"},"Lake Malawi":{"surfaceElevationMeters":474,"url":"https://africangreatlakesinform.org/article/lake-malawiniassanyasa"},"Lake Baikal":{"surfaceElevationMeters":455.5,"url":"https://archive.iwlearn.net/bic.iwlearn.org/bic.iwlearn.org/bic.iwlearn.org/en/atlas/atlas/01-satellite-image-map.html"},"Lake Van":{"surfaceElevationMeters":1649,"url":"https://agupubs.onlinelibrary.wiley.com/doi/full/10.1029/2009WR008555"},"Danau Toba":{"surfaceElevationMeters":905,"url":"https://wldb.ilec.or.jp/Display/html/3527"}},"selectionNotes":"Selected significant permanent lakes with independently referenced nonnegative nominal levels. Below-sea basins and seasonal playas are excluded: shared renderer cannot represent negative lake surfaces."},"features":[{"type":"Feature","properties":{"featurecla":"Lake","scalerank":0,"name":"Lake Baikal","name_abb":"L. Baikal","name_alt":null,"note":null,"delta":null,"dam_name":null,"year":-99,"admin":null,"min_zoom":1,"min_label":3,"label":"Lake Baikal","wikidataid":"Q5513","name_ar":"بحيرة بايكال","name_bn":"বৈকাল হ্রদ","name_de":"Baikalsee","name_en":"Baikal","name_es":"Baikal","name_fr":"Baïkal","name_el":"Βαϊκάλη","name_hi":"बयकाल झील","name_hu":"Bajkál-tó","name_id":"Baikal","name_it":"Bajkal","name_ja":"バイカル湖","name_ko":"바이칼호","name_nl":"Baikalmeer","name_pl":"Bajkał","name_pt":"Baikal","name_ru":"Байкал","name_sv":"Bajkalsjön","name_tr":"Baykal","name_vi":"Baikal","name_zh":"贝加尔湖","ne_id":1159113127,"name_fa":"دریاچه بایکال","name_he":"ימת באיקל","name_uk":"Байкал","name_ur":"جھیل بیکال","name_zht":"贝加尔湖"},"bbox":[103.708754,51.473508,109.961048,55.790358],"geometry":{"type":"Polygon","coordinates":[[[109.873328,55.718533],[109.944564,55.688214],[109.961048,55.672612],[109.958988,55.667019],[109.945447,55.66231],[109.927785,55.650241],[109.917482,55.635228],[109.910712,55.621099],[109.901292,55.608735],[109.883336,55.598727],[109.873033,55.59284],[109.854783,55.577533],[109.838298,55.558988],[109.827996,55.54427],[109.838887,55.543975],[109.868324,55.540443],[109.875977,55.537205],[109.876566,55.528668],[109.87009,55.521309],[109.861553,55.515128],[109.85596,55.50924],[109.853311,55.489224],[109.863319,55.480981],[109.88157,55.476566],[109.903942,55.468324],[109.868324,55.458904],[109.849779,55.450367],[109.841537,55.438004],[109.840653,55.423875],[109.837415,55.408273],[109.821225,55.358526],[109.816221,55.353227],[109.803269,55.346751],[109.800914,55.342041],[109.796499,55.324968],[109.777659,55.305835],[109.773538,55.293766],[109.778543,55.286701],[109.790317,55.279342],[109.801797,55.269922],[109.807685,55.256087],[109.804447,55.237837],[109.795321,55.227534],[109.769712,55.211638],[109.737626,55.179258],[109.731739,55.167778],[109.731444,55.152765],[109.73792,55.145112],[109.748517,55.138047],[109.759703,55.125684],[109.747046,55.107139],[109.755877,55.087711],[109.771772,55.069166],[109.780309,55.054448],[109.77295,55.035903],[109.734977,55.012942],[109.718198,54.995575],[109.714077,54.972615],[109.724968,54.931109],[109.715254,54.910504],[109.677281,54.889604],[109.674926,54.883717],[109.670511,54.881067],[109.665801,54.879007],[109.663446,54.876063],[109.665507,54.86841],[109.670217,54.863994],[109.674926,54.861051],[109.677281,54.85899],[109.68258,54.84957],[109.688467,54.845449],[109.690233,54.841328],[109.684052,54.831614],[109.674926,54.826021],[109.649317,54.820428],[109.639308,54.814541],[109.630772,54.795702],[109.634893,54.77804],[109.644018,54.760672],[109.649905,54.742127],[109.638425,54.699445],[109.60369,54.675895],[109.561596,54.657939],[109.527156,54.632918],[109.522151,54.625265],[109.512732,54.605542],[109.51803,54.596123],[109.520091,54.586409],[109.520091,54.564626],[109.521268,54.559916],[109.526273,54.549613],[109.527156,54.542843],[109.524506,54.537544],[109.514792,54.527536],[109.510377,54.508697],[109.501252,54.489563],[109.498897,54.478672],[109.50184,54.47249],[109.507433,54.463659],[109.512437,54.452767],[109.512732,54.440993],[109.501546,54.420387],[109.488005,54.406258],[109.482707,54.391245],[109.510671,54.347385],[109.50655,54.336199],[109.493009,54.32678],[109.478586,54.310295],[109.476819,54.287924],[109.489183,54.271145],[109.505078,54.255544],[109.520091,54.222869],[109.552471,54.184013],[109.561302,54.16694],[109.561007,54.153399],[109.556886,54.143685],[109.540696,54.12514],[109.53687,54.123374],[109.523918,54.120136],[109.520091,54.11837],[109.517442,54.113366],[109.513026,54.099825],[109.50449,54.086578],[109.494776,54.063029],[109.493009,54.05361],[109.489477,54.042424],[109.481235,54.033887],[109.471815,54.027706],[109.440318,54.001507],[109.260462,53.88906],[109.245155,53.868455],[109.235735,53.844022],[109.193935,53.807227],[109.184221,53.786621],[109.188343,53.776613],[109.206593,53.758657],[109.211303,53.749237],[109.207771,53.739229],[109.190992,53.708615],[109.184221,53.700667],[109.21042,53.671231],[109.208065,53.666521],[109.197468,53.663283],[109.186871,53.655041],[109.170092,53.639145],[109.167148,53.633258],[109.168326,53.628842],[109.166854,53.626487],[109.156551,53.625604],[109.150664,53.624427],[109.136534,53.619128],[109.125643,53.618245],[109.046753,53.625604],[108.989352,53.639145],[108.984937,53.643266],[108.99524,53.652097],[109.042044,53.679179],[109.049991,53.688893],[109.056467,53.71774],[109.063826,53.724805],[109.072657,53.730692],[109.0809,53.741584],[109.018789,53.765722],[109.022616,53.769548],[109.03233,53.774847],[109.036451,53.786033],[109.044693,53.795452],[109.067064,53.796335],[109.067064,53.803695],[109.062649,53.811054],[109.065004,53.813997],[109.074424,53.817235],[109.060294,53.835192],[109.051758,53.85197],[109.040866,53.864922],[109.019377,53.871987],[109.005837,53.87081],[108.965214,53.857563],[108.918705,53.859329],[108.906636,53.85462],[108.808318,53.789859],[108.711473,53.692719],[108.698226,53.660045],[108.683508,53.640028],[108.649362,53.60441],[108.596376,53.571147],[108.58784,53.559667],[108.581364,53.544654],[108.564879,53.532585],[108.526023,53.516395],[108.55075,53.504621],[108.597259,53.521399],[108.677326,53.562905],[108.794483,53.579683],[108.855417,53.598228],[108.896628,53.594402],[108.929008,53.573502],[108.97905,53.508742],[108.992296,53.478717],[109.001716,53.434562],[108.998183,53.393057],[108.979344,53.369802],[108.97905,53.364798],[108.929302,53.348019],[108.787124,53.282964],[108.736494,53.273545],[108.709118,53.276194],[108.697049,53.292973],[108.683508,53.305042],[108.653777,53.300626],[108.607856,53.282964],[108.39768,53.150795],[108.379136,53.145791],[108.375603,53.143436],[108.332332,53.121653],[108.304661,53.117532],[108.29377,53.111056],[108.286411,53.104874],[108.294653,53.085152],[108.299363,53.077498],[108.306722,53.070139],[108.317319,53.065724],[108.328799,53.064252],[108.33763,53.059836],[108.341457,53.04659],[108.333215,53.030106],[108.31467,53.010678],[108.279935,52.98183],[108.243728,52.965346],[108.225772,52.953571],[108.218118,52.936792],[108.207227,52.924135],[108.042972,52.857608],[108.019717,52.852604],[108.005587,52.839652],[107.984688,52.803151],[107.968498,52.790199],[107.926109,52.777541],[107.885193,52.751048],[107.862526,52.741334],[107.813368,52.727499],[107.808069,52.72485],[107.798944,52.717197],[107.792762,52.713664],[107.786286,52.712487],[107.772745,52.712192],[107.753906,52.706599],[107.722409,52.701595],[107.554327,52.705422],[107.530484,52.701007],[107.434227,52.672159],[107.410383,52.661267],[107.395076,52.652436],[107.361224,52.626238],[107.31913,52.607987],[107.129854,52.557062],[106.955002,52.488476],[106.914085,52.464338],[106.887887,52.432546],[106.854918,52.358661],[106.828131,52.330991],[106.785448,52.316567],[106.739822,52.321277],[106.66211,52.362488],[106.620899,52.378089],[106.594111,52.378089],[106.566441,52.385448],[106.552312,52.38692],[106.486374,52.382505],[106.38894,52.346592],[106.374516,52.344532],[106.347729,52.346003],[106.336248,52.343649],[106.322708,52.33364],[106.264718,52.27565],[106.257653,52.270352],[106.251177,52.267114],[106.246762,52.261521],[106.244113,52.248275],[106.246173,52.24121],[106.255593,52.22237],[106.263541,52.186458],[106.287384,52.157905],[106.292094,52.138477],[106.287384,52.124347],[106.277081,52.110806],[106.263835,52.099032],[106.250294,52.089907],[106.236753,52.097266],[106.236165,52.09285],[106.234693,52.089907],[106.232632,52.087552],[106.230572,52.083725],[106.233515,52.074894],[106.229983,52.064886],[106.221446,52.05576],[106.210555,52.04899],[106.181413,52.017493],[106.1664,51.996888],[106.172582,51.987468],[106.183473,51.983347],[106.190833,51.973633],[106.195542,51.961269],[106.197014,51.950084],[106.193188,51.943019],[106.184062,51.938898],[106.162279,51.933011],[106.114004,51.906812],[106.091043,51.888562],[106.090454,51.88444],[106.08545,51.880319],[106.075147,51.86148],[106.069849,51.857065],[106.060724,51.85471],[106.040118,51.842346],[106.011859,51.820858],[105.932381,51.737553],[105.918546,51.729899],[105.90265,51.729605],[105.873802,51.733726],[105.847604,51.727839],[105.801683,51.710177],[105.748403,51.70429],[105.4352,51.614509],[105.01632,51.545627],[104.963334,51.542684],[104.941551,51.538268],[104.806438,51.478218],[104.787893,51.473508],[104.708415,51.47498],[104.628053,51.487049],[104.522377,51.480573],[104.417583,51.495585],[104.308963,51.499707],[104.257449,51.508243],[104.187685,51.532087],[104.138526,51.538268],[104.07877,51.562995],[103.993993,51.574769],[103.951605,51.601262],[103.926878,51.606561],[103.873893,51.610682],[103.853581,51.616863],[103.809721,51.638058],[103.794709,51.64836],[103.775281,51.656897],[103.722884,51.672498],[103.708754,51.685745],[103.727299,51.719302],[103.790588,51.731665],[103.913926,51.733726],[103.994876,51.752271],[104.111444,51.758158],[104.246558,51.782002],[104.5995,51.788183],[104.622461,51.784651],[104.633058,51.784651],[104.647187,51.788183],[104.658079,51.794954],[104.679567,51.812616],[104.69193,51.816148],[104.705177,51.823801],[104.733436,51.858831],[104.750215,51.870311],[104.811442,51.877081],[104.937136,51.864129],[104.997186,51.870311],[105.086673,51.901808],[105.186462,51.909756],[105.220903,51.917704],[105.250634,51.933011],[105.26859,51.953027],[105.285957,51.977754],[105.307446,51.998948],[105.336294,52.008073],[105.353072,52.011311],[105.386335,52.025441],[105.401348,52.028385],[105.419304,52.029856],[105.440793,52.034272],[105.4561,52.040453],[105.455805,52.04899],[105.478177,52.056938],[105.519388,52.084314],[105.54176,52.089907],[105.554417,52.0955],[105.607403,52.130823],[105.614468,52.139065],[105.626831,52.157316],[105.634779,52.165853],[105.672163,52.196761],[105.707192,52.251513],[105.723382,52.267997],[105.748992,52.282421],[105.757529,52.289191],[105.788437,52.326281],[105.804921,52.339822],[105.839656,52.36131],[105.87704,52.412824],[105.907654,52.444321],[105.943861,52.471991],[105.9836,52.494657],[106.340958,52.617996],[106.408662,52.631831],[106.470184,52.667155],[106.487552,52.672748],[106.498737,52.678635],[106.564381,52.723378],[106.572623,52.726322],[106.580276,52.730443],[106.586752,52.74104],[106.58793,52.748694],[106.585281,52.755464],[106.573212,52.775186],[106.607063,52.781662],[106.651218,52.81522],[106.683009,52.830527],[106.729813,52.843479],[106.744532,52.850838],[106.761605,52.862318],[106.768669,52.871149],[106.778678,52.899408],[106.796045,52.924429],[106.819889,52.943857],[106.891125,52.981241],[106.903194,52.984479],[106.909375,52.989189],[106.909081,53.001258],[106.90025,53.01421],[106.870519,53.030694],[106.8611,53.042763],[106.776617,53.018625],[106.744532,53.015387],[106.744532,53.022158],[106.783093,53.041586],[106.803404,53.055421],[106.812235,53.066901],[106.817239,53.077498],[106.829014,53.087212],[106.843144,53.094571],[106.869636,53.100753],[106.876407,53.10929],[106.880822,53.120475],[106.887887,53.131956],[106.908787,53.145791],[106.955002,53.158154],[106.973841,53.169929],[107.015935,53.215555],[107.031831,53.228213],[107.109249,53.254117],[107.133092,53.277666],[107.444529,53.39865],[107.460425,53.409541],[107.481031,53.420138],[107.528423,53.432207],[107.547262,53.447514],[107.553444,53.459289],[107.552561,53.464881],[107.549029,53.468414],[107.547262,53.474595],[107.547262,53.510802],[107.550206,53.516395],[107.565513,53.525226],[107.60172,53.584688],[107.652645,53.642677],[107.670307,53.654158],[107.972913,53.793981],[107.984688,53.806933],[107.997051,53.816647],[108.07388,53.837841],[108.13864,53.885233],[108.181912,53.899952],[108.198985,53.917908],[108.210759,53.940574],[108.226655,53.987083],[108.231659,53.995326],[108.24049,54.003273],[108.260212,54.012693],[108.269338,54.019463],[108.274048,54.027706],[108.27758,54.037714],[108.28229,54.046545],[108.289943,54.050077],[108.290238,54.056259],[108.306722,54.090994],[108.305839,54.102474],[108.299952,54.122197],[108.299952,54.132499],[108.304073,54.140153],[108.317319,54.15546],[108.320557,54.163113],[108.32615,54.167823],[108.339691,54.171061],[108.3653,54.17371],[108.375603,54.17636],[108.383551,54.183424],[108.447134,54.25937],[108.453021,54.268496],[108.461557,54.286157],[108.467445,54.293811],[108.476864,54.298815],[108.498059,54.305291],[108.505418,54.310295],[108.50895,54.319126],[108.510128,54.341792],[108.512188,54.351801],[108.531027,54.383886],[108.536032,54.413028],[108.542802,54.432751],[108.560169,54.468369],[108.586662,54.498394],[108.658487,54.539899],[108.690867,54.564626],[108.817444,54.708276],[108.82127,54.714752],[108.823625,54.725054],[108.825097,54.746543],[108.827452,54.756551],[108.832751,54.761261],[108.850707,54.772741],[108.855417,54.776862],[108.857183,54.787754],[108.854534,54.79423],[108.850707,54.801589],[108.848646,54.814541],[108.856594,54.830142],[108.875728,54.841622],[108.897216,54.851925],[108.913406,54.862522],[108.921649,54.877535],[108.926947,54.894019],[108.936956,54.909621],[108.957855,54.920218],[108.946375,54.934053],[108.913995,54.947594],[108.903398,54.961134],[108.934306,54.969965],[108.964626,54.983212],[108.992296,54.99999],[109.030563,55.031193],[109.047342,55.038552],[109.065593,55.042673],[109.084432,55.043851],[109.102683,55.049738],[109.106509,55.063279],[109.101211,55.088888],[109.112691,55.115675],[109.166854,55.162774],[109.184221,55.188383],[109.190697,55.219586],[109.195702,55.274926],[109.204827,55.303774],[109.19423,55.323497],[109.199823,55.343219],[109.211009,55.363824],[109.218368,55.38649],[109.211892,55.402092],[109.197468,55.422992],[109.188343,55.442714],[109.197468,55.455372],[109.197468,55.462142],[109.190403,55.46332],[109.17804,55.467441],[109.170092,55.468324],[109.175685,55.481864],[109.191286,55.49776],[109.197468,55.50924],[109.197468,55.542209],[109.201295,55.558105],[109.221311,55.568113],[109.246332,55.585775],[109.25899,55.591957],[109.311387,55.601965],[109.350832,55.624631],[109.363489,55.634934],[109.368788,55.650241],[109.374381,55.658777],[109.417358,55.674379],[109.441496,55.690863],[109.486239,55.72913],[109.519502,55.753857],[109.559241,55.766515],[109.603102,55.770636],[109.696121,55.764748],[109.803858,55.739727],[109.821225,55.742671],[109.776776,55.762393],[109.723202,55.776229],[109.667273,55.783588],[109.615759,55.782999],[109.615759,55.790358],[109.796499,55.782116],[109.814455,55.776817],[109.807685,55.770047],[109.830351,55.76622],[109.847424,55.760333],[109.858315,55.748558],[109.862142,55.725892],[109.873328,55.718533]],[[107.765386,53.317111],[107.786581,53.387169],[107.782754,53.410424],[107.738305,53.398944],[107.721526,53.388052],[107.674428,53.330063],[107.648818,53.309752],[107.513116,53.27796],[107.491628,53.265303],[107.468373,53.244991],[107.364462,53.217321],[107.329727,53.197893],[107.25908,53.186707],[107.240829,53.180231],[107.196969,53.151972],[107.162234,53.161686],[107.125733,53.149323],[107.088643,53.130189],[107.053025,53.118415],[107.010048,53.117532],[106.990914,53.113411],[106.973841,53.101047],[106.963538,53.091628],[106.950292,53.082797],[106.936163,53.075438],[106.922033,53.070139],[106.929687,53.068373],[106.938223,53.067784],[106.957357,53.070139],[106.957357,53.063958],[106.947643,53.061603],[106.939695,53.057187],[106.933513,53.051005],[106.929392,53.042763],[106.949409,53.048062],[106.970603,53.050122],[106.970603,53.042763],[106.960889,53.03982],[106.952353,53.035404],[106.94411,53.029517],[106.936163,53.022158],[106.96766,53.010678],[107.017407,53.018037],[107.107777,53.042763],[107.391838,53.077498],[107.412444,53.087507],[107.428634,53.102519],[107.491628,53.145791],[107.551972,53.171106],[107.570517,53.183175],[107.58759,53.197599],[107.606135,53.209962],[107.626152,53.220265],[107.648818,53.228213],[107.738305,53.237927],[107.752434,53.244991],[107.755378,53.255589],[107.768919,53.272662],[107.77304,53.282964],[107.773334,53.293856],[107.770979,53.300921],[107.767741,53.307691],[107.765386,53.317111]]]}},{"type":"Feature","properties":{"featurecla":"Lake","scalerank":0,"name":"Lake Malawi","name_abb":"L. Malawi","name_alt":"Lake Nyasa","note":null,"delta":null,"dam_name":null,"year":-99,"admin":"admin-0","min_zoom":1,"min_label":3,"label":"Lake Malawi","wikidataid":"Q5532","name_ar":"بحيرة ملاوي","name_bn":"মালাউই হ্রদ","name_de":"Malawisee","name_en":"Malawi","name_es":"Malaui","name_fr":"Malawi","name_el":"Λίμνη Νιάσα","name_hi":"मलावी झील","name_hu":"Nyasza-tó","name_id":"Malawi","name_it":"Malawi","name_ja":"マラウイ湖","name_ko":"말라위호","name_nl":"Malawimeer","name_pl":"Niasa","name_pt":"Niassa","name_ru":"Малави","name_sv":"Malawisjön","name_tr":"Malavi","name_vi":"Malawi","name_zh":"马拉维湖","ne_id":1159113163,"name_fa":"دریاچه مالاوی","name_he":"אגם מלאווי","name_uk":"Ньяса","name_ur":"جھیل ملاوی","name_zht":"马拉维湖"},"bbox":[33.899713,-14.401357,35.287934,-9.477457],"geometry":{"type":"Polygon","coordinates":[[[35.224646,-14.384578],[35.222585,-14.380751],[35.174604,-14.339835],[35.155765,-14.310693],[35.143696,-14.297152],[35.126917,-14.291559],[35.122796,-14.285377],[35.098069,-14.256824],[35.092182,-14.24711],[35.084234,-14.218557],[35.0651,-14.186177],[35.040668,-14.164982],[35.017708,-14.168515],[35.012998,-14.162922],[35.001223,-14.153208],[34.996514,-14.147321],[34.964133,-14.155268],[34.941762,-14.127598],[34.933225,-14.086093],[34.942056,-14.051652],[34.928515,-14.043704],[34.906438,-14.021333],[34.893486,-14.01103],[34.863167,-14.002493],[34.844033,-14.015445],[34.840206,-14.041055],[34.856102,-14.069608],[34.862578,-14.093452],[34.844916,-14.117001],[34.821956,-14.141433],[34.812242,-14.168515],[34.816657,-14.17764],[34.824605,-14.187943],[34.830787,-14.197951],[34.82902,-14.206193],[34.817835,-14.213258],[34.813713,-14.217968],[34.812242,-14.226504],[34.805766,-14.237985],[34.790164,-14.247699],[34.771914,-14.254469],[34.75749,-14.257118],[34.741594,-14.262123],[34.72511,-14.270953],[34.709214,-14.27478],[34.69479,-14.264772],[34.69273,-14.250054],[34.698028,-14.237102],[34.698617,-14.22415],[34.681838,-14.209431],[34.664176,-14.20325],[34.64887,-14.201778],[34.634151,-14.197657],[34.616784,-14.185294],[34.60913,-14.174696],[34.601183,-14.159684],[34.595001,-14.143494],[34.592646,-14.130247],[34.586759,-14.11965],[34.551141,-14.079028],[34.546136,-14.064899],[34.529063,-13.97865],[34.534067,-13.95304],[34.549963,-13.931552],[34.575867,-13.90447],[34.582638,-13.89299],[34.600005,-13.84648],[34.598828,-13.838533],[34.591763,-13.822048],[34.592646,-13.812334],[34.598239,-13.804975],[34.615312,-13.792023],[34.620316,-13.78437],[34.622377,-13.765825],[34.618844,-13.751695],[34.618844,-13.73786],[34.63003,-13.719609],[34.63474,-13.703419],[34.62326,-13.689879],[34.607659,-13.678398],[34.600005,-13.668096],[34.594118,-13.654261],[34.564681,-13.628357],[34.551141,-13.613638],[34.538189,-13.585674],[34.530535,-13.573899],[34.517289,-13.565068],[34.501687,-13.563596],[34.470485,-13.575077],[34.45194,-13.578315],[34.438105,-13.574194],[34.428391,-13.564185],[34.420149,-13.551822],[34.400721,-13.529156],[34.379526,-13.483824],[34.325069,-13.395809],[34.312411,-13.363135],[34.308879,-13.329871],[34.321537,-13.301612],[34.343025,-13.271882],[34.348029,-13.243917],[34.33861,-13.174741],[34.336844,-13.012252],[34.325069,-12.961916],[34.326541,-12.944843],[34.334194,-12.915112],[34.331251,-12.900983],[34.328307,-12.910991],[34.323008,-12.922471],[34.315649,-12.928359],[34.307996,-12.921588],[34.305641,-12.909519],[34.311823,-12.886265],[34.311234,-12.873313],[34.300048,-12.855651],[34.269729,-12.829158],[34.263547,-12.808258],[34.277088,-12.759688],[34.27591,-12.738199],[34.238232,-12.722009],[34.222925,-12.704642],[34.202025,-12.667552],[34.186423,-12.621631],[34.182008,-12.596316],[34.181714,-12.571589],[34.184657,-12.546863],[34.189073,-12.537737],[34.198492,-12.52714],[34.204968,-12.517721],[34.205557,-12.508595],[34.202025,-12.486224],[34.171117,-12.397031],[34.147862,-12.382313],[34.128139,-12.382313],[34.108417,-12.385551],[34.085457,-12.380253],[34.087517,-12.372599],[34.086045,-12.36318],[34.080747,-12.355526],[34.062791,-12.348461],[34.059553,-12.339336],[34.058964,-12.32815],[34.057492,-12.318436],[34.039536,-12.270455],[34.03041,-12.205695],[34.030116,-12.188033],[34.041891,-12.139463],[34.045717,-12.107377],[34.057492,-12.05763],[34.062496,-12.019362],[34.068972,-12.001995],[34.08163,-11.985805],[34.195254,-11.89985],[34.182891,-11.879539],[34.182891,-11.850397],[34.190839,-11.820372],[34.202025,-11.798],[34.211739,-11.788875],[34.235288,-11.775334],[34.246474,-11.766798],[34.250006,-11.761499],[34.253538,-11.749136],[34.257365,-11.742954],[34.263841,-11.736773],[34.274733,-11.730591],[34.315649,-11.692324],[34.324186,-11.672307],[34.325069,-11.639927],[34.31977,-11.61314],[34.314766,-11.59901],[34.307996,-11.589002],[34.303286,-11.578699],[34.30358,-11.549557],[34.284152,-11.478615],[34.277382,-11.353511],[34.257365,-11.296698],[34.248534,-11.286984],[34.239409,-11.280803],[34.232344,-11.272266],[34.229401,-11.25637],[34.23205,-11.231349],[34.231756,-11.221047],[34.226163,-11.211627],[34.214977,-11.185723],[34.222042,-11.160408],[34.249712,-11.112132],[34.235582,-11.093293],[34.229106,-11.060324],[34.232933,-10.934336],[34.21586,-10.741822],[34.202025,-10.687659],[34.202613,-10.672058],[34.208795,-10.637617],[34.20909,-10.625548],[34.200847,-10.608769],[34.189073,-10.593462],[34.183185,-10.577861],[34.191428,-10.560494],[34.198492,-10.554018],[34.22263,-10.539888],[34.229401,-10.532823],[34.228812,-10.525464],[34.224985,-10.517516],[34.22263,-10.50898],[34.220864,-10.477483],[34.226457,-10.468358],[34.243236,-10.454228],[34.251772,-10.45099],[34.258543,-10.452462],[34.264724,-10.451285],[34.270906,-10.440687],[34.268845,-10.437744],[34.257365,-10.412723],[34.247062,-10.377988],[34.239115,-10.364153],[34.203497,-10.323825],[34.192605,-10.308224],[34.187895,-10.293211],[34.181125,-10.279082],[34.164935,-10.264952],[34.133438,-10.241992],[34.077803,-10.186651],[33.995381,-10.068906],[33.966239,-10.001791],[33.955053,-9.933498],[33.955053,-9.899352],[33.952698,-9.889638],[33.946517,-9.886694],[33.938569,-9.885811],[33.930915,-9.881984],[33.907366,-9.827233],[33.899713,-9.758057],[33.904423,-9.725383],[33.911862,-9.717959],[33.928296,-9.700285],[33.928296,-9.693464],[33.943075,-9.683852],[33.951343,-9.67362],[33.954857,-9.660598],[33.955581,-9.642304],[33.962609,-9.612125],[33.964469,-9.594659],[33.945866,-9.55001],[33.960748,-9.524896],[33.984313,-9.505569],[33.996508,-9.491823],[34.012735,-9.477457],[34.047461,-9.489962],[34.078491,-9.510186],[34.089319,-9.522208],[34.103169,-9.529856],[34.137068,-9.570577],[34.144613,-9.574918],[34.161873,-9.593625],[34.19025,-9.60646],[34.288067,-9.70845],[34.317936,-9.719199],[34.32424,-9.732428],[34.326721,-9.750308],[34.331682,-9.769222],[34.33747,-9.77718],[34.35969,-9.799918],[34.364238,-9.802398],[34.382325,-9.819658],[34.383462,-9.823792],[34.4833,-9.946162],[34.494669,-9.966729],[34.524745,-10.008794],[34.536424,-10.043003],[34.537767,-10.053855],[34.5357,-10.065328],[34.526812,-10.084861],[34.524745,-10.094783],[34.532393,-10.12889],[34.565569,-10.202684],[34.575078,-10.255807],[34.583449,-10.277614],[34.58562,-10.290017],[34.58531,-10.300662],[34.565053,-10.409803],[34.569497,-10.431404],[34.58872,-10.463133],[34.592958,-10.481736],[34.590787,-10.491245],[34.581486,-10.513672],[34.579419,-10.526488],[34.581072,-10.539717],[34.585723,-10.553567],[34.592338,-10.566692],[34.600399,-10.578061],[34.608874,-10.581989],[34.617556,-10.581472],[34.624377,-10.583436],[34.627168,-10.595114],[34.626341,-10.614338],[34.629028,-10.620229],[34.650525,-10.645344],[34.660034,-10.665498],[34.660861,-10.687305],[34.647631,-10.708389],[34.653936,-10.717588],[34.655693,-10.722032],[34.65993,-10.727716],[34.666442,-10.732367],[34.672436,-10.739498],[34.67502,-10.752418],[34.662824,-10.761409],[34.656727,-10.769884],[34.660551,-10.796032],[34.647631,-10.858561],[34.647631,-10.902899],[34.645461,-10.913235],[34.627064,-10.954059],[34.597919,-10.990956],[34.592958,-11.016174],[34.597299,-11.036638],[34.610631,-11.077669],[34.613525,-11.102164],[34.62107,-11.119734],[34.668715,-11.160145],[34.673986,-11.169963],[34.677087,-11.178748],[34.681841,-11.185053],[34.699928,-11.189497],[34.707886,-11.194974],[34.714087,-11.202726],[34.716568,-11.211718],[34.719772,-11.234559],[34.728348,-11.253721],[34.7413,-11.268439],[34.757496,-11.277553],[34.757496,-11.283755],[34.751604,-11.287062],[34.743026,-11.293676],[34.737032,-11.296777],[34.759149,-11.337498],[34.765557,-11.345146],[34.772172,-11.344423],[34.784884,-11.333467],[34.792325,-11.330883],[34.80049,-11.331917],[34.843692,-11.346283],[34.867876,-11.358789],[34.886583,-11.375429],[34.894128,-11.395996],[34.897902,-11.403258],[34.917072,-11.418837],[34.925651,-11.445915],[34.935056,-11.456457],[34.944461,-11.464415],[34.948698,-11.471753],[34.950972,-11.477748],[34.955726,-11.48674],[34.960687,-11.498522],[34.962961,-11.513095],[34.962961,-11.564874],[34.964615,-11.573556],[34.966783,-11.670541],[34.957657,-11.715284],[34.955597,-11.739422],[34.958541,-11.788875],[34.955891,-11.813602],[34.90791,-11.913686],[34.887599,-12.005822],[34.869348,-12.042617],[34.826077,-12.05763],[34.819306,-12.062634],[34.810475,-12.088243],[34.804882,-12.098546],[34.796935,-12.102962],[34.775446,-12.110321],[34.767793,-12.115914],[34.750131,-12.135342],[34.711275,-12.168899],[34.69479,-12.188033],[34.710392,-12.20805],[34.715985,-12.236603],[34.71363,-12.266628],[34.700089,-12.318142],[34.708331,-12.379075],[34.709214,-12.40704],[34.705682,-12.412338],[34.691847,-12.421758],[34.688609,-12.427351],[34.690669,-12.435004],[34.700089,-12.447368],[34.705682,-12.469739],[34.719811,-12.492994],[34.723049,-12.502119],[34.726876,-12.509184],[34.753663,-12.544213],[34.765438,-12.566585],[34.769264,-12.578065],[34.77368,-12.607796],[34.781628,-12.618393],[34.790459,-12.627813],[34.798701,-12.639882],[34.812242,-12.694928],[34.818718,-12.70111],[34.823133,-12.706702],[34.825488,-12.714945],[34.824016,-12.720243],[34.818129,-12.737611],[34.796346,-12.778233],[34.788104,-12.787653],[34.783983,-12.797955],[34.777507,-12.845937],[34.760434,-12.881849],[34.756901,-12.893624],[34.754841,-12.921883],[34.756607,-12.943077],[34.763377,-12.963388],[34.806354,-13.048459],[34.815774,-13.084666],[34.808709,-13.109687],[34.797229,-13.136474],[34.801056,-13.172681],[34.809298,-13.209182],[34.812242,-13.236264],[34.79458,-13.280713],[34.791636,-13.29808],[34.79458,-13.315742],[34.801939,-13.328694],[34.826077,-13.353126],[34.85934,-13.374026],[34.862872,-13.382857],[34.862283,-13.389039],[34.860223,-13.394337],[34.85934,-13.400519],[34.86611,-13.470283],[34.864638,-13.488828],[34.854924,-13.521502],[34.852569,-13.537398],[34.85934,-13.602747],[34.852275,-13.666918],[34.857279,-13.693117],[34.879945,-13.716077],[34.898785,-13.724908],[34.913503,-13.726674],[35.017119,-13.723436],[35.054798,-13.730501],[35.068927,-13.74934],[35.074226,-13.777599],[35.086,-13.812334],[35.097186,-13.82823],[35.109844,-13.842948],[35.113376,-13.849424],[35.114554,-13.866203],[35.121618,-13.888869],[35.124856,-13.908003],[35.126917,-13.942443],[35.13457,-13.970996],[35.170188,-14.024865],[35.181374,-14.051652],[35.180785,-14.067253],[35.177547,-14.083738],[35.176664,-14.100517],[35.184907,-14.117001],[35.216404,-14.164688],[35.220525,-14.2006],[35.230533,-14.230626],[35.271744,-14.312459],[35.287934,-14.336302],[35.287934,-14.346311],[35.282341,-14.363678],[35.274688,-14.380163],[35.267623,-14.387522],[35.259969,-14.390171],[35.245251,-14.400474],[35.236126,-14.401357],[35.231122,-14.39753],[35.227295,-14.391054],[35.224646,-14.384578]],[[34.710686,-12.066166],[34.702444,-12.077941],[34.708331,-12.083828],[34.717751,-12.090598],[34.728937,-12.093542],[34.739828,-12.088832],[34.744243,-12.076175],[34.740417,-12.063517],[34.741005,-12.052331],[34.756901,-12.043794],[34.728937,-12.030254],[34.718339,-12.03879],[34.710686,-12.066166]]]}},{"type":"Feature","properties":{"featurecla":"Lake","scalerank":0,"name":"Lake Tanganyika","name_abb":"L. Tanganyika","name_alt":null,"note":null,"delta":null,"dam_name":null,"year":-99,"admin":"admin-0","min_zoom":1,"min_label":3,"label":"Lake Tanganyika","wikidataid":"Q5511","name_ar":"بحيرة تنجانيقا","name_bn":"টাংগানিকা হ্রদ","name_de":"Tanganjikasee","name_en":"Tanganyika","name_es":"Tanganica","name_fr":"Tanganyika","name_el":"Τανγκανίκα","name_hi":"तांगान्यीका झील","name_hu":"Tanganyika-tó","name_id":"Tanganyika","name_it":"Tanganica","name_ja":"タンガニーカ湖","name_ko":"탕가니카호","name_nl":"Tanganyikameer","name_pl":"Tanganika","name_pt":"Tanganica","name_ru":"Танганьика","name_sv":"Tanganyikasjön","name_tr":"Tanganika","name_vi":"Tanganyika","name_zh":"坦干依喀湖","ne_id":1159113185,"name_fa":"دریاچه تانگانیکا","name_he":"אגם טנגניקה","name_uk":"Танганьїка","name_ur":"جھیل ٹانگانیکا","name_zht":"坦干依喀湖"},"bbox":[29.041822,-8.801079,31.199805,-3.332971],"geometry":{"type":"Polygon","coordinates":[[[30.809773,-8.584722],[30.802708,-8.572947],[30.795054,-8.559701],[30.776509,-8.55764],[30.753843,-8.559112],[30.734415,-8.556463],[30.725879,-8.549692],[30.722052,-8.542333],[30.719403,-8.534974],[30.714399,-8.528204],[30.703213,-8.525554],[30.692027,-8.527026],[30.683196,-8.524966],[30.679664,-8.511131],[30.684668,-8.491997],[30.684373,-8.484343],[30.676131,-8.481105],[30.654348,-8.4814],[30.645223,-8.483166],[30.638158,-8.486698],[30.637864,-8.488465],[30.631977,-8.501122],[30.64434,-8.504949],[30.649638,-8.50436],[30.657881,-8.501122],[30.643457,-8.524083],[30.624323,-8.543216],[30.603423,-8.558229],[30.583407,-8.569415],[30.561329,-8.578246],[30.548083,-8.581778],[30.531893,-8.582955],[30.529538,-8.577951],[30.541018,-8.566765],[30.557503,-8.554991],[30.569866,-8.548809],[30.565156,-8.539095],[30.562212,-8.535268],[30.573987,-8.51584],[30.566922,-8.5023],[30.549849,-8.49759],[30.51217,-8.514074],[30.487444,-8.516724],[30.470371,-8.508481],[30.473609,-8.486698],[30.446233,-8.466682],[30.442112,-8.433418],[30.451826,-8.396034],[30.466838,-8.364537],[30.486855,-8.341282],[30.514525,-8.323326],[30.543962,-8.310374],[30.569866,-8.303015],[30.560741,-8.290652],[30.561329,-8.280055],[30.566039,-8.268575],[30.569866,-8.254739],[30.569866,-8.202931],[30.574576,-8.177616],[30.582523,-8.158482],[30.58429,-8.140232],[30.569866,-8.117566],[30.548966,-8.098138],[30.54249,-8.089601],[30.51482,-8.038971],[30.497452,-8.026902],[30.474492,-8.018365],[30.452415,-8.015127],[30.45683,-8.004824],[30.460068,-8.000703],[30.418563,-7.959787],[30.414442,-7.952427],[30.41297,-7.945951],[30.41032,-7.941242],[30.40149,-7.939181],[30.393542,-7.938887],[30.386183,-7.937415],[30.380884,-7.934471],[30.371464,-7.906801],[30.353214,-7.890022],[30.328782,-7.88178],[30.302878,-7.884724],[30.276385,-7.8494],[30.268731,-7.836154],[30.266082,-7.82379],[30.265788,-7.796414],[30.261372,-7.781696],[30.266965,-7.765212],[30.263727,-7.745195],[30.255485,-7.727533],[30.23223,-7.711049],[30.199556,-7.600957],[30.198673,-7.577996],[30.218395,-7.542967],[30.216629,-7.522361],[30.206915,-7.479384],[30.205737,-7.460251],[30.203971,-7.450831],[30.187781,-7.40491],[30.183071,-7.368998],[30.175124,-7.348981],[30.152163,-7.309242],[30.128025,-7.248603],[30.113896,-7.230058],[29.974662,-7.11084],[29.956411,-7.103187],[29.946697,-7.101126],[29.92668,-7.091707],[29.914906,-7.089646],[29.902542,-7.088763],[29.881348,-7.085231],[29.825125,-7.068158],[29.789506,-7.047258],[29.762131,-7.020176],[29.722097,-6.958065],[29.677648,-6.910673],[29.648212,-6.853861],[29.638203,-6.839142],[29.625546,-6.827368],[29.549011,-6.771144],[29.498675,-6.702852],[29.493671,-6.689017],[29.49161,-6.666056],[29.473654,-6.609833],[29.490433,-6.568916],[29.485723,-6.545661],[29.484251,-6.527411],[29.487195,-6.513576],[29.442451,-6.517991],[29.418019,-6.482373],[29.391821,-6.389943],[29.365917,-6.332542],[29.3668,-6.321356],[29.351198,-6.310464],[29.340012,-6.286327],[29.332948,-6.258656],[29.326177,-6.208614],[29.322351,-6.1989],[29.313814,-6.189481],[29.3041,-6.185065],[29.294092,-6.181533],[29.284966,-6.175057],[29.27849,-6.167992],[29.275547,-6.161222],[29.274664,-6.153274],[29.274664,-6.140911],[29.272603,-6.125898],[29.266716,-6.119422],[29.258179,-6.11589],[29.211375,-6.09028],[29.197835,-6.078211],[29.192536,-6.058194],[29.185766,-5.979599],[29.187826,-5.944864],[29.186354,-5.930146],[29.178995,-5.917783],[29.235513,-5.890112],[29.311754,-5.826824],[29.320584,-5.815933],[29.329121,-5.80092],[29.346194,-5.759415],[29.356791,-5.746463],[29.350021,-5.747935],[29.345017,-5.74764],[29.340601,-5.746757],[29.335303,-5.746463],[29.349432,-5.727329],[29.344428,-5.707901],[29.336186,-5.690239],[29.342073,-5.665218],[29.331182,-5.642847],[29.332065,-5.633721],[29.344134,-5.625773],[29.351493,-5.630189],[29.358852,-5.636959],[29.370038,-5.637254],[29.372687,-5.609583],[29.257885,-5.410593],[29.24876,-5.404117],[29.177229,-5.291964],[29.144849,-5.211309],[29.127187,-5.130064],[29.117768,-5.121822],[29.107465,-5.102688],[29.099517,-5.082083],[29.096279,-5.067953],[29.101578,-5.052352],[29.111292,-5.032335],[29.117768,-5.012024],[29.113646,-4.996129],[29.105699,-4.97935],[29.098928,-4.770351],[29.112763,-4.614633],[29.118945,-4.597854],[29.138079,-4.568417],[29.143672,-4.550461],[29.148676,-4.513371],[29.15839,-4.500125],[29.173991,-4.500714],[29.189592,-4.511605],[29.201367,-4.516021],[29.206077,-4.496298],[29.199895,-4.437425],[29.199895,-4.41682],[29.204016,-4.398569],[29.217557,-4.370016],[29.259357,-4.119218],[29.240517,-4.047099],[29.234041,-4.047099],[29.213436,-4.125694],[29.19283,-4.16926],[29.18135,-4.227838],[29.168398,-4.249327],[29.158095,-4.27111],[29.151619,-4.330571],[29.138079,-4.348527],[29.126598,-4.347644],[29.113058,-4.34058],[29.100694,-4.33116],[29.093335,-4.32439],[29.083916,-4.319385],[29.041822,-4.307022],[29.048592,-4.307022],[29.053596,-4.284062],[29.068314,-4.25963],[29.085976,-4.239907],[29.100106,-4.231959],[29.104816,-4.224011],[29.106287,-4.206644],[29.103638,-4.176619],[29.099517,-4.169554],[29.086271,-4.158074],[29.082738,-4.149832],[29.083916,-4.141884],[29.093924,-4.126871],[29.096279,-4.118629],[29.088626,-4.040917],[29.090097,-4.019723],[29.102166,-3.987048],[29.104816,-3.938773],[29.102755,-3.925526],[29.096279,-3.917284],[29.104816,-3.898445],[29.10511,-3.867536],[29.124244,-3.830447],[29.117768,-3.812785],[29.104816,-3.795123],[29.096279,-3.77334],[29.1004,-3.755384],[29.124832,-3.721532],[29.130425,-3.700338],[29.133663,-3.695039],[29.151619,-3.680027],[29.134546,-3.426873],[29.142494,-3.383896],[29.16516,-3.350633],[29.206077,-3.334443],[29.253175,-3.332971],[29.296741,-3.340625],[29.329121,-3.362113],[29.34325,-3.403324],[29.336774,-3.762743],[29.370038,-3.855173],[29.373276,-3.887259],[29.377397,-3.897267],[29.386816,-3.906687],[29.398002,-3.913457],[29.407422,-3.921405],[29.415958,-3.945837],[29.434798,-3.964971],[29.438919,-3.975274],[29.437153,-3.985871],[29.433326,-3.993819],[29.430677,-4.002061],[29.432148,-4.012952],[29.437153,-4.022078],[29.459524,-4.05328],[29.469533,-4.073297],[29.474831,-4.081834],[29.483662,-4.091253],[29.493965,-4.10656],[29.496909,-4.123339],[29.497203,-4.142178],[29.50103,-4.163078],[29.510449,-4.176324],[29.524284,-4.187216],[29.536353,-4.200757],[29.541946,-4.221657],[29.545184,-4.243734],[29.553721,-4.2664],[29.591399,-4.329394],[29.606118,-4.346173],[29.641441,-4.379436],[29.654393,-4.399158],[29.656748,-4.420352],[29.649684,-4.509545],[29.602585,-4.760637],[29.601997,-4.832168],[29.603468,-4.842176],[29.608473,-4.850418],[29.615832,-4.858661],[29.621425,-4.866314],[29.620836,-4.87279],[29.593166,-4.897517],[29.593166,-4.904287],[29.611122,-4.910469],[29.641736,-4.913412],[29.651744,-4.91665],[29.664402,-4.923715],[29.670583,-4.931074],[29.674999,-4.939022],[29.682652,-4.948442],[29.689717,-4.952268],[29.71621,-4.963454],[29.735932,-4.969047],[29.745646,-4.977584],[29.761836,-4.999072],[29.765663,-5.000838],[29.771256,-5.000544],[29.776849,-5.001133],[29.781559,-5.006431],[29.781853,-5.012319],[29.779498,-5.0185],[29.775377,-5.026448],[29.781559,-5.044699],[29.805697,-5.075901],[29.816294,-5.097095],[29.822475,-5.12035],[29.823064,-5.143605],[29.820709,-5.155085],[29.816882,-5.160972],[29.813056,-5.164799],[29.809523,-5.170392],[29.807168,-5.171864],[29.803342,-5.171864],[29.799221,-5.172747],[29.795688,-5.177162],[29.795688,-5.183639],[29.800692,-5.184522],[29.80658,-5.184227],[29.809523,-5.18776],[29.811289,-5.198945],[29.813939,-5.206305],[29.813644,-5.212781],[29.805991,-5.221906],[29.799809,-5.233386],[29.80658,-5.253697],[29.802459,-5.266649],[29.795099,-5.262528],[29.791861,-5.261939],[29.788918,-5.264],[29.781559,-5.266649],[29.784208,-5.279012],[29.78568,-5.30315],[29.784208,-5.32876],[29.778321,-5.345833],[29.765369,-5.363201],[29.7533,-5.385572],[29.744763,-5.409121],[29.741231,-5.431199],[29.750062,-5.463579],[29.770373,-5.491543],[29.816294,-5.534226],[29.836016,-5.559836],[29.943165,-5.79621],[29.952879,-5.841837],[29.95229,-5.861853],[29.945814,-5.898649],[29.946108,-5.917783],[29.922265,-5.922787],[29.899599,-5.935444],[29.83425,-5.996378],[29.826596,-6.000205],[29.815705,-5.997555],[29.798632,-5.986664],[29.788918,-5.986075],[29.771256,-5.997555],[29.751239,-6.019927],[29.73446,-6.044948],[29.72769,-6.064965],[29.725335,-6.128547],[29.732105,-6.195662],[29.728279,-6.218623],[29.716799,-6.236579],[29.711794,-6.246587],[29.716504,-6.25689],[29.726807,-6.264544],[29.750356,-6.271314],[29.757421,-6.280145],[29.768018,-6.301339],[29.856622,-6.411137],[29.904897,-6.452054],[29.940221,-6.47001],[29.95229,-6.483845],[29.952879,-6.507394],[30.029708,-6.4653],[30.072096,-6.453231],[30.117428,-6.452054],[30.138622,-6.457646],[30.158639,-6.468832],[30.173652,-6.484434],[30.179539,-6.503567],[30.190136,-6.523584],[30.29228,-6.620724],[30.309648,-6.632793],[30.327015,-6.637797],[30.335846,-6.646334],[30.358218,-6.699025],[30.395602,-6.747006],[30.39413,-6.757898],[30.40149,-6.782919],[30.418563,-6.822069],[30.484206,-6.89566],[30.507755,-6.910967],[30.514525,-6.924508],[30.564567,-6.956299],[30.576636,-6.97661],[30.576636,-7.017527],[30.573693,-7.022826],[30.560446,-7.034306],[30.556031,-7.041076],[30.557208,-7.059327],[30.561035,-7.082287],[30.559857,-7.101715],[30.546022,-7.109957],[30.518352,-7.109957],[30.511582,-7.105836],[30.506283,-7.09936],[30.500985,-7.098183],[30.494214,-7.109957],[30.508049,-7.1182],[30.52159,-7.132623],[30.531893,-7.150285],[30.53572,-7.168241],[30.533365,-7.173834],[30.530421,-7.184431],[30.532482,-7.194734],[30.546022,-7.199444],[30.551321,-7.204743],[30.562212,-7.240361],[30.604306,-7.331908],[30.610782,-7.370764],[30.607544,-7.389309],[30.594298,-7.436407],[30.593709,-7.445827],[30.604895,-7.454363],[30.599597,-7.473497],[30.583407,-7.507938],[30.623146,-7.577113],[30.62815,-7.589182],[30.644929,-7.595953],[30.653465,-7.611259],[30.658764,-7.62951],[30.666123,-7.643934],[30.677014,-7.651293],[30.704096,-7.663951],[30.714399,-7.671898],[30.720286,-7.683967],[30.726173,-7.700157],[30.733532,-7.713993],[30.744718,-7.720174],[30.79947,-7.874421],[30.823608,-7.896498],[30.833616,-7.910039],[30.840975,-7.945068],[30.849806,-7.955665],[30.871589,-7.973327],[30.882186,-7.986868],[30.902792,-8.018954],[30.906324,-8.031611],[30.909562,-8.073706],[30.915744,-8.093722],[30.926046,-8.110501],[30.930462,-8.106674],[30.946652,-8.09696],[30.954894,-8.111384],[30.961959,-8.129046],[30.964608,-8.14818],[30.959604,-8.165253],[30.955188,-8.155539],[30.954011,-8.151418],[30.946652,-8.151418],[30.942825,-8.165841],[30.945769,-8.176439],[30.951362,-8.185858],[30.955777,-8.205286],[30.960193,-8.212057],[30.964608,-8.217061],[30.967257,-8.220593],[30.969024,-8.227952],[30.968729,-8.231485],[30.967846,-8.235311],[30.967257,-8.244437],[30.971084,-8.262099],[30.980798,-8.270341],[30.994045,-8.275051],[31.008174,-8.281821],[31.01936,-8.294773],[31.031134,-8.324209],[31.042615,-8.337161],[31.044381,-8.332452],[31.044969,-8.331568],[31.046147,-8.331568],[31.049679,-8.329802],[31.067341,-8.356884],[31.127097,-8.393974],[31.145348,-8.426059],[31.134456,-8.48817],[31.135339,-8.52526],[31.155356,-8.542039],[31.165953,-8.546454],[31.168602,-8.557934],[31.165659,-8.586782],[31.170957,-8.598557],[31.194506,-8.612097],[31.199805,-8.627993],[31.197744,-8.63653],[31.188914,-8.651837],[31.186853,-8.658607],[31.188914,-8.665377],[31.197744,-8.681862],[31.199805,-8.689221],[31.198628,-8.705411],[31.194212,-8.723661],[31.18597,-8.739557],[31.173312,-8.748094],[31.16978,-8.738085],[31.155356,-8.726605],[31.149174,-8.70806],[31.142993,-8.710121],[31.131513,-8.720718],[31.128275,-8.725133],[31.125331,-8.731609],[31.12121,-8.738085],[31.107375,-8.743384],[31.103254,-8.750154],[31.102076,-8.75928],[31.103548,-8.768699],[31.087358,-8.775764],[31.065575,-8.789893],[31.043498,-8.801079],[31.025247,-8.799019],[30.858048,-8.61769],[30.809773,-8.584722]]]}},{"type":"Feature","properties":{"featurecla":"Lake","scalerank":0,"name":"Lake Victoria","name_abb":"L. Victoria","name_alt":null,"note":null,"delta":null,"dam_name":null,"year":-99,"admin":"admin-0","min_zoom":1,"min_label":3,"label":"Lake Victoria","wikidataid":"Q5505","name_ar":"بحيرة فيكتوريا","name_bn":"ভিক্টোরিয়া হ্রদ","name_de":"Victoriasee","name_en":"Nyanza","name_es":"Victoria","name_fr":"Victoria","name_el":"Βικτόρια","name_hi":"विक्टोरिया झील","name_hu":"Viktória-tó","name_id":"Victoria","name_it":"Vittoria","name_ja":"ヴィクトリア湖","name_ko":"빅토리아호","name_nl":"Victoriameer","name_pl":"Jezioro Wiktorii","name_pt":"Vitória","name_ru":"Виктория","name_sv":"Victoriasjön","name_tr":"Victoria","name_vi":"Victoria","name_zh":"維多利亞湖","ne_id":1159113191,"name_fa":"دریاچه ویکتوریا","name_he":"אגם ויקטוריה","name_uk":"Вікторія","name_ur":"جھیل وکٹوریہ","name_zht":"維多利亞湖"},"bbox":[31.611032,-3.012114,34.85463,0.497],"geometry":{"type":"Polygon","coordinates":[[[33.913548,-1.532052],[33.904717,-1.529402],[33.888821,-1.52116],[33.879402,-1.518216],[33.870276,-1.517333],[33.841723,-1.518216],[33.82465,-1.512329],[33.816702,-1.4982],[33.810226,-1.482304],[33.797568,-1.470529],[33.793153,-1.481715],[33.784322,-1.48201],[33.771664,-1.478183],[33.755769,-1.476711],[33.747821,-1.47936],[33.734575,-1.489074],[33.725744,-1.491135],[33.716618,-1.489074],[33.710437,-1.484659],[33.705727,-1.479949],[33.7019,-1.476711],[33.681,-1.466408],[33.66746,-1.464348],[33.653919,-1.470529],[33.647443,-1.482304],[33.652741,-1.492018],[33.661867,-1.500849],[33.667754,-1.511446],[33.682472,-1.508797],[33.686004,-1.519099],[33.681295,-1.534995],[33.671286,-1.549125],[33.657157,-1.555012],[33.64185,-1.554423],[33.626543,-1.555601],[33.612413,-1.566198],[33.619184,-1.571202],[33.627426,-1.572674],[33.636846,-1.570908],[33.64656,-1.566198],[33.648326,-1.577972],[33.653919,-1.584154],[33.66275,-1.584743],[33.674524,-1.580327],[33.686888,-1.597695],[33.688359,-1.604171],[33.687771,-1.615357],[33.685416,-1.617711],[33.679234,-1.619478],[33.667754,-1.628014],[33.67629,-1.632135],[33.684238,-1.633901],[33.692775,-1.633018],[33.7019,-1.628014],[33.709259,-1.636845],[33.71132,-1.648325],[33.70867,-1.6601],[33.7019,-1.669814],[33.695424,-1.673641],[33.687771,-1.675407],[33.585332,-1.675996],[33.549125,-1.672169],[33.543238,-1.675407],[33.550597,-1.690125],[33.556779,-1.696307],[33.578267,-1.710142],[33.584154,-1.716029],[33.589747,-1.723094],[33.598873,-1.738106],[33.605643,-1.730453],[33.614768,-1.738695],[33.641261,-1.756946],[33.64656,-1.76195],[33.641261,-1.775196],[33.629487,-1.778434],[33.617712,-1.775491],[33.612413,-1.76872],[33.580622,-1.761067],[33.578267,-1.758418],[33.567376,-1.765482],[33.567081,-1.771664],[33.568848,-1.779906],[33.564726,-1.792564],[33.557073,-1.803455],[33.550008,-1.809637],[33.540883,-1.812581],[33.527048,-1.813169],[33.522632,-1.81729],[33.515273,-1.826416],[33.505265,-1.835541],[33.492607,-1.839662],[33.470824,-1.840251],[33.450808,-1.837307],[33.440505,-1.825533],[33.447864,-1.799628],[33.388402,-1.798745],[33.365148,-1.804338],[33.338066,-1.826121],[33.331296,-1.837307],[33.321287,-1.86586],[33.311279,-1.883522],[33.310396,-1.890881],[33.31069,-1.9056],[33.307158,-1.907366],[33.28302,-1.922378],[33.314223,-1.944456],[33.352784,-1.924733],[33.392523,-1.897063],[33.427553,-1.895002],[33.430202,-1.884994],[33.437855,-1.880284],[33.449041,-1.879696],[33.461699,-1.881462],[33.455223,-1.893531],[33.460816,-1.901478],[33.482304,-1.915608],[33.490252,-1.926794],[33.488486,-1.932387],[33.461699,-1.949754],[33.504382,-1.953581],[33.544121,-1.963295],[33.542355,-1.967416],[33.541766,-1.968299],[33.540589,-1.968299],[33.536762,-1.970065],[33.544415,-1.973303],[33.547065,-1.975364],[33.550008,-1.974481],[33.557956,-1.970065],[33.573263,-1.987138],[33.569142,-2.001562],[33.557073,-2.014809],[33.550597,-2.028938],[33.542649,-2.0257],[33.496434,-2.025406],[33.431379,-1.981251],[33.399883,-1.972126],[33.372212,-1.99803],[33.400177,-2.038947],[33.386047,-2.042773],[33.382515,-2.046011],[33.379571,-2.05337],[33.340421,-2.01893],[33.324231,-2.016575],[33.324525,-2.045717],[33.317755,-2.045717],[33.310396,-2.030999],[33.296855,-2.011276],[33.281548,-2.000385],[33.269774,-2.011571],[33.284786,-2.01893],[33.29244,-2.031587],[33.292734,-2.045423],[33.285964,-2.056314],[33.280959,-2.052487],[33.256233,-2.045717],[33.256233,-2.047189],[33.228268,-2.045717],[33.223264,-2.044539],[33.220909,-2.041596],[33.218849,-2.042773],[33.214727,-2.05337],[33.217082,-2.05337],[33.219143,-2.061907],[33.221203,-2.072504],[33.221498,-2.079863],[33.217671,-2.09046],[33.20884,-2.104295],[33.207663,-2.114892],[33.210018,-2.123135],[33.21355,-2.130199],[33.221498,-2.141974],[33.239454,-2.121663],[33.259471,-2.111066],[33.282431,-2.111066],[33.31069,-2.121663],[33.336594,-2.135792],[33.347486,-2.146095],[33.351901,-2.159047],[33.358083,-2.167584],[33.372507,-2.166112],[33.400177,-2.155809],[33.449336,-2.151099],[33.509386,-2.15316],[33.566198,-2.163168],[33.605643,-2.182891],[33.628898,-2.158164],[33.642144,-2.146684],[33.657157,-2.141974],[33.666576,-2.137559],[33.712203,-2.10459],[33.749293,-2.08575],[33.786383,-2.094876],[33.815819,-2.123135],[33.83142,-2.162579],[33.831126,-2.171999],[33.825533,-2.187895],[33.82465,-2.197314],[33.827005,-2.200552],[33.831715,-2.204674],[33.836425,-2.210561],[33.838485,-2.220569],[33.780495,-2.258837],[33.770193,-2.260603],[33.75989,-2.269728],[33.715441,-2.279148],[33.7019,-2.286801],[33.667754,-2.313294],[33.64862,-2.30829],[33.633902,-2.318887],[33.612413,-2.34744],[33.597401,-2.356565],[33.557367,-2.372167],[33.540589,-2.374816],[33.532346,-2.378643],[33.522338,-2.387179],[33.513801,-2.397482],[33.509975,-2.40543],[33.511447,-2.414261],[33.514979,-2.418382],[33.520572,-2.421031],[33.527048,-2.426035],[33.529991,-2.440165],[33.515273,-2.448701],[33.49349,-2.448407],[33.475828,-2.435749],[33.465526,-2.444286],[33.442565,-2.452234],[33.416956,-2.467246],[33.407536,-2.467246],[33.407536,-2.467835],[33.420782,-2.477255],[33.4564,-2.493739],[33.461699,-2.501687],[33.458755,-2.516111],[33.450808,-2.527002],[33.439916,-2.531123],[33.427553,-2.524942],[33.42196,-2.532301],[33.420782,-2.539071],[33.422843,-2.545547],[33.427553,-2.552906],[33.41048,-2.554378],[33.399883,-2.552023],[33.39429,-2.544075],[33.392818,-2.528768],[33.38693,-2.530829],[33.373095,-2.532595],[33.3572,-2.531418],[33.344836,-2.524942],[33.347486,-2.522292],[33.351018,-2.513756],[33.353373,-2.504336],[33.351901,-2.498449],[33.344542,-2.495505],[33.33836,-2.497566],[33.334239,-2.502276],[33.329824,-2.5167],[33.323053,-2.514345],[33.315694,-2.508457],[33.31069,-2.505219],[33.286258,-2.511107],[33.233861,-2.517877],[33.221498,-2.518171],[33.207663,-2.512873],[33.185585,-2.495211],[33.177343,-2.491384],[33.173222,-2.488146],[33.174105,-2.473722],[33.170573,-2.470484],[33.169984,-2.469013],[33.151145,-2.46342],[33.147024,-2.462831],[33.138487,-2.452528],[33.127007,-2.428979],[33.119059,-2.416321],[33.119354,-2.400131],[33.080497,-2.388945],[32.999253,-2.380409],[32.962752,-2.388357],[32.926545,-2.409257],[32.902996,-2.438399],[32.906823,-2.470484],[32.892399,-2.465186],[32.881507,-2.467246],[32.874737,-2.477255],[32.872676,-2.494917],[32.877975,-2.507574],[32.901524,-2.532595],[32.906823,-2.549668],[32.900641,-2.554084],[32.877092,-2.586758],[32.876209,-2.594412],[32.865612,-2.601476],[32.865023,-2.617372],[32.869733,-2.634445],[32.876209,-2.645631],[32.895048,-2.658877],[32.899169,-2.662704],[32.907706,-2.675362],[32.909472,-2.679189],[32.906234,-2.681543],[32.899169,-2.69008],[32.895637,-2.688314],[32.888278,-2.687136],[32.880919,-2.690963],[32.879447,-2.704504],[32.883273,-2.708625],[32.900347,-2.724226],[32.906823,-2.730997],[32.910944,-2.73865],[32.916537,-2.753368],[32.920363,-2.758961],[32.925956,-2.762494],[32.942441,-2.769558],[32.947739,-2.772502],[32.954804,-2.786337],[32.948034,-2.793696],[32.93567,-2.802233],[32.927134,-2.820483],[32.960103,-2.818717],[32.968639,-2.820483],[32.969522,-2.824016],[32.96805,-2.837262],[32.968639,-2.841089],[32.982474,-2.848448],[32.991894,-2.849625],[33.00043,-2.846093],[33.010144,-2.845504],[33.023391,-2.85463],[33.027806,-2.861106],[33.029278,-2.868759],[33.028101,-2.876118],[33.023391,-2.882594],[33.011322,-2.883772],[32.991599,-2.878179],[32.933904,-2.851686],[32.917714,-2.8405],[32.908,-2.824604],[32.906823,-2.799878],[32.899169,-2.799878],[32.890927,-2.821955],[32.877681,-2.831963],[32.860607,-2.839028],[32.841179,-2.851392],[32.832348,-2.866404],[32.825284,-2.888481],[32.822046,-2.90997],[32.824989,-2.922922],[32.809388,-2.960895],[32.803795,-2.970609],[32.770826,-2.999457],[32.762879,-3.012114],[32.755519,-3.012114],[32.747866,-3.000045],[32.745511,-2.985033],[32.748749,-2.969137],[32.759052,-2.95383],[32.762584,-2.941761],[32.76229,-2.928221],[32.769649,-2.918212],[32.79673,-2.91674],[32.79673,-2.90997],[32.764939,-2.886126],[32.745511,-2.877296],[32.728438,-2.882594],[32.72049,-2.869642],[32.725494,-2.862577],[32.749043,-2.85463],[32.781718,-2.836673],[32.793198,-2.834024],[32.805856,-2.833141],[32.847361,-2.82431],[32.84795,-2.816657],[32.844417,-2.805765],[32.844712,-2.793107],[32.865906,-2.754546],[32.872971,-2.728936],[32.862079,-2.717456],[32.834115,-2.714218],[32.822929,-2.705387],[32.82705,-2.692435],[32.844712,-2.676539],[32.825578,-2.665648],[32.81763,-2.66447],[32.810566,-2.668886],[32.805856,-2.660938],[32.802029,-2.652696],[32.79673,-2.635034],[32.811743,-2.639155],[32.817336,-2.642393],[32.821457,-2.623259],[32.815864,-2.603831],[32.816158,-2.589702],[32.837647,-2.587053],[32.834115,-2.575572],[32.82911,-2.56733],[32.821457,-2.563798],[32.810566,-2.566447],[32.812332,-2.549963],[32.820574,-2.539366],[32.830877,-2.53024],[32.837647,-2.518171],[32.837647,-2.51199],[32.828522,-2.50934],[32.824401,-2.504336],[32.820868,-2.497271],[32.814098,-2.488146],[32.805267,-2.485203],[32.787899,-2.495211],[32.776419,-2.491384],[32.76229,-2.499626],[32.746689,-2.522881],[32.73462,-2.532595],[32.734914,-2.519349],[32.732265,-2.498743],[32.73462,-2.491384],[32.728438,-2.484614],[32.687227,-2.511107],[32.673392,-2.518171],[32.679868,-2.504336],[32.690171,-2.489618],[32.69488,-2.473428],[32.683989,-2.453706],[32.669565,-2.433983],[32.666327,-2.418088],[32.665738,-2.401603],[32.659557,-2.380409],[32.650726,-2.388945],[32.641895,-2.40543],[32.635125,-2.422209],[32.632475,-2.432511],[32.630415,-2.453411],[32.624822,-2.467246],[32.549465,-2.538482],[32.524738,-2.552906],[32.502072,-2.546136],[32.516201,-2.518171],[32.522972,-2.509635],[32.540339,-2.494917],[32.548581,-2.482259],[32.552997,-2.466658],[32.553586,-2.450468],[32.550642,-2.435749],[32.543577,-2.435749],[32.537984,-2.446641],[32.517673,-2.459887],[32.509431,-2.470484],[32.5006,-2.461948],[32.492064,-2.455766],[32.483233,-2.455472],[32.475285,-2.462831],[32.465865,-2.45871],[32.455562,-2.456355],[32.444965,-2.45606],[32.433779,-2.456649],[32.436134,-2.451939],[32.439372,-2.440459],[32.441139,-2.435749],[32.395218,-2.436632],[32.371374,-2.432217],[32.358128,-2.416321],[32.361072,-2.403664],[32.338111,-2.378937],[32.320155,-2.353916],[32.323982,-2.333899],[32.330163,-2.333016],[32.338994,-2.334782],[32.345176,-2.337726],[32.344293,-2.341258],[32.356656,-2.333605],[32.361072,-2.328895],[32.35489,-2.32654],[32.338111,-2.323302],[32.328691,-2.315649],[32.309852,-2.271789],[32.305731,-2.2712],[32.293073,-2.271789],[32.28071,-2.274732],[32.270407,-2.280619],[32.258633,-2.283857],[32.241854,-2.279148],[32.237144,-2.273555],[32.230963,-2.256482],[32.227725,-2.252066],[32.218894,-2.250889],[32.214184,-2.256187],[32.213889,-2.262369],[32.217716,-2.265607],[32.223898,-2.272672],[32.225075,-2.289156],[32.221543,-2.320947],[32.202998,-2.321536],[32.177388,-2.370401],[32.159432,-2.388357],[32.146186,-2.391006],[32.132939,-2.388651],[32.122931,-2.381881],[32.119104,-2.370989],[32.082014,-2.369517],[32.077599,-2.367457],[32.070534,-2.37511],[32.066413,-2.385707],[32.064352,-2.398659],[32.063764,-2.412789],[32.067885,-2.424564],[32.077304,-2.429568],[32.088785,-2.431923],[32.09791,-2.435749],[32.102325,-2.441931],[32.104386,-2.454294],[32.107918,-2.459887],[32.114983,-2.464008],[32.129996,-2.469896],[32.146186,-2.482259],[32.157372,-2.488441],[32.166791,-2.496388],[32.173562,-2.51199],[32.162376,-2.520821],[32.160904,-2.535833],[32.156783,-2.550846],[32.138238,-2.560265],[32.138532,-2.552023],[32.132056,-2.532595],[32.119399,-2.536422],[32.108213,-2.530829],[32.101737,-2.521115],[32.104386,-2.51199],[32.095555,-2.506397],[32.086724,-2.503159],[32.077893,-2.502864],[32.069945,-2.505219],[32.074361,-2.513167],[32.07495,-2.515522],[32.072889,-2.517583],[32.069945,-2.524942],[32.058465,-2.509046],[32.035505,-2.483142],[32.029618,-2.470484],[32.026085,-2.478727],[32.02373,-2.486674],[32.022553,-2.494917],[32.022847,-2.505219],[32.016077,-2.505219],[32.007246,-2.486969],[31.993999,-2.490795],[31.985757,-2.507869],[31.991939,-2.528768],[31.992233,-2.537011],[31.988407,-2.561443],[31.991939,-2.566447],[31.995177,-2.568802],[31.995471,-2.573806],[31.994294,-2.579399],[31.991939,-2.583815],[31.982814,-2.590879],[31.977809,-2.590879],[31.973983,-2.587641],[31.96839,-2.587053],[31.95691,-2.588524],[31.948373,-2.58823],[31.941014,-2.589113],[31.934244,-2.594412],[31.932183,-2.601182],[31.935715,-2.607952],[31.942486,-2.612957],[31.950728,-2.615017],[31.957793,-2.618549],[31.965446,-2.627086],[31.971922,-2.637389],[31.977221,-2.659466],[31.983697,-2.66712],[31.990467,-2.671535],[31.994883,-2.676539],[31.995766,-2.683604],[31.994294,-2.702738],[31.994883,-2.710685],[32.00077,-2.717161],[32.01902,-2.732174],[32.022847,-2.741594],[32.015488,-2.760139],[31.999004,-2.768381],[31.980753,-2.765732],[31.96839,-2.752191],[31.965152,-2.729819],[31.965446,-2.709802],[31.959853,-2.695673],[31.937187,-2.69008],[31.937187,-2.68066],[31.938659,-2.661821],[31.931889,-2.648575],[31.906279,-2.655934],[31.906573,-2.641216],[31.904513,-2.63474],[31.899509,-2.635034],[31.893327,-2.640921],[31.894504,-2.644454],[31.898037,-2.648575],[31.899509,-2.655934],[31.899214,-2.667708],[31.902452,-2.699794],[31.906279,-2.710685],[31.888028,-2.712452],[31.872133,-2.717456],[31.874488,-2.702443],[31.868306,-2.687431],[31.858003,-2.678011],[31.847995,-2.679777],[31.839458,-2.686842],[31.832099,-2.691257],[31.826506,-2.697145],[31.824151,-2.707447],[31.829156,-2.720988],[31.830627,-2.728053],[31.827389,-2.730997],[31.828861,-2.738061],[31.842108,-2.773385],[31.844757,-2.786337],[31.838281,-2.799878],[31.825329,-2.814302],[31.810022,-2.826665],[31.796481,-2.834024],[31.78294,-2.81489],[31.782352,-2.790753],[31.790299,-2.741594],[31.789416,-2.725698],[31.786473,-2.718633],[31.78088,-2.717161],[31.762335,-2.717456],[31.759686,-2.715984],[31.760863,-2.711274],[31.763512,-2.692729],[31.775876,-2.668886],[31.775581,-2.664765],[31.773521,-2.660055],[31.773521,-2.654168],[31.779408,-2.645631],[31.785001,-2.642982],[31.797953,-2.643865],[31.809139,-2.640038],[31.81326,-2.641216],[31.815909,-2.640038],[31.816792,-2.631796],[31.816792,-2.624142],[31.817087,-2.620021],[31.819147,-2.617961],[31.824151,-2.615017],[31.835337,-2.615017],[31.846817,-2.619138],[31.855648,-2.617372],[31.858298,-2.600888],[31.846229,-2.605597],[31.829744,-2.607952],[31.799719,-2.608247],[31.769105,-2.617961],[31.754681,-2.620021],[31.7485,-2.611485],[31.7485,-2.556733],[31.743201,-2.547019],[31.731427,-2.54437],[31.719652,-2.539071],[31.714354,-2.521704],[31.717886,-2.507574],[31.726717,-2.504925],[31.739963,-2.506397],[31.75527,-2.505219],[31.771166,-2.49786],[31.78294,-2.487852],[31.791183,-2.475783],[31.796481,-2.462831],[31.795304,-2.455472],[31.791477,-2.448113],[31.789416,-2.440754],[31.796187,-2.424858],[31.789711,-2.420442],[31.775876,-2.416321],[31.759391,-2.393067],[31.756153,-2.380998],[31.75527,-2.361275],[31.771166,-2.36363],[31.772343,-2.357449],[31.763512,-2.348029],[31.7485,-2.341258],[31.751149,-2.337137],[31.75527,-2.32654],[31.725245,-2.320359],[31.704051,-2.331839],[31.684917,-2.349206],[31.659307,-2.361275],[31.641646,-2.361864],[31.633698,-2.356271],[31.631637,-2.343319],[31.631932,-2.323597],[31.633992,-2.316238],[31.638996,-2.308584],[31.649299,-2.296221],[31.652831,-2.288273],[31.652243,-2.258837],[31.672259,-2.199375],[31.669316,-2.189955],[31.674909,-2.182596],[31.693748,-2.141974],[31.691687,-2.134909],[31.681679,-2.123723],[31.680502,-2.114892],[31.684328,-2.105473],[31.697869,-2.087811],[31.700813,-2.076625],[31.698458,-2.071621],[31.688449,-2.063673],[31.686389,-2.059552],[31.687861,-2.054548],[31.692865,-2.047189],[31.695514,-2.033648],[31.706994,-2.0048],[31.689333,-2.005978],[31.680502,-2.011865],[31.67432,-2.019518],[31.666078,-2.025406],[31.656658,-2.027761],[31.651065,-2.027466],[31.645178,-2.026289],[31.63517,-2.025406],[31.629282,-2.028644],[31.626044,-2.035709],[31.621334,-2.040713],[31.611032,-2.038947],[31.612504,-2.003623],[31.618391,-1.974186],[31.630754,-1.947988],[31.673731,-1.895002],[31.684328,-1.867332],[31.693748,-1.799628],[31.698458,-1.783733],[31.711704,-1.755474],[31.720535,-1.675996],[31.736136,-1.643616],[31.754093,-1.619772],[31.760863,-1.596517],[31.741729,-1.566198],[31.752621,-1.537644],[31.748794,-1.493784],[31.75527,-1.46582],[31.796481,-1.48407],[31.801191,-1.470824],[31.802957,-1.456106],[31.802957,-1.425492],[31.805312,-1.411951],[31.814732,-1.389874],[31.820913,-1.347485],[31.842108,-1.306863],[31.850938,-1.278015],[31.858592,-1.182347],[31.8686,-1.158798],[31.870072,-1.149967],[31.864185,-1.138487],[31.856237,-1.125829],[31.850938,-1.113466],[31.85035,-1.099336],[31.851527,-1.087267],[31.851233,-1.075198],[31.844757,-1.059008],[31.853882,-1.051944],[31.867129,-1.038108],[31.873899,-1.024568],[31.86183,-1.01868],[31.853588,-1.021035],[31.845934,-1.024568],[31.840047,-1.024273],[31.837986,-1.014854],[31.838281,-1.003962],[31.837398,-0.995131],[31.833571,-0.988361],[31.824151,-0.983945],[31.82474,-1.001607],[31.821208,-1.02133],[31.813849,-1.039875],[31.802957,-1.045468],[31.781469,-1.055182],[31.768517,-1.047528],[31.767045,-1.029572],[31.785001,-0.998664],[31.787945,-0.988655],[31.786473,-0.980413],[31.772343,-0.973348],[31.769988,-0.964517],[31.766162,-0.920068],[31.769105,-0.863845],[31.760569,-0.846477],[31.740846,-0.842651],[31.71818,-0.843534],[31.700813,-0.839413],[31.696986,-0.8244],[31.699047,-0.799379],[31.706111,-0.775241],[31.717592,-0.764644],[31.717886,-0.756991],[31.75527,-0.716369],[31.778819,-0.66927],[31.786473,-0.661617],[31.795009,-0.659262],[31.798247,-0.652491],[31.79707,-0.644838],[31.78559,-0.625704],[31.784707,-0.616285],[31.792949,-0.575957],[31.796481,-0.565654],[31.827684,-0.522677],[31.834748,-0.508547],[31.837986,-0.493829],[31.846817,-0.471458],[31.868306,-0.456739],[31.913049,-0.435839],[31.926296,-0.422299],[31.961325,-0.37785],[31.96839,-0.363426],[31.977515,-0.338111],[31.997826,-0.314561],[32.01902,-0.306025],[32.029618,-0.325747],[32.037271,-0.325747],[32.035799,-0.311323],[32.029618,-0.294545],[32.020787,-0.278649],[32.012839,-0.267463],[32.009895,-0.260987],[32.008718,-0.253039],[32.006068,-0.246563],[31.998709,-0.244208],[31.990173,-0.244503],[31.984285,-0.244208],[31.979576,-0.240382],[31.974571,-0.230373],[31.980164,-0.204764],[31.980459,-0.189457],[31.971333,-0.182686],[31.961325,-0.183569],[31.92659,-0.195638],[31.935421,-0.15531],[31.940131,-0.140298],[31.934538,-0.13912],[31.91982,-0.134116],[31.939836,-0.124697],[31.994883,-0.085841],[32.011956,-0.092611],[32.051695,-0.094966],[32.069945,-0.099381],[32.061703,-0.075832],[32.025791,-0.067296],[32.016077,-0.04463],[32.031089,-0.048751],[32.037271,-0.052283],[32.076716,-0.036387],[32.104386,-0.045513],[32.132056,-0.063175],[32.170029,-0.072594],[32.18828,-0.068473],[32.200349,-0.057582],[32.206236,-0.04198],[32.208002,-0.024318],[32.205353,-0.015782],[32.195933,0.002469],[32.193578,0.013655],[32.195639,0.01807],[32.208002,0.037204],[32.206825,0.031022],[32.206825,0.026018],[32.205353,0.021602],[32.200349,0.016598],[32.215361,-0.003419],[32.241265,-0.021375],[32.26923,-0.029028],[32.289835,-0.017548],[32.291602,0.00188],[32.279533,0.018953],[32.24833,0.043974],[32.255689,0.051333],[32.286009,0.037498],[32.324276,0.026901],[32.352241,0.009533],[32.351946,-0.024318],[32.372846,-0.025202],[32.379028,-0.024318],[32.368725,-0.003713],[32.374907,0.053982],[32.365487,0.085479],[32.386092,0.091661],[32.401105,0.077826],[32.421122,0.08283],[32.439078,0.099314],[32.447615,0.119037],[32.459095,0.108734],[32.457917,0.095193],[32.449969,0.081653],[32.441139,0.07135],[32.41965,0.05516],[32.422005,0.048684],[32.437606,0.033671],[32.45203,0.030139],[32.462921,0.041325],[32.471752,0.056337],[32.481761,0.067818],[32.484116,0.07606],[32.488237,0.083419],[32.49589,0.085479],[32.5006,0.08077],[32.509431,0.051333],[32.517968,0.056632],[32.523855,0.073999],[32.530037,0.07812],[32.539751,0.074882],[32.54711,0.065757],[32.557412,0.043974],[32.57007,0.060458],[32.543872,0.102258],[32.550642,0.119037],[32.559473,0.11315],[32.578018,0.105202],[32.588026,0.107851],[32.571542,0.133461],[32.590676,0.139348],[32.598329,0.140231],[32.598329,0.147001],[32.589498,0.149945],[32.571542,0.161425],[32.575369,0.174672],[32.563005,0.189684],[32.568009,0.198515],[32.578901,0.201459],[32.588026,0.197338],[32.594797,0.19616],[32.598329,0.208524],[32.615991,0.211467],[32.626588,0.240021],[32.63483,0.273284],[32.645427,0.290946],[32.662795,0.288885],[32.666916,0.276816],[32.663383,0.263275],[32.647782,0.247674],[32.648077,0.230895],[32.656613,0.222064],[32.673392,0.236488],[32.680751,0.222064],[32.657496,0.183208],[32.661323,0.171728],[32.690465,0.167313],[32.699296,0.174083],[32.707244,0.187918],[32.714897,0.208524],[32.724906,0.205874],[32.731087,0.19616],[32.736091,0.183797],[32.741684,0.173789],[32.728438,0.16643],[32.71107,0.144647],[32.704006,0.140231],[32.685755,0.141114],[32.680751,0.140231],[32.670448,0.135227],[32.6625,0.132872],[32.653081,0.133461],[32.660734,0.11992],[32.661323,0.098431],[32.666621,0.091661],[32.682223,0.089012],[32.69488,0.094605],[32.704594,0.102258],[32.71107,0.106085],[32.719607,0.107262],[32.732265,0.1105],[32.744039,0.115799],[32.749043,0.122864],[32.756108,0.126102],[32.771709,0.120214],[32.79673,0.106085],[32.797319,0.124924],[32.799085,0.138759],[32.803206,0.150239],[32.810566,0.161425],[32.817336,0.161425],[32.82234,0.149651],[32.832348,0.149651],[32.8453,0.151711],[32.859136,0.147001],[32.855309,0.154949],[32.853248,0.163192],[32.851482,0.181148],[32.859136,0.181148],[32.86414,0.168784],[32.877681,0.190567],[32.892987,0.195572],[32.890044,0.19145],[32.888278,0.188507],[32.885628,0.181148],[32.895931,0.181442],[32.899169,0.181148],[32.890927,0.171434],[32.885923,0.161131],[32.887395,0.152594],[32.899169,0.147001],[32.888866,0.143175],[32.877681,0.136404],[32.871499,0.126985],[32.876209,0.115799],[32.887983,0.107262],[32.892693,0.107262],[32.893282,0.104907],[32.892987,0.088717],[32.90123,0.076943],[32.920658,0.077826],[32.986301,0.101081],[33.008084,0.112855],[33.077554,0.166135],[33.084913,0.173789],[33.091978,0.186152],[33.105224,0.222064],[33.071667,0.223536],[33.043113,0.228835],[33.070489,0.246497],[33.078731,0.250029],[33.078731,0.256799],[33.071078,0.256799],[33.071078,0.262981],[33.081086,0.260332],[33.098748,0.251795],[33.123769,0.247085],[33.123475,0.239726],[33.112877,0.225597],[33.116999,0.214411],[33.126418,0.21706],[33.135544,0.224714],[33.13937,0.228835],[33.140842,0.234133],[33.13937,0.241198],[33.138782,0.24738],[33.143197,0.250029],[33.15085,0.251206],[33.156149,0.25415],[33.167335,0.262981],[33.156443,0.276522],[33.150556,0.297422],[33.153794,0.316261],[33.170573,0.324503],[33.188823,0.328919],[33.220026,0.347463],[33.238571,0.351879],[33.242103,0.354528],[33.264181,0.367775],[33.269774,0.373073],[33.270657,0.38632],[33.26683,0.390441],[33.259176,0.390735],[33.231212,0.396917],[33.210018,0.398388],[33.192945,0.406042],[33.187352,0.428119],[33.210901,0.422821],[33.235922,0.427236],[33.250346,0.440483],[33.241809,0.461677],[33.273895,0.476689],[33.28302,0.482871],[33.290673,0.439599],[33.318638,0.437539],[33.34572,0.456378],[33.351901,0.475217],[33.366031,0.497],[33.385164,0.490819],[33.389285,0.484637],[33.372212,0.461677],[33.349841,0.421938],[33.354845,0.41605],[33.362498,0.41134],[33.366031,0.407219],[33.349252,0.391912],[33.325703,0.389263],[33.310101,0.381904],[33.317755,0.351879],[33.328646,0.359532],[33.366031,0.373073],[33.369857,0.363948],[33.368974,0.355117],[33.365148,0.34658],[33.35926,0.338927],[33.376922,0.343048],[33.394878,0.341282],[33.411951,0.334511],[33.427553,0.324503],[33.426081,0.33304],[33.424315,0.338927],[33.420782,0.342754],[33.413718,0.345697],[33.441977,0.356294],[33.455812,0.357766],[33.469058,0.351879],[33.454929,0.345697],[33.46582,0.330685],[33.483188,0.324503],[33.494668,0.31891],[33.489075,0.304781],[33.508209,0.300365],[33.507914,0.283292],[33.494962,0.27034],[33.475828,0.277405],[33.482304,0.280937],[33.489075,0.283586],[33.47524,0.289768],[33.45905,0.294478],[33.444037,0.295361],[33.434323,0.290946],[33.426375,0.295655],[33.418427,0.297716],[33.400177,0.297716],[33.405475,0.288885],[33.413423,0.283586],[33.434323,0.277405],[33.420782,0.270046],[33.43344,0.261215],[33.439033,0.258565],[33.447864,0.256799],[33.426375,0.243553],[33.439622,0.227363],[33.465526,0.208818],[33.482304,0.187918],[33.489075,0.187918],[33.486426,0.216177],[33.487603,0.230307],[33.492607,0.236488],[33.501144,0.232073],[33.503793,0.221476],[33.502616,0.195572],[33.511152,0.202931],[33.522044,0.217943],[33.53058,0.222064],[33.529108,0.211173],[33.525576,0.200576],[33.516156,0.181148],[33.525282,0.18262],[33.531169,0.185563],[33.534701,0.191745],[33.536762,0.201753],[33.544121,0.201753],[33.545887,0.185858],[33.555601,0.179676],[33.566493,0.183797],[33.571497,0.198515],[33.580033,0.20764],[33.598873,0.215588],[33.617418,0.227069],[33.626249,0.246202],[33.618889,0.298893],[33.619773,0.310962],[33.629487,0.320676],[33.642144,0.323326],[33.655685,0.319793],[33.667754,0.310962],[33.68571,0.325975],[33.694247,0.330096],[33.70867,0.332157],[33.720445,0.330685],[33.735458,0.325975],[33.748998,0.319204],[33.755769,0.310962],[33.733397,0.306841],[33.715146,0.298305],[33.7019,0.284175],[33.69513,0.262981],[33.706316,0.267985],[33.718385,0.268868],[33.730748,0.266808],[33.742817,0.262981],[33.742817,0.256799],[33.733691,0.248851],[33.720445,0.23325],[33.709848,0.215294],[33.70867,0.201753],[33.721917,0.193217],[33.763717,0.190862],[33.776963,0.187918],[33.78756,0.197926],[33.787854,0.208524],[33.786088,0.220593],[33.789915,0.236488],[33.804633,0.220298],[33.807871,0.199987],[33.809343,0.177321],[33.81788,0.153772],[33.823472,0.166724],[33.827005,0.193511],[33.83142,0.208524],[33.862034,0.188507],[33.893826,0.173789],[33.895297,0.192334],[33.905011,0.199104],[33.915903,0.204402],[33.920907,0.219121],[33.965945,0.256211],[33.972126,0.262981],[33.980369,0.264453],[33.98184,0.26563],[33.982723,0.264453],[33.989199,0.256799],[33.993026,0.251501],[34.001857,0.232956],[34.003623,0.225597],[34.001268,0.212939],[33.991554,0.181148],[33.989199,0.164369],[33.990377,0.134933],[33.988316,0.119037],[33.982429,0.106085],[33.974187,0.102847],[33.965356,0.10579],[33.957997,0.10579],[33.955053,0.095193],[33.956231,0.075471],[33.958291,0.066346],[33.961824,0.057515],[33.968888,0.05045],[33.977719,0.044857],[33.985961,0.038087],[33.989199,0.026901],[33.989788,0.01807],[33.99597,-0.010778],[33.99597,-0.040508],[33.999797,-0.04463],[34.018047,-0.045807],[34.024523,-0.048162],[34.030116,-0.052283],[34.030116,-0.058465],[34.020696,-0.070534],[34.027172,-0.074949],[34.038947,-0.074655],[34.043657,-0.072594],[34.055137,-0.087901],[34.05131,-0.085841],[34.054548,-0.091139],[34.055137,-0.096732],[34.057198,-0.101736],[34.064851,-0.10674],[34.064851,-0.096732],[34.066029,-0.088784],[34.068383,-0.081131],[34.071916,-0.072594],[34.064851,-0.072594],[34.07692,-0.063469],[34.094582,-0.059348],[34.12343,-0.058465],[34.13491,-0.064941],[34.130789,-0.079659],[34.112832,-0.10674],[34.128728,-0.106446],[34.138442,-0.11145],[34.137853,-0.117338],[34.12343,-0.120576],[34.115482,-0.12293],[34.091049,-0.135588],[34.085457,-0.140298],[34.093993,-0.168851],[34.122252,-0.185336],[34.158165,-0.191223],[34.187895,-0.188868],[34.184952,-0.208885],[34.195843,-0.221248],[34.229401,-0.237144],[34.249123,-0.252156],[34.253244,-0.26452],[34.236465,-0.298666],[34.251184,-0.29896],[34.256776,-0.305142],[34.253833,-0.314856],[34.243236,-0.325747],[34.252067,-0.328691],[34.262664,-0.334284],[34.272083,-0.340466],[34.277088,-0.346353],[34.278854,-0.358127],[34.276205,-0.36843],[34.272083,-0.376672],[34.270906,-0.381088],[34.287979,-0.396395],[34.302992,-0.390507],[34.313883,-0.373729],[34.318299,-0.35695],[34.325363,-0.341349],[34.376288,-0.301904],[34.386885,-0.284831],[34.388357,-0.265403],[34.383059,-0.244208],[34.372756,-0.223309],[34.357449,-0.228902],[34.346263,-0.219776],[34.341553,-0.203881],[34.34538,-0.188868],[34.359804,-0.179448],[34.377466,-0.178565],[34.406902,-0.182686],[34.446641,-0.168263],[34.461654,-0.168263],[34.491385,-0.179743],[34.505514,-0.18092],[34.520821,-0.171795],[34.534067,-0.159432],[34.548491,-0.149423],[34.564093,-0.142653],[34.600299,-0.137354],[34.623849,-0.123519],[34.646515,-0.117043],[34.658878,-0.108801],[34.669769,-0.098793],[34.674479,-0.089667],[34.722755,-0.091139],[34.73659,-0.085841],[34.735413,-0.109684],[34.730997,-0.123814],[34.731291,-0.137943],[34.74336,-0.162081],[34.750131,-0.154427],[34.756901,-0.165613],[34.768087,-0.179154],[34.781628,-0.190634],[34.795168,-0.195638],[34.798701,-0.206235],[34.832847,-0.27129],[34.836674,-0.272467],[34.846977,-0.279532],[34.85463,-0.28748],[34.849331,-0.291307],[34.846388,-0.294545],[34.84315,-0.301609],[34.837851,-0.308969],[34.82902,-0.312207],[34.809298,-0.306319],[34.782805,-0.286891],[34.770736,-0.291307],[34.749542,-0.287186],[34.748365,-0.300726],[34.754252,-0.320449],[34.753663,-0.335756],[34.740417,-0.340171],[34.678306,-0.346353],[34.658289,-0.344881],[34.612957,-0.331929],[34.604715,-0.332812],[34.595884,-0.335461],[34.586759,-0.335756],[34.575867,-0.328985],[34.569097,-0.322215],[34.562326,-0.318388],[34.554379,-0.318977],[34.544076,-0.325747],[34.527003,-0.32457],[34.497861,-0.32928],[34.467836,-0.337522],[34.448702,-0.346353],[34.450762,-0.367253],[34.449291,-0.396983],[34.456944,-0.424065],[34.499921,-0.441432],[34.50522,-0.45409],[34.505514,-0.467925],[34.503159,-0.476756],[34.4749,-0.493829],[34.472251,-0.497362],[34.460771,-0.501483],[34.436339,-0.520911],[34.423975,-0.525032],[34.407491,-0.521794],[34.40808,-0.513552],[34.415733,-0.504426],[34.420443,-0.497362],[34.418677,-0.489119],[34.409551,-0.468514],[34.403959,-0.459977],[34.395422,-0.450852],[34.386002,-0.44467],[34.374522,-0.441432],[34.359215,-0.442021],[34.365691,-0.459094],[34.360687,-0.472635],[34.347735,-0.479405],[34.331251,-0.476756],[34.326541,-0.470869],[34.318299,-0.453501],[34.311234,-0.44938],[34.304758,-0.452324],[34.304463,-0.460566],[34.307701,-0.469691],[34.311234,-0.476756],[34.284741,-0.465865],[34.244413,-0.429363],[34.21586,-0.42848],[34.219981,-0.418766],[34.22263,-0.415234],[34.189073,-0.422299],[34.174355,-0.450852],[34.161108,-0.517673],[34.150217,-0.531508],[34.13697,-0.53504],[34.10253,-0.532097],[34.101352,-0.534746],[34.085457,-0.551819],[34.077803,-0.554468],[34.063674,-0.555646],[34.057492,-0.558589],[34.065734,-0.568598],[34.075154,-0.57684],[34.082807,-0.58626],[34.085457,-0.599506],[34.081335,-0.607748],[34.072505,-0.616873],[34.062202,-0.624527],[34.054548,-0.627471],[34.047778,-0.641306],[34.037475,-0.730498],[34.057492,-0.728143],[34.0675,-0.748749],[34.071327,-0.776124],[34.071916,-0.795258],[34.078392,-0.797613],[34.119603,-0.826166],[34.165524,-0.841768],[34.174943,-0.846772],[34.183185,-0.871204],[34.169645,-0.886511],[34.150217,-0.898286],[34.139914,-0.911826],[34.127845,-0.953626],[34.124607,-0.977764],[34.133438,-0.997486],[34.133438,-1.003668],[34.117542,-0.999252],[34.071916,-0.97011],[34.066029,-0.996014],[34.058375,-1.002196],[34.037475,-0.997486],[34.048072,-1.01191],[34.063379,-1.015737],[34.079569,-1.01191],[34.092227,-1.003668],[34.09782,-1.018975],[34.087223,-1.022802],[34.072505,-1.025156],[34.064851,-1.035459],[34.0675,-1.043996],[34.072505,-1.046056],[34.075448,-1.048411],[34.071916,-1.059008],[34.040713,-1.079614],[34.033648,-1.082263],[34.03041,-1.088739],[34.028056,-1.095804],[34.023346,-1.100514],[34.016281,-1.101691],[33.992732,-1.100514],[33.975659,-1.105224],[33.980074,-1.115821],[33.990377,-1.128478],[33.992732,-1.138192],[33.963295,-1.172633],[33.948283,-1.18323],[33.915608,-1.198831],[33.900596,-1.20884],[33.886172,-1.223264],[33.87322,-1.255938],[33.885878,-1.277721],[33.908838,-1.285669],[33.927677,-1.278015],[33.933859,-1.278015],[33.931798,-1.282725],[33.929738,-1.289201],[33.927677,-1.292439],[33.927677,-1.298621],[33.946517,-1.303625],[33.966828,-1.316283],[33.982723,-1.333061],[33.989199,-1.350134],[33.988611,-1.359848],[33.985667,-1.369857],[33.979485,-1.376039],[33.968888,-1.374272],[33.967417,-1.369857],[33.969183,-1.362203],[33.972421,-1.355433],[33.975659,-1.353667],[33.961824,-1.340126],[33.95417,-1.336888],[33.933859,-1.334533],[33.915608,-1.323936],[33.905306,-1.320698],[33.882934,-1.319521],[33.821412,-1.326291],[33.804339,-1.319521],[33.792564,-1.334239],[33.79904,-1.348663],[33.82465,-1.374272],[33.820529,-1.37751],[33.81994,-1.379277],[33.819646,-1.381926],[33.81788,-1.387813],[33.832009,-1.383103],[33.843784,-1.387519],[33.852909,-1.397527],[33.858796,-1.408419],[33.797568,-1.387813],[33.781378,-1.397527],[33.781378,-1.409596],[33.791092,-1.421371],[33.804339,-1.429024],[33.812581,-1.429613],[33.830243,-1.427552],[33.838485,-1.429024],[33.847316,-1.43344],[33.849965,-1.437266],[33.851731,-1.441976],[33.858796,-1.449924],[33.867333,-1.470824],[33.871159,-1.470529],[33.875869,-1.469352],[33.879402,-1.470529],[33.890882,-1.480243],[33.894414,-1.486131],[33.893826,-1.497611],[33.909132,-1.487603],[33.918552,-1.48407],[33.927677,-1.48407],[33.93592,-1.489957],[33.940041,-1.499083],[33.94269,-1.507619],[33.944751,-1.511446],[33.952993,-1.513801],[33.955936,-1.518511],[33.952993,-1.523515],[33.944751,-1.525575],[33.940041,-1.524398],[33.932976,-1.518805],[33.927677,-1.518216],[33.927089,-1.520277],[33.923262,-1.525281],[33.918258,-1.529991],[33.913548,-1.532052]],[[34.14639,-0.405226],[34.119603,-0.415234],[34.119603,-0.427892],[34.132849,-0.431718],[34.149922,-0.432601],[34.161108,-0.435839],[34.204085,-0.407286],[34.217332,-0.389036],[34.22263,-0.360188],[34.214094,-0.36843],[34.207323,-0.388741],[34.202025,-0.394923],[34.191133,-0.394629],[34.182008,-0.387269],[34.16729,-0.366958],[34.158459,-0.39404],[34.153749,-0.401105],[34.14639,-0.405226]],[[33.946517,-0.464098],[33.945634,-0.472929],[33.951815,-0.476756],[33.971832,-0.480288],[33.998619,-0.49795],[34.017164,-0.504721],[34.026878,-0.497656],[34.048955,-0.490002],[34.057492,-0.482938],[34.061907,-0.474401],[34.059258,-0.470574],[34.05396,-0.467336],[34.05131,-0.459977],[34.045129,-0.437311],[34.03041,-0.432307],[33.99597,-0.442021],[33.964179,-0.444965],[33.955053,-0.44938],[33.950932,-0.454973],[33.946517,-0.464098]],[[31.815909,-1.800806],[31.810611,-1.819351],[31.840636,-1.795213],[31.849172,-1.779906],[31.850938,-1.758418],[31.845346,-1.753119],[31.842402,-1.751647],[31.837986,-1.751647],[31.836515,-1.774608],[31.826801,-1.788443],[31.815909,-1.800806]],[[31.774698,-2.139913],[31.786473,-2.147567],[31.797953,-2.151394],[31.802957,-2.145506],[31.821208,-2.136381],[31.82474,-2.130494],[31.806784,-2.12755],[31.793243,-2.124312],[31.785001,-2.114892],[31.781469,-2.10194],[31.782646,-2.087517],[31.775876,-2.079863],[31.768811,-2.093698],[31.764395,-2.107239],[31.764101,-2.121074],[31.769105,-2.135204],[31.774698,-2.139913]],[[31.91982,-2.416321],[31.920997,-2.398071],[31.913932,-2.383353],[31.904513,-2.369517],[31.899509,-2.354799],[31.901569,-2.336843],[31.907162,-2.32654],[31.907751,-2.32183],[31.895976,-2.320947],[31.868895,-2.310056],[31.860064,-2.283563],[31.856237,-2.252066],[31.844757,-2.224102],[31.840341,-2.215565],[31.828272,-2.209972],[31.817675,-2.202907],[31.816792,-2.182891],[31.810611,-2.182891],[31.790888,-2.23411],[31.788239,-2.25972],[31.810611,-2.252066],[31.807961,-2.267667],[31.801191,-2.281208],[31.790299,-2.288862],[31.775876,-2.285918],[31.782646,-2.320947],[31.802957,-2.315943],[31.822385,-2.316826],[31.830333,-2.322714],[31.816792,-2.333899],[31.82474,-2.34744],[31.844757,-2.364513],[31.850938,-2.374816],[31.851233,-2.388651],[31.840636,-2.411023],[31.837986,-2.426035],[31.840636,-2.441048],[31.848289,-2.454589],[31.860064,-2.460476],[31.875371,-2.453706],[31.912755,-2.423975],[31.91982,-2.416321]],[[31.899509,-1.635079],[31.940131,-1.66216],[31.937482,-1.651269],[31.93336,-1.64391],[31.91982,-1.628014],[31.896271,-1.615062],[31.892444,-1.610941],[31.888323,-1.610352],[31.858298,-1.621244],[31.868012,-1.636256],[31.871838,-1.653035],[31.872133,-1.690125],[31.867129,-1.690714],[31.865951,-1.688948],[31.865951,-1.686298],[31.865362,-1.682766],[31.865362,-1.699545],[31.858298,-1.744877],[31.888617,-1.691302],[31.897742,-1.662749],[31.899509,-1.635079]],[[32.069945,-2.292983],[32.071417,-2.27797],[32.06759,-2.267079],[32.059937,-2.265313],[32.050223,-2.279148],[32.044041,-2.279148],[32.045513,-2.269728],[32.048457,-2.260897],[32.051989,-2.252655],[32.056993,-2.245001],[32.050223,-2.252066],[32.046102,-2.247062],[32.04463,-2.242647],[32.044041,-2.231461],[32.025791,-2.233521],[32.009601,-2.242941],[31.993116,-2.25501],[31.974571,-2.265607],[31.960148,-2.271494],[31.951022,-2.277087],[31.947196,-2.285918],[31.951022,-2.292394],[31.972216,-2.289745],[31.981342,-2.292983],[31.985169,-2.308878],[31.974866,-2.322419],[31.960736,-2.334782],[31.954555,-2.34744],[31.966035,-2.340964],[31.969862,-2.343613],[31.971333,-2.350089],[31.974571,-2.354799],[31.975455,-2.357743],[31.974571,-2.361864],[31.974277,-2.365691],[31.977809,-2.367457],[31.981636,-2.366574],[31.98664,-2.364513],[31.989878,-2.362453],[31.988701,-2.361275],[32.003713,-2.361275],[32.020787,-2.357743],[32.037565,-2.350973],[32.050223,-2.341258],[32.069945,-2.292983]],[[32.282771,-0.353123],[32.323982,-0.354006],[32.318977,-0.337522],[32.297194,-0.314267],[32.289835,-0.298666],[32.28071,-0.303081],[32.277178,-0.308969],[32.278061,-0.316916],[32.283065,-0.325747],[32.273351,-0.330163],[32.264226,-0.330752],[32.255984,-0.326925],[32.24833,-0.318388],[32.255689,-0.305436],[32.212712,-0.321332],[32.187397,-0.327513],[32.166202,-0.325747],[32.152956,-0.311618],[32.156194,-0.291601],[32.173562,-0.257455],[32.172384,-0.239793],[32.157372,-0.234494],[32.111745,-0.237144],[32.086135,-0.231551],[32.073772,-0.230373],[32.064352,-0.235083],[32.06553,-0.244797],[32.064647,-0.254511],[32.050223,-0.257455],[32.050223,-0.263931],[32.077304,-0.273056],[32.091728,-0.280415],[32.09791,-0.288069],[32.099382,-0.295722],[32.102325,-0.298077],[32.106741,-0.299843],[32.111745,-0.305436],[32.111745,-0.309263],[32.105858,-0.316328],[32.104386,-0.322215],[32.116455,-0.329868],[32.144125,-0.338111],[32.172384,-0.34076],[32.187397,-0.331929],[32.193578,-0.331929],[32.202409,-0.341349],[32.218011,-0.35018],[32.228313,-0.360482],[32.221543,-0.373729],[32.231257,-0.378144],[32.241265,-0.386092],[32.248036,-0.396689],[32.24833,-0.408464],[32.242148,-0.413468],[32.233317,-0.413173],[32.225075,-0.409052],[32.216539,-0.39875],[32.205942,-0.407875],[32.197111,-0.421416],[32.197111,-0.42848],[32.18563,-0.429069],[32.1768,-0.43113],[32.170618,-0.435545],[32.166202,-0.442021],[32.166202,-0.44938],[32.170912,-0.458211],[32.167674,-0.471458],[32.152662,-0.497362],[32.135883,-0.515318],[32.132351,-0.525326],[32.138238,-0.538278],[32.166202,-0.538278],[32.165614,-0.531213],[32.167086,-0.523266],[32.173562,-0.504721],[32.178271,-0.506487],[32.189163,-0.509136],[32.193578,-0.510902],[32.19034,-0.497362],[32.189752,-0.478228],[32.187397,-0.469986],[32.22537,-0.462627],[32.241854,-0.463804],[32.241854,-0.469986],[32.236261,-0.47705],[32.238616,-0.483526],[32.247153,-0.488531],[32.258927,-0.490297],[32.263048,-0.487059],[32.265992,-0.4797],[32.271879,-0.472341],[32.283065,-0.469986],[32.274823,-0.432896],[32.270702,-0.386681],[32.282771,-0.353123]],[[32.342821,-0.261576],[32.347236,-0.265697],[32.351946,-0.27129],[32.369902,-0.269818],[32.365193,-0.258044],[32.351946,-0.241559],[32.344293,-0.227135],[32.339583,-0.215949],[32.328103,-0.204175],[32.312501,-0.197993],[32.296606,-0.202997],[32.305731,-0.205941],[32.315151,-0.211534],[32.323982,-0.219776],[32.331341,-0.230373],[32.321627,-0.235378],[32.319272,-0.242148],[32.322804,-0.249801],[32.331341,-0.257455],[32.333107,-0.252156],[32.334284,-0.252156],[32.337522,-0.250096],[32.339289,-0.25716],[32.342821,-0.261576]],[[32.388447,-0.367841],[32.400516,-0.366075],[32.413468,-0.366958],[32.413468,-0.360188],[32.400222,-0.35695],[32.394629,-0.348413],[32.389919,-0.338699],[32.379028,-0.331929],[32.369314,-0.334284],[32.368725,-0.344292],[32.37314,-0.35695],[32.379028,-0.366958],[32.372552,-0.364898],[32.358422,-0.362543],[32.351946,-0.360188],[32.354007,-0.370196],[32.356656,-0.374906],[32.360777,-0.375495],[32.388447,-0.367841]],[[32.531214,-2.32654],[32.536807,-2.307112],[32.532686,-2.283857],[32.523855,-2.282386],[32.512963,-2.287979],[32.502072,-2.285918],[32.49589,-2.285918],[32.498834,-2.312411],[32.502072,-2.320947],[32.474696,-2.32448],[32.464982,-2.314177],[32.467926,-2.271789],[32.461744,-2.271789],[32.454974,-2.283269],[32.446437,-2.283857],[32.438195,-2.277087],[32.433779,-2.265607],[32.407581,-2.342142],[32.409936,-2.354799],[32.42642,-2.362158],[32.432013,-2.379231],[32.434368,-2.399543],[32.441139,-2.416321],[32.45203,-2.420442],[32.462627,-2.418382],[32.472341,-2.411906],[32.481761,-2.402192],[32.492064,-2.404252],[32.506782,-2.396599],[32.519439,-2.383058],[32.523266,-2.367457],[32.519439,-2.369517],[32.518851,-2.370695],[32.518262,-2.371872],[32.516201,-2.374816],[32.51208,-2.35892],[32.520028,-2.343319],[32.531214,-2.32654]],[[32.538279,-0.390213],[32.543577,-0.373729],[32.529448,-0.378144],[32.523855,-0.381382],[32.516201,-0.387269],[32.508842,-0.383443],[32.504132,-0.384031],[32.502072,-0.391096],[32.502661,-0.40552],[32.502072,-0.408464],[32.489709,-0.418472],[32.469986,-0.420533],[32.454091,-0.42848],[32.477051,-0.441727],[32.47293,-0.46086],[32.455857,-0.479111],[32.441139,-0.490297],[32.444082,-0.49795],[32.448498,-0.502071],[32.454091,-0.503838],[32.461744,-0.504721],[32.470869,-0.499717],[32.481172,-0.492063],[32.486471,-0.48176],[32.481761,-0.469986],[32.492947,-0.465865],[32.5006,-0.458506],[32.521206,-0.420533],[32.523561,-0.409641],[32.523266,-0.394923],[32.530037,-0.394923],[32.536807,-0.408464],[32.537101,-0.398455],[32.538279,-0.390213]],[[32.753753,-0.018431],[32.749632,-0.027262],[32.753459,-0.03992],[32.762879,-0.052283],[32.782307,-0.036682],[32.803206,-0.009012],[32.81086,0.019247],[32.789371,0.037204],[32.789371,0.016598],[32.78319,0.016598],[32.773476,0.020719],[32.767,0.011594],[32.765233,-0.003713],[32.769649,-0.017548],[32.753753,-0.018431]],[[32.803795,-0.106446],[32.817336,-0.085841],[32.804384,-0.079953],[32.793198,-0.080248],[32.78525,-0.086724],[32.78319,-0.099381],[32.773476,-0.097026],[32.762879,-0.0932],[32.765822,-0.07701],[32.758757,-0.059937],[32.746689,-0.045807],[32.73462,-0.037859],[32.737269,-0.049339],[32.742567,-0.060231],[32.755519,-0.079659],[32.755519,-0.085841],[32.745511,-0.083191],[32.739035,-0.077598],[32.735797,-0.069356],[32.73462,-0.058465],[32.730204,-0.06759],[32.724022,-0.0723],[32.716369,-0.071417],[32.707538,-0.065235],[32.709599,-0.07701],[32.71372,-0.088195],[32.714308,-0.097909],[32.707538,-0.10674],[32.698707,-0.105857],[32.691642,-0.097615],[32.683989,-0.094083],[32.673392,-0.10674],[32.659557,-0.099381],[32.665444,-0.111156],[32.673981,-0.117926],[32.685755,-0.12087],[32.700768,-0.120576],[32.718724,-0.12558],[32.740801,-0.114983],[32.755519,-0.120576],[32.741684,-0.127346],[32.741684,-0.134116],[32.765822,-0.130878],[32.786428,-0.121459],[32.803795,-0.106446]],[[33.005729,-1.805221],[33.009261,-1.819351],[32.995426,-1.819351],[32.998664,-1.826416],[33.002491,-1.83819],[33.003668,-1.849082],[32.999253,-1.854086],[32.996898,-1.858796],[33.004846,-1.869687],[33.023391,-1.888232],[33.027218,-1.88941],[33.030456,-1.889998],[33.033988,-1.891176],[33.037226,-1.895002],[33.070489,-1.869687],[33.083735,-1.856146],[33.088151,-1.853791],[33.0908,-1.849082],[33.091683,-1.836718],[33.089917,-1.832597],[33.081381,-1.821117],[33.078731,-1.813169],[33.084913,-1.813169],[33.093449,-1.816702],[33.097571,-1.814347],[33.096982,-1.807871],[33.091683,-1.799628],[33.083441,-1.795507],[33.072255,-1.795802],[33.050767,-1.799628],[33.015737,-1.800512],[33.005729,-1.805221]],[[33.186763,-2.131966],[33.187352,-2.124606],[33.186174,-2.116659],[33.182936,-2.11607],[33.178521,-2.117247],[33.173517,-2.114892],[33.143786,-2.087811],[33.13466,-2.073976],[33.147024,-2.066911],[33.147024,-2.059552],[33.109345,-2.05131],[33.100514,-2.043362],[33.120237,-2.011276],[33.117587,-1.995969],[33.109934,-1.981251],[33.105224,-1.966827],[33.097276,-1.965355],[33.04694,-1.977424],[33.043702,-1.975658],[33.035754,-1.973303],[33.027218,-1.973303],[33.023391,-1.980662],[33.018975,-1.98184],[32.992483,-1.99126],[32.940969,-1.963295],[32.931549,-1.947988],[32.935965,-1.936802],[32.944796,-1.925616],[32.947739,-1.909426],[32.943029,-1.904422],[32.924779,-1.896474],[32.920363,-1.895002],[32.911532,-1.896474],[32.907117,-1.899712],[32.899169,-1.909426],[32.879741,-1.927088],[32.867967,-1.935036],[32.851482,-1.943278],[32.846478,-1.934742],[32.841474,-1.930915],[32.834703,-1.929737],[32.824989,-1.929149],[32.831171,-1.943278],[32.846478,-1.959468],[32.851482,-1.970065],[32.859136,-1.970065],[32.863845,-1.971832],[32.89181,-1.974481],[32.899169,-1.977424],[32.897109,-1.989493],[32.887395,-2.003034],[32.850305,-2.041596],[32.845006,-2.050721],[32.844712,-2.059552],[32.853248,-2.071915],[32.862079,-2.070443],[32.871499,-2.066322],[32.882685,-2.069855],[32.904468,-2.085456],[32.928606,-2.092226],[32.978647,-2.093698],[32.996015,-2.098997],[33.043113,-2.135204],[33.055771,-2.140502],[33.066662,-2.139325],[33.07461,-2.132849],[33.078731,-2.121663],[33.10228,-2.134321],[33.120531,-2.152277],[33.141725,-2.166701],[33.173517,-2.16935],[33.163508,-2.154043],[33.167629,-2.147567],[33.17646,-2.146978],[33.180876,-2.148744],[33.185585,-2.137559],[33.186763,-2.131966]],[[33.184114,0.149945],[33.194711,0.161425],[33.176755,0.161425],[33.165863,0.147001],[33.164097,0.125513],[33.173517,0.106085],[33.180876,0.117271],[33.184114,0.149945]],[[33.295972,0.030728],[33.30392,0.043974],[33.28302,0.043974],[33.284786,0.048684],[33.288024,0.059575],[33.290379,0.063696],[33.264181,0.057515],[33.250346,0.049567],[33.247696,0.035437],[33.256233,0.010417],[33.284492,0.021897],[33.295972,0.030728]],[[33.38693,0.251206],[33.400177,0.256799],[33.388402,0.272401],[33.381043,0.287413],[33.371035,0.297716],[33.351901,0.297716],[33.351901,0.290946],[33.359555,0.288885],[33.365736,0.285058],[33.370152,0.278582],[33.372212,0.270046],[33.366031,0.270046],[33.356905,0.274461],[33.349841,0.267102],[33.347191,0.254444],[33.351901,0.24267],[33.343365,0.245908],[33.341598,0.247085],[33.338066,0.250029],[33.329235,0.239137],[33.319815,0.240315],[33.314517,0.247968],[33.317755,0.256799],[33.317755,0.262981],[33.295972,0.263275],[33.293911,0.274167],[33.30392,0.288296],[33.317755,0.297716],[33.298327,0.305075],[33.278016,0.304486],[33.238571,0.297716],[33.233272,0.294184],[33.211195,0.266513],[33.205013,0.255916],[33.20884,0.249735],[33.221498,0.24267],[33.255055,0.207935],[33.259176,0.201753],[33.263298,0.198515],[33.26212,0.19145],[33.256233,0.184386],[33.245636,0.181148],[33.235627,0.181736],[33.207663,0.187918],[33.228268,0.153772],[33.235039,0.153772],[33.246813,0.164958],[33.264475,0.153183],[33.279193,0.129928],[33.28302,0.106085],[33.293911,0.109912],[33.301271,0.117565],[33.304509,0.127868],[33.30392,0.140231],[33.31069,0.140231],[33.310101,0.100198],[33.316283,0.084891],[33.332473,0.07812],[33.339244,0.079886],[33.342187,0.081653],[33.344836,0.085479],[33.324525,0.09696],[33.319227,0.119037],[33.325114,0.141703],[33.338066,0.153772],[33.325114,0.160248],[33.317755,0.171434],[33.316872,0.184091],[33.324525,0.195572],[33.318344,0.210878],[33.32482,0.219121],[33.3363,0.217355],[33.344836,0.201753],[33.352196,0.210878],[33.35926,0.217355],[33.366325,0.219121],[33.372212,0.215883],[33.378688,0.227657],[33.381632,0.240315],[33.38693,0.251206]],[[33.726038,-0.129701],[33.728687,-0.108801],[33.718973,-0.099381],[33.704844,-0.104091],[33.671286,-0.126757],[33.653919,-0.134116],[33.653919,-0.140298],[33.670698,-0.138237],[33.681589,-0.139709],[33.689242,-0.147068],[33.69513,-0.162081],[33.7019,-0.154427],[33.715441,-0.168263],[33.726038,-0.129701]],[[33.769604,0.07812],[33.781084,0.072822],[33.81994,0.064874],[33.83142,0.063696],[33.842901,0.067818],[33.85232,0.073116],[33.863506,0.073705],[33.879402,0.063696],[33.88264,0.078709],[33.866744,0.090484],[33.843784,0.095782],[33.82465,0.091661],[33.812287,0.11521],[33.786088,0.115799],[33.765483,0.100786],[33.769604,0.07812]]]}},{"type":"Feature","properties":{"featurecla":"Lake","scalerank":5,"name":"Danau Toba","name_abb":"Danau Toba","name_alt":"Lake Toba","note":null,"delta":null,"dam_name":null,"year":-99,"admin":null,"min_zoom":4.7,"min_label":6,"label":"Danau Toba","wikidataid":"Q183360","name_ar":"بحيرة توبا","name_bn":"টোবা হ্রদ","name_de":"Tobasee","name_en":"Toba","name_es":"Toba","name_fr":"Toba","name_el":"Λίμνη Τόμπα","name_hi":"तोबा झील","name_hu":"Toba-tó","name_id":"Toba","name_it":"Toba","name_ja":"トバ湖","name_ko":"토바호","name_nl":"Tobameer","name_pl":"Toba","name_pt":"Toba","name_ru":"Тоба","name_sv":"Tobasjön","name_tr":"Toba","name_vi":"Siêu núi lửa Toba","name_zh":"多巴湖","ne_id":1159114361,"name_fa":"دریاچه توبا","name_he":"אגם טובה","name_uk":"Тоба","name_ur":"ڈانو ٹوبا","name_zht":"多巴湖"},"bbox":[98.514111,2.336482,99.152586,2.88812],"geometry":{"type":"Polygon","coordinates":[[[99.12521,2.425969],[99.143755,2.420964],[99.152586,2.408012],[99.144638,2.387701],[99.14405,2.387112],[99.141989,2.38152],[99.137574,2.377398],[99.130509,2.37416],[99.117557,2.387701],[99.109315,2.375927],[99.094597,2.362386],[99.07664,2.350906],[99.058979,2.346196],[99.025715,2.35797],[99.020711,2.356793],[99.016296,2.353555],[98.994807,2.342664],[98.986565,2.340014],[98.975673,2.33972],[98.967431,2.341192],[98.932108,2.352083],[98.924748,2.353261],[98.915918,2.353555],[98.90532,2.352378],[98.885598,2.347373],[98.874412,2.346196],[98.871469,2.347373],[98.869702,2.349728],[98.866759,2.352378],[98.860577,2.353555],[98.853807,2.351494],[98.848508,2.342075],[98.842915,2.340014],[98.831435,2.338248],[98.82702,2.336482],[98.825548,2.33972],[98.822604,2.353555],[98.82437,2.360914],[98.828197,2.372394],[98.829963,2.382991],[98.826137,2.387701],[98.81083,2.39506],[98.801999,2.412722],[98.796111,2.433033],[98.788458,2.449223],[98.730174,2.510451],[98.725464,2.513983],[98.714867,2.528407],[98.709863,2.531645],[98.709274,2.535472],[98.697205,2.543714],[98.68337,2.550779],[98.67866,2.551662],[98.671595,2.56638],[98.670418,2.584925],[98.676011,2.600821],[98.689257,2.607297],[98.703092,2.597877],[98.726347,2.550485],[98.740771,2.531645],[98.804648,2.492495],[98.859105,2.440981],[98.87765,2.430973],[98.89855,2.428618],[98.912385,2.433916],[98.946237,2.451873],[98.963016,2.455994],[98.97744,2.463353],[98.978617,2.480132],[98.972435,2.498676],[98.965959,2.510451],[98.901788,2.584042],[98.867642,2.646153],[98.844976,2.677356],[98.795523,2.730341],[98.766381,2.748297],[98.732529,2.754773],[98.701032,2.743587],[98.67866,2.709736],[98.67395,2.638794],[98.676011,2.627314],[98.661587,2.63114],[98.643925,2.64056],[98.627735,2.65204],[98.617727,2.662049],[98.610368,2.696195],[98.598299,2.721804],[98.596827,2.727103],[98.591528,2.735934],[98.568568,2.745354],[98.563269,2.754479],[98.560914,2.76331],[98.555322,2.769491],[98.541486,2.778617],[98.524708,2.800694],[98.51676,2.824832],[98.514111,2.88812],[98.522647,2.88341],[98.529712,2.883999],[98.535893,2.886354],[98.541486,2.88812],[98.583875,2.886943],[98.598887,2.882233],[98.606835,2.881055],[98.651284,2.881055],[98.690435,2.87193],[98.726347,2.854268],[98.782865,2.812174],[98.819072,2.765665],[98.844976,2.753301],[98.89855,2.7168],[98.911208,2.700316],[98.919744,2.682065],[98.924748,2.662932],[98.92622,2.644975],[98.91945,2.63114],[98.917389,2.620838],[98.922688,2.610829],[98.953007,2.571973],[99.024538,2.507507],[99.036018,2.49014],[99.040728,2.466885],[99.041611,2.418904],[99.04897,2.396827],[99.065749,2.398593],[99.103722,2.422436],[99.12521,2.425969]]]}},{"type":"Feature","properties":{"featurecla":"Alkaline Lake","scalerank":4,"name":"Lake Van","name_abb":"L. Van","name_alt":null,"note":null,"delta":null,"dam_name":null,"year":-99,"admin":null,"min_zoom":4,"min_label":5,"label":"Lake Van","wikidataid":"Q126307","name_ar":"بحيرة وان","name_bn":"লেক ভ্যান","name_de":"Vansee","name_en":"Van","name_es":"Van","name_fr":"Van","name_el":"Βαν","name_hi":"वान झील","name_hu":"Van-tó","name_id":"Van","name_it":"Van","name_ja":"ヴァン湖","name_ko":"반호","name_nl":"Vanmeer","name_pl":"Wan","name_pt":"Van","name_ru":"Ван","name_sv":"Vansjön","name_tr":"Van","name_vi":"Van","name_zh":"凡湖","ne_id":1159126829,"name_fa":"دریاچه وان","name_he":"ימת ואן","name_uk":"Ван","name_ur":"جھیل وان","name_zht":"凡湖"},"bbox":[42.299688,38.314254,43.659061,39.001594],"geometry":{"type":"Polygon","coordinates":[[[43.131266,38.316903],[43.104185,38.314254],[43.019113,38.316609],[43.000863,38.326912],[42.994387,38.335448],[42.97908,38.336626],[42.960535,38.335448],[42.945522,38.336626],[42.93522,38.343985],[42.936986,38.351638],[42.945228,38.360764],[42.953176,38.371655],[42.953176,38.377542],[42.943168,38.385196],[42.936103,38.392849],[42.928449,38.396382],[42.918441,38.391966],[42.91432,38.398442],[42.911376,38.40168],[42.906961,38.403741],[42.897835,38.405801],[42.9049,38.432883],[42.911671,38.432883],[42.914614,38.428762],[42.920796,38.423463],[42.925211,38.418753],[42.924328,38.427879],[42.926977,38.430528],[42.932276,38.431117],[42.939046,38.432883],[42.928449,38.447601],[42.925211,38.453488],[42.910787,38.446718],[42.897835,38.447601],[42.884883,38.451134],[42.870165,38.453488],[42.877524,38.460848],[42.871048,38.467618],[42.872226,38.471739],[42.879291,38.473505],[42.891065,38.474094],[42.884589,38.476743],[42.878996,38.480864],[42.873992,38.486752],[42.870165,38.494405],[42.879879,38.500587],[42.876347,38.505885],[42.868399,38.504708],[42.856624,38.4738],[42.839257,38.469678],[42.818946,38.474094],[42.801873,38.481453],[42.798046,38.456432],[42.791276,38.446718],[42.773908,38.440242],[42.764488,38.444069],[42.691781,38.43877],[42.687071,38.442303],[42.663227,38.472328],[42.651747,38.478804],[42.598761,38.485574],[42.583749,38.493522],[42.575801,38.507946],[42.567265,38.502647],[42.550191,38.497643],[42.541655,38.494405],[42.536651,38.489695],[42.533118,38.484102],[42.528703,38.478215],[42.520755,38.474094],[42.501327,38.47115],[42.486314,38.475271],[42.474834,38.484102],[42.466003,38.494405],[42.468653,38.494994],[42.470124,38.501175],[42.46983,38.508829],[42.466003,38.515011],[42.457172,38.516777],[42.448636,38.514127],[42.438627,38.507946],[42.40978,38.496171],[42.39565,38.495877],[42.38417,38.507946],[42.369746,38.497643],[42.349729,38.490873],[42.327946,38.48734],[42.308224,38.487635],[42.299688,38.507651],[42.309696,38.517954],[42.349729,38.528551],[42.361798,38.537971],[42.37946,38.566524],[42.39094,38.577121],[42.409485,38.578888],[42.420082,38.581242],[42.425087,38.586835],[42.42126,38.591545],[42.413606,38.59861],[42.408014,38.607441],[42.410663,38.618038],[42.423909,38.622748],[42.493968,38.624808],[42.488669,38.630401],[42.482193,38.633934],[42.476012,38.636289],[42.472774,38.638349],[42.466003,38.658955],[42.457172,38.67014],[42.44422,38.692218],[42.435389,38.703698],[42.438333,38.720771],[42.467769,38.736667],[42.600822,38.778466],[42.620544,38.781704],[42.647626,38.782882],[42.709148,38.793185],[42.733286,38.803487],[42.747415,38.799661],[42.801873,38.792596],[42.809821,38.785531],[42.828366,38.784648],[42.89813,38.795834],[42.91638,38.796717],[42.928744,38.792596],[42.941696,38.785237],[42.956414,38.784354],[43.09241,38.804076],[43.123907,38.816439],[43.162174,38.841166],[43.175715,38.844404],[43.183663,38.850586],[43.195143,38.880611],[43.206918,38.891797],[43.193966,38.897684],[43.177776,38.900333],[43.145101,38.899156],[43.145396,38.900628],[43.144513,38.903571],[43.142158,38.905926],[43.137448,38.905926],[43.133327,38.902688],[43.131266,38.893563],[43.123907,38.889736],[43.110072,38.877962],[43.143924,38.880316],[43.147751,38.865304],[43.1295,38.851763],[43.09712,38.858239],[43.088289,38.866776],[43.079164,38.879728],[43.072099,38.892974],[43.069155,38.902688],[43.065917,38.925648],[43.072099,38.930947],[43.110661,38.933891],[43.120963,38.937423],[43.130677,38.942133],[43.145101,38.946843],[43.16188,38.94802],[43.203385,38.940072],[43.219575,38.942722],[43.231644,38.948903],[43.242241,38.955674],[43.25431,38.960383],[43.271089,38.962444],[43.287574,38.960972],[43.315538,38.954202],[43.313478,38.960972],[43.310828,38.974513],[43.308768,38.980989],[43.315538,38.980989],[43.319659,38.972747],[43.327313,38.968331],[43.337615,38.966565],[43.350567,38.967448],[43.351156,38.977751],[43.353511,38.984816],[43.359987,38.987759],[43.373528,38.987171],[43.37706,38.987759],[43.383831,38.991292],[43.388246,38.995707],[43.392956,38.999828],[43.401492,39.001594],[43.40473,39.000417],[43.407674,38.998356],[43.41209,38.996002],[43.477733,38.993058],[43.542199,38.980989],[43.578994,38.982461],[43.59018,38.980989],[43.596656,38.977457],[43.61314,38.965093],[43.62462,38.960383],[43.632274,38.963916],[43.641399,38.959795],[43.659061,38.946843],[43.65494,38.945665],[43.651408,38.945077],[43.64817,38.943899],[43.644637,38.940072],[43.659061,38.932713],[43.640516,38.930947],[43.59695,38.919761],[43.547497,38.917995],[43.534839,38.913285],[43.531307,38.908281],[43.521299,38.885321],[43.501282,38.871191],[43.484503,38.868247],[43.469785,38.868836],[43.457127,38.86707],[43.44653,38.858239],[43.428868,38.858828],[43.412678,38.850291],[43.399432,38.837045],[43.390012,38.822621],[43.384419,38.822621],[43.369701,38.840872],[43.339087,38.845876],[43.308768,38.835573],[43.295227,38.806725],[43.296699,38.787297],[43.291989,38.779055],[43.27786,38.775523],[43.261375,38.774051],[43.244596,38.76993],[43.229878,38.763454],[43.219575,38.754917],[43.216337,38.750502],[43.214277,38.745792],[43.213688,38.739905],[43.213099,38.731074],[43.211039,38.720771],[43.205446,38.715767],[43.19897,38.712235],[43.192788,38.70723],[43.176304,38.685742],[43.16865,38.671612],[43.165412,38.655717],[43.155993,38.637466],[43.133032,38.624808],[43.08299,38.611856],[43.08299,38.604203],[43.089761,38.604203],[43.100652,38.613328],[43.123907,38.61951],[43.175715,38.624808],[43.190728,38.620687],[43.200147,38.611268],[43.216632,38.586835],[43.226935,38.580654],[43.242536,38.575061],[43.258726,38.57094],[43.271089,38.569468],[43.316127,38.542386],[43.325252,38.486457],[43.306413,38.439653],[43.267262,38.440242],[43.22664,38.418165],[43.219575,38.415515],[43.213099,38.408156],[43.184252,38.389023],[43.175715,38.385196],[43.162469,38.382841],[43.153344,38.376071],[43.147456,38.365474],[43.145101,38.35105],[43.148045,38.335154],[43.153049,38.326617],[43.150694,38.322202],[43.131266,38.316903]]]}}]}
