{"type":"FeatureCollection","source":{"title":"Natural Earth 1:10m rivers and lake centerlines","url":"https://github.com/nvkelso/natural-earth-vector/blob/master/geojson/ne_10m_rivers_lake_centerlines.geojson","upstreamGitBlob":"61a0d7137a6ff1113cc259525e7479c63d5fec86","upstreamSha256":"bb854a900ecbd3b408df46d5e16e3e0f974ba55993f9d8b5c26e855273c0905a","license":"Public domain","terms":"https://www.naturalearthdata.com/about/terms-of-use/","selection":{"purpose":"Major-river gameplay layer for the Old World continental map; a curated selection rather than a complete drainage network.","geographicBoundsWsen":[-19.68680925928618,-44.59100201948848,160.31319074071382,64.47247016958447],"registration":"WGS84 longitude/latitude registered to the original 8192x6144 Web Mercator heightmap, output zoom 6, centered at latitude 17.307970865257346 and longitude 70.31319074071382.","method":"Select exact Natural Earth name values listed in riverSystems plus the explicitly identified additionalSourceFeatures, retaining features with a line segment intersecting the map footprint. Preserve upstream feature order and all original coordinates and bounding boxes. The unnamed 598River receives a documented display label; append the documented reused authored Congo outlet extension. Do not otherwise clip, simplify, connect, or extend geometry.","rationale":"Keep major channels across Africa, Europe, Asia and Australia. Include differently named main-stem sections, lake/reservoir centerlines and named distributaries for continuity. Retain the Benue, Irtysh and Angara as major basin tributaries; exclude the dense minor-tributary network and canals.","riverSystems":{"Nile":["Nile","Rosetta Branch","Damietta Branch","El Bahr el Abyad","Bahr el Jebel","Albert Nile","Victoria Nile","El Bahr el Azraq","Abay"],"Congo":["Congo","Lualaba"],"Niger":["Niger","Benue","Bénoué"],"Zambezi":["Zambezi"],"Orange":["Orange"],"Danube":["Danube","Donau","Borcea","Bratul Chillia","Bratul Sfintu Gheorghe","Bratul Sulina"],"Rhine":["Rhein","Rhin","Rhine","Nederrijn","Lek","Waal","IJssel"],"Volga":["Volga"],"Don":["Don"],"Dnieper":["Dnipro","Dnepre"],"Tigris and Euphrates":["Tigris","Dicle","Euphrates","Firat","Al Furat","Shatt al Arab"],"Indus":["Indus","Shiquan"],"Ganges and Brahmaputra":["Ganges","Brahmaputra","Dihang","Yarlung","Ganges-Brahmaputra Delta"],"Yangtze":["Yangtze","Chang Jiang","Jinsha","Tongtian","Tuotuo"],"Yellow River":["Huang"],"Mekong":["Mekong","Lancang"],"Irrawaddy":["Ayeyarwady","Irrawaddy Delta"],"Salween":["Salween","Nu"],"Amur":["Amur","Heilong Jiang"],"Ob and Irtysh":["Ob","Malaya Ob","Biya","Katun","Irtysh","Ertis","Ertix"],"Yenisey":["Yenisey","Verkhniy Yenisey","Angara"],"Lena":["Lena"],"Murray and Darling":["Murray","Darling","Barwon"]},"featureCount":109,"knownLimitations":["The northern crop excludes the Arctic mouths of the Ob, Yenisey and Lena; original linework crossing the crop is retained for the rasterizer to bound.","Natural Earth river linework can end at lake, estuary or coastline boundaries and contain small inter-feature gaps. No other approximate courses are authored to match this heightmap coastline.","Read-only four-neighbor QA of the initial bake found each selected river system internally connected at sizes 250, 500 and 1000; the Yangtze already reached mapped estuary water at all sizes.","Remaining mapped outlet gaps: Amur and Murray-Darling at sizes 500 and 1000; Dnieper at all sizes; Don at sizes 250 and 500. The Don reaches the enclosed Sea of Azov at size 1000, and the Nile reaches the enclosed Mediterranean at size 250; an unset ocean bit alone does not imply a river outlet gap.","The Congo outlet correction is explicitly approximate, reused from the existing Africa map rather than represented as unmodified Natural Earth data."],"additionalSourceFeatures":[{"dissolve":"598River","rivernum":598,"originalName":null,"displayName":"Ganges-Brahmaputra Delta","reason":"Original source delta branch closes the baked Ganges-Brahmaputra outlet gap at size 1000 without inventing geometry."}],"authoredFeatures":[{"name":"Congo","reusedFrom":"HeightMaps/Africa/rivers.geojson","reason":"Reuse the existing approximate Congo outlet extension to connect its inland Natural Earth endpoint to the Atlantic at sizes 500 and 1000. Preserve the existing authored geometry unchanged.","geometrySha256":"3aed727c735cde159604e9d5d93df932d8e60b81407417ead849ec50c648a22a"}]},"geographicBoundsWsen":[-20.03907476166944,-45.82881046594588,159.96092523833056,63.704715300055426],"registrationUpdate":"Reproject existing reviewed river geometries against replacement heightmap footprint."},"features":[{"type":"Feature","properties":{"dissolve":"0River","scalerank":1.0,"featurecla":"River","name":"Irrawaddy Delta","name_alt":null,"rivernum":0,"note":null,"min_zoom":2.0,"name_en":"Irrawaddy Delta","min_label":3.0},"bbox":[94.677013,16.024848,96.171153,17.929145],"geometry":{"type":"MultiLineString","coordinates":[[[95.451101,17.820502],[95.427664,17.844672],[95.387787,17.824408],[95.324474,17.761827],[95.305268,17.749945],[95.272472,17.755316],[95.255463,17.748155],[95.197276,17.67654],[95.209483,17.663764],[95.214447,17.645046],[95.210948,17.631659],[95.197276,17.634874],[95.171641,17.619208],[95.160737,17.609442],[95.156261,17.597032],[95.159434,17.583604],[95.165945,17.568142],[95.169932,17.553412],[95.166515,17.542426],[95.12379,17.509955],[95.10906,17.488389],[95.115245,17.46365],[95.098237,17.467963],[95.08546,17.459825],[95.075613,17.445095],[95.067475,17.429511],[95.092052,17.429755],[95.089447,17.407335],[95.075125,17.380439],[95.064057,17.367458],[95.023204,17.340847],[95.000011,17.333604],[94.999115,17.353787],[94.981049,17.358507],[94.960948,17.353868],[94.944591,17.343126],[94.937755,17.329535],[94.937755,17.29914],[94.93629,17.293484],[94.930756,17.285346],[94.930186,17.278632],[94.95517,17.239122],[94.957042,17.228624],[94.937022,17.219184],[94.930593,17.208075],[94.925873,17.195339],[94.920339,17.185858],[94.91505,17.179633],[94.908214,17.167507],[94.903575,17.161933],[94.897472,17.157904],[94.875662,17.148301],[94.875662,17.135443],[94.868907,17.114691],[94.859386,17.095323],[94.851736,17.086859],[94.842459,17.085028],[94.832286,17.08039],[94.823822,17.074815],[94.820323,17.06977],[94.823334,17.059027],[94.830089,17.04739],[94.837169,17.03913],[94.841563,17.038438],[94.826427,17.026068],[94.805919,17.028144],[94.787852,17.027859],[94.78004,17.008002],[94.776459,17.002997],[94.74879,16.98074],[94.741222,16.970649],[94.741303,16.962429],[94.744151,16.953681],[94.745372,16.942247],[94.736501,16.841864],[94.724864,16.785224],[94.726736,16.76435],[94.74171,16.740302],[94.745372,16.720323],[94.742198,16.714464],[94.735037,16.70954],[94.728038,16.703152],[94.724864,16.692694],[94.726492,16.680732],[94.732432,16.658637],[94.732351,16.648017],[94.725108,16.634792],[94.702403,16.607611],[94.69752,16.590277],[94.6963,16.571397],[94.6928,16.557196],[94.68629,16.544949],[94.677013,16.532009]],[[95.450287,17.791327],[95.466401,17.801296],[95.486339,17.826972],[95.492605,17.843817],[95.486827,17.877712],[95.486095,17.893826],[95.492605,17.909247],[95.510753,17.91059],[95.537201,17.925401],[95.557546,17.929145],[95.573985,17.921169],[95.581065,17.905544],[95.587413,17.895087],[95.602468,17.902452],[95.60963,17.885321],[95.608897,17.865994],[95.602468,17.823594],[95.60434,17.814724],[95.61435,17.789822],[95.625255,17.773546],[95.630626,17.755561],[95.635916,17.744737],[95.64446,17.734483],[95.651378,17.730536],[95.659109,17.728339],[95.682628,17.718573],[95.68629,17.718614],[95.685557,17.717068],[95.6845,17.706895],[95.681163,17.697537],[95.666596,17.695421],[95.663259,17.686469],[95.66627,17.681586],[95.6845,17.662218],[95.712576,17.615505],[95.72169,17.607611],[95.727143,17.598578],[95.721121,17.552069],[95.724864,17.531928],[95.737722,17.523383],[95.7588,17.513536],[95.778331,17.500067],[95.786876,17.480414],[95.783295,17.469062],[95.777843,17.459296],[95.777761,17.452501],[95.790538,17.449978],[95.798269,17.446357],[95.802257,17.437567],[95.807384,17.415839],[95.810964,17.410509],[95.821544,17.400336],[95.808686,17.393337],[95.811615,17.38581],[95.831554,17.36404],[95.839854,17.351589],[95.842296,17.341091],[95.842214,17.325792],[95.847748,17.300849],[95.855235,17.279853],[95.866466,17.261298],[95.883067,17.243923],[95.892589,17.238349],[95.901296,17.234646],[95.907725,17.227973],[95.910492,17.213813],[95.914236,17.20071],[95.924083,17.19123],[95.945242,17.176215],[95.95753,17.157538],[95.956391,17.143622],[95.947765,17.12877],[95.938243,17.107286],[95.94337,17.09866],[95.943451,17.073839],[95.945242,17.059597],[95.949474,17.04682],[95.955089,17.038153],[95.962413,17.03144],[95.972341,17.024766],[96.024913,17.000067],[96.050304,16.980658],[96.06129,16.95307],[96.084076,16.915839],[96.087006,16.900417],[96.100352,16.861884],[96.113699,16.837836],[96.118744,16.821153],[96.121674,16.803575],[96.122569,16.788275],[96.128998,16.776679],[96.144054,16.771552],[96.157807,16.769639],[96.171153,16.771552]],[[95.465261,17.706895],[95.449474,17.710273],[95.431895,17.706],[95.418712,17.707302],[95.418224,17.707872],[95.385916,17.721625],[95.375255,17.696967],[95.37379,17.659491],[95.369151,17.634874],[95.35255,17.628689],[95.328624,17.643988],[95.313975,17.634874],[95.308035,17.618435],[95.315847,17.606553],[95.327891,17.595242],[95.334972,17.580268],[95.325125,17.553005],[95.27532,17.515937],[95.266124,17.498358],[95.276947,17.484442],[95.341807,17.457384],[95.327566,17.439399],[95.325206,17.430243],[95.319835,17.430243],[95.31308,17.432318],[95.30714,17.429511],[95.302419,17.415798],[95.305268,17.405056],[95.310964,17.395331],[95.318614,17.372626],[95.327403,17.362657],[95.332937,17.352607],[95.327566,17.340115],[95.317149,17.334581],[95.302257,17.332709],[95.26946,17.333279],[95.260834,17.33865],[95.261648,17.350369],[95.267996,17.362087],[95.281342,17.370632],[95.279714,17.377753],[95.275401,17.385037],[95.27296,17.388495],[95.265391,17.393907],[95.263601,17.392768],[95.263113,17.387641],[95.259288,17.381049],[95.249522,17.370225],[95.243175,17.358751],[95.239757,17.345526],[95.23878,17.329535],[95.24407,17.320624],[95.27003,17.308783],[95.279796,17.29914],[95.263682,17.30211],[95.245535,17.309394],[95.228119,17.314032],[95.214692,17.309394],[95.213471,17.296088],[95.225841,17.281317],[95.241791,17.266059],[95.25172,17.251329],[95.251231,17.23668],[95.247081,17.220893],[95.246186,17.208116],[95.255463,17.202948],[95.265554,17.195583],[95.260183,17.179307],[95.245616,17.163113],[95.21575,17.151435],[95.204519,17.140815],[95.195893,17.127224],[95.19101,17.114203],[95.190847,17.093695],[95.198253,17.077663],[95.207123,17.063585],[95.211436,17.049018],[95.205658,17.016669],[95.191417,16.981269],[95.17335,16.949734],[95.156261,16.929226],[95.167084,16.919298],[95.175792,16.906033],[95.18157,16.891466],[95.183604,16.877997],[95.188975,16.87462],[95.200694,16.871283],[95.212332,16.864447],[95.2199,16.844021],[95.229747,16.833441],[95.231944,16.826199],[95.229991,16.824978],[95.22047,16.81684],[95.217703,16.813096],[95.197276,16.75788],[95.192312,16.7331],[95.19101,16.706366],[95.187755,16.702257],[95.179861,16.703884],[95.166515,16.709499],[95.157481,16.706651],[95.157237,16.700019],[95.163097,16.685858],[95.158946,16.6612],[95.148692,16.646186],[95.135346,16.634833],[95.122081,16.620714],[95.132335,16.595649],[95.129893,16.578477],[95.115733,16.56863],[95.091319,16.565497],[95.050792,16.565497],[95.037608,16.561347],[95.035248,16.55211],[95.038097,16.542792],[95.04005,16.538153],[95.026947,16.524278],[95.008718,16.51081],[94.992605,16.494818],[94.985606,16.47366],[94.981863,16.452826],[94.964122,16.409369],[94.951671,16.346055],[94.945242,16.329698],[94.934093,16.315619],[94.875662,16.271308],[94.866222,16.257839],[94.857432,16.241807],[94.84669,16.228461],[94.819753,16.217393],[94.807628,16.203884],[94.797862,16.186347],[94.793712,16.168891],[94.793712,16.162055]],[[95.606619,16.857856],[95.618907,16.839911],[95.634532,16.831326],[95.652192,16.824652],[95.66684,16.81623],[95.669363,16.801215],[95.656342,16.757148],[95.663259,16.737372],[95.683035,16.725287],[95.704194,16.721706],[95.742442,16.723741],[95.758311,16.717719],[95.768077,16.702501],[95.78004,16.662299],[95.782156,16.651475],[95.782725,16.643663],[95.785574,16.63821],[95.794363,16.634385],[95.808604,16.635199],[95.818614,16.642442],[95.827566,16.650906],[95.83839,16.654853],[95.852061,16.662421],[95.859386,16.66238],[95.866303,16.640448],[95.884044,16.625352],[95.889903,16.613878],[95.888601,16.610216],[95.883067,16.579779],[95.883067,16.53502],[95.87558,16.524848],[95.842459,16.506537],[95.834727,16.497178],[95.839285,16.480333],[95.851085,16.470567],[95.863292,16.464708],[95.868744,16.459662],[95.868663,16.447943],[95.870535,16.433173],[95.877533,16.4206],[95.893321,16.41531],[95.906342,16.413398],[95.951427,16.401638],[95.983328,16.402208],[95.997081,16.397162],[96.006602,16.387315]],[[95.479015,16.805691],[95.479503,16.782091],[95.482921,16.765326],[95.480724,16.749864],[95.465343,16.730577],[95.455089,16.725898],[95.446056,16.725775],[95.439871,16.722032],[95.437429,16.706366],[95.438569,16.698269],[95.440847,16.694892],[95.441173,16.691352],[95.437429,16.682807],[95.432872,16.681342],[95.425955,16.682888],[95.419688,16.683417],[95.417003,16.679063],[95.41269,16.589138],[95.404389,16.544501],[95.389659,16.504014],[95.384532,16.508979],[95.369151,16.518337],[95.372813,16.501776],[95.375987,16.49376],[95.379324,16.490343],[95.383393,16.485216],[95.381765,16.47366],[95.375987,16.452826],[95.348643,16.401638],[95.343272,16.399197],[95.325206,16.3935],[95.3213,16.391059],[95.310557,16.35696],[95.299083,16.341254],[95.289154,16.322333],[95.282237,16.303575],[95.272878,16.230333],[95.274506,16.184394],[95.271576,16.169013],[95.261729,16.155951],[95.234386,16.121649],[95.204682,16.088935],[95.185557,16.04796],[95.184825,16.044745],[95.169932,16.03852],[95.159109,16.036322],[95.149913,16.037706],[95.142345,16.037543],[95.132498,16.024848]]]}},{"type":"Feature","properties":{"dissolve":"105Lake Centerline","scalerank":4.0,"featurecla":"Lake Centerline","name":"Rhein","name_alt":null,"rivernum":105,"note":null,"min_zoom":4.0,"name_en":"Rhein","min_label":5.0},"bbox":[8.881114,47.511176,9.554373,47.695502],"geometry":{"type":"MultiLineString","coordinates":[[[9.182872,47.670681],[9.233816,47.65644],[9.272634,47.650336],[9.549327,47.533759],[9.552257,47.529324],[9.553152,47.521064],[9.552664,47.51496],[9.554373,47.511176]],[[9.127615,47.670681],[9.079031,47.688666],[9.052175,47.695502],[9.028087,47.694892],[8.987071,47.677517],[8.965017,47.671332],[8.947439,47.665107],[8.928884,47.659613],[8.907725,47.655137],[8.893077,47.656277],[8.881114,47.656358]]]}},{"type":"Feature","properties":{"dissolve":"105River","scalerank":4.0,"featurecla":"River","name":"Rhein","name_alt":null,"rivernum":105,"note":null,"min_zoom":4.0,"name_en":"Rhein","min_label":5.0},"bbox":[8.710216,46.622667,9.649832,47.670681],"geometry":{"type":"MultiLineString","coordinates":[[[9.127615,47.670681],[9.182872,47.670681]],[[9.408702,46.834581],[9.496267,46.863105],[9.532237,46.887478],[9.552745,46.930772],[9.545909,46.961371],[9.545909,46.964301],[9.540457,46.974677],[9.495616,47.026475],[9.48463,47.043158],[9.47698,47.059882],[9.475352,47.073513],[9.48699,47.084255],[9.502371,47.094997],[9.511892,47.108344],[9.511241,47.129665],[9.50294,47.145616],[9.492198,47.160102],[9.484386,47.176581],[9.486827,47.210273],[9.503917,47.243964],[9.552745,47.300116],[9.586843,47.32807],[9.59075,47.334906],[9.595876,47.352566],[9.600515,47.361518],[9.639171,47.394802],[9.648936,47.40998],[9.649832,47.452257],[9.621104,47.469509],[9.583995,47.481024],[9.554373,47.511176]],[[8.710216,46.622667],[8.714122,46.650662],[8.729421,46.669298],[8.747813,46.675727],[8.750906,46.676337],[8.829112,46.68769],[8.868175,46.714911],[8.892345,46.726508],[8.917735,46.73432],[8.964854,46.739569],[9.045584,46.757758],[9.135671,46.785671],[9.147146,46.786689],[9.182872,46.785671],[9.197032,46.788398],[9.226085,46.797431],[9.264578,46.802436],[9.304617,46.816107],[9.346609,46.821601],[9.389578,46.832139],[9.415538,46.834581]]]}},{"type":"Feature","properties":{"dissolve":"113River","scalerank":4.0,"featurecla":"River","name":"Yenisey","name_alt":null,"rivernum":113,"note":null,"min_zoom":4.0,"name_en":"Yenisey","min_label":5.0},"bbox":[83.176768,58.100124,92.998057,70.083075],"geometry":{"type":"MultiLineString","coordinates":[[[83.176768,70.083075],[83.33839,70.054226],[83.420909,70.0185],[83.488373,69.950629],[83.53297,69.890815],[83.560069,69.867377],[83.594249,69.849148],[83.851085,69.786933],[84.005626,69.727729],[84.174734,69.69599],[84.216075,69.68244],[84.337576,69.621649],[84.379649,69.610867],[84.425873,69.610663],[84.514415,69.630479],[84.809581,69.755398],[85.151866,69.799018],[85.194591,69.798529],[85.499441,69.721259],[86.068614,69.489773],[86.107188,69.463324],[86.121023,69.402859],[86.046804,69.357856],[85.947195,69.319932],[85.884532,69.281033],[85.879487,69.268093],[85.87794,69.254706],[85.879242,69.241034],[85.881847,69.227566],[85.91505,69.200792],[85.956554,69.189968],[86.043549,69.180447],[86.073741,69.164618],[86.093761,69.137397],[86.102957,69.104112],[86.100678,69.070136],[86.084483,69.033637],[86.059255,69.007758],[85.955089,68.949083],[85.919688,68.920966],[85.906179,68.887397],[85.934581,68.850653],[85.951915,68.842963],[86.007904,68.833686],[86.024669,68.825141],[86.037608,68.813747],[86.061941,68.786811],[86.090343,68.766059],[86.2046,68.724555],[86.247813,68.700385],[86.288666,68.667751],[86.305756,68.649359],[86.357188,68.565253],[86.367931,68.529161],[86.362641,68.495185],[86.334972,68.459581],[86.3296,68.442328],[86.340343,68.419623],[86.365652,68.388536],[86.393972,68.360663],[86.432628,68.341661],[86.522065,68.321967],[86.563975,68.30744],[86.565847,68.294867],[86.5796,68.27497],[86.584727,68.263373],[86.584239,68.247382],[86.57724,68.231879],[86.566742,68.218044],[86.555431,68.206732],[86.525971,68.187812],[86.420828,68.148505],[86.388194,68.064643],[86.391694,68.026231],[86.426768,67.99433],[86.502208,67.949897],[86.537852,67.922675],[86.568777,67.892442],[86.58074,67.86876],[86.572276,67.854031],[86.550548,67.846381],[86.499929,67.843085],[86.47877,67.839423],[86.436127,67.824286],[86.37794,67.792751],[86.35255,67.772773],[86.268484,67.684638],[86.253917,67.661404],[86.255463,67.615749],[86.334402,67.557969],[86.353038,67.51789],[86.35198,67.493191],[86.35491,67.474392],[86.365001,67.459255],[86.38616,67.44538],[86.446056,67.434516],[86.574311,67.441596],[86.62851,67.410956],[86.644135,67.366523],[86.630056,67.319403],[86.60491,67.272406],[86.587494,67.228542],[86.587332,67.203233],[86.596283,67.185858],[86.612071,67.17414],[86.675792,67.152208],[86.694835,67.142157],[86.708995,67.127061],[86.711925,67.094753],[86.674246,67.026475],[86.666921,66.991156],[86.67628,66.959093],[86.747651,66.820583],[86.751475,66.796251],[86.742442,66.776435],[86.72462,66.761542],[86.702159,66.751736],[86.676768,66.748725],[86.62672,66.753445],[86.601573,66.749213],[86.49171,66.706814],[86.372081,66.679714],[86.318858,66.658962],[86.294363,66.644599],[86.273204,66.625678],[86.265066,66.610704],[86.266694,66.597683],[86.275401,66.585395],[86.288259,66.572577],[86.345307,66.545193],[86.410492,66.549994],[86.535655,66.592231],[86.666108,66.618964],[86.835216,66.625271],[86.873546,66.619696],[86.910655,66.609565],[87.099864,66.529324],[87.174734,66.478298],[87.213145,66.458075],[87.485281,66.380927],[87.509288,66.368109],[87.525076,66.34809],[87.528901,66.327989],[87.523692,66.31155],[87.511241,66.298651],[87.493175,66.289415],[87.292898,66.242743],[87.261729,66.226142],[87.256602,66.203437],[87.271495,66.179755],[87.300141,66.160509],[87.330007,66.149685],[87.864024,66.10102],[87.905691,66.090277],[87.933035,66.071316],[87.947846,66.04206],[87.949962,66.008246],[87.938731,65.975898],[87.911143,65.953681],[87.872081,65.944932],[87.7942,65.937445],[87.766775,65.922187],[87.757823,65.899115],[87.761241,65.871853],[87.783376,65.818874],[87.791515,65.808417],[87.802989,65.799831],[87.821056,65.792344],[87.858979,65.785468],[87.937755,65.783067],[87.967214,65.778917],[87.990489,65.763699],[88.037039,65.687771],[88.042003,65.671007],[88.040619,65.652899],[88.026866,65.618476],[88.025076,65.605536],[88.026866,65.561225],[88.023936,65.546576],[88.018891,65.536078],[87.996023,65.510525],[87.984793,65.49372],[87.975515,65.473456],[87.968842,65.451972],[87.966075,65.431912],[87.966807,65.419135],[87.97169,65.393907],[87.972667,65.381212],[87.970714,65.367947],[87.966563,65.355048],[87.9546,65.330756],[87.894786,65.247992],[87.879242,65.220567],[87.875418,65.192247],[87.884695,65.164496],[87.896576,65.141059],[87.902761,65.116889],[87.894542,65.087022],[87.808442,64.953966],[87.805186,64.936957],[87.816742,64.89057],[87.817312,64.878445],[87.81544,64.864773],[87.794851,64.816677],[87.759044,64.774115],[87.595632,64.656073],[87.576182,64.633612],[87.562104,64.605333],[87.527843,64.47724],[87.531749,64.443183],[87.548106,64.41413],[87.577159,64.394802],[87.587413,64.377631],[87.593191,64.358262],[87.594005,64.338162],[87.589285,64.318793],[87.580007,64.302517],[87.557546,64.271918],[87.55071,64.254462],[87.549815,64.233262],[87.555268,64.193183],[87.540538,64.092108],[87.535248,64.07685],[87.535492,64.07038],[87.539968,64.062323],[87.564138,64.04206],[87.592784,64.02619],[87.617768,64.007107],[87.631277,63.977403],[87.624278,63.942979],[87.599701,63.913194],[87.538259,63.867703],[87.437999,63.812445],[87.34433,63.731269],[87.331716,63.712958],[87.328054,63.692572],[87.336843,63.669704],[87.375255,63.625556],[87.38974,63.60163],[87.392589,63.572089],[87.368337,63.520941],[87.283376,63.442694],[87.260183,63.39411],[87.282725,63.345282],[87.348237,63.327257],[87.484793,63.321845],[87.919037,63.160915],[88.055675,63.088324],[88.079275,63.071397],[88.101492,63.049343],[88.153575,62.973741],[88.178396,62.95128],[88.207286,62.934516],[88.339854,62.887519],[88.440684,62.858222],[88.465587,62.842719],[88.482432,62.820014],[88.489757,62.788031],[88.495128,62.731472],[88.5053,62.707546],[88.52532,62.684149],[88.805675,62.485867],[88.833263,62.474962],[88.961436,62.448106],[89.012218,62.428534],[89.017589,62.41824],[89.023692,62.410468],[89.026785,62.402045],[89.016368,62.369818],[89.016124,62.357001],[89.011729,62.34748],[89.006114,62.33869],[89.002208,62.328233],[89.001069,62.312201],[89.003917,62.303656],[89.007742,62.296332],[89.009532,62.283515],[89.01767,62.266547],[89.037201,62.248725],[89.096446,62.208319],[89.111746,62.189317],[89.122162,62.167914],[89.126231,62.146674],[89.1338,62.130723],[89.266612,61.96955],[89.270274,61.961697],[89.277192,61.916693],[89.295909,61.899237],[89.469819,61.826728],[89.50294,61.821112],[89.548839,61.819648],[89.569753,61.815375],[89.606619,61.795356],[89.649913,61.790107],[89.664236,61.783555],[89.69044,61.766547],[89.757823,61.743191],[89.78419,61.725531],[89.796153,61.699001],[89.787201,61.677069],[89.771414,61.656073],[89.763113,61.632392],[89.770112,61.596015],[89.79005,61.576036],[89.820567,61.569851],[89.859304,61.574734],[89.967459,61.610663],[90.00351,61.615668],[90.044526,61.61282],[90.176362,61.576443],[90.189708,61.569037],[90.19866,61.558539],[90.201915,61.543402],[90.196218,61.532823],[90.182872,61.520453],[90.167898,61.510118],[90.144542,61.501247],[90.113292,61.479519],[90.098888,61.472276],[89.921397,61.451199],[89.855886,61.427314],[89.824311,61.411241],[89.743093,61.399685],[89.708507,61.382921],[89.691987,61.363308],[89.679128,61.338406],[89.670665,61.311713],[89.667491,61.286689],[89.658132,61.26435],[89.61907,61.2213],[89.612804,61.197333],[89.617442,61.1883],[89.643565,61.152655],[89.644786,61.144395],[89.639903,61.116563],[89.643565,61.104844],[89.658621,61.08515],[89.76767,60.889228],[89.797293,60.847927],[89.823334,60.826606],[89.882904,60.805365],[89.910737,60.789578],[89.996349,60.718126],[90.009532,60.690497],[90.003184,60.667548],[89.990001,60.644965],[89.982839,60.618232],[89.990001,60.593614],[90.025401,60.559841],[90.038097,60.539374],[90.039236,60.526435],[90.033132,60.500434],[90.031261,60.485134],[90.034434,60.473334],[90.04241,60.463568],[90.074962,60.436632],[90.120046,60.416531],[90.174571,60.388536],[90.181651,60.36933],[90.168224,60.361599],[90.082937,60.360867],[90.064708,60.356147],[90.047944,60.344509],[90.056733,60.32746],[90.101085,60.31391],[90.181407,60.299831],[90.216075,60.287706],[90.232595,60.279242],[90.246593,60.26911],[90.263194,60.261298],[90.305675,60.255561],[90.392833,60.208808],[90.641043,60.007676],[90.686941,59.916571],[90.722667,59.87462],[90.774669,59.850165],[90.800385,59.833319],[90.811453,59.809434],[90.805186,59.797431],[90.79184,59.791815],[90.779796,59.783881],[90.777273,59.764757],[90.78297,59.753282],[90.793875,59.74433],[90.86671,59.709052],[90.874034,59.700263],[90.876069,59.697089],[90.880626,59.692816],[90.885183,59.687283],[90.887136,59.679755],[90.885183,59.674018],[90.876069,59.66474],[90.870616,59.647895],[90.855886,59.622748],[90.853038,59.607733],[90.855886,59.59394],[90.862234,59.583564],[90.88087,59.566759],[91.030772,59.472968],[91.148936,59.380194],[91.315359,59.292304],[91.33253,59.277655],[91.343028,59.257636],[91.346446,59.22724],[91.355479,59.191921],[91.378998,59.178046],[91.412039,59.17239],[91.448741,59.161444],[91.526134,59.108832],[91.55185,59.101264],[91.597748,59.0987],[91.620128,59.094306],[91.641205,59.086982],[91.657319,59.077582],[91.665131,59.068549],[91.675955,59.046007],[91.726085,58.990058],[91.740001,58.970282],[91.737885,58.9442],[91.719656,58.920762],[91.71046,58.901638],[91.736257,58.888373],[91.757498,58.888373],[91.825857,58.902045],[91.908376,58.902045],[91.9428,58.897162],[91.973888,58.885037],[92.031749,58.853583],[92.05128,58.839138],[92.078543,58.813829],[92.096121,58.789862],[92.086925,58.77912],[92.069021,58.776313],[92.01116,58.757392],[91.977957,58.753445],[91.96339,58.748806],[91.949718,58.737576],[92.058686,58.715603],[92.080089,58.696601],[92.079682,58.676622],[92.057872,58.637315],[92.052257,58.617458],[92.054861,58.607856],[92.073253,58.573065],[92.077647,58.547309],[92.086843,58.515815],[92.094493,58.50788],[92.124115,58.502021],[92.133881,58.494696],[92.140066,58.484687],[92.142182,58.473741],[92.218761,58.475694],[92.27239,58.470323],[92.298595,58.44953],[92.293875,58.435981],[92.282156,58.428534],[92.272716,58.419623],[92.274994,58.401719],[92.284923,58.391954],[92.300385,58.386583],[92.317556,58.382758],[92.350841,58.370429],[92.390391,58.361151],[92.408376,58.353949],[92.424408,58.344835],[92.429698,58.339708],[92.427826,58.302558],[92.425873,58.291815],[92.427989,58.281806],[92.439138,58.26793],[92.449718,58.261542],[92.485606,58.247423],[92.497813,58.244696],[92.518647,58.235785],[92.555675,58.191962],[92.572846,58.175849],[92.606944,58.161322],[92.737641,58.130154],[92.758718,58.128933],[92.778738,58.133083],[92.810313,58.152452],[92.830333,58.156358],[92.851003,58.156114],[92.900645,58.140245],[92.936046,58.133246],[92.969737,58.122504],[92.998057,58.100124]]]}},{"type":"Feature","properties":{"dissolve":"1147River","scalerank":4.0,"featurecla":"River","name":"IJssel","name_alt":null,"rivernum":1147,"note":"Version 1.3","min_zoom":4.0,"name_en":"IJssel","min_label":5.0},"bbox":[5.857677,51.958686,6.207774,52.581163],"geometry":{"type":"MultiLineString","coordinates":[[[5.857677,52.576768],[5.877126,52.581163],[5.910167,52.569485],[5.947113,52.538357],[5.974294,52.52086],[6.0171,52.52086],[6.030691,52.511013],[6.042817,52.507839],[6.049653,52.505316],[6.056407,52.498684],[6.063894,52.489407],[6.081554,52.477729],[6.089041,52.473782],[6.095388,52.467922],[6.104177,52.452053],[6.11199,52.439805],[6.132742,52.421291],[6.134776,52.404446],[6.124115,52.394395],[6.120046,52.380357],[6.104666,52.376899],[6.086762,52.373521],[6.081554,52.370592],[6.087332,52.359442],[6.078054,52.350979],[6.069265,52.329006],[6.068044,52.321763],[6.070649,52.318345],[6.080984,52.309312],[6.086111,52.305528],[6.106537,52.299709],[6.112478,52.287421],[6.124522,52.270901],[6.124034,52.262559],[6.124034,52.256252],[6.12794,52.254503],[6.139171,52.251288],[6.144054,52.248806],[6.145925,52.243923],[6.141938,52.235093],[6.146088,52.230292],[6.159923,52.225328],[6.167003,52.232042],[6.176524,52.236925],[6.18922,52.237413],[6.186371,52.2213],[6.186371,52.205715],[6.192231,52.1824],[6.194184,52.159044],[6.192231,52.129869],[6.205821,52.110419],[6.207774,52.094835],[6.194184,52.08511],[6.170828,52.079291],[6.122162,52.061794],[6.116384,52.048163],[6.122162,52.036485],[6.139659,52.042344],[6.155284,52.038438],[6.159109,52.028713],[6.147472,52.015123],[6.122162,52.005398],[6.0949,51.997585],[6.075531,52.005398],[6.054128,52.00731],[6.028819,51.999538],[6.001557,51.989814],[5.993826,51.97427],[5.964692,51.972317],[5.954926,51.964504],[5.939382,51.958686]]]}},{"type":"Feature","properties":{"dissolve":"114Lake Centerline","scalerank":4.0,"featurecla":"Lake Centerline","name":"Ob","name_alt":null,"rivernum":114,"note":null,"min_zoom":4.0,"name_en":"Ob","min_label":5.0},"bbox":[81.301768,53.885606,83.025401,54.845242],"geometry":{"type":"MultiLineString","coordinates":[[[83.025401,54.845242],[83.014089,54.820014],[82.996674,54.801052],[82.967784,54.786729],[82.904552,54.755479],[82.815033,54.729804],[82.725597,54.685574],[82.641694,54.635932],[82.542491,54.603298],[82.457042,54.582953],[82.402599,54.551825],[82.346934,54.50373],[82.285167,54.46955],[82.216319,54.441474],[82.074799,54.372748],[82.010265,54.357042],[81.927257,54.341986],[81.853119,54.328559],[81.791433,54.315212],[81.720876,54.270209],[81.677175,54.191677],[81.58782,54.129991],[81.534109,54.104071],[81.41505,54.065985],[81.351329,54.047187],[81.324962,54.026313],[81.308604,53.987006],[81.303315,53.970893],[81.301768,53.938666],[81.312022,53.909857],[81.317963,53.899604],[81.334076,53.885606]]]}},{"type":"Feature","properties":{"dissolve":"114River","scalerank":4.0,"featurecla":"River","name":"Ob","name_alt":null,"rivernum":114,"note":null,"min_zoom":4.0,"name_en":"Ob","min_label":5.0},"bbox":[68.856944,52.316474,85.056163,61.306993],"geometry":{"type":"MultiLineString","coordinates":[[[68.856944,61.12405],[68.896983,61.155544],[68.917898,61.167914],[68.937592,61.182929],[69.03297,61.217108],[69.061615,61.222276],[69.090343,61.223171],[69.118256,61.218573],[69.172537,61.194281],[69.201671,61.186347],[69.230968,61.186713],[69.259695,61.198432],[69.316824,61.23253],[69.396495,61.262641],[69.448985,61.295356],[69.467214,61.299872],[69.488048,61.297146],[69.51116,61.2862],[69.554698,61.258572],[69.579031,61.249945],[69.607026,61.249823],[69.633881,61.257636],[69.685802,61.279853],[69.717703,61.287706],[69.74879,61.289008],[69.779796,61.284247],[69.884288,61.241482],[69.910411,61.235053],[70.091563,61.236192],[70.154389,61.244818],[70.35377,61.301215],[70.411876,61.303046],[70.467296,61.290961],[70.513764,61.274726],[70.537364,61.269599],[70.789806,61.271186],[70.81601,61.275173],[70.909434,61.303982],[70.927826,61.304999],[71.07073,61.277371],[71.131928,61.275173],[71.150645,61.266791],[71.162364,61.256456],[71.169851,61.245795],[71.174571,61.23371],[71.180105,61.204047],[71.183849,61.192572],[71.191417,61.184394],[71.205333,61.179389],[71.221772,61.178046],[71.237722,61.180203],[71.25294,61.184923],[71.268158,61.191677],[71.338145,61.236192],[71.364513,61.247382],[71.39796,61.253607],[71.638194,61.25255],[71.654307,61.254259],[71.694753,61.268988],[71.716807,61.273017],[72.161062,61.250271],[72.193614,61.255561],[72.215831,61.26614],[72.25587,61.294745],[72.278575,61.303046],[72.408295,61.306993],[72.440196,61.303534],[72.609467,61.238105],[72.639089,61.232611],[72.671886,61.234687],[72.766694,61.267401],[72.796397,61.272895],[72.826427,61.27265],[72.855398,61.266221],[72.917491,61.237006],[72.952159,61.233425],[72.987397,61.238715],[73.039073,61.252875],[73.057872,61.25495],[73.076752,61.25495],[73.092052,61.252387],[73.098155,61.249132],[73.106375,61.240302],[73.11142,61.236436],[73.11907,61.233466],[73.126069,61.232611],[73.237397,61.235134],[73.322765,61.218573],[73.340261,61.217231],[73.356049,61.218817],[73.387706,61.225531],[73.456716,61.229682],[73.506602,61.237901],[73.522553,61.238471],[73.538259,61.235948],[73.550222,61.231472],[73.584402,61.211859],[73.586029,61.203925],[73.645518,61.186835],[73.675792,61.183539],[73.706391,61.188788],[73.733409,61.203477],[73.758393,61.221462],[73.784272,61.234158],[73.813894,61.232978],[73.995535,61.169013],[74.025971,61.161973],[74.064952,61.158393],[74.106456,61.159044],[74.14739,61.164374],[74.184825,61.174628],[74.217377,61.192654],[74.245372,61.21247],[74.275483,61.223415],[74.313569,61.215033],[74.32545,61.207465],[74.374278,61.155544],[74.382091,61.150092],[74.417979,61.134223],[74.427826,61.132392],[74.439057,61.135769],[74.4428,61.142686],[74.441824,61.152167],[74.439382,61.162706],[74.43808,61.174587],[74.438731,61.189276],[74.442149,61.20307],[74.449229,61.212022],[74.461518,61.213243],[74.566824,61.180243],[74.58782,61.177761],[74.607432,61.180609],[74.661388,61.207139],[74.686615,61.215115],[74.710541,61.216579],[74.734304,61.211982],[74.868337,61.160224],[74.907807,61.152167],[75.039236,61.146186],[75.080658,61.133612],[75.114838,61.116563],[75.132823,61.112372],[75.152273,61.114936],[75.167003,61.122992],[75.195079,61.143337],[75.211925,61.148749],[75.231375,61.147488],[75.396251,61.100165],[75.418224,61.099677],[75.440033,61.101915],[75.480968,61.112372],[75.488292,61.111436],[75.49822,61.105821],[75.50587,61.099473],[75.526459,61.076524],[75.543468,61.061713],[75.580577,61.038153],[75.654877,61.001288],[75.673757,60.995185],[75.709972,60.99787],[75.814464,61.051703],[75.833507,61.054877],[75.852143,61.054145],[75.870697,61.05036],[75.907481,61.038357],[75.924327,61.036566],[76.004649,61.039903],[76.047944,61.034451],[76.057058,61.031684],[76.0796,61.01907],[76.089936,61.016059],[76.120372,61.014472],[76.140229,61.00727],[76.158376,60.994167],[76.173106,60.977484],[76.182384,60.959418],[76.186453,60.947821],[76.190522,60.941189],[76.198009,60.93769],[76.224376,60.934882],[76.28004,60.940131],[76.297374,60.938666],[76.313894,60.933661],[76.37794,60.900743],[76.394216,60.895697],[76.438487,60.895941],[76.51474,60.929023],[76.557384,60.934923],[76.589692,60.92414],[76.674408,60.857856],[76.692963,60.851386],[76.71339,60.849636],[76.753917,60.850409],[76.771495,60.848904],[76.791026,60.844509],[76.807872,60.836127],[76.817882,60.822699],[76.819021,60.81269],[76.818451,60.803819],[76.819265,60.795437],[76.824474,60.786689],[76.83253,60.781114],[76.842459,60.778022],[76.898204,60.77501],[76.909923,60.772528],[76.921397,60.767646],[76.943289,60.75495],[76.974213,60.741726],[77.016124,60.729315],[77.036713,60.726508],[77.123464,60.726182],[77.163097,60.717597],[77.343028,60.638617],[77.375662,60.634589],[77.411388,60.647813],[77.464285,60.679145],[77.478119,60.691474],[77.537852,60.686469],[77.567556,60.67947],[77.619884,60.657009],[77.679698,60.622748],[77.692312,60.617865],[77.706391,60.610053],[77.711843,60.599229],[77.711681,60.567084],[77.718191,60.534003],[77.736339,60.513739],[77.763194,60.501654],[77.85434,60.474636],[77.872081,60.463975],[77.898692,60.441962],[77.913097,60.43244],[77.929128,60.427314],[77.930919,60.419216],[78.01946,60.391181],[78.153901,60.389472],[78.319591,60.415351],[78.384776,60.409247],[78.393972,60.365912],[78.383311,60.350165],[78.369558,60.338975],[78.337494,60.321601],[78.324148,60.311957],[78.315929,60.300564],[78.311046,60.286811],[78.308197,60.270087],[78.3213,60.269395],[78.332286,60.270087],[78.342703,60.273383],[78.353282,60.280544],[78.379812,60.306464],[78.391612,60.312934],[78.415294,60.315863],[78.437022,60.307807],[78.477143,60.278266],[78.498139,60.266669],[78.506602,60.259955],[78.510183,60.250556],[78.502859,60.238837],[78.501231,60.234646],[78.50058,60.224921],[78.503022,60.21955],[78.50823,60.216742],[78.516368,60.214545],[78.528331,60.213324],[78.553396,60.215277],[78.565522,60.213975],[78.576915,60.209784],[78.671397,60.156562],[78.742768,60.126573],[78.759207,60.122016],[78.77239,60.121609],[78.799897,60.126492],[78.864024,60.148057],[78.89267,60.154364],[78.913015,60.150336],[78.921153,60.126166],[78.898529,60.106513],[78.848237,60.080186],[78.845225,60.065863],[78.855724,60.06212],[78.871755,60.064276],[78.902354,60.071845],[78.935964,60.075792],[78.953298,60.075629],[78.973888,60.071804],[78.99822,60.062608],[79.019949,60.04914],[79.031749,60.032172],[78.980072,60.006944],[78.953624,59.990343],[78.938731,59.972235],[78.93808,59.958075],[78.945567,59.949734],[78.969005,59.938056],[78.980398,59.927273],[78.98406,59.916124],[78.983897,59.888739],[78.992768,59.85932],[79.013438,59.845486],[79.070079,59.833523],[79.175548,59.786892],[79.174571,59.766913],[79.16684,59.753485],[79.142589,59.726142],[79.136729,59.702948],[79.146658,59.683458],[79.182628,59.647162],[79.204031,59.615343],[79.211518,59.606879],[79.223399,59.600287],[79.250011,59.596869],[79.262218,59.593085],[79.27296,59.584337],[79.283214,59.57099],[79.291108,59.55622],[79.2942,59.543036],[79.30128,59.541449],[79.315929,59.527777],[79.345876,59.520331],[79.399669,59.513454],[79.422537,59.507839],[79.433442,59.508083],[79.445567,59.511664],[79.472748,59.527859],[79.486827,59.533149],[79.503022,59.531928],[79.519623,59.524929],[79.565847,59.496446],[79.60255,59.484565],[79.614513,59.477851],[79.634369,59.460232],[79.643484,59.449571],[79.649506,59.439276],[79.655284,59.411933],[79.65976,59.400499],[79.670665,59.391628],[79.685476,59.387966],[79.703054,59.387966],[79.736908,59.392198],[79.740326,59.410956],[79.749522,59.424262],[79.764171,59.432685],[79.783621,59.436835],[79.798106,59.436347],[79.841238,59.427436],[79.888438,59.428778],[79.937755,59.421698],[79.953298,59.422065],[80.01588,59.433051],[80.046641,59.441962],[80.060639,59.442939],[80.073985,59.439643],[80.124929,59.406806],[80.167572,59.38699],[80.18157,59.377468],[80.190684,59.365587],[80.171316,59.357611],[80.131602,59.350043],[80.112315,59.343777],[80.097341,59.329779],[80.100108,59.314521],[80.114187,59.300971],[80.132498,59.292589],[80.191905,59.280829],[80.247325,59.255479],[80.26588,59.252997],[80.28655,59.259955],[80.294363,59.265896],[80.323171,59.298936],[80.334239,59.307644],[80.359386,59.321641],[80.383067,59.331122],[80.405772,59.336737],[80.428966,59.338568],[80.475108,59.33336],[80.495372,59.327338],[80.514089,59.318183],[80.530284,59.305121],[80.538015,59.284857],[80.510183,59.253526],[80.508393,59.231147],[80.523041,59.215277],[80.543875,59.213894],[80.566905,59.217068],[80.58839,59.214911],[80.597667,59.210028],[80.605398,59.203803],[80.611339,59.196153],[80.615733,59.187038],[80.620942,59.16824],[80.626069,59.161933],[80.637299,59.158271],[80.641694,59.144558],[80.655528,59.140815],[80.704112,59.146064],[80.715343,59.143093],[80.724539,59.13585],[80.734874,59.124091],[80.745942,59.114285],[80.757416,59.109076],[80.770518,59.1081],[80.804454,59.114366],[80.818451,59.113878],[80.83074,59.108222],[80.843761,59.096462],[80.86671,59.080634],[80.895518,59.072292],[80.95574,59.068427],[80.987804,59.07038],[81.018972,59.077216],[81.033702,59.084052],[81.042572,59.093451],[81.047944,59.105902],[81.055919,59.133124],[81.060476,59.139268],[81.066987,59.141954],[81.192149,59.152045],[81.20574,59.148953],[81.223562,59.132148],[81.24464,59.090033],[81.266531,59.080634],[81.268077,59.073554],[81.408376,59.024522],[81.411876,59.012803],[81.416433,59.002631],[81.418061,58.991767],[81.413666,58.978095],[81.407237,58.967597],[81.403087,58.958848],[81.405284,58.950873],[81.417491,58.942491],[81.431163,58.939073],[81.445242,58.940456],[81.472585,58.94831],[81.49822,58.952501],[81.511729,58.952704],[81.524913,58.951361],[81.538829,58.922716],[81.522472,58.903835],[81.500906,58.886786],[81.49879,58.864122],[81.521658,58.846991],[81.624604,58.824083],[81.643158,58.800482],[81.624441,58.780788],[81.589285,58.767279],[81.558523,58.762152],[81.524425,58.760281],[81.508556,58.753933],[81.50172,58.740546],[81.507823,58.726833],[81.522878,58.720771],[81.540619,58.719794],[81.586518,58.724066],[81.601085,58.721951],[81.652761,58.697943],[81.666026,58.694037],[81.681163,58.691596],[81.694347,58.69241],[81.704275,58.698554],[81.709727,58.712226],[81.71046,58.742499],[81.716563,58.751817],[81.733897,58.752794],[81.761729,58.738105],[81.794037,58.690619],[81.820811,58.678656],[81.836925,58.680121],[81.868337,58.689317],[81.884695,58.690009],[81.899913,58.684923],[81.907481,58.675849],[81.908214,58.663764],[81.902599,58.649685],[81.892589,58.631171],[81.887706,58.614366],[81.8921,58.599229],[81.910411,58.585476],[81.942475,58.577826],[82.038097,58.590684],[82.127371,58.584052],[82.154796,58.573106],[82.163503,58.566759],[82.171153,58.559027],[82.176362,58.551947],[82.177257,58.548529],[82.176036,58.545111],[82.174734,58.529893],[82.174815,58.524115],[82.177664,58.518907],[82.184825,58.512397],[82.192556,58.507595],[82.200287,58.505194],[82.247,58.501654],[82.259776,58.496649],[82.271007,58.486884],[82.295909,58.453803],[82.306733,58.444892],[82.322032,58.438259],[82.358002,58.432074],[82.405284,58.430772],[82.426362,58.422675],[82.4345,58.421413],[82.419444,58.391954],[82.414154,58.375678],[82.416433,58.361518],[82.434581,58.351426],[82.459972,58.356553],[82.504487,58.377875],[82.546641,58.383572],[82.579682,58.367947],[82.63974,58.312934],[82.659434,58.301947],[82.678152,58.298936],[82.697032,58.301866],[82.74114,58.31391],[82.835053,58.310736],[82.938569,58.318712],[82.958588,58.316107],[82.975352,58.307237],[82.983165,58.290961],[82.972179,58.278388],[82.935964,58.260077],[82.921397,58.245225],[82.918956,58.230251],[82.926036,58.214911],[82.962494,58.173448],[82.975597,58.162706],[82.991303,58.155707],[83.022227,58.150946],[83.032237,58.148139],[83.041108,58.143907],[83.065929,58.128852],[83.102631,58.125596],[83.148692,58.129706],[83.19101,58.126044],[83.216075,58.099433],[83.216807,58.082221],[83.213634,58.065538],[83.212576,58.049425],[83.220307,58.033393],[83.255382,58.003282],[83.264659,57.98904],[83.275971,57.961453],[83.28183,57.95307],[83.290945,57.945095],[83.311453,57.932074],[83.320404,57.92418],[83.32724,57.905341],[83.31544,57.86872],[83.321056,57.851752],[83.330089,57.845893],[83.364268,57.837917],[83.373627,57.832953],[83.381277,57.826728],[83.439708,57.7508],[83.511648,57.735785],[83.563894,57.715033],[83.578543,57.71308],[83.623057,57.711941],[83.664236,57.702989],[83.696788,57.704128],[83.786388,57.742214],[83.846934,57.752143],[83.872162,57.744574],[83.879893,57.716498],[83.868663,57.68948],[83.846202,57.666449],[83.792979,57.63288],[83.795339,57.616156],[83.810802,57.606879],[83.846121,57.599677],[83.858979,57.592353],[83.867198,57.579413],[83.872,57.56391],[83.874278,57.548651],[83.87379,57.532538],[83.871755,57.517768],[83.872569,57.504584],[83.880626,57.492499],[83.887787,57.487128],[83.895437,57.482978],[83.911876,57.476833],[83.937999,57.472683],[83.944265,57.469835],[83.947846,57.461005],[83.948009,57.420233],[83.944591,57.39879],[83.93808,57.375556],[83.938731,57.355984],[83.956635,57.34516],[83.981863,57.340155],[84.00172,57.331244],[84.014171,57.315538],[84.016775,57.289578],[84.036225,57.289984],[84.073009,57.298529],[84.091726,57.300564],[84.109955,57.297919],[84.128347,57.291531],[84.182872,57.262641],[84.204845,57.253852],[84.228038,57.247911],[84.251394,57.245632],[84.333914,57.253607],[84.350597,57.249823],[84.367442,57.241034],[84.38087,57.228135],[84.387136,57.212348],[84.383556,57.196479],[84.373057,57.183051],[84.360444,57.1706],[84.350352,57.157579],[84.344656,57.143866],[84.345876,57.137234],[84.353282,57.136746],[84.386485,57.14822],[84.406342,57.152411],[84.426687,57.153428],[84.44752,57.151068],[84.464773,57.136501],[84.453298,57.112982],[84.412527,57.071885],[84.396983,57.044216],[84.394216,57.01142],[84.401459,56.97838],[84.43629,56.910712],[84.443858,56.869167],[84.43808,56.827094],[84.418468,56.786322],[84.389659,56.752997],[84.354015,56.725043],[84.204275,56.64822],[84.185964,56.62995],[84.175141,56.608832],[84.160085,56.563178],[84.146576,56.543891],[84.130463,56.533759],[84.094168,56.523749],[84.076752,56.516384],[84.062755,56.502265],[84.058604,56.486355],[84.059581,56.448676],[84.057709,56.438422],[84.054617,56.432563],[84.043224,56.421698],[84.034923,56.406195],[84.03712,56.392198],[84.046153,56.379014],[84.057872,56.365831],[84.067556,56.351671],[84.0713,56.337836],[84.067556,56.32453],[84.054779,56.312283],[84.030528,56.300971],[84.019949,56.293891],[84.013194,56.282253],[84.011485,56.265326],[84.013764,56.244086],[84.019542,56.223578],[84.027843,56.208848],[84.011729,56.194119],[83.972667,56.13996],[83.9546,56.12755],[83.906993,56.106391],[83.890717,56.092149],[83.886729,56.074652],[83.89088,56.058132],[83.892507,56.040839],[83.865733,55.999823],[83.861095,55.978949],[83.86378,55.957465],[83.878184,55.910834],[83.880056,55.892401],[83.874766,55.875271],[83.859955,55.855658],[83.795095,55.797309],[83.772227,55.783393],[83.722585,55.766059],[83.70224,55.752997],[83.653087,55.705268],[83.643647,55.688096],[83.644054,55.677191],[83.648448,55.666449],[83.654877,55.657172],[83.661143,55.650214],[83.665619,55.639838],[83.66155,55.630316],[83.654714,55.62226],[83.651134,55.616075],[83.642019,55.603827],[83.597748,55.573676],[83.537527,55.54324],[83.432058,55.510443],[83.329275,55.497423],[83.305919,55.488837],[83.265066,55.455268],[83.24171,55.442003],[83.216726,55.432685],[83.191905,55.427436],[83.134288,55.427029],[83.028575,55.445828],[82.972179,55.447862],[82.922374,55.439032],[82.881277,55.419704],[82.859874,55.388739],[82.86964,55.345486],[82.879812,55.326361],[82.885916,55.309516],[82.889171,55.292548],[82.890147,55.273505],[82.888764,55.264757],[82.883556,55.24787],[82.883311,55.235622],[82.886485,55.226264],[82.891775,55.216376],[82.896251,55.205878],[82.896414,55.194648],[82.872976,55.163275],[82.838634,55.137397],[82.817882,55.107611],[82.835541,55.064276],[82.84962,55.052924],[82.870372,55.041856],[82.893321,55.033515],[82.914073,55.030219],[82.934255,55.023301],[82.993175,54.975531],[83.028819,54.963243],[83.054617,54.946601],[83.062755,54.938341],[83.058116,54.934597],[83.050141,54.923367],[83.025401,54.845242]],[[85.056163,52.433621],[85.041515,52.432563],[84.98463,52.443061],[84.929128,52.446845],[84.901134,52.444607],[84.829845,52.426378],[84.433442,52.417914],[84.227306,52.367255],[84.110281,52.320339],[84.089366,52.316474],[84.070811,52.320258],[84.016531,52.338243],[83.745128,52.376899],[83.731537,52.389106],[83.721934,52.433458],[83.685313,52.48786],[83.677175,52.526435],[83.685313,52.659125],[83.675141,52.714708],[83.675141,52.724311],[83.682546,52.736151],[83.696381,52.77501],[83.698822,52.789496],[83.69573,52.803412],[83.687592,52.817654],[83.668224,52.840684],[83.653819,52.851915],[83.646658,52.859565],[83.636322,52.89643],[83.6338,52.902452],[83.636729,52.907782],[83.636974,52.971503],[83.643647,53.018866],[83.650076,53.02851],[83.691417,53.070014],[83.69337,53.078884],[83.691824,53.088324],[83.692149,53.097357],[83.698822,53.104804],[83.708751,53.104804],[83.720714,53.0987],[83.740489,53.083686],[83.764903,53.102851],[83.796967,53.105902],[83.829845,53.1046],[83.856537,53.111029],[83.828298,53.159125],[83.835704,53.171088],[83.870942,53.179877],[83.810476,53.2213],[83.805105,53.228339],[83.784679,53.237169],[83.781668,53.257676],[83.787852,53.280544],[83.795095,53.296576],[83.801768,53.305772],[83.817312,53.322537],[83.822358,53.330105],[83.824636,53.365831],[83.825776,53.371649],[83.830007,53.377387],[83.83074,53.38996],[83.829275,53.409532],[83.821544,53.413845],[83.774669,53.40644],[83.749766,53.41413],[83.728282,53.441474],[83.709076,53.447374],[83.630382,53.433702],[83.438894,53.429023],[83.383067,53.433702],[83.337413,53.448554],[83.312511,53.460232],[83.290945,53.483832],[83.177013,53.525662],[83.154063,53.52497],[83.134044,53.480577],[83.110037,53.471137],[83.054698,53.467882],[82.981375,53.443305],[82.951915,53.439968],[82.900076,53.443183],[82.876475,53.441921],[82.824636,53.425564],[82.803233,53.421251],[82.756765,53.419501],[82.744558,53.4206],[82.719493,53.425808],[82.705496,53.426947],[82.660574,53.419298],[82.643891,53.419501],[82.596283,53.428738],[82.54713,53.443793],[82.499766,53.463935],[82.4581,53.488349],[82.450857,53.495063],[82.437104,53.511257],[82.430919,53.516303],[82.417572,53.520331],[82.391205,53.525336],[82.379649,53.532782],[82.372569,53.550076],[82.383067,53.585639],[82.376231,53.604438],[82.357514,53.616156],[82.293875,53.64289],[82.28004,53.642646],[82.275076,53.648953],[82.263682,53.651923],[82.221446,53.652696],[82.218028,53.65412],[82.220225,53.659857],[82.219249,53.672716],[82.206065,53.700263],[82.190522,53.710028],[82.143484,53.708075],[82.13087,53.704861],[82.116954,53.698513],[82.103526,53.694281],[82.092296,53.697577],[82.088634,53.708441],[82.105479,53.725775],[82.10255,53.735419],[82.084076,53.739325],[81.910248,53.737331],[81.882823,53.741645],[81.87322,53.745469],[81.854747,53.7567],[81.848643,53.762071],[81.842459,53.771837],[81.836925,53.791205],[81.831391,53.799994],[81.819835,53.805365],[81.809581,53.801134],[81.800141,53.793891],[81.790294,53.790066],[81.672781,53.792833],[81.641694,53.79031],[81.619395,53.779812],[81.599539,53.775173],[81.448741,53.782416],[81.408132,53.793321],[81.377045,53.81977],[81.337494,53.881619],[81.334076,53.885606]]]}},{"type":"Feature","properties":{"dissolve":"116Lake Centerline","scalerank":4.0,"featurecla":"Lake Centerline","name":"Dnipro","name_alt":"Dnieper","rivernum":116,"note":null,"min_zoom":4.0,"name_en":"Dnieper","min_label":5.0},"bbox":[30.467784,46.831244,35.165294,51.217312],"geometry":{"type":"MultiLineString","coordinates":[[[30.507498,51.217312],[30.507498,51.207953],[30.515066,51.198065],[30.530203,51.187771],[30.531179,51.180203],[30.530528,51.172065],[30.512625,51.116645],[30.510997,51.107978],[30.505789,51.04975],[30.506358,51.024726],[30.510671,50.97838],[30.507335,50.939765],[30.484955,50.855902],[30.467784,50.799994],[30.471934,50.738471],[30.479584,50.685858],[30.482351,50.65705],[30.514903,50.602607],[30.514659,50.596625]],[[31.439871,50.000067],[31.469168,49.979356],[31.480072,49.950263],[31.492931,49.910468],[31.483979,49.866767],[31.457286,49.810574],[31.45045,49.774848],[31.467296,49.754177]],[[33.19394,49.09394],[33.164154,49.113715],[33.141856,49.130154],[33.038015,49.18183],[32.788585,49.261664],[32.730235,49.275417],[32.663097,49.294379],[32.599539,49.309638],[32.503835,49.337226],[32.431163,49.36933],[32.380056,49.394355],[32.12794,49.475165],[32.059011,49.500108],[31.990001,49.532253],[31.924734,49.551337],[31.88795,49.55447],[31.886485,49.554714]],[[34.570323,48.562283],[34.540294,48.586697],[34.528901,48.593817],[34.488373,48.613593],[34.477468,48.620673],[34.472585,48.624783],[34.468028,48.630805],[34.460867,48.643378],[34.455496,48.648627],[34.438569,48.655137],[34.400971,48.658271],[34.383556,48.663682],[34.331554,48.69713],[34.316905,48.704291],[34.27003,48.715766],[34.24171,48.732693],[34.192393,48.773464],[34.161713,48.784288],[34.109467,48.790066],[34.092703,48.794623],[34.086436,48.797553],[34.074636,48.804958],[34.068614,48.80744],[34.061534,48.807969],[34.047293,48.806464],[34.04005,48.807685],[33.927745,48.859931],[33.9192,48.865749],[33.899506,48.886176],[33.891856,48.891669],[33.875662,48.897325],[33.858979,48.899522],[33.824718,48.899929],[33.80714,48.903388],[33.766694,48.929999],[33.748139,48.936143],[33.71046,48.94005],[33.65797,48.951606],[33.53712,49.002021]],[[33.539968,46.831244],[33.568858,46.835761],[33.603282,46.853461],[33.61614,46.875922],[33.630789,46.898383],[33.643809,46.921454],[33.65325,46.948269],[33.675548,46.99376],[33.705577,47.028144],[33.799734,47.102973],[33.827891,47.135443],[33.866466,47.172227],[33.91269,47.205349],[33.943451,47.229315],[33.964936,47.255194],[33.984874,47.288194],[33.997488,47.317572],[34.003347,47.346869],[34.007416,47.372423],[34.003998,47.399604],[34.002452,47.432318],[34.008393,47.463243],[34.058035,47.480577],[34.157319,47.473822],[34.203543,47.478298],[34.319265,47.505154],[34.445811,47.522773],[34.583507,47.567084],[34.59433,47.568549],[34.644216,47.563503],[34.729747,47.539089],[34.832449,47.525743],[34.898041,47.523139],[34.996593,47.503485],[35.062918,47.504706],[35.113536,47.524359],[35.147878,47.554633],[35.163097,47.596137],[35.165294,47.646999],[35.162527,47.69184],[35.157725,47.729315],[35.148936,47.763943],[35.125418,47.796698],[35.106863,47.826768],[35.105235,47.840155],[35.105561,47.840888],[35.105724,47.841579]]]}},{"type":"Feature","properties":{"dissolve":"116River","scalerank":4.0,"featurecla":"River","name":"Dnipro","name_alt":"Dnieper","rivernum":116,"note":null,"min_zoom":4.0,"name_en":"Dnieper","min_label":5.0},"bbox":[30.010997,46.649604,35.198171,55.010443],"geometry":{"type":"MultiLineString","coordinates":[[[33.390636,54.917182],[33.338796,54.927761],[33.322276,54.925971],[33.277273,54.91352],[33.24114,54.937283],[33.231619,54.940782],[33.212413,54.944648],[33.198253,54.953315],[33.186127,54.96251],[33.173595,54.968085],[33.154389,54.967353],[33.135753,54.963162],[33.118175,54.962266],[33.10198,54.971869],[33.0949,54.976915],[33.086436,54.980007],[33.056895,54.982978],[33.051768,54.986151],[33.048432,54.990546],[33.043224,54.995429],[33.015554,55.008612],[32.989757,55.010443],[32.961681,55.003119],[32.917247,54.985948],[32.874766,54.975775],[32.865245,54.978624],[32.856619,54.965399],[32.837657,54.957384],[32.803722,54.948188],[32.8095,54.932481],[32.799083,54.92947],[32.769542,54.934597],[32.752859,54.93244],[32.739838,54.927761],[32.705577,54.900946],[32.69573,54.895535],[32.689382,54.887274],[32.687022,54.869452],[32.645518,54.851996],[32.645518,54.84455],[32.654307,54.840115],[32.661713,54.83336],[32.67335,54.817898],[32.666596,54.803656],[32.661143,54.79739],[32.573171,54.762315],[32.547293,54.745795],[32.534109,54.727484],[32.550548,54.714871],[32.537852,54.704901],[32.52296,54.696723],[32.508393,54.690741],[32.49586,54.687567],[32.499929,54.67768],[32.501964,54.673896],[32.49586,54.66706],[32.487559,54.667792],[32.461681,54.659613],[32.467865,54.673896],[32.444916,54.674262],[32.405284,54.685248],[32.385997,54.687567],[32.344249,54.681667],[32.323334,54.682685],[32.331472,54.693793],[32.331472,54.701239],[32.316661,54.710639],[32.292491,54.737657],[32.276134,54.74905],[32.25058,54.742011],[32.211355,54.749783],[32.175222,54.765082],[32.141368,54.800605],[32.051036,54.791083],[32.016124,54.797431],[31.986501,54.784206],[31.719168,54.761786],[31.680268,54.74905],[31.598237,54.706651],[31.510997,54.669704],[31.501475,54.66706],[31.489513,54.665473],[31.434581,54.6706],[31.418549,54.679389],[31.384532,54.707139],[31.379893,54.706488],[31.371674,54.701239],[31.333995,54.713162],[31.291759,54.711249],[31.207286,54.687567],[31.203054,54.681423],[31.198741,54.676947],[31.193777,54.673896],[31.188731,54.673285],[31.178233,54.674262],[31.128184,54.66706],[31.020437,54.673936],[30.955089,54.66706],[30.929779,54.66706],[30.916433,54.66531],[30.885753,54.652777],[30.765636,54.637966],[30.734386,54.619249],[30.708588,54.59101],[30.692475,54.581407],[30.6692,54.577704],[30.657481,54.579372],[30.648367,54.581855],[30.639252,54.581407],[30.610932,54.560736],[30.584483,54.54682],[30.580007,54.54328],[30.573741,54.539822],[30.562429,54.536689],[30.539643,54.535997],[30.527436,54.537136],[30.522065,54.539822],[30.516531,54.55683],[30.503184,54.561103],[30.487234,54.5574],[30.473643,54.55036],[30.412201,54.498847],[30.407807,54.488145],[30.388682,54.474189],[30.384288,54.464708],[30.387136,54.452908],[30.39796,54.43891],[30.398529,54.426825],[30.391612,54.4112],[30.378347,54.395697],[30.362559,54.383816],[30.34726,54.379096],[30.338471,54.373358],[30.296153,54.331855],[30.282156,54.308295],[30.275483,54.291083],[30.274994,54.276638],[30.282156,54.266547],[30.30836,54.240912],[30.316661,54.235053],[30.316661,54.228217],[30.305268,54.224066],[30.29892,54.220771],[30.296153,54.218329],[30.297944,54.208686],[30.303152,54.208441],[30.309662,54.210517],[30.316661,54.20779],[30.327159,54.194932],[30.333425,54.184678],[30.343842,54.159288],[30.366791,54.127712],[30.371186,54.118354],[30.369884,54.102973],[30.366791,54.092353],[30.369395,54.084418],[30.384288,54.07746],[30.375011,54.051947],[30.388927,53.992743],[30.384288,53.967597],[30.405528,53.964952],[30.423839,53.956366],[30.437755,53.943061],[30.4463,53.926581],[30.448253,53.908881],[30.440359,53.901394],[30.323497,53.899278],[30.316905,53.896918],[30.29599,53.885565],[30.288666,53.879421],[30.281993,53.86933],[30.280528,53.862372],[30.282481,53.84809],[30.283132,53.826483],[30.282237,53.815294],[30.278819,53.810492],[30.278087,53.804999],[30.26474,53.782579],[30.261322,53.779812],[30.266856,53.764716],[30.290619,53.731553],[30.296153,53.717719],[30.290131,53.647406],[30.277761,53.611355],[30.254487,53.598212],[30.26295,53.588243],[30.267507,53.578437],[30.265636,53.568183],[30.254487,53.556667],[30.257823,53.5456],[30.255789,53.527126],[30.261322,53.516303],[30.268647,53.512641],[30.299571,53.502021],[30.304698,53.498847],[30.312755,53.491767],[30.317393,53.484727],[30.312918,53.481513],[30.313406,53.478217],[30.330333,53.45364],[30.328217,53.440497],[30.322032,53.424872],[30.32073,53.411892],[30.333751,53.40644],[30.345144,53.399237],[30.361501,53.364325],[30.371186,53.351833],[30.367768,53.343329],[30.361746,53.33629],[30.343842,53.32392],[30.350352,53.315294],[30.371186,53.296576],[30.373057,53.278266],[30.374929,53.270128],[30.378673,53.261786],[30.360362,53.261298],[30.309174,53.248155],[30.271902,53.247667],[30.256602,53.244574],[30.24822,53.235175],[30.238862,53.203884],[30.264903,53.151882],[30.261322,53.125312],[30.271495,53.125678],[30.279796,53.124538],[30.296153,53.118476],[30.288097,53.117621],[30.268809,53.111029],[30.274994,53.104804],[30.240815,53.084662],[30.199311,53.087226],[30.156179,53.103705],[30.117279,53.125312],[30.108328,53.113837],[30.076427,53.108588],[30.063243,53.081488],[30.018077,53.046454],[30.010997,53.026557],[30.022553,53.014512],[30.039561,53.007107],[30.049083,53.001166],[30.045828,52.999457],[30.038666,52.99376],[30.031749,52.986029],[30.028575,52.978135],[30.032319,52.971747],[30.041026,52.966254],[30.055919,52.96015],[30.055919,52.953966],[30.052175,52.950385],[30.047537,52.944403],[30.043875,52.937323],[30.042247,52.93004],[30.045421,52.921332],[30.059581,52.911444],[30.062755,52.902452],[30.064138,52.873847],[30.068289,52.861762],[30.076427,52.850898],[30.055919,52.850898],[30.055919,52.844102],[30.077566,52.834011],[30.088634,52.818386],[30.097097,52.801947],[30.110606,52.789496],[30.108653,52.785671],[30.10849,52.784857],[30.107677,52.784613],[30.104421,52.78266],[30.12086,52.768419],[30.127859,52.759141],[30.130951,52.748481],[30.128673,52.737006],[30.122325,52.735785],[30.115164,52.740994],[30.110606,52.748481],[30.104421,52.748481],[30.104096,52.736274],[30.10906,52.727607],[30.124766,52.713731],[30.130951,52.721259],[30.131602,52.716376],[30.132823,52.713324],[30.134858,52.710639],[30.138438,52.706895],[30.160167,52.716661],[30.178803,52.69831],[30.195323,52.672309],[30.210216,52.659125],[30.222585,52.655382],[30.254161,52.637803],[30.261322,52.631863],[30.260671,52.626654],[30.256114,52.621649],[30.252696,52.614691],[30.254487,52.603868],[30.258718,52.603624],[30.282481,52.597724],[30.273204,52.585313],[30.268565,52.581122],[30.261322,52.577216],[30.273204,52.563788],[30.282481,52.549262],[30.247488,52.555243],[30.241222,52.549262],[30.24822,52.529405],[30.2553,52.521511],[30.261974,52.518256],[30.266856,52.512763],[30.268809,52.498114],[30.302989,52.48786],[30.302013,52.47956],[30.306651,52.473009],[30.31544,52.468817],[30.326915,52.467353],[30.338145,52.464179],[30.344656,52.457099],[30.349132,52.450019],[30.354503,52.446845],[30.372651,52.44005],[30.367605,52.42475],[30.343842,52.399034],[30.404796,52.377997],[30.412201,52.377021],[30.436046,52.377997],[30.440196,52.374376],[30.43808,52.35696],[30.439464,52.350653],[30.462169,52.337226],[30.492117,52.32864],[30.556163,52.322699],[30.556163,52.316474],[30.537039,52.301703],[30.533621,52.265408],[30.514659,52.261298],[30.514659,52.255072],[30.524425,52.248847],[30.543224,52.232367],[30.556163,52.227118],[30.567882,52.242377],[30.576671,52.233262],[30.581147,52.21601],[30.580089,52.206651],[30.595307,52.201036],[30.606375,52.18769],[30.624522,52.158881],[30.633881,52.153103],[30.665294,52.140692],[30.676036,52.138373],[30.698985,52.137071],[30.701671,52.132595],[30.696218,52.124335],[30.69337,52.11168],[30.70224,52.101752],[30.718028,52.089301],[30.729259,52.074897],[30.724132,52.059597],[30.725841,52.053778],[30.740245,52.038438],[30.737804,52.035346],[30.732188,52.033393],[30.737315,52.028998],[30.747,52.024441],[30.754893,52.021674],[30.763682,52.022773],[30.782237,52.030056],[30.789561,52.02851],[30.791515,52.021348],[30.77711,52.007636],[30.779063,51.998114],[30.786062,51.986925],[30.793875,51.966091],[30.802664,51.953437],[30.801524,51.943874],[30.802013,51.935858],[30.804698,51.929633],[30.810069,51.925482],[30.810069,51.918647],[30.796641,51.907009],[30.78769,51.900906],[30.779063,51.898139],[30.749278,51.899848],[30.741222,51.898139],[30.737315,51.891872],[30.736827,51.882514],[30.733979,51.873969],[30.713471,51.867255],[30.707042,51.860622],[30.70224,51.854071],[30.696788,51.85102],[30.69394,51.84748],[30.672293,51.829901],[30.665945,51.822699],[30.66155,51.819648],[30.661876,51.815863],[30.6692,51.80626],[30.670014,51.790798],[30.652273,51.779364],[30.629975,51.77029],[30.617686,51.761583],[30.637625,51.755398],[30.6456,51.754747],[30.6456,51.747341],[30.634532,51.739936],[30.63144,51.728298],[30.630056,51.715888],[30.624522,51.706366],[30.613292,51.703152],[30.582286,51.702582],[30.569835,51.700141],[30.57545,51.686632],[30.563894,51.665595],[30.569835,51.651719],[30.562999,51.647528],[30.554698,51.640082],[30.549327,51.637478],[30.552257,51.633612],[30.556163,51.623847],[30.543224,51.620388],[30.514659,51.603949],[30.514659,51.596503],[30.533946,51.586127],[30.542572,51.582831],[30.542572,51.576687],[30.534679,51.575303],[30.530528,51.573594],[30.527273,51.57156],[30.522065,51.5692],[30.522065,51.563015],[30.533702,51.553534],[30.566905,51.547553],[30.583507,51.542548],[30.575857,51.531358],[30.570893,51.526679],[30.562429,51.52204],[30.574474,51.516303],[30.58489,51.50963],[30.589122,51.502265],[30.583507,51.494086],[30.58839,51.482042],[30.596772,51.474555],[30.607026,51.47016],[30.617686,51.467393],[30.617686,51.459988],[30.604259,51.461493],[30.593028,51.459174],[30.585541,51.452094],[30.583507,51.439521],[30.587332,51.427598],[30.595144,51.425238],[30.605479,51.424831],[30.617686,51.419013],[30.622081,51.412421],[30.631928,51.384223],[30.636974,51.378852],[30.644054,51.372992],[30.64503,51.367743],[30.631928,51.364366],[30.637706,51.336127],[30.609955,51.317816],[30.579356,51.303982],[30.576671,51.289252],[30.558849,51.269599],[30.556163,51.267605],[30.554698,51.24372],[30.550059,51.237087],[30.535574,51.234931],[30.522716,51.235541],[30.517589,51.233913],[30.512462,51.228827],[30.509939,51.223944],[30.507498,51.217312]],[[31.439871,50.000067],[31.405772,50.009589],[31.36435,50.01203],[31.323497,50.005642],[31.235037,49.971869],[31.207123,49.968329],[31.179128,49.971869],[31.166515,49.976752],[31.130626,49.995225],[31.115245,49.999538],[31.067963,50.002997],[31.039806,50.008612],[31.014659,50.020453],[30.967784,50.053087],[30.915457,50.10871],[30.894542,50.121772],[30.829112,50.140489],[30.747569,50.177069],[30.727061,50.194892],[30.693289,50.24079],[30.672293,50.253974],[30.66155,50.27912],[30.643565,50.308417],[30.622081,50.332628],[30.600597,50.342719],[30.583914,50.356716],[30.580984,50.418158],[30.573253,50.432156],[30.535737,50.466254],[30.529796,50.475898],[30.52589,50.487657],[30.522065,50.514024],[30.523204,50.515163],[30.527354,50.531358],[30.528331,50.538275],[30.524099,50.54328],[30.515147,50.545722],[30.505951,50.54682],[30.501557,50.548163],[30.500418,50.557725],[30.502696,50.564236],[30.510997,50.577094],[30.514659,50.589301],[30.514659,50.596625]],[[31.88795,49.55447],[31.823985,49.562852],[31.800548,49.575385],[31.774669,49.604356],[31.757823,49.618435],[31.738048,49.630561],[31.72405,49.636298],[31.710053,49.639716],[31.668712,49.642117],[31.658621,49.643866],[31.649099,49.64765],[31.60906,49.673122],[31.560802,49.690945],[31.549571,49.698188],[31.51767,49.72956],[31.505056,49.738227],[31.499441,49.740668],[31.481537,49.745063],[31.476654,49.747626],[31.467296,49.754177],[31.462413,49.7567]],[[33.53712,49.002021],[33.365001,49.074042],[33.330007,49.080146],[33.219249,49.085395],[33.213796,49.086697],[33.19394,49.09394]],[[35.105235,47.840155],[35.11671,47.885932],[35.118582,47.901068],[35.118256,47.915351],[35.110281,47.943671],[35.109386,47.953559],[35.116222,47.96955],[35.128673,47.983181],[35.138682,47.997585],[35.138194,48.015937],[35.129405,48.028266],[35.079356,48.064276],[35.074799,48.069037],[35.057872,48.096259],[35.056082,48.102566],[35.063406,48.117784],[35.080658,48.125678],[35.101085,48.128607],[35.117931,48.128974],[35.12851,48.127997],[35.155854,48.119737],[35.16448,48.119005],[35.173432,48.120876],[35.180593,48.125759],[35.182709,48.134141],[35.180431,48.139594],[35.170339,48.150255],[35.166433,48.155829],[35.164073,48.164374],[35.164561,48.172797],[35.167735,48.181016],[35.173269,48.189032],[35.191824,48.205512],[35.196218,48.212958],[35.198171,48.222927],[35.197195,48.233181],[35.194021,48.243191],[35.189871,48.252265],[35.174408,48.273627],[35.158783,48.290961],[35.146658,48.310126],[35.142345,48.336982],[35.144216,48.360419],[35.143565,48.372016],[35.138927,48.380479],[35.132904,48.383979],[35.117768,48.388617],[35.111257,48.391913],[35.105398,48.396674],[35.10019,48.402452],[35.096202,48.408962],[35.093354,48.416042],[35.088959,48.440945],[35.084076,48.450629],[35.072683,48.458075],[35.049327,48.464179],[35.023936,48.478054],[35.015717,48.479438],[34.99171,48.475775],[34.982188,48.476752],[34.954356,48.483995],[34.874034,48.491645],[34.866222,48.491482],[34.827078,48.482978],[34.796804,48.485297],[34.769542,48.495876],[34.716726,48.523301],[34.582937,48.556342],[34.570323,48.562283]],[[32.645518,46.649604],[32.685964,46.665473],[32.740001,46.679145],[32.794526,46.684516],[33.000011,46.757839],[33.006358,46.758572],[33.011729,46.757636],[33.029714,46.751288],[33.056651,46.748847],[33.080496,46.754421],[33.156505,46.786485],[33.170909,46.789984],[33.186615,46.791327],[33.20045,46.790229],[33.212901,46.78738],[33.236908,46.777452],[33.262462,46.768134],[33.289317,46.764268],[33.316824,46.765489],[33.343354,46.77143],[33.371349,46.782986],[33.397065,46.798651],[33.407156,46.808173],[33.41505,46.817939],[33.424246,46.826728],[33.438406,46.83336],[33.467214,46.839423],[33.480968,46.839423],[33.528575,46.832099],[33.539968,46.831244]]]}},{"type":"Feature","properties":{"dissolve":"119River","scalerank":4.0,"featurecla":"River","name":"Bénoué","name_alt":null,"rivernum":119,"note":null,"min_zoom":4.0,"name_en":"Bénoué","min_label":5.0},"bbox":[11.924083,7.777452,14.007579,9.529242],"geometry":{"type":"MultiLineString","coordinates":[[[13.524181,7.777452],[13.537852,7.786444],[13.569591,7.800157],[13.578868,7.808173],[13.588552,7.822089],[13.601329,7.833319],[13.615977,7.842231],[13.630626,7.849189],[13.699392,7.864569],[13.723318,7.880194],[13.732432,7.918036],[13.723643,7.949652],[13.706228,7.98074],[13.693289,8.013048],[13.698253,8.048407],[13.708669,8.062038],[13.721853,8.069688],[13.75294,8.082546],[13.777843,8.100531],[13.801443,8.123155],[13.811697,8.13113],[13.823497,8.135688],[13.836436,8.137803],[13.850027,8.138495],[13.890554,8.141384],[13.909109,8.14879],[13.924815,8.164496],[13.932628,8.179307],[13.944102,8.211249],[13.952159,8.225898],[13.987478,8.261094],[13.996511,8.274359],[13.99879,8.291368],[13.988699,8.32746],[13.989675,8.342882],[14.005056,8.369167],[14.007579,8.379096],[14.006847,8.397244],[14.000499,8.426378],[13.988455,8.457872],[13.97283,8.487413],[13.955577,8.51081],[13.921153,8.521593],[13.906668,8.532823],[13.914317,8.551785],[13.952159,8.602647],[13.953543,8.610704],[13.951182,8.629218],[13.952159,8.637478],[13.956554,8.645331],[13.972667,8.66474],[13.982677,8.681749],[13.986501,8.691596],[13.986257,8.722764],[13.984386,8.731391],[13.980968,8.740058],[13.979503,8.748562],[13.983165,8.756903],[13.988292,8.762966],[13.991384,8.76789],[13.992849,8.773546],[13.993093,8.78144],[13.986257,8.790961],[13.938487,8.815538],[13.892507,8.856472],[13.871593,8.882676],[13.862804,8.908026],[13.845958,8.931179],[13.807628,8.942939],[13.76588,8.950222],[13.739268,8.95954],[13.729503,8.973985],[13.727306,8.988715],[13.727794,9.004177],[13.726248,9.021023],[13.719412,9.037787],[13.701834,9.068183],[13.698253,9.086493],[13.68922,9.110785],[13.667898,9.136664],[13.62322,9.179267],[13.575125,9.213935],[13.568614,9.226752],[13.566173,9.24494],[13.559255,9.264268],[13.548513,9.281806],[13.534434,9.302191],[13.506847,9.339179],[13.472179,9.32807],[13.386241,9.242743],[13.379893,9.239529],[13.353282,9.240587],[13.340587,9.238959],[13.326182,9.221503],[13.304698,9.214423],[13.259532,9.206],[13.251475,9.210028],[13.24464,9.212592],[13.239024,9.213446],[13.23406,9.211005],[13.225108,9.202216],[13.219168,9.199774],[13.205577,9.201199],[13.178722,9.211371],[13.170665,9.213446],[13.161388,9.208319],[13.145681,9.189887],[13.136648,9.185492],[13.121755,9.188178],[13.115164,9.196357],[13.111583,9.206895],[13.105886,9.216824],[13.096934,9.223456],[13.077322,9.234565],[13.071707,9.240098],[13.063894,9.258246],[13.057791,9.264838],[13.047537,9.267401],[13.027273,9.276435],[13.009451,9.29328],[12.99171,9.302436],[12.972097,9.28852],[12.967703,9.301825],[12.968272,9.30744],[12.972097,9.315863],[12.926931,9.334744],[12.886729,9.351508],[12.85255,9.356798],[12.842947,9.36225],[12.817882,9.386094],[12.800792,9.391547],[12.785411,9.388495],[12.751394,9.371894],[12.687918,9.326361],[12.681814,9.31863],[12.672862,9.303494],[12.663585,9.294745],[12.656668,9.292019],[12.64088,9.290147],[12.632823,9.285102],[12.607921,9.265204],[12.575613,9.247138],[12.541759,9.236762],[12.512706,9.239529],[12.500906,9.247911],[12.478689,9.281684],[12.386485,9.367377],[12.380626,9.37462],[12.377452,9.380968],[12.376475,9.38821],[12.376231,9.398057],[12.374441,9.409491],[12.36964,9.414374],[12.362722,9.418036],[12.355154,9.425727],[12.312918,9.485622],[12.284923,9.51085],[12.252126,9.521308],[12.196218,9.529242],[12.177257,9.524685],[12.055186,9.470811],[12.024669,9.469021],[11.995779,9.48371],[11.980968,9.489325],[11.941335,9.487576],[11.924083,9.490546]]]}},{"type":"Feature","properties":{"dissolve":"11River","scalerank":1.0,"featurecla":"River","name":"Tuotuo","name_alt":null,"rivernum":11,"note":null,"min_zoom":2.0,"name_en":"Tuotuo","min_label":3.0},"bbox":[90.794688,34.081326,92.992768,34.341376],"geometry":{"type":"MultiLineString","coordinates":[[[90.794688,34.300401],[90.841807,34.303656],[90.923269,34.327012],[91.066498,34.341376],[91.090831,34.338324],[91.127533,34.324164],[91.151541,34.320909],[91.21933,34.32453],[91.259858,34.316596],[91.305186,34.301296],[91.322276,34.290798],[91.340424,34.285102],[91.391694,34.293484],[91.414643,34.294216],[91.425304,34.291205],[91.444835,34.283271],[91.456391,34.280544],[91.468435,34.280626],[91.500662,34.28738],[91.704845,34.256537],[91.750499,34.259467],[91.792735,34.270697],[91.811534,34.268175],[91.819428,34.249538],[91.824229,34.228461],[91.836681,34.215928],[91.874034,34.198025],[91.939871,34.153266],[91.97755,34.136542],[92.017996,34.136542],[92.030528,34.13996],[92.035167,34.142279],[92.057546,34.179023],[92.064952,34.18769],[92.09905,34.19713],[92.116303,34.211127],[92.131847,34.227078],[92.148448,34.238959],[92.167003,34.245063],[92.191824,34.249823],[92.216319,34.250027],[92.233979,34.242703],[92.325857,34.238959],[92.511485,34.211697],[92.560639,34.212836],[92.58546,34.210313],[92.604015,34.201117],[92.631277,34.174099],[92.639578,34.162787],[92.644135,34.13996],[92.648692,34.129096],[92.680593,34.100938],[92.722585,34.087226],[92.813243,34.081326],[92.839285,34.082953],[92.886485,34.092637],[92.992768,34.100287]]]}},{"type":"Feature","properties":{"dissolve":"120River","scalerank":4.0,"featurecla":"River","name":"Dicle","name_alt":null,"rivernum":120,"note":null,"min_zoom":4.0,"name_en":"Dicle","min_label":5.0},"bbox":[39.173106,37.062527,42.376557,38.518907],"geometry":{"type":"MultiLineString","coordinates":[[[39.173106,38.424425],[39.190684,38.421739],[39.212657,38.424384],[39.240896,38.434434],[39.265636,38.448106],[39.288178,38.467068],[39.35255,38.480821],[39.402599,38.503445],[39.463471,38.518907],[39.509044,38.516872],[39.518972,38.503445],[39.528819,38.492296],[39.538829,38.486355],[39.578624,38.484239],[39.600352,38.477973],[39.62086,38.462958],[39.633067,38.448106],[39.646658,38.43183],[39.643077,38.415595],[39.645518,38.407091],[39.651459,38.402289],[39.667491,38.396552],[39.671886,38.393988],[39.674571,38.391181],[39.679698,38.383979],[39.684337,38.379706],[39.689382,38.377021],[39.720225,38.370307],[39.729747,38.369818],[39.73935,38.370917],[39.793712,38.386664],[39.814871,38.38703],[39.856456,38.37873],[39.91505,38.378607],[39.956472,38.384874],[39.969819,38.38349],[39.984467,38.376817],[40.002371,38.363349],[40.018484,38.347724],[40.026947,38.33865],[40.030365,38.333279],[40.03183,38.327582],[40.031261,38.322781],[40.029063,38.318712],[40.023204,38.311103],[40.0206,38.299506],[40.026378,38.291571],[40.077078,38.265937],[40.108002,38.259711],[40.117768,38.256619],[40.125987,38.251085],[40.156505,38.221015],[40.172537,38.208808],[40.191173,38.200222],[40.180919,38.190253],[40.18214,38.169989],[40.170665,38.166042],[40.168549,38.148871],[40.141043,38.122748],[40.139659,38.113959],[40.158295,38.107611],[40.205333,38.109809],[40.22519,38.103949],[40.245372,38.092719],[40.266856,38.083523],[40.256602,38.070828],[40.253998,38.054877],[40.253184,38.02143],[40.24114,37.997585],[40.238862,37.991034],[40.24114,37.984076],[40.250662,37.975531],[40.253184,37.966864],[40.252208,37.956732],[40.247,37.939521],[40.245697,37.928982],[40.24822,37.921698],[40.258718,37.906928],[40.259369,37.898546],[40.253347,37.89171],[40.244151,37.890326],[40.235769,37.886908],[40.232026,37.874335],[40.23406,37.866807],[40.239268,37.860053],[40.246104,37.85456],[40.253184,37.850775],[40.247,37.842475],[40.256847,37.838935],[40.341889,37.829657],[40.41505,37.808417],[40.436941,37.809149],[40.518484,37.835517],[40.677175,37.843777],[40.699229,37.837348],[40.738048,37.813585],[40.759207,37.806708],[40.780772,37.808865],[40.821544,37.826361],[40.843272,37.830837],[40.872081,37.826687],[40.968679,37.800482],[41.00351,37.787421],[41.021007,37.775173],[41.03476,37.771674],[41.049734,37.773749],[41.079519,37.78144],[41.088471,37.78144],[41.093842,37.77912],[41.105479,37.770046],[41.111501,37.767401],[41.117198,37.76614],[41.140717,37.764716],[41.164073,37.767401],[41.175385,37.767157],[41.187022,37.762763],[41.207042,37.747585],[41.217459,37.742947],[41.223155,37.742947],[41.226736,37.744696],[41.230235,37.74726],[41.234874,37.749538],[41.239757,37.7508],[41.243175,37.751003],[41.285737,37.739814],[41.296967,37.738837],[41.30185,37.739814],[41.311046,37.74433],[41.315522,37.745673],[41.320893,37.745673],[41.37379,37.736599],[41.503429,37.743842],[41.547293,37.740668],[41.561941,37.743232],[41.612315,37.76321],[41.662201,37.770819],[41.672944,37.769599],[41.683197,37.765692],[41.702566,37.754177],[41.712657,37.749538],[41.730235,37.748847],[41.747569,37.753241],[41.764252,37.755316],[41.780365,37.747504],[41.786143,37.740505],[41.81601,37.686143],[41.826101,37.638699],[41.8331,37.626044],[41.843191,37.617865],[41.851329,37.612982],[41.857351,37.606269],[41.860444,37.592841],[41.861501,37.56977],[41.859874,37.559027],[41.832774,37.497016],[41.827566,37.469835],[41.833914,37.443874],[41.84962,37.426622],[41.86964,37.419501],[41.891612,37.419623],[41.929291,37.427558],[42.015066,37.433295],[42.027761,37.431749],[42.043712,37.425482],[42.089285,37.398261],[42.12322,37.384589],[42.128184,37.384101],[42.139415,37.385565],[42.143809,37.384589],[42.148367,37.37991],[42.158132,37.363552],[42.184988,37.353868],[42.192312,37.34988],[42.196869,37.344184],[42.206309,37.329169],[42.222097,37.314236],[42.223237,37.302598],[42.22169,37.29267],[42.222667,37.288398],[42.236339,37.286566],[42.266694,37.274726],[42.272227,37.276964],[42.278819,37.282538],[42.285248,37.286729],[42.291596,37.285346],[42.295909,37.279975],[42.300873,37.270209],[42.305186,37.264838],[42.339447,37.242865],[42.346202,37.240017],[42.352631,37.227322],[42.33489,37.171454],[42.346202,37.158718],[42.354015,37.152615],[42.355968,37.138495],[42.356619,37.110297],[42.36321,37.098415],[42.370616,37.088202],[42.376231,37.076972],[42.376557,37.062527]]]}},{"type":"Feature","properties":{"dissolve":"121River","scalerank":4.0,"featurecla":"River","name":"Dnepre","name_alt":null,"rivernum":121,"note":null,"min_zoom":4.0,"name_en":"Dnepre","min_label":5.0},"bbox":[33.38974,54.917182,33.906668,55.873725],"geometry":{"type":"MultiLineString","coordinates":[[[33.735362,55.873725],[33.7588,55.856513],[33.826752,55.829169],[33.845225,55.810981],[33.801036,55.807929],[33.79005,55.804755],[33.781342,55.797634],[33.771576,55.785956],[33.768565,55.774929],[33.780365,55.770046],[33.788585,55.76789],[33.814057,55.757351],[33.834076,55.745429],[33.848562,55.74372],[33.86378,55.744086],[33.879405,55.742743],[33.906261,55.731716],[33.906668,55.719346],[33.849213,55.662706],[33.845225,55.65705],[33.839773,55.650214],[33.827159,55.646064],[33.813487,55.643012],[33.80421,55.639716],[33.793386,55.630154],[33.791026,55.625067],[33.791759,55.618842],[33.785818,55.581488],[33.781261,55.569648],[33.742198,55.540717],[33.729259,55.539252],[33.714854,55.544053],[33.688243,55.557725],[33.66741,55.565131],[33.637625,55.571967],[33.606619,55.572577],[33.581716,55.561143],[33.573334,55.546576],[33.557872,55.482693],[33.55836,55.441962],[33.591238,55.369249],[33.598725,55.331855],[33.592865,55.309394],[33.569753,55.27501],[33.564708,55.252387],[33.559174,55.242621],[33.546397,55.235419],[33.531505,55.230984],[33.504405,55.226996],[33.500987,55.220649],[33.50294,55.211737],[33.502533,55.201483],[33.496674,55.184027],[33.488862,55.167914],[33.473562,55.158149],[33.469168,55.153673],[33.467703,55.147773],[33.468516,55.135362],[33.465343,55.129462],[33.452159,55.11286],[33.44573,55.102322],[33.444916,55.095649],[33.448822,55.085761],[33.44866,55.072781],[33.44573,55.060004],[33.441824,55.050645],[33.406993,55.020087],[33.38974,54.998847],[33.396495,54.989203],[33.408621,54.980007],[33.415619,54.958848],[33.415701,54.935736],[33.406342,54.920274],[33.390636,54.917182]]]}},{"type":"Feature","properties":{"dissolve":"12River","scalerank":1.0,"featurecla":"River","name":"Lena","name_alt":null,"rivernum":12,"note":null,"min_zoom":2.0,"name_en":"Lena","min_label":3.0},"bbox":[105.052419,53.838324,130.058686,72.294379],"geometry":{"type":"MultiLineString","coordinates":[[[126.689708,72.294379],[126.809174,72.201524],[126.831554,72.172187],[126.885509,72.06155],[126.916108,72.011664],[126.965912,71.968817],[127.025808,71.948188],[127.094168,71.935899],[127.152192,71.916775],[127.180919,71.875678],[127.174246,71.849636],[127.136485,71.786892],[127.128998,71.754096],[127.138113,71.729031],[127.192963,71.648627],[127.247081,71.534532],[127.262218,71.470649],[127.249034,71.417182],[127.249278,71.387152],[127.250011,71.382107],[127.250499,71.368923],[127.247813,71.350898],[127.239268,71.330878],[127.232432,71.307969],[127.233897,71.281602],[127.246023,71.234931],[127.255382,71.21251],[127.27239,71.184841],[127.294363,71.159003],[127.318777,71.142157],[127.507416,71.054511],[127.529714,71.030951],[127.524018,71.003201],[127.500987,70.979844],[127.46339,70.954291],[127.447846,70.940253],[127.436534,70.921902],[127.437104,70.902167],[127.456147,70.882514],[127.546397,70.848985],[127.575206,70.83161],[127.575857,70.809678],[127.537201,70.781358],[127.479015,70.75849],[127.377533,70.737616],[127.160167,70.64765],[127.129975,70.6258],[127.113048,70.606269],[127.091238,70.591417],[126.929128,70.538275],[126.901541,70.533149],[126.510916,70.529812],[126.369558,70.547471],[126.017019,70.521796],[125.865896,70.486436],[125.815929,70.466864],[125.783702,70.446723],[125.757904,70.422634],[125.754487,70.396593],[125.789236,70.370917],[125.964854,70.314643],[126.048839,70.297227],[126.068614,70.279242],[126.040945,70.245144],[125.86964,70.100653],[125.835134,70.082831],[125.747569,70.055609],[125.66505,70.018866],[125.484793,69.97366],[125.452159,69.963731],[125.398204,69.936387],[125.258067,69.932685],[125.200857,69.925116],[125.160492,69.914089],[125.132498,69.899278],[125.106537,69.880154],[125.086925,69.857245],[125.070323,69.803412],[125.014578,69.683783],[124.994884,69.661689],[124.892182,69.591742],[124.802745,69.489366],[124.713145,69.426296],[124.688569,69.388536],[124.658946,69.361274],[124.621593,69.336453],[124.127533,69.129503],[124.101085,69.11286],[124.080333,69.093085],[124.048106,69.046739],[124.030284,69.026964],[123.992198,68.997382],[123.981944,68.973944],[123.976736,68.888739],[123.960704,68.838813],[123.959972,68.808865],[123.9699,68.735053],[123.964122,68.71365],[123.951427,68.691677],[123.932384,68.669379],[123.915294,68.643988],[123.895844,68.563503],[123.816417,68.394599],[123.788992,68.357367],[123.720144,68.29796],[123.697032,68.272162],[123.670665,68.229112],[123.646983,68.213324],[123.295014,68.112128],[123.249278,68.079413],[123.197032,68.051052],[123.184093,68.033759],[123.144216,67.941107],[123.111339,67.825263],[123.105724,67.735785],[123.098074,67.709337],[123.021902,67.586859],[123.010753,67.563544],[123.002533,67.536811],[123.004649,67.51203],[123.025076,67.494208],[123.05714,67.477159],[123.086436,67.452419],[123.11085,67.422065],[123.154307,67.329942],[123.173432,67.304958],[123.303233,67.189643],[123.34669,67.12755],[123.424083,66.980658],[123.430919,66.950873],[123.417654,66.867987],[123.418386,66.84455],[123.427664,66.827216],[123.511322,66.727891],[123.525076,66.699774],[123.551524,66.607001],[123.569591,66.585883],[123.598725,66.567328],[123.660655,66.537462],[123.670665,66.531317],[123.679861,66.523261],[123.696869,66.502631],[123.935802,66.096462],[124.048106,65.984687],[124.20696,65.901964],[124.289806,65.819159],[124.302664,65.798896],[124.305186,65.783393],[124.303315,65.726345],[124.306407,65.700466],[124.299327,65.670193],[124.239024,65.578192],[124.233165,65.535712],[124.249034,65.500067],[124.283132,65.471544],[124.353119,65.432318],[124.372081,65.409735],[124.375662,65.375596],[124.371755,65.338894],[124.372081,65.310248],[124.378998,65.285346],[124.465424,65.177802],[124.495046,65.150458],[124.522634,65.13113],[124.720714,65.045437],[124.857921,64.95071],[124.888927,64.938666],[125.079275,64.925116],[125.150401,64.908881],[125.428966,64.787909],[125.458344,64.76321],[125.495535,64.71601],[125.49822,64.699897],[125.488048,64.683783],[125.480724,64.667019],[125.489268,64.651435],[125.507091,64.637234],[125.527843,64.624132],[125.564708,64.614203],[125.692149,64.59809],[125.902354,64.533718],[125.983165,64.498358],[126.126231,64.462348],[126.390717,64.429063],[126.852631,64.224433],[126.892833,64.20661],[127.438406,63.878852],[127.474213,63.862738],[128.027192,63.737006],[128.107839,63.677436],[128.173432,63.609565],[128.1928,63.594591],[128.228608,63.578803],[128.479584,63.509467],[128.739513,63.508612],[128.7706,63.502956],[128.920339,63.513983],[128.967296,63.505194],[128.980968,63.505927],[129.101736,63.532579],[129.123627,63.534695],[129.228038,63.525214],[129.359304,63.497016],[129.379649,63.489854],[129.397553,63.478787],[129.419688,63.455878],[129.450287,63.408962],[129.470632,63.386054],[129.633067,63.271837],[129.654552,63.243964],[129.655772,63.217231],[129.614268,63.156684],[129.583507,63.083564],[129.585704,63.065497],[129.606293,63.048407],[129.678966,63.000027],[129.711436,62.969753],[129.731944,62.939154],[129.784923,62.806749],[129.847992,62.6942],[129.853038,62.669298],[129.854096,62.641669],[129.85963,62.614569],[129.877615,62.591579],[129.90976,62.57449],[129.977794,62.550157],[129.996755,62.538642],[130.015717,62.514675],[130.023855,62.501329],[130.029877,62.485663],[130.038829,62.469102],[130.05071,62.452582],[130.058686,62.433539],[130.05657,62.409491],[130.041921,62.360297],[130.039073,62.340155],[130.039806,62.323432],[130.038503,62.305609],[130.029063,62.28498],[130.010916,62.266181],[129.98349,62.253933],[129.922781,62.238593],[129.902192,62.224636],[129.894054,62.200995],[129.889578,62.174099],[129.871755,62.122748],[129.871104,62.088406],[129.875255,62.046169],[129.874522,62.003201],[129.863699,61.966417],[129.837983,61.942816],[129.761811,61.903022],[129.744233,61.89114],[129.728282,61.872016],[129.716726,61.848578],[129.708018,61.803046],[129.697276,61.788398],[129.563243,61.674628],[129.534109,61.656521],[129.329194,61.580634],[129.301524,61.562079],[129.259776,61.526923],[129.215587,61.499213],[128.59669,61.264431],[128.543468,61.257595],[128.133067,61.270819],[127.173106,61.09866],[126.669851,61.116563],[126.515229,61.074164],[126.205658,61.055609],[126.157644,61.046413],[126.126964,61.02912],[126.106049,61.011054],[125.772878,60.890082],[125.735281,60.883328],[125.663829,60.882148],[125.633718,60.873562],[125.600678,60.85989],[125.028087,60.770209],[124.994884,60.757636],[124.895518,60.704657],[124.858816,60.694159],[124.344737,60.668728],[124.310802,60.659125],[124.253917,60.623358],[124.102957,60.579535],[124.081065,60.576239],[124.060151,60.576972],[123.997081,60.586493],[123.89796,60.587917],[123.800792,60.604071],[122.443126,60.563259],[122.21339,60.59337],[121.76767,60.575059],[121.729096,60.57807],[121.688243,60.587348],[121.505056,60.652859],[121.310476,60.664984],[121.197358,60.651964],[120.715831,60.494452],[120.693614,60.479193],[120.674897,60.456407],[120.661388,60.430935],[120.653819,60.406684]],[[120.648448,60.403428],[120.627371,60.395819],[120.605968,60.39171],[120.516368,60.389716],[120.429291,60.377265],[120.387218,60.377468],[120.286225,60.398261],[120.261485,60.399441],[120.241791,60.393744],[120.226573,60.380683],[120.203543,60.342149],[120.189545,60.331163],[120.134288,60.308905],[120.099213,60.285183],[120.083344,60.271674],[120.046886,60.232286],[120.032156,60.223171],[120.011729,60.217556],[119.967377,60.214911],[119.92685,60.218329],[119.871755,60.234198],[119.542491,60.273993],[119.500499,60.272528],[119.461192,60.263943],[119.289073,60.179511],[119.132498,60.030341],[119.085541,59.998236],[119.035248,59.973944],[119.006602,59.964382],[118.982188,59.959337],[118.961925,59.959784],[118.943451,59.956],[118.931814,59.955593],[118.891124,59.960801],[118.775971,59.952012],[118.728526,59.940456],[118.705658,59.92475],[118.637625,59.892686],[118.600597,59.869412],[118.579845,59.861762],[118.550873,59.857611],[118.53712,59.854031],[118.524343,59.846869],[118.515147,59.836941],[118.509044,59.825141],[118.495372,59.786689],[118.488048,59.774482],[118.478933,59.763617],[118.468028,59.754747],[118.459727,59.750678],[118.274018,59.714789],[118.226085,59.718533],[118.019542,59.779364],[117.949799,59.816962],[117.924897,59.82628],[117.720144,59.868109],[117.399018,59.990994],[117.389089,59.997504],[117.361501,60.02265],[117.351492,60.029079],[117.313731,60.04267],[117.170909,60.076972],[117.142182,60.092963],[117.125418,60.117296],[117.120697,60.130805],[117.115001,60.141669],[117.107432,60.15119],[117.087413,60.169989],[117.046479,60.229682],[117.030935,60.27501],[117.024099,60.285712],[117.004649,60.306098],[116.92628,60.365912],[116.843191,60.405951],[116.732351,60.433783],[116.626964,60.448798],[116.522878,60.480821],[116.15504,60.536078],[116.147472,60.538357],[116.122081,60.551947],[116.105235,60.567939],[116.100352,60.570258],[116.096121,60.576606],[116.087413,60.581855],[116.07724,60.585517],[115.965261,60.597195],[115.948253,60.603054],[115.934093,60.613634],[115.91155,60.639594],[115.898529,60.651313],[115.833018,60.690985],[115.756928,60.72602],[115.733653,60.741807],[115.725108,60.746039],[115.710053,60.751044],[115.703054,60.754462],[115.697276,60.759792],[115.695079,60.763617],[115.69337,60.767646],[115.691417,60.771267],[115.687918,60.774034],[115.681407,60.775906],[114.967214,60.77143],[114.837901,60.739854],[114.823253,60.73196],[114.818777,60.727891],[114.81129,60.718858],[114.80714,60.714789],[114.799815,60.710273],[114.761485,60.697292],[114.714122,60.668769],[114.708018,60.666693],[114.701589,60.666042],[114.683116,60.668728],[114.676524,60.668402],[114.668549,60.665839],[114.381114,60.45539],[114.286225,60.34516],[114.191824,60.269599],[114.175955,60.262641],[114.128429,60.256456],[114.095225,60.245673],[114.021495,60.243232],[113.989513,60.237372],[113.974132,60.231391],[113.933686,60.203925],[113.916026,60.187201],[113.885753,60.150255],[113.867686,60.133653],[113.706554,60.031195],[113.696788,60.022732],[113.691417,60.015977],[113.68214,60.001654],[113.67628,59.995307],[113.367931,59.804999],[113.30128,59.790351],[113.278412,59.788153],[113.242279,59.775743],[113.225597,59.772813],[113.219737,59.771064],[113.170828,59.74905],[113.022472,59.706732],[112.992198,59.703315],[112.898041,59.708564],[112.875906,59.707099],[112.854747,59.702012],[112.836681,59.69123],[112.82366,59.672553],[112.813894,59.644965],[112.792898,59.604031],[112.779307,59.589789],[112.761241,59.579413],[112.642833,59.544501],[112.621593,59.534735],[112.604421,59.521552],[112.593028,59.504218],[112.589692,59.481716],[112.589936,59.438747],[112.588634,59.430609],[112.560557,59.351345],[112.555186,59.341986],[112.547537,59.333116],[112.510265,59.302924],[112.402354,59.246405],[112.346934,59.229112],[112.33489,59.227973],[112.284679,59.234442],[112.268077,59.232733],[112.204845,59.209337],[112.043956,59.186225],[111.97877,59.18476],[111.966889,59.185858],[111.956554,59.189724],[111.945242,59.198554],[111.944021,59.20421],[111.946707,59.221137],[111.945242,59.226426],[111.928233,59.231716],[111.907644,59.227973],[111.88795,59.219184],[111.825613,59.173285],[111.808686,59.165066],[111.747813,59.145087],[111.72991,59.133979],[111.66155,59.063259],[111.630463,59.048367],[111.554861,59.03559],[111.520437,59.025336],[111.490245,59.003282],[111.461925,58.976752],[111.433035,58.959337],[111.40089,58.949408],[111.344493,58.942654],[111.308197,58.933173],[111.29127,58.931016],[111.276378,58.925727],[111.250011,58.902208],[111.209727,58.886176],[111.202403,58.860948],[111.206147,58.831488],[111.218679,58.781562],[111.215912,58.76203],[111.203136,58.745795],[111.178315,58.729315],[111.161143,58.726752],[111.103038,58.74669],[110.998139,58.756293],[110.954031,58.767035],[110.931082,58.767157],[110.917247,58.762641],[110.88795,58.749091],[110.870128,58.74669],[110.880463,58.736192],[110.920421,58.710761],[110.934825,58.705756],[110.94866,58.698188],[110.948985,58.681505],[110.940684,58.664862],[110.927989,58.657294],[110.828624,58.657294],[110.746104,58.675849],[110.719005,58.678412],[110.673757,58.673448],[110.587576,58.653388],[110.54127,58.651068],[110.464122,58.664252],[110.437592,58.66413],[110.245128,58.61876],[110.150076,58.607978],[110.129812,58.609483],[110.0796,58.626654],[110.061453,58.629991],[110.024913,58.625312],[109.962576,58.595526],[109.927745,58.588446],[109.848643,58.593085],[109.814382,58.586127],[109.78712,58.561713],[109.764659,58.513983],[109.75587,58.486192],[109.752371,58.462429],[109.754975,58.414496],[109.747813,58.398261],[109.725597,58.382921],[109.676687,58.364529],[109.660167,58.352566],[109.654877,58.342637],[109.646251,58.307888],[109.635509,58.304226],[109.572765,58.270453],[109.533946,58.239569],[109.466075,58.211493],[109.391124,58.206244],[109.317312,58.221055],[109.188487,58.279731],[109.118175,58.280382],[109.050141,58.258979],[108.992686,58.219102],[108.941987,58.173529],[108.914236,58.161689],[108.876231,58.15766],[108.857432,58.153591],[108.844005,58.143826],[108.831147,58.13227],[108.814464,58.122911],[108.795909,58.119574],[108.757091,58.119493],[108.73878,58.116075],[108.69101,58.093085],[108.680431,58.085028],[108.666433,58.077338],[108.626964,58.071723],[108.61142,58.064887],[108.591889,58.045518],[108.576915,58.023993],[108.573253,58.001573],[108.587901,57.979519],[108.552989,57.970526],[108.475678,57.964545],[108.447032,57.947862],[108.402761,57.901313],[108.354503,57.862169],[108.322358,57.847235],[108.308604,57.836453],[108.310557,57.824652],[108.317393,57.813015],[108.314871,57.801622],[108.305756,57.791693],[108.293224,57.784003],[108.275645,57.778144],[108.149018,57.766628],[108.111908,57.773139],[108.073416,57.784288],[108.036062,57.787543],[108.00172,57.770046],[107.996593,57.750352],[108.013113,57.732856],[108.035167,57.715033],[108.04599,57.694648],[108.026947,57.673041],[107.983328,57.664415],[107.866303,57.662218],[107.834402,57.65587],[107.804128,57.64529],[107.747,57.615668],[107.73585,57.605292],[107.731375,57.592231],[107.741303,57.581163],[107.764171,57.581326],[107.803722,57.589138],[107.826264,57.589952],[107.836925,57.591864],[107.858002,57.598415],[107.861501,57.599066],[107.868663,57.608954],[107.863862,57.612128],[107.860362,57.623399],[107.864268,57.632758],[107.882253,57.630072],[107.894786,57.6164],[107.924246,57.565294],[107.929861,57.550645],[107.917491,57.527655],[107.88795,57.506781],[107.826915,57.479275],[107.789806,57.469591],[107.751964,57.464952],[107.737071,57.460761],[107.711843,57.442491],[107.697276,57.4383],[107.689138,57.436469],[107.67628,57.427558],[107.669363,57.424018],[107.585948,57.408515],[107.574311,57.40351],[107.569753,57.381171],[107.584727,57.358751],[107.587576,57.341579],[107.546153,57.334662],[107.526541,57.338894],[107.509776,57.345893],[107.495616,57.347276],[107.484386,57.334662],[107.482432,57.324164],[107.483653,57.31269],[107.487071,57.301866],[107.49171,57.293647],[107.483002,57.283759],[107.473643,57.277411],[107.462901,57.274115],[107.398692,57.269477],[107.381602,57.264268],[107.269949,57.260077],[107.242931,57.263536],[107.220632,57.272773],[107.211192,57.290595],[107.206554,57.313788],[107.193451,57.324164],[107.173757,57.327216],[107.149099,57.328437],[107.094005,57.342108],[107.078298,57.34162],[107.014089,57.329698],[106.996104,57.317694],[106.963634,57.287462],[106.928396,57.265896],[106.912039,57.250271],[106.912364,57.235663],[106.919444,57.224311],[106.93629,57.177558],[106.921316,57.171942],[106.915701,57.170762],[106.915701,57.153632],[106.905203,57.146267],[106.86907,57.12873],[106.861257,57.122626],[106.859386,57.116523],[106.850841,57.115912],[106.847585,57.109809],[106.847097,57.100409],[106.849294,57.095404],[106.852143,57.091742],[106.85377,57.086249],[106.85377,57.070746],[106.851085,57.058783],[106.841075,57.051093],[106.819265,57.048407],[106.720795,57.048407],[106.699718,57.045111],[106.648936,57.021064],[106.627615,57.018256],[106.463878,57.016954],[106.41448,57.02204],[106.380789,57.04088],[106.385183,57.049343],[106.37672,57.055976],[106.361827,57.060411],[106.347179,57.062079],[106.309255,57.062079],[106.306163,57.059149],[106.297374,57.0456],[106.292003,57.04088],[106.246186,57.031684],[106.233653,57.024197],[106.157237,56.942694],[106.141531,56.916815],[106.134939,56.8935],[106.12322,56.875841],[106.096609,56.857978],[106.045502,56.835517],[105.986501,56.825507],[105.805431,56.815009],[105.733653,56.791612],[105.688406,56.784288],[105.668386,56.773546],[105.652843,56.757921],[105.648367,56.739285],[105.676199,56.709011],[105.731456,56.695828],[106.083751,56.705024],[106.131277,56.69831],[106.141775,56.695176],[106.162039,56.681586],[106.183442,56.674994],[106.216889,56.65115],[106.228445,56.647244],[106.25294,56.641791],[106.264659,56.637478],[106.28183,56.62519],[106.294444,56.608222],[106.297862,56.589626],[106.288585,56.572333],[106.282644,56.564236],[106.282481,56.556708],[106.284434,56.547309],[106.285167,56.5338],[106.286143,56.528144],[106.291108,56.519721],[106.292003,56.513983],[106.290131,56.513739],[106.285818,56.510321],[106.281342,56.505316],[106.279063,56.500312],[106.277192,56.477891],[106.274832,56.470893],[106.267833,56.46247],[106.259939,56.456855],[106.241222,56.447374],[106.233653,56.441677],[106.211436,56.413275],[106.198171,56.401638],[106.175955,56.390448],[106.073416,56.363145],[106.019054,56.356513],[105.97047,56.356269],[105.911794,56.362494],[105.900808,56.36046],[105.875906,56.351589],[105.864024,56.349473],[105.818614,56.351833],[105.805431,56.349473],[105.794932,56.343614],[105.771251,56.32156],[105.724701,56.302802],[105.704112,56.290595],[105.695567,56.270697],[105.689138,56.249701],[105.661713,56.225043],[105.655203,56.211697],[105.666515,56.192694],[105.692149,56.177924],[105.717865,56.167304],[105.729747,56.160834],[105.741791,56.146064],[105.81894,56.118354],[105.827403,56.109402],[105.837006,56.088324],[105.843272,56.084255],[105.853933,56.081488],[105.858979,56.074327],[105.860606,56.064399],[105.860606,56.053168],[105.863048,56.044257],[105.868175,56.037299],[105.872813,56.028876],[105.873627,56.015937],[105.853282,55.981798],[105.812104,55.928168],[105.805431,55.916612],[105.802745,55.906277],[105.789806,55.88821],[105.784923,55.879421],[105.783621,55.872016],[105.784923,55.851508],[105.790294,55.828396],[105.789806,55.815945],[105.781505,55.810492],[105.774913,55.80744],[105.769542,55.799669],[105.765717,55.789578],[105.764415,55.77912],[105.761648,55.768378],[105.754812,55.763454],[105.745942,55.760443],[105.737071,55.755235],[105.729747,55.746894],[105.717214,55.729031],[105.709076,55.721055],[105.674571,55.709906],[105.669444,55.703721],[105.66684,55.698188],[105.635916,55.667182],[105.600027,55.611274],[105.570323,55.590115],[105.565847,55.580878],[105.563569,55.577826],[105.559011,55.57571],[105.554291,55.572577],[105.552175,55.56684],[105.553233,55.560574],[105.558523,55.551337],[105.559581,55.546413],[105.553722,55.525824],[105.539806,55.506293],[105.495128,55.459011],[105.48935,55.44831],[105.497569,55.426947],[105.493907,55.416856],[105.486501,55.409003],[105.480072,55.405829],[105.486827,55.397081],[105.484874,55.376899],[105.478119,55.354071],[105.470225,55.33751],[105.445567,55.312771],[105.433686,55.297431],[105.424897,55.260199],[105.415294,55.243679],[105.402192,55.230292],[105.387706,55.220811],[105.361501,55.214301],[105.350597,55.20893],[105.346121,55.197292],[105.340912,55.18948],[105.329194,55.184109],[105.315522,55.180935],[105.278087,55.176622],[105.255789,55.168524],[105.216319,55.145697],[105.138927,55.127021],[105.127533,55.114691],[105.121593,55.098212],[105.091319,55.071112],[105.079194,55.056342],[105.087901,55.047878],[105.109793,55.037787],[105.113292,55.029079],[105.106863,55.02143],[105.08017,55.008979],[105.073009,55.001085],[105.074718,54.990831],[105.082042,54.986151],[105.088308,54.980414],[105.086681,54.966986],[105.081065,54.962348],[105.060313,54.953477],[105.052419,54.946479],[105.066335,54.934027],[105.058197,54.886908],[105.066824,54.864569],[105.083995,54.853949],[105.137543,54.834011],[105.181895,54.827704],[105.211436,54.819525],[105.231456,54.805609],[105.226573,54.786078],[105.213796,54.770046],[105.207286,54.752509],[105.211355,54.735297],[105.229991,54.720526],[105.223725,54.701483],[105.231863,54.685614],[105.244151,54.670844],[105.250499,54.655341],[105.247813,54.646186],[105.234874,54.63349],[105.229991,54.625027],[105.232514,54.61872],[105.239757,54.614814],[105.243663,54.608913],[105.236257,54.597032],[105.243663,54.597032],[105.238048,54.594306],[105.223155,54.58336],[105.230479,54.578315],[105.236095,54.571479],[105.235932,54.565456],[105.226573,54.562934],[105.216807,54.559027],[105.216726,54.549872],[105.223155,54.532497],[105.222585,54.512559],[105.220225,54.49787],[105.216075,54.485907],[105.209483,54.474148],[105.167898,54.421088],[105.164806,54.408637],[105.179861,54.396348],[105.259939,54.368679],[105.271414,54.362128],[105.281261,54.354071],[105.293386,54.349311],[105.323741,54.35163],[105.336192,54.347235],[105.343191,54.338446],[105.353119,54.318671],[105.360362,54.309638],[105.365896,54.308417],[105.382091,54.310981],[105.387706,54.309638],[105.39088,54.304511],[105.392345,54.298285],[105.391694,54.294257],[105.387706,54.296007],[105.397227,54.280137],[105.403575,54.272162],[105.411794,54.268663],[105.417247,54.265448],[105.455577,54.229926],[105.493907,54.203396],[105.511241,54.186143],[105.52825,54.150946],[105.528575,54.145128],[105.562755,54.120958],[105.571707,54.111274],[105.572765,54.107204],[105.571544,54.102484],[105.577566,54.072618],[105.580984,54.063544],[105.586192,54.055854],[105.601166,54.045722],[105.648448,54.025458],[105.665457,54.021674],[105.688406,54.016303],[105.731456,53.992865],[105.750662,53.987494],[105.764171,53.99079],[105.781342,54.004828],[105.79184,54.008002],[105.799571,54.006415],[105.803152,54.002387],[105.805431,53.996934],[105.809093,53.991278],[105.815359,53.987576],[105.819591,53.989366],[105.823741,53.992987],[105.835134,53.996365],[105.840343,53.999132],[105.846121,54.00141],[105.853282,54.001166],[105.858897,53.997016],[105.859793,53.99079],[105.85906,53.984565],[105.860606,53.980658],[105.893647,53.96601],[105.901541,53.959581],[105.905935,53.950263],[105.905528,53.942491],[105.903087,53.933946],[105.901541,53.922309],[105.904714,53.909695],[105.912364,53.901435],[105.932221,53.888251],[105.952403,53.880316],[106.038666,53.870876],[106.07545,53.857978],[106.083507,53.853787],[106.09726,53.848253],[106.114024,53.850165],[106.145112,53.857204],[106.318777,53.868476],[106.34669,53.8664],[106.393565,53.843329],[106.42213,53.842108],[106.549327,53.862901],[106.590587,53.881659],[106.604991,53.886298],[106.655935,53.894802],[106.848155,53.882188],[106.912201,53.88581],[106.927175,53.884345],[106.947032,53.879584],[106.973074,53.870307],[106.995616,53.857042],[107.005056,53.840155],[107.019623,53.838324],[107.086843,53.846462],[107.152354,53.864447],[107.174083,53.875434],[107.183442,53.888251],[107.184255,53.894965],[107.188975,53.905463],[107.190115,53.911811],[107.187999,53.916571],[107.178233,53.927924],[107.175873,53.932318],[107.175141,53.943712],[107.175548,53.954413],[107.178152,53.964301],[107.183442,53.973212],[107.177745,53.978095],[107.177745,53.981024],[107.190115,53.987494],[107.214854,53.994818],[107.266694,54.000108],[107.30714,54.021837],[107.394216,54.05036],[107.402843,54.054389],[107.448416,54.089138],[107.454519,54.096137],[107.459727,54.103949],[107.463796,54.115831],[107.466075,54.142401],[107.469168,54.154975],[107.477468,54.168484],[107.489675,54.180976],[107.503673,54.19123],[107.517996,54.198188],[107.542898,54.205349],[107.564464,54.208604],[107.5713,54.210761],[107.580496,54.217841],[107.594249,54.23786],[107.602468,54.246649],[107.615245,54.254828],[107.708263,54.286811],[107.78297,54.293769],[107.79835,54.294745],[107.813243,54.293891],[107.827891,54.291327],[107.842703,54.287055],[107.852631,54.282782],[107.861095,54.277533],[107.877371,54.264919],[107.887299,54.259101],[107.897634,54.256049],[107.951427,54.25373],[107.966807,54.25495],[108.010183,54.26496],[108.024913,54.265245],[108.038585,54.262152],[108.040701,54.260932],[108.043956,54.258124],[108.045909,54.256781],[108.052013,54.254503],[108.063731,54.253363],[108.069428,54.251899],[108.075043,54.248236],[108.084239,54.238634],[108.090261,54.235297],[108.091807,54.235175],[108.096202,54.235297],[108.097667,54.234971],[108.100678,54.230658],[108.101654,54.224799],[108.101085,54.212592],[108.106537,54.193427],[108.131358,54.160956],[108.134776,54.140448],[108.132416,54.127875],[108.129242,54.117499],[108.124115,54.107693],[108.089285,54.061957],[108.07545,54.048448],[107.990896,54.006659],[107.980072,54.004177]]]}},{"type":"Feature","properties":{"dissolve":"134River","scalerank":4.0,"featurecla":"River","name":"Nu","name_alt":"Salween","rivernum":134,"note":null,"min_zoom":4.0,"name_en":"Salween","min_label":5.0},"bbox":[91.518321,30.432685,96.595632,31.943061],"geometry":{"type":"MultiLineString","coordinates":[[[91.518321,31.943061],[91.532237,31.909735],[91.536632,31.891466],[91.538015,31.85871],[91.540457,31.850369],[91.545014,31.840644],[91.545421,31.832099],[91.544444,31.816189],[91.545014,31.806464],[91.548595,31.787218],[91.554698,31.772081],[91.565522,31.762234],[91.583263,31.758653],[91.595144,31.753241],[91.628673,31.729356],[91.659434,31.718817],[91.669526,31.706814],[91.678315,31.692979],[91.688975,31.6824],[91.70574,31.677191],[91.72226,31.675482],[91.73585,31.6706],[91.743663,31.655626],[91.744151,31.645697],[91.741954,31.639431],[91.73878,31.634385],[91.736257,31.628363],[91.731212,31.607286],[91.730724,31.597276],[91.776296,31.569281],[91.784679,31.556342],[91.79005,31.542833],[91.800873,31.526557],[91.808849,31.508897],[91.805756,31.491156],[91.797537,31.491238],[91.791026,31.487128],[91.78655,31.480048],[91.784679,31.4713],[91.78769,31.457302],[91.795014,31.448269],[91.802257,31.441026],[91.812999,31.414252],[91.830658,31.403184],[91.853038,31.399278],[91.874034,31.402411],[91.888601,31.411892],[91.902843,31.425605],[91.918875,31.438015],[91.938975,31.443386],[91.976329,31.439276],[92.012625,31.428738],[92.019786,31.425482],[92.026947,31.42121],[92.033214,31.415798],[92.03769,31.409125],[92.03948,31.40115],[92.038585,31.393093],[92.034597,31.377021],[92.038829,31.340888],[92.058849,31.3133],[92.089854,31.296454],[92.126231,31.292589],[92.183604,31.294216],[92.209727,31.289333],[92.218761,31.289252],[92.241466,31.295111],[92.264415,31.306749],[92.285167,31.322048],[92.308442,31.346788],[92.321381,31.364529],[92.326264,31.37405],[92.331472,31.393093],[92.33253,31.403388],[92.332042,31.412665],[92.3296,31.420193],[92.32252,31.434678],[92.320567,31.442694],[92.321869,31.453559],[92.327729,31.463202],[92.336843,31.469753],[92.347992,31.471544],[92.357351,31.467353],[92.371104,31.453152],[92.381358,31.451361],[92.387136,31.453925],[92.390636,31.458197],[92.393647,31.462958],[92.39739,31.466742],[92.405691,31.469428],[92.413259,31.468329],[92.429454,31.463894],[92.438487,31.464301],[92.445404,31.46662],[92.46046,31.47366],[92.502533,31.484483],[92.516043,31.490505],[92.527436,31.499701],[92.531993,31.50198],[92.539968,31.503201],[92.563894,31.501899],[92.576915,31.505194],[92.602061,31.515896],[92.615489,31.518581],[92.651541,31.515082],[92.664236,31.515937],[92.674571,31.519232],[92.692556,31.528998],[92.702647,31.532782],[92.710053,31.535834],[92.723725,31.544379],[92.730968,31.547797],[92.765391,31.553249],[92.780772,31.549872],[92.830089,31.552354],[92.840424,31.556342],[92.843761,31.563992],[92.851736,31.564236],[92.871104,31.559434],[92.876964,31.561591],[92.879405,31.56627],[92.881114,31.57099],[92.884532,31.573106],[92.924083,31.572577],[92.930431,31.568874],[92.932628,31.564236],[92.933849,31.552802],[92.936453,31.547553],[92.948741,31.540351],[92.962901,31.542304],[92.976736,31.549384],[92.996755,31.56391],[93.003184,31.566474],[93.009939,31.565253],[93.026866,31.556098],[93.040619,31.545966],[93.046153,31.540147],[93.049246,31.534613],[93.051524,31.528998],[93.054698,31.524237],[93.060802,31.521186],[93.071218,31.522569],[93.091726,31.536322],[93.101573,31.541327],[93.129487,31.545966],[93.143565,31.545966],[93.187999,31.538682],[93.402192,31.543972],[93.428396,31.55036],[93.442149,31.552069],[93.455577,31.550971],[93.507253,31.53205],[93.5171,31.530341],[93.547374,31.529608],[93.563894,31.525499],[93.594656,31.512315],[93.611339,31.509467],[93.716889,31.508002],[93.750011,31.493842],[93.767996,31.488593],[93.788178,31.490261],[93.847667,31.512722],[93.917003,31.510688],[93.925304,31.512152],[93.934174,31.51557],[93.941742,31.520331],[93.955658,31.531765],[93.963634,31.535915],[93.973237,31.537624],[93.980479,31.535102],[93.995372,31.526313],[94.004893,31.524441],[94.032725,31.525499],[94.04184,31.523139],[94.048432,31.518744],[94.06129,31.507758],[94.070323,31.502875],[94.078543,31.501166],[94.097667,31.501085],[94.107188,31.499335],[94.130789,31.488145],[94.138927,31.487006],[94.155284,31.487576],[94.163503,31.486925],[94.168468,31.48546],[94.178233,31.481472],[94.183197,31.480089],[94.200857,31.480414],[94.21575,31.485948],[94.243175,31.504014],[94.257335,31.509711],[94.267507,31.507188],[94.286062,31.488308],[94.30128,31.479682],[94.319265,31.478054],[94.44866,31.481147],[94.470225,31.484198],[94.487641,31.484402],[94.504242,31.480536],[94.542003,31.465644],[94.561534,31.461615],[94.579845,31.455512],[94.594493,31.442816],[94.59905,31.429958],[94.595225,31.419216],[94.5796,31.398017],[94.57252,31.381863],[94.569347,31.367377],[94.569428,31.321234],[94.567963,31.314765],[94.564708,31.308783],[94.552419,31.298041],[94.523204,31.281358],[94.510916,31.270575],[94.505463,31.25788],[94.511974,31.251166],[94.539561,31.24494],[94.593679,31.238715],[94.60849,31.229438],[94.61378,31.221706],[94.621674,31.195421],[94.632416,31.170111],[94.634288,31.161078],[94.634288,31.1435],[94.635183,31.134955],[94.639171,31.127468],[94.644623,31.123236],[94.665701,31.112982],[94.681163,31.10102],[94.689138,31.096015],[94.698822,31.092597],[94.717296,31.091335],[94.723399,31.088975],[94.727306,31.085232],[94.733002,31.075873],[94.736827,31.072781],[94.754242,31.07038],[94.772716,31.074774],[94.882091,31.126532],[94.88795,31.127468],[94.894542,31.127712],[94.900645,31.128526],[94.905772,31.131619],[94.908783,31.137641],[94.910655,31.152371],[94.913178,31.159003],[94.921641,31.16706],[94.933604,31.174262],[94.958018,31.183458],[94.967296,31.185126],[95.008393,31.182888],[95.032725,31.177598],[95.045095,31.172675],[95.058197,31.169745],[95.069916,31.172309],[95.093028,31.184027],[95.112071,31.188747],[95.170665,31.186225],[95.224864,31.190456],[95.251964,31.18891],[95.432384,31.128933],[95.44752,31.118923],[95.45753,31.103624],[95.472667,31.069688],[95.496755,31.038113],[95.518647,30.993923],[95.527924,30.980821],[95.536143,30.9737],[95.589122,30.944892],[95.601573,30.939805],[95.615245,30.938056],[95.630626,30.939805],[95.645763,30.943874],[95.660492,30.949978],[95.673839,30.957628],[95.693777,30.96601],[95.712332,30.966335],[95.760509,30.953152],[95.770518,30.952582],[95.780284,30.953966],[95.789073,30.957384],[95.794444,30.96072],[95.799083,30.964382],[95.802419,30.968858],[95.805186,30.974636],[95.807384,30.984442],[95.808849,30.988959],[95.812022,30.993435],[95.822765,31.000922],[95.836681,31.005561],[95.851492,31.007392],[95.864838,31.006619],[95.871349,31.00491],[95.87672,31.002021],[95.880626,30.99787],[95.883311,30.992133],[95.884369,30.984809],[95.885753,30.982367],[95.889903,30.97956],[95.895274,30.979112],[95.904552,30.985785],[95.910492,30.986396],[95.915538,30.983222],[95.918956,30.975369],[95.92392,30.972724],[95.9463,30.968126],[95.968761,30.965888],[95.975841,30.963731],[95.997162,30.952826],[96.003429,30.948554],[96.054861,30.945421],[96.072032,30.938096],[96.102794,30.920844],[96.119558,30.917507],[96.164154,30.91413],[96.254975,30.892401],[96.271902,30.886298],[96.277843,30.881903],[96.279877,30.876899],[96.281179,30.871121],[96.28419,30.864325],[96.290701,30.85989],[96.299083,30.860622],[96.308197,30.863227],[96.317312,30.864285],[96.330007,30.862738],[96.335704,30.860785],[96.341075,30.857001],[96.345225,30.851671],[96.351329,30.839301],[96.355072,30.833564],[96.361827,30.825303],[96.367768,30.81623],[96.417491,30.668769],[96.424327,30.627794],[96.436127,30.592637],[96.437999,30.583116],[96.44394,30.566107],[96.485769,30.516791],[96.506358,30.482693],[96.530772,30.459988],[96.540457,30.433539],[96.555675,30.432685],[96.595632,30.447943]]]}},{"type":"Feature","properties":{"dissolve":"135River","scalerank":4.0,"featurecla":"River","name":"Tigris","name_alt":null,"rivernum":135,"note":null,"min_zoom":4.0,"name_en":"Tigris","min_label":5.0},"bbox":[42.376557,31.018826,47.455658,37.062527],"geometry":{"type":"MultiLineString","coordinates":[[[42.376557,37.062527],[42.383718,37.040717],[42.397472,37.017117],[42.414561,36.995632],[42.452647,36.965522],[42.47047,36.954861],[42.488048,36.955146],[42.507498,36.97309],[42.507823,36.957953],[42.503184,36.937852],[42.503998,36.921739],[42.5206,36.918484],[42.513194,36.896552],[42.515554,36.887315],[42.523936,36.87991],[42.534923,36.863227],[42.508718,36.861843],[42.503998,36.851386],[42.51474,36.84337],[42.534923,36.849555],[42.56601,36.836615],[42.582937,36.826606],[42.596446,36.796088],[42.612397,36.789374],[42.654714,36.788764],[42.659597,36.790798],[42.663829,36.795274],[42.669363,36.79975],[42.678233,36.801785],[42.690359,36.799628],[42.699229,36.794298],[42.729584,36.766791],[42.747162,36.753974],[42.75644,36.750271],[42.764578,36.74962],[42.772472,36.747667],[42.781261,36.740343],[42.758881,36.733425],[42.749604,36.727484],[42.747162,36.719835],[42.753998,36.711534],[42.764415,36.712226],[42.799734,36.726386],[42.808035,36.725898],[42.822276,36.719835],[42.8296,36.714626],[42.83489,36.708116],[42.843272,36.692572],[42.851654,36.704657],[42.861095,36.710517],[42.872651,36.712348],[42.887462,36.712429],[42.8921,36.706163],[42.888194,36.692328],[42.877452,36.671454],[42.905528,36.66352],[42.904389,36.646674],[42.886485,36.635443],[42.863862,36.64411],[42.857351,36.643093],[42.83961,36.64411],[42.831147,36.643093],[42.830496,36.640204],[42.831554,36.63585],[42.829112,36.630479],[42.822765,36.623847],[42.818614,36.617214],[42.818126,36.610216],[42.822276,36.602566],[42.79599,36.59516],[42.771902,36.577012],[42.753998,36.552273],[42.747162,36.524685],[42.751069,36.505439],[42.761648,36.498603],[42.794932,36.5008],[42.832774,36.498603],[42.863862,36.493272],[42.921886,36.493272],[42.935557,36.490668],[42.972341,36.476833],[42.979991,36.470038],[42.977794,36.462673],[42.968516,36.45246],[42.966319,36.44245],[42.968761,36.433417],[42.974701,36.426947],[43.000662,36.409288],[43.03183,36.399685],[43.048839,36.390937],[43.061615,36.397406],[43.08196,36.399197],[43.123953,36.397732],[43.117117,36.380154],[43.125499,36.367051],[43.138438,36.356391],[43.14503,36.345893],[43.148529,36.343085],[43.166026,36.333808],[43.172293,36.328884],[43.17628,36.320746],[43.185964,36.287869],[43.172293,36.287869],[43.178803,36.277655],[43.196218,36.256415],[43.199718,36.250596],[43.205007,36.238389],[43.216401,36.229804],[43.227957,36.223009],[43.233165,36.216498],[43.237315,36.204861],[43.247,36.197821],[43.258311,36.19241],[43.267182,36.185411],[43.272472,36.169379],[43.274669,36.164984],[43.28712,36.15001],[43.288259,36.150702],[43.292491,36.148383],[43.299246,36.145697],[43.302989,36.141384],[43.295421,36.128445],[43.294526,36.121283],[43.295909,36.091824],[43.298595,36.08157],[43.303722,36.073432],[43.326264,36.049994],[43.336192,36.033067],[43.340017,36.01435],[43.336192,35.993679],[43.345876,35.979926],[43.346202,35.970811],[43.341401,35.961046],[43.333995,35.938666],[43.331065,35.932481],[43.329112,35.926052],[43.329356,35.918524],[43.334565,35.910956],[43.343191,35.907823],[43.351492,35.906521],[43.356619,35.904242],[43.36085,35.880683],[43.34962,35.861111],[43.331635,35.85281],[43.315684,35.863308],[43.315684,35.807563],[43.309093,35.794908]],[[43.309093,35.794908],[43.298757,35.795722],[43.290457,35.78913],[43.288097,35.776719],[43.287608,35.74372],[43.288259,35.735419],[43.29184,35.729275],[43.318451,35.712958],[43.32252,35.708767],[43.318614,35.694281],[43.308686,35.689805],[43.295339,35.68891],[43.280854,35.685167],[43.273367,35.677558],[43.258311,35.655585],[43.241303,35.644639],[43.24822,35.630194],[43.267182,35.606024],[43.26588,35.597032],[43.262787,35.589911],[43.254324,35.575954],[43.248953,35.569688],[43.244395,35.568915],[43.241466,35.56623],[43.240652,35.554226],[43.249278,35.530463],[43.265636,35.500312],[43.275971,35.471503],[43.267182,35.451768],[43.271902,35.442572],[43.271251,35.436957],[43.268809,35.431098],[43.267182,35.421088],[43.26946,35.411566],[43.274018,35.406317],[43.278738,35.403388],[43.280854,35.400906],[43.285818,35.393378],[43.31129,35.370429],[43.32252,35.362413],[43.350597,35.352973],[43.364838,35.345079],[43.37086,35.332343],[43.369884,35.329535],[43.367117,35.328437],[43.363536,35.32746],[43.360037,35.325222],[43.356863,35.319037],[43.358979,35.315131],[43.362397,35.311957],[43.363536,35.307807],[43.359874,35.293158],[43.356619,35.286973],[43.350515,35.280463],[43.401541,35.273383],[43.422455,35.265448],[43.418712,35.246365],[43.410085,35.2414],[43.398692,35.238389],[43.388927,35.233425],[43.384532,35.22248],[43.388276,35.213568],[43.397065,35.200995],[43.407237,35.189765],[43.41505,35.184882],[43.480724,35.126532],[43.493744,35.110704],[43.52003,35.100694],[43.54005,35.088975],[43.53476,35.068183],[43.562104,35.052924],[43.577159,35.041571],[43.583914,35.030626],[43.580658,35.013739],[43.572765,34.996894],[43.562511,34.983995],[43.552257,34.978827],[43.542572,34.970282],[43.530284,34.951483],[43.522065,34.932725],[43.52532,34.92418],[43.539236,34.917344],[43.540701,34.901068],[43.53948,34.881781],[43.545665,34.865831],[43.55364,34.861151],[43.558849,34.860053],[43.561697,34.856757],[43.564464,34.83572],[43.568614,34.827175],[43.576427,34.815009],[43.577566,34.804877],[43.576182,34.795925],[43.577403,34.789496],[43.594737,34.78559],[43.600515,34.78205],[43.611095,34.773383],[43.619884,34.771186],[43.628835,34.770779],[43.635753,34.767401],[43.638438,34.756659],[43.640229,34.743679],[43.644786,34.742296],[43.651378,34.743964],[43.658946,34.739814],[43.668224,34.727362],[43.675873,34.712836],[43.676768,34.699774],[43.665131,34.691474],[43.671479,34.68183],[43.688569,34.669053],[43.693777,34.66352],[43.695893,34.654893],[43.693777,34.626288],[43.696788,34.614447],[43.71046,34.596788],[43.713471,34.585273],[43.714122,34.56269],[43.716238,34.553656],[43.720876,34.54682],[43.739187,34.538357],[43.756765,34.535997],[43.769786,34.529731],[43.774994,34.509589],[43.78183,34.372748],[43.785085,34.363878],[43.799083,34.350775],[43.802257,34.345079],[43.803803,34.337104],[43.820567,34.298896],[43.824636,34.29328],[43.827729,34.286404],[43.8296,34.273057],[43.828868,34.263495],[43.823985,34.247423],[43.822765,34.235541],[43.829356,34.223009],[43.860362,34.195828],[43.870616,34.184353],[43.886729,34.144558],[43.894786,34.132839],[43.92864,34.10578],[43.971446,34.085395],[43.987885,34.081326],[44.055431,34.075059],[44.092865,34.071804],[44.148529,34.059678],[44.186046,34.057563],[44.194916,34.055976],[44.203624,34.05268],[44.209972,34.048367],[44.221283,34.038031],[44.22755,34.033759],[44.233653,34.032294],[44.239187,34.033718],[44.249278,34.04031],[44.270518,34.046739],[44.291433,34.041693],[44.331147,34.019599],[44.37794,34.001329],[44.427989,33.963568],[44.439952,33.951036],[44.447683,33.935492],[44.450857,33.916327],[44.450125,33.89765],[44.444021,33.880154],[44.409923,33.835517],[44.391205,33.792751],[44.389415,33.783637],[44.389171,33.774482],[44.391612,33.765448],[44.396902,33.757025],[44.403575,33.749864],[44.423432,33.7331],[44.425873,33.729031],[44.425792,33.724677],[44.411713,33.706081],[44.407807,33.698757],[44.391043,33.637559],[44.385346,33.62991],[44.377452,33.625434],[44.366222,33.62462],[44.35434,33.625434],[44.342865,33.624823],[44.332042,33.621365],[44.322683,33.613471],[44.319753,33.603461],[44.328298,33.584499],[44.326182,33.574164],[44.313243,33.561103],[44.310069,33.555854],[44.308604,33.550116],[44.30836,33.532172],[44.305268,33.514716],[44.304861,33.508816],[44.305268,33.503119],[44.311127,33.481065],[44.313243,33.476182],[44.316335,33.471788],[44.320323,33.468085],[44.336843,33.459337],[44.341726,33.455634],[44.348399,33.445258],[44.348725,33.434434],[44.343028,33.411729],[44.342865,33.404853],[44.344656,33.39879],[44.347748,33.393337],[44.352631,33.388495],[44.362397,33.381781],[44.36671,33.377956],[44.369884,33.37287],[44.376394,33.34866],[44.390391,33.325507],[44.383556,33.32213],[44.378429,33.317003],[44.37558,33.310411],[44.375906,33.302761],[44.379649,33.294745],[44.385997,33.289252],[44.393809,33.285915],[44.402354,33.284288],[44.412364,33.284247],[44.417084,33.28502],[44.434581,33.291327],[44.438975,33.291815],[44.447846,33.28913],[44.451915,33.282904],[44.455089,33.266221],[44.458263,33.260688],[44.462494,33.256415],[44.467784,33.253241],[44.473643,33.250841],[44.483816,33.24376],[44.48935,33.233018],[44.491222,33.220404],[44.489757,33.207628],[44.488699,33.205024],[44.485932,33.200548],[44.484955,33.198025],[44.483409,33.185818],[44.484386,33.178778],[44.486827,33.173122],[44.491222,33.169053],[44.497976,33.166815],[44.508718,33.166287],[44.512136,33.165595],[44.516043,33.164089],[44.52711,33.157742],[44.550548,33.136176],[44.556244,33.128933],[44.560802,33.121039],[44.568614,33.09809],[44.570811,33.083564],[44.572846,33.077989],[44.576427,33.072943],[44.581065,33.06977],[44.586925,33.070095],[44.591401,33.07331],[44.595144,33.077582],[44.599132,33.081122],[44.604503,33.082058],[44.612234,33.077216],[44.618256,33.067816],[44.626882,33.048204],[44.632091,33.03913],[44.638682,33.031806],[44.646414,33.025824],[44.655691,33.020575],[44.665701,33.016181],[44.677257,33.013129],[44.688569,33.012722],[44.698985,33.016181],[44.71046,33.024115],[44.714936,33.025702],[44.72047,33.026435],[44.727143,33.026679],[44.733653,33.025824],[44.738536,33.023261],[44.74114,33.013739],[44.736095,33.003119],[44.728608,32.99254],[44.724213,32.983425],[44.724864,32.977973],[44.727957,32.974229],[44.732839,32.972032],[44.738292,32.971137],[44.744395,32.971747],[44.749034,32.974189],[44.757091,32.982123],[44.766856,32.988064],[44.776296,32.986518],[44.784923,32.980414],[44.806651,32.959784],[44.814382,32.957343],[44.822683,32.962104],[44.8296,32.97016],[44.833751,32.97248],[44.839366,32.972113],[44.844656,32.969021],[44.848155,32.964219],[44.85255,32.952948],[44.858165,32.943183],[44.865815,32.93712],[44.875418,32.934272],[44.896983,32.932644],[44.907237,32.928819],[44.917003,32.923285],[44.925792,32.916938],[44.934093,32.908555],[44.94866,32.889594],[44.95753,32.881456],[44.969168,32.876003],[44.980561,32.875067],[44.992117,32.877712],[45.031505,32.898057],[45.041515,32.900336],[45.050792,32.899237],[45.060069,32.894843],[45.065684,32.887559],[45.064382,32.877997],[45.056082,32.870958],[45.033702,32.864081],[45.026378,32.856757],[45.026947,32.846706],[45.034434,32.837185],[45.09075,32.792751],[45.097097,32.789089],[45.103526,32.786322],[45.110362,32.785346],[45.117442,32.787136],[45.130463,32.793769],[45.136974,32.79446],[45.144949,32.792019],[45.163666,32.781195],[45.170502,32.778591],[45.17864,32.777126],[45.267345,32.774278],[45.278819,32.766221],[45.279226,32.752021],[45.273529,32.736192],[45.257498,32.709052],[45.254405,32.700873],[45.255789,32.693427],[45.261974,32.689236],[45.270437,32.688829],[45.286632,32.692328],[45.293875,32.692898],[45.300059,32.69184],[45.306082,32.689154],[45.311697,32.684882],[45.316905,32.679633],[45.320323,32.67414],[45.324962,32.661404],[45.329112,32.653428],[45.334727,32.647976],[45.341889,32.64586],[45.350515,32.647976],[45.357921,32.651313],[45.364757,32.652777],[45.371511,32.651923],[45.378917,32.64822],[45.389659,32.638048],[45.397065,32.625678],[45.415701,32.58454],[45.419851,32.578315],[45.42628,32.573554],[45.435313,32.57038],[45.440196,32.569688],[45.444753,32.570258],[45.447765,32.571845],[45.450206,32.574164],[45.4546,32.579454],[45.462169,32.584581],[45.502696,32.595526],[45.507335,32.595811],[45.511729,32.595242],[45.513682,32.59455],[45.515636,32.593451],[45.518647,32.590277],[45.519786,32.589545],[45.520437,32.589301],[45.521007,32.589301],[45.522472,32.588975],[45.524994,32.586249],[45.526866,32.583279],[45.529307,32.576728],[45.528819,32.567206],[45.520112,32.550157],[45.520518,32.54088],[45.526296,32.534369],[45.53476,32.53205],[45.544037,32.532986],[45.552175,32.5362],[45.566824,32.548651],[45.574636,32.553819],[45.584402,32.555487],[45.589366,32.553575],[45.592784,32.549628],[45.595795,32.544949],[45.599213,32.54088],[45.605479,32.537909],[45.61321,32.536689],[45.621104,32.536933],[45.627696,32.538357],[45.6338,32.541938],[45.647878,32.558661],[45.654307,32.56269],[45.660574,32.563992],[45.692475,32.558621],[45.698253,32.555976],[45.706147,32.54796],[45.717296,32.528835],[45.725352,32.521511],[45.730724,32.518866],[45.735769,32.517524],[45.740815,32.51789],[45.779307,32.531684],[45.785167,32.532335],[45.791108,32.531358],[45.79599,32.528632],[45.799571,32.524726],[45.804779,32.515204],[45.807628,32.508612],[45.809093,32.502224]],[[43.309093,35.794908],[43.308849,35.794379],[43.315684,35.794379],[43.309093,35.794908]],[[45.806895,32.510932],[45.812104,32.505927],[45.818858,32.506415],[45.831554,32.512478],[45.840912,32.525336],[45.851492,32.536485],[45.863862,32.545233],[45.893158,32.554755],[45.900645,32.555732],[45.907319,32.554714],[45.913666,32.55211],[45.919526,32.550401],[45.925222,32.551134],[45.930675,32.555854],[45.932872,32.560329],[45.936941,32.575303],[45.941173,32.585232],[45.947683,32.595526],[45.955658,32.604438],[45.964773,32.610175],[45.976573,32.613389],[46.030854,32.622178],[46.036062,32.625108],[46.047781,32.636542],[46.052826,32.639472],[46.095795,32.653144],[46.10434,32.654568],[46.140636,32.650173],[46.161876,32.640896],[46.176524,32.629828],[46.206472,32.583441],[46.219005,32.572374],[46.233816,32.565212],[46.249766,32.560858],[46.296967,32.554511],[46.312022,32.550157],[46.335948,32.533026],[46.348888,32.528266],[46.398367,32.523953],[46.465261,32.530707],[46.481619,32.529364],[46.497081,32.52558],[46.555431,32.504218],[46.635671,32.492458],[46.651459,32.486396],[46.663178,32.479356],[46.673106,32.47073],[46.747813,32.367214],[46.749522,32.358222],[46.747569,32.34988],[46.740652,32.343777],[46.723643,32.33747],[46.716075,32.333035],[46.710053,32.32571],[46.70696,32.318183],[46.705577,32.31037],[46.706065,32.302517],[46.708425,32.294704],[46.717865,32.276679],[46.721609,32.267361],[46.721772,32.25727],[46.719249,32.248603],[46.714854,32.241156],[46.708914,32.23489],[46.701915,32.229356],[46.693614,32.220811],[46.691905,32.211371],[46.695079,32.201239],[46.711192,32.174587],[46.71339,32.168565],[46.714122,32.16352],[46.714285,32.148139],[46.71575,32.137559],[46.719493,32.12877],[46.726085,32.121772],[46.735362,32.1164],[46.757335,32.10932],[46.767182,32.104112],[46.774425,32.095486],[46.781016,32.08157],[46.78419,32.077826],[46.789073,32.075141],[46.794444,32.074246],[46.799897,32.07453],[46.823741,32.079535],[46.830089,32.079372],[46.836925,32.077826],[46.843842,32.075303],[46.856456,32.068305],[46.862804,32.062079],[46.86671,32.054755],[46.893647,31.961941],[46.899343,31.948554],[46.906342,31.936835],[46.948334,31.893175],[46.954845,31.877875],[46.965587,31.869249],[46.989268,31.86225],[47.012787,31.863105],[47.023692,31.877875],[47.034434,31.878974],[47.083914,31.890652],[47.098725,31.89586],[47.10963,31.88288],[47.12322,31.874538],[47.134776,31.863837],[47.13974,31.844021],[47.137625,31.832953],[47.128347,31.819607],[47.126069,31.809882],[47.12794,31.797227],[47.132091,31.788031],[47.136729,31.780341],[47.13974,31.772325],[47.143972,31.729275],[47.149832,31.711371],[47.18336,31.695339],[47.191661,31.675482],[47.194347,31.641384],[47.205496,31.629503],[47.221283,31.620673],[47.23585,31.609442],[47.242198,31.59044],[47.283702,31.531521],[47.29241,31.527452],[47.314708,31.521918],[47.324148,31.5185],[47.336029,31.51081],[47.355479,31.487738],[47.374522,31.47252],[47.379975,31.463894],[47.376231,31.453315],[47.369558,31.441352],[47.369558,31.430121],[47.37558,31.419379],[47.386811,31.408637],[47.400076,31.400499],[47.414154,31.394151],[47.42628,31.386746],[47.434011,31.375108],[47.435151,31.355821],[47.427989,31.343858],[47.418549,31.334662],[47.414073,31.323594],[47.426036,31.284613],[47.437266,31.263251],[47.441173,31.247504],[47.442556,31.230902],[47.441417,31.216824],[47.426524,31.180935],[47.427745,31.169623],[47.441417,31.156317],[47.453868,31.153428],[47.455658,31.149197],[47.437592,31.131456],[47.423106,31.108913],[47.420909,31.10696],[47.421967,31.097724],[47.426687,31.093614],[47.431651,31.090277],[47.434011,31.083075],[47.428722,31.050482],[47.427989,31.034857],[47.434011,31.018826]]]}},{"type":"Feature","properties":{"dissolve":"137River","scalerank":4.0,"featurecla":"River","name":"Benue","name_alt":null,"rivernum":137,"note":null,"min_zoom":4.0,"name_en":"Benue","min_label":5.0},"bbox":[6.767263,7.73371,11.924083,9.50906],"geometry":{"type":"MultiLineString","coordinates":[[[11.924083,9.490546],[11.907644,9.497178],[11.873057,9.505439],[11.819753,9.50906],[11.777029,9.506456],[11.736746,9.498562],[11.695486,9.476101],[11.666759,9.465359],[11.652843,9.456122],[11.626964,9.43476],[11.601573,9.41824],[11.42628,9.331488],[11.375662,9.294745],[11.345225,9.262397],[11.334158,9.25377],[11.301443,9.24494],[11.286388,9.236884],[11.28004,9.219997],[11.263357,9.19892],[11.224376,9.185981],[11.149832,9.17182],[11.086192,9.140733],[11.028575,9.09394],[10.979991,9.036444],[10.915782,8.916124],[10.905935,8.887071],[10.90211,8.85338],[10.892996,8.820624],[10.870046,8.792304],[10.841075,8.769599],[10.752615,8.719346],[10.733165,8.714789],[10.683604,8.719346],[10.650157,8.710761],[10.586436,8.67536],[10.553233,8.670966],[10.539968,8.676215],[10.513357,8.693874],[10.498709,8.698839],[10.479421,8.697821],[10.46282,8.690782],[10.432872,8.667833],[10.421886,8.666693],[10.390636,8.68122],[10.374522,8.685167],[10.357839,8.684434],[10.342214,8.681952],[10.327566,8.677558],[10.313731,8.670966],[10.284353,8.671576],[10.269542,8.639675],[10.257823,8.601386],[10.238292,8.582831],[10.221202,8.578681],[10.21046,8.56863],[10.188975,8.53795],[10.183523,8.521511],[10.177989,8.514757],[10.169688,8.51085],[10.141124,8.507107],[10.113292,8.496772],[10.112315,8.45661],[10.106456,8.445258],[10.095144,8.438341],[10.068126,8.433905],[10.055186,8.427924],[10.048025,8.419949],[10.043386,8.410264],[10.030284,8.364936],[10.021414,8.350775],[10.019705,8.345649],[10.012136,8.344346],[9.990408,8.334988],[9.980724,8.333075],[9.950613,8.331977],[9.91505,8.32335],[9.88087,8.308661],[9.859386,8.289862],[9.847097,8.272244],[9.827078,8.24372],[9.804128,8.226833],[9.784923,8.22248],[9.744884,8.223944],[9.725515,8.221747],[9.71754,8.218614],[9.710704,8.214179],[9.677745,8.185981],[9.654226,8.173122],[9.631847,8.164089],[9.624929,8.159939],[9.607107,8.14407],[9.600108,8.139838],[9.566905,8.129706],[9.559093,8.126044],[9.555105,8.123562],[9.552175,8.120876],[9.549978,8.117377],[9.547862,8.110541],[9.546072,8.107367],[9.538992,8.101345],[9.530772,8.097764],[9.432791,8.073798],[9.424327,8.070095],[9.420177,8.066718],[9.412771,8.059272],[9.407644,8.057074],[9.388194,8.041571],[9.367686,8.003282],[9.360281,7.993191],[9.35377,7.988471],[9.340261,7.984076],[9.333018,7.980089],[9.328054,7.973741],[9.322927,7.958075],[9.319347,7.952175],[9.307872,7.944688],[9.270925,7.938544],[9.223155,7.917426],[9.135671,7.890082],[9.099376,7.883897],[9.025808,7.883368],[8.989513,7.874538],[8.976736,7.866563],[8.966726,7.856309],[8.948904,7.832628],[8.917898,7.811591],[8.878917,7.803778],[8.799327,7.799018],[8.763194,7.788601],[8.659923,7.740668],[8.640147,7.735785],[8.619884,7.73371],[8.520518,7.73961],[8.50172,7.742987],[8.492117,7.747178],[8.465505,7.764431],[8.455577,7.7685],[8.410818,7.776435],[8.398611,7.780382],[8.38738,7.786485],[8.362478,7.805732],[8.316173,7.831081],[8.293386,7.855577],[8.264334,7.863959],[8.232188,7.867214],[8.200369,7.876573],[8.146983,7.904161],[8.119558,7.914171],[8.03533,7.928534],[8.018321,7.935126],[7.968272,7.964423],[7.933849,7.973741],[7.86321,7.982001],[7.828868,7.990017],[7.781179,8.006049],[7.716807,8.013129],[7.653331,8.028917],[7.636729,8.030097],[7.495128,8.016425],[7.319265,8.031684],[7.285818,8.028144],[7.083995,7.96015],[7.032725,7.929551],[7.031505,7.924018],[7.024343,7.920681],[7.005056,7.903591],[6.97047,7.882188],[6.860037,7.836208],[6.816173,7.829779],[6.801199,7.82392],[6.784434,7.813788],[6.771251,7.800645],[6.767263,7.785712]]]}},{"type":"Feature","properties":{"dissolve":"138River","scalerank":4.0,"featurecla":"River","name":"Ayeyarwady","name_alt":"Irrawaddy","rivernum":138,"note":null,"min_zoom":3.0,"name_en":"Irrawaddy","min_label":4.0},"bbox":[94.713145,16.2508,97.53419,25.700751],"geometry":{"type":"MultiLineString","coordinates":[[[97.486339,25.700751],[97.500499,25.696601],[97.516124,25.694363],[97.528819,25.689154],[97.53419,25.676296],[97.530772,25.66706],[97.513601,25.64407],[97.506765,25.631903],[97.501475,25.605496],[97.496755,25.548774],[97.486339,25.52204],[97.438894,25.454779],[97.409109,25.397976],[97.403575,25.381415],[97.407481,25.368109],[97.418956,25.354275],[97.424327,25.340928],[97.420502,25.330186],[97.404389,25.324042],[97.397716,25.327012],[97.378835,25.333279],[97.370209,25.337673],[97.34669,25.366807],[97.336925,25.369452],[97.325206,25.365098],[97.313487,25.357204],[97.308197,25.347927],[97.309174,25.342841],[97.313894,25.333279],[97.314952,25.327094],[97.313731,25.318671],[97.310802,25.317816],[97.306163,25.319037],[97.300792,25.316596],[97.292247,25.310899],[97.282725,25.307196],[97.274018,25.301296],[97.267833,25.289252],[97.267019,25.277777],[97.27296,25.256374],[97.274669,25.2449],[97.271495,25.217353],[97.262787,25.207139],[97.249766,25.201117],[97.233002,25.186225],[97.227957,25.168565],[97.231537,25.146104],[97.243744,25.126776],[97.264415,25.118598],[97.30714,25.129503],[97.318858,25.126899],[97.314952,25.104315],[97.297944,25.081488],[97.279877,25.086615],[97.259858,25.098009],[97.236827,25.094062],[97.226166,25.089545],[97.218679,25.089423],[97.214122,25.086453],[97.212576,25.073269],[97.215424,25.060899],[97.229096,25.045966],[97.233002,25.035997],[97.221934,24.997016],[97.188569,24.969428],[97.116954,24.932969],[97.101492,24.916205],[97.098155,24.899766],[97.102794,24.867784],[97.093028,24.860541],[97.048106,24.840115],[97.034434,24.823106],[97.034923,24.802761],[97.050792,24.757921],[97.060557,24.716376],[97.102794,24.651801],[97.111339,24.631415],[97.115489,24.611396],[97.118093,24.544542],[97.117117,24.533474],[97.106944,24.513983],[97.110932,24.502712],[97.123139,24.487901],[97.121593,24.372504],[97.136811,24.337104],[97.185476,24.289008],[97.188487,24.281277],[97.205007,24.270453],[97.203054,24.246161],[97.193126,24.220811],[97.185313,24.206732],[97.17628,24.194851],[97.163585,24.181342],[97.147227,24.170356],[97.112804,24.161444],[97.084076,24.142198],[97.061697,24.137885],[97.050304,24.138739],[97.030772,24.143093],[97.009532,24.145372],[96.976085,24.144721],[96.956147,24.140082],[96.942393,24.1317],[96.92921,24.128119],[96.910818,24.137885],[96.867442,24.186794],[96.836925,24.199042],[96.8213,24.212755],[96.808442,24.228624],[96.800955,24.240912],[96.790945,24.277411],[96.781993,24.290391],[96.750662,24.299587],[96.69866,24.329657],[96.652761,24.346625],[96.640636,24.354193],[96.633556,24.357286],[96.622488,24.358832],[96.610932,24.358954],[96.602468,24.357611],[96.591889,24.352403],[96.588634,24.346869],[96.587169,24.339789],[96.58196,24.329657],[96.567556,24.314154],[96.55128,24.303534],[96.532319,24.297471],[96.509939,24.295518],[96.490896,24.29918],[96.472667,24.305854],[96.454845,24.309272],[96.437999,24.303005],[96.446381,24.275173],[96.431407,24.253241],[96.383311,24.221055],[96.362641,24.200222],[96.303233,24.113959],[96.295014,24.096218],[96.289806,24.075141],[96.28712,24.048529],[96.289968,23.970282],[96.280284,23.946112],[96.274425,23.940009],[96.271007,23.932074],[96.250418,23.857611],[96.245372,23.844997],[96.237804,23.834052],[96.22877,23.829413],[96.221446,23.824246],[96.216726,23.812079],[96.205007,23.7685],[96.200287,23.761583],[96.191498,23.754259],[96.180675,23.752224],[96.167247,23.752631],[96.155528,23.749701],[96.150483,23.73725],[96.14796,23.71308],[96.140147,23.691026],[96.127371,23.670722],[96.10963,23.651923],[96.057058,23.609076],[96.034923,23.585232],[96.020274,23.55504],[96.012299,23.514228],[96.006602,23.384955],[95.978119,23.261746],[95.964854,22.76907],[95.962006,22.759385],[95.955089,22.750312],[95.943451,22.744249],[95.920095,22.743232],[95.910492,22.739447],[95.901296,22.707221],[95.917003,22.661689],[95.985281,22.550116],[95.990245,22.529324],[95.982432,22.510443],[95.969493,22.49197],[95.964773,22.472602],[95.963796,22.392524],[95.97047,22.374376],[95.989513,22.35281],[96.012706,22.331855],[96.013682,22.323025],[96.006602,22.308702],[96.001475,22.302802],[95.995942,22.298407],[95.990489,22.292304],[95.986095,22.281358],[95.98463,22.270819],[95.987804,22.216498],[96.000418,22.157904],[96.007498,22.089423],[96.024994,22.058214],[96.048106,21.994005],[96.05128,21.956366],[96.04127,21.923448],[96.021007,21.896552],[95.992931,21.876736],[95.973155,21.867255],[95.955496,21.860907],[95.936534,21.857367],[95.913829,21.856269],[95.90089,21.863389],[95.848888,21.910834],[95.814708,21.925564],[95.776459,21.931505],[95.526866,21.922146],[95.511974,21.917507],[95.505789,21.907782],[95.499441,21.88996],[95.47169,21.856879],[95.465343,21.839464],[95.461518,21.811306],[95.45045,21.780829],[95.432058,21.756374],[95.406749,21.746405],[95.387136,21.7331],[95.368337,21.66531],[95.355479,21.636542],[95.355479,21.630316],[95.348888,21.621283],[95.342296,21.608913],[95.337006,21.595974],[95.327403,21.545966],[95.324474,21.537462],[95.33017,21.463935],[95.3213,21.465847],[95.313406,21.452094],[95.305593,21.450466],[95.296886,21.452989],[95.287201,21.452175],[95.280365,21.448513],[95.275483,21.445095],[95.271983,21.441759],[95.269135,21.438422],[95.255463,21.421088],[95.19101,21.370225],[95.158621,21.329657],[95.141612,21.31391],[95.118663,21.307563],[95.077403,21.301337],[95.069428,21.30329],[95.056407,21.312283],[95.047537,21.315009],[95.021902,21.311225],[95.002208,21.296698],[94.989757,21.275092],[94.985606,21.249823],[94.975027,21.244208],[94.90976,21.225613],[94.863048,21.22602],[94.85963,21.227159],[94.855968,21.227566],[94.848399,21.225613],[94.843028,21.22248],[94.833751,21.213731],[94.819347,21.204372],[94.809825,21.185981],[94.803315,21.16352],[94.799897,21.143663],[94.800955,21.099636],[94.817149,21.015733],[94.820323,20.972357],[94.806407,20.924506],[94.776459,20.89114],[94.742931,20.864203],[94.718028,20.835801],[94.713145,20.813829],[94.718761,20.796088],[94.727631,20.779975],[94.732351,20.76321],[94.733979,20.745551],[94.744884,20.706488],[94.752208,20.691189],[94.766694,20.672919],[94.782481,20.658067],[94.794932,20.643419],[94.799897,20.626044],[94.802989,20.606147],[94.816417,20.565945],[94.820323,20.547187],[94.818451,20.515245],[94.820323,20.506212],[94.828624,20.496121],[94.83839,20.491726],[94.848888,20.488552],[94.858653,20.482001],[94.869233,20.463935],[94.889252,20.396348],[94.905203,20.364854],[94.908702,20.343817],[94.900076,20.324652],[94.896495,20.310411],[94.896658,20.245551],[94.899425,20.236029],[94.908376,20.216824],[94.90976,20.204617],[94.907644,20.199774],[94.898692,20.190497],[94.896658,20.184109],[94.89796,20.177314],[94.900076,20.17296],[94.902599,20.169867],[94.903575,20.16706],[94.906749,20.146593],[94.91448,20.124335],[94.925548,20.103787],[94.937755,20.088487],[94.967296,20.066433],[94.985606,20.0574],[95.002533,20.053738],[95.010834,20.04918],[95.017019,20.038601],[95.019216,20.02619],[95.016205,20.016466],[95.010834,20.005439],[95.014089,19.996446],[95.026459,19.98489],[95.033132,19.980536],[95.050304,19.972724],[95.053803,19.96837],[95.047537,19.93769],[95.048595,19.924384],[95.052175,19.915107],[95.061941,19.910224],[95.081147,19.910346],[95.112641,19.890733],[95.142182,19.860867],[95.160167,19.823065],[95.156261,19.780056],[95.138682,19.7508],[95.135753,19.739081],[95.138438,19.726752],[95.152843,19.708279],[95.156261,19.701199],[95.169932,19.622382],[95.16448,19.500556],[95.169932,19.457872],[95.19394,19.396674],[95.197276,19.37226],[95.195567,19.350857],[95.187266,19.320014],[95.174897,19.15294],[95.169932,19.135769],[95.154877,19.116238],[95.139415,19.106879],[95.127045,19.095649],[95.112722,19.015163],[95.115245,18.991767],[95.125906,18.950751],[95.134207,18.930854],[95.146251,18.913194],[95.19337,18.865831],[95.204112,18.848334],[95.213145,18.805487],[95.2046,18.76789],[95.185639,18.737576],[95.163097,18.716824],[95.152843,18.710801],[95.122081,18.697537],[95.117279,18.696845],[95.106212,18.698432],[95.101573,18.697537],[95.099376,18.693305],[95.095225,18.67947],[95.079845,18.66706],[95.075857,18.645087],[95.073741,18.601345],[95.066498,18.579698],[95.062999,18.561794],[95.067475,18.543769],[95.084565,18.522244],[95.163097,18.464179],[95.179454,18.447618],[95.192393,18.43004],[95.200857,18.409857],[95.204112,18.385606],[95.20989,18.363227],[95.224132,18.348578],[95.242198,18.339545],[95.259288,18.333808],[95.287364,18.320014],[95.311697,18.300076],[95.355479,18.251288],[95.361095,18.246649],[95.377208,18.236151],[95.382823,18.23078],[95.387787,18.219916],[95.394786,18.195258],[95.399913,18.186103],[95.403575,18.176703],[95.402843,18.154568],[95.406749,18.145087],[95.412364,18.13585],[95.450287,18.033067],[95.4546,17.996365],[95.444835,17.957099],[95.439871,17.949408],[95.42864,17.938544],[95.423839,17.929145],[95.424246,17.921088],[95.433686,17.875922],[95.439871,17.866645],[95.454519,17.850287],[95.459076,17.839952],[95.457774,17.829535],[95.451101,17.813056],[95.449718,17.770209],[95.4581,17.72602],[95.473562,17.685899],[95.492605,17.655382],[95.502452,17.64529],[95.516612,17.63406],[95.533132,17.625027],[95.55071,17.621283],[95.565522,17.614285],[95.561453,17.597439],[95.541026,17.559841],[95.540294,17.544257],[95.542491,17.521104],[95.547862,17.500067],[95.557546,17.490912],[95.570079,17.484402],[95.604096,17.453315],[95.623057,17.443142],[95.648448,17.44005],[95.66505,17.440741],[95.674246,17.436591],[95.677013,17.418972],[95.669851,17.408067],[95.623057,17.381049],[95.610362,17.366034],[95.599539,17.345526],[95.591726,17.323188],[95.588878,17.302558],[95.588878,17.261908],[95.591319,17.25141],[95.639903,17.14765],[95.646495,17.109931],[95.635916,17.073188],[95.595795,17.036444],[95.571707,17.018826],[95.560964,17.014838],[95.56308,16.981716],[95.567393,16.964057],[95.575206,16.942247],[95.612234,16.879747],[95.612641,16.86404],[95.593272,16.848944],[95.575694,16.847683],[95.556895,16.850165],[95.533702,16.846625],[95.521495,16.837836],[95.492279,16.811306],[95.47519,16.805691],[95.450206,16.803778],[95.433116,16.798163],[95.403331,16.777777],[95.388682,16.772488],[95.348562,16.764757],[95.334972,16.75788],[95.331147,16.743476],[95.33253,16.719591],[95.338471,16.6942],[95.348643,16.67536],[95.323741,16.661444],[95.323334,16.647569],[95.327891,16.631293],[95.317556,16.610175],[95.302257,16.602118],[95.281749,16.596055],[95.262706,16.587714],[95.25172,16.572943],[95.253184,16.563341],[95.264578,16.544989],[95.266124,16.538153],[95.258881,16.529242],[95.230886,16.508165],[95.221446,16.504014],[95.200694,16.499091],[95.188243,16.486355],[95.177745,16.468777],[95.163097,16.449408],[95.080089,16.393866],[95.060639,16.367499],[95.04005,16.295193],[95.033783,16.281277],[95.007091,16.260688],[94.992442,16.2508]]]}},{"type":"Feature","properties":{"dissolve":"13River","scalerank":1.0,"featurecla":"River","name":"Tongtian","name_alt":null,"rivernum":13,"note":null,"min_zoom":2.0,"name_en":"Tongtian","min_label":3.0},"bbox":[92.992768,31.689765,98.541515,34.767524],"geometry":{"type":"MultiLineString","coordinates":[[[92.992768,34.100287],[93.011729,34.108588],[93.019216,34.124376],[93.024343,34.145046],[93.03419,34.163031],[93.056163,34.170681],[93.070323,34.178819],[93.112641,34.215847],[93.128429,34.225898],[93.170421,34.232286],[93.348155,34.232123],[93.359874,34.229275],[93.382498,34.220323],[93.392019,34.218451],[93.414236,34.220567],[93.454845,34.229926],[93.477306,34.232123],[93.499278,34.230048],[93.542979,34.220649],[93.662852,34.211697],[93.699636,34.217882],[93.748627,34.232286],[93.792491,34.251817],[93.813731,34.273057],[93.811534,34.290391],[93.80657,34.305732],[93.811127,34.316718],[93.837576,34.320909],[93.849864,34.327338],[93.86085,34.342108],[93.875092,34.36933],[93.893077,34.391425],[93.90032,34.403673],[93.90683,34.44127],[93.917247,34.453559],[93.950206,34.472357],[93.973155,34.4713],[94.001069,34.491767],[94.057628,34.55268],[94.068126,34.561347],[94.082286,34.566718],[94.120616,34.571479],[94.152192,34.584906],[94.169444,34.589057],[94.20517,34.587348],[94.237234,34.582221],[94.264578,34.583767],[94.286632,34.602078],[94.295828,34.620673],[94.300385,34.633653],[94.307628,34.641181],[94.324229,34.643622],[94.337169,34.65115],[94.344493,34.664659],[94.351166,34.670966],[94.362315,34.656684],[94.375499,34.67654],[94.392345,34.684394],[94.433686,34.684597],[94.451752,34.68769],[94.475841,34.695339],[94.496755,34.705186],[94.505789,34.715033],[94.521414,34.744696],[94.558442,34.764024],[94.602468,34.767524],[94.638927,34.749823],[94.652354,34.741278],[94.883393,34.700954],[94.917898,34.686347],[94.94394,34.66352],[94.967459,34.6706],[94.977794,34.650092],[94.982351,34.622626],[94.989024,34.608913],[94.997813,34.6046],[95.006765,34.585801],[95.016205,34.58161],[95.038097,34.581122],[95.046886,34.579169],[95.053803,34.574774],[95.057628,34.566107],[95.061127,34.54267],[95.067475,34.5338],[95.079519,34.529893],[95.101085,34.534451],[95.111501,34.530707],[95.156261,34.492621],[95.169932,34.486029],[95.179128,34.488145],[95.188487,34.49433],[95.198985,34.499701],[95.211436,34.49962],[95.218842,34.492499],[95.228526,34.469753],[95.235362,34.464911],[95.246674,34.466091],[95.266124,34.471218],[95.276378,34.472357],[95.287608,34.46955],[95.303966,34.458848],[95.313975,34.458686],[95.316173,34.463243],[95.315522,34.471544],[95.317556,34.480292],[95.327566,34.486029],[95.33839,34.485907],[95.344737,34.481024],[95.347992,34.472602],[95.348643,34.461778],[95.357921,34.459581],[95.410167,34.417751],[95.445079,34.379665],[95.466563,34.362616],[95.492605,34.348822],[95.555919,34.329942],[95.578054,34.311143],[95.5678,34.280544],[95.574962,34.275824],[95.588878,34.259467],[95.582937,34.253933],[95.574718,34.24376],[95.5678,34.238959],[95.57545,34.231635],[95.58546,34.226182],[95.596202,34.224677],[95.617605,34.233832],[95.627859,34.229438],[95.637299,34.222276],[95.646576,34.218451],[95.666596,34.21369],[95.680268,34.200792],[95.68808,34.182196],[95.690684,34.160183],[95.695323,34.142646],[95.706635,34.129177],[95.788829,34.063422],[95.794363,34.053331],[95.825857,34.051866],[95.848399,34.015082],[95.865001,33.971788],[95.879649,33.950954],[95.889659,33.949408],[95.894786,33.944851],[95.896495,33.937445],[95.898204,33.914374],[95.902354,33.912543],[95.908702,33.913845],[95.917247,33.90998],[95.933849,33.894599],[95.951101,33.882432],[95.970144,33.873725],[95.992931,33.869005],[95.987071,33.843207],[96.007742,33.833808],[96.03476,33.829169],[96.048106,33.817491],[96.066905,33.810248],[96.10198,33.805935],[96.122081,33.797919],[96.095876,33.779649],[96.130626,33.764838],[96.147065,33.762722],[96.160737,33.769721],[96.167247,33.77086],[96.175304,33.768012],[96.181895,33.767768],[96.184825,33.776557],[96.188731,33.781765],[96.198171,33.78498],[96.209239,33.786444],[96.218272,33.786444],[96.214285,33.779853],[96.211436,33.773464],[96.22047,33.772569],[96.22698,33.7685],[96.230479,33.76142],[96.231944,33.751736],[96.197765,33.746161],[96.205089,33.735541],[96.227306,33.738593],[96.231944,33.728787],[96.23463,33.717963],[96.241466,33.720526],[96.249278,33.728095],[96.256114,33.732489],[96.293956,33.738715],[96.306407,33.737128],[96.310476,33.733181],[96.314708,33.731879],[96.328136,33.738715],[96.351654,33.76203],[96.35906,33.765977],[96.372081,33.762885],[96.392345,33.749294],[96.400076,33.746161],[96.405772,33.739122],[96.397716,33.701768],[96.403819,33.684109],[96.430186,33.690863],[96.455984,33.679551],[96.500011,33.643134],[96.487804,33.635688],[96.472097,33.628852],[96.472097,33.622626],[96.522227,33.620673],[96.577566,33.611151],[96.617768,33.588406],[96.623546,33.546902],[96.636648,33.551825],[96.651866,33.553738],[96.68157,33.553738],[96.700694,33.547309],[96.708914,33.533271],[96.706716,33.51911],[96.695242,33.512763],[96.689464,33.50613],[96.694021,33.491645],[96.705496,33.471788],[96.707042,33.465522],[96.706716,33.461249],[96.708507,33.456326],[96.722748,33.43948],[96.722179,33.434149],[96.715831,33.431505],[96.705496,33.430854],[96.705496,33.423407],[96.714692,33.419216],[96.721934,33.413194],[96.727957,33.405626],[96.732839,33.396674],[96.73463,33.405463],[96.737315,33.409247],[96.743093,33.40998],[96.753347,33.409735],[96.746511,33.396674],[96.764903,33.397488],[96.772716,33.38878],[96.774099,33.373847],[96.773692,33.35574],[96.785085,33.364081],[96.789154,33.386176],[96.800955,33.389838],[96.793549,33.375556],[96.802989,33.367499],[96.828298,33.313544],[96.832612,33.321112],[96.837413,33.326239],[96.848888,33.334581],[96.853445,33.325059],[96.858979,33.32213],[96.865652,33.324571],[96.873057,33.330878],[96.880789,33.33279],[96.917735,33.327175],[96.936534,33.332953],[96.950857,33.342637],[96.963959,33.348212],[96.97934,33.341417],[96.976736,33.337185],[96.976736,33.336208],[96.978038,33.334296],[96.97934,33.327175],[96.985606,33.334337],[96.991466,33.337958],[97.007091,33.341417],[97.004487,33.334581],[96.999766,33.313544],[97.020437,33.320176],[97.022227,33.300645],[97.017182,33.273139],[97.0171,33.255805],[97.022227,33.245388],[97.019054,33.225165],[97.023936,33.214464],[97.047374,33.183783],[97.083995,33.156684],[97.10377,33.146308],[97.120128,33.142198],[97.134288,33.133246],[97.174815,33.067084],[97.180919,33.052558],[97.185313,33.046658],[97.195811,33.039618],[97.220225,33.029731],[97.229991,33.022732],[97.240815,33.003974],[97.246023,32.964911],[97.25351,32.9442],[97.267345,32.931179],[97.287852,32.922471],[97.310639,32.917792],[97.331716,32.916287],[97.346934,32.910753],[97.360769,32.896999],[97.371349,32.879177],[97.376964,32.86164],[97.3838,32.77912],[97.391368,32.761542],[97.424815,32.724473],[97.426768,32.716579],[97.427013,32.707587],[97.430431,32.700222],[97.441742,32.697211],[97.447683,32.694281],[97.465831,32.676703],[97.559093,32.629706],[97.56544,32.624823],[97.573985,32.621283],[97.594493,32.623562],[97.603038,32.621446],[97.607514,32.61461],[97.616954,32.592637],[97.620372,32.587958],[97.663585,32.559841],[97.817556,32.51321],[97.83782,32.511501],[97.856212,32.51907],[97.886648,32.497585],[98.013927,32.464423],[98.066742,32.422716],[98.075857,32.412909],[98.080333,32.404608],[98.09075,32.401679],[98.113455,32.402371],[98.122813,32.400214],[98.129242,32.394965],[98.135265,32.388251],[98.144216,32.381903],[98.187266,32.366645],[98.205577,32.355577],[98.213145,32.337755],[98.211681,32.296169],[98.213308,32.273057],[98.2199,32.252143],[98.271495,32.190701],[98.309255,32.128607],[98.374522,32.080349],[98.384369,32.063422],[98.393321,32.040066],[98.436534,32.00373],[98.452729,31.983995],[98.456472,31.960395],[98.452729,31.932888],[98.444835,31.907904],[98.435313,31.892157],[98.422781,31.881619],[98.418875,31.879828],[98.420502,31.878119],[98.435069,31.838324],[98.434581,31.824571],[98.425385,31.8133],[98.445323,31.803534],[98.468272,31.766791],[98.501231,31.749701],[98.541515,31.689765]]]}},{"type":"Feature","properties":{"dissolve":"140River","scalerank":4.0,"featurecla":"River","name":"Rhin","name_alt":"Rhein","rivernum":140,"note":null,"min_zoom":4.0,"name_en":"Rhein","min_label":5.0},"bbox":[7.511241,47.544501,8.881114,48.965399],"geometry":{"type":"MultiLineString","coordinates":[[[8.881114,47.656358],[8.852061,47.671007],[8.815684,47.684272],[8.776541,47.693671],[8.639822,47.696234],[8.631521,47.690497],[8.624522,47.681505],[8.607351,47.670681],[8.617442,47.666327],[8.624522,47.659044],[8.624766,47.65058],[8.614268,47.642686],[8.6067,47.656562],[8.602468,47.647488],[8.599864,47.612616],[8.594412,47.600531],[8.568044,47.575466],[8.559581,47.560818],[8.539317,47.568671],[8.52296,47.577663],[8.505138,47.585028],[8.480154,47.58808],[8.417491,47.581081],[8.353526,47.581244],[8.315684,47.58808],[8.305837,47.592475],[8.298757,47.602118],[8.293386,47.61168],[8.288097,47.616034],[8.276541,47.616889],[8.250499,47.62226],[8.232432,47.622138],[8.17864,47.616034],[8.173269,47.613796],[8.168386,47.608913],[8.161632,47.604031],[8.14324,47.600369],[8.121593,47.592393],[8.113292,47.58808],[8.104991,47.581488],[8.100841,47.576443],[8.096446,47.572089],[8.086681,47.567654],[8.041677,47.560818],[7.911632,47.560818],[7.908946,47.56505],[7.906993,47.57449],[7.903738,47.583848],[7.897634,47.58808],[7.833181,47.590766],[7.819102,47.595526],[7.801036,47.57628],[7.784923,47.563422],[7.766124,47.55622],[7.682872,47.544501],[7.660899,47.546495],[7.609141,47.565009],[7.588552,47.567654],[7.583507,47.572943],[7.585378,47.584255],[7.58961,47.595038],[7.59197,47.5987],[7.589773,47.608222],[7.584646,47.613471],[7.578136,47.617214],[7.572032,47.62226],[7.549734,47.652696],[7.536143,47.665473],[7.521251,47.670681],[7.517345,47.67532],[7.514089,47.686062],[7.511241,47.707587],[7.514822,47.713568],[7.531505,47.72545],[7.537364,47.732123],[7.537771,47.748399],[7.525401,47.783393],[7.528087,47.797309],[7.54241,47.829657],[7.547862,47.834499],[7.561453,47.839545],[7.56365,47.850653],[7.558523,47.869249],[7.558604,47.873725],[7.557872,47.876288],[7.557302,47.87877],[7.558523,47.882921],[7.561453,47.887397],[7.567882,47.891628],[7.572032,47.896593],[7.57838,47.906562],[7.580089,47.911078],[7.578868,47.927314],[7.584483,47.940701],[7.611095,47.959662],[7.620616,47.971706],[7.618419,48.002875],[7.575206,48.0539],[7.572032,48.095242],[7.578298,48.114773],[7.585134,48.12995],[7.592296,48.138861],[7.599132,48.144965],[7.604259,48.152859],[7.606375,48.167182],[7.612804,48.17947],[7.675955,48.238715],[7.686534,48.253241],[7.692882,48.270128],[7.694998,48.290473],[7.701915,48.311469],[7.718028,48.320258],[7.736339,48.326931],[7.750255,48.34162],[7.751475,48.355577],[7.746349,48.368964],[7.739757,48.381659],[7.736583,48.393744],[7.737804,48.406806],[7.745128,48.433295],[7.750255,48.444648],[7.757091,48.454169],[7.763682,48.460639],[7.768809,48.470323],[7.770763,48.489325],[7.77589,48.498399],[7.787852,48.506537],[7.812918,48.519802],[7.812918,48.526638],[7.801199,48.547797],[7.80128,48.582587],[7.809744,48.615261],[7.851817,48.658962],[7.863536,48.664374],[7.880056,48.667914],[7.895437,48.676825],[7.922781,48.698554],[7.934581,48.703559],[7.948009,48.712185],[7.958669,48.721625],[7.963145,48.72956],[7.964366,48.748643],[7.969656,48.757514],[7.980968,48.760037],[8.009044,48.760362],[8.016775,48.76203],[8.02239,48.765326],[8.024587,48.770819],[8.026785,48.780341],[8.031423,48.78559],[8.036062,48.78852],[8.038259,48.791042],[8.047048,48.791287],[8.083669,48.804389],[8.089773,48.807807],[8.102224,48.821601],[8.147472,48.903998],[8.178722,48.942939],[8.199718,48.958848],[8.229991,48.965399]]]}},{"type":"Feature","properties":{"dissolve":"141River","scalerank":4.0,"featurecla":"River","name":"Nederrijn","name_alt":null,"rivernum":141,"note":null,"min_zoom":4.0,"name_en":"Nederrijn","min_label":5.0},"bbox":[5.331065,51.879706,6.031016,51.987494],"geometry":{"type":"MultiLineString","coordinates":[[[6.031016,51.879706],[6.028087,51.889838],[6.024587,51.89643],[6.018728,51.90058],[6.009207,51.905585],[5.981212,51.916327],[5.967296,51.924506],[5.961436,51.936062],[5.951834,51.950141],[5.929454,51.965033],[5.886241,51.987494],[5.861746,51.973334],[5.803966,51.973415],[5.783865,51.959581],[5.742605,51.968573],[5.705496,51.962958],[5.668224,51.952338],[5.626231,51.946601],[5.58196,51.953192],[5.504893,51.981879],[5.461681,51.987494],[5.449392,51.985419],[5.429454,51.97663],[5.420177,51.973904],[5.408946,51.974189],[5.382742,51.980089],[5.360362,51.976915],[5.331065,51.962958]]]}},{"type":"Feature","properties":{"dissolve":"142River","scalerank":4.0,"featurecla":"River","name":"Lek","name_alt":null,"rivernum":142,"note":null,"min_zoom":4.0,"name_en":"Lek","min_label":5.0},"bbox":[4.098399,51.895616,5.331065,52.00373],"geometry":{"type":"MultiLineString","coordinates":[[[5.331065,51.962958],[5.310313,51.959581],[5.254161,51.979031],[5.239187,51.976996],[5.221202,51.968329],[5.197276,51.965522],[5.172781,51.967597],[5.153982,51.973904],[5.144542,51.981147],[5.130626,51.995917],[5.118419,52.001817],[5.104747,52.00373],[5.09547,52.0008],[5.086599,51.996609],[5.063731,51.992743],[5.054861,51.988471],[5.040294,51.976996],[5.030203,51.974229],[4.98878,51.980089],[4.986746,51.978542],[4.9546,51.967068],[4.926524,51.949164],[4.916515,51.946601],[4.851003,51.949164],[4.830577,51.946601],[4.776134,51.92239],[4.740164,51.916042],[4.680919,51.898139],[4.594981,51.898139],[4.571707,51.901394],[4.528005,51.915473],[4.509044,51.918647],[4.461192,51.905585],[4.340831,51.895616],[4.308849,51.898261],[4.277029,51.912218],[4.23821,51.918647],[4.127696,51.982123],[4.098399,51.989081]]]}},{"type":"Feature","properties":{"dissolve":"145Lake Centerline","scalerank":4.0,"featurecla":"Lake Centerline","name":"Verkhniy Yenisey","name_alt":null,"rivernum":145,"note":null,"min_zoom":4.0,"name_en":"Verkhniy Yenisey","min_label":5.0},"bbox":[90.934255,53.735419,92.408376,55.503119],"geometry":{"type":"MultiLineString","coordinates":[[[91.510916,53.735419],[91.493663,53.754665],[91.483409,53.768012],[91.468761,53.778103],[91.442882,53.799262],[91.433686,53.823676],[91.435557,53.861762],[91.441417,53.890489],[91.448416,53.915107],[91.459239,53.932074],[91.490733,53.940863],[91.512625,53.958075],[91.527599,53.979438],[91.546641,54.004259],[91.558849,54.02912],[91.560151,54.062934],[91.547781,54.095282],[91.525645,54.131863],[91.492686,54.172553],[91.435557,54.225898],[91.405854,54.267524],[91.380463,54.310574],[91.339366,54.347032],[91.294037,54.38227],[91.27296,54.425482],[91.273855,54.474189],[91.260265,54.51142],[91.231537,54.529364],[91.194265,54.54682],[91.15976,54.558783],[91.123057,54.575995],[90.959402,54.639675],[90.934255,54.666571],[90.935476,54.700303],[90.946544,54.762885],[90.94866,54.805609],[90.946544,54.856635],[90.951427,54.88699],[90.964854,54.906317],[90.983002,54.936632],[90.999929,54.961453],[91.013927,54.9796],[91.03476,55.001899],[91.063487,55.022813],[91.099132,55.042344],[91.165945,55.058458],[91.34726,55.06448],[91.415701,55.078315],[91.533702,55.107001],[91.749522,55.136664],[91.818126,55.149115],[91.858816,55.158026],[91.895437,55.171169],[92.01295,55.191352],[92.106863,55.220811],[92.142996,55.238064],[92.206554,55.281928],[92.235606,55.307196],[92.31837,55.388129],[92.345714,55.420722],[92.408376,55.503119]]]}},{"type":"Feature","properties":{"dissolve":"145River","scalerank":4.0,"featurecla":"River","name":"Verkhniy Yenisey","name_alt":null,"rivernum":145,"note":null,"min_zoom":4.0,"name_en":"Verkhniy Yenisey","min_label":5.0},"bbox":[91.324229,51.560981,94.464773,58.100124],"geometry":{"type":"MultiLineString","coordinates":[[[92.998057,58.100124],[92.971283,58.058295],[92.986257,58.031562],[93.027599,58.018378],[93.080089,58.017524],[93.130626,58.024522],[93.154714,58.02086],[93.168875,58.003933],[93.168224,57.982733],[93.15976,57.97016],[93.155854,57.957384],[93.168875,57.935614],[93.182058,57.923041],[93.211436,57.90058],[93.22405,57.887803],[93.233897,57.872748],[93.241954,57.855658],[93.248139,57.83747],[93.251964,57.818915],[93.254649,57.768866],[93.271251,57.702419],[93.27532,57.653144],[93.283702,57.630194],[93.297455,57.610134],[93.316824,57.589545],[93.326589,57.563747],[93.310802,57.541693],[93.265636,57.511054],[93.251394,57.485907],[93.263682,57.440619],[93.255056,57.418565],[93.241222,57.395453],[93.240733,57.370795],[93.250011,57.346788],[93.265636,57.325507],[93.288666,57.305447],[93.318451,57.28795],[93.350678,57.27558],[93.401866,57.267849],[93.412527,57.259874],[93.429454,57.23668],[93.448334,57.22309],[93.450857,57.216905],[93.449962,57.201972],[93.437511,57.176215],[93.435313,57.161322],[93.446544,57.154812],[93.454031,57.148749],[93.459483,57.134955],[93.462983,57.11994],[93.464122,57.110134],[93.458588,57.080268],[93.44337,57.061347],[93.396007,57.031277],[93.379893,57.014024],[93.374929,57.010199],[93.381114,56.998358],[93.398529,56.977159],[93.402192,56.966091],[93.403412,56.953477],[93.406993,56.942491],[93.412201,56.933051],[93.418956,56.925116],[93.450613,56.895087],[93.46046,56.87877],[93.464122,56.856513],[93.473643,56.833604],[93.496593,56.818427],[93.525645,56.809434],[93.552989,56.805365],[93.586925,56.804796],[93.602957,56.801215],[93.615164,56.791083],[93.618907,56.780219],[93.614513,56.772895],[93.594005,56.756903],[93.602631,56.745185],[93.635509,56.715928],[93.664236,56.680935],[93.672781,56.674994],[93.684581,56.67239],[93.731212,56.653876],[93.745535,56.643337],[93.753917,56.632148],[93.760265,56.620714],[93.768647,56.609483],[93.774099,56.598497],[93.784109,56.560981],[93.785655,56.548407],[93.782644,56.530382],[93.774018,56.521023],[93.714366,56.49787],[93.699229,56.489569],[93.686697,56.479438],[93.685639,56.468451],[93.703868,56.421169],[93.685964,56.41002],[93.631358,56.390408],[93.611339,56.38703],[93.595307,56.376329],[93.592377,56.329413],[93.577159,56.318712],[93.520274,56.320746],[93.492931,56.317979],[93.457612,56.297878],[93.438569,56.290391],[93.422537,56.279853],[93.415701,56.260362],[93.416921,56.233344],[93.415131,56.2178],[93.403575,56.20893],[93.278738,56.174669],[93.191173,56.16295],[93.168875,56.153632],[93.158214,56.139675],[93.163666,56.128282],[93.173595,56.114285],[93.17628,56.092149],[93.163829,56.075303],[93.140636,56.062608],[93.118175,56.060492],[93.107921,56.075141],[93.094656,56.086371],[93.064952,56.079901],[93.018565,56.058051],[92.977794,56.03205],[92.928966,56.013129],[92.708588,55.974636],[92.466807,55.961859],[92.455333,55.963813],[92.428803,55.973212],[92.415294,55.976142],[92.398692,55.976671],[92.367768,55.972968],[92.353282,55.969306],[92.316742,55.951728],[92.280284,55.922471],[92.25294,55.887274],[92.24407,55.851996],[92.249034,55.835883],[92.260671,55.817979],[92.276541,55.803331],[92.313487,55.791571],[92.356944,55.764594],[92.381114,55.756415],[92.431895,55.75141],[92.458751,55.744696],[92.470632,55.732774],[92.473237,55.711249],[92.479991,55.691189],[92.497162,55.653998],[92.503917,55.628974],[92.500092,55.609931],[92.487315,55.593207],[92.466807,55.575141],[92.453217,55.555976],[92.446788,55.534857],[92.43629,55.526679],[92.422537,55.518012],[92.408376,55.503119]],[[94.464773,51.73371],[94.444835,51.731716],[94.406505,51.711371],[94.385753,51.706366],[94.36085,51.704413],[94.333588,51.69892],[94.307628,51.69005],[94.286632,51.678412],[94.254649,51.649034],[94.236257,51.636501],[94.194428,51.625678],[94.135183,51.590277],[94.080007,51.575995],[93.938731,51.560981],[93.909923,51.563015],[93.840343,51.586697],[93.82366,51.590277],[93.618175,51.590277],[93.607351,51.588202],[93.58839,51.578803],[93.577159,51.576687],[93.530935,51.582587],[93.518321,51.582831],[93.513438,51.58043],[93.502208,51.571234],[93.497813,51.5692],[93.490001,51.57038],[93.475515,51.575507],[93.47047,51.576687],[93.394216,51.585639],[93.327078,51.603949],[93.303233,51.601386],[93.247,51.58865],[93.209483,51.599066],[93.011322,51.610785],[92.986257,51.60696],[92.949311,51.58869],[92.92921,51.582831],[92.866954,51.585517],[92.836843,51.583319],[92.806407,51.5692],[92.788259,51.577704],[92.769216,51.581122],[92.731212,51.582831],[92.71046,51.587348],[92.67628,51.601101],[92.658946,51.603949],[92.650076,51.607042],[92.639903,51.620714],[92.631277,51.623847],[92.621104,51.625596],[92.602957,51.634345],[92.593435,51.637478],[92.519135,51.634345],[92.500987,51.641181],[92.485606,51.651313],[92.448253,51.665473],[92.42571,51.679145],[92.405935,51.684923],[92.386648,51.688341],[92.379324,51.6942],[92.37379,51.700995],[92.367605,51.706366],[92.334239,51.716905],[92.249766,51.730048],[92.209727,51.741156],[92.21575,51.754665],[92.194347,51.765977],[92.148448,51.782091],[92.138682,51.805243],[92.141124,51.823676],[92.140391,51.840155],[92.121023,51.857204],[92.039073,51.899766],[92.003998,51.92536],[91.977061,51.959581],[92.005056,51.994493],[92.342784,52.169135],[92.373057,52.198554],[92.422781,52.261298],[92.454031,52.311103],[92.466807,52.326443],[92.478282,52.347724],[92.471772,52.365505],[92.455007,52.37995],[92.355398,52.436957],[92.317393,52.467312],[92.298595,52.501532],[92.302989,52.522813],[92.324799,52.565375],[92.32252,52.580634],[92.303396,52.597846],[92.285818,52.60871],[92.265554,52.614773],[92.203217,52.621039],[92.189952,52.61754],[92.179779,52.611274],[92.15919,52.594346],[92.151866,52.590847],[92.142019,52.587714],[92.122325,52.573554],[92.11085,52.57038],[92.093272,52.570868],[92.083995,52.572699],[92.059581,52.584052],[91.986339,52.596015],[91.946218,52.618679],[91.923106,52.615831],[91.88087,52.597724],[91.849132,52.590196],[91.813894,52.588324],[91.779307,52.592719],[91.750499,52.603868],[91.72877,52.625434],[91.72047,52.639268],[91.72698,52.645453],[91.784679,52.645453],[91.779063,52.653917],[91.757823,52.674669],[91.750499,52.680243],[91.736908,52.68476],[91.704112,52.691189],[91.692882,52.696967],[91.667979,52.702257],[91.596446,52.679551],[91.475515,52.654812],[91.442556,52.659125],[91.427664,52.667548],[91.418224,52.676703],[91.40797,52.684027],[91.39088,52.687079],[91.382498,52.690701],[91.364513,52.707872],[91.353282,52.713731],[91.35255,52.719916],[91.331472,52.733181],[91.325857,52.744818],[91.324229,52.768622],[91.325857,52.777167],[91.332774,52.789496],[91.347097,52.807725],[91.362234,52.820828],[91.424083,52.857001],[91.43214,52.864691],[91.439382,52.890408],[91.449718,52.893175],[91.463145,52.893134],[91.476736,52.899359],[91.480479,52.908067],[91.493907,52.953803],[91.518321,52.987494],[91.477061,53.048651],[91.459727,53.066962],[91.44752,53.084052],[91.4463,53.100898],[91.452729,53.117051],[91.463145,53.132107],[91.466889,53.138983],[91.4699,53.146674],[91.47462,53.153876],[91.483002,53.159451],[91.497569,53.162055],[91.598399,53.15705],[91.622081,53.158718],[91.671641,53.171739],[91.727306,53.179877],[91.747081,53.190131],[91.791433,53.248155],[91.958507,53.374457],[91.970225,53.378485],[91.934011,53.430609],[91.908702,53.456732],[91.877452,53.467882],[91.840587,53.466173],[91.823334,53.468817],[91.808849,53.478095],[91.767833,53.525946],[91.74879,53.535224],[91.726573,53.53616],[91.703624,53.534491],[91.68214,53.5362],[91.663503,53.544257],[91.656342,53.554551],[91.653575,53.567816],[91.648041,53.584581],[91.625662,53.606065],[91.564545,53.626776],[91.545014,53.646064],[91.562429,53.654975],[91.581716,53.668158],[91.596609,53.683905],[91.600352,53.700629],[91.588878,53.714219],[91.536225,53.724229],[91.510916,53.735419]]]}},{"type":"Feature","properties":{"dissolve":"146River","scalerank":4.0,"featurecla":"River","name":"Nu","name_alt":null,"rivernum":146,"note":null,"min_zoom":4.0,"name_en":"Nu","min_label":5.0},"bbox":[96.595632,20.951239,99.125255,30.450995],"geometry":{"type":"MultiLineString","coordinates":[[[96.595632,30.447943],[96.615896,30.450995],[96.68157,30.449652],[96.701752,30.441759],[96.703868,30.422919],[96.691824,30.380723],[96.691742,30.370225],[96.694835,30.349636],[96.70989,30.309516],[96.715343,30.301378],[96.722179,30.297065],[96.730398,30.29621],[96.747162,30.29739],[96.755951,30.296576],[96.764578,30.294745],[96.772553,30.291449],[96.779796,30.286241],[96.793468,30.272976],[96.800873,30.267849],[96.826671,30.258572],[96.849864,30.243272],[96.857432,30.239936],[96.865489,30.239081],[96.896495,30.244005],[96.917979,30.241767],[96.938487,30.234198],[96.982595,30.201768],[96.991954,30.197537],[97.003429,30.194648],[97.009369,30.194037],[97.015391,30.194037],[97.033214,30.197292],[97.039561,30.197455],[97.053396,30.195909],[97.060313,30.194281],[97.066905,30.191596],[97.079031,30.182685],[97.100027,30.160224],[97.111746,30.150906],[97.14739,30.131212],[97.169037,30.113389],[97.177745,30.109442],[97.186941,30.107937],[97.205333,30.1081],[97.214447,30.107042],[97.222667,30.104275],[97.247813,30.089667],[97.258718,30.078925],[97.266612,30.066107],[97.287608,30.021511],[97.293468,30.013983],[97.300222,30.007351],[97.306733,30.002631],[97.3213,29.994696],[97.327403,29.989569],[97.337413,29.974311],[97.344249,29.955919],[97.348399,29.936632],[97.349701,29.918647],[97.358165,29.899482],[97.377615,29.885443],[97.400483,29.873481],[97.418061,29.860663],[97.422374,29.84455],[97.428233,29.795274],[97.435069,29.784939],[97.447276,29.773139],[97.447276,29.746609],[97.438487,29.702338],[97.442393,29.684678],[97.453543,29.664496],[97.468272,29.647773],[97.483165,29.640937],[97.494395,29.638292],[97.499115,29.631415],[97.500255,29.621446],[97.499929,29.60989],[97.503917,29.60281],[97.561453,29.548041],[97.571707,29.531073],[97.581147,29.486111],[97.595144,29.473456],[97.614838,29.466579],[97.68214,29.459296],[97.703705,29.450873],[97.712901,29.431749],[97.723643,29.422716],[97.829194,29.381781],[97.848155,29.371772],[97.856212,29.356309],[97.85906,29.346544],[97.866466,29.339219],[97.876475,29.334662],[97.886974,29.333075],[97.897716,29.327826],[97.899425,29.315538],[97.89739,29.30154],[97.897227,29.290839],[97.900971,29.28205],[97.906749,29.273383],[97.913666,29.266791],[97.932384,29.261501],[97.935639,29.25491],[97.936127,29.246039],[97.94337,29.219428],[97.9428,29.206488],[97.944347,29.194119],[97.993337,29.1164],[98.003998,29.103868],[98.025076,29.088487],[98.040538,29.072455],[98.034272,29.058051],[98.046967,29.038153],[98.082286,29.019151],[98.089692,29.000352],[98.091726,28.958564],[98.095795,28.938056],[98.103282,28.921495],[98.182384,28.818468],[98.226736,28.804796],[98.257498,28.790229],[98.290294,28.767605],[98.320567,28.741238],[98.343435,28.71544],[98.358979,28.677517],[98.370697,28.544135],[98.374441,28.531195],[98.378184,28.522813],[98.38323,28.516791],[98.391205,28.510606],[98.432221,28.494005],[98.439057,28.492947],[98.443126,28.457058],[98.442149,28.451687],[98.448253,28.439276],[98.445323,28.420681],[98.452729,28.407009],[98.448253,28.394721],[98.444753,28.354438],[98.445323,28.339301],[98.451915,28.324246],[98.45753,28.314561],[98.47047,28.297675],[98.4699,28.290107],[98.466726,28.282172],[98.466319,28.270453],[98.473237,28.234198],[98.472992,28.178087],[98.476003,28.152655],[98.485444,28.129665],[98.558523,28.09752],[98.568858,28.096015],[98.572276,28.082384],[98.581716,28.067654],[98.596202,28.055609],[98.614024,28.050645],[98.645518,28.010688],[98.651378,28.006293],[98.65325,28.001654],[98.659679,27.972032],[98.658214,27.968777],[98.667003,27.956081],[98.673432,27.95539],[98.685476,27.96129],[98.681244,27.949734],[98.675873,27.940782],[98.668386,27.933702],[98.658214,27.927802],[98.679861,27.904079],[98.68629,27.867377],[98.674571,27.770575],[98.673106,27.769558],[98.677419,27.761664],[98.690115,27.751044],[98.692882,27.746609],[98.698253,27.731553],[98.72169,27.699571],[98.731619,27.669013],[98.743337,27.656846],[98.774913,27.632921],[98.810313,27.59101],[98.816417,27.581488],[98.818451,27.576606],[98.823009,27.57331],[98.827566,27.568956],[98.829519,27.561306],[98.829519,27.523749],[98.825125,27.488634],[98.819753,27.475694],[98.809011,27.461697],[98.830658,27.421942],[98.839692,27.399848],[98.846446,27.371202],[98.860932,27.351671],[98.864268,27.341864],[98.863292,27.313015],[98.864268,27.304023],[98.867931,27.296576],[98.879893,27.279812],[98.884776,27.269884],[98.88616,27.261013],[98.88323,27.203315],[98.879975,27.193427],[98.868663,27.173855],[98.898448,26.454901],[98.891612,26.38227],[98.889415,26.373358],[98.883881,26.365058],[98.867686,26.348456],[98.859467,26.335639],[98.861257,26.325263],[98.866791,26.315294],[98.871104,26.303494],[98.871511,26.280626],[98.86321,26.207953],[98.85849,26.188422],[98.857432,26.177191],[98.859793,26.167589],[98.869558,26.15705],[98.871104,26.145819],[98.869233,26.139757],[98.857432,26.118476],[98.856944,26.107978],[98.85906,26.099189],[98.857026,26.091498],[98.843028,26.084337],[98.853282,26.048041],[98.836925,25.920478],[98.878998,25.66588],[98.880056,25.556423],[98.894786,25.471259],[98.891612,25.426459],[98.886729,25.415798],[98.873627,25.395819],[98.871104,25.3817],[98.879242,25.33865],[98.877371,25.324042],[98.870128,25.31505],[98.847992,25.295681],[98.843028,25.28616],[98.850515,25.254421],[98.851329,25.238878],[98.843028,25.22781],[98.848643,25.221015],[98.855398,25.209418],[98.858653,25.198513],[98.854015,25.193671],[98.843028,25.188056],[98.842784,25.175238],[98.850597,25.152126],[98.843028,25.073269],[98.848399,25.048774],[98.872,25.007636],[98.877371,24.991319],[98.880382,24.972846],[98.905284,24.918728],[98.888601,24.901557],[98.895437,24.873603],[98.923269,24.818061],[98.942393,24.796088],[98.946788,24.785915],[98.947683,24.772406],[98.95045,24.757758],[98.955496,24.746039],[98.963145,24.741156],[98.983409,24.734198],[99.010671,24.717353],[99.035492,24.69713],[99.048595,24.679755],[99.054698,24.653876],[99.057546,24.624823],[99.054291,24.599189],[99.04184,24.583564],[99.040538,24.563096],[99.024994,24.490261],[99.014903,24.468817],[98.986501,24.439521],[98.977306,24.422634],[98.97934,24.415391],[99.007498,24.406033],[99.027192,24.396593],[99.046967,24.383897],[99.061615,24.367621],[99.065684,24.347439],[99.06308,24.329413],[99.064952,24.321479],[99.071218,24.313544],[99.0796,24.307969],[99.108328,24.297065],[99.125255,24.284247],[99.118907,24.274237],[99.100515,24.267524],[99.052745,24.261257],[99.025076,24.254259],[98.999034,24.243232],[98.975108,24.227484],[98.965261,24.217637],[98.947276,24.195421],[98.937511,24.186591],[98.897065,24.168647],[98.884776,24.158393],[98.85491,24.139228],[98.817556,24.129218],[98.715831,24.121527],[98.681244,24.107001],[98.640066,24.100938],[98.612234,24.087755],[98.59669,24.083279],[98.58489,24.075995],[98.544444,24.05919],[98.53183,24.055976],[98.510265,24.053331],[98.492931,24.046698],[98.431895,24.000067],[98.417572,23.982693],[98.411632,23.963446],[98.415294,23.919949],[98.425385,23.878445],[98.444916,23.841498],[98.473399,23.814236],[98.54892,23.768581],[98.574718,23.744981],[98.600027,23.709662],[98.637625,23.637559],[98.648936,23.608913],[98.649099,23.596788],[98.644542,23.582953],[98.638194,23.575303],[98.629324,23.567084],[98.621349,23.55744],[98.613373,23.533759],[98.594249,23.517442],[98.589854,23.504177],[98.592784,23.49018],[98.599864,23.474718],[98.617768,23.445828],[98.606863,23.42654],[98.617931,23.419257],[98.639089,23.420437],[98.658214,23.425971],[98.720225,23.388048],[98.733165,23.301825],[98.731212,23.276557],[98.724213,23.262315],[98.710704,23.256049],[98.689138,23.254665],[98.683442,23.251492],[98.66505,23.237372],[98.649832,23.232978],[98.640554,23.227851],[98.634288,23.226671],[98.626475,23.228542],[98.616791,23.23725],[98.610362,23.240343],[98.588471,23.241278],[98.55421,23.229844],[98.53183,23.226671],[98.526459,23.223497],[98.516368,23.209418],[98.510916,23.206244],[98.500011,23.207465],[98.478608,23.212226],[98.466319,23.212429],[98.443451,23.205512],[98.446056,23.195136],[98.458751,23.184109],[98.471202,23.17003],[98.482432,23.164374],[98.495128,23.159735],[98.504242,23.157782],[98.516043,23.152777],[98.524099,23.141181],[98.535248,23.117499],[98.559255,23.092719],[98.564708,23.076443],[98.545095,23.069037],[98.527192,23.065294],[98.511322,23.055691],[98.499522,23.042507],[98.493663,23.028103],[98.496511,23.013617],[98.505056,22.989529],[98.517589,22.97016],[98.53183,22.970038],[98.54892,22.974718],[98.566335,22.963975],[98.589854,22.938747],[98.655284,22.909857],[98.66505,22.90119],[98.664561,22.876166],[98.661143,22.859239],[98.651134,22.847032],[98.63087,22.83629],[98.611339,22.830837],[98.545095,22.822618],[98.540538,22.818305],[98.524669,22.791327],[98.521983,22.781602],[98.527599,22.770331],[98.541515,22.75373],[98.54892,22.737331],[98.548106,22.730292],[98.543956,22.723822],[98.541515,22.709337],[98.544526,22.70071],[98.558849,22.685858],[98.563243,22.678656],[98.562999,22.669135],[98.559662,22.661322],[98.556163,22.655341],[98.555186,22.651313],[98.558849,22.639268],[98.562755,22.637803],[98.57252,22.637722],[98.578298,22.634874],[98.58074,22.628201],[98.582612,22.620225],[98.59075,22.606472],[98.5949,22.58808],[98.600108,22.579291],[98.612397,22.563503],[98.616303,22.554633],[98.621674,22.528103],[98.639415,22.496283],[98.644542,22.480048],[98.641612,22.459988],[98.622488,22.429958],[98.617768,22.414862],[98.61321,22.381659],[98.601085,22.346625],[98.585378,22.314032],[98.568858,22.288194],[98.578298,22.273139],[98.631114,22.158271],[98.643484,22.139431],[98.698253,22.086982],[98.720144,22.073798],[98.744151,22.068468],[98.756358,22.063259],[98.767833,22.051785],[98.774425,22.040229],[98.771495,22.03498],[98.756847,22.034857],[98.745697,22.032904],[98.738048,22.026719],[98.733165,22.013861],[98.740733,22.007025],[98.734793,21.998318],[98.726085,21.980089],[98.720225,21.972276],[98.713308,21.967637],[98.697195,21.961208],[98.671397,21.942939],[98.628998,21.926459],[98.569347,21.893622],[98.554698,21.878974],[98.54892,21.85932],[98.551199,21.838324],[98.58546,21.715277],[98.635753,21.647528],[98.644542,21.630316],[98.648529,21.581366],[98.618337,21.562079],[98.582286,21.547716],[98.568858,21.513617],[98.578136,21.492947],[98.610769,21.455512],[98.625255,21.417019],[98.642345,21.406806],[98.661062,21.399482],[98.673106,21.390082],[98.676768,21.372911],[98.678722,21.30447],[98.683523,21.290839],[98.706147,21.258653],[98.71282,21.239285],[98.710867,21.221015],[98.705577,21.199734],[98.703136,21.178534],[98.709727,21.160468],[98.726492,21.14289],[98.78297,21.102118],[98.801687,21.074734],[98.796397,21.043402],[98.773855,21.013983],[98.740733,20.992255],[98.712413,20.989814],[98.673432,20.992255],[98.638927,20.990546],[98.607432,20.960395],[98.530691,20.962755],[98.507904,20.951239]]]}},{"type":"Feature","properties":{"dissolve":"14River","scalerank":1.0,"featurecla":"River","name":"Bahr el Jebel","name_alt":"Mountain Nile","rivernum":14,"note":null,"min_zoom":2.0,"name_en":"Mountain Nile","min_label":3.0},"bbox":[31.148367,3.613634,32.01588,6.829657],"geometry":{"type":"MultiLineString","coordinates":[[[32.01588,3.613634],[31.940359,3.696112],[31.923106,3.727118],[31.865245,3.79914],[31.795909,3.855658],[31.748546,3.909003],[31.682628,3.968533],[31.672862,3.98074],[31.667247,3.991238],[31.60963,4.054755],[31.591401,4.08039],[31.576427,4.111151],[31.545665,4.207831],[31.53948,4.217475],[31.537608,4.221381],[31.521983,4.241075],[31.521983,4.285753],[31.509858,4.342882],[31.508311,4.364936],[31.511485,4.379421],[31.525645,4.420925],[31.532644,4.498806],[31.528819,4.519151],[31.507335,4.56037],[31.502533,4.580878],[31.532807,4.610053],[31.55071,4.646023],[31.562999,4.663153],[31.57252,4.669135],[31.584239,4.674831],[31.593028,4.681464],[31.594005,4.690497],[31.591401,4.698757],[31.590912,4.766181],[31.597097,4.806505],[31.603933,4.82628],[31.631847,4.875434],[31.636974,4.891872],[31.643647,4.926866],[31.720632,5.105821],[31.732921,5.177354],[31.739187,5.192084],[31.761648,5.221991],[31.764171,5.236274],[31.762218,5.348415],[31.760265,5.36225],[31.75058,5.39411],[31.748546,5.409857],[31.756114,5.440701],[31.788829,5.499945],[31.796397,5.533026],[31.793875,5.613105],[31.767019,5.758816],[31.75351,5.790147],[31.714122,5.839382],[31.681163,5.903103],[31.672862,5.929999],[31.665538,5.941921],[31.658621,5.941962],[31.65211,5.937812],[31.646088,5.937445],[31.637462,5.945828],[31.628347,5.957953],[31.621104,5.970974],[31.618175,5.981798],[31.615245,6.001776],[31.584727,6.079901],[31.574799,6.095771],[31.563406,6.109646],[31.552989,6.115546],[31.541433,6.12641],[31.532644,6.151435],[31.521983,6.197537],[31.498057,6.248481],[31.493663,6.288275],[31.489675,6.306342],[31.483002,6.322455],[31.474864,6.335273],[31.410655,6.411811],[31.399099,6.43769],[31.3956,6.480048],[31.389659,6.498806],[31.375092,6.506619],[31.356944,6.509833],[31.344737,6.519232],[31.336681,6.534247],[31.33074,6.554389],[31.323985,6.60102],[31.317882,6.621609],[31.306651,6.630154],[31.299815,6.633734],[31.298106,6.642401],[31.29713,6.652452],[31.292979,6.660509],[31.261811,6.690945],[31.254161,6.708604],[31.249441,6.726386],[31.241628,6.740098],[31.224376,6.745551],[31.211843,6.751329],[31.202159,6.765082],[31.186941,6.793972],[31.163829,6.817491],[31.148367,6.829657]]]}},{"type":"Feature","properties":{"dissolve":"150River","scalerank":4.0,"featurecla":"River","name":"Rhine","name_alt":null,"rivernum":150,"note":null,"min_zoom":4.0,"name_en":"Rhine","min_label":5.0},"bbox":[4.985362,48.965399,8.504405,51.90058],"geometry":{"type":"MultiLineString","coordinates":[[[8.229991,48.965399],[8.26238,48.988349],[8.283458,49.009833],[8.356944,49.109442],[8.361339,49.119452],[8.380544,49.214708],[8.387136,49.231879],[8.39796,49.239122],[8.410655,49.243516],[8.479747,49.29682],[8.483328,49.309394],[8.459727,49.314887],[8.461681,49.32331],[8.497569,49.376288],[8.497488,49.386339],[8.490977,49.402899],[8.490001,49.411078],[8.491873,49.413031],[8.501394,49.429023],[8.504405,49.430935],[8.493663,49.442491],[8.477712,49.446234],[8.459402,49.447618],[8.442312,49.452012],[8.442312,49.458848],[8.46339,49.465684],[8.46339,49.47252],[8.449962,49.491075],[8.427501,49.534044],[8.408214,49.55504],[8.416677,49.579291],[8.399832,49.610216],[8.375255,49.640937],[8.360362,49.664333],[8.362071,49.690741],[8.378917,49.710273],[8.406261,49.722276],[8.438894,49.726386],[8.460623,49.743598],[8.473643,49.75727],[8.476492,49.767361],[8.462413,49.770941],[8.442068,49.76789],[8.423595,49.767157],[8.415701,49.777615],[8.413585,49.784532],[8.408458,49.792548],[8.389659,49.815131],[8.386241,49.823676],[8.384044,49.832139],[8.380138,49.842393],[8.370291,49.856472],[8.347423,49.878363],[8.339854,49.890896],[8.354991,49.925482],[8.335216,49.959499],[8.227957,50.038031],[8.21282,50.044257],[8.200613,50.046169],[8.173595,50.045681],[8.04835,50.018256],[8.009532,49.999132],[7.961681,49.982978],[7.918468,49.973741],[7.87794,49.972846],[7.860118,49.989854],[7.857188,50.002468],[7.84962,50.010565],[7.784923,50.048367],[7.765147,50.063666],[7.757091,50.086127],[7.752371,50.092963],[7.730154,50.113349],[7.722911,50.123603],[7.724294,50.144639],[7.7199,50.158393],[7.706065,50.164618],[7.693044,50.166856],[7.651296,50.178819],[7.642996,50.184678],[7.624278,50.213935],[7.613048,50.22602],[7.588145,50.240912],[7.579275,50.249945],[7.588552,50.253974],[7.621837,50.253852],[7.636485,50.255723],[7.647878,50.26081],[7.647878,50.267646],[7.615896,50.286892],[7.601003,50.300482],[7.59197,50.315456],[7.591238,50.332221],[7.597179,50.347968],[7.605968,50.364366],[7.613048,50.383653],[7.580821,50.41116],[7.54363,50.417548],[7.503429,50.417507],[7.46282,50.42532],[7.398448,50.449774],[7.387218,50.449164],[7.33253,50.486762],[7.269298,50.56684],[7.243093,50.582953],[7.223318,50.589179],[7.213308,50.595811],[7.209483,50.60871],[7.208995,50.633816],[7.205496,50.651068],[7.196544,50.669623],[7.185313,50.686591],[7.174978,50.699001],[7.159109,50.71015],[7.121023,50.728705],[7.105968,50.739936],[7.088634,50.763739],[7.082042,50.767279],[7.071218,50.769477],[7.043386,50.780382],[7.037771,50.784695],[7.028087,50.805528],[7.006602,50.819892],[6.985362,50.830512],[6.975597,50.839911],[6.986257,50.855414],[7.035574,50.874945],[7.051443,50.890815],[6.985606,50.901719],[6.975597,50.908474],[6.973562,50.918402],[6.96461,50.934027],[6.962657,50.942654],[6.966319,50.952826],[6.983897,50.962429],[6.989268,50.972724],[6.986257,50.98017],[6.97755,50.985622],[6.968028,50.990017],[6.962657,50.994452],[6.962657,51.003974],[6.968679,51.024197],[6.966075,51.02794],[6.950613,51.03323],[6.894298,51.068915],[6.860037,51.072781],[6.852794,51.076361],[6.851329,51.086778],[6.859141,51.093044],[6.868907,51.096788],[6.87379,51.100287],[6.878103,51.113878],[6.875662,51.120673],[6.849376,51.12755],[6.847911,51.136542],[6.852794,51.151475],[6.845714,51.159695],[6.843435,51.160834],[6.838878,51.159003],[6.82545,51.158311],[6.811046,51.15115],[6.802175,51.151068],[6.798106,51.161444],[6.793142,51.183539],[6.779714,51.185248],[6.759776,51.18126],[6.736095,51.186225],[6.728038,51.196479],[6.723399,51.212348],[6.724294,51.226996],[6.732921,51.233425],[6.740896,51.231309],[6.749522,51.227729],[6.758311,51.226142],[6.7671,51.230292],[6.770274,51.237576],[6.766124,51.242621],[6.759776,51.246772],[6.756521,51.251085],[6.745372,51.256415],[6.722423,51.262152],[6.703868,51.27086],[6.705333,51.28559],[6.724783,51.302924],[6.72877,51.310614],[6.72991,51.326239],[6.711355,51.337104],[6.675955,51.347602],[6.653738,51.360134],[6.674571,51.377468],[6.690929,51.380439],[6.708995,51.380886],[6.725027,51.38288],[6.736095,51.391059],[6.739268,51.406806],[6.732432,51.419867],[6.708751,51.439521],[6.708751,51.445665],[6.717296,51.453396],[6.720632,51.462592],[6.71697,51.470323],[6.705333,51.47366],[6.688894,51.475409],[6.684825,51.480048],[6.688487,51.48664],[6.695079,51.494086],[6.704763,51.499945],[6.714854,51.50255],[6.719249,51.506944],[6.712169,51.518337],[6.702647,51.525743],[6.692312,51.53144],[6.682302,51.538275],[6.674571,51.549384],[6.68572,51.564968],[6.655935,51.572048],[6.592052,51.576687],[6.592052,51.582831],[6.594005,51.594184],[6.589285,51.612616],[6.586681,51.62991],[6.595876,51.637478],[6.600597,51.640733],[6.597097,51.647976],[6.590343,51.655382],[6.585867,51.659247],[6.576427,51.660956],[6.5442,51.659247],[6.510509,51.663845],[6.49171,51.668647],[6.479177,51.67536],[6.451671,51.70364],[6.436209,51.71369],[6.413992,51.720038],[6.420339,51.740912],[6.407481,51.753607],[6.38502,51.759874],[6.363048,51.761583],[6.342214,51.765692],[6.330496,51.775946],[6.322276,51.789333],[6.311534,51.802558],[6.277761,51.820868],[6.083507,51.853949],[6.067882,51.860622],[6.054698,51.869981],[6.035167,51.87934],[6.013845,51.885321],[5.995535,51.884548],[5.990977,51.879747],[5.982351,51.862738],[5.975108,51.857204],[5.965831,51.857001],[5.954519,51.859687],[5.944998,51.863634],[5.929454,51.876776],[5.903738,51.869981],[5.85963,51.85102],[5.843923,51.853217],[5.813243,51.866523],[5.797537,51.870185],[5.790701,51.870185],[5.763927,51.887315],[5.718761,51.894477],[5.542979,51.90058],[5.461681,51.891954],[5.431407,51.874783],[5.37379,51.817939],[5.337576,51.810004],[5.328136,51.81391],[5.313894,51.826117],[5.304128,51.829901],[5.292735,51.830146],[5.277273,51.825141],[5.180593,51.81623],[5.153738,51.818386],[5.112966,51.827745],[5.091807,51.829901],[4.985362,51.823676]]]}},{"type":"Feature","properties":{"dissolve":"151River","scalerank":4.0,"featurecla":"River","name":"Waal","name_alt":null,"rivernum":151,"note":"Version 1.3","min_zoom":4.0,"name_en":"Waal","min_label":5.0},"bbox":[4.07781,51.708279,4.985362,51.843655],"geometry":{"type":"MultiLineString","coordinates":[[[4.985362,51.823676],[4.934581,51.830105],[4.908865,51.829779],[4.870128,51.808051],[4.845225,51.803087],[4.790212,51.802558],[4.761485,51.788926],[4.739757,51.774278],[4.725597,51.756903],[4.675548,51.719387]],[[4.403168,51.708279],[4.323985,51.728705],[4.256196,51.757025],[4.160167,51.800767],[4.07781,51.843655]]]}},{"type":"Feature","properties":{"dissolve":"153River","scalerank":4.0,"featurecla":"River","name":"Salween","name_alt":null,"rivernum":153,"note":null,"min_zoom":4.0,"name_en":"Salween","min_label":5.0},"bbox":[97.32724,16.554958,98.699718,20.951239],"geometry":{"type":"MultiLineString","coordinates":[[[98.507904,20.951239],[98.494558,20.924099],[98.49171,20.876776],[98.500499,20.787421],[98.512299,20.747992],[98.593028,20.611884],[98.649832,20.484931],[98.656179,20.460964],[98.65919,20.43655],[98.654796,20.420233],[98.64503,20.401313],[98.644135,20.377509],[98.649343,20.353787],[98.658214,20.334906],[98.673595,20.317247],[98.686941,20.306586],[98.6963,20.293891],[98.699718,20.270087],[98.695893,20.224636],[98.689464,20.201443],[98.678722,20.184109],[98.661225,20.172227],[98.622813,20.157009],[98.606944,20.146552],[98.599864,20.144721],[98.565929,20.14997],[98.535248,20.129462],[98.505382,20.095567],[98.488455,20.085028],[98.462576,20.081081],[98.399832,20.080349],[98.377533,20.074815],[98.343272,20.057481],[98.276378,20.014431],[98.233653,19.999132],[98.14088,19.990017],[98.020274,19.953233],[97.996755,19.951361],[97.978282,19.953925],[97.940684,19.964179],[97.917735,19.964952],[97.877045,19.950792],[97.858409,19.924018],[97.847179,19.891913],[97.829519,19.861925],[97.814871,19.851671],[97.800955,19.850653],[97.764415,19.85574],[97.751069,19.846503],[97.745942,19.824897],[97.743907,19.79975],[97.740245,19.780056],[97.693614,19.72016],[97.681895,19.711127],[97.663259,19.705349],[97.655365,19.690497],[97.65089,19.649685],[97.637218,19.60871],[97.634939,19.595974],[97.637218,19.564032],[97.633067,19.547187],[97.603038,19.485785],[97.58546,19.419501],[97.579112,19.409491],[97.558116,19.404608],[97.539154,19.391872],[97.525645,19.374294],[97.520518,19.354844],[97.52239,19.347968],[97.530935,19.330675],[97.53419,19.320665],[97.534597,19.150458],[97.528575,19.137274],[97.510509,19.118679],[97.503673,19.103868],[97.490001,19.05036],[97.476654,18.901719],[97.465831,18.862006],[97.460053,18.851752],[97.441335,18.827826],[97.431651,18.820421],[97.386974,18.823554],[97.365733,18.856065],[97.351329,18.87169],[97.33489,18.875067],[97.32724,18.850857],[97.33489,18.710557],[97.359793,18.624213],[97.362804,18.587673],[97.34547,18.561591],[97.357351,18.540107],[97.378673,18.520941],[97.390066,18.502021],[97.39446,18.487331],[97.417247,18.441352],[97.4428,18.40351],[97.446056,18.381415],[97.446544,18.358466],[97.452159,18.333808],[97.466238,18.311591],[97.485932,18.292344],[97.507742,18.276719],[97.527924,18.26557],[97.537201,18.272773],[97.541515,18.280463],[97.560151,18.328437],[97.562022,18.330675],[97.573334,18.333279],[97.624278,18.313544],[97.637218,18.306505],[97.643321,18.291571],[97.642833,18.27322],[97.635265,18.257758],[97.620372,18.251288],[97.617605,18.241889],[97.62851,18.221055],[97.680105,18.152859],[97.683849,18.146308],[97.684988,18.140408],[97.684988,18.131781],[97.687022,18.120063],[97.696381,18.101752],[97.698416,18.090847],[97.697683,18.084906],[97.693289,18.075303],[97.692393,18.070339],[97.693858,18.061713],[97.697276,18.060899],[97.701915,18.062079],[97.706065,18.059434],[97.719656,18.05329],[97.721772,18.04914],[97.724864,18.036933],[97.73935,18.003119],[97.743663,17.997992],[97.746755,17.992703],[97.751394,17.980984],[97.753835,17.969265],[97.750499,17.963894],[97.747162,17.961046],[97.719656,17.943427],[97.691417,17.895819],[97.685069,17.880886],[97.698416,17.833564],[97.675792,17.830512],[97.675955,17.815253],[97.686046,17.794623],[97.692393,17.775214],[97.695079,17.752468],[97.712901,17.690131],[97.720714,17.591661],[97.72405,17.581855],[97.729503,17.573065],[97.737071,17.563544],[97.743663,17.55268],[97.753917,17.518866],[97.771251,17.492621],[97.774343,17.484076],[97.772716,17.47248],[97.760753,17.44656],[97.761485,17.419013],[97.759939,17.405626],[97.750499,17.398139],[97.726492,17.388495],[97.690522,17.361396],[97.674815,17.323432],[97.671886,17.237657],[97.676524,17.199327],[97.674246,17.182969],[97.655284,17.173122],[97.652192,17.165229],[97.65089,17.155056],[97.65089,17.12641],[97.61321,17.055528],[97.609793,17.03502],[97.612641,17.01085],[97.637218,16.956488],[97.640066,16.932563],[97.634939,16.912665],[97.62794,16.893378],[97.616628,16.829291],[97.619151,16.818874],[97.629242,16.80211],[97.630382,16.791368],[97.624522,16.771186],[97.606619,16.729804],[97.603038,16.706366],[97.605398,16.684353],[97.61142,16.665391],[97.620209,16.648993],[97.656261,16.599962],[97.664236,16.585557],[97.673595,16.554958]]]}},{"type":"Feature","properties":{"dissolve":"15River","scalerank":1.0,"featurecla":"River","name":"Jinsha","name_alt":"Yangtze","rivernum":15,"note":null,"min_zoom":2.0,"name_en":"Yangtze","min_label":3.0},"bbox":[98.541515,25.972968,103.879975,31.689765],"geometry":{"type":"MultiLineString","coordinates":[[[98.541515,31.689765],[98.547781,31.684638],[98.553233,31.68126],[98.558523,31.677029],[98.563243,31.669298],[98.565684,31.66059],[98.568858,31.631781],[98.575694,31.615912],[98.591889,31.598741],[98.840831,31.396796],[98.864268,31.367703],[98.867442,31.364854],[98.884776,31.354031],[98.874278,31.341173],[98.830577,31.298285],[98.802745,31.257839],[98.781749,31.238959],[98.767589,31.230292],[98.761241,31.234198],[98.755951,31.244412],[98.731375,31.277899],[98.723643,31.285102],[98.713634,31.290961],[98.682546,31.315863],[98.66505,31.320502],[98.648936,31.316596],[98.637625,31.30919],[98.620942,31.288845],[98.611095,31.25613],[98.619884,31.187852],[98.603526,31.169623],[98.612804,31.164862],[98.638438,31.159735],[98.651378,31.155382],[98.692882,31.12462],[98.720876,31.066352],[98.726003,31.059638],[98.745046,31.040554],[98.764659,31.015082],[98.774913,31.007432],[98.796804,30.997097],[98.802745,30.990912],[98.805105,30.966254],[98.797862,30.940782],[98.786062,30.91824],[98.774913,30.902167],[98.787364,30.880805],[98.800792,30.867784],[98.8331,30.843533],[98.8803,30.793077],[98.898448,30.778632],[98.938243,30.760199],[98.954112,30.747829],[98.96046,30.727118],[98.952891,30.708116],[98.935964,30.700466],[98.91741,30.694892],[98.905284,30.68244],[98.90504,30.663682],[98.921886,30.623643],[98.92628,30.603868],[98.927257,30.593695],[98.93157,30.579454],[98.930919,30.500027],[98.932546,30.490587],[98.937999,30.485297],[98.947358,30.479112],[98.956391,30.471055],[98.96046,30.459906],[98.986501,30.144314],[99.029552,30.067898],[99.033946,30.055243],[99.036632,29.975531],[99.043224,29.944892],[99.056082,29.915229],[99.017345,29.853298],[99.0053,29.820014],[99.000662,29.784939],[99.00294,29.781033],[99.012218,29.773017],[99.014415,29.767849],[99.012625,29.764716],[99.003673,29.761583],[99.000662,29.756944],[98.98821,29.688585],[98.986501,29.650824],[98.991791,29.63463],[99.015229,29.604356],[99.023855,29.581488],[99.038585,29.567328],[99.04184,29.562364],[99.04184,29.52794],[99.058686,29.417996],[99.048595,29.387641],[99.058849,29.367051],[99.062755,29.34809],[99.062266,29.308214],[99.067149,29.296698],[99.089854,29.26671],[99.096446,29.250515],[99.10849,29.224148],[99.103933,29.092149],[99.120942,28.964626],[99.117442,28.921495],[99.09905,28.855984],[99.096446,28.835883],[99.100352,28.813503],[99.118663,28.77086],[99.124278,28.749579],[99.123546,28.738959],[99.118093,28.720079],[99.117442,28.708604],[99.120128,28.698513],[99.128673,28.677558],[99.130463,28.664578],[99.134858,28.654568],[99.154063,28.640652],[99.158376,28.630154],[99.160248,28.617133],[99.1692,28.602403],[99.17213,28.592597],[99.171641,28.582628],[99.166515,28.565009],[99.165294,28.554714],[99.175955,28.532172],[99.178803,28.523627],[99.180186,28.504706],[99.178233,28.482204],[99.17213,28.463324],[99.161794,28.45539],[99.162364,28.438056],[99.226654,28.339301],[99.244558,28.321804],[99.254975,28.314399],[99.264903,28.311387],[99.273448,28.307237],[99.274506,28.297471],[99.273204,28.2862],[99.274425,28.277208],[99.278412,28.274034],[99.293061,28.264716],[99.29892,28.259874],[99.30421,28.2508],[99.308442,28.240831],[99.314545,28.232774],[99.326671,28.229438],[99.339447,28.224066],[99.381277,28.184434],[99.388601,28.168077],[99.386485,28.139268],[99.398529,28.12641]],[[99.398529,28.119574],[99.391124,28.085313],[99.394542,28.042507],[99.405203,28.000515],[99.449962,27.906317],[99.457774,27.86876],[99.453868,27.832221],[99.446218,27.818712],[99.437511,27.809394],[99.431651,27.797716],[99.432872,27.776964],[99.441335,27.750027],[99.471446,27.689032],[99.480968,27.674628],[99.494151,27.659695],[99.514578,27.657538],[99.523041,27.653591],[99.518484,27.6435],[99.518647,27.637722],[99.522553,27.628241],[99.525401,27.616726],[99.521495,27.605048],[99.549815,27.588894],[99.560313,27.563259],[99.560069,27.534613],[99.555675,27.509467],[99.571707,27.500312],[99.586192,27.486925],[99.594168,27.472846],[99.589854,27.461697],[99.615815,27.421332],[99.64503,27.385932],[99.635916,27.350206],[99.653087,27.317694],[99.802419,27.195583],[99.947765,27.029486],[99.956391,27.009955],[99.960053,26.989366],[99.962576,26.920722],[99.966563,26.898708],[99.97405,26.886298],[99.989024,26.888983],[100.024669,26.919623],[100.039154,26.927273],[100.041026,26.931952],[100.063406,26.958279],[100.062429,26.992133],[100.063406,27.002997],[100.079112,27.045111],[100.084727,27.069119],[100.080089,27.087999],[100.067475,27.106798],[100.059011,27.12873],[100.056733,27.151638],[100.063406,27.173651],[100.075613,27.183661],[100.11614,27.208523],[100.129242,27.224677],[100.14796,27.243272],[100.155772,27.26085],[100.164154,27.267157],[100.173269,27.272244],[100.179454,27.276679],[100.237804,27.341864],[100.244558,27.361151],[100.236501,27.382025],[100.214285,27.413886],[100.211436,27.423285],[100.206716,27.454861],[100.194835,27.480292],[100.193126,27.485867],[100.193126,27.511013],[100.195323,27.52794],[100.203217,27.541938],[100.237641,27.576524],[100.244151,27.592556],[100.24822,27.607367],[100.263764,27.63113],[100.271251,27.652655],[100.278819,27.663398],[100.290131,27.675564],[100.295014,27.683539],[100.296316,27.690863],[100.296153,27.701239],[100.294851,27.711005],[100.289073,27.731024],[100.288666,27.742784],[100.300792,27.768622],[100.302989,27.780382],[100.296153,27.821357],[100.299571,27.832099],[100.307221,27.832221],[100.323416,27.824774],[100.334402,27.824042],[100.339936,27.82453],[100.378673,27.841864],[100.388194,27.844794],[100.402273,27.845893],[100.420339,27.838487],[100.429698,27.820624],[100.433197,27.798041],[100.432384,27.749457],[100.433197,27.742784],[100.45045,27.704657],[100.461843,27.688096],[100.464936,27.670681],[100.443777,27.538398],[100.448822,27.498969],[100.481049,27.468533],[100.527599,27.452826],[100.542979,27.438788],[100.524425,27.400499],[100.522716,27.376654],[100.528819,27.331326],[100.545909,27.284451],[100.552419,27.255479],[100.546641,27.24254],[100.543712,27.238308],[100.54184,27.228868],[100.538829,27.21955],[100.532644,27.215277],[100.521414,27.211371],[100.503184,27.193386],[100.494721,27.187934],[100.482595,27.187201],[100.45045,27.194159],[100.437592,27.190985],[100.433849,27.183905],[100.436615,27.176825],[100.443614,27.173651],[100.466075,27.166083],[100.486257,27.147488],[100.497081,27.124132],[100.49171,27.102322],[100.486257,27.092841],[100.474294,27.057644],[100.453868,27.0303],[100.453543,27.008897],[100.458263,26.980658],[100.46575,26.953315],[100.474294,26.934678],[100.464773,26.922919],[100.458263,26.905341],[100.454845,26.885199],[100.454194,26.843858],[100.451915,26.826443],[100.441173,26.814765],[100.415945,26.810574],[100.398204,26.803819],[100.393972,26.787177],[100.398529,26.746039],[100.40089,26.74018],[100.410655,26.730902],[100.412852,26.724921],[100.411713,26.719062],[100.409434,26.716254],[100.407156,26.714464],[100.405935,26.711534],[100.407807,26.69949],[100.418956,26.674018],[100.419526,26.663926],[100.41741,26.650417],[100.418956,26.639228],[100.421641,26.635443],[100.431244,26.626329],[100.433197,26.625596],[100.432628,26.619412],[100.427419,26.608751],[100.426524,26.605089],[100.426524,26.519477],[100.430756,26.499132],[100.449474,26.465277],[100.460704,26.403388],[100.454845,26.391547],[100.444835,26.3817],[100.440847,26.373074],[100.453868,26.364936],[100.439952,26.344997],[100.426524,26.333686],[100.41684,26.321845],[100.412852,26.300076],[100.41505,26.294786],[100.419688,26.289903],[100.424327,26.28323],[100.428966,26.262559],[100.447032,26.227729],[100.473725,26.214952],[100.547944,26.229438],[100.584239,26.221503],[100.589692,26.215928],[100.593272,26.210232],[100.599294,26.205024],[100.612071,26.201036],[100.618337,26.204128],[100.625987,26.210517],[100.635671,26.213162],[100.667735,26.191677],[100.687918,26.190131],[100.734386,26.1942],[100.774913,26.184149],[100.793875,26.184638],[100.813243,26.197618],[100.83074,26.206],[100.84962,26.200507],[100.885834,26.180528],[100.890554,26.178738],[100.895763,26.175605],[100.900971,26.171454],[100.905772,26.166287],[100.925955,26.186876],[100.949474,26.22663],[100.987804,26.269721],[101.000011,26.27912],[101.026134,26.287177],[101.045828,26.305487],[101.053722,26.309638],[101.080496,26.31627],[101.125662,26.345282],[101.170665,26.355089],[101.191173,26.369208],[101.201101,26.372382],[101.217377,26.369086],[101.228608,26.363878],[101.239675,26.362982],[101.255056,26.372382],[101.279714,26.36994],[101.369721,26.379503],[101.403331,26.392157],[101.422944,26.393093],[101.427013,26.396552],[101.429861,26.400702],[101.471772,26.445583],[101.476329,26.461046],[101.457774,26.467963],[101.451915,26.471625],[101.454845,26.479804],[101.464366,26.492133],[101.464366,26.498155],[101.450857,26.511908],[101.44752,26.519477],[101.452729,26.531195],[101.488455,26.57038],[101.518484,26.590644],[101.552338,26.593573],[101.587006,26.591864],[101.618907,26.598253],[101.631765,26.582302],[101.638601,26.576199],[101.646658,26.57038],[101.652354,26.589952],[101.660492,26.586249],[101.670421,26.573025],[101.680919,26.564154],[101.697846,26.564805],[101.705089,26.573065],[101.708588,26.583686],[101.715017,26.591417],[101.723074,26.594306],[101.730886,26.59516],[101.738455,26.593288],[101.745697,26.587999],[101.754975,26.583319],[101.762218,26.587104],[101.768647,26.594021],[101.77589,26.598253],[101.805675,26.601426],[101.817556,26.598904],[101.830577,26.591417],[101.845876,26.571885],[101.88616,26.474636],[101.892833,26.462266],[101.901134,26.45128],[101.913097,26.44123],[101.931895,26.428778],[101.94044,26.421739],[101.947765,26.413357],[101.94101,26.398749],[101.939138,26.381212],[101.941742,26.326972],[101.94044,26.317165],[101.928315,26.289659],[101.926768,26.279568],[101.921397,26.265652],[101.911225,26.251532],[101.904389,26.23782],[101.909679,26.224636],[101.917247,26.210517],[101.908295,26.201199],[101.878917,26.186794],[101.857026,26.169013],[101.844737,26.13935],[101.839122,26.103583],[101.837901,26.067328],[101.839122,26.059841],[101.843761,26.042304],[101.844737,26.032823],[101.842052,26.022284],[101.831147,26.006049],[101.830577,25.994981],[101.838796,25.98253],[101.854747,25.975409],[101.874115,25.972968],[101.892589,25.974473],[101.940033,25.992214],[101.957774,25.994981],[102.017833,25.98668],[102.046886,25.996039],[102.065359,25.995876],[102.083995,25.999579],[102.098643,26.015448],[102.102061,26.034451],[102.100841,26.053738],[102.10198,26.071112],[102.112315,26.084337],[102.117605,26.096259],[102.130382,26.114814],[102.145437,26.132107],[102.222179,26.186794],[102.231944,26.197781],[102.24114,26.214057],[102.25172,26.228787],[102.266612,26.235175],[102.289806,26.237087],[102.314545,26.24254],[102.338308,26.251166],[102.358165,26.262519],[102.375092,26.280463],[102.386648,26.298204],[102.40032,26.311713],[102.423839,26.317165],[102.4463,26.318549],[102.464854,26.322618],[102.502615,26.337592],[102.55421,26.373114],[102.567882,26.378526],[102.584727,26.374945],[102.602794,26.366238],[102.617931,26.355251],[102.626231,26.345038],[102.623139,26.318671],[102.61142,26.286892],[102.60963,26.260118],[102.646576,26.244574],[102.667491,26.225775],[102.680919,26.221503],[102.698741,26.223456],[102.710867,26.228949],[102.720144,26.237576],[102.766775,26.293321],[102.791026,26.310329],[102.821788,26.317165],[102.845225,26.327094],[102.87794,26.365017],[102.893077,26.364936],[102.891775,26.355292],[102.908376,26.349229],[102.951182,26.345038],[102.971609,26.350857],[102.988292,26.365098],[102.999278,26.383124],[103.00294,26.400255],[103.000499,26.410346],[102.991303,26.430528],[102.989268,26.44123],[102.991303,26.44599],[103.000662,26.456855],[103.00294,26.461127],[103.002371,26.468533],[102.996755,26.47956],[102.995535,26.485378],[102.999766,26.495795],[103.009939,26.500678],[103.022553,26.502061],[103.033702,26.502061],[103.038666,26.506171],[103.053233,26.527045],[103.057628,26.5362],[103.057709,26.557196],[103.047862,26.57038],[103.036062,26.582831],[103.030284,26.601671],[103.030935,26.643866],[103.029226,26.661811],[103.023448,26.680243],[103.011974,26.703721],[103.009207,26.714952],[103.006602,26.738634],[103.003917,26.750759],[102.999278,26.755927],[102.992279,26.765815],[102.975108,26.831081],[102.953054,26.86164],[102.924734,26.892117],[102.901134,26.924628],[102.893077,26.961371],[102.900483,26.992458],[102.899343,27.002997],[102.895518,27.00849],[102.8838,27.017768],[102.879975,27.023464],[102.87794,27.031846],[102.878184,27.035712],[102.879405,27.039374],[102.879975,27.04739],[102.884776,27.06623],[102.906505,27.097764],[102.913585,27.11225],[102.915457,27.134345],[102.903575,27.221625],[102.889578,27.256619],[102.886241,27.276679],[102.889252,27.291368],[102.906993,27.333686],[102.929454,27.367133],[102.941905,27.405097],[102.9546,27.420722],[102.966319,27.398993],[102.977061,27.38878],[102.991222,27.385932],[103.012787,27.385932],[103.019054,27.389106],[103.037852,27.403266],[103.04713,27.40644],[103.070811,27.408149],[103.083507,27.410468],[103.092296,27.413886],[103.106375,27.408474],[103.120616,27.412177],[103.134288,27.421902],[103.146983,27.434353],[103.150076,27.473171],[103.160167,27.497138],[103.217865,27.566759],[103.228933,27.573513],[103.249441,27.577704],[103.28476,27.580756],[103.295909,27.587755],[103.304698,27.605048],[103.285737,27.633612],[103.28419,27.640448],[103.290701,27.646064],[103.313487,27.654853],[103.318289,27.663398],[103.326752,27.673529],[103.414561,27.742784],[103.444021,27.755561],[103.451427,27.759874],[103.454682,27.768663],[103.456065,27.781277],[103.458507,27.792548],[103.465017,27.797431],[103.476573,27.799872],[103.479015,27.80626],[103.478608,27.81505],[103.482188,27.824774],[103.503022,27.849677],[103.508311,27.864447],[103.510916,27.93004],[103.518565,27.94538],[103.536713,27.96129],[103.555431,27.970242],[103.562755,27.97545],[103.564708,27.983018],[103.560069,27.98786],[103.550792,27.98786],[103.540945,27.984442],[103.533702,27.979315],[103.513927,27.971381],[103.50172,27.99197],[103.489024,28.037665],[103.474539,28.039822],[103.456391,28.037136],[103.440929,28.042304],[103.434255,28.068061],[103.436046,28.075792],[103.440115,28.083319],[103.445567,28.090196],[103.451427,28.096015],[103.456472,28.105251],[103.452647,28.123887],[103.454845,28.133857],[103.458914,28.134711],[103.538178,28.184434],[103.551524,28.206122],[103.562022,28.229275],[103.571544,28.243109],[103.58074,28.246365],[103.602468,28.247748],[103.612641,28.249945],[103.619395,28.254747],[103.626231,28.261583],[103.634044,28.267768],[103.643565,28.270453],[103.666026,28.26321],[103.683442,28.246649],[103.697032,28.228339],[103.708751,28.215766],[103.722097,28.21544],[103.749278,28.242743],[103.788992,28.255479],[103.879975,28.325629],[103.870128,28.343777],[103.859467,28.400743],[103.8213,28.484809],[103.796804,28.525336],[103.794932,28.531073],[103.804861,28.551581],[103.828217,28.587429],[103.836436,28.604844],[103.832286,28.620469],[103.841563,28.636257],[103.845144,28.653591],[103.850678,28.668036]]]}},{"type":"Feature","properties":{"dissolve":"16River","scalerank":1.0,"featurecla":"River","name":"Bahr el Jebel","name_alt":"White Nile","rivernum":16,"note":null,"min_zoom":2.0,"name_en":"White Nile","min_label":3.0},"bbox":[30.19101,6.829657,31.148367,9.540066],"geometry":{"type":"MultiLineString","coordinates":[[[31.148367,6.829657],[31.128429,6.837429],[31.121593,6.843533],[31.107432,6.859158],[31.100027,6.864203],[31.08253,6.871894],[31.077078,6.875922],[31.073253,6.885077],[31.069591,6.907294],[31.063406,6.917507],[31.052745,6.923651],[31.028087,6.929063],[31.018321,6.934597],[31.003835,6.944932],[30.970632,6.960273],[30.902843,7.016466],[30.895274,7.020209],[30.870046,7.025824],[30.861339,7.026719],[30.852306,7.028754],[30.846202,7.0338],[30.818858,7.072781],[30.812511,7.08747],[30.810069,7.106228],[30.802745,7.117743],[30.754893,7.143419],[30.734386,7.170722],[30.721609,7.18004],[30.716563,7.185736],[30.711925,7.217068],[30.705496,7.2296],[30.696381,7.241319],[30.686534,7.260769],[30.679698,7.287421],[30.663097,7.30626],[30.656505,7.321845],[30.651866,7.362494],[30.641856,7.382636],[30.610606,7.415839],[30.604015,7.434516],[30.601003,7.447577],[30.593516,7.449978],[30.584483,7.449083],[30.576671,7.452501],[30.575857,7.456732],[30.577729,7.468533],[30.576671,7.472357],[30.56544,7.482367],[30.562429,7.486029],[30.557546,7.489285],[30.546967,7.498806],[30.54005,7.508734],[30.545909,7.513373],[30.558116,7.51435],[30.56544,7.51793],[30.568858,7.525336],[30.569835,7.537543],[30.566661,7.556423],[30.558035,7.575385],[30.545828,7.590033],[30.523041,7.600043],[30.522065,7.609727],[30.523367,7.621161],[30.522065,7.630072],[30.515636,7.63642],[30.499604,7.648505],[30.494151,7.657335],[30.496104,7.665635],[30.503835,7.671739],[30.509369,7.678412],[30.501394,7.696885],[30.509044,7.742296],[30.512462,7.748236],[30.5171,7.752468],[30.522065,7.760362],[30.527599,7.766954],[30.534434,7.773546],[30.536713,7.780585],[30.528331,7.788357],[30.528331,7.795193],[30.535818,7.796088],[30.540131,7.797553],[30.543956,7.799425],[30.549327,7.801337],[30.530284,7.807318],[30.522065,7.807563],[30.522065,7.815009],[30.535818,7.824246],[30.529226,7.830837],[30.515391,7.837266],[30.507823,7.84573],[30.507823,7.873643],[30.505626,7.880805],[30.496186,7.887071],[30.48585,7.922797],[30.425873,7.993191],[30.437104,8.002387],[30.425304,8.021186],[30.405284,8.04328],[30.392345,8.062038],[30.391043,8.075995],[30.3921,8.091091],[30.391124,8.105089],[30.384288,8.116034],[30.372162,8.116889],[30.359467,8.11164],[30.350841,8.112128],[30.350678,8.130316],[30.324636,8.118435],[30.310802,8.149522],[30.307628,8.191718],[30.312918,8.212917],[30.329194,8.218085],[30.326915,8.2296],[30.319591,8.241156],[30.320079,8.246405],[30.337983,8.252875],[30.336925,8.268175],[30.316661,8.301052],[30.323985,8.303982],[30.343842,8.315253],[30.337657,8.325548],[30.333018,8.353827],[30.323497,8.363715],[30.330333,8.390977],[30.33546,8.396186],[30.342296,8.399848],[30.348155,8.404893],[30.35377,8.431912],[30.358897,8.445868],[30.359874,8.460232],[30.350678,8.479112],[30.346934,8.48017],[30.334402,8.478339],[30.330333,8.479112],[30.329356,8.483425],[30.331309,8.496161],[30.330333,8.500271],[30.301199,8.519639],[30.296153,8.524197],[30.292898,8.534776],[30.278331,8.549628],[30.274994,8.558621],[30.278331,8.571357],[30.283946,8.581732],[30.285085,8.589952],[30.274994,8.596462],[30.274913,8.593085],[30.275483,8.586046],[30.274994,8.582831],[30.268809,8.582831],[30.269216,8.594997],[30.272227,8.607611],[30.276947,8.619818],[30.282481,8.630561],[30.30185,8.655463],[30.309581,8.670233],[30.309174,8.685167],[30.303315,8.693061],[30.296479,8.695583],[30.289154,8.696234],[30.282481,8.698839],[30.242686,8.735907],[30.234304,8.746772],[30.227143,8.760321],[30.239757,8.770046],[30.249929,8.781073],[30.253998,8.793809],[30.24822,8.808702],[30.240815,8.801866],[30.235362,8.818142],[30.236746,8.85281],[30.23463,8.870185],[30.230235,8.878485],[30.218272,8.890163],[30.213634,8.898139],[30.212494,8.904242],[30.213634,8.917996],[30.213634,8.925401],[30.20989,8.940985],[30.198253,8.961371],[30.193126,8.973212],[30.19101,8.990343],[30.193777,9.006537],[30.199474,9.019843],[30.206716,9.028428],[30.212901,9.031033],[30.229421,9.033637],[30.23463,9.035264],[30.252371,9.053534],[30.254487,9.055203],[30.256114,9.060736],[30.2588,9.077338],[30.261322,9.083075],[30.266856,9.086778],[30.281016,9.091417],[30.288666,9.096137],[30.299734,9.107937],[30.303803,9.118476],[30.309174,9.151394],[30.318777,9.169623],[30.332286,9.179511],[30.34669,9.187445],[30.358165,9.199774],[30.351166,9.207099],[30.353608,9.212755],[30.359874,9.218573],[30.36435,9.226426],[30.36435,9.291612],[30.362071,9.306464],[30.355886,9.311835],[30.347097,9.314887],[30.337006,9.322618],[30.324718,9.347724],[30.335948,9.35753],[30.354503,9.364529],[30.36435,9.380968],[30.369395,9.40351],[30.380789,9.4171],[30.394135,9.427273],[30.404796,9.439317],[30.415945,9.471706],[30.424734,9.482856],[30.442882,9.487128],[30.456716,9.492133],[30.468028,9.503852],[30.477957,9.517442],[30.487885,9.528103],[30.504812,9.536241],[30.523204,9.540066],[30.6456,9.53498],[30.773367,9.504828],[30.816173,9.50019],[30.895763,9.50019],[30.911143,9.503445],[30.92392,9.509955],[30.938487,9.515204],[30.959727,9.514472],[31.003998,9.499376],[31.124766,9.432481]]]}},{"type":"Feature","properties":{"dissolve":"17River","scalerank":1.0,"featurecla":"River","name":"El Bahr el Abyad","name_alt":"White Nile","rivernum":17,"note":null,"min_zoom":2.0,"name_en":"White Nile","min_label":3.0},"bbox":[31.124766,9.343126,32.810557,15.634548],"geometry":{"type":"MultiLineString","coordinates":[[[31.124766,9.432481],[31.28297,9.391547],[31.327891,9.38642],[31.349132,9.37995],[31.358165,9.367377],[31.36614,9.359483],[31.384369,9.35163],[31.404877,9.345526],[31.419526,9.343126],[31.463959,9.348944],[31.509695,9.364447],[31.551362,9.386501],[31.583995,9.412055],[31.612804,9.44831],[31.626231,9.471259],[31.631847,9.490546],[31.634939,9.495795],[31.649099,9.508979],[31.652354,9.51789],[31.649425,9.527208],[31.635753,9.543728],[31.631847,9.555447],[31.635834,9.575019],[31.660167,9.599148],[31.669037,9.620063],[31.67685,9.623155],[31.697276,9.624335],[31.704845,9.629096],[31.720632,9.658474],[31.739675,9.670274],[31.760509,9.676378],[31.806895,9.678982],[31.828136,9.684272],[31.920502,9.751492],[31.939952,9.758368],[31.96461,9.76085],[31.975678,9.767524],[31.986339,9.783149],[32.002452,9.816107],[32.025401,9.845649],[32.092214,9.889106],[32.125255,9.919135],[32.155284,9.957465],[32.168386,9.979031],[32.176524,10.007636],[32.183523,10.015245],[32.19337,10.019965],[32.204112,10.021552],[32.212169,10.025336],[32.218354,10.034532],[32.238536,10.089301],[32.246593,10.104112],[32.259044,10.110297],[32.266205,10.119818],[32.280365,10.16706],[32.28297,10.185411],[32.278575,10.20307],[32.259858,10.231716],[32.253429,10.249864],[32.244151,10.268378],[32.241954,10.278835],[32.243175,10.28974],[32.247976,10.311062],[32.248139,10.323188],[32.24586,10.334499],[32.235037,10.364203],[32.233409,10.376532],[32.235037,10.408555],[32.231537,10.429633],[32.220876,10.440863],[32.203705,10.445339],[32.133311,10.44477],[32.108653,10.451443],[32.098074,10.470323],[32.100678,10.51142],[32.104991,10.529893],[32.111746,10.54914],[32.135834,10.584784],[32.241954,10.680121],[32.300792,10.749091],[32.336436,10.779608],[32.372325,10.79621],[32.382253,10.796495],[32.403819,10.794501],[32.413259,10.79621],[32.425304,10.804551],[32.490733,10.892401],[32.505382,10.918972],[32.516205,10.933539],[32.523204,10.939561],[32.558686,10.951483],[32.572683,10.967231],[32.612804,10.98664],[32.625499,10.994818],[32.646902,11.034003],[32.652761,11.071357],[32.652924,11.244656],[32.650808,11.254096],[32.641531,11.274034],[32.639252,11.28559],[32.64088,11.309109],[32.645518,11.330634],[32.67628,11.39586],[32.680756,11.416287],[32.687022,11.501899],[32.707042,11.574897],[32.722341,11.608913],[32.741628,11.638495],[32.761241,11.678819],[32.768565,11.72838],[32.76588,11.779405],[32.755382,11.824042],[32.724376,11.908718],[32.722179,11.957628],[32.749115,11.995307],[32.746674,12.028022],[32.728526,12.10456],[32.730072,12.202257],[32.721202,12.221259],[32.723074,12.25491],[32.729259,12.292182],[32.740977,12.327419],[32.767507,12.367987],[32.772878,12.385321],[32.778738,12.440456],[32.796886,12.495632],[32.80364,12.566962],[32.755382,12.769965],[32.754893,12.78795],[32.759044,12.801622],[32.764903,12.814805],[32.769542,12.831407],[32.769786,12.850287],[32.76588,12.870225],[32.752208,12.906806],[32.755626,12.930935],[32.797862,12.991523],[32.810557,13.016384],[32.810069,13.036729],[32.802745,13.049018],[32.79241,13.058621],[32.783214,13.07099],[32.774425,13.122423],[32.766205,13.136176],[32.760346,13.143622],[32.75351,13.159857],[32.748546,13.167182],[32.740733,13.17182],[32.725027,13.173407],[32.718028,13.17711],[32.666515,13.215033],[32.628673,13.249579],[32.619395,13.262234],[32.613292,13.278103],[32.604991,13.313259],[32.576589,13.357042],[32.570811,13.393622],[32.577729,13.468288],[32.587332,13.502509],[32.614024,13.569525],[32.619395,13.605414],[32.612559,13.62641],[32.596609,13.630479],[32.57724,13.629828],[32.560639,13.636501],[32.550304,13.644884],[32.522227,13.662624],[32.509532,13.673692],[32.481863,13.709581],[32.475352,13.722113],[32.472667,13.740058],[32.474376,13.782294],[32.47169,13.794053],[32.384288,13.860622],[32.358002,13.887234],[32.340261,13.916368],[32.330007,13.947577],[32.325125,13.980902],[32.323985,14.016628],[32.3213,14.029893],[32.30714,14.064276],[32.292247,14.088324],[32.282807,14.124823],[32.276134,14.140448],[32.23406,14.192003],[32.215587,14.221381],[32.200613,14.283881],[32.167735,14.347032],[32.159434,14.379421],[32.162364,14.409044],[32.184011,14.475165],[32.197032,14.503526],[32.201915,14.531521],[32.185069,14.590359],[32.179861,14.619656],[32.184011,14.650702],[32.194265,14.687812],[32.208507,14.722683],[32.22462,14.746853],[32.304698,14.820868],[32.323985,14.852362],[32.336436,14.885932],[32.344493,14.900173],[32.358002,14.913845],[32.410818,14.946357],[32.423595,14.962226],[32.428152,14.987901],[32.419851,15.050564],[32.420177,15.078925],[32.436697,15.145453],[32.475108,15.241807],[32.483409,15.274685],[32.489024,15.346137],[32.482514,15.381863],[32.454112,15.443549],[32.44752,15.476142],[32.452566,15.508328],[32.476166,15.571357],[32.484793,15.623358],[32.490164,15.634548]]]}},{"type":"Feature","properties":{"dissolve":"18River","scalerank":1.0,"featurecla":"River","name":"Chang Jiang","name_alt":"Yangtze","rivernum":18,"note":null,"min_zoom":2.0,"name_en":"Yangtze","min_label":3.0},"bbox":[103.850678,28.612616,113.127615,31.073432],"geometry":{"type":"MultiLineString","coordinates":[[[112.78183,29.743964],[112.816905,29.753974],[112.852957,29.779079],[112.885834,29.791693],[112.912364,29.764431],[112.914806,29.754218],[112.916515,29.733954],[112.918468,29.723456],[112.929291,29.701361],[112.936046,29.693223],[112.945323,29.709255],[112.987315,29.743964],[113.012706,29.772895],[113.019216,29.77086],[113.021495,29.747382],[113.017182,29.724555],[113.005951,29.706122],[112.990652,29.691962],[112.935069,29.659532],[112.913503,29.634467],[112.908214,29.600694],[112.927664,29.495185],[112.935557,29.480496],[112.953136,29.476589],[112.972097,29.489325],[112.990815,29.507025],[113.007823,29.518012],[113.032644,29.518988],[113.044526,29.508368],[113.048595,29.48961],[113.048595,29.454169],[113.049815,29.446885],[113.054698,29.443223],[113.066173,29.442247],[113.07545,29.447455],[113.076427,29.459581],[113.074718,29.473456],[113.076182,29.483832],[113.084727,29.494656],[113.089936,29.496039],[113.112885,29.474189],[113.115245,29.467637],[113.117768,29.463935],[113.127615,29.462755]],[[103.850678,28.668036],[103.866303,28.675116],[103.870209,28.666205],[103.872569,28.657172],[103.87379,28.636583],[103.87794,28.630439],[103.887706,28.630683],[103.899099,28.633083],[103.908376,28.63349],[103.927826,28.626288],[103.939952,28.619696],[103.952403,28.614854],[103.972748,28.613064],[103.992279,28.616238],[104.029063,28.630316],[104.047537,28.63349],[104.05657,28.630398],[104.078624,28.613064],[104.091807,28.612616],[104.101085,28.615994],[104.11964,28.626736],[104.139903,28.633368],[104.178722,28.638536],[104.232188,28.639594],[104.239675,28.643419],[104.246511,28.654893],[104.248057,28.661933],[104.25058,28.661485],[104.260509,28.65058],[104.275076,28.638861],[104.292491,28.632148],[104.311697,28.630439],[104.33253,28.63349],[104.341401,28.637478],[104.34669,28.641913],[104.352306,28.645697],[104.36321,28.647162],[104.456472,28.6435],[104.483002,28.657579],[104.507823,28.678412],[104.563731,28.707546],[104.588634,28.728339],[104.603526,28.754747],[104.599294,28.784369],[104.622,28.79031],[104.66269,28.782253],[104.685069,28.794257],[104.699718,28.799587],[104.740001,28.795233],[104.757091,28.798041],[104.7671,28.80504],[104.783295,28.82038],[104.791108,28.825303],[104.803803,28.828477],[104.835948,28.825303],[104.858409,28.817735],[104.902436,28.784369],[104.92213,28.776923],[104.939952,28.784857],[104.95696,28.803005],[104.980235,28.835883],[104.991628,28.841498],[105.002045,28.837022],[105.011974,28.829413],[105.021495,28.825303],[105.029877,28.81977],[105.03004,28.807563],[105.026541,28.795518],[105.020763,28.782538],[105.015391,28.775214],[105.013113,28.767035],[105.018321,28.756415],[105.028575,28.750434],[105.05185,28.750434],[105.062755,28.746446],[105.095714,28.719184],[105.115733,28.71369],[105.140636,28.722927],[105.14796,28.728135],[105.15089,28.732245],[105.154307,28.749579],[105.155284,28.763495],[105.153331,28.770046],[105.154714,28.775824],[105.164806,28.787462],[105.176199,28.783881],[105.219493,28.7567],[105.236257,28.749579],[105.259939,28.752712],[105.2942,28.772244],[105.339936,28.783515],[105.351573,28.799872],[105.360362,28.839626],[105.36964,28.856798],[105.384044,28.869696],[105.402843,28.877753],[105.425222,28.880561],[105.435557,28.883816],[105.443858,28.891913],[105.459565,28.911241],[105.470714,28.913153],[105.481619,28.904486],[105.497569,28.886786],[105.518158,28.888292],[105.542735,28.899197],[105.559174,28.915107],[105.555919,28.931749],[105.545909,28.95128],[105.560069,28.961127],[105.585378,28.962266],[105.607432,28.955675],[105.622325,28.942165],[105.62794,28.927354],[105.62794,28.890489],[105.639252,28.887478],[105.692475,28.891059],[105.709076,28.894232],[105.752859,28.921698],[105.77532,28.928249],[105.784923,28.911241],[105.786632,28.887234],[105.79184,28.868679],[105.800548,28.853461],[105.812755,28.839626],[105.84547,28.825385],[105.877208,28.836127],[105.897227,28.863715],[105.894786,28.900458],[105.878184,28.910102],[105.873627,28.914659],[105.87322,28.919623],[105.874766,28.925971],[105.877452,28.930121],[105.881114,28.928331],[105.874034,28.939887],[105.86907,28.946072],[105.860769,28.948432],[105.843272,28.948798],[105.818858,28.957546],[105.823741,28.977078],[105.880626,29.047309],[105.897227,29.058621],[105.928803,29.064887],[105.97698,29.062445],[105.990896,29.064887],[106.001231,29.071804],[106.025076,29.106513],[106.089854,29.081244],[106.117931,29.078559],[106.14088,29.090522],[106.135753,29.117621],[106.121593,29.146674],[106.117931,29.164496],[106.155365,29.202094],[106.157725,29.208686],[106.156993,29.21544],[106.157237,29.222439],[106.162364,29.229356],[106.170828,29.233466],[106.177826,29.232611],[106.184011,29.23017],[106.189545,29.229356],[106.213471,29.235622],[106.237315,29.246527],[106.250987,29.264268],[106.244151,29.290839],[106.259369,29.290391],[106.308686,29.276394],[106.324311,29.283515],[106.348888,29.289578],[106.370128,29.29206],[106.374766,29.295925],[106.376475,29.302273],[106.385509,29.319932],[106.388438,29.32807],[106.392996,29.336493],[106.401866,29.346055],[106.411632,29.35281],[106.429779,29.362006],[106.439464,29.370307],[106.455089,29.389431],[106.463878,29.397406],[106.473562,29.400702],[106.501964,29.399522],[106.516205,29.401435],[106.524832,29.408149],[106.522472,29.415351],[106.504405,29.442247],[106.499522,29.455024],[106.497813,29.464952],[106.498057,29.480496],[106.500987,29.488471],[106.508311,29.491034],[106.528575,29.490058],[106.536062,29.494452],[106.536388,29.504584],[106.532237,29.524237],[106.534434,29.544989],[106.537608,29.551134],[106.545909,29.558946],[106.556082,29.562771],[106.569591,29.565009],[106.581635,29.568427],[106.586843,29.575751],[106.585704,29.591742],[106.586843,29.610378],[106.596446,29.624538],[106.621023,29.627265],[106.619884,29.624376],[106.665701,29.588406],[106.672293,29.577012],[106.680756,29.572618],[106.69101,29.571479],[106.70045,29.575751],[106.704275,29.57864],[106.716401,29.58454],[106.720795,29.585639],[106.724294,29.588446],[106.728526,29.601752],[106.730886,29.606147],[106.775076,29.617377],[106.810802,29.600409],[106.842214,29.593329],[106.908132,29.686713],[106.929698,29.70421],[106.963634,29.756944],[107.017345,29.787136],[107.025645,29.794786],[107.033132,29.809434],[107.050385,29.819892],[107.070893,29.82392],[107.087169,29.819648],[107.095876,29.804999],[107.107351,29.759589],[107.117768,29.740261],[107.149425,29.710639],[107.167572,29.696967],[107.183442,29.688747],[107.221121,29.691718],[107.295421,29.740058],[107.334076,29.7508],[107.375662,29.733222],[107.399018,29.728217],[107.409272,29.740261],[107.414073,29.763617],[107.425955,29.780463],[107.457042,29.805365],[107.473888,29.824164],[107.479747,29.841905],[107.47519,29.859198],[107.46046,29.876776],[107.458751,29.884711],[107.466563,29.892768],[107.478038,29.899034],[107.488048,29.901557],[107.501394,29.900499],[107.508311,29.897488],[107.519786,29.887315],[107.55714,29.867011],[107.596121,29.855333],[107.635916,29.853054],[107.676768,29.860663],[107.68629,29.864691],[107.744395,29.903754],[107.836681,29.987006],[107.84962,30.004706],[107.865896,30.048163],[107.865245,30.055528],[107.861501,30.063585],[107.860362,30.07628],[107.861827,30.099555],[107.868256,30.113227],[107.881277,30.129218],[107.897065,30.142442],[107.912608,30.148017],[107.928233,30.155544],[107.934581,30.173204],[107.937592,30.193671],[107.943614,30.209418],[107.961029,30.222032],[107.977794,30.226671],[107.992931,30.233018],[108.005056,30.250434],[108.014578,30.286322],[108.02003,30.299913],[108.032319,30.313096],[108.046886,30.320868],[108.064952,30.327582],[108.069347,30.329942],[108.074311,30.331977],[108.08074,30.332343],[108.085378,30.329047],[108.090261,30.322455],[108.093761,30.315985],[108.094493,30.313096],[108.118337,30.317572],[108.117198,30.331366],[108.102957,30.347846],[108.087576,30.360297],[108.152843,30.408067],[108.174327,30.411973],[108.196869,30.422146],[108.217214,30.435614],[108.231619,30.449652],[108.308116,30.579535],[108.314138,30.586859],[108.348725,30.638983],[108.358328,30.648261],[108.369558,30.65705],[108.409923,30.709744],[108.418956,30.729315],[108.422293,30.739814],[108.424083,30.750678],[108.422455,30.763943],[108.412201,30.784776],[108.409923,30.795722],[108.410818,30.820746],[108.416596,30.833808],[108.431163,30.840644],[108.480561,30.853298],[108.497569,30.862413],[108.508393,30.876776],[108.512218,30.898464],[108.522227,30.911933],[108.545909,30.918769],[108.573334,30.922919],[108.594737,30.928819],[108.624278,30.943671],[108.6421,30.948269],[108.666515,30.949978],[108.687511,30.945421],[108.722179,30.926296],[108.745616,30.922634],[108.790538,30.931586],[108.877208,30.95954],[108.924327,30.956814],[108.96933,30.94892],[109.012543,30.949408],[109.17685,30.97663],[109.199229,30.975694],[109.258881,30.963568],[109.296641,30.965847],[109.430105,30.996202],[109.4463,31.00255],[109.459972,31.010037],[109.486339,31.028876],[109.497813,31.034125],[109.573985,31.04267],[109.591807,31.040554],[109.608328,31.031846],[109.617198,31.016913],[109.623953,31.008328],[109.632823,31.004584],[109.653087,31.00434],[109.661713,31.002224],[109.670421,30.997097],[109.731456,31.021267],[109.765636,31.047553],[109.784679,31.053656],[109.871755,31.067572],[109.896658,31.068549],[109.923106,31.060492],[109.933849,31.064561],[109.944753,31.070421],[109.955007,31.073432],[109.965343,31.071967],[109.976085,31.068427],[109.985769,31.06391],[109.992605,31.059841],[110.02589,31.032904],[110.042735,31.026923],[110.071707,31.02501],[110.089854,31.027126],[110.12794,31.036322],[110.149506,31.038682],[110.281749,31.021023],[110.321544,31.031846],[110.328868,31.037909],[110.334972,31.044623],[110.342784,31.049994],[110.355724,31.052314],[110.366791,31.05032],[110.384288,31.040839],[110.427338,31.031277],[110.44394,31.02558],[110.511729,31.033271],[110.532807,31.031846],[110.550548,31.026231],[110.565115,31.015082],[110.583751,31.004991],[110.657319,30.997097],[110.720876,30.967719],[110.7588,30.960476],[110.801524,30.943874],[110.814952,30.936306],[110.827647,30.921698],[110.837494,30.906073],[110.850678,30.893622],[110.87322,30.888495],[110.921886,30.886827],[110.945242,30.882636],[110.965831,30.874213],[110.995209,30.844835],[111.006928,30.83808],[111.011974,30.833564],[111.018647,30.829047],[111.027599,30.827012],[111.036062,30.827989],[111.05128,30.832302],[111.058197,30.833279],[111.076182,30.838813],[111.098643,30.8487],[111.124034,30.852566],[111.150808,30.840115],[111.161225,30.826768],[111.162852,30.815538],[111.158214,30.788601],[111.166433,30.783718],[111.204275,30.778835],[111.216319,30.775214],[111.238292,30.764268],[111.263276,30.756537],[111.277599,30.741807],[111.267507,30.709744],[111.386974,30.593044],[111.391205,30.58572],[111.39739,30.553249],[111.40089,30.545844],[111.412364,30.533149],[111.432546,30.503526],[111.448822,30.47016],[111.448741,30.445909],[111.444428,30.423204],[111.470714,30.413845],[111.505626,30.409247],[111.527436,30.401231],[111.507253,30.358507],[111.499522,30.333686],[111.503673,30.31623],[111.533132,30.282538],[111.55071,30.271674],[111.575857,30.271511],[111.592052,30.281277],[111.607432,30.299506],[111.619151,30.319851],[111.629324,30.356024],[111.643158,30.371894],[111.678315,30.395046],[111.711029,30.41059],[111.751964,30.422187],[111.797293,30.428534],[111.842784,30.428534],[111.881358,30.41828],[111.908295,30.39765],[111.980968,30.304551],[111.997813,30.291815],[112.021007,30.285183],[112.063894,30.287299],[112.087413,30.291938],[112.103526,30.298855],[112.103526,30.291368],[112.146658,30.304877],[112.195323,30.307481],[112.239024,30.295478],[112.268077,30.264716],[112.270518,30.223578],[112.246023,30.196357],[112.213634,30.1706],[112.192882,30.134345],[112.196544,30.092353],[112.223155,30.076728],[112.309011,30.072862],[112.352468,30.05919],[112.391205,30.031684],[112.417898,29.99372],[112.425141,29.948798],[112.400645,29.884141],[112.394216,29.873643],[112.384369,29.863064],[112.379812,29.838487],[112.376557,29.791693],[112.36671,29.747504],[112.368663,29.726589],[112.387543,29.733425],[112.423839,29.761542],[112.443858,29.77204],[112.466075,29.778673],[112.53297,29.774359],[112.54184,29.781806],[112.543386,29.802069],[112.548839,29.823065],[112.559255,29.839626],[112.575857,29.8463],[112.600352,29.839219],[112.602631,29.821357],[112.590017,29.77497],[112.593435,29.742377],[112.59962,29.721991],[112.610606,29.709784],[112.636241,29.71369],[112.6421,29.743679],[112.63795,29.805365],[112.654307,29.822333],[112.682872,29.82685],[112.714773,29.822292],[112.740326,29.812201],[112.764171,29.789984],[112.748464,29.779812],[112.716807,29.77379],[112.692556,29.764431],[112.693126,29.747382],[112.721772,29.738593],[112.760183,29.737616],[112.788829,29.743964]]]}},{"type":"Feature","properties":{"dissolve":"19River","scalerank":1.0,"featurecla":"River","name":"Rosetta Branch","name_alt":null,"rivernum":19,"note":null,"min_zoom":2.0,"name_en":"Rosetta Branch","min_label":3.0},"bbox":[30.398529,30.123847,31.236908,31.443386],"geometry":{"type":"MultiLineString","coordinates":[[[31.236908,30.123847],[31.23406,30.133368],[31.228445,30.141059],[31.218516,30.146104],[31.179454,30.150092],[31.16627,30.15587],[31.145274,30.17532],[31.117931,30.188992],[31.093272,30.206651],[31.081147,30.211697],[31.067556,30.221503],[31.059581,30.223741],[31.050792,30.221747],[31.036876,30.212266],[31.029226,30.209418],[31.008718,30.209662],[30.990977,30.215196],[30.978608,30.225653],[30.973888,30.240505],[30.972748,30.262885],[30.969737,30.273301],[30.96339,30.277696],[30.962169,30.280219],[30.95045,30.28498],[30.939138,30.28795],[30.929698,30.291042],[30.926768,30.291693],[30.919932,30.305691],[30.917979,30.315782],[30.918224,30.326972],[30.916759,30.336046],[30.909272,30.339789],[30.882416,30.34573],[30.851085,30.326117],[30.832937,30.333686],[30.826427,30.347846],[30.833018,30.361599],[30.879324,30.372748],[30.872813,30.383897],[30.844249,30.401231],[30.841401,30.415554],[30.844249,30.429958],[30.848643,30.442939],[30.851085,30.45307],[30.849132,30.46365],[30.844168,30.474962],[30.830496,30.497423],[30.837983,30.506781],[30.845225,30.518256],[30.850108,30.531358],[30.851085,30.545844],[30.843028,30.548367],[30.83546,30.547146],[30.829031,30.54682],[30.823741,30.552069],[30.820893,30.56037],[30.821056,30.568468],[30.826101,30.575263],[30.837413,30.579372],[30.837413,30.586859],[30.816905,30.595526],[30.804454,30.613349],[30.798106,30.637519],[30.795909,30.680121],[30.793468,30.694444],[30.788178,30.70539],[30.779063,30.709744],[30.774099,30.716335],[30.781179,30.730496],[30.791108,30.743598],[30.796397,30.74726],[30.792247,30.763495],[30.78183,30.763739],[30.768321,30.759955],[30.754893,30.76435],[30.753022,30.775417],[30.760265,30.788886],[30.770112,30.800482],[30.77589,30.805976],[30.802257,30.81212],[30.814871,30.817572],[30.816173,30.827012],[30.806651,30.833279],[30.792491,30.832546],[30.761729,30.827012],[30.784923,30.84101],[30.789561,30.846869],[30.792898,30.856716],[30.793549,30.868191],[30.789806,30.877712],[30.779063,30.881659],[30.756847,30.88581],[30.759858,30.896267],[30.773367,30.909613],[30.782156,30.922634],[30.777273,30.939073],[30.75351,30.970893],[30.751475,30.97663],[30.763438,30.983466],[30.753184,30.998399],[30.736095,31.013007],[30.72755,31.018826],[30.724701,31.027371],[30.727957,31.042182],[30.72755,31.052314],[30.723074,31.06212],[30.709239,31.078477],[30.706309,31.083075],[30.699148,31.091986],[30.651866,31.114366],[30.605886,31.172797],[30.597911,31.179999],[30.586925,31.183295],[30.581065,31.186225],[30.569916,31.19949],[30.562429,31.203192],[30.554698,31.202663],[30.550792,31.199897],[30.547537,31.197048],[30.542572,31.196357],[30.54241,31.195868],[30.525157,31.196357],[30.52532,31.202094],[30.519216,31.229315],[30.514659,31.237901],[30.507823,31.237901],[30.507823,31.230496],[30.501557,31.230496],[30.499278,31.233507],[30.498953,31.234727],[30.498057,31.235663],[30.494151,31.237901],[30.494151,31.244167],[30.505626,31.254421],[30.514252,31.270209],[30.52003,31.289333],[30.522065,31.309638],[30.521007,31.320095],[30.518077,31.327989],[30.513601,31.334296],[30.507823,31.339708],[30.503835,31.342353],[30.495372,31.346788],[30.490977,31.350613],[30.483165,31.354438],[30.477468,31.350124],[30.474213,31.343329],[30.473643,31.339708],[30.46461,31.342841],[30.458018,31.347927],[30.454031,31.355007],[30.452566,31.364569],[30.448334,31.374945],[30.439138,31.379421],[30.429861,31.381456],[30.425873,31.384711],[30.426524,31.409491],[30.424571,31.428982],[30.41505,31.440945],[30.398529,31.443386]]]}},{"type":"Feature","properties":{"dissolve":"1River","scalerank":1.0,"featurecla":"River","name":"Yangtze","name_alt":null,"rivernum":1,"note":null,"min_zoom":2.0,"name_en":"Yangtze","min_label":3.0},"bbox":[113.127615,29.462755,119.606375,32.239529],"geometry":{"type":"MultiLineString","coordinates":[[[119.606375,32.196885],[119.58782,32.19245],[119.572358,32.191759],[119.557384,32.200141],[119.54005,32.222113],[119.530365,32.231716],[119.517345,32.238064],[119.504812,32.239529],[119.452566,32.233466],[119.385753,32.237413],[119.365326,32.234402],[119.346202,32.226752],[119.324474,32.214626],[119.303722,32.206163],[119.278331,32.20128],[119.252208,32.200019],[119.229421,32.202663],[119.129242,32.228542],[119.078705,32.232733],[119.027843,32.2213],[118.96339,32.187771],[118.927745,32.176825],[118.909679,32.173896],[118.883474,32.173204],[118.820404,32.188992],[118.793224,32.192816],[118.78655,32.192694],[118.780284,32.191107],[118.774343,32.187079],[118.769054,32.18122],[118.764659,32.174506],[118.761485,32.168036],[118.759532,32.162909],[118.758474,32.160997],[118.747488,32.147244],[118.73406,32.124864],[118.706391,32.09337],[118.689464,32.062445],[118.668956,32.039496],[118.658376,32.030585],[118.645925,32.016181],[118.614838,31.990017],[118.586355,31.949571],[118.553315,31.916287],[118.540538,31.892442],[118.53476,31.884467],[118.504812,31.859198],[118.498627,31.851264],[118.448009,31.756415],[118.426199,31.724473],[118.41505,31.699774],[118.403819,31.623236],[118.379649,31.556179],[118.347992,31.507595],[118.31601,31.4713],[118.309825,31.460069],[118.305186,31.448798],[118.302175,31.438341],[118.301768,31.427802],[118.304861,31.416449],[118.31544,31.400824],[118.318614,31.394965],[118.322358,31.383165],[118.324474,31.371039],[118.32545,31.356391],[118.324474,31.338324],[118.3213,31.320828],[118.315115,31.308051],[118.306163,31.300401],[118.296641,31.29739],[118.220144,31.291124],[118.210053,31.287787],[118.173839,31.265896],[118.155935,31.259141],[118.112722,31.252509],[118.060557,31.233222],[118.040457,31.233344],[118.027843,31.243679],[118.014171,31.237616],[118.002371,31.223253],[117.995942,31.208604],[117.993582,31.19127],[117.992931,31.138983],[117.988699,31.122829],[117.980398,31.109971],[117.968272,31.100287],[117.952729,31.093573],[117.937266,31.088935],[117.921886,31.086005],[117.907156,31.087673],[117.894542,31.096788],[117.879242,31.12226],[117.870372,31.133328],[117.856863,31.140937],[117.839366,31.143663],[117.822765,31.141181],[117.807546,31.134385],[117.793386,31.124457],[117.781505,31.113959],[117.77239,31.103868],[117.766531,31.092108],[117.763276,31.076483],[117.763682,31.058702],[117.768891,31.023749],[117.768077,31.006659],[117.747162,30.943468],[117.732026,30.874457],[117.697276,30.803738],[117.687429,30.796658],[117.642589,30.789496],[117.608653,30.780137],[117.593354,30.773708],[117.552338,30.747829],[117.53712,30.740831],[117.466075,30.726264],[117.457937,30.722235],[117.436534,30.706366],[117.42921,30.70246],[117.421641,30.700507],[117.345876,30.698757],[117.326671,30.69477],[117.276947,30.673367],[117.260753,30.669623],[117.252371,30.670681],[117.234304,30.674913],[117.226003,30.673367],[117.2199,30.6671],[117.217703,30.658474],[117.217784,30.648953],[117.218842,30.640245],[117.220714,30.634304],[117.225678,30.623074],[117.22755,30.617377],[117.228038,30.611762],[117.224132,30.597235],[117.22405,30.586208],[117.232839,30.555121],[117.231293,30.543484],[117.225678,30.532497],[117.217865,30.522528],[117.209565,30.514024],[117.183116,30.499376],[117.150645,30.494249],[117.033295,30.490587],[117.007498,30.48371],[116.984386,30.471747],[116.94866,30.443427],[116.936127,30.435858],[116.925222,30.432929],[116.913259,30.431952],[116.901866,30.429755],[116.89267,30.423285],[116.888276,30.402615],[116.899099,30.380683],[116.913992,30.358588],[116.921397,30.33747],[116.920014,30.32453],[116.90683,30.270697],[116.896902,30.244208],[116.822276,30.115424],[116.808523,30.102078],[116.790538,30.090888],[116.716075,30.05976],[116.690522,30.0539],[116.662608,30.052761],[116.650076,30.050605],[116.636485,30.043321],[116.605072,30.017686],[116.593761,30.010565],[116.591726,30.005683],[116.587901,30.00198],[116.579112,29.995225],[116.575206,29.99079],[116.567149,29.976752],[116.548839,29.954128],[116.536632,29.923204],[116.526947,29.906684],[116.51295,29.89411],[116.492198,29.88463],[116.466563,29.880316],[116.414236,29.880561],[116.389171,29.876003],[116.356537,29.858262],[116.297537,29.808702],[116.265229,29.788886],[116.235932,29.781277],[116.206554,29.781317],[116.146983,29.788682],[116.110281,29.786444],[116.077647,29.776394],[116.012787,29.748155],[115.99879,29.744005],[115.888682,29.731757],[115.855724,29.738471],[115.743337,29.808783],[115.73642,29.816352],[115.72519,29.842637],[115.718191,29.854071],[115.704845,29.860704],[115.621104,29.862372],[115.534923,29.85456],[115.50644,29.857611],[115.46339,29.871283],[115.450043,29.87755],[115.437511,29.885362],[115.426687,29.895331],[115.417247,29.909369],[115.396088,29.956081],[115.386729,29.969672],[115.375906,29.980496],[115.338471,30.008002],[115.330496,30.018175],[115.301524,30.06741],[115.283376,30.10932],[115.275401,30.120958],[115.189952,30.208767],[115.164561,30.221055],[115.145518,30.222357],[115.106944,30.21955],[115.087983,30.224148],[115.072032,30.236029],[115.063569,30.25198],[115.061453,30.270453],[115.064138,30.289862],[115.072846,30.324246],[115.072765,30.341132],[115.064952,30.357367],[115.052989,30.369005],[114.987397,30.407416],[114.966075,30.41352],[114.94394,30.416042],[114.8803,30.414984],[114.860769,30.418891],[114.842703,30.428046],[114.829275,30.441107],[114.820567,30.457139],[114.810802,30.493191],[114.808035,30.511054],[114.808523,30.526313],[114.814057,30.539903],[114.826589,30.552802],[114.839936,30.563788],[114.851573,30.576931],[114.855398,30.591132],[114.844737,30.605658],[114.826671,30.613796],[114.806082,30.616278],[114.731456,30.609442],[114.714854,30.605414],[114.688487,30.590766],[114.67685,30.58629],[114.613048,30.573594],[114.600841,30.574286],[114.58017,30.581651],[114.56601,30.593329],[114.502371,30.673163],[114.484386,30.684353],[114.45753,30.690741],[114.429128,30.690294],[114.401378,30.683905],[114.375987,30.672675],[114.354015,30.656521],[114.311127,30.609646],[114.296397,30.586859]],[[116.19752,29.75141],[116.20753,29.779486]],[[113.127615,29.462755],[113.145437,29.471991],[113.16212,29.493109],[113.186046,29.531684],[113.415538,29.764472],[113.445974,29.780056],[113.497325,29.819403],[113.519216,29.84162],[113.590017,29.87991],[113.607026,29.890204],[113.629975,29.9088],[113.65032,29.929389],[113.664236,29.954617],[113.675955,29.961127],[113.687755,29.963446],[113.693126,29.959581],[113.703624,29.934149],[113.706716,29.9289],[113.748627,29.919989],[113.79241,29.933417],[113.831065,29.958279],[113.889659,30.013007],[113.92335,30.033555],[114.043956,30.07921],[114.062266,30.088935],[114.069835,30.103339],[114.064382,30.124376],[114.050873,30.136339],[114.015147,30.154853],[113.983409,30.185167],[113.964285,30.197943],[113.940115,30.203233],[113.918061,30.198065],[113.895274,30.188747],[113.874441,30.184841],[113.858165,30.195828],[113.857595,30.231065],[113.885509,30.265204],[113.927175,30.28852],[113.968028,30.291368],[113.983409,30.282579],[113.996755,30.268622],[114.018565,30.240505],[114.039073,30.2296],[114.053966,30.24018],[114.086029,30.31741],[114.106619,30.352322],[114.24171,30.497423],[114.287364,30.575995],[114.303233,30.593044]]]}},{"type":"Feature","properties":{"dissolve":"20River","scalerank":1.0,"featurecla":"River","name":"Damietta Branch","name_alt":null,"rivernum":20,"note":null,"min_zoom":2.0,"name_en":"Damietta Branch","min_label":3.0},"bbox":[31.055756,30.17532,31.844737,31.525336],"geometry":{"type":"MultiLineString","coordinates":[[[31.145274,30.17532],[31.134207,30.19241],[31.115245,30.215359],[31.111095,30.226833],[31.11085,30.254991],[31.107921,30.270819],[31.100597,30.277696],[31.104015,30.322292],[31.103608,30.332343],[31.092784,30.34394],[31.066824,30.360541],[31.055756,30.374579],[31.077729,30.369981],[31.086925,30.370144],[31.097341,30.374579],[31.106537,30.382392],[31.107432,30.388536],[31.104747,30.394355],[31.103608,30.401231],[31.103445,30.412706],[31.101085,30.416205],[31.10198,30.415717],[31.111095,30.414903],[31.11907,30.410956],[31.122325,30.40412],[31.125011,30.402655],[31.131602,30.414903],[31.134939,30.428412],[31.134369,30.437852],[31.135753,30.446234],[31.145274,30.456488],[31.154552,30.461249],[31.171316,30.463935],[31.179454,30.46955],[31.180593,30.474962],[31.17921,30.482001],[31.178966,30.488064],[31.183116,30.490587],[31.184174,30.491726],[31.199799,30.497423],[31.227794,30.51793],[31.227794,30.524115],[31.222097,30.531562],[31.220144,30.541856],[31.221934,30.55211],[31.227794,30.559516],[31.233409,30.558376],[31.240001,30.552191],[31.248953,30.547797],[31.261811,30.552069],[31.250987,30.564968],[31.25351,30.588243],[31.268647,30.633979],[31.270274,30.660915],[31.258393,30.706855],[31.255056,30.733954],[31.25294,30.7414],[31.24822,30.743476],[31.243663,30.744086],[31.241466,30.74726],[31.23463,30.771796],[31.230724,30.81391],[31.221202,30.822781],[31.216319,30.829861],[31.213634,30.836941],[31.218761,30.841173],[31.241466,30.846869],[31.248139,30.850409],[31.252452,30.850775],[31.254487,30.853583],[31.255056,30.864325],[31.252859,30.868191],[31.247325,30.873318],[31.240733,30.878241],[31.23463,30.881659],[31.242198,30.882839],[31.246349,30.884467],[31.249766,30.886542],[31.255056,30.888495],[31.241628,30.899115],[31.245046,30.90705],[31.2553,30.914171],[31.261811,30.922634],[31.260997,30.935248],[31.256358,30.943142],[31.252859,30.950995],[31.255056,30.963568],[31.263276,30.973741],[31.274018,30.976589],[31.285737,30.977973],[31.296804,30.984076],[31.299083,30.988471],[31.305593,31.016913],[31.310639,31.019477],[31.317149,31.020535],[31.323334,31.02501],[31.330496,31.034369],[31.337332,31.041205],[31.345876,31.046739],[31.358165,31.052314],[31.365001,31.053656],[31.389171,31.052314],[31.394542,31.054796],[31.396251,31.060736],[31.396658,31.067694],[31.399099,31.073432],[31.437022,31.128933],[31.453705,31.14171],[31.453705,31.147976],[31.45045,31.156562],[31.457612,31.163845],[31.468028,31.171983],[31.474864,31.183295],[31.488536,31.176825],[31.504893,31.172675],[31.514659,31.173896],[31.508311,31.183295],[31.508311,31.189521],[31.512299,31.191352],[31.513113,31.192084],[31.513113,31.193183],[31.515147,31.196357],[31.545665,31.187608],[31.581554,31.186469],[31.613373,31.195421],[31.631847,31.216824],[31.630951,31.230658],[31.625092,31.238959],[31.625418,31.243028],[31.642507,31.244167],[31.661713,31.248603],[31.676036,31.258857],[31.677745,31.27029],[31.65919,31.278266],[31.661876,31.285997],[31.663585,31.289578],[31.666026,31.292548],[31.672862,31.292548],[31.681163,31.286485],[31.689545,31.286444],[31.692882,31.290961],[31.686534,31.298774],[31.686534,31.30622],[31.708018,31.331244],[31.716889,31.346259],[31.720632,31.364569],[31.719656,31.367214],[31.717459,31.36933],[31.715343,31.372504],[31.714366,31.378241],[31.716889,31.381781],[31.723074,31.381415],[31.72991,31.380235],[31.734874,31.381293],[31.747813,31.391628],[31.752045,31.397488],[31.755382,31.408637],[31.768565,31.403754],[31.783132,31.408271],[31.810557,31.422227],[31.810557,31.429145],[31.801524,31.442003],[31.804617,31.458075],[31.814871,31.471747],[31.827403,31.477484],[31.824799,31.484076],[31.830658,31.498887],[31.844737,31.525336]]]}},{"type":"Feature","properties":{"dissolve":"222Lake Centerline","scalerank":6.0,"featurecla":"Lake Centerline","name":"Orange","name_alt":null,"rivernum":222,"note":null,"min_zoom":5.0,"name_en":"Orange","min_label":6.0},"bbox":[24.730886,-30.680597,25.971772,-29.979181],"geometry":{"type":"MultiLineString","coordinates":[[[24.730886,-29.979181],[24.753184,-29.981785],[24.78419,-29.988295],[24.80714,-30.021824],[24.906749,-30.201349],[24.914154,-30.207045],[24.920421,-30.210789],[24.925385,-30.212579],[24.934337,-30.214369],[24.945242,-30.214776],[24.961843,-30.239923],[24.964773,-30.247003],[24.967214,-30.250909],[24.973643,-30.258803],[24.977794,-30.263116]],[[25.971772,-30.545424],[25.95574,-30.557631],[25.937999,-30.566339],[25.907156,-30.544773],[25.900401,-30.54282],[25.892019,-30.541843],[25.879161,-30.548272],[25.874278,-30.552179],[25.871104,-30.556573],[25.869884,-30.561863],[25.870209,-30.567397],[25.873464,-30.578464],[25.874278,-30.584405],[25.862559,-30.598321],[25.85963,-30.6006],[25.847911,-30.610528],[25.839366,-30.617527],[25.77589,-30.658217],[25.745209,-30.673191],[25.72519,-30.680597],[25.696869,-30.67726],[25.684825,-30.673679],[25.665457,-30.662612],[25.65976,-30.661065],[25.634288,-30.656589],[25.628998,-30.654229],[25.625011,-30.650893],[25.622325,-30.646336],[25.620697,-30.640802],[25.617117,-30.616388],[25.615001,-30.611017],[25.610932,-30.606378],[25.579194,-30.602553],[25.506114,-30.612156]]]}},{"type":"Feature","properties":{"dissolve":"222River","scalerank":6.0,"featurecla":"River","name":"Orange","name_alt":null,"rivernum":222,"note":null,"min_zoom":5.0,"name_en":"Orange","min_label":6.0},"bbox":[23.627615,-30.679864,29.059662,-29.073093],"geometry":{"type":"MultiLineString","coordinates":[[[29.057546,-29.081882],[29.059662,-29.101088],[29.05421,-29.116062],[29.031505,-29.143243],[29.021983,-29.159031],[29.016612,-29.176609],[29.008556,-29.247979],[29.003347,-29.262709],[28.992442,-29.277276],[28.971202,-29.296075],[28.958425,-29.304376],[28.946544,-29.308526],[28.932628,-29.30519],[28.908783,-29.286147],[28.893972,-29.281671],[28.878917,-29.283054],[28.869884,-29.286635],[28.838471,-29.304864],[28.822846,-29.317885],[28.810802,-29.333998],[28.803966,-29.352879],[28.802338,-29.373386],[28.804779,-29.41489],[28.802989,-29.435398],[28.797537,-29.450209],[28.789317,-29.461602],[28.766531,-29.48089],[28.759369,-29.484063],[28.743582,-29.486342],[28.736095,-29.490899],[28.732026,-29.499444],[28.733979,-29.519464],[28.732351,-29.528741],[28.724539,-29.537286],[28.709076,-29.544285],[28.706309,-29.552911],[28.706554,-29.572768],[28.708263,-29.58172],[28.712494,-29.590753],[28.731456,-29.584405],[28.746023,-29.597345],[28.760753,-29.615655],[28.780691,-29.624933],[28.780691,-29.631199],[28.764578,-29.636651],[28.756358,-29.638523],[28.746593,-29.638604],[28.759044,-29.655694],[28.765554,-29.661554],[28.773936,-29.665948],[28.762462,-29.675795],[28.748627,-29.675226],[28.737071,-29.677586],[28.732351,-29.696303],[28.733653,-29.706557],[28.737234,-29.712905],[28.74171,-29.718438],[28.773204,-29.778171],[28.774018,-29.786961],[28.773936,-29.799005],[28.777436,-29.812026],[28.784109,-29.824884],[28.786713,-29.837416],[28.779063,-29.849949],[28.768972,-29.854506],[28.759369,-29.85353],[28.750011,-29.850925],[28.740489,-29.850518],[28.730886,-29.854343],[28.723725,-29.860528],[28.717377,-29.86769],[28.709972,-29.874363],[28.695242,-29.880222],[28.663992,-29.884129],[28.652924,-29.890476],[28.649425,-29.900893],[28.65032,-29.914972],[28.653738,-29.929132],[28.657807,-29.93963],[28.666759,-29.950209],[28.679454,-29.958429],[28.693614,-29.964044],[28.707042,-29.966974],[28.701589,-29.977227],[28.690929,-29.982924],[28.666596,-29.989435],[28.653412,-29.995782],[28.647472,-30.002455],[28.636811,-30.022638],[28.62379,-30.034601],[28.609467,-30.038425],[28.577159,-30.03631],[28.562999,-30.038018],[28.541759,-30.048354],[28.529226,-30.052748],[28.514252,-30.051772],[28.487397,-30.041192],[28.471609,-30.041355],[28.4463,-30.04754],[28.421804,-30.050714],[28.397878,-30.048028],[28.374522,-30.036798],[28.364187,-30.0263],[28.347911,-30.00099],[28.336843,-29.99155],[28.30071,-29.984796],[28.269786,-29.998061],[28.239757,-30.016778],[28.206309,-30.026381],[28.163015,-30.023126],[28.140147,-30.0263],[28.130056,-30.039239],[28.124115,-30.053074],[28.109386,-30.061212],[28.075125,-30.070326],[28.057221,-30.072605],[28.005382,-30.061049],[27.996674,-30.061537],[27.971202,-30.06642],[27.944021,-30.066339],[27.933686,-30.070001],[27.925304,-30.076023],[27.918224,-30.083998],[27.897065,-30.118341],[27.893321,-30.13128],[27.893077,-30.145929],[27.901134,-30.17075],[27.902599,-30.182631],[27.896983,-30.194838],[27.8921,-30.198907],[27.880138,-30.205987],[27.875011,-30.21087],[27.871593,-30.216323],[27.866222,-30.228692],[27.862722,-30.234389],[27.83546,-30.247491],[27.819428,-30.264174],[27.814952,-30.267999],[27.797862,-30.273614],[27.78004,-30.274347],[27.746104,-30.267999],[27.742198,-30.265069],[27.735362,-30.254897],[27.730479,-30.25213],[27.721121,-30.252944],[27.717296,-30.258966],[27.717459,-30.267511],[27.71933,-30.276788],[27.73406,-30.315932],[27.735281,-30.334893],[27.723725,-30.354181],[27.689871,-30.367608],[27.621837,-30.343927],[27.586192,-30.35239],[27.5796,-30.361261],[27.572765,-30.383152],[27.565929,-30.390558],[27.557628,-30.391534],[27.546967,-30.389174],[27.492686,-30.367608],[27.477061,-30.356134],[27.466238,-30.340997],[27.458914,-30.316583],[27.451589,-30.309991],[27.435557,-30.30991],[27.414317,-30.317397],[27.407237,-30.318373],[27.397227,-30.317234],[27.376475,-30.312026],[27.365733,-30.310968]],[[24.730886,-29.979181],[24.70696,-29.974298],[24.691417,-29.968927],[24.678966,-29.96087],[24.670339,-29.950128],[24.665945,-29.934259],[24.662852,-29.913588],[24.6574,-29.895685],[24.646007,-29.888116],[24.604421,-29.882013],[24.575369,-29.866143],[24.529307,-29.81642],[24.521495,-29.812433],[24.510183,-29.8117],[24.488048,-29.813002],[24.483084,-29.80877],[24.47755,-29.789972],[24.474376,-29.785658],[24.441905,-29.78517],[24.427908,-29.779148],[24.408865,-29.764581],[24.364513,-29.713393],[24.355235,-29.697117],[24.347667,-29.660496],[24.34075,-29.649102],[24.269705,-29.635593],[24.258718,-29.624933],[24.248302,-29.621108],[24.183035,-29.63478],[24.16212,-29.625909],[24.130544,-29.599949],[24.090994,-29.587579],[24.0678,-29.571222],[24.032725,-29.539239],[24.024587,-29.528985],[24.011241,-29.506524],[24.004893,-29.498386],[23.997081,-29.494155],[23.976248,-29.487237],[23.967296,-29.48089],[23.960623,-29.478204],[23.932872,-29.470392],[23.924815,-29.465346],[23.92213,-29.45379],[23.92571,-29.38714],[23.918956,-29.368666],[23.898692,-29.361179],[23.882986,-29.35239],[23.871267,-29.332696],[23.862315,-29.3117],[23.854666,-29.299005],[23.836192,-29.294936],[23.782725,-29.290053],[23.771495,-29.282078],[23.772716,-29.236017],[23.768077,-29.212823],[23.754405,-29.202813],[23.739675,-29.200128],[23.722341,-29.193292],[23.706716,-29.184421],[23.697032,-29.17547],[23.690196,-29.156671],[23.693614,-29.123224],[23.690196,-29.107843],[23.680919,-29.09767],[23.665457,-29.086358],[23.647878,-29.077081],[23.631765,-29.073093],[23.627615,-29.07407]],[[27.376475,-30.313328],[27.36907,-30.313653],[27.361908,-30.314955],[27.34905,-30.320164],[27.361746,-30.341729],[27.370209,-30.361017],[27.380382,-30.354994],[27.38974,-30.354181],[27.39796,-30.358575],[27.404307,-30.367852],[27.389252,-30.386407],[27.368256,-30.387628],[27.345714,-30.385105],[27.325206,-30.392104],[27.323253,-30.409112],[27.343028,-30.421726],[27.356456,-30.432143],[27.33489,-30.443699],[27.326915,-30.441583],[27.302257,-30.430841],[27.294444,-30.430027],[27.286225,-30.439874],[27.289643,-30.448663],[27.299734,-30.454929],[27.311534,-30.457208],[27.316661,-30.461928],[27.311127,-30.472589],[27.297537,-30.488295],[27.289073,-30.491876],[27.276378,-30.492852],[27.25294,-30.491388],[27.252696,-30.489597],[27.248953,-30.485203],[27.243907,-30.480401],[27.239187,-30.477716],[27.234304,-30.477716],[27.230968,-30.483412],[27.226166,-30.485203],[27.208995,-30.485365],[27.200776,-30.489923],[27.187755,-30.501967],[27.146658,-30.498875],[27.131765,-30.501642],[27.13144,-30.508722],[27.136485,-30.517511],[27.136241,-30.525567],[27.11671,-30.538588],[27.098562,-30.537123],[27.079356,-30.529799],[27.057709,-30.525567],[27.010183,-30.533054],[26.998546,-30.538507],[27.00587,-30.550226],[27.026947,-30.567071],[27.033295,-30.586358],[27.024506,-30.590834],[26.985932,-30.587579],[26.965424,-30.593683],[26.947276,-30.606459],[26.93808,-30.623549],[26.945079,-30.642918],[26.934093,-30.651869],[26.921641,-30.65545],[26.893484,-30.655287],[26.877533,-30.658705],[26.864187,-30.673679],[26.85198,-30.676935],[26.834727,-30.670587],[26.822358,-30.656915],[26.807058,-30.644871],[26.780528,-30.642918],[26.772553,-30.646661],[26.751557,-30.660496],[26.742442,-30.663425],[26.734793,-30.662937],[26.730968,-30.662123],[26.726817,-30.661961],[26.719168,-30.663425],[26.712413,-30.666518],[26.702566,-30.675226],[26.694591,-30.676935],[26.683116,-30.675144],[26.677175,-30.671401],[26.670421,-30.668634],[26.656993,-30.66961],[26.636241,-30.678643],[26.627696,-30.679864],[26.635834,-30.66961],[26.635834,-30.663425],[26.617605,-30.656427],[26.595632,-30.654229],[26.550548,-30.655287],[26.534272,-30.651218],[26.491466,-30.630385],[26.479503,-30.621759],[26.476817,-30.614679],[26.472179,-30.587579],[26.457123,-30.570733],[26.448171,-30.562921],[26.441335,-30.559747],[26.311127,-30.581557],[26.28004,-30.579278],[26.266043,-30.563409],[26.259776,-30.543145],[26.244151,-30.535577],[26.224132,-30.532647],[26.204519,-30.525567],[26.193126,-30.513523],[26.184825,-30.500339],[26.171641,-30.489597],[26.146251,-30.485203],[26.139171,-30.493829],[26.140554,-30.51157],[26.135265,-30.526218],[26.108328,-30.525567],[26.072683,-30.514174],[26.059662,-30.513849],[26.002696,-30.528497],[25.985769,-30.535089],[25.971772,-30.545424]],[[25.506114,-30.612156],[25.467214,-30.613214],[25.431407,-30.592299],[25.396576,-30.563653],[25.361746,-30.545424],[25.314382,-30.546563],[25.290131,-30.543145],[25.279796,-30.529229],[25.273367,-30.510675],[25.257742,-30.497003],[25.217703,-30.477716],[25.184581,-30.455743],[25.131114,-30.399754],[25.043224,-30.330418],[25.038259,-30.322442],[25.035248,-30.311212],[25.033295,-30.288995],[25.029063,-30.283136],[24.98585,-30.266127],[24.977794,-30.263116]]]}},{"type":"Feature","properties":{"dissolve":"24River","scalerank":2.0,"featurecla":"River","name":"Ob","name_alt":null,"rivernum":24,"note":null,"min_zoom":2.1,"name_en":"Ob","min_label":3.1},"bbox":[65.046479,61.087022,68.964936,66.829291],"geometry":{"type":"MultiLineString","coordinates":[[[68.964936,66.809597],[68.713145,66.775214],[68.684174,66.766547],[68.629161,66.743516],[68.599539,66.736925],[68.567475,66.735216],[68.551768,66.732123],[68.538178,66.724677],[68.529796,66.71369],[68.526134,66.701036],[68.521658,66.674262],[68.5053,66.648261],[68.478282,66.630561],[68.388601,66.587755],[68.168956,66.518581],[68.103933,66.506659],[68.03769,66.508368],[67.972097,66.52501],[67.910167,66.552354],[67.834727,66.597724],[67.805105,66.605821],[67.668549,66.619167],[67.565684,66.615546],[67.531505,66.619737],[67.504812,66.628974],[67.454519,66.653998],[67.428152,66.663642],[67.396007,66.669623],[67.362641,66.672146],[67.329112,66.671088],[67.296641,66.666571],[67.237885,66.6435],[67.13087,66.574246],[67.071788,66.554307],[67.033376,66.556586],[66.997976,66.569932],[66.929291,66.60517],[66.893321,66.614325],[66.782807,66.616156],[66.590017,66.659003],[66.52711,66.65058],[66.517019,66.645575],[66.49464,66.629218],[66.486908,66.620958],[66.480886,66.60753],[66.479584,66.593207],[66.479747,66.578396],[66.478445,66.564032],[66.47462,66.553575],[66.469005,66.544257],[66.435964,66.506659],[66.41448,66.488593],[66.391043,66.473415],[66.328298,66.445583],[66.286143,66.434027],[66.265229,66.425482],[66.253022,66.409044],[66.249034,66.378241],[66.224132,66.331651],[66.164561,66.303005],[65.868256,66.221951],[65.712576,66.151435],[65.697683,66.14114],[65.695079,66.129828],[65.713796,66.11872],[65.821788,66.106269],[65.868337,66.086371],[65.882823,66.0362],[65.869151,65.986762],[65.865245,65.96369],[65.878998,65.906033],[65.879324,65.881619],[65.868744,65.860216],[65.8449,65.839708],[65.843191,65.831732],[65.759044,65.786648],[65.719249,65.75849],[65.687755,65.725124],[65.676687,65.704901],[65.65325,65.639675],[65.61378,65.583441],[65.603526,65.563422],[65.600678,65.519355],[65.608897,65.475775],[65.607188,65.435818],[65.574636,65.402899],[65.442312,65.362331],[65.404552,65.337266],[65.391856,65.321479],[65.370209,65.28738],[65.356619,65.272081],[65.289236,65.226386],[65.26946,65.207546],[65.246023,65.16767],[65.235037,65.121853],[65.242605,65.078437],[65.274018,65.046332],[65.32252,65.029731],[65.373057,65.025173],[65.577729,65.034247],[65.631765,65.025987],[65.664968,65.000027],[65.654714,64.959052],[65.531179,64.932807],[65.502045,64.907294],[65.512136,64.884955],[65.530528,64.866156],[65.544932,64.846137],[65.543224,64.820136],[65.528738,64.798285],[65.496511,64.760199],[65.487315,64.734239],[65.499522,64.729804],[65.523204,64.717108],[65.535818,64.713243],[65.570811,64.710395],[65.58782,64.706814],[65.600841,64.698594],[65.635509,64.683783],[65.639903,64.676581],[65.649425,64.672553],[65.729015,64.649441],[65.743337,64.643256],[65.7553,64.634223],[65.737722,64.621365],[65.67335,64.595404],[65.653331,64.592475],[65.643484,64.589789],[65.635834,64.583767],[65.632091,64.573106],[65.635509,64.564805],[65.643484,64.558661],[65.700125,64.537706],[65.720714,64.526313],[65.759532,64.497382],[65.820567,64.476752],[65.83961,64.466824],[65.85434,64.453803],[65.865652,64.437567],[65.874441,64.41828],[65.885671,64.399034],[65.934174,64.360948],[65.941905,64.342231],[65.930431,64.326728],[65.891205,64.304389],[65.867768,64.2862],[65.866466,64.271796],[65.882091,64.261786],[65.937755,64.253485],[65.962006,64.246039],[65.982351,64.232367],[65.998139,64.21015],[66.008718,64.189032],[66.015066,64.179796],[66.042735,64.153673],[66.046804,64.1435],[66.046804,64.128445],[66.01946,64.121649],[65.989187,64.122097],[65.904796,64.138699],[65.890554,64.138983],[65.878429,64.135321],[65.868907,64.124132],[65.870372,64.112494],[65.883311,64.088935],[65.864675,64.080878],[65.842052,64.077908],[65.799327,64.077094],[65.780365,64.071316],[65.776947,64.059394],[65.783376,64.044135],[65.806733,64.005194],[65.809093,63.997504],[65.809255,63.985785],[65.805675,63.978949],[65.79127,63.967556],[65.78004,63.947577],[65.79127,63.936469],[65.808035,63.926459],[65.813406,63.90998],[65.789643,63.899685],[65.774343,63.88581],[65.7706,63.867621],[65.782644,63.844306],[65.801524,63.827948],[65.846202,63.80622],[65.865164,63.791042],[65.871755,63.768134],[65.850841,63.758124],[65.819428,63.756659],[65.794932,63.759345],[65.730235,63.776679],[65.692312,63.780544],[65.671397,63.768988],[65.679779,63.750027],[65.736746,63.70954],[65.752452,63.686835],[65.751882,63.673651],[65.738292,63.636583],[65.738292,63.622178],[65.742279,63.610297],[65.749522,63.599636],[65.759044,63.588935],[65.774018,63.56623],[65.77239,63.549587],[65.756847,63.536566],[65.637706,63.493679],[65.605886,63.487169],[65.514578,63.483954],[65.485362,63.478461],[65.466238,63.457465],[65.491628,63.430854],[65.529796,63.404079],[65.549571,63.382432],[65.540945,63.367214],[65.520763,63.356472],[65.266368,63.272325],[65.231049,63.244167],[65.213145,63.191962],[65.208751,63.166083],[65.201101,63.144232],[65.18808,63.12519],[65.117442,63.06623],[65.072276,63.04088],[65.05128,63.025906],[65.046479,63.006944],[65.068451,62.981269],[65.106049,62.960639],[65.227631,62.931749],[65.286062,62.904242],[65.336518,62.868435],[65.380056,62.824286],[65.417003,62.77204],[65.479747,62.733832],[65.514578,62.719428],[65.61671,62.694688],[65.630789,62.687771],[65.683197,62.639716],[65.745616,62.605821],[65.759776,62.595893],[65.812511,62.547634],[65.883556,62.497423],[65.890717,62.493842],[65.899506,62.491482],[65.918224,62.489285],[65.98935,62.470771],[66.245046,62.453315],[66.280772,62.446845],[66.388682,62.428412],[66.408132,62.4206],[66.426524,62.410427],[66.454112,62.387803],[66.463796,62.383857],[66.468761,62.365058],[66.479015,62.346137],[66.503673,62.3133],[66.520518,62.296698],[66.538829,62.287706],[66.559662,62.284491],[66.65089,62.285753],[66.739838,62.263373],[66.938487,62.248236],[66.99586,62.23253],[67.025808,62.228135],[67.056407,62.229356],[67.066661,62.22781],[67.080577,62.22248],[67.107921,62.208319],[67.210541,62.170681],[67.260509,62.142157],[67.332774,62.086005],[67.355235,62.062812],[67.371104,62.036322],[67.382416,61.993435],[67.416596,61.931952],[67.431733,61.912421],[67.536143,61.834744],[67.550792,61.813829],[67.554291,61.786729],[67.551199,61.745876],[67.555186,61.72838],[67.56601,61.709296],[67.588959,61.682074],[67.602306,61.670518],[67.617442,61.660712],[67.671397,61.637641],[67.72877,61.624376],[67.900645,61.609239],[68.267182,61.489366],[68.310802,61.468858],[68.348155,61.438259],[68.367198,61.398383],[68.356212,61.350369],[68.289806,61.284695],[68.269623,61.248481],[68.289073,61.208319],[68.311534,61.193061],[68.412608,61.160712],[68.453054,61.138251],[68.472667,61.124091],[68.523041,61.09748],[68.573334,61.089423],[68.760753,61.093085],[68.786143,61.089382],[68.805919,61.087022],[68.821381,61.090399],[68.834972,61.099677],[68.856944,61.12405]],[[67.430675,66.672431],[67.442312,66.682318],[67.485362,66.700385],[67.540538,66.74197],[67.547944,66.750434],[67.558686,66.76789],[67.567312,66.776068],[67.582774,66.783026],[67.603608,66.787665],[67.625255,66.789862],[67.642996,66.78974],[67.672293,66.781562],[67.687022,66.780056],[67.72462,66.791205],[67.743175,66.78795],[67.780203,66.776068],[67.958018,66.768622],[67.992931,66.774034],[68.081716,66.817084],[68.115733,66.826483],[68.153819,66.829291],[68.191905,66.825019],[68.261241,66.799872],[68.408621,66.773017],[68.503835,66.776435],[68.546479,66.765204],[68.569347,66.754503],[68.581554,66.742133]]]}},{"type":"Feature","properties":{"dissolve":"25River","scalerank":2.0,"featurecla":"River","name":"Danube","name_alt":null,"rivernum":25,"note":null,"min_zoom":2.1,"name_en":"Danube","min_label":3.1},"bbox":[17.206472,43.650336,28.747,48.061103],"geometry":{"type":"MultiLineString","coordinates":[[[17.206472,48.061103],[17.242931,48.041327],[17.256521,48.028103],[17.261729,48.009304],[17.272227,48.005561],[17.337413,47.998969],[17.36907,47.981472],[17.471446,47.889106],[17.481456,47.882921],[17.49171,47.880072],[17.516856,47.876532],[17.526134,47.872382],[17.559825,47.838243],[17.572032,47.829779],[17.582449,47.830024],[17.59254,47.833441],[17.60377,47.834499],[17.618582,47.829535],[17.639415,47.819444],[17.657888,47.807563],[17.665782,47.797309],[17.676036,47.789415],[17.741466,47.765652],[17.825206,47.750271],[18.112234,47.762722],[18.235362,47.754177],[18.272472,47.756456],[18.347341,47.776964],[18.552013,47.793158],[18.596934,47.79088],[18.633311,47.780097],[18.663097,47.77619],[18.692393,47.778184],[18.716726,47.788357],[18.749766,47.813829],[18.7671,47.822577],[18.789806,47.826606],[18.882253,47.825954],[18.898123,47.823798],[18.911143,47.819607],[18.915294,47.815863],[18.922781,47.805976],[18.927908,47.802802],[18.948497,47.803087],[19.013845,47.828966],[19.039073,47.83043],[19.063243,47.826483],[19.085948,47.817206],[19.106863,47.802843],[19.123057,47.775458],[19.128347,47.736396],[19.124034,47.693427],[19.11199,47.65412],[19.054454,47.540391],[19.050548,47.506171],[19.053722,47.49669],[19.062266,47.485419],[19.06422,47.478217],[19.062266,47.468451],[19.052745,47.454047],[19.050548,47.447821],[19.046804,47.425564],[19.036388,47.412543],[19.002126,47.396308],[18.974376,47.379462],[18.952566,47.357001],[18.934988,47.328477],[18.920177,47.29328],[18.907644,47.237494],[18.886974,47.208197],[18.881358,47.189643],[18.878917,47.169013],[18.879161,47.149237],[18.889171,47.110419],[18.896902,47.090277],[18.903087,47.08161],[18.918712,47.074042],[18.968028,47.03323],[18.966726,47.023749],[18.962087,47.017198],[18.95696,47.011746],[18.954356,47.005316],[18.955089,46.994737],[18.96046,46.977484],[18.96697,46.935858],[18.966563,46.917304],[18.958018,46.909044],[18.948904,46.903917],[18.938975,46.891791],[18.930919,46.877224],[18.927501,46.865017],[18.926036,46.835273],[18.927501,46.827175],[18.933116,46.820583],[18.950613,46.807156],[18.954356,46.803534],[18.958425,46.800849],[18.975352,46.784003],[18.978526,46.779975],[18.984793,46.775662],[18.986827,46.765489],[18.987559,46.753974],[18.989024,46.745185],[18.998953,46.723212],[19.00172,46.708523],[18.996349,46.694892],[18.981619,46.676337],[18.952891,46.656195],[18.885265,46.635321],[18.858165,46.614854],[18.877208,46.591173],[18.907644,46.531806],[18.920177,46.498847],[18.922781,46.468695],[18.898936,46.414374],[18.892263,46.378445],[18.895518,46.362901],[18.910085,46.342963],[18.913341,46.330634],[18.914968,46.195258],[18.903575,46.173041],[18.872325,46.183458],[18.825206,46.141547],[18.813406,46.126166],[18.794119,46.116726],[18.789806,46.111518],[18.785167,46.11225],[18.775157,46.102973],[18.762462,46.087266],[18.700369,46.044786],[18.691661,46.0185],[18.721609,45.984931],[18.806163,45.923611],[18.831472,45.895535],[18.832449,45.891059],[18.830577,45.879503],[18.831472,45.875067],[18.835216,45.873481],[18.841319,45.873969],[18.847423,45.873155],[18.85198,45.868191],[18.853933,45.859239],[18.85198,45.830349],[18.849864,45.82449],[18.846202,45.820258],[18.844493,45.815945],[18.848155,45.809841],[18.863536,45.798774],[18.870616,45.790229],[18.899669,45.765163],[18.904307,45.750067],[18.908458,45.719672],[18.916759,45.706855],[18.930431,45.699083],[18.947683,45.692328],[18.962087,45.683295],[18.968028,45.668972],[18.962413,45.660346],[18.934825,45.633612],[18.923839,45.627997],[18.911876,45.619452],[18.907725,45.600653],[18.906505,45.581895],[18.903087,45.57331],[18.91155,45.568427],[18.93157,45.545762],[18.941335,45.539252],[18.959646,45.539374],[18.972667,45.546495],[18.982677,45.554999],[19.000173,45.561469],[19.008718,45.565741],[19.017589,45.567572],[19.026622,45.562812],[19.032725,45.554877],[19.035899,45.54975],[19.040294,45.545274],[19.050548,45.539252],[19.067312,45.533637],[19.081798,45.53144],[19.094493,45.526313],[19.105724,45.511908],[19.076589,45.491889],[19.009044,45.498887],[18.99586,45.474066],[19.002452,45.455593],[19.031016,45.43419],[19.036794,45.422553],[19.028087,45.412421],[18.975352,45.395209],[18.988292,45.379462],[19.003184,45.3664],[19.020518,45.357489],[19.040212,45.354275],[19.081554,45.354275],[19.091319,45.350287],[19.094737,45.340766],[19.095714,45.329413],[19.098318,45.320136],[19.124278,45.298407],[19.16155,45.285264],[19.362722,45.248481],[19.406749,45.248969],[19.490896,45.264268],[19.529552,45.266872],[19.557628,45.255805],[19.571707,45.236599],[19.580496,45.23078],[19.598562,45.227851],[19.658132,45.234442],[19.698497,45.24669],[19.741954,45.245063],[19.784923,45.237494],[19.810802,45.227851],[19.817068,45.231716],[19.831716,45.238145],[19.838145,45.242133],[19.846609,45.250556],[19.855642,45.265082],[19.862478,45.272813],[19.88087,45.282294],[19.898611,45.279364],[19.914317,45.268907],[19.927501,45.255805],[19.949392,45.218695],[19.965587,45.198554],[19.985606,45.189765],[20.04241,45.177761],[20.064708,45.175482],[20.184988,45.185004],[20.222423,45.175482],[20.257009,45.156765],[20.28948,45.13227],[20.345876,45.073065],[20.356944,45.034491],[20.333263,45.010565],[20.303966,44.993964],[20.298106,44.977484],[20.290701,44.977484],[20.303233,44.954657],[20.318858,44.934394],[20.396902,44.864569],[20.408458,44.857042],[20.455089,44.840277],[20.514171,44.836859],[20.545909,44.839789],[20.580333,44.857367],[20.594981,44.857978],[20.623709,44.8546],[20.636404,44.849433],[20.638601,44.837348],[20.628184,44.788601],[20.62794,44.777045],[20.633311,44.765204],[20.64446,44.755805],[20.671886,44.743964],[20.684825,44.733507],[20.720388,44.696234],[20.741954,44.679226],[20.763682,44.668402],[20.826427,44.660956],[20.88323,44.672675],[20.989513,44.716824],[21.07781,44.726508],[21.102794,44.740668],[21.112234,44.744818],[21.125662,44.745632],[21.15089,44.744086],[21.163829,44.74787],[21.172293,44.756903],[21.179454,44.768093],[21.188894,44.778266],[21.222423,44.796698],[21.26946,44.813666],[21.319102,44.825059],[21.360118,44.826687],[21.37794,44.816921],[21.395274,44.790473],[21.411632,44.785102],[21.496593,44.778266],[21.557872,44.781846],[21.577566,44.777899],[21.594981,44.766181],[21.603689,44.750312],[21.609793,44.732204],[21.619151,44.714179],[21.655691,44.687934],[21.7046,44.677273],[21.756277,44.677517],[21.801199,44.684149],[21.83782,44.695421],[21.854991,44.698757],[21.871511,44.696234],[21.961843,44.662543],[21.993826,44.6588],[22.003835,44.651719],[22.031668,44.603583],[22.039317,44.577094],[22.044688,44.569403],[22.055186,44.562364],[22.06658,44.557481],[22.075694,44.550971],[22.086436,44.52204],[22.10377,44.509874],[22.12615,44.502956],[22.147716,44.501166],[22.171641,44.505642],[22.184581,44.515408],[22.298513,44.661933],[22.304454,44.677598],[22.319265,44.685614],[22.360606,44.692328],[22.380056,44.700751],[22.414968,44.728095],[22.425548,44.733913],[22.450125,44.733222],[22.468435,44.730414],[22.483165,44.724229],[22.552745,44.66946],[22.586925,44.649604],[22.620616,44.637722],[22.699474,44.630886],[22.714285,44.623358],[22.764822,44.583075],[22.7588,44.564887],[22.74114,44.55211],[22.718923,44.544623],[22.699474,44.5421],[22.677989,44.545722],[22.641531,44.5633],[22.620616,44.569403],[22.599783,44.570095],[22.579845,44.565741],[22.565115,44.555732],[22.559337,44.539008],[22.556163,44.521674],[22.547862,44.51199],[22.534923,44.507758],[22.499929,44.506659],[22.490489,44.504462],[22.483572,44.500027],[22.479259,44.490668],[22.476573,44.47724],[22.476492,44.464179],[22.479503,44.456081],[22.500499,44.442165],[22.504893,44.435248],[22.50587,44.427802],[22.503429,44.411933],[22.504649,44.404324],[22.522227,44.375312],[22.548757,44.349229],[22.582286,44.328681],[22.620616,44.31623],[22.662039,44.311957],[22.681082,44.305528],[22.688975,44.291938],[22.684744,44.243923],[22.690115,44.229193],[22.905935,44.123114],[22.942149,44.111762],[22.987559,44.107245],[23.030528,44.093329],[23.039561,44.062608],[23.022472,44.031846],[22.987559,44.01789],[22.96575,44.015733],[22.926036,44.006415],[22.905284,44.004218],[22.885427,43.994737],[22.874197,43.972276],[22.850027,43.897244],[22.850515,43.874579],[22.862966,43.855658],[22.888194,43.839789],[22.919119,43.834499],[23.131358,43.848212],[23.161388,43.857611],[23.196462,43.862982],[23.233897,43.877509],[23.324555,43.886827]],[[23.324555,43.886827],[23.326427,43.88703],[23.319591,43.88703],[23.324555,43.886827]],[[23.324555,43.886827],[23.484141,43.880805],[23.592052,43.837673],[23.635509,43.832384],[23.720225,43.846055],[23.742198,43.842963],[23.79949,43.818712],[24.158865,43.753201],[24.357677,43.760281],[24.374929,43.764106],[24.430593,43.794379],[24.46575,43.80268],[24.499685,43.79975],[24.705089,43.743964],[24.752126,43.739081],[24.963145,43.749864],[25.081065,43.719184],[25.210704,43.712104],[25.251882,43.704901],[25.288178,43.689276],[25.322358,43.669949],[25.358979,43.654486],[25.402599,43.650336],[25.425385,43.654608],[25.466889,43.667996],[25.488292,43.670762],[25.533295,43.668972],[25.556082,43.670681],[25.574636,43.677598],[25.593354,43.680935],[25.615977,43.688015],[25.637462,43.697577],[25.653087,43.708319],[25.670909,43.717597],[25.739024,43.719184],[25.780528,43.732245],[25.803966,43.760199],[25.805756,43.763943],[25.838796,43.788642],[25.868744,43.801134],[25.916026,43.844591],[25.924083,43.858913],[25.933523,43.870551],[26.053722,43.934597],[26.061127,43.950019],[26.078868,43.969265],[26.115733,43.999091],[26.150157,44.012722],[26.230886,44.027777],[26.309988,44.052843],[26.613699,44.08515],[26.647227,44.093614],[26.667247,44.095323],[26.67685,44.097357],[26.696788,44.106309],[26.708263,44.108344],[26.753184,44.108344],[26.788992,44.116238],[26.883556,44.156806],[27.001069,44.165351],[27.026947,44.177314],[27.09962,44.144721],[27.205007,44.129462],[27.226166,44.120917],[27.266612,44.137763],[27.292247,44.151435],[27.444753,44.133979],[27.461029,44.137641],[27.481619,44.145697],[27.499278,44.155788],[27.506765,44.165351],[27.51588,44.172553],[27.568777,44.195421],[27.607839,44.205349],[27.691661,44.204413],[27.732677,44.209744],[27.753022,44.218695],[27.788585,44.239691],[27.933849,44.265937],[27.967296,44.280382],[27.993256,44.304267],[28.047944,44.398057],[28.057058,44.405707],[28.098562,44.430243],[28.109955,44.44245],[28.108816,44.457709],[28.10198,44.478339],[28.093191,44.496649],[28.085867,44.504503],[28.066824,44.507025],[28.042491,44.513373],[28.020112,44.522162],[28.006928,44.531846],[28.003673,44.53974],[28.015066,44.543158],[28.021251,44.552314],[28.021088,44.587836],[28.027843,44.59809],[28.033376,44.621649],[28.034434,44.630805],[28.030528,44.636908],[27.977794,44.679145],[27.960053,44.686306],[27.935069,44.68891],[27.916108,44.694363],[27.898448,44.707953],[27.884288,44.725898],[27.87672,44.744086],[27.883311,44.756903],[27.877371,44.765326],[27.863292,44.769965],[27.845714,44.77143],[27.828868,44.77912],[27.81837,44.795966],[27.814708,44.812771],[27.818777,44.820502],[27.833995,44.830878],[27.859386,44.855048],[27.878835,44.882107],[27.87672,44.90115],[27.889252,44.926215],[27.894216,44.956977],[27.890554,44.985867],[27.87672,45.004828],[27.907237,45.053168],[27.911388,45.069363],[27.917572,45.08161],[27.944916,45.11282],[27.951752,45.128363],[27.950206,45.137152],[27.941173,45.153347],[27.93808,45.161811],[27.93808,45.20657],[27.941661,45.224229],[28.006358,45.324815],[28.010346,45.333808],[28.018077,45.343126],[28.028819,45.387478],[28.034434,45.402045],[28.048595,45.413764],[28.066987,45.422553],[28.087169,45.428046],[28.106619,45.429999],[28.127533,45.426785],[28.169526,45.414984],[28.185151,45.415635],[28.193614,45.423163],[28.201671,45.443142],[28.212413,45.450466],[28.237071,45.452338],[28.266368,45.440741],[28.285818,45.421983],[28.280772,45.402045],[28.310313,45.34809],[28.329682,45.323106],[28.352631,45.31269],[28.369721,45.309516],[28.404714,45.295356],[28.493663,45.27912],[28.576589,45.248358],[28.709483,45.22724],[28.747,45.23074]]]}},{"type":"Feature","properties":{"dissolve":"261Lake Centerline","scalerank":6.0,"featurecla":"Lake Centerline","name":"Biya","name_alt":null,"rivernum":261,"note":null,"min_zoom":5.0,"name_en":"Biya","min_label":6.0},"bbox":[87.392019,51.364366,87.768565,51.761583],"geometry":{"type":"MultiLineString","coordinates":[[[87.755789,51.364366],[87.768565,51.390082],[87.763113,51.412421],[87.756277,51.446723],[87.737641,51.479519],[87.713796,51.512234],[87.703136,51.541693],[87.680431,51.597357],[87.671316,51.644965],[87.667491,51.690294],[87.662364,51.726386],[87.630951,51.744696],[87.517345,51.747626],[87.412608,51.756659],[87.392019,51.761583]]]}},{"type":"Feature","properties":{"dissolve":"261River","scalerank":6.0,"featurecla":"River","name":"Biya","name_alt":null,"rivernum":261,"note":null,"min_zoom":5.0,"name_en":"Biya","min_label":6.0},"bbox":[85.056163,51.761583,87.392019,52.639268],"geometry":{"type":"MultiLineString","coordinates":[[[87.392019,51.761583],[87.35906,51.785915],[87.316417,51.795722],[87.247569,51.796332],[87.238048,51.798367],[87.138764,51.857204],[87.128429,51.861884],[87.119233,51.864366],[87.111339,51.868435],[87.104747,51.877712],[87.103119,51.887234],[87.105968,51.909003],[87.104747,51.918647],[87.096446,51.928534],[87.086518,51.933865],[87.079031,51.940253],[87.07724,51.953437],[87.083263,51.963935],[87.094168,51.968085],[87.106863,51.970079],[87.118256,51.973904],[87.135753,51.990098],[87.133881,52.003119],[87.104747,52.035346],[87.094493,52.057481],[87.09433,52.075954],[87.097667,52.094672],[87.098562,52.117947],[87.095876,52.127712],[87.087413,52.141384],[87.084076,52.152045],[87.085541,52.161566],[87.089692,52.17003],[87.091075,52.178087],[87.084076,52.186143],[87.095225,52.197089],[87.094819,52.206732],[87.090912,52.216335],[87.091075,52.227118],[87.098155,52.235622],[87.120942,52.25255],[87.125662,52.258165],[87.11435,52.269151],[87.060802,52.276394],[87.043224,52.281806],[87.040294,52.288845],[87.038829,52.309353],[87.036388,52.316474],[87.027843,52.323188],[87.015147,52.329861],[87.001964,52.334988],[86.975841,52.341376],[86.956554,52.352078],[86.938406,52.365343],[86.926524,52.377997],[86.920095,52.394599],[86.913015,52.433661],[86.902354,52.450263],[86.881847,52.459988],[86.855398,52.462592],[86.775076,52.461371],[86.763764,52.463406],[86.754649,52.467353],[86.730724,52.492011],[86.727306,52.498114],[86.615896,52.539984],[86.601573,52.552598],[86.573985,52.58747],[86.558197,52.596869],[86.495128,52.61754],[86.486339,52.624376],[86.480561,52.630479],[86.473643,52.635565],[86.460948,52.639268],[86.448985,52.639024],[86.387299,52.629584],[86.362234,52.619818],[86.350597,52.61754],[86.341563,52.612331],[86.345144,52.600694],[86.353038,52.589179],[86.357351,52.584052],[86.356456,52.55976],[86.344249,52.549628],[86.330089,52.5421],[86.323253,52.525702],[86.310151,52.507839],[86.280284,52.504584],[86.248057,52.509223],[86.188731,52.528347],[86.172374,52.54031],[86.165538,52.559841],[86.164561,52.577908],[86.159597,52.592068],[86.147472,52.604519],[86.125255,52.61754],[86.082774,52.632392],[86.057872,52.635077],[86.039154,52.628445],[86.024099,52.620876],[85.97169,52.606024],[85.953868,52.603868],[85.951427,52.567247],[85.90325,52.561103],[85.802989,52.577216],[85.767345,52.57571],[85.754649,52.577216],[85.743582,52.584052],[85.720795,52.606513],[85.709972,52.611396],[85.494233,52.584052],[85.482432,52.580756],[85.461681,52.56623],[85.453624,52.562934],[85.441335,52.564399],[85.418956,52.570136],[85.305919,52.57038],[85.285655,52.567206],[85.266612,52.559109],[85.227061,52.5362],[85.208507,52.520575],[85.190115,52.499701],[85.169444,52.481391],[85.144542,52.473578],[85.112397,52.472724],[85.099213,52.467963],[85.086192,52.457099],[85.077159,52.447211],[85.067556,52.43891],[85.056163,52.433621]]]}},{"type":"Feature","properties":{"dissolve":"277Lake Centerline","scalerank":6.0,"featurecla":"Lake Centerline","name":"Don","name_alt":null,"rivernum":277,"note":null,"min_zoom":5.0,"name_en":"Don","min_label":6.0},"bbox":[42.109793,47.601752,44.003835,49.506659],"geometry":{"type":"MultiLineString","coordinates":[[[42.109793,47.601752],[42.141856,47.614203],[42.205089,47.630316],[42.241222,47.643175],[42.329112,47.670681],[42.371511,47.689887],[42.436941,47.714911],[42.556651,47.752143],[42.609874,47.77558],[42.69337,47.799913],[42.793549,47.817735],[42.857839,47.845079],[42.919363,47.959418],[42.962413,48.013943],[42.99171,48.070258],[43.003347,48.12934],[43.032644,48.182156],[43.070323,48.2237],[43.10906,48.272081],[43.134939,48.309353],[43.166596,48.34394],[43.243256,48.400946],[43.29005,48.422309],[43.340912,48.452094],[43.367605,48.465277],[43.393077,48.479438],[43.416596,48.495876],[43.4428,48.51789],[43.460704,48.537421],[43.471446,48.558905],[43.489757,48.576239],[43.507335,48.589911],[43.526541,48.608344],[43.542084,48.629665],[43.53948,48.646064],[43.528412,48.656928],[43.509044,48.674343],[43.48878,48.688015],[43.473562,48.703803],[43.460053,48.721503],[43.45989,48.741238],[43.465017,48.767401],[43.479096,48.785102],[43.506114,48.797227],[43.534923,48.808051],[43.561941,48.817084],[43.578298,48.82807],[43.59905,48.847032],[43.607921,48.856798],[43.617768,48.873399],[43.624034,48.892768],[43.633718,48.911566],[43.648855,48.927558],[43.675222,48.934516],[43.707286,48.938747],[43.744721,48.937812],[43.78419,48.93126],[43.814545,48.931708],[43.841319,48.938747],[43.867605,48.946641],[43.89088,48.961127],[43.91212,48.981391],[43.930675,49.0008],[43.935476,49.01911],[43.935639,49.043036],[43.933604,49.064561],[43.930675,49.081488],[43.9428,49.099311],[43.96046,49.112494],[43.966075,49.122748],[43.967865,49.138617],[43.975597,49.152899],[43.992686,49.163398],[44.003835,49.172146],[44.002533,49.180772],[43.992686,49.193671],[43.964122,49.201931],[43.8921,49.215522],[43.865326,49.215196],[43.837494,49.209337],[43.815929,49.199001],[43.795339,49.185818],[43.770763,49.181586],[43.751882,49.189521],[43.712169,49.210557],[43.699229,49.225287],[43.704682,49.246609],[43.703217,49.265204],[43.686046,49.276394],[43.680186,49.288031],[43.695404,49.317816],[43.703543,49.332221],[43.703054,49.35102],[43.696056,49.367011],[43.66627,49.410468],[43.649669,49.430487],[43.6303,49.451443],[43.610362,49.471137],[43.586843,49.489936],[43.563731,49.500596],[43.549083,49.506659]]]}},{"type":"Feature","properties":{"dissolve":"277River","scalerank":6.0,"featurecla":"River","name":"Don","name_alt":null,"rivernum":277,"note":null,"min_zoom":5.0,"name_en":"Don","min_label":6.0},"bbox":[38.306163,47.101752,43.549083,54.063788],"geometry":{"type":"MultiLineString","coordinates":[[[39.101166,52.014838],[39.097341,52.039578],[39.10906,52.059597],[39.129975,52.068427],[39.162852,52.05622],[39.168468,52.063788],[39.170828,52.075303],[39.170177,52.083767],[39.16505,52.089667],[39.148855,52.101508],[39.14267,52.11168],[39.139089,52.121405],[39.139415,52.130805],[39.143158,52.138943],[39.149669,52.145209],[39.138438,52.159491],[39.12379,52.165798],[39.088145,52.171942],[39.071056,52.178575],[39.056082,52.187567],[38.936697,52.281806],[38.945811,52.293321],[38.964773,52.297187],[39.008718,52.296007],[39.026134,52.300971],[39.020437,52.31212],[39.002696,52.323757],[38.985037,52.330186],[38.856619,52.32807],[38.813243,52.336982],[38.796479,52.345649],[38.778087,52.359483],[38.771251,52.372341],[38.789561,52.377997],[38.809662,52.373358],[38.8296,52.36404],[38.850841,52.356716],[38.875255,52.3581],[38.892019,52.368476],[38.899994,52.384955],[38.902436,52.405829],[38.902599,52.42947],[38.909109,52.445095],[38.922374,52.453233],[38.932709,52.462348],[38.930593,52.480984],[38.921886,52.491523],[38.896576,52.51081],[38.888927,52.521999],[38.88795,52.53852],[38.892996,52.555935],[38.909434,52.590847],[38.938569,52.631944],[38.943614,52.645453],[38.938487,52.65587],[38.92628,52.661648],[38.912364,52.666124],[38.902599,52.672797],[38.895437,52.689968],[38.89503,52.706814],[38.899994,52.721991],[38.909434,52.734239],[38.917572,52.739325],[38.935802,52.744249],[38.943614,52.748481],[38.948985,52.755805],[38.9581,52.775255],[38.964773,52.78266],[39.010671,52.794867],[39.019216,52.803168],[39.014903,52.817572],[39.000255,52.829413],[38.970795,52.844102],[38.970795,52.850898],[38.985362,52.853705],[39.016531,52.850857],[39.026134,52.857733],[39.025645,52.863227],[39.020763,52.867865],[39.008718,52.875108],[39.003429,52.883734],[39.009695,52.888292],[39.026134,52.892524],[39.050059,52.909491],[39.10434,52.931423],[39.129161,52.94656],[39.088145,52.967597],[39.095144,52.979071],[39.110444,52.985785],[39.14267,52.99494],[39.14267,52.987494],[39.157237,53.010525],[39.164806,53.050971],[39.177013,53.070014],[39.171397,53.077745],[39.170828,53.08629],[39.175059,53.093573],[39.1845,53.097357],[39.1845,53.104804],[39.176199,53.115994],[39.168386,53.121446],[39.128673,53.138943],[39.125418,53.14289],[39.127208,53.150946],[39.129161,53.169989],[39.124522,53.182888],[39.117605,53.194892],[39.118907,53.203721],[39.159923,53.211371],[39.164561,53.221747],[39.159109,53.235134],[39.149669,53.248155],[39.137218,53.270697],[39.133718,53.293036],[39.135997,53.34101],[39.139089,53.356228],[39.144542,53.366889],[39.146576,53.376573],[39.129405,53.403266],[39.126475,53.41706],[39.132498,53.429633],[39.149669,53.439968],[39.131277,53.453152],[39.082774,53.461778],[39.063731,53.4713],[39.043549,53.477118],[39.018321,53.474311],[38.997651,53.474311],[38.991303,53.488349],[38.996837,53.494574],[39.026134,53.516303],[39.029796,53.523749],[39.03183,53.531806],[39.03297,53.553249],[39.025157,53.560614],[38.986339,53.583848],[38.970795,53.590766],[38.948334,53.590928],[38.898204,53.581244],[38.870046,53.590155],[38.846202,53.590928],[38.836681,53.598334],[38.806407,53.611274],[38.78655,53.631781],[38.784597,53.636339],[38.784679,53.641791],[38.784109,53.647488],[38.779063,53.652859],[38.771576,53.654486],[38.755056,53.652655],[38.733328,53.666327],[38.713634,53.669786],[38.669851,53.672716],[38.654714,53.678494],[38.615652,53.701606],[38.607839,53.711208],[38.596283,53.718777],[38.542735,53.71894],[38.52589,53.721137],[38.504893,53.756212],[38.519135,53.79206],[38.541921,53.824897],[38.546316,53.851508],[38.531342,53.862982],[38.487397,53.881863],[38.478038,53.888983],[38.473643,53.891547],[38.45574,53.908759],[38.454112,53.912909],[38.450125,53.918158],[38.450125,53.953884],[38.440196,53.965522],[38.390147,54.002875],[38.36671,54.008165],[38.36142,54.012274],[38.357921,54.019232],[38.323741,54.055487],[38.316905,54.060004],[38.306163,54.063788]],[[43.549083,49.506659],[43.490733,49.506659],[43.479503,49.502875],[43.460704,49.485175],[43.452891,49.480007],[43.421479,49.481228],[43.387218,49.490098],[43.353119,49.493964],[43.32252,49.480007],[43.312999,49.460273],[43.308197,49.408393],[43.295177,49.383734],[43.285574,49.377509],[43.271902,49.373318],[43.225352,49.367743],[43.212983,49.362006],[43.148692,49.321397],[43.122162,49.310614],[43.110281,49.31863],[43.089854,49.355821],[43.077647,49.364285],[43.066335,49.36579],[43.042003,49.362657],[43.015391,49.364203],[43.013194,49.370469],[43.021658,49.384141],[43.027761,49.40766],[43.017589,49.427517],[42.993744,49.428738],[42.94573,49.417304],[42.931651,49.419379],[42.907156,49.428819],[42.894542,49.430935],[42.883881,49.434272],[42.862885,49.448757],[42.842703,49.455756],[42.83489,49.464464],[42.828298,49.473822],[42.822276,49.480007],[42.81129,49.481757],[42.78297,49.482123],[42.773855,49.486151],[42.771983,49.496039],[42.77711,49.507514],[42.786876,49.516954],[42.79835,49.520941],[42.799408,49.524685],[42.785167,49.543728],[42.781261,49.551622],[42.783376,49.564399],[42.786632,49.573554],[42.785167,49.581163],[42.773855,49.589219],[42.761729,49.59162],[42.74879,49.589545],[42.683116,49.565009],[42.660574,49.56212],[42.641368,49.571845],[42.620128,49.586005],[42.596446,49.589423],[42.493582,49.575873],[42.375906,49.583564],[42.267589,49.605414],[42.103526,49.596015],[42.045177,49.603461],[42.033621,49.606553],[42.014252,49.620225],[42.003917,49.623358],[41.979747,49.617255],[41.944021,49.589545],[41.924734,49.581814],[41.912527,49.58515],[41.899913,49.592963],[41.886811,49.597968],[41.87322,49.592597],[41.864024,49.587226],[41.852468,49.58393],[41.828543,49.581814],[41.774425,49.586493],[41.748546,49.593126],[41.725515,49.603461],[41.719249,49.609809],[41.716075,49.616278],[41.709972,49.621365],[41.695079,49.623358],[41.684825,49.621202],[41.667084,49.611843],[41.654063,49.609687],[41.510834,49.625515],[41.493907,49.624213],[41.483002,49.61994],[41.474701,49.61286],[41.451182,49.5987],[41.441905,49.596015],[41.416515,49.592841],[41.361501,49.578721],[41.335704,49.575548],[41.309093,49.581895],[41.274669,49.610134],[41.247488,49.620429],[41.241791,49.629706],[41.240896,49.640733],[41.246349,49.65001],[41.257091,49.653428],[41.288829,49.654486],[41.301687,49.657497],[41.288829,49.681993],[41.271983,49.694932],[41.252696,49.704535],[41.232677,49.71894],[41.226654,49.729275],[41.220795,49.751532],[41.212169,49.759874],[41.19866,49.763536],[41.149994,49.767361],[41.071869,49.797878],[41.040131,49.80154],[40.978282,49.792182],[40.94752,49.791042],[40.924815,49.80154],[40.939708,49.812445],[40.940359,49.823065],[40.934662,49.834011],[40.909923,49.904568],[40.899669,49.913357],[40.883311,49.921942],[40.865164,49.928575],[40.828217,49.935167],[40.826101,49.945339],[40.830333,49.959052],[40.828624,49.973456],[40.804698,49.981513],[40.771251,49.964789],[40.735606,49.940212],[40.705089,49.924994],[40.686453,49.923163],[40.663097,49.923611],[40.64088,49.927191],[40.625987,49.934923],[40.618907,49.948188],[40.623546,49.957709],[40.633556,49.966986],[40.643077,49.9796],[40.624604,49.990302],[40.598725,50.026557],[40.580984,50.041083],[40.558116,50.051134],[40.54835,50.057644],[40.546316,50.068793],[40.546804,50.092882],[40.540538,50.102566],[40.512706,50.103827],[40.50644,50.113715],[40.504161,50.118964],[40.485362,50.14411],[40.473888,50.154242],[40.454356,50.167304],[40.432709,50.174831],[40.414236,50.16828],[40.385346,50.138251],[40.386811,50.122911],[40.414806,50.091986],[40.417572,50.085964],[40.415294,50.079861],[40.407237,50.072089],[40.363048,50.054755],[40.339854,50.058661],[40.312104,50.083564],[40.279796,50.09162],[40.257823,50.10102],[40.246104,50.103135],[40.233897,50.10163],[40.211436,50.096015],[40.198009,50.0963],[40.132823,50.077582],[40.112315,50.075222],[40.013276,50.084093],[40.006114,50.085801],[39.999441,50.089464],[39.992442,50.096462],[39.986827,50.10574],[39.986501,50.113959],[39.995616,50.117377],[40.009207,50.125067],[40.019786,50.14289],[40.04127,50.197089],[40.045014,50.21308],[40.042084,50.228054],[40.03004,50.243476],[39.980886,50.275214],[39.971446,50.287462],[39.971121,50.314317],[39.988699,50.327582],[40.009695,50.337226],[40.019786,50.353298],[40.024994,50.371894],[40.050873,50.414415],[40.060802,50.42532],[40.08489,50.433173],[40.094493,50.43948],[40.091563,50.449164],[40.083018,50.453152],[40.047293,50.459418],[40.026866,50.468329],[40.019786,50.477403],[40.024425,50.489447],[40.039643,50.507188],[39.969005,50.54324],[39.94752,50.548163],[39.921886,50.550238],[39.898448,50.556667],[39.878347,50.567491],[39.862234,50.582953],[39.876069,50.595404],[39.914073,50.600409],[39.923595,50.617051],[39.921886,50.628852],[39.915538,50.62991],[39.903087,50.623887],[39.890636,50.624335],[39.882253,50.623643],[39.874034,50.62462],[39.862234,50.630154],[39.83782,50.651557],[39.762706,50.698432],[39.751882,50.712836],[39.746104,50.733751],[39.747813,50.7508],[39.754405,50.769843],[39.763682,50.78616],[39.773448,50.795193],[39.793061,50.797187],[39.83961,50.793402],[39.855968,50.802069],[39.84726,50.82099],[39.766043,50.898261],[39.779714,50.913438],[39.786388,50.918158],[39.759532,50.933295],[39.76474,50.944281],[39.784434,50.957628],[39.80071,50.98017],[39.786388,50.987006],[39.761485,50.967475],[39.721446,50.953803],[39.676362,50.946397],[39.636241,50.946072],[39.394135,50.977118],[39.36435,50.988593],[39.293712,51.000678],[39.282807,50.995307],[39.276134,50.986518],[39.271414,50.977851],[39.266368,50.972724],[39.254893,50.971462],[39.233002,50.978217],[39.177338,50.984402],[39.156505,50.990668],[39.14267,51.000678],[39.140391,51.007758],[39.142507,51.01378],[39.146251,51.018378],[39.149669,51.021104],[39.138438,51.036078],[39.12794,51.044257],[39.12558,51.053656],[39.139415,51.072618],[39.143077,51.081081],[39.14267,51.088894],[39.144135,51.094591],[39.153087,51.096869],[39.159109,51.097683],[39.16684,51.099799],[39.174571,51.102891],[39.180675,51.106798],[39.208425,51.120144],[39.272878,51.138292],[39.293712,51.158311],[39.277599,51.176337],[39.255382,51.19184],[39.227468,51.202663],[39.19394,51.206732],[39.16741,51.218085],[39.168468,51.243842],[39.185069,51.271755],[39.204845,51.289252],[39.204845,51.296088],[39.191173,51.30032],[39.180186,51.297309],[39.156505,51.281806],[39.150971,51.294298],[39.158946,51.303412],[39.170909,51.311143],[39.177013,51.319688],[39.170828,51.331163],[39.156179,51.334052],[39.139089,51.334784],[39.125662,51.339871],[39.12086,51.342393],[39.103119,51.348822],[39.090017,51.351996],[39.086681,51.356879],[39.084565,51.363471],[39.080658,51.370551],[39.062511,51.392442],[39.051036,51.399766],[39.03297,51.404731],[39.038178,51.414618],[39.038585,51.422553],[39.03297,51.439521],[39.030203,51.443549],[39.01588,51.45657],[39.012136,51.462429],[39.013682,51.465196],[39.019216,51.467393],[39.022878,51.476142],[39.046641,51.508368],[39.054454,51.51203],[39.063731,51.51321],[39.071544,51.515448],[39.074636,51.52204],[39.0713,51.530626],[39.063894,51.535834],[39.046641,51.542548],[39.029796,51.552273],[39.018321,51.560981],[38.99879,51.582831],[39.00587,51.598171],[39.013276,51.605251],[39.021983,51.609687],[39.03297,51.617011],[39.045177,51.629421],[39.05128,51.640204],[39.053233,51.650743],[39.053396,51.662299],[39.027761,51.700019],[39.029552,51.706366],[39.039968,51.710517],[39.052989,51.720893],[39.065522,51.734198],[39.074636,51.747341],[39.062755,51.761054],[39.065929,51.77619],[39.117686,51.864447],[39.149099,51.897081],[39.152843,51.909451],[39.142996,51.921332],[39.106456,51.95246],[39.102957,51.960028],[39.101166,51.973904],[39.107921,51.989569],[39.108816,51.999538],[39.101166,52.008083]],[[42.109793,47.601752],[42.086436,47.592841],[42.043712,47.566352],[42.006114,47.558539],[41.988536,47.548774],[41.983165,47.546495],[41.970795,47.547309],[41.945242,47.553982],[41.891043,47.556098],[41.862071,47.561835],[41.84962,47.577908],[41.844493,47.586127],[41.832774,47.586453],[41.811697,47.581244],[41.795339,47.582709],[41.786143,47.586208],[41.778575,47.590847],[41.7671,47.595526],[41.721934,47.602891],[41.513927,47.601752],[41.500255,47.604682],[41.474376,47.614081],[41.462657,47.616034],[41.434093,47.611762],[41.417084,47.600653],[41.403087,47.58515],[41.383393,47.567654],[41.360362,47.55744],[41.336843,47.556098],[41.28419,47.560818],[41.271576,47.558661],[41.249766,47.549099],[41.239513,47.546495],[41.220714,47.548367],[41.212169,47.555203],[41.207042,47.564643],[41.197846,47.57449],[41.174897,47.582587],[41.156261,47.576768],[41.137136,47.566352],[41.112559,47.560818],[41.068126,47.562567],[41.053966,47.560818],[41.028331,47.550076],[41.017182,47.549831],[41.006114,47.560818],[41.018484,47.593858],[41.009207,47.614203],[40.984955,47.618109],[40.952159,47.601752],[40.945323,47.59809],[40.926036,47.585883],[40.899343,47.573065],[40.887136,47.569119],[40.85198,47.563422],[40.780203,47.533515],[40.635671,47.525173],[40.58839,47.512397],[40.523855,47.470567],[40.475841,47.459988],[40.465587,47.446967],[40.458018,47.402533],[40.444347,47.38699],[40.399425,47.363389],[40.38974,47.35163],[40.382253,47.333197],[40.363699,47.318793],[40.307384,47.292548],[40.288585,47.279853],[40.264903,47.269151],[40.253998,47.262519],[40.250092,47.259223],[40.247813,47.255683],[40.242768,47.243232],[40.235932,47.235175],[40.227957,47.2296],[40.218761,47.225775],[40.199718,47.2213],[40.191987,47.221259],[40.1845,47.223009],[40.176687,47.226833],[40.160818,47.232042],[40.143972,47.232123],[40.078217,47.215155],[40.062104,47.21308],[40.047537,47.216905],[40.033621,47.224921],[40.019786,47.23078],[40.005789,47.233222],[39.990326,47.230536],[39.961355,47.219916],[39.937999,47.213975],[39.925792,47.21247],[39.914154,47.212592],[39.876964,47.221747],[39.864187,47.222276],[39.793224,47.212592],[39.761974,47.199978],[39.751231,47.197821],[39.718679,47.19831],[39.711029,47.197211],[39.689871,47.189968],[39.580007,47.170111],[39.570404,47.166449],[39.563569,47.161444],[39.551199,47.148301],[39.54184,47.140937],[39.530284,47.135565],[39.517833,47.132025],[39.505789,47.130316],[39.483328,47.130561],[39.478282,47.129665],[39.465261,47.12519],[39.459402,47.117458],[39.447195,47.11164],[39.411225,47.101752],[39.399913,47.102566],[39.388764,47.105821],[39.37794,47.110785]]]}},{"type":"Feature","properties":{"dissolve":"28Lake Centerline","scalerank":6.0,"featurecla":"Lake Centerline","name":"Angara","name_alt":null,"rivernum":28,"note":null,"min_zoom":5.0,"name_en":"Angara","min_label":6.0},"bbox":[101.762706,51.800889,106.497325,56.290798],"geometry":{"type":"MultiLineString","coordinates":[[[103.374115,53.107245],[103.365815,53.14407],[103.361501,53.181749],[103.377371,53.221137],[103.40504,53.281073],[103.413178,53.340399],[103.411225,53.386583],[103.393158,53.457953],[103.367768,53.521918],[103.370209,53.563178],[103.380056,53.628689],[103.374604,53.678982],[103.34669,53.710557],[103.308442,53.756863],[103.271007,53.804958],[103.247813,53.853949],[103.231293,53.895575],[103.192312,53.942247],[103.15797,53.982449],[103.108816,54.017401],[103.047455,54.053249],[103.011648,54.101142],[102.99171,54.15001],[103.004242,54.194119],[103.028819,54.238145],[103.072765,54.280951],[103.119558,54.320095],[103.157725,54.348497],[103.201427,54.375922],[103.232921,54.39765],[103.256114,54.423163],[103.259044,54.468614],[103.25351,54.51496],[103.250662,54.551296],[103.249929,54.589464],[103.242442,54.631415],[103.234955,54.656521],[103.196218,54.691474],[103.151785,54.716091],[103.11378,54.732123],[103.082286,54.747138],[103.069835,54.773017],[103.064871,54.812934],[103.08017,54.860907],[103.102143,54.909776],[103.153087,54.951687],[103.215017,54.984239],[103.254975,55.021186],[103.303233,55.074815],[103.335948,55.129462],[103.337983,55.169216],[103.334972,55.21837],[103.333018,55.272244],[103.309255,55.332872],[103.280854,55.385199],[103.256602,55.412665],[103.22755,55.441026],[103.202159,55.476915],[103.184093,55.51557],[103.183849,55.548774],[103.194021,55.591254],[103.208751,55.635525],[103.215017,55.676947],[103.205007,55.718329],[103.190359,55.75141],[103.142833,55.785834],[103.074799,55.822211],[103.031342,55.852891],[103.006602,55.889228],[102.992117,55.924872],[102.999115,55.969916],[103.001069,56.022162],[102.970632,56.071641],[102.919851,56.122585],[102.855072,56.162299],[102.780772,56.185248],[102.677664,56.200792],[102.593028,56.206855],[102.518891,56.208279],[102.44044,56.205268],[102.35849,56.184638],[102.271007,56.165107],[102.198416,56.147406],[102.126231,56.1258],[102.049408,56.112616],[101.97755,56.092637],[101.937755,56.067939],[101.894216,56.054307],[101.848399,56.060655],[101.799327,56.08751],[101.768891,56.124132],[101.762706,56.179063],[101.780935,56.240098],[101.803233,56.290798]],[[106.497325,52.383124],[106.489838,52.400417],[106.467459,52.416531],[106.417979,52.425482],[106.353608,52.40998],[106.267589,52.385118],[106.154877,52.338324],[106.02296,52.254014],[105.810069,52.042792],[105.682628,51.957221],[105.572032,51.902655],[105.470876,51.86282],[105.252371,51.820868],[105.031342,51.800889],[104.94337,51.811876],[104.894542,51.830186],[104.878347,51.856391],[104.866954,51.870185],[104.865733,51.871527]]]}},{"type":"Feature","properties":{"dissolve":"28River","scalerank":6.0,"featurecla":"River","name":"Angara","name_alt":null,"rivernum":28,"note":null,"min_zoom":5.0,"name_en":"Angara","min_label":6.0},"bbox":[103.374115,51.870185,104.866954,53.107245],"geometry":{"type":"MultiLineString","coordinates":[[[104.866954,51.870185],[104.829845,51.908393],[104.816742,51.916287],[104.743907,51.939236],[104.729015,51.947211],[104.588471,52.056016],[104.545502,52.100938],[104.541515,52.106757],[104.539561,52.107245],[104.537364,52.108425],[104.533376,52.110907],[104.530528,52.112372],[104.50823,52.11994],[104.489268,52.122992],[104.484874,52.124579],[104.482188,52.126166],[104.479747,52.128363],[104.469493,52.14114],[104.452566,52.15705],[104.439464,52.174994],[104.410167,52.204779],[104.406179,52.207628],[104.360932,52.224555],[104.350352,52.226508],[104.33253,52.24079],[104.293793,52.263373],[104.280365,52.279731],[104.287852,52.29975],[104.296316,52.315253],[104.295909,52.332953],[104.288829,52.350165],[104.277354,52.364325],[104.256277,52.371202],[104.194428,52.38227],[104.181651,52.395331],[104.171397,52.399115],[104.112804,52.432563],[104.081716,52.472032],[104.062592,52.488105],[103.996104,52.500841],[103.986827,52.504584],[103.978038,52.514187],[103.975108,52.520128],[103.977306,52.544298],[103.978933,52.549425],[103.97934,52.554714],[103.976166,52.562934],[103.945567,52.600775],[103.935313,52.635565],[103.930919,52.644599],[103.920909,52.653266],[103.88087,52.678005],[103.859467,52.687079],[103.844819,52.68948],[103.812429,52.690009],[103.798595,52.693305],[103.77589,52.711127],[103.738292,52.754503],[103.716238,52.762152],[103.716238,52.768378],[103.727794,52.775824],[103.726166,52.78144],[103.719656,52.785753],[103.716238,52.789496],[103.719737,52.79796],[103.728038,52.810736],[103.72991,52.816759],[103.725108,52.848456],[103.716238,52.878241],[103.705577,52.89411],[103.691417,52.909369],[103.660818,52.933458],[103.606863,52.954169],[103.598888,52.963935],[103.575694,52.974148],[103.434581,52.99494],[103.394786,53.006415],[103.382742,53.034125],[103.381114,53.067735],[103.374115,53.107245]]]}},{"type":"Feature","properties":{"dissolve":"29Lake Centerline","scalerank":2.0,"featurecla":"Lake Centerline","name":"Ertis","name_alt":null,"rivernum":29,"note":null,"min_zoom":2.1,"name_en":"Ertis","min_label":3.1},"bbox":[83.36378,47.725898,84.356863,49.643866],"geometry":{"type":"MultiLineString","coordinates":[[[83.36378,49.643866],[83.374115,49.631415],[83.411388,49.614366],[83.438406,49.588935],[83.4699,49.577338],[83.508556,49.577745],[83.54713,49.571153],[83.582286,49.556505],[83.615164,49.52794],[83.645518,49.495185],[83.683035,49.478583],[83.726166,49.470526],[83.760265,49.460069],[83.785167,49.455878],[83.847667,49.452501],[83.873139,49.446397],[83.897716,49.428494],[83.920421,49.406765],[83.940847,49.391466],[83.965017,49.381903],[84.043549,49.339545],[84.100027,49.294867],[84.155854,49.256374],[84.17864,49.237901],[84.200776,49.210476],[84.218272,49.17829],[84.214447,49.152533],[84.203298,49.132392],[84.161632,49.112982],[84.115245,49.096381],[84.034597,49.082709],[83.989757,49.066921],[83.947683,49.04918],[83.906179,49.038194],[83.845795,49.028144],[83.791026,49.015896],[83.753917,49.004503],[83.683442,48.97724],[83.592703,48.948676],[83.564871,48.94123],[83.53419,48.918891],[83.493256,48.864285],[83.468272,48.837592],[83.449962,48.807156],[83.439382,48.764187],[83.43629,48.731391],[83.445079,48.705186],[83.458588,48.674343],[83.472097,48.633857],[83.477143,48.58869],[83.472341,48.553168],[83.479747,48.516669],[83.493093,48.47956],[83.526866,48.44713],[83.576101,48.421413],[83.60377,48.401231],[83.618093,48.37934],[83.61378,48.360216],[83.55421,48.33043],[83.516775,48.313829],[83.501964,48.298163],[83.48878,48.263739],[83.489675,48.231147],[83.52003,48.196357],[83.572765,48.154161],[83.804861,48.078437],[83.859386,48.041205],[83.90919,48.01142],[84.009776,47.958075],[84.075694,47.91413],[84.135183,47.863715],[84.198334,47.776801],[84.241954,47.745795],[84.260509,47.734931],[84.282807,47.725898],[84.302989,47.726264],[84.339936,47.732123],[84.356863,47.732123]]]}},{"type":"Feature","properties":{"dissolve":"29River","scalerank":2.0,"featurecla":"River","name":"Ertis","name_alt":null,"rivernum":29,"note":null,"min_zoom":2.1,"name_en":"Ertis","min_label":3.1},"bbox":[74.993582,47.718817,85.2671,53.985622],"geometry":{"type":"MultiLineString","coordinates":[[[79.072846,50.617051],[79.035655,50.61164],[79.017589,50.612006],[78.979503,50.631456],[78.954682,50.63288],[78.901541,50.630154],[78.817963,50.644314],[78.743907,50.672309],[78.710378,50.692491],[78.637462,50.747829],[78.621104,50.754218],[78.599539,50.755968],[78.58074,50.75495],[78.563406,50.756903],[78.545339,50.767279],[78.539806,50.773871],[78.528331,50.791042],[78.521658,50.798651],[78.512625,50.803331],[78.502859,50.804511],[78.493175,50.806952],[78.483897,50.815741],[78.482188,50.827704],[78.454519,50.83747],[78.365245,50.8581],[78.35377,50.864081],[78.343028,50.873725],[78.330577,50.879503],[78.297293,50.881049],[78.282481,50.887722],[78.270437,50.900702],[78.244395,50.939236],[78.242198,50.945176],[78.243175,50.949652],[78.241954,50.95246],[78.233816,50.953477],[78.22755,50.955024],[78.219819,50.959011],[78.212983,50.964219],[78.210216,50.969591],[78.202403,51.002387],[78.183116,51.014106],[78.158376,51.018175],[78.134532,51.02794],[78.1421,51.047716],[78.128917,51.060981],[78.111746,51.073188],[78.107188,51.090033],[78.114187,51.092149],[78.12851,51.101833],[78.136485,51.112372],[78.124522,51.117377],[78.094656,51.115098],[78.082449,51.116563],[78.066173,51.123562],[78.094005,51.154893],[78.096202,51.16706],[78.056651,51.173163],[78.04835,51.176581],[78.035167,51.189317],[78.033132,51.197943],[78.042979,51.20364],[78.056895,51.208197],[78.066173,51.213568],[78.072358,51.235297],[78.063731,51.252753],[78.021251,51.291083],[78.012462,51.294786],[77.982351,51.298529],[77.975108,51.304714],[77.971283,51.313259],[77.963145,51.322821],[77.953624,51.327826],[77.92213,51.336453],[77.886485,51.360622],[77.86378,51.371527],[77.795665,51.453884],[77.775401,51.467882],[77.750906,51.47366],[77.739513,51.474677],[77.718679,51.479356],[77.706554,51.480414],[77.692556,51.485053],[77.687755,51.495551],[77.68629,51.506944],[77.682628,51.514594],[77.665294,51.517401],[77.626557,51.51081],[77.610281,51.518337],[77.600841,51.527371],[77.592214,51.533271],[77.572765,51.542548],[77.567393,51.543647],[77.548595,51.542548],[77.545665,51.544379],[77.542979,51.553168],[77.538585,51.555528],[77.520437,51.55268],[77.500011,51.546658],[77.483409,51.545966],[77.469168,51.576768],[77.452647,51.585313],[77.43629,51.591091],[77.428722,51.600287],[77.420909,51.668484],[77.424734,51.695624],[77.445567,51.723456],[77.449229,51.730089],[77.440522,51.73904],[77.441824,51.747341],[77.440522,51.750515],[77.437999,51.755316],[77.438243,51.759711],[77.445567,51.761583],[77.465831,51.76081],[77.469737,51.761583],[77.468842,51.775824],[77.46046,51.789984],[77.454845,51.803656],[77.462901,51.81623],[77.456065,51.830756],[77.447765,51.836982],[77.421316,51.843573],[77.405935,51.850409],[77.396658,51.857733],[77.38087,51.877712],[77.358165,51.897162],[77.333507,51.908881],[77.277354,51.925482],[77.235444,51.943468],[77.222667,51.946601],[77.177989,51.944403],[77.161876,51.946601],[77.098643,51.970893],[77.069265,51.988145],[77.065684,52.001817],[77.042898,52.037177],[77.035167,52.045925],[77.017182,52.052558],[76.979015,52.048529],[76.965912,52.052761],[76.959727,52.063666],[76.959565,52.074774],[76.961681,52.087714],[76.962494,52.104275],[76.960216,52.110053],[76.955577,52.113593],[76.950857,52.118476],[76.948985,52.127794],[76.953136,52.13227],[76.963145,52.135565],[76.97462,52.137722],[76.983816,52.138373],[76.978526,52.147732],[76.970632,52.154079],[76.960541,52.15766],[76.948985,52.158881],[76.957937,52.174343],[76.962494,52.179307],[76.9546,52.185981],[76.936046,52.197781],[76.929128,52.206651],[76.938975,52.208075],[76.947195,52.211982],[76.953136,52.218451],[76.956391,52.227118],[76.92099,52.236151],[76.914154,52.24079],[76.914561,52.251899],[76.92213,52.258165],[76.930675,52.26085],[76.935313,52.261298],[76.942312,52.274848],[76.935557,52.283962],[76.922455,52.291449],[76.911143,52.29975],[76.89088,52.326443],[76.882498,52.331895],[76.864268,52.335476],[76.848643,52.346259],[76.841807,52.347113],[76.834565,52.347276],[76.82545,52.350653],[76.819021,52.355577],[76.804291,52.371161],[76.771576,52.388983],[76.767507,52.399604],[76.784434,52.412136],[76.758311,52.424262],[76.766856,52.43122],[76.790131,52.436387],[76.808116,52.443183],[76.812022,52.451117],[76.810313,52.459052],[76.80657,52.467597],[76.804291,52.47724],[76.800141,52.489203],[76.791026,52.493598],[76.781749,52.49669],[76.777599,52.504584],[76.778331,52.537421],[76.774913,52.558417],[76.764659,52.577216],[76.743907,52.588162],[76.695323,52.588324],[76.674571,52.597724],[76.708751,52.611396],[76.708751,52.61754],[76.69573,52.625027],[76.680675,52.620225],[76.658783,52.619005],[76.642507,52.623399],[76.644542,52.635565],[76.654307,52.644355],[76.675304,52.659125],[76.68214,52.665961],[76.689708,52.688341],[76.679128,52.701239],[76.663097,52.716132],[76.654796,52.744818],[76.648855,52.751573],[76.61321,52.768378],[76.540538,52.828681],[76.516856,52.837673],[76.492442,52.833564],[76.462413,52.816759],[76.457042,52.821112],[76.453054,52.825954],[76.450287,52.831244],[76.448741,52.837266],[76.463796,52.843817],[76.47698,52.853135],[76.488048,52.864814],[76.497081,52.878241],[76.486257,52.876492],[76.455577,52.864569],[76.446056,52.871161],[76.447195,52.879421],[76.452403,52.889716],[76.455577,52.902452],[76.448741,52.905585],[76.433604,52.905056],[76.417247,52.902371],[76.406993,52.899359],[76.394054,52.892524],[76.392507,52.88821],[76.392996,52.881293],[76.391612,52.874823],[76.3838,52.872016],[76.372569,52.877265],[76.357921,52.900336],[76.349376,52.905585],[76.343191,52.906684],[76.329682,52.911811],[76.321788,52.913031],[76.315522,52.910956],[76.304454,52.901719],[76.29713,52.899359],[76.28476,52.90058],[76.269542,52.905137],[76.2588,52.912665],[76.259939,52.922919],[76.257335,52.928168],[76.241222,52.949978],[76.236339,52.96015],[76.24171,52.968777],[76.242686,52.981024],[76.239675,52.994005],[76.232595,53.00491],[76.222097,53.008897],[76.198985,53.003485],[76.191661,53.00491],[76.175548,53.019884],[76.170909,53.022244],[76.119151,53.022244],[76.107188,53.031317],[76.103119,53.041042],[76.09726,53.049872],[76.079356,53.056342],[76.059825,53.057318],[76.049246,53.052436],[76.034272,53.032172],[75.982514,53.022244],[75.967459,53.023627],[75.927826,53.035915],[75.879161,53.043809],[75.865815,53.050157],[75.872325,53.068549],[75.846772,53.085517],[75.790701,53.111029],[75.783132,53.13699],[75.78655,53.161444],[75.781179,53.179633],[75.733328,53.189154],[75.717377,53.195136],[75.702159,53.202989],[75.691417,53.210883],[75.670828,53.249783],[75.663829,53.255642],[75.596121,53.258816],[75.565196,53.268622],[75.544363,53.28913],[75.563975,53.304877],[75.571381,53.313056],[75.577891,53.32392],[75.515554,53.31863],[75.496511,53.32392],[75.478933,53.334988],[75.483979,53.339423],[75.500499,53.343126],[75.517019,53.351833],[75.526296,53.367133],[75.517019,53.372626],[75.499034,53.374376],[75.482188,53.378485],[75.467296,53.388861],[75.468435,53.395046],[75.496511,53.412665],[75.470307,53.437934],[75.4345,53.484931],[75.349132,53.529364],[75.321381,53.533759],[75.299734,53.54446],[75.263194,53.570339],[75.260671,53.57453],[75.261729,53.57921],[75.26116,53.583035],[75.25294,53.584581],[75.234874,53.583767],[75.225678,53.584499],[75.206635,53.594306],[75.166921,53.604438],[75.18808,53.611274],[75.18808,53.618109],[75.15504,53.617011],[75.139171,53.618964],[75.125987,53.625556],[75.143484,53.633979],[75.141531,53.64704],[75.118582,53.672716],[75.114675,53.681098],[75.112071,53.690212],[75.107188,53.697577],[75.085053,53.703884],[75.064138,53.717963],[75.039236,53.72602],[75.024994,53.738389],[75.014171,53.755194],[75.009858,53.772976],[75.018565,53.787177],[75.034923,53.799913],[75.045502,53.815456],[75.036632,53.837836],[75.066335,53.88935],[75.075776,53.918402],[75.083995,53.929023],[75.084727,53.941962],[75.067556,53.964423],[75.029307,53.983466],[74.993582,53.985622]],[[79.072846,50.617051],[79.059255,50.617051]],[[83.36378,49.643866],[83.362722,49.650092],[83.362722,49.655056],[83.361257,49.659491],[83.355724,49.664333],[83.358897,49.668158],[83.36378,49.678005],[83.236827,49.671739],[83.208751,49.674872],[83.154552,49.688544],[83.126964,49.691677],[83.064952,49.691677],[83.049815,49.694525],[83.043875,49.701687],[83.040619,49.710639],[83.03419,49.71894],[83.009288,49.726142],[82.986257,49.726508],[82.974864,49.735175],[82.985769,49.767361],[82.975597,49.769599],[82.966889,49.774237],[82.960704,49.78144],[82.958507,49.791287],[82.957449,49.804023],[82.954112,49.80744],[82.947765,49.808702],[82.937999,49.815131],[82.888764,49.863796],[82.813243,49.909491],[82.793956,49.918158],[82.77003,49.921495],[82.727061,49.910468],[82.705089,49.911322],[82.698416,49.915473],[82.691905,49.922553],[82.686697,49.929796],[82.684662,49.934923],[82.679698,49.941596],[82.667572,49.943915],[82.643891,49.944892],[82.606619,49.95661],[82.506602,50.014431],[82.489268,50.02086],[82.482595,50.024278],[82.475515,50.030829],[82.468842,50.038845],[82.462576,50.044786],[82.455089,50.046332],[82.444428,50.041083],[82.421479,50.051703],[82.365896,50.05032],[82.34547,50.058417],[82.317475,50.083767],[82.314138,50.092882],[82.315033,50.116075],[82.311453,50.123969],[82.300548,50.137274],[82.279796,50.154853],[82.273204,50.164618],[82.259044,50.209011],[82.248464,50.227362],[82.224864,50.227078],[82.164154,50.206366],[82.157237,50.205593],[82.151459,50.207628],[82.148448,50.217353],[82.143484,50.219794],[82.132335,50.219591],[82.11964,50.217841],[82.107595,50.214301],[82.099132,50.209011],[82.079519,50.202501],[82.052989,50.206651],[82.005626,50.219794],[81.978038,50.220282],[81.900076,50.212429],[81.891368,50.209296],[81.876231,50.195624],[81.865733,50.192491],[81.854747,50.193956],[81.829519,50.201728],[81.821381,50.205593],[81.774018,50.259589],[81.75587,50.267646],[81.738048,50.262722],[81.725027,50.252794],[81.709565,50.245063],[81.684093,50.246527],[81.645518,50.262274],[81.575287,50.308173],[81.533946,50.328437],[81.510753,50.334174],[81.434093,50.335883],[81.407481,50.332099],[81.355968,50.31684],[81.327891,50.315456],[81.305431,50.321234],[81.266124,50.338975],[81.215017,50.3463],[81.193858,50.355251],[81.155935,50.376899],[81.11614,50.393378],[81.093842,50.397284],[81.067312,50.397325],[81.040538,50.39114],[81.03183,50.393744],[81.016205,50.402899],[81.009369,50.404812],[80.99822,50.402289],[80.964854,50.383653],[80.937755,50.373236],[80.823416,50.354356],[80.787039,50.353705],[80.758881,50.357978],[80.759288,50.376899],[80.739024,50.377631],[80.680186,50.370673],[80.66269,50.374457],[80.629649,50.389716],[80.60849,50.39114],[80.500499,50.360663],[80.465261,50.356391],[80.448334,50.35871],[80.412039,50.368476],[80.293468,50.378607],[80.280528,50.381212],[80.269623,50.387763],[80.230724,50.427191],[80.223074,50.440985],[80.217377,50.459418],[80.194591,50.451606],[80.17213,50.457628],[80.149018,50.468085],[80.111339,50.477566],[80.102794,50.486436],[80.095795,50.496609],[80.087169,50.504096],[80.077403,50.504421],[80.046153,50.486762],[80.018565,50.479804],[79.94044,50.486762],[79.882335,50.465522],[79.867931,50.464423],[79.813487,50.470811],[79.792898,50.479071],[79.774913,50.492011],[79.755382,50.510606],[79.746104,50.515082],[79.736257,50.51378],[79.727306,50.509223],[79.720876,50.504096],[79.708995,50.498481],[79.698253,50.501899],[79.683116,50.514024],[79.681082,50.517401],[79.678233,50.524115],[79.674408,50.530829],[79.669444,50.534532],[79.662527,50.533149],[79.657644,50.52794],[79.653575,50.522569],[79.648936,50.52029],[79.634369,50.519599],[79.628673,50.518622],[79.62794,50.522895],[79.628429,50.538275],[79.619151,50.556342],[79.597341,50.564643],[79.552745,50.569281],[79.534923,50.576036],[79.507416,50.596015],[79.490733,50.603461],[79.481456,50.604071],[79.461518,50.601874],[79.450857,50.603461],[79.442393,50.607978],[79.424815,50.621161],[79.419526,50.623887],[79.401296,50.629747],[79.367442,50.654324],[79.34726,50.658026],[79.342052,50.654975],[79.335216,50.642524],[79.327403,50.637519],[79.316905,50.63585],[79.259776,50.636827],[79.249278,50.639716],[79.244884,50.648139],[79.245128,50.66706],[79.242117,50.675238],[79.234386,50.678534],[79.192963,50.672309],[79.181407,50.674425],[79.158295,50.683458],[79.148692,50.685329],[79.125987,50.676866],[79.126394,50.66059],[79.131765,50.644721],[79.124522,50.637519],[79.10491,50.625922],[79.092703,50.621527],[79.087169,50.627021],[79.082286,50.630723],[79.071381,50.629706],[79.052419,50.623887],[79.057058,50.619493],[79.061615,50.617499],[79.072846,50.617051]],[[85.2671,47.994412],[85.233328,47.998969],[85.203868,47.994696],[85.190115,47.99433],[85.17864,47.998969],[85.139415,47.967719],[85.094819,47.957546],[85.049571,47.952908],[85.007904,47.938178],[85.003673,47.933051],[84.999115,47.921088],[84.994395,47.91706],[84.988292,47.91706],[84.981944,47.919623],[84.976654,47.922675],[84.973888,47.923896],[84.940033,47.911729],[84.909109,47.905463],[84.888601,47.89411],[84.808849,47.830146],[84.792735,47.802029],[84.7706,47.796251],[84.7199,47.793565],[84.646414,47.769151],[84.59669,47.760362],[84.574962,47.748236],[84.555593,47.734483],[84.535655,47.724677],[84.490001,47.724677],[84.452403,47.718817],[84.373139,47.72488],[84.356863,47.732123]]]}},{"type":"Feature","properties":{"dissolve":"30River","scalerank":2.0,"featurecla":"River","name":"Ertix","name_alt":"Irtysh","rivernum":30,"note":null,"min_zoom":2.1,"name_en":"Irtysh","min_label":3.1},"bbox":[85.2671,46.982693,90.325287,48.027452],"geometry":{"type":"MultiLineString","coordinates":[[[90.325287,47.650173],[90.322032,47.638495],[90.314464,47.63406],[90.305675,47.630723],[90.298106,47.62226],[90.296153,47.612616],[90.298106,47.577908],[90.296804,47.558661],[90.27825,47.455878],[90.27003,47.437812],[90.253429,47.430487],[90.236339,47.428087],[90.223643,47.422309],[90.20045,47.408026],[90.195079,47.405829],[90.188975,47.40412],[90.174571,47.402533],[90.127859,47.404975],[90.10963,47.398953],[90.047455,47.332099],[90.031261,47.320624],[89.992442,47.305487],[89.982839,47.300116],[89.977631,47.292792],[89.96575,47.265977],[89.960867,47.262722],[89.94573,47.24726],[89.942393,47.242051],[89.937918,47.23253],[89.926768,47.226101],[89.90089,47.218207],[89.772716,47.194892],[89.708751,47.173651],[89.694835,47.142442],[89.664806,47.125922],[89.65325,47.122016],[89.635671,47.120307],[89.62794,47.121405],[89.626231,47.116889],[89.626475,47.09809],[89.615896,47.07453],[89.592214,47.066352],[89.566824,47.061225],[89.551362,47.04682],[89.574718,47.043524],[89.574474,47.026394],[89.560802,47.005723],[89.543956,46.992255],[89.517019,46.984239],[89.491791,46.982693],[89.146658,47.012763],[89.112071,47.026394],[89.086843,47.044135],[89.081554,47.04682],[89.056244,47.045437],[89.042898,47.04621],[89.033376,47.05032],[89.018972,47.065212],[89.009532,47.07156],[88.976573,47.078681],[88.948253,47.090155],[88.922374,47.105577],[88.907237,47.122016],[88.845876,47.146186],[88.821544,47.149237],[88.804617,47.153673],[88.731212,47.191596],[88.689464,47.207709],[88.15976,47.286444],[88.151296,47.291327],[88.144054,47.298163],[88.135346,47.304267],[88.122325,47.306952],[87.991466,47.309027],[87.967459,47.315456],[87.946218,47.325507],[87.930186,47.338324],[87.908214,47.351752],[87.883067,47.353705],[87.856944,47.352118],[87.83074,47.355333],[87.742117,47.409532],[87.634369,47.44127],[87.414806,47.465766],[87.362804,47.489854],[87.354503,47.491889],[87.350108,47.497138],[87.333425,47.54206],[87.316417,47.57449],[87.303396,47.584418],[87.294444,47.585761],[87.285492,47.583116],[87.272227,47.581244],[87.231537,47.581244],[87.195079,47.588813],[87.180919,47.58808],[87.171397,47.583604],[87.161876,47.571234],[87.152436,47.567654],[87.145763,47.569403],[87.126964,47.579047],[87.115245,47.581244],[87.091319,47.583075],[87.044688,47.594428],[86.995372,47.612982],[86.977143,47.624945],[86.943614,47.660102],[86.935639,47.666938],[86.924408,47.673774],[86.912364,47.677273],[86.902354,47.674099],[86.897227,47.677314],[86.842377,47.698513],[86.810151,47.715155],[86.796153,47.724677],[86.765554,47.755968],[86.757904,47.761542],[86.741791,47.768419],[86.73406,47.773057],[86.723562,47.784613],[86.704845,47.811306],[86.693777,47.820868],[86.675385,47.82921],[86.654552,47.835883],[86.632498,47.840399],[86.611827,47.841986],[86.590912,47.846259],[86.554861,47.865058],[86.532481,47.869249],[86.523529,47.872504],[86.504324,47.886583],[86.495128,47.889757],[86.48463,47.886542],[86.466401,47.872504],[86.457286,47.869249],[86.418468,47.868109],[86.399506,47.861151],[86.391531,47.845079],[86.382498,47.83572],[86.362641,47.841132],[86.341563,47.854682],[86.330089,47.869249],[86.310802,47.863145],[86.286388,47.864814],[86.270274,47.863349],[86.275401,47.848212],[86.248464,47.841132],[86.217377,47.847235],[86.12558,47.881944],[86.111501,47.889757],[86.087006,47.910468],[86.074229,47.918891],[86.056244,47.923896],[86.023367,47.926459],[86.009532,47.929755],[85.994233,47.938178],[85.967459,47.958686],[85.953868,47.964911],[85.924897,47.966376],[85.90089,47.95836],[85.882498,47.957139],[85.871349,47.979112],[85.848399,47.965603],[85.829275,47.967108],[85.809825,47.974677],[85.765229,47.981879],[85.754649,47.981147],[85.72991,47.966254],[85.720876,47.968817],[85.706147,47.985378],[85.683035,48.002143],[85.67213,48.005886],[85.655691,48.006903],[85.644135,48.00434],[85.6338,48.0008],[85.596609,47.994696],[85.575125,47.986843],[85.554861,47.983344],[85.535655,47.992214],[85.532156,47.999579],[85.52825,48.019599],[85.521983,48.026313],[85.509369,48.027452],[85.498546,48.022406],[85.489838,48.015896],[85.483979,48.012641],[85.457612,48.011013],[85.438243,48.006374],[85.398367,47.992214],[85.37794,47.979112],[85.371755,47.981513],[85.362315,47.989854],[85.34726,47.996202],[85.343842,48.000678],[85.339447,48.000027],[85.326427,47.988715],[85.311697,47.988308],[85.2671,47.994412]]]}},{"type":"Feature","properties":{"dissolve":"32Lake Centerline","scalerank":6.0,"featurecla":"Lake Centerline","name":"Angara","name_alt":null,"rivernum":32,"note":null,"min_zoom":5.0,"name_en":"Angara","min_label":6.0},"bbox":[102.331391,57.00373,102.678396,57.943061],"geometry":{"type":"MultiLineString","coordinates":[[[102.67392,57.943061],[102.664236,57.923041],[102.666433,57.885321],[102.678396,57.856024],[102.673839,57.825751],[102.62794,57.768622],[102.607595,57.734687],[102.591889,57.705349],[102.583507,57.680854],[102.56837,57.658149],[102.511241,57.62462],[102.475841,57.601996],[102.433116,57.570014],[102.401378,57.538926],[102.384532,57.507921],[102.379487,57.471503],[102.36964,57.428534],[102.363048,57.386908],[102.353526,57.345323],[102.336355,57.299994],[102.331391,57.258409],[102.339366,57.227566],[102.339936,57.197577],[102.335948,57.157416],[102.337413,57.121894],[102.336518,57.094428],[102.333751,57.06977],[102.333263,57.047553],[102.343272,57.039089],[102.353445,57.020779],[102.358165,57.003974],[102.358165,57.00377],[102.358002,57.00373]]]}},{"type":"Feature","properties":{"dissolve":"32River","scalerank":2.0,"featurecla":"River","name":"Angara","name_alt":null,"rivernum":32,"note":null,"min_zoom":2.1,"name_en":"Angara","min_label":3.1},"bbox":[92.990652,56.290798,102.847179,58.973212],"geometry":{"type":"MultiLineString","coordinates":[[[101.957774,58.962226],[101.947765,58.973212]],[[101.957774,58.962226],[101.05714,58.951524],[101.031261,58.945868],[100.992442,58.932807],[100.964447,58.913031],[100.971202,58.88699],[100.979015,58.869412],[100.977631,58.845893],[100.970307,58.823188],[100.960216,58.808173],[100.941498,58.796169],[100.884044,58.771674],[100.833425,58.763251],[100.748057,58.733018],[100.612071,58.712592],[100.586518,58.702908],[100.535085,58.676378],[100.495697,58.669013],[100.46575,58.657579],[100.453868,58.651068],[100.44337,58.642035],[100.430186,58.621202],[100.422781,58.612616],[100.418061,58.582872],[100.433849,58.537462],[100.458751,58.494493],[100.481049,58.472357],[100.470876,58.461371],[100.445323,58.446723],[100.433197,58.437567],[100.424083,58.424262],[100.415945,58.397813],[100.409434,58.386664],[100.382091,58.361436],[100.35377,58.345486],[100.321544,58.337348],[100.282481,58.335801],[100.243582,58.341661],[100.16684,58.364325],[100.038992,58.372829],[100.004405,58.385932],[100.012218,58.414333],[100.013764,58.436713],[99.983653,58.455105],[99.913178,58.479193],[99.829031,58.527655],[99.777924,58.537136],[99.737641,58.551622],[99.717296,58.554877],[99.552338,58.557074],[99.527761,58.561713],[99.478282,58.584825],[99.437999,58.595893],[99.357595,58.651068],[99.333507,58.677029],[99.32366,58.684638],[99.305431,58.69241],[99.228282,58.715399],[99.175792,58.724229],[99.048595,58.725613],[99.017345,58.716661],[98.962169,58.685248],[98.782644,58.655056],[98.700776,58.62698],[98.66505,58.589057],[98.667735,58.538886],[98.660492,58.520046],[98.637625,58.500271],[98.605235,58.48253],[98.570079,58.469753],[98.532725,58.461941],[98.35849,58.462755],[98.276866,58.440497],[97.979747,58.423896],[97.897227,58.437567],[97.876231,58.436347],[97.802664,58.420844],[97.769623,58.407172],[97.687918,58.396674],[97.392182,58.414822],[97.222992,58.443712],[97.136811,58.437567],[97.104503,58.42536],[97.04892,58.396186],[97.013927,58.390448],[96.932058,58.393378],[96.892833,58.402289],[96.859386,58.420844],[96.854503,58.431016],[96.857921,58.45661],[96.852306,58.46894],[96.833018,58.486274],[96.821218,58.494086],[96.807872,58.500271],[96.721934,58.520575],[96.445404,58.554877],[96.40325,58.553778],[96.240733,58.527615],[96.202891,58.51557],[96.164236,58.507758],[96.122569,58.513983],[96.083507,58.537055],[96.068126,58.541205],[96.045095,58.539903],[95.997651,58.531928],[95.973562,58.535753],[95.953298,58.542304],[95.932628,58.546658],[95.91155,58.548529],[95.889903,58.547431],[95.87322,58.54324],[95.841319,58.530341],[95.745942,58.520779],[95.6845,58.525336],[95.663259,58.520779],[95.57545,58.480536],[95.55071,58.462429],[95.517996,58.449001],[95.436453,58.446234],[95.403331,58.431342],[95.394135,58.418891],[95.392589,58.408026],[95.393077,58.396796],[95.389659,58.382921],[95.378917,58.367865],[95.364675,58.359687],[95.347667,58.356309],[95.328136,58.355658],[95.292247,58.349677],[95.236339,58.31977],[95.140554,58.28974],[94.874278,58.156521],[94.8449,58.150214],[94.652599,58.15766],[94.614268,58.154812],[94.472667,58.111151],[94.432546,58.10578],[94.348074,58.109239],[94.273041,58.129706],[94.204682,58.137641],[94.186697,58.146796],[94.153087,58.157009],[94.104015,58.153917],[93.942149,58.117051],[93.861827,58.109239],[93.772065,58.122911],[93.692556,58.126085],[93.624522,58.148139],[93.335216,58.187201],[93.286143,58.185004],[93.214692,58.164578],[93.17921,58.14879],[93.148936,58.129706],[93.133311,58.11286],[93.122488,58.0963],[93.109386,58.08393],[93.086925,58.079617],[93.036713,58.081407],[93.01116,58.085273],[92.990652,58.093288]],[[102.489024,58.82921],[102.472667,58.834418],[102.420828,58.835395],[102.311046,58.851264],[102.210948,58.887641],[102.182221,58.893378],[102.154307,58.907904],[101.995128,58.939561],[101.96575,58.953559],[101.957774,58.962226]],[[102.67392,57.943061],[102.687999,57.961615],[102.69337,57.971706],[102.691417,57.980292],[102.686534,57.99197],[102.693614,58.00141],[102.715587,58.017524],[102.811615,58.137763],[102.83546,58.181464],[102.84547,58.22724],[102.831635,58.271348],[102.839122,58.278266],[102.833425,58.288398],[102.834565,58.291327],[102.839122,58.298692],[102.832042,58.310981],[102.833995,58.322537],[102.845307,58.346503],[102.847179,58.362657],[102.845307,58.414333],[102.840912,58.436713],[102.635183,58.747097],[102.598399,58.784776],[102.550385,58.814968],[102.439138,58.847113],[102.397472,58.874091],[102.363373,58.884101],[102.337413,58.901435],[102.290457,58.924831],[102.210541,58.952501],[102.124766,58.964219],[101.957774,58.962226]],[[101.803233,56.290798],[101.808849,56.297797],[101.82545,56.311062],[101.830577,56.318712],[101.830984,56.331],[101.825857,56.338487],[101.819835,56.343614],[101.816905,56.349148],[101.814138,56.371202],[101.796397,56.421169],[101.795909,56.440294],[101.803233,56.500271],[101.806407,56.509833],[101.821056,56.528591],[101.824311,56.541287],[101.826427,56.630642],[101.821788,56.650499],[101.806895,56.671251],[101.786225,56.684149],[101.73878,56.698065],[101.721202,56.708564],[101.715017,56.717719],[101.707286,56.736396],[101.701427,56.743842],[101.690847,56.750067],[101.667084,56.759223],[101.636974,56.784776],[101.616222,56.796658],[101.571056,56.812201],[101.517589,56.813503],[101.450206,56.807481],[101.393484,56.812364],[101.371755,56.8463],[101.374278,56.858222],[101.382823,56.87698],[101.385509,56.887274],[101.385183,56.899604],[101.379975,56.920762],[101.378673,56.931667],[101.385509,56.953925],[101.403087,56.967719],[101.427419,56.974677],[101.605235,56.994249],[101.658702,57.013943],[101.687104,57.017605],[101.700287,57.015163],[101.777924,56.973334],[101.79127,56.958848],[101.799815,56.955512],[101.865245,56.948757],[101.974864,56.925116],[102.009288,56.91116],[102.049571,56.899929],[102.177419,56.907742],[102.302419,56.891384],[102.331391,56.900336],[102.338634,56.916449],[102.334239,56.931464],[102.326671,56.946479],[102.324474,56.962958],[102.331716,56.974189],[102.343435,56.981024],[102.35434,56.988959],[102.358165,57.003974]]]}},{"type":"Feature","properties":{"dissolve":"37River","scalerank":2.0,"featurecla":"River","name":"Lualaba","name_alt":null,"rivernum":37,"note":null,"min_zoom":2.1,"name_en":"Lualaba","min_label":3.1},"bbox":[25.395112,-11.742852,26.441335,-8.271987],"geometry":{"type":"MultiLineString","coordinates":[[[26.249278,-11.742852],[26.225027,-11.737726],[26.208507,-11.724623],[26.17392,-11.682794],[26.167898,-11.666681],[26.163585,-11.660333],[26.156179,-11.655206],[26.147227,-11.650811],[26.137787,-11.647882],[26.129487,-11.646661],[26.122651,-11.648451],[26.068451,-11.68198],[26.060557,-11.688328],[26.05421,-11.680108],[26.046153,-11.674493],[26.036713,-11.670343],[26.026459,-11.667169],[26.008067,-11.672052],[25.982514,-11.668796],[25.956716,-11.661147],[25.938243,-11.653497],[25.90325,-11.636407],[25.887706,-11.623956],[25.876231,-11.604994],[25.868744,-11.612481],[25.855235,-11.540216],[25.84547,-11.529962],[25.832042,-11.522312],[25.818289,-11.504246],[25.811697,-11.483738],[25.821056,-11.468601],[25.821056,-11.461114],[25.785818,-11.42254],[25.780528,-11.409845],[25.777843,-11.39894],[25.771576,-11.394382],[25.764415,-11.391453],[25.758881,-11.385919],[25.756277,-11.376479],[25.755789,-11.358901],[25.753347,-11.351251],[25.745209,-11.351251],[25.742931,-11.360284],[25.739838,-11.36476],[25.734386,-11.364272],[25.724701,-11.358738],[25.732188,-11.351251],[25.698253,-11.33294],[25.685476,-11.320652],[25.677013,-11.303399],[25.662201,-11.309584],[25.657237,-11.302423],[25.656179,-11.289972],[25.653087,-11.28045],[25.646088,-11.277032],[25.638438,-11.274916],[25.630382,-11.269708],[25.622325,-11.25628],[25.620046,-11.260919],[25.614757,-11.267511],[25.608002,-11.271905],[25.601166,-11.269952],[25.59669,-11.26157],[25.597179,-11.252618],[25.599701,-11.243015],[25.606456,-11.19378],[25.605398,-11.177179],[25.595144,-11.167494],[25.593761,-11.171401],[25.588878,-11.181166],[25.577729,-11.166436],[25.574636,-11.160089],[25.567149,-11.160089],[25.564708,-11.166192],[25.561941,-11.168878],[25.55836,-11.170587],[25.553315,-11.173761],[25.544688,-11.144545],[25.553315,-11.060724],[25.559093,-11.039727],[25.57366,-11.02337],[25.593354,-11.011244],[25.614838,-11.003106],[25.621511,-11.002781],[25.637462,-11.004408],[25.643484,-11.003106],[25.648448,-10.997898],[25.653412,-10.985854],[25.656505,-10.981866],[25.676524,-10.968927],[25.688406,-10.963556],[25.700857,-10.96144],[25.721202,-10.951511],[25.724701,-10.927423],[25.724213,-10.897963],[25.732188,-10.872003],[25.72698,-10.859714],[25.731863,-10.854018],[25.740001,-10.8506],[25.745209,-10.84474],[25.745372,-10.832533],[25.734874,-10.779718],[25.735281,-10.770033],[25.742117,-10.758722],[25.759207,-10.744561],[25.764415,-10.736668],[25.766368,-10.721856],[25.73463,-10.669936],[25.735606,-10.660333],[25.739838,-10.65724],[25.734304,-10.650242],[25.724213,-10.64308],[25.714854,-10.639988],[25.677013,-10.618829],[25.681082,-10.617852],[25.6845,-10.617527],[25.687511,-10.616062],[25.690684,-10.611993],[25.680919,-10.60711],[25.677013,-10.605808],[25.690684,-10.564304],[25.6845,-10.554213],[25.677745,-10.551446],[25.668956,-10.549819],[25.656505,-10.543634],[25.650808,-10.535333],[25.640147,-10.508966],[25.635997,-10.50213],[25.625255,-10.500177],[25.599864,-10.503757],[25.588878,-10.50213],[25.582774,-10.495782],[25.578298,-10.476576],[25.574636,-10.46795],[25.566335,-10.457208],[25.565033,-10.457696],[25.563243,-10.46502],[25.553315,-10.474786],[25.542491,-10.479506],[25.533214,-10.480483],[25.523855,-10.480401],[25.512462,-10.481622],[25.500092,-10.485691],[25.489675,-10.490737],[25.478526,-10.494806],[25.464773,-10.495945],[25.421886,-10.469903],[25.401296,-10.450698],[25.402599,-10.426446],[25.412527,-10.420912],[25.426199,-10.419854],[25.438406,-10.41603],[25.443451,-10.403171],[25.44101,-10.388116],[25.434825,-10.377862],[25.425873,-10.370619],[25.41627,-10.364923],[25.421886,-10.35353],[25.419932,-10.344659],[25.416108,-10.335789],[25.41627,-10.323907],[25.421886,-10.312677],[25.429861,-10.305515],[25.438569,-10.299737],[25.446707,-10.293308],[25.453868,-10.27573],[25.450125,-10.25685],[25.44044,-10.239923],[25.430593,-10.227879],[25.42392,-10.224054],[25.407725,-10.219252],[25.402599,-10.214044],[25.400971,-10.202651],[25.403738,-10.191583],[25.411713,-10.168878],[25.415701,-10.160821],[25.417491,-10.152195],[25.397553,-10.114679],[25.395112,-10.111749],[25.399425,-10.09116],[25.418549,-10.049249],[25.428315,-10.007989],[25.44101,-9.993015],[25.513682,-9.929213],[25.519216,-9.916192],[25.526134,-9.909356],[25.557709,-9.886244],[25.567149,-9.871515],[25.567149,-9.864679],[25.543224,-9.797214],[25.540457,-9.778985],[25.545177,-9.744317],[25.546641,-9.741143],[25.54127,-9.729506],[25.525157,-9.714695],[25.519216,-9.706964],[25.53769,-9.695489],[25.529063,-9.672296],[25.506847,-9.647393],[25.485281,-9.63128],[25.485281,-9.625014],[25.501069,-9.629571],[25.519216,-9.63128],[25.519216,-9.625014],[25.503673,-9.607599],[25.494721,-9.584161],[25.491222,-9.55519],[25.492686,-9.504815],[25.501964,-9.455011],[25.519216,-9.399265],[25.528412,-9.403497],[25.529796,-9.398451],[25.526134,-9.385593],[25.532319,-9.351414],[25.53419,-9.350925],[25.538666,-9.347507],[25.543549,-9.342625],[25.546641,-9.337742],[25.545421,-9.33172],[25.539806,-9.328953],[25.53419,-9.327081],[25.532319,-9.323419],[25.537364,-9.316095],[25.55071,-9.307957],[25.553315,-9.299493],[25.548757,-9.289727],[25.532725,-9.279474],[25.536388,-9.271905],[25.570811,-9.237726],[25.57366,-9.230971],[25.58074,-9.203627],[25.584483,-9.202569],[25.608653,-9.227879],[25.61378,-9.228367],[25.62322,-9.22088],[25.629161,-9.220392],[25.633718,-9.223321],[25.638113,-9.230808],[25.670665,-9.247735],[25.673269,-9.254897],[25.674246,-9.27337],[25.677013,-9.282566],[25.690929,-9.297214],[25.700206,-9.303237],[25.704356,-9.299493],[25.708425,-9.298272],[25.725841,-9.280206],[25.728526,-9.27573],[25.751394,-9.264174],[25.762625,-9.262058],[25.774425,-9.252455],[25.799897,-9.207696],[25.814138,-9.193048],[25.825125,-9.200372],[25.83961,-9.199884],[25.868744,-9.193048],[25.885753,-9.19256],[25.899669,-9.194757],[25.930186,-9.207452],[25.932384,-9.18377],[25.938243,-9.168959],[25.9581,-9.138523],[25.953298,-9.135431],[25.948822,-9.129246],[25.943858,-9.1242],[25.963959,-9.111017],[25.98878,-9.090671],[26.004812,-9.068292],[25.998464,-9.049168],[26.0206,-9.028741],[26.029307,-9.007501],[26.034679,-8.983412],[26.046886,-8.954115],[26.052419,-8.948175],[26.063406,-8.945245],[26.067393,-8.940444],[26.072032,-8.924819],[26.074229,-8.908868],[26.069265,-8.901544],[26.04005,-8.878432],[26.02589,-8.851983],[26.014415,-8.821791],[26.008881,-8.790704],[26.012218,-8.761733],[26.0171,-8.747491],[26.023448,-8.736505],[26.033702,-8.729425],[26.050304,-8.726983],[26.06129,-8.723484],[26.074718,-8.714369],[26.087006,-8.703139],[26.094656,-8.692234],[26.113536,-8.698419],[26.131358,-8.687839],[26.156749,-8.658705],[26.163503,-8.65545],[26.182872,-8.649754],[26.190929,-8.645033],[26.193858,-8.63657],[26.194428,-8.625177],[26.19752,-8.615167],[26.207937,-8.610854],[26.230561,-8.609714],[26.240977,-8.606459],[26.256847,-8.595066],[26.291596,-8.578546],[26.294526,-8.568211],[26.293956,-8.545424],[26.296886,-8.540541],[26.314382,-8.521498],[26.299571,-8.505385],[26.258311,-8.48683],[26.246186,-8.473647],[26.252452,-8.454115],[26.259695,-8.438816],[26.270112,-8.425714],[26.28655,-8.412937],[26.298106,-8.410089],[26.310313,-8.392511],[26.322765,-8.378351],[26.33546,-8.384942],[26.347911,-8.36419],[26.343191,-8.334161],[26.335378,-8.307306],[26.338634,-8.295587],[26.353608,-8.293145],[26.376882,-8.28045],[26.390147,-8.275079],[26.430675,-8.2763],[26.441335,-8.271987]]]}},{"type":"Feature","properties":{"dissolve":"38River","scalerank":2.0,"featurecla":"River","name":"Donau","name_alt":"Danube","rivernum":38,"note":null,"min_zoom":2.1,"name_en":"Danube","min_label":3.1},"bbox":[8.17921,47.91706,17.206472,49.027533],"geometry":{"type":"MultiLineString","coordinates":[[[12.5088,48.927598],[12.506602,48.93126]],[[12.5088,48.927598],[12.506602,48.923855]],[[8.17921,48.093533],[8.195079,48.076036],[8.212087,48.056708],[8.230642,48.04739],[8.275564,48.04975],[8.291515,48.04682],[8.305919,48.038113],[8.313975,48.027289],[8.320486,48.015163],[8.329356,48.002387],[8.336111,47.998969],[8.345388,47.998114],[8.36378,47.998969],[8.372,47.997423],[8.37672,47.993598],[8.381033,47.989081],[8.387706,47.985378],[8.419363,47.97956],[8.435476,47.973171],[8.442312,47.961493],[8.44573,47.944892],[8.455333,47.93419],[8.47047,47.92947],[8.490001,47.930732],[8.508311,47.938788],[8.519705,47.947781],[8.530935,47.949083],[8.548757,47.934434],[8.562755,47.92654],[8.597179,47.923692],[8.614268,47.91706],[8.639089,47.927354],[8.764415,47.938178],[8.764089,47.957831],[8.781749,47.971544],[8.844737,48.00198],[8.894786,48.040595],[8.918956,48.035468],[8.927013,48.029975],[8.914561,48.020087],[8.914561,48.012641],[8.942312,48.0185],[8.956798,48.023261],[8.963145,48.030056],[8.961599,48.036811],[8.959239,48.039903],[8.959972,48.043158],[8.967214,48.050482],[8.974376,48.053046],[8.993337,48.054714],[8.997244,48.057644],[9.013682,48.077989],[9.050059,48.090888],[9.087657,48.093126],[9.107107,48.08157],[9.114513,48.08157],[9.123709,48.087714],[9.138601,48.086982],[9.172618,48.08157],[9.180919,48.082709],[9.202647,48.088975],[9.210867,48.088202],[9.214529,48.086249],[9.217296,48.083808],[9.223155,48.08157],[9.34669,48.067328],[9.377126,48.073065],[9.402599,48.087348],[9.462657,48.141954],[9.511892,48.205105],[9.518565,48.211859],[9.524587,48.223456],[9.530447,48.232123],[9.538992,48.239081],[9.552745,48.245429],[9.568126,48.248481],[9.58489,48.248481],[9.607921,48.245429],[9.631277,48.239285],[9.640147,48.238552],[9.670339,48.239936],[9.683767,48.238796],[9.696707,48.239569],[9.710378,48.245429],[9.743663,48.272773],[9.75823,48.280788],[9.772878,48.284613],[9.819591,48.287055],[9.833995,48.291938],[9.855154,48.307318],[9.867442,48.314276],[9.909597,48.326687],[9.915782,48.327948],[9.943126,48.346503],[10.036388,48.433295],[10.046153,48.437812],[10.068044,48.442939],[10.175792,48.451483],[10.196544,48.456],[10.234386,48.469753],[10.313975,48.480292],[10.370128,48.498155],[10.387462,48.508734],[10.394949,48.52322],[10.399669,48.546454],[10.412039,48.561469],[10.429617,48.57038],[10.570811,48.600857],[10.608572,48.615912],[10.656179,48.645819],[10.694835,48.654731],[10.709239,48.665961],[10.721934,48.679511],[10.73821,48.691107],[10.805593,48.715766],[10.884044,48.7331],[11.3803,48.747423],[11.395763,48.750434],[11.403575,48.753119],[11.430919,48.771674],[11.440603,48.774237],[11.519054,48.767401],[11.605398,48.773749],[11.648204,48.782009],[11.683604,48.794135],[11.749441,48.834662],[11.758067,48.841498],[11.766124,48.849392],[11.774181,48.86164],[11.785167,48.886827],[11.793468,48.896552],[11.798757,48.896796],[11.813731,48.890692],[11.820567,48.891628],[11.834972,48.903998],[11.858816,48.914984],[11.881277,48.917751],[11.958751,48.916612],[11.965343,48.91767],[11.970225,48.921413],[11.97877,48.933458],[11.985281,48.937445],[11.999766,48.937934],[12.01116,48.934516],[12.021251,48.934394],[12.03297,48.944892],[12.01588,48.953315],[12.00172,48.955878],[11.99822,48.959825],[12.031912,48.985907],[12.039561,48.993964],[12.038829,49.00495],[12.03297,49.027533],[12.115896,49.026475],[12.157156,49.020453],[12.190603,49.006415],[12.220225,49.019314],[12.265066,49.021796],[12.312266,49.01496],[12.348888,49.00019],[12.343923,48.992377],[12.332774,48.980333],[12.328543,48.972235],[12.413259,48.970811],[12.444753,48.964667],[12.458507,48.966091],[12.465017,48.965399],[12.470958,48.961737],[12.472585,48.957221],[12.474783,48.953396],[12.482432,48.951768],[12.502859,48.951768],[12.506602,48.950507],[12.511648,48.947821],[12.518321,48.94538],[12.527029,48.944892],[12.527029,48.937445],[12.517589,48.937934],[12.51295,48.934841],[12.5088,48.927598]],[[17.206472,48.061103],[17.180186,48.069851],[17.157888,48.08572],[17.146169,48.107978],[17.151866,48.136176],[17.132742,48.144802],[17.056326,48.143622],[17.031993,48.152615],[17.010265,48.166531],[16.987559,48.177354],[16.960704,48.177191],[16.950694,48.160712],[16.947032,48.156684],[16.941824,48.155585],[16.922862,48.156684],[16.914073,48.155341],[16.864675,48.136908],[16.749685,48.128974],[16.586436,48.143256],[16.549571,48.155056],[16.487071,48.184638],[16.418712,48.227322],[16.393321,48.250759],[16.371593,48.280788],[16.352061,48.329617],[16.321056,48.374864],[16.31072,48.381659],[16.297374,48.385037],[16.28297,48.386013],[16.254893,48.383734],[16.243175,48.380968],[16.22047,48.372504],[16.208914,48.369818],[16.094168,48.35932],[15.94573,48.363389],[15.911794,48.372382],[15.876882,48.395046],[15.856375,48.404364],[15.833995,48.408759],[15.811209,48.409003],[15.763113,48.402899],[15.751231,48.404731],[15.723806,48.415229],[15.710134,48.417792],[15.673839,48.419867],[15.639578,48.425645],[15.608409,48.427191],[15.524669,48.414008],[15.519542,48.41531],[15.512625,48.42182],[15.508718,48.424384],[15.489431,48.423407],[15.467052,48.413153],[15.42921,48.388048],[15.41212,48.366238],[15.397878,48.306708],[15.384044,48.280788],[15.356456,48.25849],[15.323741,48.244005],[15.240733,48.225531],[15.15504,48.218085],[15.133718,48.211982],[15.104259,48.186794],[15.087657,48.183132],[15.078868,48.186103],[15.060557,48.196234],[15.051199,48.200019],[15.027761,48.204169],[15.003917,48.205105],[14.987804,48.209093],[14.952647,48.236925],[14.94044,48.241889],[14.929373,48.243842],[14.879893,48.242214],[14.861827,48.236884],[14.846934,48.227362],[14.832286,48.21308],[14.818533,48.205512],[14.675304,48.182318],[14.65447,48.18655],[14.63738,48.196967],[14.610118,48.223334],[14.597097,48.2331],[14.582042,48.240058],[14.564871,48.244086],[14.459239,48.245429],[14.4428,48.248887],[14.395925,48.266303],[14.37322,48.281521],[14.342703,48.293809],[14.333995,48.302558],[14.319265,48.320909],[14.307791,48.327948],[14.278005,48.311469],[14.240489,48.315985],[14.168224,48.335395],[14.152029,48.332953],[14.11671,48.322943],[14.09669,48.321723],[14.062429,48.324774],[14.049083,48.32921],[14.037527,48.338487],[14.027843,48.355658],[14.018565,48.395697],[14.010997,48.412869],[13.999929,48.421739],[13.986746,48.42414],[13.958507,48.423448],[13.941335,48.427354],[13.894542,48.45185],[13.871593,48.458767],[13.823985,48.461249],[13.801199,48.467882],[13.746104,48.50906],[13.726248,48.519802],[13.672862,48.535712],[13.657644,48.551337],[13.641124,48.559353],[13.62379,48.565619],[13.520193,48.584825],[13.486583,48.581855],[13.424571,48.581855],[13.413259,48.585761],[13.388845,48.598904],[13.379893,48.601671],[13.318126,48.609158],[13.259532,48.609158],[13.235037,48.617987],[13.190684,48.644477],[13.167247,48.650092],[13.115489,48.674343],[13.111501,48.684149],[13.09075,48.695258],[13.08196,48.704698],[13.086192,48.706366],[13.095632,48.712185],[13.083263,48.719184],[13.060069,48.728461],[13.037527,48.732123],[13.027354,48.722439],[13.021414,48.718288],[13.010671,48.724921],[13.005382,48.734565],[13.016856,48.739529],[13.029959,48.742987],[13.032888,48.751247],[13.030284,48.760565],[13.027354,48.767401],[13.016775,48.782538],[12.972585,48.826483],[12.955007,48.83572],[12.917003,48.842312],[12.911306,48.845649],[12.874685,48.844672],[12.862234,48.849392],[12.833018,48.831081],[12.8213,48.828233],[12.80714,48.828559],[12.783214,48.834296],[12.770193,48.83572],[12.764171,48.840522],[12.758474,48.851833],[12.75408,48.864325],[12.752371,48.873236],[12.74822,48.87991],[12.677908,48.904731],[12.654307,48.909125],[12.625743,48.910834],[12.616954,48.909044],[12.592947,48.899115],[12.584727,48.893419],[12.575369,48.890163],[12.553966,48.901638],[12.540782,48.903998],[12.540782,48.910834],[12.553722,48.91767],[12.539724,48.920844],[12.52532,48.918891],[12.513438,48.919745],[12.5088,48.927598]]]}},{"type":"Feature","properties":{"dissolve":"40River","scalerank":2.0,"featurecla":"River","name":"Lancang","name_alt":"Mekong","rivernum":40,"note":null,"min_zoom":2.1,"name_en":"Mekong","min_label":3.1},"bbox":[96.941335,17.81391,102.246511,31.965522],"geometry":{"type":"MultiLineString","coordinates":[[[96.941335,31.965522],[96.959483,31.952094],[96.974701,31.932481],[96.989757,31.922553],[96.994884,31.913682],[96.992117,31.870673],[96.992931,31.854926],[96.999115,31.845974],[97.01588,31.834174],[97.020763,31.826972],[97.014578,31.799994],[97.013276,31.78913],[97.017589,31.767117],[97.028738,31.752387],[97.061697,31.723944],[97.072195,31.710761],[97.08074,31.694607],[97.086843,31.675157],[97.089122,31.611274],[97.093191,31.600653],[97.102794,31.59752],[97.114024,31.596991],[97.123139,31.594265],[97.128022,31.58751],[97.135753,31.568874],[97.143647,31.559434],[97.167979,31.548855],[97.180105,31.540961],[97.188487,31.522325],[97.202647,31.504218],[97.20574,31.494574],[97.203868,31.482733],[97.194591,31.462592],[97.191498,31.449571],[97.208018,31.392401],[97.216075,31.378241],[97.219005,31.371283],[97.220714,31.35989],[97.220714,31.348009],[97.219493,31.339708],[97.211843,31.328396],[97.203868,31.325466],[97.195242,31.324774],[97.185313,31.320502],[97.161062,31.289171],[97.157237,31.281684],[97.159597,31.270128],[97.169444,31.2508],[97.174327,31.230577],[97.180675,31.221218],[97.195242,31.206895],[97.200206,31.196397],[97.198334,31.185492],[97.193858,31.174994],[97.191498,31.165961],[97.192149,31.129665],[97.198171,31.085232],[97.215424,31.047675],[97.250092,31.031846],[97.269216,31.028103],[97.289073,31.018988],[97.321788,30.997097],[97.36142,30.952948],[97.376964,30.943142],[97.372,30.933173],[97.370209,30.902167],[97.357595,30.870714],[97.355968,30.857123],[97.357432,30.794298],[97.362804,30.771796],[97.37851,30.731879],[97.399099,30.701483],[97.427338,30.677191],[97.482188,30.645372],[97.524099,30.603868],[97.554617,30.583116],[97.557628,30.581814],[97.629405,30.452419],[97.66448,30.405829],[97.670665,30.400092],[97.678722,30.395046],[97.713471,30.388943],[97.723074,30.384141],[97.781749,30.332343],[97.810069,30.299913],[97.827891,30.284288],[97.846202,30.277696],[97.852306,30.27558],[97.862885,30.269965],[97.872976,30.262397],[97.877371,30.254177],[97.879487,30.239529],[97.885265,30.234931],[97.893972,30.233832],[97.904063,30.229926],[97.936941,30.205512],[97.947765,30.18891],[97.951752,30.165107],[97.965831,30.155829],[97.975515,30.14765],[97.979747,30.137478],[97.981375,30.131537],[97.985362,30.128363],[97.990896,30.127143],[97.996755,30.126899],[98.001557,30.123969],[97.999766,30.117377],[97.993337,30.107042],[98.004975,30.063096],[98.015717,30.041327],[98.030935,30.031928],[98.042979,30.021267],[98.051768,29.997178],[98.061615,29.956163],[98.073822,29.940863],[98.089936,29.924831],[98.104096,29.906195],[98.110037,29.883612],[98.113292,29.875434],[98.134288,29.849718],[98.138601,29.840684],[98.140391,29.819892],[98.144216,29.812201],[98.161713,29.807074],[98.210053,29.804267],[98.2199,29.794786],[98.225108,29.781806],[98.260834,29.723456],[98.339285,29.638861],[98.348155,29.623358],[98.34962,29.599921],[98.343435,29.572699],[98.343435,29.565782],[98.346202,29.554551],[98.36142,29.51378],[98.397472,29.453884],[98.404226,29.445095],[98.409597,29.435614],[98.411632,29.424872],[98.416026,29.417182],[98.434662,29.408311],[98.439057,29.397284],[98.436941,29.386664],[98.433197,29.375515],[98.431407,29.365017],[98.435313,29.356309],[98.443614,29.351996],[98.473155,29.342637],[98.479015,29.327094],[98.492686,29.31037],[98.53769,29.269232],[98.547944,29.256619],[98.568858,29.223212],[98.614024,29.167914],[98.631602,29.159532],[98.628347,29.140163],[98.610362,29.103095],[98.604991,29.08336],[98.584076,29.045193],[98.583018,29.023953],[98.592784,29.008409],[98.607514,28.996283],[98.620535,28.982774],[98.624034,28.963162],[98.634288,28.944159],[98.638113,28.930487],[98.638438,28.878607],[98.641531,28.870917],[98.654307,28.855048],[98.654796,28.850165],[98.652761,28.844916],[98.651378,28.835883],[98.652843,28.825507],[98.656505,28.818956],[98.660818,28.813178],[98.66505,28.804796],[98.677826,28.756944],[98.680186,28.724392],[98.685476,28.708604],[98.702729,28.670925],[98.774913,28.572089],[98.780935,28.555854],[98.790538,28.514594],[98.799083,28.499783],[98.812266,28.483954],[98.834483,28.441759],[98.850597,28.401475],[98.862397,28.357042],[98.864268,28.335557],[98.860932,28.319851],[98.846446,28.285753],[98.843028,28.270453],[98.8449,28.250312],[98.850108,28.225043],[98.857921,28.200954],[98.884776,28.150662],[98.90683,28.128852],[98.912608,28.119574],[98.914561,28.096259],[98.901947,28.053982],[98.898448,28.033962],[98.901134,28.011013],[98.908621,27.993516],[98.932546,27.96129],[99.018972,27.883816],[99.034923,27.852078],[99.036388,27.84044],[99.034923,27.817939],[99.037364,27.812079],[99.042003,27.808132],[99.048595,27.804958],[99.048269,27.797471],[99.043061,27.786404],[99.04184,27.780382],[99.044688,27.772162],[99.050792,27.765408],[99.054861,27.759385],[99.047293,27.743476],[99.05071,27.719306],[99.048595,27.708075],[99.038585,27.698106],[99.027192,27.694119],[99.016205,27.691962],[99.007498,27.687567],[99.003673,27.681098],[98.99879,27.669501],[98.997569,27.658393],[99.004242,27.653428],[99.008067,27.648708],[99.011322,27.637559],[99.014415,27.615587],[99.017589,27.60578],[99.031749,27.596503],[99.034923,27.585232],[99.030935,27.571641],[99.022472,27.56623],[99.013194,27.563503],[99.007498,27.557888],[99.009532,27.548285],[99.028087,27.516303],[99.031993,27.504747],[99.037608,27.480048],[99.04184,27.468533],[99.065929,27.437201],[99.069591,27.423774],[99.072846,27.416775],[99.087006,27.401801],[99.090261,27.396796],[99.090587,27.370551],[99.093354,27.358344],[99.100108,27.348415],[99.10849,27.330349],[99.110281,27.302843],[99.10255,27.276882],[99.082612,27.263007],[99.088959,27.24254],[99.098237,27.22488],[99.112641,27.21247],[99.134288,27.207831],[99.146658,27.197699],[99.17213,27.132676],[99.165457,27.11754],[99.16505,27.102322],[99.166433,27.086697],[99.165294,27.070624],[99.16269,27.064765],[99.154796,27.052802],[99.151541,27.043972],[99.149994,27.026801],[99.150401,27.017198],[99.151541,27.009792],[99.177013,26.952745],[99.18629,26.92239],[99.185639,26.886298],[99.183197,26.878038],[99.170095,26.848456],[99.163829,26.839626],[99.161794,26.837917],[99.157319,26.836005],[99.15919,26.831855],[99.165294,26.824815],[99.140554,26.771674],[99.13795,26.755927],[99.141205,26.748114],[99.154063,26.736599],[99.158376,26.728624],[99.159597,26.719265],[99.130463,26.625596],[99.136648,26.607123],[99.126231,26.587104],[99.111339,26.566718],[99.103933,26.547065],[99.110037,26.526475],[99.138438,26.501899],[99.144786,26.482204],[99.142345,26.474636],[99.132416,26.457587],[99.130463,26.447455],[99.142507,26.421413],[99.144786,26.409939],[99.141043,26.400255],[99.133718,26.392035],[99.129405,26.384141],[99.140391,26.36579],[99.143647,26.352607],[99.144949,26.339789],[99.144786,26.331366],[99.14267,26.324571],[99.134044,26.307074],[99.130463,26.296658],[99.13795,26.186794],[99.130626,26.07335],[99.13795,26.029731],[99.148855,26.005642],[99.151541,25.994981],[99.152761,25.908311],[99.156668,25.886542],[99.165294,25.865831],[99.167898,25.864081],[99.171397,25.863471],[99.175548,25.86225],[99.178803,25.858425],[99.183604,25.842475],[99.1963,25.816596],[99.202403,25.807156],[99.209972,25.803168],[99.217459,25.794501],[99.254649,25.734931],[99.267182,25.692247],[99.274425,25.649604],[99.281261,25.629706],[99.297374,25.616889],[99.336518,25.597724],[99.343272,25.591864],[99.350108,25.584093],[99.355235,25.57628],[99.357595,25.570421],[99.356456,25.558173],[99.351573,25.550645],[99.346446,25.545356],[99.344005,25.53974],[99.33782,25.515815],[99.336518,25.505235],[99.33839,25.499945],[99.347179,25.483466],[99.35019,25.47488],[99.35255,25.456366],[99.351329,25.43891],[99.344493,25.425564],[99.329845,25.419623],[99.313406,25.42475],[99.302745,25.433661],[99.297293,25.432969],[99.294526,25.399848],[99.289968,25.38935],[99.288666,25.3817],[99.292003,25.373562],[99.306651,25.359565],[99.309825,25.354763],[99.313731,25.338446],[99.323741,25.323065],[99.367442,25.27851],[99.413503,25.212185],[99.435557,25.199286],[99.472748,25.16531],[99.480561,25.155829],[99.48878,25.139472],[99.508311,25.133368],[99.530935,25.134101],[99.548839,25.138454],[99.558523,25.129096],[99.579112,25.117784],[99.60255,25.108262],[99.620942,25.104315],[99.635346,25.098904],[99.648367,25.085395],[99.730724,24.977647],[99.74114,24.956977],[99.745209,24.914089],[99.754893,24.892035],[99.765636,24.884345],[99.8095,24.862413],[99.826915,24.857856],[99.83546,24.849799],[99.864757,24.795762],[99.892589,24.77143],[99.926524,24.755805],[99.965587,24.746527],[100.076671,24.733425],[100.101003,24.719062],[100.116222,24.670966],[100.128998,24.67475],[100.142996,24.688666],[100.156749,24.707221],[100.163178,24.718126],[100.168956,24.723822],[100.17628,24.72838],[100.189708,24.732774],[100.210216,24.745917],[100.22934,24.751166],[100.281505,24.757392],[100.306244,24.76793],[100.323416,24.76911],[100.372081,24.750922],[100.381847,24.74494],[100.392507,24.735785],[100.417084,24.719265],[100.426524,24.707058],[100.423595,24.703192],[100.418956,24.693427],[100.433523,24.690741],[100.437104,24.681464],[100.433197,24.655544],[100.439708,24.646593],[100.467865,24.626899],[100.474294,24.614285],[100.47877,24.607937],[100.500662,24.587592],[100.508393,24.576117],[100.511241,24.561591],[100.510753,24.53559],[100.515229,24.522732],[100.524343,24.516547],[100.535818,24.514675],[100.545828,24.510606],[100.55714,24.476182],[100.557058,24.465277],[100.546641,24.460639],[100.527354,24.448432],[100.516775,24.420111],[100.515229,24.388007],[100.522716,24.364447],[100.517833,24.350409],[100.516531,24.27143],[100.528819,24.206732],[100.530935,24.162706],[100.519542,24.122585],[100.493907,24.091986],[100.453868,24.076443],[100.412852,24.076443],[100.403087,24.073269],[100.381847,24.062771],[100.381847,24.051703],[100.392345,23.980251],[100.406668,23.935614],[100.407481,23.915961],[100.395518,23.894843],[100.379487,23.882758],[100.339692,23.85989],[100.323416,23.843695],[100.28948,23.764838],[100.271983,23.754259],[100.255382,23.740668],[100.199962,23.668647],[100.197195,23.660671],[100.179454,23.631415],[100.138601,23.47309],[100.134044,23.467353],[100.120209,23.454169],[100.117442,23.449246],[100.104421,23.411689],[100.074311,23.360867],[100.070242,23.346788],[100.072276,23.329698],[100.081391,23.293321],[100.083263,23.27143],[100.077403,23.25377],[100.050548,23.22724],[100.042979,23.212429],[100.095876,23.17121],[100.114024,23.165229],[100.120046,23.155097],[100.142996,23.071316],[100.146658,23.065212],[100.161388,23.060736],[100.181895,23.04975],[100.18629,23.044867],[100.192963,23.030707],[100.208588,23.013739],[100.226736,23.002997],[100.240896,23.007636],[100.248464,23.007636],[100.257091,22.970771],[100.261974,22.959174],[100.269054,22.949652],[100.274343,22.948269],[100.296153,22.959174],[100.29184,22.915554],[100.300873,22.878852],[100.354991,22.790961],[100.361827,22.776801],[100.365489,22.746161],[100.370128,22.72663],[100.371186,22.716498],[100.362804,22.68244],[100.364513,22.67182],[100.368337,22.670437],[100.392345,22.657538],[100.402273,22.649766],[100.437755,22.612006],[100.512706,22.551703],[100.533295,22.53974],[100.553396,22.534613],[100.567882,22.526923],[100.572683,22.50906],[100.570567,22.473212],[100.574962,22.450954],[100.574718,22.437567],[100.566824,22.431586],[100.564057,22.425401],[100.573171,22.411933],[100.585053,22.398871],[100.590912,22.393744],[100.595144,22.386542],[100.625092,22.363349],[100.646658,22.326606],[100.659272,22.314887],[100.639659,22.309394],[100.631358,22.306098],[100.625092,22.301866],[100.61378,22.288398],[100.609304,22.27851],[100.615245,22.273953],[100.637625,22.262478],[100.660818,22.259101],[100.671153,22.255927],[100.679454,22.251532],[100.699474,22.237087],[100.702566,22.231391],[100.709972,22.209052],[100.713878,22.174913],[100.717052,22.168647],[100.731212,22.151435],[100.734386,22.140489],[100.731212,22.132758],[100.724294,22.125108],[100.71933,22.117377],[100.720714,22.109483],[100.730968,22.10871],[100.757253,22.098904],[100.777924,22.087592],[100.762625,22.071723],[100.771414,22.048774],[100.795909,22.013861],[100.803966,22.010362],[100.820811,22.009304],[100.830577,22.007025],[100.855724,21.989529],[100.867279,21.983466],[100.870372,21.975653],[100.871511,21.955512],[100.874522,21.943793],[100.881765,21.937445],[100.89088,21.932644],[100.899506,21.925116],[100.905935,21.913601],[100.910085,21.900824],[100.912527,21.873318],[100.917898,21.860948],[100.929861,21.853583],[100.941905,21.849229],[100.947276,21.846259],[101.029796,21.849392],[101.067393,21.828925],[101.070811,21.822537],[101.06837,21.808417],[101.068858,21.794379],[101.081065,21.78795],[101.108002,21.791449],[101.173839,21.815253],[101.181244,21.796942],[101.163097,21.784044],[101.118663,21.766872],[101.118663,21.760037],[101.124522,21.744412],[101.127371,21.695339],[101.135916,21.684923],[101.148855,21.676947],[101.161143,21.658555],[101.168468,21.638007],[101.166433,21.623481],[101.173595,21.612128],[101.167247,21.600409],[101.157481,21.586453],[101.153901,21.568223],[101.158702,21.552843],[101.160818,21.534857],[101.15683,21.519884],[101.142833,21.513617],[101.003184,21.406195],[100.909679,21.360297],[100.895763,21.355984],[100.862071,21.323513],[100.851085,21.315009],[100.814138,21.300401],[100.791596,21.297553],[100.772227,21.30447],[100.764659,21.309394],[100.756358,21.312608],[100.747488,21.31448],[100.738048,21.315009],[100.725108,21.311876],[100.72169,21.3039],[100.722179,21.292914],[100.720714,21.280829],[100.689138,21.159532],[100.637218,21.069892],[100.625092,21.054267],[100.606456,21.044135],[100.561534,21.035264],[100.543061,21.027615],[100.555593,21.000067],[100.556895,20.992255],[100.551687,20.985541],[100.53297,20.97366],[100.528819,20.968614],[100.526785,20.94713],[100.517345,20.906521],[100.515229,20.886746],[100.533946,20.874091],[100.622569,20.888739],[100.651785,20.883002],[100.651785,20.876776],[100.626231,20.853705],[100.598562,20.833686],[100.568614,20.817979],[100.536388,20.807888],[100.513113,20.807237],[100.47047,20.818468],[100.383393,20.831895],[100.364513,20.828396],[100.350841,20.815497],[100.341726,20.799669],[100.329275,20.7862],[100.289806,20.775214],[100.274343,20.762234],[100.248464,20.732204],[100.221446,20.709784],[100.210948,20.697577],[100.206716,20.680976],[100.202078,20.668077],[100.179698,20.638373],[100.172537,20.622341],[100.172537,20.609239],[100.15976,20.582872],[100.148855,20.548285],[100.136322,20.459418],[100.127045,20.428046],[100.124929,20.406602],[100.120697,20.388983],[100.11085,20.375067],[100.099294,20.362413],[100.09669,20.348578],[100.097179,20.33515],[100.098888,20.317979],[100.096934,20.283393],[100.10255,20.26378],[100.116222,20.248236],[100.134288,20.239285],[100.152192,20.239325],[100.16741,20.253852],[100.166921,20.292792],[100.175955,20.300808],[100.17921,20.30268],[100.201427,20.310492],[100.206716,20.311347],[100.208914,20.313178],[100.22047,20.349189],[100.240001,20.372992],[100.27003,20.392035],[100.306082,20.399848],[100.344005,20.390163],[100.363862,20.369167],[100.421397,20.250312],[100.447032,20.218207],[100.451752,20.210476],[100.45696,20.196601],[100.460704,20.190945],[100.468354,20.185899],[100.485281,20.178982],[100.488455,20.173529],[100.496023,20.165107],[100.512462,20.155463],[100.528819,20.14997],[100.536388,20.153673],[100.54184,20.166938],[100.554698,20.170356],[100.570404,20.167996],[100.584239,20.163601],[100.594493,20.128363],[100.584239,20.012763],[100.593028,19.819403],[100.601573,19.802843],[100.621674,19.810411],[100.631928,19.815945],[100.641775,19.816474],[100.655528,19.813544],[100.668875,19.81505],[100.678233,19.818793],[100.748546,19.858018],[100.779552,19.884874],[100.792084,19.891059],[100.805919,19.892035],[100.927989,19.873318],[100.974539,19.859565],[101.009369,19.834052],[101.013113,19.841132],[101.019542,19.850165],[101.02239,19.85574],[101.029796,19.85574],[101.043224,19.840888],[101.059581,19.845893],[101.084402,19.86876],[101.109386,19.885688],[101.118663,19.889268],[101.131358,19.888739],[101.142019,19.883857],[101.150401,19.878241],[101.169526,19.869005],[101.23463,19.827826],[101.257904,19.821357],[101.5595,19.823513],[101.596934,19.831366],[101.618907,19.85574],[101.606863,19.863145],[101.619395,19.874457],[101.641124,19.884792],[101.656342,19.889268],[101.666515,19.895087],[101.695811,19.922309],[101.707612,19.930854],[101.748057,19.941189],[101.829275,19.948065],[101.865245,19.957546],[101.898692,19.979356],[101.950206,20.034206],[101.974539,20.053738],[101.992198,20.059597],[102.04713,20.053738],[102.063569,20.058173],[102.119151,20.088487],[102.15797,20.092231],[102.190684,20.080675],[102.216807,20.057481],[102.23585,20.026435],[102.246511,19.988105],[102.240896,19.958808],[102.222341,19.935818],[102.194265,19.916571],[102.184988,19.91238],[102.16741,19.906765],[102.160167,19.902899],[102.141531,19.879259],[102.136241,19.875596],[102.127208,19.873481],[102.117686,19.864081],[102.10849,19.861925],[102.085948,19.860216],[102.045421,19.851996],[102.038829,19.848822],[102.029796,19.841498],[102.023855,19.832058],[102.011648,19.805935],[102.00587,19.800482],[101.993175,19.794379],[101.893565,19.705634],[101.885753,19.687201],[101.87672,19.679389],[101.835541,19.657986],[101.824311,19.649685],[101.814952,19.615017],[101.816742,19.481513],[101.820893,19.467149],[101.829112,19.454128],[101.841319,19.440863],[101.856944,19.43122],[101.896414,19.414374],[101.906261,19.403266],[101.899425,19.393419],[101.866222,19.360297],[101.858409,19.344916],[101.853282,19.325466],[101.830333,19.292304],[101.824311,19.27912],[101.823985,19.260199],[101.830577,19.200954],[101.828705,19.180772],[101.820323,19.147284],[101.808604,19.032579],[101.804861,19.021267],[101.803152,19.010565],[101.806895,19.002021],[101.812266,18.99433],[101.814952,18.985053],[101.816905,18.964423],[101.815929,18.94127],[101.805675,18.904161],[101.803233,18.885606],[101.808849,18.870307],[101.851003,18.826687],[101.861746,18.793402],[101.85434,18.763373],[101.824311,18.703721],[101.819591,18.682685],[101.815115,18.640815],[101.810639,18.621853],[101.779307,18.568874],[101.763764,18.549587],[101.742605,18.502265],[101.732188,18.491482],[101.729991,18.488471],[101.707612,18.471015],[101.696056,18.466742],[101.683197,18.464423],[101.670665,18.465359],[101.65976,18.471015],[101.644542,18.457628],[101.626394,18.421169],[101.615164,18.405544],[101.593028,18.390937],[101.577729,18.385077],[101.574229,18.375759],[101.573416,18.364447],[101.571056,18.354926],[101.561534,18.341335],[101.546967,18.325385],[101.529877,18.312079],[101.512462,18.306505],[101.490489,18.303046],[101.481212,18.293809],[101.476166,18.280707],[101.467377,18.26557],[101.420828,18.214708],[101.40325,18.182196],[101.399099,18.141425],[101.404307,18.127794],[101.422944,18.096381],[101.427013,18.084011],[101.433197,18.012315],[101.430919,17.982611],[101.424571,17.954657],[101.423595,17.9289],[101.444835,17.894884],[101.449474,17.884833],[101.456391,17.877387],[101.471202,17.874538],[101.495372,17.879096],[101.504242,17.875841],[101.509044,17.860867],[101.515717,17.860867],[101.523204,17.866645],[101.537364,17.873603],[101.551199,17.87519],[101.557384,17.864569],[101.554698,17.857123],[101.536794,17.826728],[101.536794,17.820502],[101.543468,17.815538],[101.550222,17.81391],[101.557058,17.815538],[101.563569,17.820502]]]}},{"type":"Feature","properties":{"dissolve":"41River","scalerank":2.0,"featurecla":"River","name":"Congo","name_alt":null,"rivernum":41,"note":null,"min_zoom":2.1,"name_en":"Congo","min_label":3.1},"bbox":[26.441335,-8.275079,27.080984,-5.610284],"geometry":{"type":"MultiLineString","coordinates":[[[26.441335,-8.271987],[26.465261,-8.261082],[26.49114,-8.263116],[26.539643,-8.275079],[26.559825,-8.271905],[26.584402,-8.262221],[26.605398,-8.248549],[26.615489,-8.233412],[26.640554,-8.246108],[26.670014,-8.229832],[26.699962,-8.20851],[26.725352,-8.206882],[26.731375,-8.193373],[26.742931,-8.187677],[26.754405,-8.18377],[26.759369,-8.175795],[26.763276,-8.163018],[26.772878,-8.16131],[26.78419,-8.160821],[26.793549,-8.151544],[26.794037,-8.137872],[26.786713,-8.126479],[26.773692,-8.114109],[26.777924,-8.10296],[26.784923,-8.09295],[26.786143,-8.082533],[26.773692,-8.069675],[26.780365,-8.066827],[26.794363,-8.058282],[26.801036,-8.055352],[26.797944,-8.051446],[26.793549,-8.041681],[26.812266,-8.037286],[26.83253,-8.009942],[26.848888,-8.015069],[26.855561,-8.000177],[26.864268,-7.98976],[26.883556,-7.973484],[26.886322,-7.97267],[26.89446,-7.973972],[26.897227,-7.973484],[26.897878,-7.97088],[26.896576,-7.962335],[26.897227,-7.959812],[26.903819,-7.95379],[26.906668,-7.949233],[26.910655,-7.946466],[26.934662,-7.944757],[26.947358,-7.942234],[26.959076,-7.937188],[26.969493,-7.929132],[26.972341,-7.91839],[26.963959,-7.908543],[26.952159,-7.899591],[26.945079,-7.891534],[26.966319,-7.884698],[26.975352,-7.865655],[26.973643,-7.845554],[26.962413,-7.836277],[26.943126,-7.833022],[26.92571,-7.824721],[26.911713,-7.813816],[26.903412,-7.802179],[26.889903,-7.765558],[26.878835,-7.752455],[26.841238,-7.744155],[26.827891,-7.735284],[26.79892,-7.695164],[26.795421,-7.688409],[26.793549,-7.678643],[26.795421,-7.665541],[26.805431,-7.644708],[26.812266,-7.613214],[26.823334,-7.597182],[26.854991,-7.56935],[26.862885,-7.538914],[26.858897,-7.49741],[26.863699,-7.460951],[26.897227,-7.445815],[26.910167,-7.450046],[26.920909,-7.456882],[26.931733,-7.458022],[26.945079,-7.445815],[26.950857,-7.430027],[26.951915,-7.367364],[26.958751,-7.348484],[27.01946,-7.264337],[27.023204,-7.257338],[27.026947,-7.247247],[27.028901,-7.235284],[27.029063,-7.22381],[27.030772,-7.212905],[27.037608,-7.202813],[27.04005,-7.19435],[27.036062,-7.183608],[27.03004,-7.172214],[27.026947,-7.161554],[27.032237,-7.155287],[27.058523,-7.149347],[27.067882,-7.144871],[27.072032,-7.138198],[27.073985,-7.130792],[27.074718,-7.11004],[27.072683,-7.105645],[27.06308,-7.093927],[27.061127,-7.089532],[27.064464,-7.084161],[27.0713,-7.083022],[27.078054,-7.082859],[27.080984,-7.079441],[27.077729,-7.063897],[27.061453,-7.033624],[27.054291,-7.0145],[27.047455,-6.980401],[27.033783,-6.94907],[27.030691,-6.943862],[27.016531,-6.933119],[27.013276,-6.928155],[27.014252,-6.915948],[27.020763,-6.883477],[27.012136,-6.836358],[26.960704,-6.773858],[26.951915,-6.727065],[26.972911,-6.555108],[26.989675,-6.485284],[26.989757,-6.473158],[26.972911,-6.397475],[26.973888,-6.386895],[26.978445,-6.364109],[26.979096,-6.35589],[26.976573,-6.346612],[26.968028,-6.331394],[26.966075,-6.325209],[26.958751,-6.313816],[26.923269,-6.286554],[26.911632,-6.267755],[26.91212,-6.250339],[26.918386,-6.227227],[26.92685,-6.207452],[26.9345,-6.198907],[26.933604,-6.188979],[26.917735,-6.130711],[26.903412,-5.96616],[26.891124,-5.909601],[26.88974,-5.887058],[26.89267,-5.864109],[26.911632,-5.801121],[26.911632,-5.760105],[26.917735,-5.715346],[26.914561,-5.658217],[26.917735,-5.63714],[26.923106,-5.623061],[26.930431,-5.610284]]]}},{"type":"Feature","properties":{"dissolve":"42River","scalerank":2.0,"featurecla":"River","name":"Yarlung","name_alt":"Brahmaputra","rivernum":42,"note":null,"min_zoom":2.1,"name_en":"Brahmaputra","min_label":3.1},"bbox":[87.660167,29.004177,94.355968,29.399034],"geometry":{"type":"MultiLineString","coordinates":[[[87.660167,29.151557],[87.67628,29.154242],[87.687511,29.166287],[87.668224,29.200222],[87.668061,29.2178],[87.683849,29.237657],[87.693126,29.244086],[87.710378,29.252305],[87.717865,29.258165],[87.726736,29.269558],[87.742117,29.302273],[87.776296,29.333767],[87.817963,29.347602],[87.906668,29.364325],[87.964285,29.395046],[87.985037,29.399034],[88.041433,29.387519],[88.090017,29.383653],[88.105235,29.378241],[88.129242,29.354071],[88.149018,29.34044],[88.168875,29.337104],[88.186697,29.341376],[88.201427,29.350653],[88.205333,29.357123],[88.208263,29.365424],[88.212576,29.373114],[88.221283,29.377956],[88.234304,29.377997],[88.241628,29.373074],[88.248464,29.367214],[88.259776,29.364325],[88.270925,29.365424],[88.290538,29.370063],[88.30071,29.371161],[88.306733,29.367947],[88.318289,29.35163],[88.324962,29.344428],[88.342703,29.335517],[88.362641,29.331326],[88.403087,29.330146],[88.425304,29.335761],[88.4699,29.359565],[88.495616,29.364325],[88.557872,29.352607],[88.63087,29.350653],[88.832042,29.344428],[88.843354,29.339545],[88.851736,29.334296],[88.860606,29.334093],[88.872976,29.344428],[88.91212,29.328884],[88.946056,29.351752],[88.979421,29.381212],[89.016368,29.385443],[89.022878,29.380154],[89.047374,29.354071],[89.055593,29.349433],[89.066498,29.346503],[89.122813,29.342882],[89.133067,29.344428],[89.142507,29.349473],[89.157319,29.364325],[89.167247,29.371161],[89.187104,29.360948],[89.204682,29.357123],[89.246349,29.357489],[89.255789,29.360663],[89.274506,29.374823],[89.280528,29.377956],[89.36435,29.364081],[89.396576,29.354438],[89.430919,29.348009],[89.475678,29.350653],[89.544363,29.368679],[89.567882,29.371161],[89.661225,29.371161],[89.694591,29.363796],[89.764415,29.32571],[89.811534,29.322699],[89.927989,29.340115],[89.990245,29.364325],[90.013927,29.36754],[90.074962,29.357489],[90.138194,29.35989],[90.286062,29.336249],[90.325287,29.322699],[90.380626,29.293769],[90.397472,29.289171],[90.401866,29.285468],[90.418061,29.266425],[90.421641,29.258165],[90.427338,29.253119],[90.44044,29.25495],[90.462576,29.261908],[90.54599,29.273708],[90.582449,29.284776],[90.70045,29.348904],[90.740326,29.3546],[90.757335,29.319648],[90.764659,29.295681],[90.780935,29.297227],[90.808442,29.316474],[90.819021,29.320868],[90.839285,29.340115],[90.84962,29.344428],[90.890554,29.344428],[90.906342,29.340115],[90.937592,29.320868],[90.959727,29.316474],[90.969493,29.320095],[90.97991,29.32685],[90.990326,29.330878],[91.000418,29.326483],[91.008067,29.321112],[91.017507,29.318386],[91.038015,29.316474],[91.086355,29.330837],[91.114757,29.335395],[91.127371,29.325303],[91.138601,29.318427],[91.287852,29.291531],[91.302745,29.284695],[91.321707,29.285183],[91.357351,29.293809],[91.376882,29.296169],[91.436046,29.290554],[91.451752,29.291938],[91.511322,29.303982],[91.570079,29.305203],[91.649913,29.28852],[91.663259,29.28738],[91.670665,29.288153],[91.691742,29.293647],[91.708588,29.294623],[91.769054,29.288601],[91.783132,29.290595],[91.836925,29.305447],[91.865652,29.307807],[91.894542,29.306586],[91.922862,29.301622],[91.949718,29.293077],[91.951182,29.28913],[91.953868,29.287218],[91.956635,29.285956],[91.959402,29.283474],[91.96046,29.281033],[91.961681,29.275702],[91.962901,29.273057],[91.97519,29.264594],[91.992931,29.261054],[92.011241,29.262071],[92.025401,29.267605],[92.028901,29.271918],[92.03476,29.284288],[92.038585,29.289171],[92.048269,29.295681],[92.059093,29.299628],[92.07073,29.301622],[92.128917,29.304796],[92.1456,29.303412],[92.19337,29.278876],[92.271088,29.252061],[92.345144,29.237413],[92.356944,29.236843],[92.370372,29.242214],[92.39088,29.265652],[92.398204,29.271023],[92.42213,29.269355],[92.450287,29.263983],[92.473725,29.254421],[92.483653,29.239936],[92.487722,29.224189],[92.523936,29.164089],[92.525076,29.158881],[92.529714,29.156765],[92.545665,29.154893],[92.556407,29.155544],[92.580577,29.160712],[92.593435,29.16116],[92.584076,29.141547],[92.581147,29.131171],[92.583507,29.123236],[92.59433,29.117255],[92.60198,29.121202],[92.608165,29.128852],[92.614513,29.133816],[92.637706,29.138129],[92.663666,29.140163],[92.688406,29.136094],[92.707286,29.12226],[92.715912,29.10871],[92.721121,29.103095],[92.729421,29.098212],[92.73642,29.096015],[92.870372,29.097032],[92.888927,29.092637],[92.89796,29.082831],[92.906342,29.07864],[92.919932,29.068427],[92.928315,29.063585],[92.938731,29.059597],[92.959565,29.055203],[92.995128,29.053575],[93.019623,29.056586],[93.042572,29.064561],[93.062022,29.078803],[93.07366,29.093207],[93.088878,29.117987],[93.096772,29.126003],[93.106212,29.129462],[93.116303,29.125108],[93.121593,29.116034],[93.121755,29.105333],[93.120372,29.094265],[93.121023,29.083767],[93.12379,29.076483],[93.127859,29.069851],[93.14088,29.052558],[93.145925,29.042344],[93.149018,29.037665],[93.15919,29.031195],[93.171479,29.030585],[93.184581,29.031928],[93.196788,29.031358],[93.20753,29.026313],[93.224864,29.012519],[93.234467,29.00963],[93.283295,29.004177],[93.29892,29.00491],[93.316742,29.010118],[93.332937,29.018744],[93.347667,29.029893],[93.393484,29.083767],[93.404389,29.105007],[93.411143,29.114691],[93.4192,29.122016],[93.43629,29.134141],[93.443126,29.142198],[93.461355,29.175076],[93.474539,29.185858],[93.490652,29.189643],[93.508067,29.189154],[93.55714,29.182196],[93.590343,29.183702],[93.606212,29.18183],[93.616466,29.182888],[93.621349,29.182196],[93.626394,29.177354],[93.628184,29.163886],[93.631847,29.16116],[93.654552,29.163153],[93.687266,29.169704],[93.703868,29.167914],[93.713796,29.163642],[93.722179,29.158759],[93.730968,29.155585],[93.742442,29.156684],[93.766694,29.166571],[93.778412,29.169501],[93.792247,29.167914],[93.823009,29.156114],[93.834239,29.154608],[93.848888,29.155707],[93.864757,29.159247],[93.879405,29.165473],[93.89088,29.174628],[93.90032,29.186632],[93.905284,29.19184],[93.911876,29.195828],[93.930756,29.200873],[93.969249,29.204779],[93.988048,29.210313],[94.016043,29.2237],[94.026296,29.225938],[94.060964,29.228339],[94.078868,29.227647],[94.095307,29.224921],[94.118256,29.216742],[94.126231,29.214952],[94.161143,29.214545],[94.179617,29.217149],[94.194835,29.221869],[94.355968,29.309516]]]}},{"type":"Feature","properties":{"dissolve":"43River","scalerank":2.0,"featurecla":"River","name":"Lualaba","name_alt":"Congo","rivernum":43,"note":null,"min_zoom":2.1,"name_en":"Congo","min_label":3.1},"bbox":[24.292247,-5.610284,27.026947,0.781684],"geometry":{"type":"MultiLineString","coordinates":[[[25.876231,-2.752293],[25.854747,-2.70672],[25.840912,-2.684015],[25.824718,-2.665948],[25.816824,-2.649916],[25.814138,-2.580255],[25.796886,-2.51922],[25.785167,-2.440281],[25.780528,-2.422703],[25.761322,-2.377455],[25.758881,-2.358087],[25.770925,-2.228936],[25.758881,-2.101088],[25.761322,-2.053237],[25.774099,-2.017755],[25.789806,-1.986017],[25.800548,-1.94964],[25.807384,-1.870782],[25.812022,-1.851983],[25.834402,-1.81878],[25.842052,-1.799493],[25.844249,-1.778741],[25.842052,-1.7138],[25.8449,-1.692071],[25.858653,-1.649835],[25.86321,-1.628106],[25.863292,-1.605401],[25.856863,-1.562351],[25.856375,-1.434503],[25.86321,-1.377781],[25.85849,-1.353855],[25.84669,-1.332208],[25.814138,-1.292413],[25.801199,-1.27101],[25.783132,-1.226576],[25.711029,-1.134698],[25.6963,-1.09767],[25.68157,-1.012384],[25.663178,-0.976983],[25.621593,-0.923842],[25.618663,-0.914972],[25.608653,-0.907078],[25.58074,-0.85353],[25.558035,-0.829115],[25.503998,-0.782892],[25.485281,-0.750502],[25.466807,-0.692885],[25.464773,-0.678725],[25.460948,-0.666843],[25.436697,-0.620131],[25.402599,-0.476739],[25.402436,-0.430597],[25.405772,-0.405694],[25.418386,-0.38657],[25.457286,-0.339695],[25.461436,-0.332533],[25.466889,-0.318536],[25.470876,-0.312351],[25.487397,-0.301446],[25.495372,-0.293634],[25.49879,-0.281589],[25.504487,-0.273614],[25.531668,-0.249851],[25.540457,-0.237237],[25.561046,-0.159845],[25.566173,-0.113783],[25.560802,-0.072686],[25.549327,-0.05047],[25.535737,-0.032525],[25.524099,-0.013116],[25.519216,0.013617],[25.519216,0.184597],[25.516124,0.198798],[25.474132,0.272732],[25.454519,0.30032],[25.432628,0.324734],[25.409434,0.345649],[25.382253,0.362494],[25.365815,0.3699],[25.351817,0.372911],[25.347179,0.377143],[25.336925,0.396999],[25.332774,0.414496],[25.326671,0.417751],[25.3178,0.41828],[25.307058,0.420722],[25.293224,0.428249],[25.23406,0.473456],[25.218516,0.478054],[25.21339,0.484239],[25.209565,0.491523],[25.204031,0.497097],[25.183197,0.502956],[25.136974,0.509101],[25.118663,0.520087],[25.101817,0.53266],[25.078624,0.544135],[25.033295,0.558539],[25.017019,0.559882],[24.997976,0.558905],[24.980072,0.554958],[24.951264,0.538926],[24.933604,0.538601],[24.898936,0.544257],[24.886729,0.547797],[24.840831,0.571601],[24.824474,0.574734],[24.772634,0.578437],[24.743175,0.589545],[24.699962,0.625352],[24.658214,0.63935],[24.630789,0.654486],[24.60491,0.672675],[24.572276,0.704861],[24.560557,0.713568],[24.542003,0.734076],[24.531423,0.743191],[24.520763,0.747178],[24.435802,0.742255],[24.401622,0.747829],[24.389659,0.747829],[24.344656,0.74254],[24.32073,0.744493],[24.303396,0.75434],[24.298106,0.763739],[24.295665,0.772895],[24.292247,0.781684]],[[26.930431,-5.610284],[26.959727,-5.568862],[26.966075,-5.55462],[26.968761,-5.533054],[26.964285,-5.486993],[26.966075,-5.465265],[26.976085,-5.442722],[27.004487,-5.400079],[27.013276,-5.376479],[27.014252,-5.332452],[27.016612,-5.314386],[27.026947,-5.300714],[26.982514,-5.252944],[26.97462,-5.241388],[26.979421,-5.215753],[26.993337,-5.17726],[26.993663,-5.153497],[26.986257,-5.135593],[26.977306,-5.120457],[26.972911,-5.105483],[26.970714,-5.089532],[26.958018,-5.05405],[26.951915,-5.041355],[26.946869,-5.035821],[26.941661,-5.031752],[26.937918,-5.02573],[26.937592,-5.01336],[26.941417,-5.005792],[26.955577,-4.992852],[26.958751,-4.982599],[26.9546,-4.961847],[26.945242,-4.947768],[26.933849,-4.936456],[26.924571,-4.924005],[26.919037,-4.886733],[26.927013,-4.801609],[26.911632,-4.76629],[26.901134,-4.759454],[26.890554,-4.757175],[26.879812,-4.756036],[26.869233,-4.752618],[26.849701,-4.734063],[26.840424,-4.722996],[26.807872,-4.649591],[26.780772,-4.626642],[26.717784,-4.59002],[26.574962,-4.526707],[26.54713,-4.50628],[26.47462,-4.418959],[26.437918,-4.396417],[26.303477,-4.34881],[26.266043,-4.320733],[26.257335,-4.30519],[26.245046,-4.264662],[26.235362,-4.249363],[26.205089,-4.225274],[26.130382,-4.181492],[26.058686,-4.122084],[26.012625,-4.068048],[25.99822,-4.039565],[25.992768,-4.006362],[26.053722,-3.714695],[26.050059,-3.692397],[25.997569,-3.600763],[25.93336,-3.532566],[25.903575,-3.49155],[25.888764,-3.45379],[25.881765,-3.410577],[25.883067,-3.320733],[25.887299,-3.300144],[25.900808,-3.271417],[25.907237,-3.235284],[25.938243,-3.169936],[25.932058,-3.156752],[25.92628,-3.13836],[25.927257,-3.121921],[25.94101,-3.114679],[25.949718,-3.106785],[25.95045,-3.088718],[25.946381,-3.069187],[25.926036,-3.026788],[25.925304,-2.997084],[25.938243,-2.936537],[25.943858,-2.823907],[25.939464,-2.812921],[25.929291,-2.801935],[25.892589,-2.770033],[25.884288,-2.759617],[25.876231,-2.744806]]]}},{"type":"Feature","properties":{"dissolve":"44River","scalerank":2.0,"featurecla":"River","name":"Irtysh","name_alt":null,"rivernum":44,"note":null,"min_zoom":2.1,"name_en":"Irtysh","min_label":3.1},"bbox":[68.14796,53.985622,74.993582,61.124457],"geometry":{"type":"MultiLineString","coordinates":[[[68.861339,61.124457],[68.870209,61.117377],[68.880056,61.111599],[68.90089,61.103461],[68.935313,61.100287],[68.946218,61.097113],[68.950694,61.094062],[68.954356,61.089911],[68.979421,61.038886],[68.985769,61.029486],[68.993907,61.024766],[68.99822,61.017524],[69.006928,61.009589],[69.017019,61.003485],[69.02532,61.00141],[69.042735,60.9914],[69.060476,60.984198],[69.079112,60.980089],[69.158376,60.980089],[69.177826,60.975409],[69.221934,60.956366],[69.23821,60.954454],[69.300141,60.96247],[69.321218,60.960639],[69.369558,60.939399],[69.386811,60.936632],[69.405365,60.940131],[69.443858,60.951768],[69.462413,60.950507],[69.474213,60.94127],[69.480398,60.926785],[69.489268,60.896064],[69.501069,60.882351],[69.516694,60.873358],[69.550222,60.85871],[69.563487,60.847927],[69.572032,60.835273],[69.585867,60.80622],[69.59669,60.79328],[69.638764,60.766181],[69.649506,60.752021],[69.65504,60.736192],[69.658783,60.719672],[69.664643,60.703315],[69.676036,60.690131],[69.691335,60.682237],[69.759369,60.670966],[69.776134,60.670233],[69.826427,60.676215],[69.837901,60.675076],[69.848399,60.67239],[69.860362,60.667833],[69.869558,60.660834],[69.871755,60.650824],[69.865733,60.640652],[69.854503,60.63227],[69.830333,60.621202],[69.821707,60.614203],[69.819347,60.604804],[69.818126,60.59455],[69.812755,60.584744],[69.796804,60.573676],[69.778575,60.56448],[69.762462,60.553168],[69.753347,60.535834],[69.75644,60.515652],[69.77003,60.498603],[69.802013,60.469591],[69.812104,60.454372],[69.816905,60.43891],[69.814545,60.423651],[69.802989,60.408759],[69.776947,60.388373],[69.766856,60.375352],[69.765066,60.360053],[69.774913,60.350165],[69.793468,60.346381],[69.828705,60.345038],[69.838145,60.341986],[69.844656,60.336493],[69.875662,60.278144],[69.882823,60.254991],[69.883556,60.232611],[69.865815,60.232489],[69.831065,60.240831],[69.813487,60.242499],[69.805675,60.241156],[69.799734,60.237982],[69.795095,60.232856],[69.785085,60.210761],[69.780528,60.205024],[69.752208,60.184353],[69.744884,60.180691],[69.717377,60.17121],[69.705089,60.16474],[69.694347,60.154608],[69.688487,60.145819],[69.683523,60.135525],[69.680268,60.124579],[69.679617,60.114081],[69.682872,60.103949],[69.690033,60.097235],[69.699718,60.093451],[69.710378,60.091986],[69.726166,60.093573],[69.740245,60.098578],[69.767833,60.112006],[69.774018,60.114325],[69.779389,60.115424],[69.784272,60.115302],[69.788829,60.11404],[69.802419,60.106513],[69.80364,60.102362],[69.812918,60.097764],[69.839692,60.079047],[69.895925,60.051093],[69.912608,60.038642],[69.920095,60.024482],[69.920014,60.006863],[69.910411,59.972968],[69.901134,59.955634],[69.889089,59.944525],[69.858165,59.926215],[69.849864,59.911241],[69.859955,59.895697],[69.910737,59.856391],[69.918712,59.846991],[69.921967,59.837022],[69.919037,59.829169],[69.912039,59.824897],[69.903087,59.823106],[69.894786,59.822781],[69.879893,59.823839],[69.811941,59.841498],[69.799327,59.843207],[69.78712,59.841864],[69.771251,59.828681],[69.766205,59.806993],[69.764659,59.761746],[69.747569,59.741278],[69.717296,59.737576],[69.587332,59.757188],[69.552745,59.753485],[69.523204,59.73782],[69.481944,59.686794],[69.465017,59.672716],[69.440033,59.66238],[69.334239,59.649522],[69.311941,59.642768],[69.294526,59.629828],[69.286388,59.607856],[69.284109,59.586005],[69.278901,59.567003],[69.267589,59.552314],[69.246593,59.543158],[69.218761,59.541327],[69.124278,59.561347],[69.088796,59.564032],[69.086355,59.553656],[69.086192,59.544135],[69.089936,59.524604],[69.090343,59.512274],[69.086192,59.502468],[69.042572,59.460273],[69.032725,59.452826],[69.020925,59.447374],[69.009288,59.445339],[68.997325,59.445909],[68.947358,59.456651],[68.910167,59.458848],[68.897227,59.456977],[68.888764,59.450873],[68.893565,59.434597],[68.939057,59.40705],[68.942393,59.385199],[68.937022,59.378933],[68.886729,59.350043],[68.879324,59.343329],[68.87322,59.334744],[68.869151,59.324652],[68.860281,59.294013],[68.85491,59.288398],[68.847097,59.285264],[68.824799,59.27912],[68.813894,59.274522],[68.803315,59.268622],[68.793875,59.261054],[68.805105,59.25495],[68.814545,59.247138],[68.821056,59.237128],[68.823334,59.224473],[68.82073,59.212673],[68.81601,59.200385],[68.813243,59.1883],[68.815929,59.176785],[68.840017,59.167344],[68.907725,59.176052],[68.922862,59.161241],[68.916921,59.150499],[68.901785,59.144355],[68.871023,59.137885],[68.856537,59.130194],[68.846446,59.119249],[68.841726,59.105577],[68.843354,59.089382],[68.879893,59.043402],[68.892345,59.019477],[68.877208,59.005561],[68.767182,59.034857],[68.745616,59.026557],[68.749929,59.014268],[68.765147,59.002143],[68.796316,58.985948],[68.84547,58.968085],[68.85906,58.958319],[68.866466,58.945258],[68.862641,58.93537],[68.851329,58.929145],[68.836925,58.926947],[68.766856,58.933214],[68.743337,58.929755],[68.728933,58.922553],[68.724132,58.913438],[68.727631,58.902899],[68.748627,58.881456],[68.756765,58.870958],[68.756602,58.861884],[68.742768,58.856228],[68.686941,58.856798],[68.676768,58.850124],[68.682546,58.838406],[68.698822,58.826728],[68.730398,58.809882],[68.741466,58.801093],[68.749034,58.790635],[68.750092,58.779364],[68.742117,58.767605],[68.727061,58.758124],[68.708507,58.751247],[68.689057,58.747748],[68.671397,58.748481],[68.655528,58.755072],[68.628022,58.778632],[68.613536,58.788642],[68.60019,58.793321],[68.585053,58.795233],[68.574962,58.790839],[68.576589,58.776964],[68.591807,58.750352],[68.59547,58.736925],[68.592784,58.720526],[68.586192,58.706488],[68.559093,58.668321],[68.551687,58.654324],[68.549408,58.641466],[68.554291,58.630235],[68.567149,58.620714],[68.581391,58.61404],[68.590587,58.607733],[68.593842,58.59866],[68.587413,58.567328],[68.591563,58.556464],[68.61378,58.537543],[68.622162,58.524604],[68.619558,58.512885],[68.608897,58.503933],[68.594005,58.49905],[68.578054,58.498806],[68.435151,58.517157],[68.421886,58.514757],[68.410411,58.50727],[68.398936,58.494656],[68.386322,58.483425],[68.342784,58.465766],[68.332042,58.454413],[68.331472,58.440863],[68.341726,58.411933],[68.343842,58.397528],[68.341726,58.384101],[68.335867,58.371609],[68.327159,58.359809],[68.301768,58.344346],[68.271088,58.343126],[68.208995,58.354112],[68.177989,58.354315],[68.162608,58.350287],[68.151378,58.341376],[68.14796,58.327745],[68.153412,58.31448],[68.163829,58.303087],[68.175222,58.295193],[68.224864,58.282009],[68.236339,58.273017],[68.23878,58.261054],[68.235037,58.247423],[68.224864,58.221869],[68.222179,58.166124]],[[73.721934,54.693793],[73.693451,54.70539],[73.63323,54.718126],[73.608409,54.73196],[73.597097,54.746894],[73.580658,54.780463],[73.563731,54.797431],[73.520518,54.825263],[73.477957,54.842556],[73.431895,54.84752],[73.378673,54.838324],[73.357351,54.837714],[73.326264,54.842108],[73.303396,54.852403],[73.30714,54.869452],[73.314952,54.877753],[73.322358,54.888251],[73.328054,54.899522],[73.333425,54.925401],[73.340831,54.933539],[73.350027,54.939643],[73.358328,54.948188],[73.360281,54.995225],[73.308523,55.012559],[73.187022,55.023383],[73.165945,55.035183],[73.150971,55.049628],[73.1421,55.06741],[73.139171,55.088813],[73.141368,55.114936],[73.147553,55.131781],[73.17335,55.160509],[73.195242,55.20657],[73.176768,55.240668],[73.134288,55.258612],[73.083995,55.25613],[73.010265,55.237331],[72.98463,55.235622],[72.980072,55.246894],[72.990896,55.271918],[73.016205,55.311347],[73.032725,55.324286],[73.053315,55.335232],[73.076671,55.342637],[73.132253,55.347846],[73.154714,55.355251],[73.229747,55.41474],[73.271983,55.438503],[73.317882,55.456651],[73.41741,55.477729],[73.439138,55.485663],[73.457286,55.499376],[73.468191,55.540717],[73.473643,55.545478],[73.499604,55.560167],[73.553722,55.583197],[73.725841,55.626085],[73.770112,55.643134],[73.823985,55.650092],[73.845876,55.659491],[73.885834,55.688096],[73.932384,55.710517],[73.98585,55.724066],[74.04241,55.730007],[74.225108,55.722846],[74.238699,55.724962],[74.266043,55.734402],[74.280284,55.736518],[74.329519,55.734931],[74.345225,55.736518],[74.367198,55.744249],[74.391856,55.759141],[74.411876,55.778876],[74.427989,55.822333],[74.446788,55.838568],[74.578298,55.903388],[74.617198,55.930935],[74.74879,56.076728],[74.756765,56.08161],[74.759776,56.089423],[74.773448,56.099311],[74.776459,56.109565],[74.770518,56.11697],[74.756602,56.12226],[74.728608,56.126899],[74.705496,56.122829],[74.677826,56.114447],[74.649913,56.11046],[74.625662,56.119452],[74.616954,56.134955],[74.626475,56.145575],[74.645925,56.151638],[74.694347,56.154853],[74.708588,56.160102],[74.714122,56.171576],[74.715017,56.191474],[74.711925,56.202501],[74.703868,56.210273],[74.6928,56.214871],[74.666026,56.216986],[74.663015,56.219835],[74.665131,56.225898],[74.666596,56.236151],[74.677257,56.247504],[74.68157,56.2567],[74.677257,56.267198],[74.653087,56.298204],[74.677419,56.315863],[74.698985,56.307318],[74.732026,56.267198],[74.75644,56.258246],[74.781668,56.269314],[74.795828,56.291327],[74.78712,56.315294],[74.767507,56.324042],[74.737397,56.333116],[74.710948,56.344509],[74.701427,56.359687],[74.715831,56.371405],[74.77239,56.383124],[74.790701,56.400662],[74.769786,56.412299],[74.713878,56.409613],[74.690929,56.417751],[74.677419,56.435126],[74.673839,56.45307],[74.677664,56.4713],[74.699718,56.511786],[74.704682,56.529079],[74.694916,56.540554],[74.663585,56.544704],[74.649343,56.551825],[74.659923,56.568915],[74.676768,56.589179],[74.680919,56.606065],[74.66155,56.614814],[74.605235,56.602729],[74.581065,56.609483],[74.5713,56.6317],[74.586843,56.648464],[74.608897,56.663601],[74.618744,56.68122],[74.612804,56.689805],[74.599864,56.695421],[74.571056,56.702338],[74.526134,56.722195],[74.523448,56.728542],[74.530854,56.740546],[74.544688,56.74787],[74.560557,56.74018],[74.570893,56.732733],[74.583995,56.7296],[74.596609,56.73078],[74.605235,56.736436],[74.603038,56.749335],[74.566661,56.776638],[74.557384,56.794501],[74.560964,56.804267],[74.5678,56.812608],[74.571869,56.820583],[74.567393,56.828925],[74.557546,56.837958],[74.510183,56.902859],[74.490652,56.916571],[74.464366,56.921983],[74.40032,56.919745],[74.369395,56.924994],[74.35198,56.941921],[74.365245,56.945014],[74.394949,56.945502],[74.407237,56.948757],[74.415701,56.957099],[74.416433,56.966254],[74.409923,56.97366],[74.396983,56.97663],[74.368663,56.980048],[74.353608,56.979438],[74.342052,56.972968],[74.33074,56.968573],[74.31837,56.974677],[74.306651,56.984198],[74.297374,56.989691],[74.272472,56.986355],[74.247976,56.978054],[74.229096,56.978217],[74.22169,57.000556],[74.206147,57.016669],[74.131277,57.024115],[74.104991,57.031277],[74.093028,57.050645],[74.102957,57.066107],[74.142833,57.096137],[74.154226,57.118232],[74.143077,57.131212],[74.013764,57.178005],[73.984874,57.181464],[73.957937,57.178738],[73.878998,57.160997],[73.839692,57.160102],[73.820567,57.162624],[73.803966,57.168484],[73.793956,57.176215],[73.778575,57.195176],[73.769786,57.201972],[73.738048,57.221259],[73.698741,57.224636],[73.656993,57.223578],[73.618337,57.229926],[73.634776,57.242987],[73.689057,57.24197],[73.700776,57.25377],[73.686453,57.266181],[73.652924,57.271064],[73.590912,57.27086],[73.484467,57.284491],[73.474864,57.28144],[73.455333,57.267768],[73.443614,57.264675],[73.428396,57.268866],[73.421641,57.278022],[73.422374,57.287177],[73.429861,57.291327],[73.44101,57.294989],[73.445079,57.303412],[73.442393,57.31269],[73.433442,57.319281],[73.422455,57.319159],[73.372813,57.302314],[73.359955,57.299913],[73.346934,57.301093],[73.333751,57.308661],[73.313894,57.339789],[73.305756,57.342556],[73.286062,57.35574],[73.275808,57.360216],[73.260509,57.361436],[73.196056,57.347439],[73.184825,57.349555],[73.17335,57.360216],[73.173106,57.367499],[73.17628,57.377631],[73.176199,57.389228],[73.166515,57.40119],[73.145274,57.388983],[73.125418,57.381944],[73.11085,57.387234],[73.104991,57.411729],[73.089936,57.419216],[73.018321,57.438666],[72.995128,57.442206],[72.983653,57.438422],[72.975108,57.432196],[72.966075,57.427517],[72.953624,57.428534],[72.939952,57.436062],[72.941417,57.443427],[72.948985,57.452704],[72.953624,57.466091],[72.947765,57.474433],[72.934011,57.477729],[72.919037,57.476874],[72.90919,57.472846],[72.890717,57.441921],[72.885265,57.435329],[72.856537,57.427436],[72.838878,57.438178],[72.824636,57.454291],[72.806163,57.462673],[72.791108,57.464789],[72.762462,57.474189],[72.74879,57.476264],[72.703705,57.473253],[72.61435,57.495673],[72.587006,57.497423],[72.561941,57.486762],[72.548432,57.486274],[72.542735,57.500556],[72.508556,57.531562],[72.491791,57.542792],[72.470795,57.55036],[72.446707,57.551785],[72.419851,57.544542],[72.419851,57.538398],[72.427338,57.53498],[72.434011,57.530219],[72.446381,57.51789],[72.423269,57.513251],[72.39446,57.521308],[72.371755,57.535264],[72.367931,57.548285],[72.380951,57.570258],[72.371104,57.578396],[72.348643,57.57746],[72.292003,57.568223],[72.196707,57.572537],[72.185964,57.569281],[72.171641,57.555203],[72.15919,57.552069],[72.108979,57.558214],[72.063731,57.558783],[72.053966,57.561225],[72.016694,57.57807],[72.006847,57.579291],[71.990815,57.579291],[71.963959,57.572211],[71.948741,57.57038],[71.936046,57.575954],[71.922781,57.583686],[71.905772,57.586941],[71.810557,57.581407],[71.795095,57.588446],[71.806163,57.610419],[71.815684,57.617133],[71.823416,57.619493],[71.828868,57.624213],[71.83074,57.637641],[71.823334,57.646552],[71.80657,57.647732],[71.774913,57.641425],[71.72755,57.620429],[71.698416,57.615424],[71.685476,57.630561],[71.689871,57.641669],[71.6963,57.651801],[71.695811,57.659125],[71.678966,57.661933],[71.647878,57.660427],[71.617931,57.655097],[71.564057,57.636664],[71.533214,57.630927],[71.511485,57.637641],[71.506928,57.647732],[71.5088,57.658271],[71.512706,57.668891],[71.514903,57.678982],[71.5088,57.6883],[71.49464,57.695258],[71.467052,57.702826],[71.452159,57.704372],[71.424571,57.701443],[71.411713,57.702826],[71.398529,57.70954],[71.376964,57.726182],[71.363862,57.72956],[71.33196,57.727403],[71.305756,57.721706],[71.254161,57.702826],[71.227631,57.696601],[71.192149,57.693223],[71.157644,57.695502],[71.134288,57.706244],[71.108897,57.739081],[71.092865,57.749783],[71.069835,57.750596],[71.049327,57.744412],[71.033946,57.737738],[71.017507,57.734158],[70.99407,57.737006],[70.98642,57.740058],[70.970632,57.748847],[70.96339,57.750596],[70.957123,57.75434],[70.961925,57.762234],[70.9699,57.769232],[70.978933,57.77204],[70.989838,57.779649],[70.995535,57.788194],[70.98406,57.792263],[70.892182,57.79328],[70.872081,57.786444],[70.855479,57.751085],[70.836436,57.749945],[70.814708,57.757595],[70.783295,57.778144],[70.766124,57.785915],[70.746186,57.790635],[70.723155,57.792263],[70.711436,57.798651],[70.704112,57.81269],[70.694347,57.826768],[70.675304,57.833197],[70.65919,57.840644],[70.643565,57.853542],[70.629161,57.857774],[70.61671,57.839423],[70.624115,57.818874],[70.61085,57.808661],[70.592214,57.809516],[70.58253,57.822333],[70.579031,57.841498],[70.569265,57.855902],[70.555105,57.864814],[70.499929,57.871853],[70.485281,57.870185],[70.466401,57.86046],[70.44752,57.843573],[70.438894,57.841173],[70.425548,57.846869],[70.420014,57.851996],[70.418224,57.858466],[70.420095,57.865912],[70.425548,57.874132],[70.404714,57.889024],[70.386241,57.907091],[70.383881,57.92239],[70.436127,57.933905],[70.430675,57.944648],[70.406993,57.954535],[70.377045,57.956732],[70.320811,57.94245],[70.293224,57.94245],[70.281505,57.96015],[70.271983,57.984442],[70.249034,57.988349],[70.221772,57.980577],[70.198985,57.969753],[70.163097,57.94538],[70.151134,57.943061],[70.138438,57.94949],[70.138927,57.959296],[70.142996,57.970282],[70.140636,57.980292],[70.121104,57.993679],[70.092784,58.005439],[70.061941,58.012397],[70.034597,58.011339],[70.023936,58.005642],[70.016124,57.997748],[70.007091,57.9914],[69.992931,57.990261],[69.982839,57.993679],[69.972911,57.999823],[69.956391,58.014472],[69.934581,58.018581],[69.849539,57.983995],[69.7671,57.98904],[69.730886,57.982774],[69.733409,57.956732],[69.705333,57.950141],[69.681244,57.955593],[69.658214,57.964871],[69.495372,57.985867],[69.479096,57.990261],[69.472179,58.0008],[69.476329,58.011908],[69.482595,58.021674],[69.482026,58.028591],[69.408376,58.033637],[69.379975,58.030097],[69.362885,58.017524],[69.372,58.01199],[69.375092,58.004421],[69.372162,57.996649],[69.362885,57.990261],[69.350841,57.989447],[69.326752,58.0008],[69.311615,58.003933],[69.298432,58.0008],[69.274099,57.987128],[69.260509,57.983995],[69.246593,57.987372],[69.23585,57.995795],[69.208018,58.033637],[69.201752,58.040351],[69.192149,58.045478],[69.175548,58.048529],[69.164561,58.045722],[69.154389,58.041083],[69.115001,58.033637],[69.092052,58.021348],[69.048269,57.990261],[69.034434,57.98371],[69.023692,57.982856],[68.999766,57.990261],[68.981619,58.002712],[68.968516,58.006781],[68.942963,57.995958],[68.928233,57.997626],[68.906749,58.003933],[68.904226,58.008612],[68.920014,58.031114],[68.924083,58.038642],[68.896902,58.048651],[68.791921,58.001899],[68.753347,58.02497],[68.755951,58.030585],[68.763276,58.037665],[68.768077,58.045966],[68.763276,58.055447],[68.719493,58.081326],[68.711192,58.084988],[68.685476,58.088568],[68.663585,58.097968],[68.635671,58.103054],[68.542979,58.14289],[68.525483,58.146593],[68.50294,58.147895],[68.484955,58.143622],[68.456554,58.124823],[68.441173,58.120551],[68.424327,58.126166],[68.396251,58.152899],[68.382823,58.162136],[68.361095,58.167507],[68.336843,58.169379],[68.314382,58.166815],[68.27825,58.148505],[68.261241,58.152126],[68.244395,58.161404],[68.225841,58.168402]],[[73.721934,54.693793],[73.728282,54.693793]],[[74.993582,53.985622],[74.93629,53.989081],[74.893158,54.00849],[74.915294,54.009955],[74.930675,54.0185],[74.932384,54.028998],[74.913666,54.036444],[74.928803,54.075629],[74.934825,54.084825],[74.917979,54.102484],[74.900808,54.115058],[74.880951,54.122626],[74.832449,54.12995],[74.813487,54.141913],[74.783295,54.173651],[74.681895,54.256944],[74.660574,54.297187],[74.645274,54.344062],[74.633881,54.362616],[74.615164,54.382432],[74.59547,54.394843],[74.572846,54.400946],[74.447358,54.414415],[74.430593,54.423448],[74.422537,54.430772],[74.405365,54.442206],[74.396983,54.451036],[74.381114,54.479071],[74.372488,54.488308],[74.340912,54.511664],[74.301199,54.533962],[74.257498,54.550605],[74.214854,54.557196],[74.120697,54.556993],[74.072765,54.56269],[74.029796,54.577704],[73.967784,54.626085],[73.904552,54.646348],[73.888927,54.656195],[73.874441,54.662624],[73.783946,54.676215],[73.721934,54.693793]]]}},{"type":"Feature","properties":{"dissolve":"45River","scalerank":2.0,"featurecla":"River","name":"Congo","name_alt":null,"rivernum":45,"note":null,"min_zoom":2.1,"name_en":"Congo","min_label":3.1},"bbox":[13.184337,-5.890476,24.292247,2.187445],"geometry":{"type":"MultiLineString","coordinates":[[[24.292247,0.781684],[24.274099,0.798774],[24.226003,0.867621],[24.217214,0.902045],[24.211192,0.913438],[24.20281,0.923611],[24.140147,0.971055],[23.909923,1.07453],[23.840587,1.085028],[23.825938,1.085639],[23.784679,1.08279],[23.771902,1.086208],[23.770681,1.091498],[23.763113,1.095404],[23.749034,1.105536],[23.741466,1.109646],[23.730235,1.113634],[23.706716,1.118109],[23.684093,1.119574],[23.676687,1.12226],[23.633311,1.155829],[23.607188,1.167914],[23.599132,1.173204],[23.592296,1.179755],[23.545421,1.238552],[23.531423,1.264594],[23.529063,1.267849],[23.52296,1.273871],[23.520437,1.277411],[23.51824,1.283067],[23.515147,1.294542],[23.51238,1.299913],[23.505626,1.30744],[23.481619,1.328233],[23.437918,1.391303],[23.379324,1.440253],[23.357921,1.464667],[23.350515,1.470242],[23.332774,1.480658],[23.323497,1.48782],[23.184337,1.643012],[23.144542,1.700466],[23.140554,1.710028],[23.134776,1.711249],[23.134776,1.714179],[23.126394,1.731757],[23.122,1.736396],[23.096609,1.757392],[23.089366,1.767198],[23.075613,1.79975],[23.05128,1.840888],[23.045421,1.847683],[23.036143,1.853787],[23.014903,1.862331],[23.004324,1.868272],[22.999441,1.876044],[22.989675,1.879747],[22.965099,1.898383],[22.95338,1.904731],[22.942393,1.907782],[22.84197,1.91474],[22.818777,1.9206],[22.808604,1.925482],[22.780528,1.944037],[22.769216,1.948025],[22.734874,1.950019],[22.71461,1.95893],[22.625499,2.043728],[22.608165,2.072943],[22.601085,2.082221],[22.584239,2.0963],[22.54656,2.118028],[22.529063,2.130968],[22.514822,2.145616],[22.508556,2.149115],[22.497732,2.151638],[22.464773,2.150702],[22.283376,2.18183],[22.268077,2.181464],[22.260997,2.180121],[22.242198,2.172553],[22.234386,2.171413],[22.227306,2.172187],[22.191417,2.183376],[22.092784,2.187445],[21.59669,2.148057],[21.568777,2.141059],[21.531423,2.121202],[21.517833,2.116767],[21.344412,2.091498],[21.319509,2.081895],[21.24114,2.033637],[21.218435,2.011257],[21.206798,2.005805],[21.164806,2.005723],[21.100515,1.995469],[20.980724,2.003119],[20.907481,2.016913],[20.643077,1.990505],[20.447276,1.992784],[20.385427,1.980496],[20.338308,1.963487],[20.326427,1.961737],[20.312511,1.962429],[20.306651,1.960517],[20.303233,1.954169],[20.273448,1.964423],[20.267019,1.965155],[20.154959,1.961371],[19.918386,1.893337],[19.846934,1.859971],[19.75587,1.829779],[19.740489,1.821397],[19.710867,1.797431],[19.695323,1.789008],[19.545665,1.748887],[19.494395,1.724229],[19.488699,1.723212],[19.476003,1.72252],[19.470225,1.721137],[19.465343,1.718573],[19.443533,1.703192],[19.434337,1.699083],[19.340994,1.669989],[19.142833,1.573594],[19.123302,1.563015],[19.006765,1.467149],[19.002371,1.461453],[18.996349,1.449083],[18.992442,1.443427],[18.987966,1.439887],[18.97169,1.433621],[18.959402,1.425564],[18.909841,1.375759],[18.83839,1.334581],[18.832693,1.329657],[18.823171,1.317979],[18.817882,1.313178],[18.777843,1.291124],[18.775808,1.287869],[18.774181,1.281602],[18.77296,1.278266],[18.764415,1.268663],[18.731619,1.249701],[18.71697,1.237331],[18.639659,1.148505],[18.627696,1.139594],[18.587657,1.11872],[18.571218,1.106472],[18.528331,1.058905],[18.481944,1.020331],[18.467703,1.005235],[18.466726,0.99372],[18.463308,0.986111],[18.450938,0.971747],[18.445567,0.963162],[18.432546,0.935329],[18.423106,0.92296],[18.400645,0.901394],[18.39088,0.889431],[18.381277,0.872585],[18.349132,0.7685],[18.329519,0.619005],[18.317882,0.590766],[18.310232,0.551052],[18.305431,0.492377],[18.28655,0.438666],[18.282481,0.420193],[18.277599,0.359076],[18.264171,0.297309],[18.256847,0.216417],[18.252208,0.19713],[18.243907,0.174831],[18.199229,0.099799],[18.195242,0.089464],[18.193126,0.078721],[18.192882,0.05268],[18.189626,0.040351],[18.167735,-0.009576],[18.149181,-0.089451],[18.143809,-0.101576],[18.091807,-0.172052],[18.078298,-0.198663],[18.069998,-0.20851],[18.024425,-0.244155],[17.969737,-0.310724],[17.862966,-0.402683],[17.741466,-0.533217],[17.72755,-0.552911],[17.663748,-0.612644],[17.658214,-0.619561],[17.653982,-0.627374],[17.652029,-0.642022],[17.650401,-0.646173],[17.647146,-0.649835],[17.635427,-0.658217],[17.622488,-0.673191],[17.601736,-0.68849],[17.410899,-0.918145],[17.384939,-0.942315],[17.364431,-0.967136],[17.356863,-0.973321],[17.330007,-0.986342],[17.327159,-0.991632],[17.307384,-1.014825],[17.29713,-1.020929],[17.244884,-1.035658],[17.194347,-1.04282],[17.174978,-1.048028],[17.108328,-1.075535],[17.060069,-1.089044],[17.028087,-1.094252],[17.021983,-1.097019],[17.011485,-1.104181],[17.005544,-1.106622],[17.002615,-1.112644],[16.979015,-1.140069],[16.939871,-1.174493],[16.908702,-1.210951],[16.862234,-1.248712],[16.839122,-1.262221],[16.83253,-1.268976],[16.828136,-1.276056],[16.817312,-1.30405],[16.7942,-1.345392],[16.778738,-1.382175],[16.762218,-1.405694],[16.725027,-1.479832],[16.692149,-1.5228],[16.668875,-1.569187],[16.635753,-1.620619],[16.628429,-1.637058],[16.623302,-1.653741],[16.622,-1.664972],[16.622488,-1.698907],[16.616628,-1.72853],[16.603689,-1.753839],[16.521983,-1.861505],[16.516612,-1.873549],[16.513438,-1.887221],[16.507253,-1.890069],[16.489919,-1.903334],[16.474294,-1.910007],[16.469493,-1.912612],[16.460378,-1.92075],[16.445079,-1.940362],[16.382091,-2.001967],[16.339773,-2.034031],[16.283946,-2.087416],[16.255626,-2.106785],[16.230724,-2.128839],[16.206309,-2.160658],[16.194102,-2.181817],[16.186941,-2.204441],[16.188162,-2.227553],[16.189626,-2.235284],[16.189464,-2.241632],[16.176443,-2.286635],[16.174327,-2.302911],[16.177745,-2.318292],[16.186941,-2.332045],[16.189382,-2.337335],[16.191173,-2.346694],[16.191824,-2.394952],[16.225108,-2.635105],[16.204031,-2.782566],[16.180349,-2.853936],[16.177745,-2.867852],[16.176524,-2.882257],[16.187755,-2.976251],[16.184011,-3.025893],[16.189382,-3.082208],[16.185232,-3.136244],[16.189464,-3.152846],[16.19866,-3.171726],[16.198985,-3.194675],[16.192882,-3.238214],[16.198171,-3.259291],[16.209727,-3.270847],[16.22169,-3.278985],[16.22698,-3.289727],[16.225108,-3.313002],[16.220225,-3.331476],[16.207042,-3.361749],[16.157888,-3.447117],[16.13738,-3.500502],[16.115001,-3.544122],[16.052745,-3.619968],[16.012218,-3.702081],[16.004812,-3.724623],[15.990652,-3.738783],[15.973806,-3.78631],[15.942638,-3.840671],[15.935557,-3.848321],[15.929861,-3.858412],[15.911794,-3.917169],[15.882498,-3.945245],[15.843679,-3.965346],[15.799571,-3.97853],[15.754649,-3.985528],[15.710704,-3.99212],[15.566173,-4.037937],[15.548595,-4.046075],[15.533214,-4.057794],[15.520518,-4.076674],[15.489919,-4.174981],[15.484548,-4.18377],[15.462332,-4.206964],[15.458425,-4.213718],[15.449718,-4.217136],[15.424978,-4.229913],[15.38616,-4.244073],[15.274913,-4.300226],[15.2553,-4.312921],[15.227794,-4.324721],[15.20338,-4.3388],[15.192882,-4.358575],[15.187511,-4.372003],[15.097423,-4.499851],[15.075613,-4.519952],[15.022227,-4.546808],[15.014171,-4.557794],[15.007742,-4.570815],[14.930431,-4.646661],[14.848562,-4.783624],[14.840831,-4.799981],[14.83074,-4.814874],[14.814952,-4.827813],[14.768077,-4.848077],[14.701834,-4.8895],[14.672293,-4.899754],[14.633962,-4.903497],[14.622813,-4.899265],[14.591563,-4.880385],[14.579112,-4.876153],[14.574636,-4.873468],[14.566417,-4.860365],[14.561778,-4.855808],[14.553396,-4.854913],[14.531912,-4.855971],[14.527517,-4.851983],[14.519298,-4.84116],[14.500987,-4.840509],[14.481456,-4.845636],[14.469493,-4.851983],[14.449148,-4.873875],[14.436697,-4.88006],[14.417654,-4.883152],[14.372488,-4.90838],[14.318126,-4.917657],[14.209402,-4.916518],[14.172781,-4.922296],[14.146495,-4.937677],[14.07838,-5.010919],[14.054128,-5.027846],[14.031261,-5.031671],[14.014334,-5.01336],[14.005789,-5.029718],[13.984386,-5.049656],[13.979991,-5.064874],[13.987478,-5.111505],[13.986257,-5.13006],[13.975515,-5.167901],[13.957937,-5.195733],[13.931407,-5.212905],[13.893565,-5.218764],[13.875743,-5.233901],[13.853038,-5.299981],[13.825206,-5.314955],[13.806407,-5.307794],[13.779959,-5.275079],[13.760265,-5.266615],[13.739513,-5.269871],[13.725352,-5.280938],[13.720225,-5.296889],[13.726248,-5.314955],[13.688162,-5.30698],[13.654714,-5.289565],[13.622813,-5.279718],[13.589122,-5.29461],[13.534434,-5.345717],[13.533376,-5.35353],[13.528738,-5.368829],[13.527599,-5.379815],[13.531668,-5.391453],[13.541189,-5.398451],[13.552419,-5.403985],[13.561778,-5.410577],[13.591726,-5.468194],[13.595958,-5.482599],[13.612234,-5.503839],[13.617198,-5.515476],[13.60613,-5.52044],[13.593923,-5.52101],[13.584483,-5.522475],[13.568614,-5.527276],[13.547862,-5.536554],[13.547781,-5.543796],[13.556163,-5.552097],[13.573253,-5.587905],[13.582286,-5.643406],[13.579845,-5.673517],[13.568858,-5.69435],[13.531016,-5.729018],[13.514171,-5.748386],[13.501882,-5.766778],[13.487722,-5.782647],[13.465587,-5.794285],[13.424734,-5.803725],[13.418875,-5.81349],[13.417735,-5.838881],[13.413748,-5.845636],[13.403819,-5.851007],[13.391531,-5.854913],[13.379893,-5.856296],[13.373302,-5.860772],[13.353038,-5.882501],[13.342052,-5.890476],[13.310476,-5.873956],[13.268809,-5.863458],[13.184337,-5.856296]]]}},{"type":"Feature","properties":{"dissolve":"46River","scalerank":2.0,"featurecla":"River","name":"Mekong","name_alt":null,"rivernum":46,"note":null,"min_zoom":2.1,"name_en":"Mekong","min_label":3.1},"bbox":[101.563569,10.004991,106.118663,18.441677],"geometry":{"type":"MultiLineString","coordinates":[[[103.090343,18.13703],[103.088634,18.135037],[103.109874,18.141954],[103.126475,18.152045],[103.138194,18.166856],[103.144786,18.188178],[103.150645,18.221706],[103.156993,18.237169],[103.167898,18.249945],[103.17628,18.255072],[103.184825,18.257921],[103.214773,18.262478],[103.236339,18.270209],[103.273041,18.276231],[103.286143,18.280544],[103.295014,18.28795],[103.29599,18.297065],[103.29005,18.305365],[103.24822,18.332831],[103.239757,18.336208],[103.237722,18.341742],[103.235037,18.345486],[103.233165,18.349473],[103.23349,18.356024],[103.243663,18.380316],[103.260509,18.400417],[103.282156,18.415717],[103.30657,18.425849],[103.386241,18.441677],[103.396251,18.441596],[103.451101,18.425482],[103.469656,18.422187],[103.474294,18.422309],[103.48878,18.424628],[103.497325,18.423936],[103.522878,18.417914],[103.548432,18.415595],[103.606619,18.40058],[103.621023,18.390937],[103.629649,18.383409],[103.638194,18.378201],[103.695242,18.35338],[103.708751,18.349921],[103.766694,18.346869],[103.784272,18.344102],[103.800955,18.338446],[103.816905,18.330593],[103.831716,18.320868],[103.841807,18.309272],[103.848399,18.296576],[103.857432,18.286648],[103.873546,18.283474],[103.88087,18.284613],[103.885509,18.287177],[103.889252,18.291327],[103.893321,18.297431],[103.90976,18.315497],[103.929128,18.327745],[103.950857,18.333197],[103.975027,18.330878],[103.999766,18.318671],[104.018321,18.299343],[104.068126,18.215603],[104.110606,18.114814],[104.122,18.095486],[104.135265,18.079901],[104.197765,18.025743],[104.21046,18.008857],[104.254812,17.915147],[104.263927,17.884833],[104.269949,17.874213],[104.277843,17.864854],[104.287201,17.856879],[104.352306,17.819525],[104.367442,17.800727],[104.389903,17.757392],[104.404552,17.740098],[104.408621,17.733913],[104.411388,17.727566],[104.417491,17.707831],[104.421886,17.699978],[104.451671,17.666124],[104.480886,17.64057],[104.63616,17.56269],[104.654552,17.55622],[104.70224,17.527533],[104.714285,17.515448],[104.733897,17.487128],[104.749278,17.458319],[104.756358,17.450141],[104.764415,17.444648],[104.781261,17.435411],[104.788585,17.429226],[104.792247,17.423692],[104.81601,17.372992],[104.81894,17.361274],[104.819835,17.349066],[104.81601,17.30032],[104.817963,17.240424],[104.813975,17.1942],[104.8095,17.17182],[104.744884,17.02501],[104.740001,17.002753],[104.749278,16.910956],[104.752859,16.90001],[104.762543,16.879218],[104.766043,16.868354],[104.766775,16.856309],[104.765066,16.844835],[104.757904,16.82213],[104.755951,16.810004],[104.756602,16.798651],[104.778087,16.71601],[104.778575,16.705105],[104.777273,16.6942],[104.763194,16.656928],[104.752859,16.615017],[104.748057,16.572089],[104.749034,16.549506],[104.754242,16.52912],[104.76474,16.511542],[104.782319,16.497341],[104.838634,16.467882],[104.855072,16.454291],[104.868582,16.438666],[104.879242,16.422065],[104.887299,16.40412],[104.896658,16.372911],[104.901378,16.362616],[104.907725,16.353583],[104.91684,16.345771],[104.943777,16.331],[104.951752,16.324571],[104.971283,16.304511],[104.979015,16.298855],[105.007091,16.283759],[105.015147,16.276882],[105.025971,16.257839],[105.029307,16.236151],[105.028575,16.191677],[105.032319,16.165473],[105.042247,16.141669],[105.057872,16.121365],[105.078868,16.105658],[105.237071,16.050971],[105.247081,16.049343],[105.288259,16.047634],[105.404552,16.018988],[105.414154,16.015448],[105.421641,16.010077],[105.423432,16.002387],[105.417735,15.99494],[105.406993,15.989081],[105.38616,15.980984],[105.362234,15.955024],[105.360362,15.919542],[105.372081,15.882351],[105.411713,15.799994],[105.422455,15.784044],[105.435313,15.771837],[105.447765,15.765082],[105.462006,15.763007],[105.503184,15.766384],[105.524994,15.763699],[105.568126,15.749579],[105.612641,15.721706],[105.640717,15.682196],[105.650483,15.634833],[105.640391,15.583523],[105.615896,15.52143],[105.611827,15.49962],[105.609955,15.457343],[105.604015,15.439399],[105.587983,15.424018],[105.552419,15.402167],[105.50587,15.387763],[105.485932,15.375067],[105.477061,15.353054],[105.482921,15.334744],[105.49879,15.324815],[105.519054,15.321234],[105.538178,15.321723],[105.593354,15.331855],[105.613862,15.329413],[105.632498,15.320136],[105.648204,15.305854],[105.659679,15.28852],[105.662527,15.279649],[105.66505,15.252387],[105.6692,15.240546],[105.675548,15.229763],[105.766694,15.132921]],[[101.563569,17.820502],[101.570242,17.829128],[101.574799,17.839952],[101.57724,17.853095],[101.57724,17.868272],[101.600027,17.85456],[101.61085,17.865749],[101.619395,17.884833],[101.635834,17.894965],[101.72877,17.91238],[101.732351,17.932196],[101.756602,17.997992],[101.765391,18.040473],[101.773529,18.058783],[101.790131,18.073757],[101.796397,18.073757],[101.805675,18.062567],[101.8449,18.052314],[101.883556,18.031073],[101.903819,18.037299],[102.070893,18.208686],[102.078136,18.214057],[102.153331,18.210313],[102.171641,18.200507],[102.178152,18.186225],[102.181651,18.16946],[102.191173,18.152289],[102.221446,18.131781],[102.22519,18.128363],[102.232839,18.124376],[102.256358,18.094265],[102.306407,18.051622],[102.336192,18.037218],[102.366222,18.039008],[102.384858,18.016221],[102.412039,17.994412],[102.445079,17.977891],[102.481619,17.9713],[102.567312,17.971015],[102.599294,17.95539],[102.611908,17.915473],[102.595225,17.850287],[102.5949,17.84101],[102.608897,17.837226],[102.660248,17.813056],[102.682546,17.810329],[102.682546,17.817572],[102.673106,17.831895],[102.667084,17.850287],[102.672781,17.865546],[102.686534,17.873643],[102.721772,17.881944],[102.737071,17.890652],[102.773529,17.922919],[102.831635,17.953396],[102.837576,17.963935],[102.852306,17.972235],[102.938406,18.009101],[102.9546,18.012315],[102.972585,18.007921],[103.003429,17.988715],[103.02003,17.984402],[103.037608,17.990912],[103.049083,18.005154],[103.057872,18.019477],[103.067882,18.025946],[103.072765,18.035753],[103.064464,18.094265],[103.065929,18.112494],[103.071056,18.125759],[103.079682,18.135037],[103.092296,18.141425]],[[105.781749,15.120551],[105.781505,15.121405],[105.781179,15.122138],[105.780772,15.122748],[105.780203,15.123318],[105.798839,15.111762],[105.8178,15.103135],[105.833914,15.091905],[105.844249,15.072537],[105.850108,15.050808],[105.855072,15.041205],[105.862885,15.032782],[105.890066,15.012966],[105.896983,15.003607],[105.903087,14.981228],[105.896251,14.911892],[105.904307,14.867214],[105.901947,14.834784],[105.903087,14.824042],[105.907481,14.813829],[105.928396,14.788601],[105.933686,14.777777],[105.935476,14.766466],[105.934581,14.75491],[105.931895,14.743191],[105.928152,14.732245],[105.923106,14.721951],[105.916921,14.71247],[105.88323,14.680854],[105.87672,14.671088],[105.873139,14.659451],[105.872488,14.647528],[105.874034,14.623399],[105.873057,14.610704],[105.870209,14.598904],[105.85255,14.55211],[105.849213,14.527777],[105.851329,14.47781],[105.879893,14.35517],[105.880056,14.322211],[105.869884,14.291124],[105.841807,14.230658],[105.837494,14.213324],[105.835948,14.195502],[105.840017,14.172878],[105.840261,14.165391],[105.83782,14.157742],[105.824474,14.137397],[105.820811,14.12934],[105.818126,14.120673],[105.816417,14.11168],[105.815929,14.102891],[105.819347,14.086941],[105.827078,14.07099],[105.837576,14.056993],[105.857595,14.041531],[105.86321,14.035509],[105.872813,14.021023],[105.879405,14.013861],[105.887136,14.010037],[105.920095,14.004503],[105.933523,14.00019],[105.946056,13.99372],[105.968272,13.976508],[105.973074,13.971747],[105.976329,13.966132],[105.977957,13.958035],[105.976573,13.950629],[105.971446,13.935818],[105.97226,13.919745],[105.980479,13.908026],[105.991466,13.897773],[106.000662,13.885932],[106.003347,13.876492],[106.001475,13.868354],[105.98585,13.844428],[105.982351,13.835273],[105.975027,13.797431],[105.97519,13.778632],[105.981293,13.761908],[105.99464,13.749579],[105.995616,13.745551],[106.007091,13.738634],[106.0171,13.727322],[106.031668,13.702094],[106.036713,13.686306],[106.036794,13.671251],[106.032644,13.656602],[106.021007,13.633897],[106.01946,13.625922],[106.017833,13.608995],[106.016368,13.602566],[106.013764,13.597032],[106.006847,13.586534],[105.944265,13.513943],[105.936046,13.496202],[105.929128,13.466661],[105.92571,13.457221],[105.907725,13.423611],[105.904877,13.40644],[105.912364,13.38821],[105.949311,13.350124],[105.956391,13.332587],[105.961029,13.269314],[105.967784,13.248562],[105.981375,13.229275],[106.032156,13.183173],[106.037852,13.174587],[106.042735,13.164903],[106.045909,13.154731],[106.04713,13.144477],[106.04599,13.135077],[106.038097,13.107774],[106.037201,13.085517],[106.0442,13.044379],[106.043061,13.03502],[106.039236,13.02558],[106.0206,12.997423],[106.016612,12.986436],[106.015066,12.945095],[106.011322,12.93183],[106.006765,12.924669],[105.989268,12.907823],[105.983409,12.899726],[105.97462,12.880398],[105.964692,12.851182],[105.960134,12.830634],[105.958914,12.809678],[105.960948,12.788886],[105.965831,12.775092],[105.97405,12.763617],[105.993744,12.74254],[106.002615,12.728542],[106.007335,12.713568],[106.016775,12.598212],[106.014903,12.582831],[106.000011,12.53738],[105.998057,12.523261],[106.000011,12.509467],[106.006928,12.495307],[106.025076,12.468573],[106.032481,12.454617],[106.037527,12.438747],[106.049734,12.345526],[106.048106,12.331122],[106.043956,12.316596],[106.03712,12.301215],[106.027599,12.286648],[106.015636,12.274237],[106.001069,12.265692],[105.983328,12.261746],[105.927826,12.265163],[105.827159,12.254177],[105.808849,12.25495],[105.604096,12.30032],[105.58782,12.299872],[105.572032,12.294053],[105.558442,12.282742],[105.54835,12.26793],[105.541433,12.251166],[105.537201,12.233954],[105.534923,12.207465],[105.536388,12.194281],[105.540131,12.181586],[105.552664,12.162665],[105.55714,12.152615],[105.556651,12.141669],[105.552989,12.135362],[105.541921,12.125027],[105.537608,12.118964],[105.531505,12.097357],[105.529226,12.075751],[105.523692,12.055732],[105.508393,12.038764],[105.488862,12.026801],[105.480479,12.019477],[105.474539,12.009467],[105.472097,11.998358],[105.470225,11.96365],[105.467377,11.953396],[105.463308,11.943793],[105.45753,11.935085],[105.450287,11.927191],[105.430919,11.914578],[105.410492,11.910834],[105.38974,11.91474],[105.346609,11.934882],[105.32545,11.936713],[105.279389,11.928656],[105.254812,11.929145],[105.208018,11.941474],[105.183523,11.940253],[105.173839,11.937079],[105.164236,11.932644],[105.155528,11.926703],[105.148529,11.919257],[105.143972,11.910102],[105.135916,11.87995],[105.121674,11.859646],[105.100841,11.849962],[105.076589,11.84748],[105.027843,11.850165],[105.016124,11.849189],[105.004405,11.845811],[104.993256,11.839464],[104.984386,11.83039],[104.980398,11.819281],[104.983816,11.806952],[104.99407,11.797675],[105.007498,11.789578],[105.018321,11.780341],[105.02003,11.767768],[105.014659,11.758409],[104.959972,11.708279],[104.95224,11.697943],[104.946788,11.685004],[104.947032,11.673611],[104.953624,11.649237],[104.955007,11.63585],[104.952403,11.594997]],[[104.950043,11.592556],[104.951182,11.590481]],[[104.951182,11.590888],[104.951182,11.590481]],[[104.951182,11.590481],[104.956554,11.580675],[104.964366,11.570014],[104.973725,11.561062],[104.985444,11.554145],[105.043793,11.538764],[105.066824,11.527208],[105.088308,11.512763],[105.111095,11.501003],[105.134858,11.491726],[105.157725,11.479519],[105.250418,11.408759],[105.258067,11.397528],[105.263194,11.384101],[105.268321,11.341335],[105.289073,11.260525],[105.290294,11.233018],[105.28183,11.210273],[105.249278,11.175482],[105.236339,11.154893],[105.221934,11.104071],[105.199148,11.05036],[105.193614,11.022284],[105.194021,10.99433],[105.215587,10.845282],[105.219493,10.830186],[105.227468,10.816718],[105.241222,10.805854],[105.257416,10.800849],[105.303722,10.799099],[105.314464,10.797065],[105.324311,10.792914],[105.332774,10.785753],[105.347992,10.764716],[105.35963,10.741523],[105.377045,10.668809],[105.378022,10.657904],[105.375255,10.627468],[105.378022,10.612128],[105.386974,10.599189],[105.402924,10.586941],[105.503998,10.537543],[105.514659,10.529731],[105.523936,10.520372],[105.531749,10.509101],[105.549815,10.474311],[105.557709,10.463935],[105.566335,10.456366],[105.631358,10.41706],[105.644786,10.413194],[105.686046,10.410712],[105.699474,10.407782],[105.711436,10.402289],[105.72169,10.394599],[105.766368,10.344306],[105.782156,10.330675],[105.799734,10.319688],[105.847585,10.301622],[105.897472,10.290229],[105.954682,10.288438],[105.984304,10.284125],[106.072765,10.260565],[106.100352,10.24905],[106.118663,10.237576]],[[104.951182,11.590481],[104.950857,11.587958],[104.949229,11.581895],[104.949229,11.579372],[104.950043,11.576931],[104.953136,11.572781],[104.9546,11.57038],[104.956472,11.564643],[104.956716,11.558783],[104.955496,11.553046],[104.952647,11.547675],[104.9428,11.536322],[104.94044,11.531602],[104.939464,11.526557],[104.940115,11.510443],[104.943289,11.494452],[104.951427,11.48074],[104.963471,11.470771],[104.97934,11.465888],[105.019135,11.464952],[105.037364,11.459499],[105.050385,11.444037],[105.052257,11.43476],[105.049571,11.426825],[105.043875,11.419989],[105.028087,11.407091],[105.020763,11.399115],[105.015636,11.389716],[105.013682,11.378526],[105.019216,11.359727],[105.046641,11.33279],[105.056651,11.316352],[105.057872,11.299018],[105.043956,11.245185],[105.042979,11.23432],[105.042979,11.224677],[105.045665,11.215603],[105.052257,11.20657],[105.064871,11.19363],[105.068777,11.18655],[105.071218,11.176581],[105.071218,11.051093],[105.064382,11.0067],[105.063975,10.995144],[105.065115,10.98432],[105.068614,10.973944],[105.074799,10.964179],[105.083263,10.955919],[105.092052,10.951687],[105.101654,10.949897],[105.113292,10.949042],[105.11321,10.930365],[105.097341,10.898953],[105.100027,10.881049],[105.105724,10.870469],[105.10906,10.861436],[105.108897,10.85224],[105.103445,10.841091],[105.090017,10.823513],[105.086355,10.813829],[105.087983,10.803412],[105.093679,10.794867],[105.122976,10.762274],[105.127859,10.753445],[105.130626,10.743842],[105.13323,10.721544],[105.135265,10.711859],[105.140147,10.703681],[105.148855,10.697333],[105.160818,10.692979],[105.198009,10.684923],[105.214366,10.674343],[105.220225,10.659044],[105.22405,10.622423],[105.230479,10.606309],[105.240815,10.590277],[105.253347,10.575751],[105.266612,10.564399],[105.283295,10.558051],[105.320567,10.553494],[105.334727,10.54503],[105.342459,10.529608],[105.346934,10.477891],[105.34962,10.471503],[105.353038,10.466986],[105.357514,10.463487],[105.410818,10.434597],[105.439138,10.414984],[105.444347,10.409003],[105.460134,10.3817],[105.478038,10.361396],[105.490489,10.350775],[105.495697,10.348212],[105.501557,10.336534],[105.605398,10.228583],[105.663503,10.147732],[105.708995,10.108507],[105.779226,10.064236],[105.810964,10.036892],[105.818289,10.028876],[105.837983,10.004991]]]}},{"type":"Feature","properties":{"dissolve":"47River","scalerank":2.0,"featurecla":"River","name":"Dihang","name_alt":null,"rivernum":47,"note":null,"min_zoom":2.1,"name_en":"Dihang","min_label":3.1},"bbox":[94.355968,28.002956,95.439138,29.893581],"geometry":{"type":"MultiLineString","coordinates":[[[94.355968,29.309516],[94.416515,29.353787],[94.424815,29.362331],[94.445404,29.392686],[94.462901,29.411933],[94.482595,29.428494],[94.502452,29.438666],[94.540701,29.448269],[94.552419,29.454535],[94.573416,29.476345],[94.582286,29.481798],[94.596283,29.486029],[94.627859,29.489529],[94.654552,29.48904],[94.663666,29.486355],[94.671967,29.481716],[94.680756,29.474799],[94.706554,29.464138],[94.730561,29.469591],[94.754405,29.480292],[94.78004,29.485134],[94.794932,29.484565],[94.806895,29.486151],[94.817312,29.491767],[94.835867,29.511257],[94.843435,29.517279],[94.861746,29.528266],[94.875255,29.540554],[94.924083,29.609565],[94.92628,29.621934],[94.913178,29.627265],[94.885916,29.633083],[94.890147,29.646267],[94.916596,29.668809],[94.911388,29.68419],[94.898692,29.690131],[94.891694,29.697211],[94.903575,29.71601],[94.954845,29.756944],[94.968679,29.758124],[94.996186,29.763617],[95.066335,29.76557],[95.084972,29.763739],[95.105886,29.758653],[95.116222,29.758612],[95.124522,29.764228],[95.127208,29.773546],[95.124115,29.782294],[95.117686,29.789618],[95.099701,29.801093],[95.093842,29.806505],[95.092459,29.813666],[95.107595,29.8581],[95.113048,29.867865],[95.128835,29.880194],[95.150971,29.889024],[95.174897,29.893581],[95.195079,29.89293],[95.206554,29.874091],[95.224132,29.866523],[95.245046,29.865994],[95.275808,29.868476],[95.286388,29.866889],[95.296479,29.863145],[95.303966,29.856798],[95.306895,29.850287],[95.307546,29.843533],[95.305919,29.836941],[95.302257,29.830919],[95.298269,29.82807],[95.287039,29.821845],[95.28419,29.818549],[95.288259,29.811225],[95.299408,29.805121],[95.369151,29.784451],[95.384044,29.771104],[95.386241,29.744412],[95.379975,29.72366],[95.379893,29.717149],[95.382253,29.711249],[95.390717,29.701199],[95.394216,29.695665],[95.396495,29.687812],[95.396414,29.680284],[95.392833,29.657294],[95.393891,29.635077],[95.388682,29.607245],[95.388194,29.594916],[95.393158,29.579779],[95.402192,29.562771],[95.406179,29.557685],[95.42213,29.543565],[95.425955,29.537177],[95.427989,29.529405],[95.428722,29.505561],[95.430919,29.498603],[95.437266,29.485622],[95.439138,29.478787],[95.437266,29.463813],[95.428722,29.450995],[95.31601,29.337266],[95.312511,29.330186],[95.254649,29.288398],[95.242198,29.284613],[95.214854,29.282497],[95.201752,29.278835],[95.154714,29.252265],[95.112315,29.218573],[95.101329,29.211941],[95.064708,29.196316],[95.053966,29.188341],[95.047781,29.18004],[95.044444,29.17654],[95.039154,29.173896],[95.032319,29.173041],[95.017589,29.174425],[95.010509,29.173896],[95.000906,29.16824],[95.000255,29.159735],[95.002859,29.149522],[95.00294,29.138861],[94.997569,29.130439],[94.969819,29.110663],[94.934662,29.07213],[94.916596,29.058905],[94.908702,29.051052],[94.904796,29.041205],[94.905284,29.0362],[94.906749,29.031602],[94.907237,29.026719],[94.904796,29.020941],[94.900645,29.016791],[94.86964,28.997585],[94.86321,28.992011],[94.857188,28.984646],[94.843272,28.96129],[94.837576,28.955634],[94.831147,28.950466],[94.816905,28.942572],[94.805675,28.939765],[94.796153,28.938503],[94.788503,28.934597],[94.783214,28.924018],[94.779714,28.89997],[94.778819,28.875434],[94.773448,28.854438],[94.774669,28.845567],[94.784679,28.841824],[94.785492,28.832546],[94.788097,28.826931],[94.793468,28.824083],[94.899994,28.824571],[94.915457,28.82099],[94.924083,28.811632],[94.924327,28.806423],[94.92213,28.803656],[94.918712,28.801703],[94.915619,28.798774],[94.913585,28.7956],[94.912527,28.793036],[94.912039,28.789862],[94.914073,28.773953],[94.916921,28.763007],[94.921316,28.752509],[94.92685,28.742987],[94.937755,28.733344],[94.965343,28.721015],[94.975597,28.712226],[94.977957,28.70539],[94.976736,28.690009],[94.977306,28.682725],[94.982514,28.675401],[94.990245,28.67536],[94.996755,28.678778],[94.999115,28.681952],[95.021495,28.631374],[95.031993,28.616034],[95.079031,28.567206],[95.097992,28.539374],[95.103526,28.507351],[95.099213,28.488471],[95.093679,28.472235],[95.090424,28.455756],[95.096202,28.418036],[95.092459,28.405788],[95.013438,28.326768],[94.999766,28.309353],[94.992931,28.286444],[94.988699,28.259385],[94.989513,28.250556],[94.992931,28.243109],[94.998139,28.237169],[95.010265,28.226386],[95.019054,28.214545],[95.024913,28.201728],[95.031993,28.173651],[95.037201,28.171658],[95.051768,28.161241],[95.06601,28.15587],[95.098888,28.149359],[95.129893,28.148057],[95.145274,28.150336],[95.160085,28.1553],[95.17335,28.163601],[95.182546,28.170844],[95.190847,28.175727],[95.200125,28.178331],[95.212169,28.178494],[95.22698,28.176622],[95.241466,28.173163],[95.255056,28.168036],[95.268158,28.160956],[95.275971,28.155341],[95.281342,28.149359],[95.284923,28.142157],[95.28948,28.123155],[95.293468,28.114529],[95.305756,28.097683],[95.316173,28.088731],[95.329031,28.081651],[95.355479,28.071153],[95.37672,28.065741],[95.384044,28.062608],[95.393077,28.054389],[95.397472,28.044949],[95.398204,28.03205],[95.396495,28.002956]]]}},{"type":"Feature","properties":{"dissolve":"48River","scalerank":2.0,"featurecla":"River","name":"Bratul Chillia","name_alt":null,"rivernum":48,"note":null,"min_zoom":2.1,"name_en":"Bratul Chillia","min_label":3.1},"bbox":[28.747,45.179999,29.671804,45.444119],"geometry":{"type":"MultiLineString","coordinates":[[[29.658702,45.216498],[29.663585,45.223456],[29.665945,45.230902],[29.66448,45.238105],[29.658702,45.244412],[29.671804,45.27322],[29.666596,45.31212],[29.649669,45.346381],[29.627696,45.361111],[29.615815,45.365587],[29.569347,45.395209],[29.430105,45.430609],[29.353282,45.436225],[29.343354,45.438422],[29.332449,45.44241],[29.321707,45.444119],[29.312429,45.439561],[29.30657,45.434394],[29.298757,45.429145],[29.289968,45.424872],[29.281342,45.422553],[29.260346,45.422309],[29.24407,45.424425],[29.22755,45.424018],[29.206147,45.415635],[29.191173,45.406521],[29.182628,45.399237],[29.178966,45.392117],[29.173839,45.389228],[29.149669,45.388129],[29.141368,45.385321],[29.127045,45.374783],[29.109874,45.36933],[29.069021,45.361111],[29.017589,45.331081],[29.004161,45.326361],[28.981944,45.325751],[28.973237,45.32392],[28.966075,45.320136],[28.959972,45.311591],[28.95696,45.292304],[28.952403,45.285346],[28.929291,45.279364],[28.909434,45.287665],[28.893158,45.300076],[28.880382,45.306464],[28.857677,45.309353],[28.831309,45.322537],[28.815684,45.326361],[28.789317,45.321641],[28.788097,45.3074],[28.789643,45.292304],[28.76116,45.282091],[28.759044,45.274441],[28.761974,45.265326],[28.766694,45.258083],[28.773855,45.253526],[28.802175,45.244412],[28.790945,45.235216],[28.77825,45.231309],[28.747,45.23074],[28.754812,45.222113],[28.794688,45.202826],[28.797455,45.197089],[28.795421,45.190294],[28.795502,45.184678],[28.805186,45.182318],[28.808849,45.184394],[28.821218,45.193915],[28.828868,45.196601],[28.847341,45.196479],[28.862315,45.192165],[28.883067,45.179999]]]}},{"type":"Feature","properties":{"dissolve":"497River","scalerank":7.0,"featurecla":"River","name":"Katun","name_alt":null,"rivernum":497,"note":null,"min_zoom":6.0,"name_en":"Katun","min_label":7.0},"bbox":[85.056163,49.610297,86.723155,52.490668],"geometry":{"type":"MultiLineString","coordinates":[[[85.775808,51.695583],[85.782319,51.701606],[85.791433,51.704047],[85.795095,51.708564],[85.758067,51.747382],[85.741628,51.760362],[85.739024,51.766181],[85.740326,51.778754],[85.747,51.78974],[85.756602,51.79739],[85.761648,51.805935],[85.754649,51.819648],[85.781993,51.837673],[85.788829,51.846991],[85.740326,51.860663],[85.758067,51.874213],[85.806895,51.88642],[85.834565,51.902371],[85.876475,51.919501],[85.872325,51.928738],[85.842296,51.959988],[85.834239,51.971381],[85.837169,51.982978],[85.85434,52.000922],[85.907237,52.036689],[85.9192,52.052436],[85.922781,52.089667],[85.909597,52.133734],[85.871349,52.216905],[85.834972,52.270209],[85.829682,52.288926],[85.832042,52.327216],[85.828543,52.343085],[85.81601,52.361599],[85.785492,52.391669],[85.768891,52.418647],[85.764903,52.42296],[85.743256,52.425849],[85.678966,52.443468],[85.53004,52.441921],[85.480968,52.449734],[85.460053,52.457953],[85.443777,52.467108],[85.426036,52.474555],[85.316417,52.490668],[85.158702,52.470771],[85.155528,52.464871],[85.15325,52.454698],[85.148448,52.444037],[85.137706,52.436632],[85.117686,52.444403],[85.091807,52.44599],[85.056163,52.433621]],[[86.302745,49.640448],[86.201752,49.64529],[86.152354,49.640448],[86.052257,49.61286],[86.001882,49.610297]],[[85.996104,49.610297],[85.752371,49.620632],[85.735606,49.624132],[85.726329,49.63349],[85.714854,49.660956],[85.703217,49.67829],[85.691498,49.686957],[85.678396,49.693712],[85.663178,49.705634],[85.650971,49.710761],[85.636322,49.711859],[85.62379,49.714911],[85.618582,49.726142],[85.615001,49.740912],[85.606049,49.752956],[85.540619,49.807563],[85.518972,49.821723],[85.495616,49.832221],[85.502208,49.848985],[85.496349,49.861599],[85.48642,49.872382],[85.481456,49.883816],[85.480886,49.913153],[85.482839,49.925849],[85.488862,49.942084],[85.466563,49.949815],[85.444428,49.964464],[85.431651,49.982449],[85.437266,50.00019],[85.442149,50.009833],[85.440359,50.020697],[85.436046,50.03144],[85.433604,50.041449],[85.436453,50.048448],[85.449799,50.069444],[85.4546,50.079291],[85.479503,50.147976],[85.481456,50.157782],[85.482188,50.182481],[85.48585,50.201728],[85.494233,50.216824],[85.509288,50.229519],[85.520112,50.233913],[85.545909,50.239081],[85.55714,50.243109],[85.566905,50.250922],[85.584076,50.267849],[85.647716,50.292589],[85.66448,50.291449],[85.757253,50.266059],[85.802175,50.261786],[85.851492,50.250515],[85.928315,50.219428],[85.976654,50.214871],[86.000011,50.209988],[86.020274,50.201524],[86.036876,50.189154],[86.043224,50.180365],[86.047862,50.171454],[86.053722,50.162665],[86.064138,50.154405],[86.078298,50.148139],[86.090343,50.146308],[86.234386,50.148871],[86.27589,50.1612],[86.309255,50.179145],[86.3178,50.181708],[86.562918,50.17003],[86.612885,50.181708],[86.626964,50.191107],[86.65504,50.217312],[86.664073,50.222683],[86.665131,50.228827],[86.720307,50.279486],[86.723155,50.28913],[86.718272,50.300849],[86.714773,50.322577],[86.709727,50.340155],[86.692312,50.376573],[86.694835,50.387763],[86.694835,50.393988],[86.684011,50.401964],[86.660655,50.436225],[86.653819,50.439399],[86.644786,50.441433],[86.636811,50.444851],[86.633393,50.452338],[86.635346,50.462226],[86.64446,50.476264],[86.646983,50.483344],[86.647716,50.502997],[86.642589,50.509833],[86.612885,50.518134],[86.593761,50.529608],[86.589366,50.538113],[86.589122,50.546413],[86.582612,50.557237],[86.532807,50.591864],[86.521007,50.611599],[86.534923,50.639512],[86.539236,50.668158],[86.492198,50.703803],[86.51767,50.725775],[86.514578,50.740546],[86.536632,50.758979],[86.531505,50.772976],[86.518158,50.777208],[86.478526,50.775743],[86.462494,50.780382],[86.482595,50.793769],[86.475841,50.804796],[86.458995,50.816352],[86.449474,50.831326],[86.445242,50.835273],[86.435557,50.838731],[86.426036,50.843817],[86.421641,50.852362],[86.419363,50.868516],[86.41269,50.876085],[86.387462,50.882839],[86.350108,50.887152],[86.339692,50.890245],[86.328624,50.898017],[86.324718,50.904731],[86.322276,50.911811],[86.315115,50.920722],[86.297455,50.931464],[86.288259,50.939032],[86.284434,50.94831],[86.283295,50.960801],[86.280284,50.971951],[86.270112,50.992703],[86.223155,51.033881],[86.215587,51.044257],[86.207937,51.068427],[86.190684,51.082099],[86.172537,51.093085],[86.16155,51.109402],[86.167979,51.124823],[86.19337,51.157782],[86.184662,51.164008],[86.158376,51.165066],[86.131602,51.169013],[86.108409,51.177558],[86.092703,51.191962],[86.089366,51.20246],[86.093354,51.220893],[86.092703,51.232937],[86.088145,51.240261],[86.081147,51.247097],[86.074799,51.256171],[86.072032,51.270128],[86.048595,51.311469],[86.038503,51.322618],[86.034434,51.331855],[86.031179,51.35578],[86.031749,51.362372],[86.033946,51.367499],[86.03297,51.373603],[86.024343,51.383124],[86.009776,51.390001],[86.001475,51.388048],[85.997813,51.389716],[85.997081,51.407294],[85.998139,51.415961],[85.999278,51.419745],[85.996593,51.42418],[85.986501,51.434638],[85.982026,51.445868],[85.987071,51.456977],[85.994395,51.468126],[85.997081,51.479315],[85.986908,51.495388],[85.923269,51.545233],[85.917572,51.551703],[85.914236,51.560858],[85.913503,51.576361],[85.908132,51.582709],[85.8956,51.58751],[85.872488,51.593777],[85.836681,51.610785],[85.80071,51.634955],[85.774913,51.663926],[85.77003,51.695583]]]}},{"type":"Feature","properties":{"dissolve":"49River","scalerank":2.0,"featurecla":"River","name":"Bratul Sfintu Gheorghe","name_alt":null,"rivernum":49,"note":null,"min_zoom":2.1,"name_en":"Bratul Sfintu Gheorghe","min_label":3.1},"bbox":[28.883067,44.888129,29.610932,45.179999],"geometry":{"type":"MultiLineString","coordinates":[[[28.883067,45.179999],[28.89088,45.175482],[28.931244,45.159125],[28.96282,45.14057],[29.028087,45.118679],[29.052257,45.114691],[29.107432,45.084662],[29.139415,45.073269],[29.158376,45.087348],[29.150645,45.088324],[29.137625,45.092353],[29.130382,45.093573],[29.130382,45.10102],[29.153575,45.113227],[29.168712,45.116767],[29.182384,45.111274],[29.2046,45.091864],[29.207042,45.083767],[29.206147,45.065619],[29.194916,45.063178],[29.190847,45.058621],[29.1963,45.049831],[29.20224,45.045762],[29.209972,45.042263],[29.217459,45.039862],[29.268809,45.035224],[29.281342,45.038926],[29.279307,45.036404],[29.276134,45.033881],[29.274506,45.032172],[29.280691,45.026068],[29.28297,45.022162],[29.286143,45.019884],[29.294932,45.018419],[29.290538,45.008612],[29.288178,45.004828],[29.295014,45.002265],[29.30185,44.99726],[29.30714,44.990017],[29.312511,44.970242],[29.320242,44.972683],[29.329031,44.979926],[29.335378,44.98371],[29.342865,44.980658],[29.351654,44.971869],[29.360362,44.970038],[29.365001,44.97252],[29.371349,44.977891],[29.379975,44.982733],[29.391856,44.98371],[29.383718,44.973741],[29.379161,44.96251],[29.381602,44.953396],[29.394949,44.94953],[29.400808,44.952257],[29.425304,44.970038],[29.44101,44.97309],[29.456065,44.970323],[29.524099,44.9442],[29.610932,44.888129]]]}},{"type":"Feature","properties":{"dissolve":"4Lake Centerline","scalerank":1.0,"featurecla":"Lake Centerline","name":"Nile","name_alt":null,"rivernum":4,"note":null,"min_zoom":2.0,"name_en":"Nile","min_label":3.0},"bbox":[31.090587,21.609198,32.94573,23.987657],"geometry":{"type":"MultiLineString","coordinates":[[[32.879405,23.987657],[32.877859,23.976833],[32.876231,23.954779],[32.872325,23.930732],[32.863292,23.893826],[32.871186,23.867865],[32.888438,23.839179],[32.900971,23.809516],[32.918549,23.785183],[32.918468,23.748725],[32.88974,23.661811],[32.872976,23.6317],[32.866222,23.599718],[32.86085,23.557196],[32.856375,23.538926],[32.865652,23.526475],[32.882335,23.510362],[32.894054,23.491767],[32.900971,23.454535],[32.898692,23.425808],[32.91212,23.396186],[32.938731,23.362494],[32.94573,23.335313],[32.9428,23.306749],[32.929617,23.289374],[32.881114,23.250922],[32.866466,23.225613],[32.841401,23.205024],[32.800873,23.196601],[32.781749,23.164008],[32.75294,23.109687],[32.72226,23.079617],[32.70517,23.055528],[32.68336,22.994574],[32.667572,22.971625],[32.647716,22.949083],[32.634044,22.936835],[32.622081,22.93126],[32.608002,22.921942],[32.592296,22.910264],[32.582042,22.888454],[32.584972,22.856024],[32.583263,22.822618],[32.577566,22.794379],[32.570811,22.771755],[32.555919,22.760443],[32.529796,22.751899],[32.50294,22.737413],[32.479015,22.722032],[32.454194,22.708564],[32.437999,22.696072],[32.421153,22.672309],[32.40325,22.643866],[32.394216,22.626532],[32.373464,22.620307],[32.340424,22.619696],[32.31129,22.626532],[32.291515,22.634101],[32.275401,22.653835],[32.273448,22.682685],[32.253022,22.709662],[32.216563,22.738064],[32.184662,22.750678],[32.135346,22.745469],[32.102794,22.735704],[32.074474,22.725857],[32.032156,22.704698],[31.99407,22.681912],[31.934093,22.627143],[31.914154,22.601671],[31.896251,22.572943],[31.883067,22.539618],[31.87794,22.50019],[31.860769,22.473822],[31.827566,22.454291],[31.784923,22.440253],[31.757335,22.428534],[31.724132,22.401801],[31.602306,22.312567],[31.530772,22.241034],[31.487071,22.203192],[31.441335,22.168565],[31.418875,22.149766],[31.394623,22.113552],[31.375418,22.075303],[31.363292,22.021064],[31.353038,21.957384],[31.343354,21.923122],[31.316987,21.880439],[31.295421,21.84988],[31.247325,21.820868],[31.222667,21.797309],[31.200857,21.766669],[31.194021,21.750067],[31.191498,21.722276],[31.184174,21.695502],[31.176362,21.672797],[31.159434,21.655707],[31.131277,21.647528],[31.10963,21.63463],[31.097911,21.617743],[31.090587,21.609198]]]}},{"type":"Feature","properties":{"dissolve":"4River","scalerank":1.0,"featurecla":"River","name":"Nile","name_alt":null,"rivernum":4,"note":null,"min_zoom":2.0,"name_en":"Nile","min_label":3.0},"bbox":[30.298839,15.634548,33.989268,30.123847],"geometry":{"type":"MultiLineString","coordinates":[[[32.879405,23.987657],[32.880056,24.008246],[32.872651,24.07331],[32.875499,24.090155],[32.886241,24.126247],[32.885671,24.144721],[32.872651,24.186306],[32.870535,24.199042],[32.872651,24.230984],[32.877371,24.245185],[32.899506,24.283474],[32.906749,24.303005],[32.908702,24.323676],[32.907237,24.410468],[32.910167,24.419501],[32.917003,24.428982],[32.924246,24.442003],[32.918549,24.448025],[32.899343,24.453192],[32.877859,24.489854],[32.88323,24.529853],[32.920421,24.610867],[32.930105,24.648953],[32.934011,24.688585],[32.927257,24.76911],[32.914154,24.809272],[32.877533,24.87287],[32.865245,24.905056],[32.864838,24.927558],[32.881358,24.956855],[32.885671,24.977647],[32.882091,25.01496],[32.872651,25.05032],[32.857188,25.082628],[32.836192,25.104926],[32.741222,25.154161],[32.686453,25.195339],[32.616222,25.231553],[32.583425,25.253445],[32.559581,25.283149],[32.550548,25.324042],[32.557384,25.402208],[32.553722,25.42414],[32.544526,25.440863],[32.523204,25.467353],[32.497813,25.508653],[32.482839,25.549831],[32.487885,25.585964],[32.523204,25.612006],[32.571544,25.624376],[32.59547,25.63642],[32.666026,25.758124],[32.68214,25.775417],[32.704112,25.782742],[32.727061,25.783881],[32.74879,25.789333],[32.764415,25.801703],[32.769542,25.823676],[32.762462,25.839179],[32.734793,25.865668],[32.728526,25.882025],[32.731619,25.906317],[32.739757,25.920844],[32.762787,25.94713],[32.780528,25.982733],[32.785818,26.006619],[32.779796,26.025987],[32.770518,26.04503],[32.768077,26.090888],[32.762787,26.11164],[32.750662,26.125067],[32.731619,26.138536],[32.711681,26.149034],[32.678152,26.159776],[32.664561,26.172309],[32.649099,26.180487],[32.625499,26.173692],[32.617198,26.165391],[32.613048,26.155463],[32.610281,26.146064],[32.605724,26.139594],[32.596446,26.137315],[32.569753,26.133857],[32.564057,26.12873],[32.552257,26.121121],[32.452159,26.117051],[32.434093,26.11164],[32.416921,26.100165],[32.395925,26.080634],[32.374604,26.068305],[32.358979,26.07392],[32.343761,26.083808],[32.323985,26.084337],[32.307221,26.070583],[32.30071,26.052354],[32.291108,26.036485],[32.26588,26.029731],[32.248139,26.035671],[32.241791,26.050605],[32.239757,26.070502],[32.235037,26.091173],[32.227061,26.102362],[32.212657,26.115912],[32.196707,26.127305],[32.183686,26.132148],[32.165701,26.142646],[32.132091,26.207872],[32.117117,26.218329],[32.101329,26.222113],[32.060476,26.221503],[32.057058,26.209499],[32.052989,26.185899],[32.041515,26.169949],[32.016124,26.180528],[32.009207,26.197699],[32.018077,26.240505],[32.012706,26.258734],[31.963878,26.30622],[31.89267,26.350694],[31.885753,26.361843],[31.877452,26.381049],[31.858409,26.394802],[31.83782,26.404853],[31.824229,26.413357],[31.811127,26.451199],[31.80836,26.541327],[31.790131,26.564154],[31.775808,26.566718],[31.768321,26.564643],[31.748546,26.550482],[31.735444,26.544949],[31.72519,26.543036],[31.703868,26.543647],[31.698253,26.555976],[31.714366,26.625596],[31.702647,26.641181],[31.682628,26.641181],[31.660655,26.637722],[31.642507,26.642646],[31.635671,26.649766],[31.632498,26.656358],[31.631847,26.664618],[31.631847,26.67711],[31.628347,26.690741],[31.619395,26.699897],[31.597097,26.714952],[31.545177,26.768826],[31.523367,26.799384],[31.508311,26.831081],[31.491628,26.88699],[31.481537,26.906806],[31.467865,26.925238],[31.381602,26.991889],[31.352794,27.023749],[31.30364,27.098578],[31.297374,27.137559],[31.279796,27.157904],[31.252533,27.165595],[31.217296,27.166815],[31.198497,27.174384],[31.187755,27.191026],[31.181244,27.207709],[31.17628,27.215277],[31.169444,27.216864],[31.163829,27.219102],[31.157319,27.218573],[31.141694,27.20657],[31.133067,27.203559],[31.123546,27.202012],[31.114513,27.201606],[31.112804,27.211493],[31.113048,27.256863],[31.111095,27.269884],[31.096934,27.276313],[31.05421,27.279161],[31.035411,27.283515],[31.02296,27.293158],[31.007742,27.318956],[30.995046,27.331326],[30.966238,27.346788],[30.963145,27.355902],[30.973888,27.37226],[30.940929,27.384101],[30.907319,27.401068],[30.878184,27.420762],[30.857921,27.441189],[30.848888,27.459784],[30.852306,27.470771],[30.860281,27.481635],[30.864757,27.499538],[30.861501,27.519355],[30.85019,27.554389],[30.851085,27.577704],[30.857514,27.597113],[30.875418,27.631903],[30.878917,27.65001],[30.882253,27.6553],[30.889171,27.661078],[30.896251,27.66824],[30.899425,27.67768],[30.897553,27.687567],[30.888682,27.710761],[30.885753,27.722357],[30.885753,27.801134],[30.88144,27.806342],[30.862234,27.815538],[30.857921,27.821357],[30.856375,27.829901],[30.848237,27.843288],[30.844249,27.852078],[30.841563,27.870469],[30.844249,27.886908],[30.848643,27.902167],[30.851085,27.917263],[30.849132,27.973904],[30.842377,28.006537],[30.840424,28.027777],[30.837413,28.037665],[30.832612,28.043565],[30.819021,28.056708],[30.816173,28.061591],[30.808849,28.071397],[30.761729,28.105902],[30.752859,28.118964],[30.746349,28.133246],[30.742442,28.150214],[30.741222,28.171169],[30.742117,28.179389],[30.744233,28.18948],[30.747651,28.197943],[30.75644,28.207546],[30.752452,28.221055],[30.741222,28.243109],[30.737885,28.262152],[30.741222,28.322292],[30.743337,28.327216],[30.748057,28.331895],[30.752696,28.338568],[30.756358,28.357245],[30.759858,28.366156],[30.764578,28.374294],[30.769054,28.380316],[30.816905,28.41531],[30.823741,28.424994],[30.825776,28.430447],[30.835216,28.447781],[30.837413,28.458808],[30.836192,28.471055],[30.832937,28.477159],[30.828298,28.481798],[30.823741,28.489529],[30.819835,28.507636],[30.822765,28.52322],[30.827729,28.538153],[30.830496,28.554714],[30.831065,28.564032],[30.832612,28.573065],[30.835704,28.58157],[30.840831,28.588894],[30.844493,28.597602],[30.842052,28.606024],[30.837983,28.615302],[30.837413,28.626736],[30.844493,28.641425],[30.855968,28.654242],[30.86671,28.669623],[30.873627,28.708116],[30.879649,28.719346],[30.899425,28.743435],[30.907319,28.759955],[30.908946,28.77619],[30.906261,28.81505],[30.910085,28.829657],[30.9192,28.846381],[30.939708,28.873725],[31.010509,28.941962],[31.029226,28.969306],[31.042735,29.008328],[31.052989,29.028754],[31.066417,29.037624],[31.077647,29.04206],[31.117931,29.072333],[31.148529,29.11282],[31.159434,29.123114],[31.170909,29.139512],[31.173269,29.14407],[31.174815,29.157294],[31.178233,29.164171],[31.182872,29.168728],[31.216401,29.221991],[31.220876,29.2331],[31.212006,29.348212],[31.213471,29.359727],[31.216889,29.365343],[31.22226,29.371121],[31.226817,29.379706],[31.227794,29.393866],[31.225352,29.405341],[31.21575,29.417426],[31.213471,29.428575],[31.215343,29.437079],[31.220144,29.442898],[31.22698,29.44831],[31.23463,29.455919],[31.244151,29.473171],[31.261811,29.531684],[31.267833,29.53795],[31.274669,29.541693],[31.280284,29.547187],[31.28297,29.558946],[31.271251,29.587714],[31.268647,29.599921],[31.270437,29.62519],[31.277273,29.644558],[31.288503,29.658718],[31.30364,29.668809],[31.280365,29.69656],[31.271983,29.712592],[31.268647,29.733425],[31.272472,29.754177],[31.290131,29.784369],[31.296804,29.805365],[31.296479,29.843329],[31.288666,29.884955],[31.275971,29.922675],[31.261811,29.948798],[31.236339,29.974433],[31.225352,29.989366],[31.220876,30.007758],[31.237397,30.11461],[31.236908,30.123847]],[[33.693044,18.489],[33.685069,18.500922],[33.683849,18.521755],[33.701427,18.594265],[33.699962,18.653388],[33.695079,18.673529],[33.688243,18.690985],[33.67213,18.715522],[33.667491,18.720038],[33.660248,18.724229],[33.649994,18.725531],[33.636648,18.725409],[33.624929,18.727322],[33.619884,18.734727],[33.615001,18.738145],[33.581716,18.738552],[33.570242,18.741482],[33.563243,18.749213],[33.559581,18.760037],[33.557872,18.77204],[33.558686,18.778428],[33.563894,18.796332],[33.564708,18.8074],[33.562266,18.81745],[33.550385,18.844672],[33.553152,18.906684],[33.557872,18.923448],[33.574636,18.953437],[33.578298,18.964423],[33.579845,18.976589],[33.577159,19.141425],[33.561615,19.178982],[33.533946,19.206977],[33.478282,19.234483],[33.4428,19.260688],[33.424815,19.26911],[33.421641,19.276679],[33.420665,19.296495],[33.418386,19.309434],[33.412852,19.318793],[33.400157,19.334337],[33.391531,19.355902],[33.379649,19.423163],[33.350597,19.443671],[33.318451,19.461737],[33.284272,19.476182],[33.084972,19.526801],[33.057709,19.529161],[33.035574,19.525336],[33.016612,19.516059],[32.999278,19.502265],[32.993337,19.494656],[32.98585,19.47724],[32.97877,19.4678],[32.969656,19.461249],[32.962006,19.460883],[32.953543,19.462999],[32.940929,19.464057],[32.898692,19.455512],[32.869558,19.436103],[32.824799,19.375922],[32.8213,19.368516],[32.820079,19.363145],[32.817882,19.358913],[32.810557,19.354844],[32.810069,19.351142],[32.80714,19.346055],[32.796886,19.334337],[32.773936,19.341579],[32.757823,19.325954],[32.745046,19.304307],[32.720795,19.285427],[32.712413,19.266425],[32.700694,19.225165],[32.683116,19.18891],[32.656749,19.165107],[32.620046,19.152533],[32.571544,19.15001],[32.525401,19.154364],[32.508718,19.147528],[32.501964,19.12519],[32.500011,19.101386],[32.494395,19.08865],[32.475352,19.06684],[32.465587,19.040107],[32.461681,19.032742],[32.451915,19.024115],[32.428152,19.01081],[32.416759,19.002021],[32.383393,18.96247],[32.358002,18.923448],[32.355398,18.913601],[32.355072,18.904405],[32.353038,18.896267],[32.34433,18.88935],[32.334076,18.887966],[32.320404,18.889757],[32.308604,18.893866],[32.303477,18.899237],[32.294526,18.913031],[32.273529,18.913682],[32.191987,18.89171],[32.159434,18.87226],[32.090587,18.820421],[32.053722,18.798651],[32.036713,18.784776],[32.029714,18.768907],[32.034109,18.748114],[32.044363,18.734442],[32.055756,18.723415],[32.063894,18.710557],[32.066661,18.661322],[32.046479,18.619249],[32.011241,18.588487],[31.968272,18.573432],[31.955333,18.572292],[31.942393,18.572781],[31.930268,18.575385],[31.919851,18.580878],[31.88795,18.571641],[31.878917,18.567206],[31.873139,18.560167],[31.862397,18.538926],[31.819835,18.48668],[31.803722,18.456244],[31.786143,18.410427],[31.77825,18.366156],[31.766368,18.350613],[31.728038,18.327582],[31.703705,18.303656],[31.691661,18.28795],[31.686534,18.276068],[31.679698,18.251492],[31.663259,18.232489],[31.625011,18.196641],[31.58546,18.135281],[31.562999,18.108181],[31.528819,18.080593],[31.49171,18.059516],[31.450694,18.044216],[31.407807,18.036648],[31.365001,18.039008],[31.342214,18.042751],[31.325206,18.042589],[31.309093,18.037421],[31.207286,17.984402],[31.171886,17.999335],[31.153901,18.003445],[31.135265,18.004828],[31.114675,18.008653],[31.095714,18.01789],[31.063406,18.039008],[31.044037,18.046698],[31.026541,18.048529],[30.98406,18.046454],[30.961518,18.053819],[30.945893,18.071316],[30.926036,18.107856],[30.893077,18.130398],[30.807546,18.144395],[30.769054,18.169298],[30.757742,18.186794],[30.737804,18.235134],[30.734386,18.25495],[30.729096,18.269477],[30.706065,18.306098],[30.700206,18.327582],[30.701915,18.348497],[30.712006,18.383572],[30.714447,18.405544],[30.713145,18.429307],[30.709402,18.449652],[30.702729,18.467556],[30.69337,18.483995],[30.682384,18.497138],[30.624034,18.546658],[30.586925,18.593451],[30.576671,18.615587],[30.559174,18.709174],[30.535737,18.752143],[30.515391,18.823269],[30.504812,18.834093],[30.491628,18.841824],[30.485362,18.86046],[30.480479,18.90294],[30.466889,18.95543],[30.466807,18.971259],[30.485037,19.029486],[30.487885,19.049831],[30.487885,19.204657],[30.490977,19.222113],[30.486501,19.236518],[30.479259,19.250352],[30.473643,19.266059],[30.473074,19.279853],[30.477957,19.323798],[30.490001,19.352322],[30.48878,19.370632],[30.483328,19.388861],[30.477061,19.40294],[30.471934,19.420111],[30.466807,19.478339],[30.455577,19.506659],[30.439464,19.532335],[30.403738,19.570014],[30.398529,19.584174],[30.398529,19.663357],[30.395274,19.681708],[30.371186,19.724799],[30.368175,19.745225],[30.368907,19.760037],[30.365652,19.772732],[30.350678,19.786892],[30.334239,19.793972],[30.318858,19.798163],[30.307384,19.80683],[30.302989,19.827501],[30.312022,19.867214],[30.336029,19.8817],[30.368663,19.886501],[30.404796,19.896755],[30.442882,19.923651],[30.459972,19.930854],[30.480235,19.934516],[30.539154,19.930854],[30.56544,19.942979],[30.587169,19.972439],[30.601003,20.008328],[30.604015,20.040107],[30.59962,20.053982],[30.576671,20.094753],[30.566335,20.132351],[30.562429,20.170111],[30.563731,20.187445],[30.567475,20.20539],[30.587494,20.258409],[30.586843,20.272244],[30.569835,20.300808],[30.547374,20.330919],[30.523204,20.347276],[30.493175,20.354071],[30.453136,20.355414],[30.418224,20.348904],[30.401947,20.349921],[30.388276,20.361884],[30.358165,20.423692],[30.330577,20.523139],[30.312918,20.550889],[30.298839,20.582058],[30.306163,20.615668],[30.324718,20.646837],[30.352306,20.682074],[30.362397,20.699001],[30.370128,20.717149],[30.371186,20.732204],[30.361746,20.745795],[30.348074,20.756944],[30.338308,20.769558],[30.340424,20.787421],[30.348888,20.801622],[30.360281,20.814236],[30.374441,20.82099],[30.409679,20.814643],[30.473643,20.828396],[30.509288,20.831081],[30.542572,20.838324],[30.566987,20.857856],[30.576671,20.896999],[30.577647,20.974921],[30.580658,20.979682],[30.593761,20.989122],[30.597911,20.997016],[30.599864,21.018012],[30.604015,21.027615],[30.627533,21.042182],[30.699229,21.073594],[30.714447,21.092475],[30.70517,21.126166],[30.688243,21.149848],[30.678966,21.17296],[30.69337,21.205146],[30.716319,21.226386],[30.769542,21.25788],[30.792979,21.277126],[30.809093,21.285712],[30.845795,21.284776],[30.861339,21.290798],[30.875499,21.301093],[30.905854,21.31741],[30.919932,21.328681],[30.959727,21.370225],[30.972585,21.380927],[30.987397,21.396348],[30.993582,21.413194],[30.961925,21.453681],[30.979991,21.481391],[31.035411,21.520453],[31.054291,21.538398],[31.069591,21.56037],[31.090587,21.609198]],[[33.693044,18.489],[33.693289,18.489814]],[[33.790538,18.352403],[33.774099,18.375027],[33.712169,18.424669],[33.695323,18.443468],[33.686941,18.465644],[33.693044,18.489]],[[32.490164,15.634548],[32.498953,15.652696],[32.501964,15.667996],[32.503347,15.685411],[32.510997,15.720282],[32.526947,15.765937],[32.530284,15.781114],[32.53004,15.798285],[32.519054,15.829454],[32.518484,15.844306],[32.549897,15.882839],[32.550304,15.919135],[32.536876,15.990098],[32.536876,16.114773],[32.540294,16.137803],[32.5442,16.14529],[32.547293,16.166449],[32.550548,16.175645],[32.556733,16.183783],[32.581554,16.205756],[32.592052,16.220282],[32.598725,16.235948],[32.607921,16.251044],[32.625499,16.26378],[32.667084,16.273627],[32.681407,16.282904],[32.687022,16.305447],[32.689545,16.326606],[32.697276,16.335761],[32.728526,16.346381],[32.72991,16.371609],[32.741791,16.386054],[32.779796,16.411892],[32.785167,16.420437],[32.793549,16.439032],[32.831065,16.46308],[32.862559,16.498969],[32.973888,16.544704],[32.995209,16.547878],[33.01295,16.541571],[33.028331,16.53144],[33.047374,16.525417],[33.068858,16.523057],[33.091807,16.524522],[33.12672,16.53498],[33.153901,16.552598],[33.252452,16.64171],[33.278575,16.659613],[33.392019,16.686387],[33.426199,16.700792],[33.454845,16.716905],[33.481049,16.737087],[33.497162,16.746894],[33.513194,16.751044],[33.557221,16.75377],[33.580577,16.757921],[33.598725,16.764716],[33.62379,16.790229],[33.680756,16.895087],[33.706554,16.926703],[33.729503,16.963568],[33.74171,17.003852],[33.735362,17.045925],[33.726817,17.05919],[33.715587,17.072333],[33.705984,17.086778],[33.701915,17.103949],[33.70696,17.129706],[33.719168,17.145697],[33.73463,17.160427],[33.749034,17.18244],[33.753184,17.201443],[33.749034,17.268744],[33.752859,17.293524],[33.763194,17.313788],[33.778575,17.331244],[33.827159,17.374701],[33.852306,17.405788],[33.872325,17.441921],[33.886241,17.484076],[33.893647,17.531684],[33.902354,17.556505],[33.917247,17.567247],[33.939871,17.574246],[33.959727,17.591376],[33.97462,17.613471],[33.982432,17.634874],[33.983653,17.65705],[33.975597,17.720567],[33.977306,17.742703],[33.989268,17.80622],[33.97405,18.023546],[33.927989,18.264716],[33.897227,18.317084],[33.852061,18.313992],[33.852061,18.320176],[33.817475,18.318061],[33.791596,18.351142],[33.75644,18.451483],[33.751069,18.462429],[33.742768,18.471015],[33.731944,18.474799],[33.707774,18.476671],[33.698497,18.480902],[33.693044,18.489]]]}},{"type":"Feature","properties":{"dissolve":"50River","scalerank":2.0,"featurecla":"River","name":"Bratul Sulina","name_alt":null,"rivernum":50,"note":null,"min_zoom":2.1,"name_en":"Bratul Sulina","min_label":3.1},"bbox":[28.882742,45.14879,29.68214,45.196601],"geometry":{"type":"MultiLineString","coordinates":[[[28.882742,45.179796],[28.89088,45.182318],[28.945811,45.195339],[28.969493,45.196601],[28.980235,45.193305],[28.999441,45.178778],[29.010997,45.175482],[29.483653,45.169257],[29.49171,45.171332],[29.505463,45.180284],[29.510997,45.182318],[29.516043,45.183458],[29.52532,45.188585],[29.531505,45.189765],[29.539561,45.187852],[29.543468,45.183458],[29.545665,45.178738],[29.548839,45.175482],[29.580089,45.168891],[29.655284,45.160997],[29.68214,45.14879]]]}},{"type":"Feature","properties":{"dissolve":"51River","scalerank":2.0,"featurecla":"River","name":"Brahmaputra","name_alt":null,"rivernum":51,"note":null,"min_zoom":2.1,"name_en":"Brahmaputra","min_label":3.1},"bbox":[89.612722,23.461982,95.47169,28.002956],"geometry":{"type":"MultiLineString","coordinates":[[[95.396495,28.002956],[95.401541,27.971991],[95.418956,27.941718],[95.441335,27.915554],[95.461518,27.896796],[95.47169,27.871365],[95.459483,27.843858],[95.437266,27.824815],[95.417003,27.824774],[95.403331,27.809353],[95.38323,27.793809],[95.360281,27.781806],[95.33839,27.776964],[95.330333,27.772406],[95.293468,27.742784],[95.254405,27.730333],[95.217703,27.725287],[95.149425,27.701239],[95.108165,27.696601],[95.098155,27.691352],[95.090831,27.679267],[95.085541,27.653428],[95.081147,27.640448],[95.093435,27.650906],[95.104096,27.666775],[95.116954,27.68122],[95.135753,27.687567],[95.144135,27.680487],[95.148367,27.663764],[95.147065,27.644395],[95.139415,27.629584],[95.102468,27.60989],[95.024913,27.606757],[94.992442,27.599433],[94.954845,27.574652],[94.94394,27.569403],[94.933116,27.569648],[94.92335,27.571641],[94.916596,27.57156],[94.906342,27.561876],[94.88087,27.528591],[94.875662,27.520046],[94.868175,27.502997],[94.850678,27.501044],[94.831391,27.503485],[94.817556,27.499538],[94.761811,27.458319],[94.752208,27.448594],[94.76946,27.435004],[94.757823,27.419257],[94.721446,27.396796],[94.703136,27.382432],[94.66684,27.363796],[94.649832,27.351833],[94.654796,27.349148],[94.664806,27.341498],[94.670095,27.338731],[94.667003,27.334825],[94.665538,27.331407],[94.66448,27.327989],[94.662852,27.32449],[94.646495,27.328152],[94.631847,27.316107],[94.620616,27.29621],[94.615001,27.276679],[94.622813,27.287462],[94.634532,27.29918],[94.648448,27.308417],[94.662852,27.311469],[94.681407,27.305691],[94.684255,27.294949],[94.676687,27.282009],[94.662852,27.269884],[94.658376,27.269599],[94.654307,27.272406],[94.648367,27.273057],[94.631847,27.260606],[94.61964,27.253607],[94.615001,27.249376],[94.60849,27.23725],[94.601329,27.194159],[94.592865,27.199815],[94.587901,27.207587],[94.586355,27.217353],[94.587576,27.228868],[94.571056,27.218085],[94.565359,27.197048],[94.566498,27.150092],[94.565684,27.139838],[94.560313,27.115587],[94.554779,27.101386],[94.542003,27.09988],[94.518891,27.106024],[94.500906,27.096869],[94.471446,27.069525],[94.4546,27.063788],[94.448416,27.059394],[94.445404,27.049018],[94.444347,27.026882],[94.440684,27.016669],[94.432221,27.007758],[94.417003,26.996161],[94.406261,26.985134],[94.399832,26.980536],[94.389171,26.975653],[94.359386,26.969916],[94.351492,26.965155],[94.325287,26.938788],[94.308116,26.927598],[94.286632,26.920437],[94.264578,26.919013],[94.20753,26.927273],[94.196869,26.92418],[94.184255,26.916571],[94.173757,26.906602],[94.169444,26.896552],[94.164643,26.896674],[94.155284,26.883246],[94.147716,26.86872],[94.148936,26.86579],[94.143565,26.862372],[94.121593,26.852159],[94.121186,26.855414],[94.121593,26.86579],[94.114757,26.858344],[94.113292,26.869452],[94.119395,26.883246],[94.135183,26.906806],[94.113455,26.912421],[94.093435,26.901923],[94.076427,26.88703],[94.063487,26.879462],[94.044363,26.875841],[94.0088,26.858466],[93.991222,26.852159],[93.945567,26.841579],[93.927013,26.831651],[93.906505,26.813992],[93.877533,26.778673],[93.863373,26.765937],[93.841075,26.755927],[93.763764,26.739529],[93.751557,26.732042],[93.656668,26.714952],[93.635916,26.718085],[93.61671,26.724799],[93.59905,26.734239],[93.583588,26.746039],[93.567963,26.75198],[93.5053,26.755927],[93.462576,26.766954],[93.439952,26.768093],[93.415701,26.762152],[93.410818,26.759589],[93.406668,26.756049],[93.377452,26.723456],[93.368337,26.718451],[93.357595,26.718451],[93.346202,26.723009],[93.325776,26.734931],[93.313243,26.739773],[93.300222,26.741767],[93.28712,26.740912],[93.274343,26.737128],[93.248057,26.724433],[93.183116,26.674018],[93.141612,26.654568],[93.119151,26.647488],[93.10434,26.649766],[93.086681,26.656195],[93.062511,26.654608],[93.018565,26.646064],[92.898448,26.65351],[92.884207,26.650987],[92.880626,26.644477],[92.879975,26.635443],[92.874522,26.625596],[92.85377,26.612006],[92.833751,26.608344],[92.732595,26.613593],[92.710704,26.611355],[92.67628,26.600206],[92.657156,26.590847],[92.648692,26.581244],[92.644542,26.5692],[92.623139,26.53323],[92.614513,26.52322],[92.594737,26.517524],[92.508067,26.515733],[92.478933,26.519477],[92.429698,26.534695],[92.401541,26.5362],[92.391205,26.53323],[92.353282,26.515733],[92.325125,26.508165],[92.313894,26.502712],[92.302013,26.492133],[92.292735,26.487576],[92.255056,26.474799],[92.249522,26.473944],[92.24464,26.471544],[92.240652,26.468044],[92.237071,26.463568],[92.234386,26.458319],[92.232432,26.452704],[92.230968,26.446885],[92.230235,26.44123],[92.22462,26.44123],[92.202647,26.454617],[92.172781,26.442939],[92.124441,26.403388],[92.110362,26.394843],[92.075776,26.380154],[92.065847,26.372382],[92.063406,26.358751],[92.069265,26.326117],[92.065847,26.309638],[92.056895,26.30329],[92.040701,26.297146],[92.022472,26.292304],[92.007823,26.290391],[91.997081,26.287055],[91.970795,26.272081],[91.952891,26.268663],[91.933523,26.269558],[91.924734,26.268012],[91.915701,26.262885],[91.911876,26.258979],[91.902599,26.246161],[91.897553,26.24197],[91.891205,26.238796],[91.884369,26.236599],[91.878022,26.235378],[91.869884,26.235867],[91.854096,26.239691],[91.846121,26.239325],[91.692393,26.171942],[91.665294,26.166449],[91.619395,26.171332],[91.606944,26.1706],[91.595144,26.16706],[91.542084,26.144843],[91.529063,26.141059],[91.498139,26.139757],[91.39088,26.170437],[91.37558,26.172146],[91.360444,26.171576],[91.329845,26.164008],[91.316417,26.162177],[91.302826,26.162665],[91.288178,26.165595],[91.275076,26.170478],[91.250418,26.183214],[91.198253,26.202826],[91.135509,26.213568],[91.119721,26.211859],[91.062104,26.186835],[91.029552,26.179999],[90.963796,26.17414],[90.932872,26.162543],[90.902843,26.142646],[90.887462,26.134955],[90.869151,26.130886],[90.84962,26.130439],[90.839692,26.1317],[90.831065,26.134711],[90.825125,26.139024],[90.813975,26.149197],[90.807384,26.15351],[90.7942,26.157986],[90.752452,26.160183],[90.739513,26.162787],[90.728282,26.167548],[90.706391,26.180121],[90.682058,26.190009],[90.583018,26.205146],[90.506847,26.228705],[90.490001,26.228868],[90.473888,26.224555],[90.459972,26.214871],[90.434255,26.178249],[90.421479,26.168402],[90.402924,26.161444],[90.364513,26.154568],[90.346121,26.148301],[90.308442,26.125067],[90.294037,26.119737],[90.242442,26.11282],[90.226329,26.106472],[90.1963,26.084499],[90.176768,26.077216],[90.135753,26.067654],[90.045421,26.034044],[89.97519,26.018988],[89.954194,26.010688],[89.936615,25.99433],[89.904063,25.941962],[89.889659,25.926459],[89.859386,25.902167],[89.846446,25.888739],[89.836436,25.871405],[89.812999,25.815741],[89.744884,25.709499],[89.736827,25.69184],[89.722585,25.630927],[89.7046,25.592963],[89.697765,25.572943],[89.697032,25.550727],[89.70696,25.506212],[89.707612,25.483344],[89.698416,25.438788],[89.699229,25.417344],[89.697276,25.399278],[89.691417,25.382025],[89.675385,25.348944],[89.670909,25.324327],[89.678315,25.305243],[89.690929,25.287177],[89.700776,25.265733],[89.702647,25.241767],[89.696707,25.219916],[89.685069,25.200141],[89.662527,25.173367],[89.65797,25.163845],[89.649994,25.130683],[89.626231,25.074774],[89.612722,24.959825],[89.612722,24.94835],[89.614268,24.937079],[89.618093,24.926215],[89.624278,24.915839],[89.647472,24.889838],[89.658132,24.8699],[89.665294,24.848334],[89.670665,24.802924],[89.673595,24.791531],[89.679291,24.780707],[89.7046,24.750556],[89.715831,24.726426],[89.731537,24.651719],[89.759858,24.586982],[89.767996,24.549587],[89.768972,24.53087],[89.767345,24.511176],[89.759288,24.479844],[89.758311,24.442572],[89.749034,24.370551],[89.749034,24.360785],[89.7553,24.322455],[89.754649,24.283271],[89.751475,24.268256],[89.749034,24.26081],[89.734793,24.232733],[89.733165,24.22366],[89.734874,24.216498],[89.741222,24.201199],[89.743175,24.193183],[89.743337,24.183783],[89.739675,24.156684],[89.740326,24.131293],[89.739675,24.122992],[89.734793,24.105984],[89.701671,24.035509],[89.696788,24.016059],[89.695811,23.997016],[89.700287,23.958116],[89.726085,23.884467],[89.744395,23.858669],[89.785655,23.796739],[89.803722,23.779812],[89.843272,23.756049],[89.855072,23.746609],[89.908621,23.67414],[89.920095,23.665229],[89.934011,23.659776],[89.969005,23.652167],[89.985037,23.644355],[90.142589,23.544501],[90.170339,23.520453],[90.19337,23.506903],[90.212901,23.495469],[90.225352,23.483018],[90.235281,23.474392],[90.250092,23.461982]],[[89.755463,24.274441],[89.75644,24.272895],[89.75823,24.271511],[89.763927,24.268012],[89.765717,24.264268],[89.792572,24.237576],[89.803722,24.2296],[89.806651,24.226589],[89.807628,24.221218],[89.808116,24.199327],[89.826101,24.195136],[89.829845,24.185981],[89.827891,24.176825],[89.828868,24.172634],[89.832286,24.166124],[89.828298,24.151801],[89.826427,24.137559],[89.835704,24.131049],[89.8838,24.131049],[89.907156,24.089464],[89.913259,24.08747],[89.922781,24.086778],[89.931244,24.085069],[89.935069,24.079861],[89.936453,24.071804],[89.940033,24.065741],[89.961436,24.039618],[89.970307,24.034857],[89.996349,24.035468],[90.026296,24.030707],[90.038503,24.03087],[90.050955,24.035468],[90.044932,24.021796],[90.066417,24.015082],[90.083507,24.013048],[90.094737,24.005968],[90.103282,23.967719],[90.114675,23.955919],[90.146658,23.939276],[90.148936,23.936713],[90.151296,23.932644],[90.154714,23.928412],[90.160248,23.925605],[90.166108,23.925889],[90.169037,23.932644],[90.174571,23.933051],[90.194591,23.925971],[90.205007,23.920844],[90.212169,23.915635],[90.22698,23.898017],[90.238292,23.880398],[90.246023,23.86046],[90.250418,23.836249],[90.240896,23.797431],[90.222992,23.757188],[90.220225,23.729356],[90.256602,23.727607],[90.276541,23.737413],[90.290701,23.749701],[90.302664,23.756659],[90.315115,23.750556],[90.347179,23.715766],[90.35963,23.706488],[90.378022,23.697821],[90.405284,23.693793],[90.421641,23.686062],[90.466889,23.643866],[90.476329,23.631415],[90.457042,23.625515],[90.458018,23.608507],[90.476329,23.582953]]]}},{"type":"Feature","properties":{"dissolve":"52River","scalerank":2.0,"featurecla":"River","name":"Borcea","name_alt":null,"rivernum":52,"note":null,"min_zoom":2.1,"name_en":"Borcea","min_label":3.1},"bbox":[27.292247,44.151435,27.938894,44.744086],"geometry":{"type":"MultiLineString","coordinates":[[[27.292247,44.151435],[27.327566,44.185492],[27.34905,44.195421],[27.359874,44.196357],[27.379324,44.194363],[27.390147,44.195421],[27.396983,44.198676],[27.40325,44.203477],[27.410818,44.207831],[27.460948,44.21369],[27.640147,44.270046],[27.650157,44.274848],[27.653412,44.275336],[27.684011,44.315456],[27.690196,44.321601],[27.698009,44.326361],[27.733979,44.335395],[27.806163,44.342841],[27.835704,44.360541],[27.855561,44.392361],[27.869395,44.408271],[27.886974,44.415147],[27.908621,44.419989],[27.927664,44.433132],[27.938894,44.452663],[27.93808,44.47663],[27.934093,44.485378],[27.928233,44.491807],[27.919851,44.495714],[27.907725,44.497097],[27.895925,44.502305],[27.898529,44.513739],[27.906749,44.524604],[27.911388,44.528428],[27.913178,44.531765],[27.921886,44.540351],[27.925222,44.545478],[27.925059,44.551825],[27.922293,44.558295],[27.917572,44.565985],[27.920502,44.575385],[27.923595,44.582221],[27.928722,44.587755],[27.93808,44.593329],[27.930105,44.603868],[27.926362,44.61225],[27.925222,44.620429],[27.925222,44.630805],[27.934825,44.639675],[27.936941,44.645331],[27.92864,44.647895],[27.926687,44.649278],[27.907725,44.658759],[27.903819,44.664496],[27.899913,44.677598],[27.897065,44.682685],[27.864268,44.717556],[27.863292,44.7296],[27.87672,44.744086]]]}},{"type":"Feature","properties":{"dissolve":"54River","scalerank":3.0,"featurecla":"River","name":"Murray","name_alt":null,"rivernum":54,"note":null,"min_zoom":3.0,"name_en":"Murray","min_label":4.0},"bbox":[139.260509,-35.376886,141.92628,-33.986505],"geometry":{"type":"MultiLineString","coordinates":[[[141.92628,-34.116876],[141.904877,-34.126642],[141.887136,-34.130548],[141.84075,-34.130548],[141.816742,-34.126316],[141.770437,-34.107436],[141.748139,-34.103204],[141.70574,-34.11004],[141.665538,-34.126967],[141.630626,-34.149102],[141.60434,-34.170831],[141.581147,-34.202],[141.567556,-34.213881],[141.545909,-34.218683],[141.537039,-34.215834],[141.529307,-34.208673],[141.523855,-34.198744],[141.518565,-34.176609],[141.510509,-34.172214],[141.458995,-34.169285],[141.445893,-34.163995],[141.414968,-34.145847],[141.408702,-34.140802],[141.391612,-34.133722],[141.368337,-34.137384],[141.345632,-34.143731],[141.330577,-34.144871],[141.321381,-34.136244],[141.309174,-34.114272],[141.299408,-34.11004],[141.285492,-34.105808],[141.274506,-34.096368],[141.265554,-34.086928],[141.25823,-34.082696],[141.252452,-34.081394],[141.241466,-34.076104],[141.234304,-34.075209],[141.227957,-34.077569],[141.213878,-34.086928],[141.206472,-34.089532],[141.189871,-34.089288],[141.180919,-34.084405],[141.172781,-34.077081],[141.158621,-34.069024],[141.1338,-34.063979],[141.045339,-34.062188],[141.023855,-34.051283],[140.986908,-34.000909],[140.966807,-33.986505],[140.941824,-33.98919],[140.924734,-34.003757],[140.910655,-34.019871],[140.894786,-34.02752],[140.872813,-34.032647],[140.859793,-34.044448],[140.847992,-34.058282],[140.8296,-34.069024],[140.818126,-34.070326],[140.793468,-34.068048],[140.78183,-34.069024],[140.772878,-34.072931],[140.760346,-34.079929],[140.752859,-34.086602],[140.758311,-34.089532],[140.76116,-34.092299],[140.777843,-34.104506],[140.78183,-34.106622],[140.784679,-34.112481],[140.790131,-34.117608],[140.794363,-34.12241],[140.792654,-34.127374],[140.78183,-34.150323],[140.773204,-34.19378],[140.765636,-34.211765],[140.726573,-34.255873],[140.713145,-34.261651],[140.692963,-34.260186],[140.679454,-34.254815],[140.672944,-34.250421],[140.666433,-34.250828],[140.652192,-34.260186],[140.647227,-34.267511],[140.644216,-34.276788],[140.639252,-34.284845],[140.616628,-34.290704],[140.609304,-34.29754],[140.605479,-34.307306],[140.60434,-34.318536],[140.599294,-34.329278],[140.587983,-34.334649],[140.576182,-34.338311],[140.569591,-34.342706],[140.5678,-34.346694],[140.566905,-34.347182],[140.565684,-34.347101],[140.562673,-34.348972],[140.592703,-34.366143],[140.596772,-34.373468],[140.594656,-34.384698],[140.5831,-34.407892],[140.584239,-34.427748],[140.583018,-34.443211],[140.573416,-34.452],[140.549083,-34.452569],[140.527761,-34.44671],[140.518647,-34.436456],[140.513682,-34.423272],[140.503998,-34.407892],[140.487315,-34.391941],[140.474213,-34.38657],[140.459972,-34.389337],[140.439138,-34.397963],[140.424083,-34.388198],[140.411713,-34.374933],[140.401866,-34.359226],[140.394216,-34.341485],[140.385753,-34.303888],[140.385753,-34.246596],[140.384532,-34.239109],[140.380951,-34.231622],[140.376475,-34.226902],[140.372651,-34.220636],[140.368744,-34.200372],[140.363292,-34.193862],[140.33196,-34.172377],[140.323009,-34.173842],[140.314708,-34.180027],[140.301362,-34.184503],[140.229991,-34.17905],[140.219493,-34.174493],[140.2081,-34.159356],[140.182628,-34.16131],[140.137543,-34.178237],[140.11321,-34.190606],[140.103445,-34.191908],[140.08839,-34.188816],[140.063975,-34.174249],[140.044526,-34.168878],[140.037527,-34.165948],[140.029226,-34.166436],[140.006114,-34.182631],[139.995942,-34.183933],[139.938894,-34.170831],[139.931733,-34.162937],[139.926524,-34.151381],[139.928396,-34.141127],[139.942312,-34.136733],[139.960053,-34.127455],[139.963634,-34.107843],[139.954031,-34.088881],[139.932058,-34.082696],[139.898041,-34.104343],[139.87851,-34.107599],[139.870046,-34.086114],[139.867931,-34.077651],[139.857595,-34.052179],[139.853282,-34.044854],[139.838634,-34.038263],[139.827891,-34.045261],[139.81544,-34.062188],[139.801768,-34.059991],[139.796967,-34.05405],[139.794444,-34.046808],[139.788097,-34.04103],[139.776785,-34.039402],[139.751231,-34.040053],[139.743337,-34.038018],[139.722667,-34.026218],[139.700206,-34.022638],[139.681244,-34.031101],[139.671967,-34.054701],[139.680675,-34.097833],[139.680919,-34.124688],[139.668549,-34.136733],[139.665945,-34.147638],[139.63795,-34.212416],[139.636485,-34.234552],[139.644786,-34.291192],[139.641531,-34.301935],[139.634532,-34.308119],[139.627371,-34.312921],[139.624278,-34.318536],[139.624278,-34.356459],[139.611746,-34.42075],[139.607188,-34.431573],[139.608897,-34.442804],[139.588145,-34.491143],[139.582612,-34.500421],[139.583344,-34.513849],[139.58782,-34.521417],[139.593191,-34.527032],[139.596934,-34.534601],[139.597667,-34.535007],[139.60377,-34.548272],[139.603038,-34.555597],[139.592703,-34.566339],[139.590017,-34.573093],[139.593435,-34.589858],[139.610037,-34.634129],[139.61671,-34.644464],[139.62794,-34.646824],[139.646983,-34.642022],[139.657725,-34.644464],[139.667003,-34.650567],[139.668793,-34.65545],[139.66684,-34.66253],[139.665131,-34.675144],[139.656179,-34.692397],[139.634776,-34.700372],[139.590017,-34.706476],[139.570404,-34.717787],[139.551687,-34.736261],[139.54599,-34.753595],[139.578136,-34.764662],[139.574229,-34.7728],[139.559093,-34.784356],[139.550955,-34.795424],[139.54892,-34.804864],[139.550955,-34.813409],[139.555919,-34.821954],[139.568451,-34.831231],[139.615896,-34.852472],[139.634207,-34.856622],[139.64088,-34.862156],[139.643158,-34.873875],[139.64088,-34.885431],[139.634207,-34.890802],[139.621511,-34.893976],[139.611095,-34.900811],[139.602794,-34.907892],[139.596934,-34.91131],[139.582612,-34.910333],[139.575125,-34.904718],[139.569835,-34.897393],[139.562104,-34.890802],[139.54835,-34.884291],[139.54184,-34.882664],[139.524343,-34.883966],[139.505463,-34.879327],[139.470225,-34.859714],[139.445974,-34.856622],[139.38616,-34.875502],[139.375987,-34.880548],[139.371186,-34.886082],[139.360606,-34.891615],[139.348237,-34.895929],[139.339366,-34.897638],[139.331391,-34.901869],[139.325694,-34.911961],[139.320811,-34.923354],[139.315115,-34.931817],[139.260509,-34.965834],[139.268891,-34.978041],[139.278331,-34.978448],[139.28948,-34.974298],[139.302175,-34.973484],[139.314871,-34.977472],[139.327891,-34.984226],[139.338308,-34.993097],[139.342377,-35.004083],[139.349539,-35.010268],[139.36378,-35.017022],[139.375173,-35.025811],[139.373057,-35.038263],[139.364187,-35.048761],[139.354096,-35.057143],[139.342377,-35.060398],[139.328705,-35.055352],[139.302175,-35.094089],[139.292979,-35.115086],[139.29835,-35.1242],[139.316824,-35.131362],[139.325125,-35.148289],[139.324229,-35.168634],[139.315115,-35.185561],[139.351573,-35.202],[139.399343,-35.217218],[139.440847,-35.23797],[139.458507,-35.27101],[139.451589,-35.290053],[139.434988,-35.295912],[139.414806,-35.298761],[139.397634,-35.308608],[139.393484,-35.318373],[139.393321,-35.340509],[139.390717,-35.350112],[139.384532,-35.358412],[139.362885,-35.376886]]]}},{"type":"Feature","properties":{"dissolve":"55River","scalerank":3.0,"featurecla":"River","name":"Ganges","name_alt":null,"rivernum":55,"note":null,"min_zoom":3.0,"name_en":"Ganges","min_label":4.0},"bbox":[77.990489,21.972276,90.394216,30.888495],"geometry":{"type":"MultiLineString","coordinates":[[[79.84075,30.888495],[79.820323,30.856757],[79.813731,30.840155],[79.813487,30.819607],[79.818451,30.802924],[79.83489,30.768907],[79.84075,30.750678],[79.840261,30.744696],[79.837901,30.740017],[79.836925,30.733954],[79.84075,30.723985],[79.849213,30.714626],[79.868907,30.700751],[79.874929,30.689236],[79.856537,30.684882],[79.847097,30.675564],[79.833914,30.648261],[79.824799,30.637234],[79.807384,30.626654],[79.796397,30.61754],[79.779307,30.595486],[79.753835,30.546576],[79.738292,30.524115],[79.715343,30.508165],[79.684988,30.500108],[79.654714,30.501654],[79.631602,30.514512],[79.593272,30.550645],[79.568777,30.56684],[79.545909,30.573188],[79.522553,30.563992],[79.436046,30.482367],[79.409434,30.439073],[79.388927,30.42239],[79.340831,30.409939],[79.3213,30.398057],[79.31308,30.372097],[79.31308,30.371161],[79.306733,30.345974],[79.290701,30.323188],[79.268891,30.30447],[79.218761,30.2803],[79.205089,30.277167],[79.189545,30.277696],[79.177989,30.282172],[79.170665,30.288926],[79.165701,30.295356],[79.162364,30.298855],[79.136974,30.304307],[79.020274,30.307685],[79.000662,30.306016],[78.903819,30.267849],[78.878347,30.264716],[78.858653,30.25906],[78.803152,30.235907],[78.789073,30.233344],[78.779714,30.238105],[78.770763,30.236355],[78.762462,30.232245],[78.754812,30.229926],[78.741954,30.232489],[78.70989,30.242784],[78.696218,30.244208],[78.687104,30.240017],[78.642589,30.204454],[78.594249,30.145209],[78.582612,30.122138],[78.578868,30.097602],[78.586355,30.072862],[78.537201,30.077338],[78.528575,30.076361],[78.517345,30.073188],[78.46339,30.072862],[78.453054,30.07571],[78.441905,30.081488],[78.433035,30.090603],[78.42213,30.122138],[78.40504,30.132351],[78.384532,30.133897],[78.367198,30.126899],[78.357921,30.13349],[78.34547,30.139106],[78.332123,30.142035],[78.320079,30.14057],[78.285818,30.096503],[78.28004,30.071601],[78.265717,30.054063],[78.230724,30.024482],[78.164073,29.949897],[78.154877,29.925482],[78.156342,29.89997],[78.160737,29.877224],[78.19044,29.79267],[78.197846,29.748236],[78.189057,29.706732],[78.154877,29.675076],[78.107188,29.654568],[78.094737,29.646511],[78.090017,29.642442],[78.084483,29.641059],[78.069347,29.640937],[78.042084,29.634874],[78.018891,29.619208],[78.000987,29.597032],[77.990489,29.572048],[77.991791,29.531073],[78.011241,29.497667],[78.035655,29.467231],[78.052419,29.434841],[78.053722,29.419867],[78.050304,29.389268],[78.052419,29.373969],[78.062104,29.363796],[78.075206,29.35574],[78.082042,29.344672],[78.072358,29.325629],[78.103526,29.27851],[78.117198,29.25141],[78.117686,29.2331],[78.113536,29.222683],[78.115001,29.211859],[78.118744,29.201483],[78.120942,29.192165],[78.115245,29.179755],[78.088471,29.153144],[78.079845,29.140652],[78.076101,29.058051],[78.079519,29.046942],[78.072032,28.991319],[78.072358,28.969306],[78.0949,28.935981],[78.105968,28.913642],[78.10377,28.897325],[78.096202,28.88703],[78.095795,28.877631],[78.098562,28.867865],[78.100352,28.856309],[78.099132,28.851386],[78.094005,28.841986],[78.092784,28.835883],[78.095876,28.828477],[78.103038,28.824164],[78.110362,28.821316],[78.114675,28.818468],[78.118663,28.814317],[78.123057,28.813422],[78.12672,28.811632],[78.128347,28.804796],[78.126964,28.799913],[78.121593,28.788031],[78.120942,28.784369],[78.12379,28.778144],[78.13144,28.770046],[78.134532,28.763861],[78.140229,28.74787],[78.146495,28.738349],[78.165701,28.719184],[78.182709,28.692898],[78.183604,28.67182],[78.177989,28.649848],[78.176036,28.620469],[78.195323,28.570258],[78.264659,28.488796],[78.279063,28.441718],[78.27239,28.43476],[78.267507,28.428168],[78.26474,28.421251],[78.2671,28.419989],[78.271983,28.414984],[78.276866,28.407986],[78.279063,28.400743],[78.275401,28.390448],[78.268321,28.381049],[78.263927,28.372016],[78.268565,28.36286],[78.275483,28.355007],[78.280935,28.344794],[78.284597,28.333441],[78.285818,28.322292],[78.290131,28.306952],[78.300792,28.296169],[78.326752,28.277208],[78.345225,28.251776],[78.353526,28.243109],[78.37379,28.229804],[78.382742,28.221991],[78.406261,28.186103],[78.441417,28.150662],[78.456065,28.12641],[78.46339,28.105902],[78.477061,28.092882],[78.543956,28.045193],[78.556651,28.03974],[78.569591,28.037665],[78.584727,28.032782],[78.595307,28.021186],[78.604096,28.007514],[78.614268,27.996039],[78.62558,27.989936],[78.669526,27.975613],[78.711681,27.96894],[78.720714,27.965033],[78.73878,27.952012],[78.759939,27.945583],[78.806082,27.941474],[78.877045,27.922187],[78.895112,27.913153],[78.939464,27.882839],[78.945893,27.872585],[78.950694,27.848904],[78.956716,27.838446],[78.981212,27.827012],[79.032807,27.83161],[79.055919,27.821357],[79.076264,27.815619],[79.130056,27.827501],[79.155528,27.817939],[79.161388,27.810411],[79.163992,27.802843],[79.165701,27.794257],[79.1692,27.7838],[79.192963,27.735704],[79.195567,27.723985],[79.195567,27.711046],[79.197032,27.699327],[79.203624,27.691352],[79.265391,27.6671],[79.298269,27.649685],[79.33196,27.636827],[79.368582,27.634101],[79.409923,27.646593],[79.443289,27.60696],[79.464692,27.586534],[79.480724,27.577704],[79.493175,27.573432],[79.515717,27.554714],[79.528575,27.550401],[79.546479,27.548163],[79.554779,27.541531],[79.557872,27.530829],[79.561697,27.486884],[79.566417,27.475369],[79.576182,27.46308],[79.598562,27.448594],[79.611095,27.437812],[79.622488,27.417507],[79.626231,27.394843],[79.628429,27.351833],[79.631602,27.340888],[79.636241,27.330512],[79.648936,27.311469],[79.684255,27.276475],[79.689952,27.266425],[79.697765,27.241523],[79.716726,27.225043],[79.765636,27.201606],[79.819021,27.156928],[79.837983,27.145209],[79.850841,27.141059],[79.857595,27.139919],[79.864838,27.139512],[79.91155,27.148383],[79.930186,27.143744],[79.950613,27.119005],[79.990245,27.049628],[80.008311,27.026882],[80.012462,27.017117],[80.010753,27.006415],[80.007253,26.995673],[80.005056,26.985622],[80.009369,26.97073],[80.019949,26.957221],[80.089854,26.896918],[80.107839,26.873725],[80.115001,26.848456],[80.117686,26.8039],[80.121674,26.781358],[80.128184,26.762152],[80.141612,26.742377],[80.162608,26.722602],[80.186127,26.707384],[80.231212,26.69599],[80.245128,26.681952],[80.253184,26.662136],[80.262136,26.62991],[80.290538,26.570095],[80.296886,26.548692],[80.305756,26.541287],[80.317882,26.53738],[80.330658,26.5362],[80.336355,26.530137],[80.343272,26.500067],[80.347748,26.488389],[80.403331,26.441596],[80.414806,26.436225],[80.42628,26.432318],[80.509939,26.381049],[80.525971,26.364936],[80.532725,26.348944],[80.553315,26.262966],[80.553803,26.25198],[80.558849,26.238227],[80.570567,26.232611],[80.584402,26.229071],[80.5949,26.221503],[80.59962,26.210517],[80.599132,26.202216],[80.596446,26.194119],[80.5949,26.183661],[80.597667,26.174587],[80.604584,26.169053],[80.622162,26.160102],[80.673106,26.114814],[80.69044,26.104844],[80.700694,26.103827],[80.718761,26.10989],[80.728282,26.11164],[80.742931,26.110175],[80.750011,26.106024],[80.755626,26.099555],[80.765554,26.091173],[80.788585,26.080634],[80.796886,26.07335],[80.800304,26.060411],[80.797944,26.049099],[80.795095,26.040351],[80.798432,26.034044],[80.813975,26.029731],[80.832449,26.047919],[80.853445,26.058173],[80.877859,26.062812],[80.906342,26.06391],[80.925792,26.066596],[80.961925,26.076972],[80.985281,26.076931],[81.010753,26.071357],[81.032807,26.060981],[81.04835,26.044053],[81.05421,26.018866],[81.065196,26.000312],[81.090424,25.984076],[81.117931,25.972276],[81.135509,25.967068],[81.163178,25.962958],[81.187266,25.955268],[81.204112,25.939276],[81.213878,25.882839],[81.224539,25.868516],[81.243744,25.860378],[81.294444,25.84516],[81.302013,25.840766],[81.358653,25.78616],[81.366791,25.780829],[81.384044,25.777167],[81.392833,25.772162],[81.402761,25.758897],[81.400483,25.749538],[81.392019,25.740424],[81.382498,25.728095],[81.37672,25.704291],[81.382823,25.682074],[81.399994,25.665595],[81.44101,25.654893],[81.464122,25.636094],[81.47877,25.631903],[81.51295,25.631171],[81.515147,25.62873],[81.515636,25.624538],[81.526134,25.60932],[81.530935,25.599718],[81.538992,25.591091],[81.553803,25.584662],[81.566173,25.584011],[81.598888,25.590888],[81.630056,25.586534],[81.639252,25.574246],[81.642833,25.554796],[81.657481,25.529486],[81.663666,25.524482],[81.676768,25.519843],[81.684093,25.515815],[81.704682,25.494696],[81.716889,25.493598],[81.745128,25.495795],[81.75587,25.491278],[81.778331,25.477973],[81.798757,25.480658],[81.841807,25.502143],[81.885753,25.512885],[81.90797,25.511664],[81.917491,25.498399],[81.913097,25.477118],[81.904552,25.45836],[81.898936,25.438341],[81.90325,25.412787],[81.918956,25.376288],[81.937511,25.344509],[81.95045,25.333767],[81.9699,25.32449],[81.991303,25.320909],[82.009369,25.327094],[82.025483,25.335273],[82.042979,25.335557],[82.060069,25.329047],[82.075206,25.316596],[82.082286,25.300808],[82.08253,25.287706],[82.08839,25.278876],[82.112397,25.27558],[82.129161,25.282009],[82.159272,25.310167],[82.181407,25.316596],[82.191661,25.314724],[82.204194,25.309638],[82.214773,25.302069],[82.219249,25.29267],[82.217459,25.280382],[82.213878,25.272284],[82.208995,25.264919],[82.205007,25.255154],[82.196218,25.218817],[82.196218,25.202826],[82.201752,25.189968],[82.216401,25.183702],[82.236501,25.185736],[82.273204,25.193671],[82.264415,25.203559],[82.239024,25.213243],[82.225352,25.220323],[82.243744,25.239936],[82.253917,25.257676],[82.266124,25.270616],[82.290619,25.27558],[82.312429,25.263129],[82.327647,25.215115],[82.348888,25.214179],[82.360362,25.224921],[82.372325,25.253201],[82.383067,25.26199],[82.397227,25.26081],[82.414073,25.252631],[82.430186,25.241482],[82.441417,25.231228],[82.47698,25.186143],[82.496755,25.169867],[82.527192,25.159491],[82.551036,25.157823],[82.578217,25.1612],[82.592784,25.173163],[82.567556,25.2178],[82.585948,25.225043],[82.615245,25.224189],[82.636974,25.220323],[82.684825,25.193671],[82.730072,25.155951],[82.778575,25.124945],[82.835541,25.118598],[82.871023,25.137234],[82.920421,25.194607],[82.961925,25.206732],[82.995942,25.204942],[83.008311,25.21072],[83.019949,25.22781],[83.025076,25.246161],[83.023367,25.262397],[83.016531,25.276679],[83.006277,25.289252],[83.041515,25.323065],[83.134939,25.326443],[83.171397,25.351345],[83.179779,25.378852],[83.177826,25.410264],[83.163097,25.436143],[83.1338,25.446885],[83.123057,25.452216],[83.130463,25.464138],[83.153901,25.484442],[83.161632,25.49494],[83.174327,25.519477],[83.185639,25.529486],[83.212576,25.535224],[83.23349,25.524726],[83.253347,25.509792],[83.290945,25.49787],[83.311697,25.479112],[83.325857,25.47488],[83.342052,25.477851],[83.368337,25.491278],[83.383067,25.494696],[83.409434,25.487006],[83.436697,25.467231],[83.482921,25.423041],[83.507253,25.406928],[83.53004,25.401923],[83.543875,25.411566],[83.54127,25.43948],[83.503184,25.48904],[83.490896,25.517117],[83.510265,25.529486],[83.536388,25.534613],[83.558849,25.547797],[83.59962,25.584052],[83.617117,25.597724],[83.634044,25.604031],[83.664154,25.611436],[83.692963,25.614691],[83.705658,25.608262],[83.711192,25.601345],[83.723155,25.594835],[83.735037,25.586493],[83.740489,25.573839],[83.745128,25.550971],[83.749441,25.537787],[83.75351,25.529486],[83.771983,25.517279],[83.793549,25.515896],[83.839692,25.52204],[83.88087,25.52204],[83.897716,25.523993],[83.904307,25.529568],[83.908376,25.538153],[83.917979,25.549343],[83.981944,25.589382],[84.003429,25.608262],[84.058116,25.673774],[84.143484,25.736274],[84.179779,25.745958],[84.212901,25.728095],[84.217377,25.713568],[84.22047,25.695095],[84.229991,25.681098],[84.253835,25.679714],[84.272472,25.692939],[84.308116,25.738634],[84.326182,25.748562],[84.339773,25.752712],[84.355968,25.760565],[84.372651,25.765163],[84.387625,25.759467],[84.419037,25.73078],[84.437999,25.718777],[84.463959,25.711982],[84.479747,25.703477],[84.486501,25.700751],[84.49879,25.699083],[84.560313,25.701972],[84.577159,25.700019],[84.595795,25.693305],[84.617279,25.702257],[84.668224,25.705919],[84.688975,25.717231],[84.709402,25.737616],[84.728526,25.749701],[84.749278,25.753363],[84.775076,25.748562],[84.853119,25.712429],[84.881358,25.707587],[84.904796,25.711493],[84.949229,25.729519],[84.973888,25.734931],[84.996349,25.73489],[85.058849,25.728095],[85.085948,25.721055],[85.102061,25.703681],[85.124034,25.659206],[85.142833,25.641872],[85.162608,25.638292],[85.182709,25.637641],[85.20989,25.626247],[85.233653,25.619574],[85.237071,25.618232],[85.244721,25.613593],[85.251964,25.603095],[85.261241,25.584662],[85.272472,25.56741],[85.284434,25.554267],[85.299327,25.546007],[85.319591,25.543077],[85.333263,25.537665],[85.369395,25.51378],[85.388113,25.508368],[85.421397,25.517035],[85.456065,25.537787],[85.515066,25.584662],[85.559662,25.523464],[85.576589,25.508368],[85.621349,25.482042],[85.634288,25.471137],[85.651947,25.463446],[85.670909,25.469306],[85.72169,25.504177],[85.737641,25.510688],[85.755951,25.514594],[85.778819,25.515815],[85.830658,25.50495],[85.872081,25.478217],[85.946381,25.412787],[85.997,25.380316],[86.019135,25.359158],[86.028331,25.33393],[86.039154,25.33039],[86.089447,25.331977],[86.104096,25.330186],[86.115896,25.331488],[86.162201,25.326199],[86.176036,25.320258],[86.185802,25.319281],[86.222585,25.329413],[86.241222,25.330186],[86.257904,25.325385],[86.274425,25.317572],[86.290294,25.306708],[86.306163,25.29267],[86.318126,25.292507],[86.377859,25.31037],[86.41505,25.330878],[86.446056,25.361884],[86.470225,25.397773],[86.487722,25.433214],[86.506847,25.462673],[86.534434,25.482856],[86.564382,25.485216],[86.59075,25.461208],[86.578868,25.418769],[86.5796,25.375067],[86.591075,25.334988],[86.611257,25.303534],[86.649669,25.273057],[86.693858,25.256415],[86.739675,25.256374],[86.782481,25.27558],[86.834727,25.325954],[86.85849,25.340644],[86.867931,25.347927],[86.889903,25.349962],[86.920421,25.333319],[86.974213,25.289252],[86.996186,25.278388],[87.046886,25.268907],[87.07724,25.254218],[87.08782,25.255927],[87.098155,25.259792],[87.108409,25.26199],[87.12379,25.25727],[87.147065,25.235175],[87.159923,25.22781],[87.190115,25.230292],[87.217703,25.248358],[87.238536,25.27501],[87.248627,25.303534],[87.282156,25.356147],[87.303722,25.377061],[87.331554,25.387274],[87.342459,25.395819],[87.351085,25.398505],[87.356619,25.397813],[87.372325,25.393337],[87.382091,25.392279],[87.401378,25.394395],[87.443858,25.405951],[87.478282,25.403754],[87.490652,25.399685],[87.501882,25.392279],[87.511974,25.381944],[87.518077,25.371365],[87.529796,25.344509],[87.535737,25.320136],[87.539806,25.316596],[87.549734,25.315253],[87.558116,25.311957],[87.570242,25.303534],[87.581472,25.289984],[87.588634,25.276882],[87.598643,25.26671],[87.659597,25.255154],[87.681163,25.245469],[87.726085,25.251654],[87.749522,25.248318],[87.759776,25.243516],[87.770112,25.237006],[87.778819,25.227607],[87.783702,25.214179],[87.783376,25.200303],[87.779063,25.192003],[87.773204,25.184597],[87.76946,25.173163],[87.768647,25.159288],[87.770437,25.148017],[87.776296,25.124783],[87.776459,25.117987],[87.775076,25.103339],[87.776296,25.096869],[87.780935,25.089911],[87.786876,25.087592],[87.792572,25.086615],[87.797374,25.083808],[87.835541,25.047187],[87.860606,25.030788],[87.885509,25.022325],[87.894054,25.020819],[87.913097,25.00373],[87.91627,25.001899],[87.935313,25.00434],[87.943858,25.000596],[87.954275,24.987616],[87.961192,24.966173],[87.9581,24.944159],[87.948985,24.92414],[87.937022,24.908759],[87.914806,24.889024],[87.908702,24.878363],[87.906668,24.860948],[87.911143,24.844428],[87.92213,24.826524],[87.94752,24.795762],[87.944916,24.755316],[87.959483,24.717231],[88.00587,24.655544],[88.021495,24.645819],[88.040457,24.640652],[88.056733,24.634304],[88.066905,24.613878],[88.081472,24.600124],[88.084727,24.594062],[88.084727,24.541938],[88.085541,24.536933],[88.089692,24.53323],[88.098399,24.522732],[88.111257,24.502061],[88.118907,24.494167],[88.133393,24.482489],[88.151378,24.471706],[88.171153,24.463731],[88.190847,24.460639],[88.225108,24.460639],[88.236257,24.462755],[88.250906,24.472195],[88.259776,24.474311],[88.272227,24.474962],[88.283376,24.477118],[88.292898,24.480577],[88.299734,24.48546],[88.307872,24.486151],[88.316417,24.468451],[88.321707,24.462755],[88.328136,24.460639],[88.379487,24.402289],[88.387218,24.38878],[88.405284,24.37169],[88.426687,24.357001],[88.444428,24.350775],[88.483328,24.352973],[88.506114,24.357978],[88.516124,24.367499],[88.681407,24.334052],[88.714285,24.315619],[88.737071,24.287299],[88.742686,24.247748],[88.744558,24.243679],[88.747081,24.227159],[88.749278,24.223456],[88.746104,24.214219],[88.734386,24.198594],[88.731212,24.190009],[88.732188,24.1824],[88.73585,24.174587],[88.751475,24.152655],[88.758067,24.147406],[88.782481,24.135769],[88.796967,24.126003],[88.804779,24.122097],[88.824474,24.119086],[88.842784,24.123236],[88.907319,24.150987],[88.920909,24.159451],[88.930675,24.171576],[88.941173,24.171942],[88.950694,24.170437],[88.959727,24.16706],[88.969005,24.161973],[88.976736,24.155951],[88.999929,24.127794],[89.022553,24.107204],[89.032725,24.100043],[89.036632,24.095323],[89.040457,24.086046],[89.042491,24.07807],[89.045421,24.070583],[89.05185,24.062323],[89.059255,24.05504],[89.065684,24.047065],[89.069753,24.03795],[89.069753,24.027452],[89.066498,24.014838],[89.065033,24.005316],[89.068126,23.996446],[89.077566,23.985867],[89.088715,23.977159]],[[87.93808,24.805732],[87.920014,24.782009],[87.920421,24.72663],[87.933197,24.635077],[87.940929,24.619452],[88.028087,24.547878],[88.057384,24.515896],[88.051768,24.510321],[88.050385,24.504991],[88.052745,24.49962],[88.065359,24.4831],[88.070567,24.467393],[88.071056,24.464057],[88.077891,24.456163],[88.109304,24.450954],[88.118907,24.446967],[88.120372,24.433214],[88.114757,24.420762],[88.112804,24.409369],[88.125662,24.398546],[88.142182,24.40823],[88.150076,24.405829],[88.152843,24.397244],[88.152924,24.388292],[88.156261,24.37169],[88.164806,24.365587],[88.17685,24.362331],[88.205333,24.346503],[88.212332,24.341417],[88.215017,24.33336],[88.217052,24.324327],[88.222179,24.324164],[88.22877,24.326199],[88.235606,24.323513],[88.23878,24.322699],[88.247325,24.317654],[88.252452,24.311876],[88.245942,24.30919],[88.239024,24.307481],[88.234386,24.302924],[88.231212,24.296454],[88.22877,24.288682],[88.253022,24.27143],[88.260346,24.228135],[88.256602,24.141303],[88.232188,24.070258],[88.220714,24.060655],[88.209727,24.015692],[88.194591,24.001329],[88.220144,23.990261],[88.22877,23.987657],[88.22877,23.980251],[88.203217,23.981147],[88.198741,23.97309],[88.208263,23.949774],[88.209483,23.928168],[88.221283,23.870958],[88.223643,23.840155],[88.22755,23.826768],[88.239024,23.812608],[88.240489,23.79914],[88.237804,23.774766],[88.228119,23.756456],[88.208263,23.761094],[88.200125,23.742214],[88.173595,23.716986],[88.15976,23.699652],[88.153087,23.683214],[88.146902,23.657742],[88.148204,23.634304],[88.163178,23.623969],[88.219005,23.606513],[88.22877,23.606879],[88.222992,23.627061],[88.224132,23.635281],[88.235606,23.637559],[88.239268,23.633165],[88.256602,23.603461],[88.248057,23.589789],[88.252615,23.580919],[88.264171,23.576606],[88.276459,23.576768],[88.288178,23.582099],[88.324962,23.610297],[88.330007,23.592149],[88.321381,23.574286],[88.304454,23.559027],[88.283295,23.548855],[88.294688,23.536444],[88.312999,23.535712],[88.333751,23.538194],[88.352306,23.535183],[88.365001,23.524115],[88.367931,23.511786],[88.356944,23.469346],[88.356537,23.46247],[88.354991,23.456814],[88.341319,23.44123],[88.34075,23.437567],[88.3449,23.433946],[88.352306,23.425971],[88.35906,23.421576],[88.368256,23.419216],[88.376069,23.41413],[88.379487,23.401719],[88.378998,23.390937],[88.377452,23.383612],[88.372081,23.370714],[88.370372,23.36046],[88.370372,23.351752],[88.367198,23.345649],[88.342703,23.340644],[88.340831,23.333808],[88.343679,23.324978],[88.34547,23.316107],[88.34547,23.278184],[88.347748,23.269802],[88.353526,23.26671],[88.360281,23.265163],[88.365896,23.26085],[88.382253,23.225287],[88.392182,23.215766],[88.413097,23.212429],[88.444347,23.217393],[88.457449,23.212429],[88.468272,23.192572],[88.447276,23.154405],[88.447276,23.142361],[88.460948,23.130479],[88.472341,23.126288],[88.483653,23.123887],[88.492198,23.118964],[88.495616,23.107245],[88.491791,23.096991],[88.473643,23.07449],[88.468272,23.062852],[88.481619,23.061835],[88.491954,23.056749],[88.495128,23.049343],[88.48878,23.041124],[88.475027,23.037543],[88.462169,23.039496],[88.450694,23.039089],[88.44044,23.028103],[88.448416,23.021267],[88.431082,23.003526],[88.417735,22.986518],[88.409272,22.967068],[88.406912,22.945502]],[[88.429128,24.35578],[88.421641,24.333279],[88.430105,24.323554],[88.442312,24.314643],[88.453298,24.283393],[88.466238,24.270087],[88.482514,24.264472],[88.499034,24.271674],[88.518077,24.263454],[88.53712,24.229926],[88.539643,24.199246],[88.509288,24.199327],[88.512625,24.188585],[88.518891,24.184516],[88.525645,24.183051],[88.529714,24.18004],[88.531749,24.171983],[88.530854,24.168158],[88.529389,24.164862],[88.529714,24.158393],[88.528738,24.151964],[88.524913,24.148017],[88.523448,24.14411],[88.529714,24.137885],[88.538259,24.136583],[88.555675,24.145819],[88.564545,24.144721],[88.567393,24.139228],[88.568614,24.122423],[88.570811,24.117377],[88.578136,24.114691],[88.584727,24.115749],[88.591238,24.117621],[88.598643,24.117377],[88.619721,24.108466],[88.625906,24.098456],[88.626964,24.086208],[88.632823,24.070258],[88.636322,24.074286],[88.642996,24.078966],[88.646414,24.083279],[88.648529,24.066596],[88.646658,24.036444],[88.641124,24.005723],[88.632823,23.987657],[88.653575,23.983507],[88.67921,23.983669],[88.700613,23.980496],[88.708507,23.966579],[88.746511,23.966742],[88.755382,23.964789],[88.76295,23.960476],[88.769949,23.953559],[88.787201,23.961697],[88.803966,23.953396],[88.821788,23.940009],[88.841889,23.933051],[88.853038,23.92536],[88.862722,23.908026],[88.862885,23.889512],[88.845714,23.878445],[88.858816,23.872097],[88.868663,23.869005],[88.872976,23.870958],[88.871104,23.862372],[88.86614,23.857611],[88.86085,23.854438],[88.858653,23.850531],[88.858653,23.802069],[88.86964,23.713813],[88.869558,23.699652],[88.860444,23.684516],[88.858653,23.682644],[88.855968,23.678046],[88.850027,23.679755],[88.844249,23.683783],[88.841889,23.686062],[88.826915,23.681179],[88.824962,23.669379],[88.832042,23.641303],[88.825776,23.636746],[88.811615,23.630683],[88.796641,23.626532],[88.78712,23.627712],[88.774099,23.633734],[88.764415,23.627061],[88.761729,23.61286],[88.769949,23.596625],[88.750418,23.590644],[88.740164,23.585517],[88.73585,23.579901],[88.740001,23.564276],[88.749522,23.555935],[88.7588,23.549262],[88.767507,23.524522],[88.786143,23.505683],[88.790538,23.497016],[88.793712,23.485216],[88.802257,23.482937],[88.828298,23.486762],[88.831065,23.473741],[88.828136,23.448106],[88.834727,23.429958],[88.86614,23.438992],[88.874441,23.447943],[88.884532,23.461534],[88.895763,23.472439],[88.907237,23.47309],[88.909109,23.465359],[88.906261,23.436143],[88.907237,23.425971],[88.899913,23.424099],[88.892833,23.419501],[88.889415,23.412909],[88.893565,23.404853],[88.899994,23.403266],[88.930675,23.404853],[88.939138,23.396511],[88.938243,23.380194],[88.929454,23.369452],[88.913992,23.377509],[88.90504,23.36225],[88.933035,23.356269],[88.97047,23.358466],[88.989024,23.367255],[88.994884,23.381659],[88.99464,23.388373],[88.985362,23.391181],[88.976329,23.396796],[88.970632,23.401394],[88.967865,23.404853],[88.974376,23.417426],[88.990001,23.410956],[89.006765,23.396511],[89.016368,23.384955],[89.016775,23.380194],[89.014171,23.376532],[89.010753,23.373481],[89.009532,23.370714],[89.012136,23.367255],[89.021088,23.360541],[89.023204,23.357042],[89.022065,23.3487],[89.017507,23.340196],[89.015147,23.283393],[89.019786,23.27143],[89.020763,23.261908],[89.012706,23.251654],[89.002045,23.24197],[88.995942,23.234158],[88.996755,23.222846],[89.003022,23.212836],[89.012706,23.209988],[89.023204,23.219835],[89.027192,23.216579],[89.029796,23.214911],[89.036876,23.212429],[89.040619,23.205186],[89.049571,23.193915],[89.054698,23.183458],[89.047374,23.1789],[89.04127,23.173529],[89.051199,23.161322],[89.074718,23.141384],[89.106212,23.088202],[89.119395,23.075873],[89.097992,23.04739],[89.09075,23.033026],[89.085216,23.014431],[89.078136,22.998969],[89.076427,22.987413],[89.081554,22.976874],[89.093272,22.973009],[89.103526,22.976996],[89.112315,22.978339],[89.119395,22.96662],[89.095225,22.953315],[89.091401,22.949286],[89.093272,22.934272],[89.098155,22.930487],[89.104747,22.931708],[89.112071,22.931912],[89.12379,22.934272],[89.1303,22.930203],[89.136811,22.893622],[89.133393,22.890082],[89.119395,22.897773],[89.116954,22.894355],[89.11671,22.893256],[89.115733,22.892605],[89.112071,22.890245],[89.121755,22.877753],[89.125906,22.870632],[89.126557,22.863959],[89.126231,22.853054],[89.12851,22.837755],[89.134776,22.825995],[89.143565,22.822089],[89.153575,22.830105],[89.160492,22.822618],[89.153331,22.817979],[89.149994,22.811632],[89.15032,22.803778],[89.153575,22.794704],[89.163829,22.800401],[89.174246,22.808376],[89.183604,22.813788],[89.191417,22.812079],[89.193289,22.802802],[89.177745,22.779893],[89.174083,22.767401],[89.180756,22.767401],[89.189464,22.774522],[89.193777,22.768256],[89.196788,22.756456],[89.201264,22.746894],[89.225597,22.736436],[89.242198,22.732204],[89.249766,22.736396],[89.256114,22.736843],[89.270274,22.728135],[89.284434,22.716864],[89.290619,22.709337],[89.295909,22.704657],[89.306082,22.700303],[89.311697,22.692816],[89.304291,22.678656],[89.263438,22.705919],[89.268647,22.681586],[89.279063,22.667792],[89.291921,22.656114],[89.304291,22.637722],[89.295665,22.633124],[89.292491,22.625352],[89.293549,22.615098],[89.293142,22.600124]],[[89.088308,23.978339],[89.088715,23.977159]],[[89.088715,23.977159],[89.11614,23.955756],[89.137462,23.943061],[89.15919,23.933539],[89.186453,23.9289],[89.26946,23.936794],[89.296479,23.935004],[89.321381,23.929877],[89.345144,23.920478],[89.377859,23.89997],[89.467296,23.864854],[89.490001,23.852729],[89.53004,23.819444],[89.555675,23.814805],[89.573171,23.819932],[89.603282,23.837755],[89.61964,23.843695],[89.674897,23.848456],[89.708914,23.856798],[89.723399,23.85574],[89.753673,23.845486],[89.749278,23.848009]],[[89.088715,23.977159],[89.096202,23.956],[89.097179,23.95246],[89.09726,23.948554],[89.098155,23.9442],[89.104503,23.934272],[89.11378,23.926052],[89.156668,23.898464],[89.177419,23.881537],[89.182628,23.873114],[89.184174,23.865058],[89.187592,23.859076],[89.210541,23.853705],[89.2199,23.846503],[89.249522,23.816433],[89.255463,23.806749],[89.255951,23.771674],[89.261974,23.751817],[89.276541,23.739529],[89.311127,23.72016],[89.35255,23.671739],[89.381114,23.673407],[89.397716,23.678087],[89.410737,23.679226],[89.42099,23.674425],[89.480479,23.593044],[89.493093,23.579901],[89.499441,23.570014],[89.503835,23.55744],[89.509776,23.546658],[89.52003,23.54206],[89.525808,23.537421],[89.516531,23.527411],[89.503347,23.517768],[89.496755,23.514106],[89.495616,23.506659],[89.496511,23.499376],[89.499034,23.492621],[89.50294,23.486762],[89.518972,23.508409],[89.548106,23.505683],[89.578705,23.490098],[89.598643,23.47309],[89.607595,23.45307],[89.626475,23.370714],[89.613536,23.376003],[89.609467,23.379421],[89.605968,23.384955],[89.598643,23.384955],[89.597585,23.353054],[89.612315,23.315212],[89.637625,23.288194],[89.667491,23.288764],[89.656261,23.273301],[89.636241,23.255316],[89.627615,23.240343],[89.680919,23.226996],[89.683197,23.209906],[89.680105,23.189236],[89.694835,23.171454],[89.707286,23.17003],[89.716238,23.175605],[89.72462,23.182481],[89.736339,23.185126],[89.750255,23.179796],[89.755951,23.170518],[89.752859,23.161729],[89.740164,23.157782],[89.733816,23.153428],[89.718354,23.133368],[89.710948,23.119086],[89.700776,23.122585],[89.681163,23.137966],[89.680268,23.126736],[89.681733,23.11754],[89.684825,23.109971],[89.689138,23.103827],[89.697765,23.096951],[89.714773,23.093817],[89.722667,23.089545],[89.732514,23.07628],[89.756847,23.028103],[89.77296,23.010321],[89.804861,22.9831],[89.81837,22.96662],[89.82252,22.957302],[89.828136,22.939073],[89.83253,22.931912],[89.838145,22.928005],[89.853282,22.92182],[89.859304,22.91824],[89.879649,22.896511],[89.887218,22.890245],[89.928233,22.870429],[89.942882,22.857286],[89.99879,22.768866],[90.006765,22.750271],[90.010753,22.726426],[90.009939,22.686143],[90.013276,22.667304],[90.024425,22.651313],[90.01588,22.627753],[90.014415,22.596137],[90.017833,22.566352],[90.024425,22.548285],[90.019542,22.538438],[90.011974,22.511094],[90.010183,22.490261]],[[90.087494,23.57864],[90.083507,23.557725],[90.069021,23.527696],[90.067963,23.519843],[90.06894,23.511786],[90.0713,23.503933],[90.079031,23.488552],[90.112397,23.438992],[90.093435,23.427558],[90.082123,23.388699],[90.064708,23.391181],[90.074148,23.377956],[90.095307,23.375067],[90.116466,23.369167],[90.126231,23.346788],[90.127371,23.335273],[90.132335,23.311713],[90.133718,23.298407],[90.129893,23.290595],[90.121104,23.290107],[90.111501,23.294623],[90.105561,23.301825],[90.098888,23.301825],[90.098888,23.26085],[90.105561,23.26085],[90.108002,23.274766],[90.116466,23.280341],[90.128184,23.277899],[90.140554,23.267646],[90.145437,23.253933],[90.143158,23.243272],[90.145437,23.236599],[90.164073,23.234158],[90.180186,23.233913],[90.197358,23.231635],[90.212576,23.225165],[90.22226,23.212429],[90.219819,23.204535],[90.212576,23.191311]],[[90.212576,23.191311],[90.212169,23.190619],[90.201752,23.177354],[90.191742,23.171454],[90.175955,23.173611],[90.171641,23.179226],[90.174571,23.19599],[90.177419,23.199042],[90.184255,23.199978],[90.198416,23.199408],[90.208507,23.197374],[90.212169,23.192816],[90.212576,23.191311]],[[90.212576,23.191311],[90.21339,23.188015],[90.215424,23.185126],[90.235606,23.182644],[90.245942,23.180121],[90.250418,23.175157],[90.254812,23.149726],[90.253184,23.139228],[90.242931,23.130479],[90.242931,23.124294],[90.266612,23.122423],[90.2942,23.116726],[90.318614,23.106024],[90.332123,23.089545],[90.325287,23.089545],[90.331391,23.075303],[90.324718,23.0692],[90.312266,23.065741],[90.301199,23.059109],[90.292084,23.042833],[90.30185,23.041327],[90.317312,23.043484],[90.325287,23.038031],[90.326182,23.020697],[90.325287,23.021267],[90.323741,23.015815],[90.319428,23.010565],[90.317312,23.004584],[90.322032,22.997016],[90.334727,22.988552],[90.346934,22.982489],[90.355968,22.975287],[90.35963,22.962917],[90.364513,22.955024],[90.375011,22.945624],[90.384776,22.933783],[90.387462,22.91824],[90.384695,22.914822],[90.373139,22.906277],[90.370128,22.904568],[90.366466,22.901231],[90.365326,22.84573],[90.36964,22.81684],[90.379324,22.79267],[90.394216,22.774848]],[[88.406912,22.945502],[88.444428,22.945502],[88.455984,22.943427],[88.475597,22.934027],[88.485362,22.931912],[88.495535,22.934272],[88.503917,22.940131],[88.528331,22.968451],[88.53655,22.980292],[88.546397,22.984076],[88.555919,22.985297],[88.565115,22.983181],[88.574474,22.976874],[88.585948,22.971218],[88.598562,22.970404],[88.609386,22.971137],[88.615733,22.970038],[88.620209,22.961127],[88.620616,22.952338],[88.622813,22.944525],[88.632823,22.938747],[88.639252,22.938747],[88.644786,22.94127],[88.649669,22.944363],[88.653819,22.945502],[88.655365,22.945828],[88.668224,22.945868],[88.667003,22.945502],[88.704112,22.946357],[88.724213,22.943305],[88.739268,22.935329],[88.746511,22.920844],[88.750662,22.884345],[88.756277,22.870429],[88.773041,22.855048],[88.788666,22.849189],[88.828298,22.849311],[88.829682,22.845242],[88.838878,22.836859],[88.848643,22.829861],[88.85255,22.830105],[88.854096,22.818427],[88.851736,22.810655],[88.838308,22.794704],[88.84962,22.788845],[88.851003,22.783474],[88.847992,22.777859],[88.845714,22.771104],[88.840587,22.745714],[88.838308,22.739447],[88.830496,22.736599],[88.821544,22.739203],[88.813975,22.739529],[88.810964,22.729844],[88.812999,22.721055],[88.81837,22.715766],[88.825206,22.711534],[88.832042,22.705919],[88.868175,22.663642],[88.879812,22.657538],[88.900483,22.658067],[88.916515,22.662055],[88.929617,22.658759],[88.941905,22.637722],[88.951671,22.612128],[88.956065,22.585232],[88.949799,22.562201],[88.927664,22.548285],[88.958588,22.536973],[88.970632,22.528144],[88.979584,22.491075],[88.997976,22.451483],[89.002208,22.428168],[89.000255,22.420274],[88.991791,22.407172],[88.989024,22.396837],[88.989268,22.38703],[89.000987,22.333848],[89.00644,22.321641],[89.023204,22.29503],[89.008718,22.285834],[89.018321,22.264838],[89.061941,22.211737],[89.070323,22.195014],[89.075776,22.175238],[89.077729,22.151068],[89.060313,22.130642]],[[88.406912,22.945502],[88.403901,22.9171],[88.39796,22.896837],[88.379487,22.856757],[88.365896,22.815782],[88.348155,22.788194],[88.34547,22.778266],[88.348562,22.758002],[88.362804,22.721218],[88.365896,22.698513],[88.364024,22.656073],[88.356944,22.612616],[88.342296,22.57628],[88.317393,22.555121],[88.296886,22.554023],[88.271983,22.55622],[88.251231,22.553656],[88.242442,22.538031],[88.241222,22.526719],[88.237641,22.521796],[88.230072,22.520779],[88.218272,22.521023],[88.206716,22.51671],[88.199799,22.506781],[88.194265,22.495429],[88.187104,22.486843],[88.170909,22.480821],[88.150483,22.475898],[88.133067,22.468695],[88.125662,22.455837],[88.137218,22.418077],[88.139659,22.398871],[88.129242,22.390652],[88.106944,22.383816],[88.101085,22.367214],[88.105235,22.329169],[88.103038,22.314154],[88.099132,22.299384],[88.09669,22.293769],[88.082123,22.271918],[88.080577,22.268826],[88.0796,22.265204],[88.077891,22.248847],[88.075694,22.241278],[88.070893,22.23489]],[[88.406261,22.945502],[88.406912,22.945502]],[[89.293142,22.600124],[89.290619,22.606635],[89.288259,22.616482],[89.281993,22.627387],[89.273367,22.635606],[89.263438,22.637722],[89.257253,22.63349],[89.255056,22.626085],[89.255951,22.606635],[89.259288,22.598253],[89.265636,22.589423],[89.27003,22.580756],[89.266775,22.572537],[89.255626,22.561347],[89.250987,22.553412],[89.249929,22.545518],[89.249766,22.534613],[89.252371,22.512274],[89.261241,22.495185],[89.290619,22.465766],[89.271007,22.458808],[89.258393,22.443671],[89.255056,22.424262],[89.263438,22.404324],[89.251964,22.393337],[89.25294,22.381212],[89.262462,22.368516],[89.277192,22.355902],[89.265717,22.337266],[89.27532,22.31269],[89.295909,22.291083],[89.317963,22.281358],[89.30714,22.260118],[89.305756,22.24197],[89.342296,22.130561],[89.351492,22.127712],[89.358979,22.120795],[89.364024,22.112657],[89.365815,22.106024],[89.368093,22.103624],[89.383556,22.092393],[89.387299,22.086697],[89.385753,22.08393],[89.382091,22.082099],[89.380056,22.079047],[89.376394,22.063788],[89.367198,22.048855],[89.345307,22.020697],[89.350678,22.012274],[89.35255,22.000271],[89.352143,21.972276]],[[89.293142,22.600124],[89.293061,22.597968]],[[89.475678,22.29503],[89.454112,22.317003],[89.444347,22.334052],[89.441498,22.352159],[89.440115,22.398993],[89.431244,22.464708],[89.420665,22.492051],[89.42213,22.503485],[89.427419,22.516303],[89.425548,22.5338],[89.408376,22.562323],[89.393891,22.575629],[89.354015,22.594916],[89.345307,22.602891],[89.330658,22.593451],[89.312592,22.586982],[89.297293,22.589382],[89.293142,22.600124]]]}},{"type":"Feature","properties":{"dissolve":"56Lake Centerline","scalerank":3.0,"featurecla":"Lake Centerline","name":"Indus","name_alt":null,"rivernum":56,"note":null,"min_zoom":3.0,"name_en":"Indus","min_label":4.0},"bbox":[72.707042,34.085557,72.852468,34.622504],"geometry":{"type":"MultiLineString","coordinates":[[[72.781668,34.622504],[72.783214,34.61282],[72.802257,34.576768],[72.801524,34.558295],[72.789154,34.52322],[72.788666,34.514228],[72.801524,34.503933],[72.826264,34.498358],[72.836681,34.481024],[72.832449,34.459499],[72.829519,34.440619],[72.826671,34.414903],[72.827891,34.393175],[72.838634,34.375841],[72.845307,34.35456],[72.85019,34.321153],[72.852468,34.287787],[72.842459,34.255072],[72.836681,34.221015],[72.838796,34.194688],[72.8331,34.168321],[72.813731,34.144843],[72.789154,34.127956],[72.760671,34.115831],[72.740001,34.105089],[72.721446,34.09337],[72.707042,34.085557]]]}},{"type":"Feature","properties":{"dissolve":"56River","scalerank":3.0,"featurecla":"River","name":"Indus","name_alt":null,"rivernum":56,"note":null,"min_zoom":3.0,"name_en":"Indus","min_label":4.0},"bbox":[67.532319,23.909491,79.73463,35.842841],"geometry":{"type":"MultiLineString","coordinates":[[[72.70696,34.085517],[72.667491,34.05919],[72.651866,34.043524],[72.645763,34.023261],[72.63323,34.01378],[72.604991,34.013373],[72.509532,34.02265],[72.467459,34.020453],[72.430675,34.011298],[72.398692,33.993191],[72.36671,33.969346],[72.348399,33.961005],[72.254975,33.944403],[72.240326,33.937934],[72.225841,33.901231],[72.241303,33.804796],[72.23406,33.765977],[72.223155,33.774237],[72.210867,33.776475],[72.198253,33.773505],[72.186453,33.765977],[72.171886,33.773057],[72.152599,33.777289],[72.114757,33.779649],[72.087413,33.789903],[72.082937,33.788153],[72.062918,33.765977],[72.052826,33.76085],[72.031749,33.753974],[72.021902,33.746161],[72.010183,33.71601],[72.004893,33.711371],[71.999034,33.703437],[71.97934,33.664496],[71.974132,33.64997],[71.971772,33.598212],[71.953136,33.570502],[71.953054,33.559882],[71.955577,33.547146],[71.953054,33.526435],[71.944753,33.515652],[71.901785,33.488552],[71.897065,33.481635],[71.892507,33.467963],[71.888194,33.461249],[71.879405,33.45185],[71.873546,33.443468],[71.872569,33.434516],[71.87794,33.423407],[71.867768,33.420844],[71.863373,33.41531],[71.859386,33.408759],[71.850597,33.40351],[71.841807,33.402167],[71.812755,33.40351],[71.796804,33.40001],[71.740733,33.375556],[71.723155,33.355251],[71.722341,33.336127],[71.725027,33.318671],[71.716889,33.303575],[71.704682,33.289618],[71.698985,33.272528],[71.703217,33.256537],[71.720876,33.245876],[71.712901,33.245876],[71.726573,33.231147],[71.740733,33.219428],[71.751069,33.20539],[71.754405,33.183783],[71.749522,33.163438],[71.740245,33.14997],[71.729584,33.139716],[71.720876,33.129177],[71.712901,33.110867],[71.710948,33.094306],[71.712901,33.054063],[71.718761,33.037177],[71.718435,33.029405],[71.699474,33.022813],[71.694021,33.015082],[71.690684,33.005968],[71.685476,32.998847],[71.649343,32.978624],[71.611095,32.964057],[71.599539,32.961859],[71.572765,32.960639],[71.549408,32.954169],[71.551687,32.955593],[71.541921,32.952948],[71.533783,32.949083],[71.526947,32.943386],[71.512706,32.920193],[71.506765,32.914822],[71.498139,32.910712],[71.461925,32.897976],[71.448009,32.887274],[71.437511,32.868964],[71.430268,32.842556],[71.426036,32.83454],[71.409109,32.816433],[71.40504,32.808946],[71.403087,32.790107],[71.412852,32.753119],[71.414073,32.734402],[71.411713,32.725653],[71.407725,32.718777],[71.402436,32.713324],[71.396088,32.709011],[71.364187,32.695014],[71.354503,32.68891],[71.340587,32.673692],[71.331472,32.656073],[71.325857,32.636786],[71.322765,32.616482],[71.323416,32.593573],[71.329682,32.574286],[71.348074,32.535264],[71.350841,32.52501],[71.346609,32.432318],[71.340587,32.415107],[71.331472,32.399278],[71.293875,32.356147],[71.283376,32.339911],[71.278738,32.322333],[71.278331,32.302029],[71.276459,32.292589],[71.271902,32.282823],[71.251964,32.254503],[71.247162,32.243516],[71.236501,32.20185],[71.22877,32.181749],[71.215587,32.165473],[71.206716,32.159695],[71.177664,32.147162],[71.167898,32.140815],[71.132091,32.105821],[71.123464,32.094062],[71.117198,32.081122],[71.114675,32.066514],[71.11435,32.047471],[71.112315,32.039008],[71.106944,32.030544],[71.070242,31.999091],[71.054698,31.982204],[71.036876,31.940212],[71.023041,31.925849],[71.007335,31.912909],[70.992768,31.897895],[70.983409,31.879259],[70.973888,31.83869],[70.966807,31.818915],[70.923595,31.744452],[70.905772,31.721462],[70.899343,31.709581],[70.899343,31.695136],[70.904226,31.678819],[70.904714,31.672919],[70.903331,31.663682],[70.826752,31.489447],[70.801036,31.453681],[70.795421,31.440945],[70.791433,31.426337],[70.788178,31.379665],[70.767507,31.263983],[70.768077,31.249823],[70.771495,31.235948],[70.781668,31.209296],[70.784434,31.195136],[70.788829,31.138251],[70.793386,31.125434],[70.814057,31.09162],[70.818614,31.078152],[70.835867,30.977607],[70.835216,30.948269],[70.829031,30.919867],[70.819347,30.883857],[70.814708,30.872667],[70.796886,30.846747],[70.765554,30.813056],[70.757253,30.801703],[70.75172,30.789008],[70.750011,30.774441],[70.751231,30.766425],[70.759939,30.74433],[70.762136,30.736843],[70.765717,30.695095],[70.771414,30.677314],[70.780772,30.661322],[70.814464,30.625434],[70.830333,30.599433],[70.841726,30.57099],[70.848074,30.542019],[70.849701,30.522325],[70.84905,30.502997],[70.84547,30.484076],[70.835541,30.456977],[70.829845,30.416571],[70.815196,30.363959],[70.811046,30.356147],[70.805186,30.349718],[70.785085,30.33747],[70.779552,30.331366],[70.774018,30.315863],[70.775076,30.298448],[70.780528,30.28144],[70.80185,30.237657],[70.812266,30.225653],[70.815929,30.219509],[70.817312,30.210517],[70.816417,30.20246],[70.805431,30.171007],[70.803722,30.162299],[70.80185,30.109442],[70.806163,30.093533],[70.835053,30.053412],[70.838878,30.018378],[70.834239,29.946885],[70.83546,29.938666],[70.843272,29.916571],[70.844737,29.908026],[70.844168,29.89997],[70.830007,29.854763],[70.823741,29.841417],[70.812999,29.829413],[70.805431,29.824978],[70.788503,29.819119],[70.780772,29.814521],[70.775076,29.808905],[70.770763,29.802436],[70.76767,29.795274],[70.763194,29.771674],[70.760509,29.765001],[70.755056,29.758124],[70.728282,29.732123],[70.701182,29.696641],[70.689138,29.686143],[70.668956,29.673367],[70.663097,29.66828],[70.658702,29.661241],[70.653412,29.637274],[70.635346,29.600653],[70.6338,29.591986],[70.633556,29.582465],[70.635753,29.564073],[70.644542,29.545966],[70.659434,29.53738],[70.676768,29.531358],[70.692882,29.521186],[70.700287,29.506049],[70.702159,29.486151],[70.700206,29.448188],[70.701182,29.438422],[70.704112,29.431098],[70.714692,29.416612],[70.718842,29.40823],[70.720307,29.399604],[70.719249,29.390733],[70.716319,29.381456],[70.708751,29.366645],[70.680593,29.32453],[70.67628,29.307644],[70.675385,29.272406],[70.67213,29.254706],[70.668712,29.248074],[70.659434,29.236436],[70.648204,29.215115],[70.649343,29.187283],[70.651947,29.173896],[70.661632,29.14822],[70.667898,29.123603],[70.667898,29.083808],[70.665294,29.070624],[70.660167,29.058783],[70.652192,29.049669],[70.641856,29.043809],[70.630382,29.040351],[70.59075,29.033637],[70.577566,29.029649],[70.565033,29.023261],[70.555268,29.015408],[70.525971,28.975898],[70.476003,28.922675],[70.466075,28.916124],[70.436534,28.911566],[70.404063,28.915595],[70.373627,28.914618],[70.350108,28.895128],[70.34547,28.883409],[70.339122,28.858954],[70.333914,28.84752],[70.326264,28.837958],[70.276378,28.792507],[70.252371,28.777615],[70.156749,28.745429],[70.144135,28.738959],[70.132742,28.728949],[70.107351,28.69241],[70.095795,28.682644],[70.054698,28.666612],[70.043061,28.659247],[70.037364,28.650255],[70.035574,28.639268],[70.03655,28.625922],[70.028575,28.597927],[70.003022,28.586737],[69.940929,28.581651],[69.926768,28.576972],[69.91505,28.569525],[69.893565,28.550116],[69.882498,28.542263],[69.871186,28.538438],[69.82366,28.533515],[69.801768,28.528428],[69.781016,28.520453],[69.762218,28.509101],[69.752533,28.499864],[69.746349,28.489773],[69.724701,28.416083],[69.716563,28.40119],[69.708263,28.391872],[69.678315,28.37462],[69.6692,28.366034],[69.66269,28.355496],[69.652599,28.332384],[69.64503,28.320624],[69.585378,28.258612],[69.573334,28.250271],[69.561127,28.245673],[69.535737,28.239691],[69.523529,28.234971],[69.500011,28.220811],[69.487804,28.21601],[69.473888,28.215399],[69.432709,28.231879],[69.419526,28.232449],[69.410574,28.225775],[69.405691,28.214179],[69.400483,28.189643],[69.395763,28.176052],[69.388764,28.16295],[69.378998,28.152371],[69.365896,28.146308],[69.338308,28.150458],[69.312022,28.164008],[69.288097,28.169745],[69.2671,28.150702],[69.259369,28.138129],[69.25058,28.12934],[69.23935,28.124091],[69.224376,28.121934],[69.194835,28.121894],[69.180756,28.11876],[69.1692,28.110175],[69.162852,28.098497],[69.153331,28.073432],[69.144786,28.062812],[69.131358,28.056179],[69.116954,28.054999],[69.074311,28.064276],[69.06129,28.065619],[69.048432,28.065131],[69.034923,28.06269],[69.036225,28.034939],[69.035574,28.030585],[69.026134,28.001776],[69.021902,27.992499],[69.016124,27.984076],[68.998953,27.972113],[68.980886,27.970974],[68.932872,27.985907],[68.927826,27.986518],[68.922537,27.98432],[68.918712,27.979682],[68.917491,27.974229],[68.918224,27.968451],[68.920421,27.962917],[68.926768,27.952989],[68.942963,27.936143],[68.949636,27.926296],[68.953624,27.915229],[68.955089,27.903754],[68.953543,27.880439],[68.949962,27.868272],[68.943126,27.86164],[68.933197,27.858588],[68.895112,27.853705],[68.882742,27.849433],[68.87322,27.842597],[68.870372,27.837917],[68.862641,27.820014],[68.860932,27.813585],[68.860769,27.807563],[68.863048,27.794989],[68.87794,27.782538],[68.884044,27.782416],[68.890717,27.780219],[68.896088,27.77615],[68.898204,27.770535],[68.917898,27.766425],[68.940684,27.758653],[68.955577,27.745876],[68.951752,27.726426],[68.932628,27.710273],[68.882091,27.691474],[68.835867,27.667996],[68.813406,27.663113],[68.791026,27.666938],[68.768891,27.680732],[68.749929,27.699734],[68.734386,27.721706],[68.717052,27.766872],[68.699229,27.784857],[68.676524,27.790351],[68.65797,27.781684],[68.65211,27.757188],[68.655284,27.732733],[68.653738,27.721137],[68.646576,27.711046],[68.635671,27.705268],[68.623057,27.703192],[68.609955,27.703803],[68.575857,27.710069],[68.565522,27.70954],[68.554698,27.705512],[68.542572,27.696397],[68.522065,27.674262],[68.510671,27.66474],[68.48878,27.662462],[68.468191,27.672187],[68.449718,27.676581],[68.433849,27.658026],[68.424327,27.635443],[68.416596,27.627387],[68.404552,27.623603],[68.37794,27.624538],[68.365164,27.623399],[68.352794,27.617743],[68.344737,27.609646],[68.332612,27.590155],[68.325287,27.581366],[68.29835,27.56448],[68.291108,27.556912],[68.289236,27.534613],[68.326182,27.499294],[68.331472,27.477647],[68.324962,27.464789],[68.305675,27.442328],[68.29835,27.429796],[68.296967,27.418769],[68.300873,27.409532],[68.315684,27.393622],[68.326671,27.374132],[68.316987,27.364081],[68.296641,27.361151],[68.274832,27.362738],[68.247081,27.368354],[68.232921,27.369656],[68.219249,27.367865],[68.20989,27.363105],[68.15325,27.300727],[68.146495,27.27912],[68.162201,27.259792],[68.19752,27.244818],[68.205496,27.235948],[68.206716,27.224677],[68.201671,27.214871],[68.192393,27.207221],[68.182384,27.202257],[68.161388,27.200548],[68.134288,27.201524],[68.108979,27.198757],[68.094168,27.185858],[68.094249,27.175727],[68.099213,27.165473],[68.111746,27.147162],[68.117768,27.133979],[68.120697,27.120632],[68.119558,27.107245],[68.113292,27.094102],[68.074474,27.053412],[68.051036,27.021918],[68.040945,27.013373],[68.000011,26.991563],[67.976085,26.969672],[67.966726,26.964423],[67.955333,26.962348],[67.943858,26.963731],[67.92213,26.972032],[67.913015,26.965644],[67.908702,26.957058],[67.908132,26.947089],[67.917003,26.914374],[67.917084,26.90294],[67.914236,26.891181],[67.904714,26.867051],[67.901785,26.861762],[67.894623,26.852078],[67.892589,26.846544],[67.891694,26.83279],[67.902599,26.794135],[67.905284,26.768256],[67.904714,26.742051],[67.902436,26.717393],[67.900645,26.711127],[67.890554,26.694363],[67.884939,26.681952],[67.881358,26.669867],[67.879405,26.657335],[67.878998,26.643826],[67.88087,26.63349],[67.884858,26.624538],[67.891124,26.616523],[67.911225,26.598253],[67.920421,26.586778],[67.926036,26.573676],[67.927338,26.557929],[67.922862,26.537177],[67.922374,26.530056],[67.924734,26.505723],[67.927013,26.498969],[67.919526,26.471706],[67.918712,26.46129],[67.91684,26.451443],[67.913503,26.442003],[67.908295,26.432929],[67.88974,26.410468],[67.886322,26.401801],[67.889903,26.385688],[67.917084,26.358222],[67.927419,26.34394],[67.931895,26.325548],[67.9345,26.287218],[67.939057,26.26907],[67.952566,26.255194],[67.972341,26.24962],[67.993744,26.246121],[68.012136,26.238145],[68.018565,26.230902],[68.02239,26.222683],[68.02825,26.204861],[68.033214,26.19656],[68.039968,26.190741],[68.047944,26.186713],[68.094168,26.174587],[68.110362,26.166327],[68.124115,26.152371],[68.128998,26.143744],[68.132091,26.134711],[68.133393,26.125271],[68.133311,26.115424],[68.127208,26.088324],[68.127208,26.079291],[68.13616,26.062079],[68.153331,26.047146],[68.207286,26.012519],[68.221446,25.999823],[68.233002,25.98489],[68.241954,25.966173],[68.252533,25.932644],[68.259939,25.916693],[68.271088,25.903266],[68.28655,25.893378],[68.318451,25.878241],[68.331554,25.865505],[68.341401,25.852891],[68.347097,25.847846],[68.35434,25.843573],[68.38323,25.832587],[68.391368,25.82685],[68.397716,25.809597],[68.385753,25.795274],[68.365815,25.784288],[68.349132,25.777289],[68.331391,25.765815],[68.321869,25.750515],[68.322683,25.732937],[68.33489,25.714789],[68.353445,25.702908],[68.396495,25.689276],[68.41627,25.678656],[68.426362,25.661241],[68.416108,25.646837],[68.39739,25.633979],[68.382335,25.621161],[68.378835,25.603461],[68.393972,25.567816],[68.39267,25.54918],[68.380382,25.535346],[68.362397,25.527045],[68.343191,25.520779],[68.325857,25.512885],[68.314464,25.498806],[68.315033,25.48371],[68.327891,25.451036],[68.326264,25.435411],[68.310639,25.409288],[68.309825,25.395331],[68.315522,25.385281],[68.332042,25.371609],[68.339447,25.363593],[68.344168,25.352851],[68.349132,25.279324],[68.347179,25.272081],[68.343516,25.265977],[68.332774,25.25495],[68.313569,25.241482],[68.30836,25.236029],[68.304291,25.228054],[68.301768,25.218329],[68.301199,25.208319],[68.302745,25.19953],[68.311615,25.188178],[68.355561,25.16474],[68.360769,25.160264],[68.365896,25.154812],[68.369884,25.148464],[68.370535,25.141791],[68.366222,25.134833],[68.358002,25.131619],[68.348643,25.130968],[68.32252,25.134955],[68.306651,25.135606],[68.294688,25.129096],[68.28948,25.110622],[68.288666,25.10102],[68.287039,25.093126],[68.283702,25.085801],[68.272553,25.070014],[68.268565,25.06212],[68.266368,25.053656],[68.266531,25.044053],[68.273448,25.00963],[68.273692,24.992743],[68.2671,24.976345],[68.260834,24.969265],[68.253347,24.964545],[68.245128,24.963731],[68.237071,24.968207],[68.231212,24.976426],[68.222585,24.995225],[68.215424,25.002631],[68.197765,25.006374],[68.180593,24.998236],[68.165457,24.98432],[68.142589,24.956488],[68.134776,24.941474],[68.132253,24.925238],[68.136811,24.907416],[68.144135,24.895209],[68.146495,24.888861],[68.145518,24.881619],[68.140636,24.874091],[68.133067,24.869005],[68.123953,24.866278],[68.115001,24.86579],[68.078705,24.875922],[68.060639,24.877305],[68.044037,24.868354],[68.037527,24.853461],[68.042247,24.839138],[68.050222,24.824734],[68.053315,24.809516],[68.047455,24.790717],[68.036062,24.77497],[68.009207,24.746161],[68.001069,24.732245],[67.986827,24.687567],[67.970307,24.656317],[67.968761,24.64114],[67.978445,24.625067],[68.003998,24.601142],[68.010509,24.587348],[68.006765,24.569892],[68.002045,24.562323],[67.996593,24.555976],[67.990245,24.550727],[67.966889,24.53852],[67.960948,24.532823],[67.957937,24.524482],[67.958263,24.516547],[67.967377,24.494167],[67.97169,24.479438],[67.974132,24.464301],[67.974213,24.45657],[67.973074,24.44953],[67.970307,24.442898],[67.966319,24.436306],[67.956716,24.43122],[67.943858,24.432196],[67.920095,24.436713],[67.915294,24.435248],[67.900645,24.427069],[67.877208,24.420681],[67.858897,24.418809],[67.849539,24.416612],[67.843354,24.411892],[67.842052,24.403388],[67.846202,24.396104],[67.858653,24.383857],[67.863536,24.375841],[67.867931,24.366034],[67.870535,24.35578],[67.870046,24.346462],[67.854747,24.333319],[67.830333,24.339138],[67.805431,24.348456],[67.788097,24.3463],[67.784679,24.336046],[67.78769,24.325019],[67.794363,24.314724],[67.801524,24.306667],[67.819021,24.29267],[67.826101,24.284857],[67.830333,24.273871],[67.8296,24.263536],[67.824799,24.255194],[67.816824,24.2508],[67.80657,24.252387],[67.788097,24.266547],[67.778087,24.271308],[67.766531,24.269314],[67.758067,24.261013],[67.755626,24.250271],[67.756358,24.227159],[67.753184,24.20539],[67.749929,24.19477],[67.745209,24.185085],[67.737804,24.17414],[67.729747,24.166571],[67.719819,24.163682],[67.707042,24.166612],[67.687022,24.174872],[67.676768,24.175605],[67.666026,24.171576],[67.659679,24.166124],[67.65504,24.159125],[67.652273,24.15115],[67.651296,24.14289],[67.653331,24.132839],[67.661632,24.114447],[67.663585,24.106431]],[[79.437266,32.738105],[79.422374,32.752712],[79.399343,32.792751],[79.356944,32.850694],[79.336436,32.860419],[79.327403,32.868476],[79.317882,32.908271],[79.308604,32.928168],[79.289236,32.936794],[79.284272,32.94005],[79.273692,32.954617],[79.268891,32.957831],[79.224376,32.970893],[79.181895,32.989325],[79.152354,33.015408],[79.100841,33.080756],[78.955333,33.201239],[78.935802,33.211127],[78.924083,33.212836],[78.91505,33.210395],[78.906993,33.206732],[78.898529,33.204901],[78.797781,33.153103],[78.78655,33.14997],[78.771902,33.149685],[78.760834,33.152289],[78.734386,33.163275],[78.710948,33.165351],[78.592377,33.207872],[78.576671,33.211127],[78.570567,33.216498],[78.559093,33.240424],[78.548757,33.245876],[78.538259,33.247585],[78.511241,33.259548],[78.433523,33.282416],[78.406261,33.299425],[78.366303,33.344062],[78.353038,33.354682],[78.335867,33.360297],[78.3095,33.361925],[78.291026,33.365505],[78.276541,33.374294],[78.25172,33.396674],[78.195811,33.432888],[78.162608,33.461859],[78.152273,33.46894],[78.149099,33.479844],[78.158376,33.525336],[78.157807,33.54796],[78.149832,33.566514],[78.131358,33.574246],[78.100841,33.577826],[78.092459,33.588406],[78.090831,33.605536],[78.079845,33.628852],[78.066987,33.638129],[78.022472,33.659451],[78.007823,33.663601],[77.996511,33.673936],[77.958751,33.722846],[77.942556,33.738715],[77.884207,33.769151],[77.870372,33.773464],[77.858409,33.780382],[77.733897,33.921983],[77.660411,34.029324],[77.593272,34.088162],[77.556163,34.113471],[77.53419,34.124538],[77.5053,34.131212],[77.497569,34.135077],[77.488862,34.136908],[77.466563,34.130439],[77.433604,34.128485],[77.421316,34.129096],[77.339366,34.160183],[77.333751,34.1824],[77.319591,34.196153],[77.299571,34.202989],[77.277354,34.20421],[77.272716,34.202012],[77.269135,34.193386],[77.263682,34.191189],[77.257091,34.19184],[77.252208,34.193915],[77.248057,34.196234],[77.23349,34.20128],[77.217052,34.209906],[77.196788,34.212958],[77.184093,34.216498],[77.172862,34.221991],[77.167979,34.229031],[77.164073,34.237372],[77.154714,34.23725],[77.143484,34.233913],[77.133881,34.232123],[77.112722,34.237576],[77.07073,34.255561],[77.043386,34.26199],[77.036143,34.268866],[77.032481,34.278835],[77.031505,34.290798],[76.990001,34.307888],[76.904307,34.307888],[76.887706,34.311143],[76.842784,34.330349],[76.788585,34.37169],[76.772716,34.389512],[76.770274,34.403428],[76.737722,34.424262],[76.694021,34.44123],[76.6845,34.447821],[76.625092,34.518826],[76.611827,34.54267],[76.600108,34.554267],[76.584402,34.5633],[76.538097,34.574774],[76.523448,34.582628],[76.490245,34.608913],[76.449474,34.631415],[76.435069,34.636827],[76.387462,34.64411],[76.372976,34.649848],[76.372976,34.643622],[76.334239,34.657986],[76.316824,34.667792],[76.300873,34.680854],[76.242686,34.746039],[76.234386,34.752305],[76.220876,34.760321],[76.215343,34.766547],[76.210378,34.777371],[76.203217,34.802558],[76.189871,34.829901],[76.190359,34.853054],[76.195404,34.87519],[76.201671,34.890692],[76.206391,34.897081],[76.218028,34.908515],[76.222748,34.917344],[76.224864,34.931423],[76.221934,34.941026],[76.217459,34.948188],[76.215343,34.954901],[76.210216,34.95893],[76.185802,34.965115],[76.177745,34.968858],[76.15032,34.989285],[76.12322,35.016384],[76.075613,35.051134],[76.06129,35.066474],[76.052664,35.072577],[76.041108,35.075019],[76.038259,35.077012],[76.03655,35.087592],[76.034272,35.092393],[76.027436,35.096055],[76.011241,35.09455],[76.003673,35.096137],[75.957449,35.148261],[75.945323,35.157009],[75.921641,35.165554],[75.914968,35.185614],[75.915619,35.208564],[75.914236,35.225857],[75.90797,35.234442],[75.90089,35.238471],[75.893565,35.241278],[75.886974,35.246365],[75.882498,35.254259],[75.874604,35.275946],[75.859386,35.303046],[75.85377,35.324042],[75.843272,35.341376],[75.817963,35.349392],[75.79713,35.34337],[75.768077,35.31448],[75.746349,35.307807],[75.726492,35.308051],[75.721283,35.311062],[75.712169,35.318386],[75.699962,35.322862],[75.689138,35.319159],[75.67864,35.312323],[75.667247,35.307807],[75.635916,35.314154],[75.486095,35.415595],[75.46933,35.431098],[75.462413,35.448065],[75.451752,35.46015],[75.427175,35.471137],[75.399506,35.476671],[75.379812,35.472276],[75.362804,35.485907],[75.352468,35.505316],[75.347097,35.527859],[75.345714,35.551093],[75.339366,35.575303],[75.323253,35.585639],[75.105479,35.602607],[75.085948,35.601752],[75.080007,35.603583],[75.07073,35.609442],[75.061534,35.618842],[75.055756,35.627875],[75.048269,35.63463],[75.033214,35.637315],[74.989268,35.640082],[74.967296,35.644314],[74.948334,35.650987],[74.938569,35.657172],[74.920502,35.678331],[74.88974,35.701931],[74.872488,35.711737],[74.850108,35.716864],[74.772716,35.717963],[74.76295,35.719306],[74.745209,35.724148],[74.739757,35.728339],[74.742442,35.749701],[74.747488,35.768663],[74.747081,35.777167],[74.72462,35.785997],[74.722911,35.798285],[74.728608,35.822333],[74.726573,35.836371],[74.72462,35.841579],[74.656749,35.842841],[74.638927,35.836371],[74.630463,35.820868],[74.629161,35.802436],[74.632498,35.786933],[74.639171,35.777371],[74.64503,35.77558],[74.648204,35.772895],[74.646902,35.760281],[74.641205,35.759467],[74.629487,35.749538],[74.621674,35.737901],[74.629161,35.732367],[74.635183,35.728705],[74.644054,35.720079],[74.650483,35.710028],[74.649913,35.701931],[74.611339,35.671495],[74.609467,35.660509],[74.611339,35.649522],[74.624278,35.620144],[74.628673,35.613715],[74.631602,35.606228],[74.632498,35.527452],[74.607188,35.495795],[74.564708,35.483669],[74.516694,35.478135],[74.474864,35.466091],[74.459565,35.453559],[74.443614,35.437445],[74.42571,35.423529],[74.403575,35.41767],[74.317882,35.41767],[74.27003,35.427558],[74.246674,35.426703],[74.207042,35.404893],[74.183442,35.402655],[74.15919,35.405341],[74.139659,35.410834],[74.129324,35.417182],[74.10906,35.433539],[74.098155,35.438178],[74.087576,35.437852],[74.046886,35.431342],[74.029796,35.434272],[73.967784,35.458604],[73.923106,35.489691],[73.910818,35.494086],[73.862315,35.492743],[73.836925,35.49726],[73.756114,35.527452],[73.627208,35.543484],[73.563569,35.542304],[73.502371,35.534369],[73.463145,35.558132],[73.439952,35.562201],[73.395925,35.543524],[73.344005,35.548936],[73.323416,35.548041],[73.312429,35.541571],[73.307709,35.533515],[73.303722,35.513251],[73.304128,35.512071],[73.29835,35.486274],[73.296886,35.482856],[73.294688,35.473944],[73.285411,35.453437],[73.283214,35.44123],[73.280284,35.434841],[73.266694,35.414171],[73.262706,35.403998],[73.262706,35.343126],[73.260183,35.337429],[73.251069,35.324978],[73.249034,35.318386],[73.258556,35.306586],[73.276134,35.298163],[73.285411,35.285224],[73.26946,35.260037],[73.250662,35.248725],[73.201915,35.233262],[73.118663,35.184882],[73.053233,35.126532],[73.038829,35.116523],[73.003998,35.099066],[72.988292,35.08869],[72.950857,35.050727],[72.927989,35.034939],[72.90919,35.037787],[72.899506,35.042507],[72.892019,35.036973],[72.887136,35.026679],[72.885265,35.016669],[72.888113,35.008979],[72.893891,35.00198],[72.898855,34.992784],[72.898936,34.978827],[72.891368,34.961859],[72.869395,34.929023],[72.864838,34.906806],[72.872325,34.892035],[72.890636,34.884711],[72.933604,34.87641],[72.969168,34.856553],[72.986339,34.840115],[72.98463,34.824897],[72.975597,34.821885],[72.962901,34.82038],[72.951671,34.817694],[72.946788,34.81155],[72.943777,34.806586],[72.927175,34.787543],[72.919444,34.780829],[72.888113,34.771511],[72.854747,34.769314],[72.824474,34.76081],[72.802745,34.732449],[72.80071,34.717231],[72.809581,34.674099],[72.804861,34.657172],[72.785411,34.637478],[72.781668,34.622504]],[[79.73463,32.443915],[79.719656,32.45246],[79.67628,32.511583],[79.461518,32.707384],[79.429779,32.744981]],[[67.663585,24.106431],[67.661388,24.1081]],[[67.663585,24.106431],[67.664073,24.104763],[67.658132,24.083808],[67.63974,24.070828],[67.616466,24.065212],[67.573171,24.068549],[67.552338,24.066596],[67.532319,24.060492]],[[67.71339,24.066433],[67.701915,24.078559],[67.663585,24.106431]],[[67.71339,24.066433],[67.723725,24.062934],[67.737885,24.056952],[67.753673,24.054145],[67.760183,24.052843]],[[67.925873,23.982449],[67.9428,23.986518],[67.95574,23.994493],[67.954845,24.004421],[67.945079,24.017361],[67.932628,24.045518],[67.924246,24.055976],[67.911143,24.063096],[67.868907,24.076443],[67.853526,24.075466],[67.828298,24.065294],[67.811127,24.062771],[67.794688,24.06623],[67.777924,24.071641],[67.764903,24.071845],[67.759695,24.059353],[67.7671,24.023017],[67.786713,24.002956],[67.815196,23.994737],[67.883311,23.993964],[67.900645,23.990912],[67.913992,23.983954],[67.925548,23.982367],[67.925873,23.982449]],[[67.925873,23.982449],[67.926768,23.984931]],[[68.024506,23.933661],[68.022065,23.949327],[68.016368,23.968085],[68.016612,23.978949],[68.02003,23.994574],[68.018891,24.001492],[68.013927,24.00963],[68.007091,24.015937],[67.999278,24.018744],[67.990733,24.018581],[67.981456,24.015937],[67.973155,24.010932],[67.966726,24.005235],[67.956391,23.999457]],[[67.65089,23.93122],[67.668712,23.943712],[67.707612,23.947455],[67.725515,23.953559],[67.731375,23.965155],[67.728933,23.980333],[67.722667,23.997382],[67.719249,24.015001],[67.719819,24.049994],[67.71339,24.066433]],[[67.857514,23.909491],[67.857514,23.915351],[67.86085,23.9324],[67.862722,23.938015],[67.868175,23.944525],[67.875662,23.949083],[67.884044,23.952175],[67.910167,23.957709],[67.915538,23.960883],[67.919526,23.965115],[67.925873,23.982449]]]}},{"type":"Feature","properties":{"dissolve":"598River","scalerank":7.0,"featurecla":"River","name":"Ganges-Brahmaputra Delta","name_alt":null,"rivernum":598,"note":null,"min_zoom":6.0,"name_en":null,"min_label":7.0,"sourceName":null,"displayNameNote":"Display label assigned to the unnamed Natural Earth 598River delta branch; original geometry is unchanged."},"bbox":[90.462576,22.342231,90.85963,23.010932],"geometry":{"type":"MultiLineString","coordinates":[[[90.640147,22.952989],[90.633067,22.969062],[90.60963,22.986274],[90.613373,23.000108],[90.597341,23.010932],[90.589854,23.002997],[90.588959,22.985216],[90.588796,22.962022]],[[90.462576,22.822618],[90.473399,22.814317],[90.495942,22.811143],[90.506928,22.805243],[90.515717,22.798367],[90.544444,22.781684]],[[90.662364,22.804023],[90.663829,22.816596],[90.652192,22.825059],[90.633881,22.829047],[90.616466,22.830105],[90.606212,22.825792],[90.595876,22.815253],[90.581554,22.787909]],[[90.669688,22.472602],[90.700125,22.483466],[90.711436,22.479112],[90.715831,22.455837],[90.71282,22.435574],[90.7046,22.415351],[90.693858,22.399034],[90.683442,22.391913]],[[90.715831,22.452094],[90.723888,22.455186],[90.730561,22.448676],[90.735037,22.436306],[90.736908,22.421698],[90.74114,22.404079],[90.750987,22.399726],[90.774099,22.404324],[90.783295,22.400214],[90.801524,22.379096],[90.811453,22.370185],[90.8213,22.366238],[90.833507,22.36286],[90.845144,22.3581],[90.85963,22.342231]]]}},{"type":"Feature","properties":{"dissolve":"59Lake Centerline","scalerank":3.0,"featurecla":"Lake Centerline","name":"Niger","name_alt":null,"rivernum":59,"note":null,"min_zoom":3.0,"name_en":"Niger","min_label":4.0},"bbox":[-4.303863,9.864529,4.656668,15.506944],"geometry":{"type":"MultiLineString","coordinates":[[[-3.979563,15.281277],[-3.988718,15.287665],[-4.016347,15.302354],[-4.054636,15.316677],[-4.09203,15.327216],[-4.124501,15.33869],[-4.157786,15.35578],[-4.198801,15.373887],[-4.228586,15.393012],[-4.246571,15.424628],[-4.260813,15.456326],[-4.272654,15.478054],[-4.28067,15.488593],[-4.303863,15.506944]],[[4.625743,9.864529],[4.620291,9.877143],[4.609874,9.892768],[4.589773,9.912177],[4.583507,9.940863],[4.593191,9.979438],[4.591319,10.007636],[4.581228,10.03323],[4.566417,10.058783],[4.545584,10.083808],[4.533865,10.105333],[4.529552,10.126736],[4.527599,10.141059],[4.533458,10.166612],[4.552013,10.204372],[4.555675,10.214626],[4.556895,10.220282],[4.557384,10.226426],[4.556895,10.232449],[4.555837,10.238064],[4.553966,10.242987],[4.502452,10.334662],[4.500743,10.33869],[4.499034,10.346218],[4.497325,10.363227],[4.49822,10.376003],[4.502615,10.399929],[4.513601,10.431423],[4.564138,10.525702],[4.569591,10.533026],[4.656668,10.609239]]]}},{"type":"Feature","properties":{"dissolve":"59River","scalerank":3.0,"featurecla":"River","name":"Niger","name_alt":null,"rivernum":59,"note":null,"min_zoom":3.0,"name_en":"Niger","min_label":4.0},"bbox":[-10.827016,4.419867,6.798106,17.067491],"geometry":{"type":"MultiLineString","coordinates":[[[-3.222483,16.400336],[-3.198435,16.414659],[-3.18163,16.431952],[-3.186187,16.449734],[-3.164052,16.458686],[-3.139475,16.458848],[-3.119456,16.463731],[-3.111155,16.486925],[-3.112701,16.503241],[-3.118235,16.526068],[-3.117991,16.538153],[-3.115387,16.541287],[-3.110585,16.543769],[-3.105865,16.547878],[-3.103749,16.555528],[-3.109934,16.571357],[-3.111155,16.579779],[-3.108713,16.604356],[-3.08259,16.640163],[-3.067128,16.653835],[-3.045155,16.66059],[-3.033193,16.65998],[-3.010813,16.654649],[-2.998931,16.653754],[-2.96703,16.6612],[-2.957102,16.660712],[-2.92512,16.643256],[-2.908681,16.639228],[-2.891428,16.64822],[-2.886545,16.655341],[-2.879872,16.671739],[-2.875559,16.678982],[-2.8697,16.683905],[-2.862131,16.687812],[-2.84675,16.693223],[-2.822499,16.696845],[-2.773264,16.696723],[-2.749745,16.702216],[-2.703196,16.72663],[-2.679351,16.733913],[-2.633046,16.726752],[-2.609283,16.728135],[-2.543284,16.742296],[-2.534983,16.746283],[-2.507151,16.768663],[-2.49592,16.775214],[-2.485911,16.777615],[-2.480784,16.776475],[-2.469797,16.771796],[-2.464426,16.770209],[-2.453684,16.769395],[-2.431956,16.771796],[-2.42219,16.774359],[-2.403554,16.783067],[-2.379954,16.791124],[-2.302073,16.794786],[-2.284983,16.804633],[-2.264312,16.83515],[-2.245595,16.842597],[-2.235097,16.842312],[-2.148427,16.829169],[-2.129954,16.830593],[-2.107411,16.839057],[-2.099029,16.839667],[-2.090728,16.837266],[-2.079986,16.827419],[-2.072336,16.822618],[-2.052805,16.820583],[-2.04426,16.831895],[-2.040028,16.849433],[-2.033274,16.866075],[-2.024892,16.872911],[-2.012929,16.878445],[-1.989084,16.885281],[-1.97997,16.886501],[-1.951487,16.886583],[-1.932688,16.891059],[-1.880849,16.913275],[-1.825876,16.926785],[-1.799387,16.936591],[-1.783437,16.945502],[-1.776682,16.951117],[-1.764882,16.966661],[-1.759674,16.970974],[-1.750803,16.974473],[-1.741119,16.975531],[-1.721344,16.975043],[-1.679189,16.979031],[-1.663401,16.998806],[-1.633127,17.010077],[-1.547597,17.024766],[-1.541005,17.02497],[-1.516184,17.020575],[-1.498118,17.015001],[-1.491282,17.014594],[-1.471669,17.018175],[-1.443186,17.017605],[-1.38858,17.009345],[-1.361318,17.013739],[-1.340566,17.020819],[-1.334055,17.021552],[-1.300608,17.018134],[-1.274729,17.021552],[-1.249827,17.028184],[-1.225575,17.040351],[-1.220204,17.042019],[-1.209218,17.043402],[-1.203765,17.044704],[-1.161692,17.065497],[-1.15095,17.067491],[-1.099273,17.064521],[-1.084706,17.055487],[-1.050852,17.007392],[-1.034901,16.994208],[-1.018381,16.989366],[-1.000559,16.991034],[-0.954416,17.008409],[-0.945383,17.010606],[-0.93635,17.010606],[-0.929514,17.008328],[-0.916005,16.999376],[-0.90038,16.9914],[-0.884348,16.987372],[-0.867747,16.988105],[-0.850901,16.994452],[-0.818918,17.012274],[-0.802968,17.013861],[-0.785715,17.004665],[-0.764882,16.984971],[-0.756174,16.980536],[-0.741038,16.976671],[-0.735056,16.973985],[-0.729075,16.968329],[-0.717112,16.953721],[-0.705068,16.942206],[-0.690745,16.933865],[-0.672556,16.928778],[-0.637278,16.924913],[-0.6197,16.926337],[-0.602773,16.931993],[-0.58967,16.939561],[-0.577789,16.948839],[-0.561106,16.968085],[-0.553293,16.972724],[-0.542714,16.974433],[-0.53246,16.972195],[-0.512441,16.964464],[-0.503245,16.962673],[-0.494211,16.962104],[-0.430084,16.967882],[-0.407053,16.967556],[-0.384511,16.963935],[-0.377675,16.955268],[-0.372385,16.950751],[-0.360585,16.933295],[-0.350413,16.923448],[-0.346262,16.918158],[-0.344065,16.911485],[-0.346506,16.895616],[-0.353098,16.880968],[-0.357655,16.866034],[-0.353668,16.849189],[-0.345693,16.839545],[-0.294911,16.80919],[-0.290517,16.804063],[-0.28775,16.797716],[-0.283518,16.763048],[-0.283274,16.733751],[-0.281565,16.71955],[-0.276031,16.706855],[-0.267486,16.69831],[-0.257802,16.691026],[-0.24885,16.681993],[-0.243398,16.669704],[-0.241892,16.626776],[-0.238108,16.612901],[-0.230458,16.599473],[-0.220448,16.587429],[-0.209381,16.577582],[-0.131663,16.523139],[-0.125437,16.512274],[-0.120107,16.511054],[-0.115956,16.500027],[-0.11384,16.488227],[-0.111643,16.430284],[-0.106516,16.416938],[-0.071604,16.380479],[-0.064036,16.366156],[-0.054921,16.271308],[-0.059804,16.25019],[-0.058298,16.250515],[-0.056711,16.250515],[-0.055247,16.25019],[-0.053782,16.249579],[-0.046783,16.232042],[-0.042307,16.224189],[-0.034739,16.217149],[-0.000885,16.199897],[0.001069,16.19241],[0.001231,16.177191],[0.002859,16.170233],[0.006602,16.165107],[0.062307,16.12877],[0.072683,16.118028],[0.075694,16.11282],[0.082612,16.095038],[0.082937,16.091864],[0.082693,16.085395],[0.083425,16.082139],[0.084646,16.080268],[0.088796,16.077175],[0.090343,16.075385],[0.117931,16.027452],[0.12672,16.007148],[0.131765,15.998358],[0.148855,15.980414],[0.164317,15.96015],[0.183035,15.929511],[0.19044,15.920722],[0.22698,15.88935],[0.243582,15.871202],[0.270518,15.8487],[0.290538,15.825751],[0.297862,15.818915],[0.321544,15.805487],[0.329031,15.799831],[0.351329,15.769843],[0.364675,15.756212],[0.466482,15.726345],[0.472423,15.707587],[0.499685,15.664618],[0.507335,15.641221],[0.506521,15.618598],[0.493826,15.558621],[0.485769,15.537624],[0.563894,15.513454],[0.575694,15.500352],[0.680431,15.464626],[0.702891,15.453396],[0.72283,15.44005],[0.733897,15.429023],[0.748546,15.399034],[0.754161,15.382676],[0.756765,15.367011],[0.753591,15.351833],[0.74464,15.341376],[0.733572,15.332221],[0.723888,15.320746],[0.720388,15.312445],[0.718761,15.304267],[0.717052,15.277289],[0.714285,15.270819],[0.706554,15.25727],[0.702566,15.241034],[0.700125,15.207302],[0.694835,15.191107],[0.681895,15.165839],[0.672537,15.153103],[0.662364,15.147244],[0.661794,15.127956],[0.660574,15.122748],[0.654307,15.108913],[0.651785,15.081122],[0.648692,15.074978],[0.658376,15.058458],[0.656912,15.016466],[0.658376,15.003241],[0.662364,14.994981],[0.675792,14.976915],[0.678722,14.965644],[0.683849,14.958441],[0.696056,14.951199],[0.710867,14.947618],[0.737315,14.957953],[0.753429,14.954942],[0.836843,14.915473],[0.855886,14.894314],[0.86321,14.862901],[0.866222,14.830919],[0.874278,14.799831],[0.900645,14.743923],[0.902273,14.73725],[0.903494,14.717597],[0.905447,14.706326],[0.909597,14.696357],[0.94337,14.648017],[0.950694,14.641628],[0.976085,14.626247],[0.990733,14.615017],[1.028494,14.574246],[1.056895,14.551134],[1.069998,14.537543],[1.078868,14.522162],[1.089773,14.496772],[1.131358,14.43183],[1.301931,14.276964],[1.315847,14.268826],[1.336436,14.259467],[1.355968,14.253038],[1.367686,14.253445],[1.387218,14.26321],[1.407237,14.258857],[1.425304,14.245795],[1.439138,14.229193],[1.485037,14.146999],[1.502208,14.103135],[1.514171,14.057237],[1.516287,14.03738],[1.514171,13.972235],[1.517345,13.962836],[1.531505,13.942206],[1.534679,13.93126],[1.534353,13.907742],[1.536306,13.89704],[1.541515,13.887234],[1.549571,13.881293],[1.573253,13.871894],[1.583181,13.865505],[1.586681,13.858507],[1.589285,13.849677],[1.593028,13.842068],[1.600108,13.838813],[1.705007,13.713568],[1.715587,13.696601],[1.729503,13.682807],[1.754405,13.673692],[1.764415,13.673041],[1.785411,13.674669],[1.795421,13.673692],[1.806326,13.668036],[1.829845,13.650702],[1.853038,13.640733],[1.912771,13.598578],[1.934255,13.592963],[1.976492,13.58747],[1.99407,13.578152],[2.001475,13.568061],[2.008556,13.546942],[2.014415,13.537136],[2.024587,13.529975],[2.062266,13.516669],[2.079519,13.52322],[2.100027,13.512274],[2.117198,13.492377],[2.130382,13.44835],[2.145274,13.434353],[2.163259,13.424384],[2.178966,13.413031],[2.185476,13.399726],[2.191091,13.381659],[2.198497,13.365831],[2.209972,13.358995],[2.232351,13.354682],[2.254893,13.34394],[2.324229,13.298041],[2.346853,13.27619],[2.361013,13.245917],[2.370291,13.009955],[2.364513,12.958075],[2.36671,12.936103],[2.375987,12.897488],[2.378184,12.875515],[2.386729,12.860419],[2.424327,12.834093],[2.438243,12.802924],[2.462169,12.795274],[2.46754,12.786689],[2.469493,12.776923],[2.478526,12.755072],[2.481863,12.740994],[2.487234,12.734158],[2.488048,12.729031],[2.485606,12.722357],[2.476573,12.713487],[2.473806,12.707872],[2.469737,12.689399],[2.470225,12.682563],[2.473806,12.673774],[2.508556,12.652655],[2.517345,12.648505],[2.523448,12.648993],[2.526866,12.646186],[2.527761,12.632148],[2.520925,12.613796],[2.507823,12.603339],[2.498302,12.591905],[2.50172,12.570746],[2.508718,12.560736],[2.527599,12.545437],[2.535167,12.537218],[2.548025,12.506293],[2.555675,12.495632],[2.564464,12.516913],[2.577322,12.540147],[2.593191,12.561632],[2.611013,12.577582],[2.61614,12.574652],[2.619558,12.571723],[2.622,12.568427],[2.623953,12.564521],[2.628103,12.552598],[2.628103,12.52558],[2.631358,12.515489],[2.671804,12.515489],[2.672537,12.513129],[2.677745,12.510321],[2.683849,12.511013],[2.686697,12.519232],[2.687999,12.52497],[2.691173,12.532253],[2.695486,12.539008],[2.699718,12.543402],[2.709402,12.54621],[2.718272,12.542914],[2.725027,12.5338],[2.72755,12.519232],[2.727957,12.493964],[2.731619,12.465847],[2.742442,12.442979],[2.764822,12.433539],[2.786306,12.429145],[2.822032,12.40766],[2.843679,12.399441],[2.891612,12.357286],[2.91212,12.346503],[2.922048,12.335801],[2.929942,12.323432],[2.93629,12.301052],[2.944509,12.292589],[2.955496,12.286973],[2.967214,12.282742],[3.000499,12.279079],[3.0088,12.276475],[3.012462,12.271267],[3.022227,12.252631],[3.062755,12.193956],[3.234793,12.03974],[3.237804,12.034369],[3.251475,12.024278],[3.254649,12.018907],[3.257009,11.997585],[3.262136,11.97488],[3.269298,11.956651],[3.292247,11.918891],[3.306407,11.902533],[3.314952,11.894721],[3.327159,11.886542],[3.341075,11.883083],[3.354503,11.889228],[3.368663,11.897488],[3.3803,11.895209],[3.391043,11.888983],[3.402354,11.885443],[3.447032,11.858181],[3.483653,11.845323],[3.494802,11.837714],[3.50294,11.830146],[3.536388,11.783067],[3.543142,11.777289],[3.548595,11.773953],[3.553233,11.769843],[3.556895,11.76199],[3.562022,11.746161],[3.565603,11.738552],[3.567556,11.729763],[3.571218,11.721991],[3.5796,11.717475],[3.588796,11.701687],[3.617442,11.680772],[3.627615,11.666938],[3.631277,11.65001],[3.634451,11.643256],[3.642507,11.636664],[3.712413,11.600043],[3.72755,11.595486],[3.837413,11.575873],[3.851329,11.569892],[3.857432,11.565294],[3.90919,11.512152],[3.918468,11.508572],[3.933279,11.50727],[3.948009,11.508409],[3.957205,11.512152],[3.96461,11.513617],[3.973562,11.508124],[3.98821,11.494452],[4.048839,11.464464],[4.067068,11.460313],[4.079275,11.455349],[4.090994,11.443549],[4.110362,11.41946],[4.115489,11.414618],[4.116954,11.412462],[4.122,11.400214],[4.124278,11.374579],[4.129568,11.372016],[4.144054,11.361111],[4.177175,11.345038],[4.186046,11.338935],[4.193614,11.331407],[4.200125,11.322211],[4.214041,11.291612],[4.221446,11.282538],[4.247488,11.260321],[4.255056,11.251736],[4.279226,11.212958],[4.294607,11.196601],[4.314952,11.189154],[4.368582,11.189724],[4.424246,11.182237],[4.448171,11.176093],[4.471609,11.167304],[4.513357,11.142686],[4.514334,11.138617],[4.573904,11.100206],[4.586355,11.088446],[4.595714,11.075466],[4.626231,11.013943],[4.656016,10.967963],[4.668875,10.956488],[4.700613,10.938178],[4.721446,10.913601],[4.723888,10.879503],[4.690603,10.700995],[4.690929,10.663194],[4.689138,10.64586],[4.681326,10.632432],[4.656179,10.607204]],[[-3.222483,16.400336],[-3.221262,16.363064],[-3.217275,16.322862],[-3.204823,16.288031],[-3.177805,16.266669],[-3.204091,16.252265],[-3.212066,16.232367],[-3.215403,16.211534],[-3.227773,16.194403],[-3.242177,16.190863],[-3.263743,16.189887],[-3.282541,16.19123],[-3.288889,16.194403],[-3.300038,16.168402],[-3.304677,16.137315],[-3.309722,16.107042],[-3.322255,16.083319],[-3.342112,16.07038],[-3.361643,16.06977],[-3.385081,16.074571],[-3.416737,16.077745],[-3.452219,16.076239],[-3.466176,16.074083]],[[-3.466176,16.074083],[-3.467356,16.08515],[-3.462636,16.109198],[-3.457834,16.133246],[-3.456736,16.16116]],[[-3.466176,16.074083],[-3.489003,16.070502],[-3.524648,16.058661],[-3.556711,16.038764],[-3.583648,16.006903],[-3.592193,15.976345],[-3.596588,15.943712],[-3.611073,15.905585],[-3.619944,15.895819],[-3.635691,15.881456],[-3.651601,15.868028],[-3.661122,15.861151],[-3.673899,15.858507],[-3.688547,15.858751],[-3.70051,15.860216],[-3.705556,15.861151],[-3.710927,15.845893],[-3.710113,15.825507],[-3.707021,15.804877],[-3.705556,15.788886],[-3.709869,15.763129],[-3.716624,15.737738],[-3.720652,15.712958],[-3.716624,15.68891],[-3.757883,15.680284],[-3.803863,15.678778],[-3.843699,15.668484],[-3.866689,15.633368],[-3.833323,15.628933],[-3.799387,15.633368],[-3.782297,15.628119],[-3.799998,15.594428],[-3.800852,15.599718],[-3.815745,15.594184],[-3.833933,15.58454],[-3.844472,15.577745],[-3.858062,15.560411],[-3.866689,15.544704],[-3.878,15.528835],[-3.899973,15.511094],[-3.942779,15.486925],[-3.963938,15.473212],[-3.948964,15.464545],[-3.88329,15.455593],[-3.867584,15.456244],[-3.849273,15.458441],[-3.831288,15.457831],[-3.81664,15.450019],[-3.8037,15.412787],[-3.821523,15.37698],[-3.850819,15.344306],[-3.872222,15.316677],[-3.885691,15.321153],[-3.899729,15.322781],[-3.914052,15.324042],[-3.927724,15.327745],[-3.930979,15.316433],[-3.93635,15.304511],[-3.941599,15.293158],[-3.944407,15.283311],[-3.951487,15.298407],[-3.960683,15.303778],[-3.971506,15.305854],[-3.983306,15.311103]],[[-3.466135,16.073513],[-3.466176,16.074083]],[[-4.303944,15.507025],[-4.308176,15.51378],[-4.318674,15.534735],[-4.340159,15.606879],[-4.350657,15.632188],[-4.353424,15.646999],[-4.34968,15.658393],[-4.340647,15.667344],[-4.327463,15.674831],[-4.323313,15.683173],[-4.299387,15.710639],[-4.28954,15.72663],[-4.283518,15.732937],[-4.274973,15.738308],[-4.235178,15.747829],[-4.218821,15.756456],[-4.210927,15.776719],[-4.211659,15.814317],[-4.210032,15.826606],[-4.18692,15.885362],[-4.181386,15.894395],[-4.173899,15.901719],[-4.163035,15.905829],[-4.151438,15.905097],[-4.128733,15.898708],[-4.125559,15.885077],[-4.114247,15.874091],[-4.099273,15.866034],[-4.085439,15.861192],[-4.070627,15.858222],[-4.057444,15.857611],[-4.04426,15.85932],[-4.029612,15.863471],[-4.02831,15.868842],[-4.018137,15.874091],[-4.008778,15.883409],[-4.001047,15.894395],[-3.990468,15.914903],[-3.983225,15.925116],[-3.97411,15.933702],[-3.96345,15.939643],[-3.962229,15.945095],[-3.950022,15.947292],[-3.912343,15.964871],[-3.883372,15.972846],[-3.877024,15.977484],[-3.850819,16.023871],[-3.844228,16.031073],[-3.83495,16.03559],[-3.810862,16.040961],[-3.799875,16.048448],[-3.793935,16.057807],[-3.791005,16.06623],[-3.786448,16.073513],[-3.77538,16.079454],[-3.770741,16.091254],[-3.756052,16.107611],[-3.736643,16.11579],[-3.714915,16.118272],[-3.645334,16.111396],[-3.633534,16.112576],[-3.623118,16.115912],[-3.602854,16.125678],[-3.579661,16.131374],[-3.509755,16.123887],[-3.489247,16.128445],[-3.476226,16.139512],[-3.452707,16.169989],[-3.434519,16.180121],[-3.413401,16.188544],[-3.398915,16.200792],[-3.400461,16.22248],[-3.40803,16.240749],[-3.407704,16.249376],[-3.402089,16.258857],[-3.393788,16.265408],[-3.38386,16.26907],[-3.37328,16.270087],[-3.362864,16.268826],[-3.335113,16.257392],[-3.325266,16.257188],[-3.316599,16.261501],[-3.310374,16.268988],[-3.306549,16.278266],[-3.305165,16.288031],[-3.306874,16.298285],[-3.311757,16.304755],[-3.317942,16.31037],[-3.324045,16.317979],[-3.326487,16.328925],[-3.323476,16.340033],[-3.317372,16.350531],[-3.310536,16.359727],[-3.295155,16.373074],[-3.277415,16.37991],[-3.258534,16.384711],[-3.222483,16.400336]],[[-4.233388,15.233344],[-4.270334,15.228705],[-4.302317,15.217963],[-4.324778,15.196804],[-4.333323,15.161078],[-4.335764,15.129259],[-4.343739,15.116523],[-4.357493,15.1081],[-4.377756,15.088894],[-4.387441,15.070258],[-4.394765,15.046942],[-4.40331,15.022406],[-4.416575,15.000027],[-4.43281,14.992133],[-4.449045,14.993476],[-4.461619,14.989081],[-4.466624,14.963894],[-4.469146,14.947781],[-4.475657,14.942247],[-4.484609,14.944037],[-4.494456,14.950019],[-4.511545,14.940945],[-4.54011,14.931912],[-4.571523,14.924994],[-4.597239,14.922187],[-4.613026,14.911566],[-4.626454,14.887478],[-4.627268,14.861192],[-4.60554,14.844509],[-4.606028,14.836982],[-4.607411,14.825873],[-4.609202,14.814276],[-4.611073,14.805528],[-4.660634,14.777167],[-4.683298,14.73904],[-4.690663,14.6883],[-4.694407,14.62226],[-4.689036,14.624701],[-4.68342,14.627061],[-4.677805,14.629828],[-4.67219,14.633368],[-4.671864,14.566921],[-4.700754,14.505398],[-4.740549,14.448106],[-4.772206,14.394477],[-4.805735,14.389594],[-4.824452,14.365912],[-4.836497,14.332953],[-4.850006,14.300076],[-4.85912,14.289252],[-4.873362,14.275702],[-4.888376,14.260443],[-4.899973,14.244452],[-4.905832,14.227973],[-4.909657,14.209418],[-4.914133,14.190375],[-4.92219,14.172227]],[[-9.381785,11.002956],[-9.384999,11.021918],[-9.385935,11.043891],[-9.381174,11.063585],[-9.367787,11.077338],[-9.349029,11.081081],[-9.32551,11.079169],[-9.285837,11.069892],[-9.272532,11.062852],[-9.250803,11.063666],[-9.239003,11.065619],[-9.230051,11.068468],[-9.223459,11.072781],[-9.191884,11.102159],[-9.17512,11.133653],[-9.163401,11.148383],[-9.149159,11.158026],[-9.117991,11.172471],[-9.104563,11.182929],[-9.095693,11.199286],[-9.093821,11.219102],[-9.10029,11.236518],[-9.116282,11.245551],[-9.117665,11.250922],[-9.132639,11.266628],[-9.134592,11.283759],[-9.129384,11.323188],[-9.134348,11.340155],[-9.152537,11.370469],[-9.156972,11.387397],[-9.152415,11.409003],[-9.138905,11.422634],[-9.1197,11.429145],[-9.098459,11.429511],[-9.018381,11.418728],[-8.986277,11.418565],[-8.92927,11.441352],[-8.898183,11.447292],[-8.88679,11.455837],[-8.871327,11.493354],[-8.863759,11.501899],[-8.851552,11.505886],[-8.81135,11.526719],[-8.798573,11.535997],[-8.78718,11.557929],[-8.778635,11.585517],[-8.767161,11.610053],[-8.746816,11.62287],[-8.745351,11.627753],[-8.742502,11.631293],[-8.735666,11.637966],[-8.732859,11.642401],[-8.728179,11.655341],[-8.724192,11.663275],[-8.719065,11.670925],[-8.712839,11.677924],[-8.706125,11.683783],[-8.633127,11.724962],[-8.559397,11.801337],[-8.551503,11.805691],[-8.540761,11.807644],[-8.517161,11.80919],[-8.505767,11.811632],[-8.494862,11.816107],[-8.485666,11.822333],[-8.465321,11.841824],[-8.459299,11.851142],[-8.457957,11.856228],[-8.456776,11.866726],[-8.455149,11.871934],[-8.443186,11.890326],[-8.411366,11.921332],[-8.395497,11.940701],[-8.382639,11.961737],[-8.368967,11.977607],[-8.353749,11.989773],[-8.341135,12.003119],[-8.335764,12.022976],[-8.336415,12.033515],[-8.343739,12.061835],[-8.344716,12.074408],[-8.341379,12.084784],[-8.334788,12.094062],[-8.304636,12.125067],[-8.296213,12.130561],[-8.254465,12.150824],[-8.194651,12.19892],[-8.170725,12.208848],[-8.160715,12.223822],[-8.148264,12.256415],[-8.138743,12.271511],[-8.126129,12.284939],[-8.121409,12.292344],[-8.11913,12.301459],[-8.120351,12.311306],[-8.127512,12.330146],[-8.130035,12.339708],[-8.129954,12.349555],[-8.127675,12.358669],[-8.120432,12.376532],[-8.110992,12.417589],[-8.100901,12.434597],[-8.072581,12.461859],[-8.066721,12.479519],[-8.069407,12.506374],[-8.067209,12.515733],[-8.06192,12.525173],[-8.048166,12.542182],[-8.042551,12.551459],[-8.038808,12.569607],[-8.039377,12.58808],[-8.037913,12.60578],[-8.028066,12.62169],[-8.010732,12.63113],[-7.991933,12.632636],[-7.95287,12.630398],[-7.933827,12.63581],[-7.899241,12.653998],[-7.879954,12.657009],[-7.858388,12.653266],[-7.816396,12.640977],[-7.794179,12.63821],[-7.773101,12.640815],[-7.760487,12.649441],[-7.754221,12.664089],[-7.752675,12.685004],[-7.752919,12.686591],[-7.753651,12.687608],[-7.754791,12.688178],[-7.756418,12.688259],[-7.743967,12.715359],[-7.732004,12.729926],[-7.69636,12.754259],[-7.688791,12.773057],[-7.680491,12.783637],[-7.64094,12.810126],[-7.627349,12.817165],[-7.582346,12.832343],[-7.569,12.84162],[-7.492991,12.939968],[-7.483388,12.948065],[-7.473337,12.951443],[-7.452707,12.952338],[-7.442372,12.954291],[-7.427317,12.961046],[-7.411448,12.971381],[-7.398997,12.984442],[-7.388905,13.010443],[-7.360829,13.050727],[-7.346181,13.064154],[-7.329172,13.070136],[-7.31489,13.071967],[-7.30248,13.07685],[-7.291575,13.092108],[-7.27302,13.102078],[-7.254221,13.109239],[-7.206207,13.139838],[-7.188303,13.147162],[-7.14859,13.158759],[-7.134348,13.169623],[-7.12092,13.195502],[-7.113759,13.203152],[-7.077707,13.223497],[-7.01533,13.256944],[-7.002512,13.26614],[-6.989817,13.279161],[-6.979237,13.293891],[-6.972483,13.308051],[-6.967112,13.324083],[-6.962473,13.329413],[-6.931142,13.34516],[-6.923655,13.350409],[-6.906321,13.358507],[-6.889638,13.358913],[-6.855295,13.347602],[-6.833974,13.343817],[-6.81428,13.347113],[-6.774485,13.360175],[-6.705312,13.370551],[-6.660227,13.385118],[-6.617828,13.392279],[-6.561106,13.392401],[-6.55012,13.389675],[-6.513254,13.373236],[-6.472564,13.365831],[-6.451487,13.366278],[-6.432444,13.371446],[-6.4169,13.380723],[-6.388417,13.40294],[-6.308298,13.439032],[-6.260325,13.47545],[-6.204986,13.498358],[-6.187489,13.508368],[-6.172109,13.521918],[-6.149729,13.551581],[-6.130605,13.570909],[-6.12328,13.581895],[-6.119374,13.59516],[-6.116526,13.6317],[-6.112864,13.648953],[-6.079172,13.70954],[-6.068186,13.722357],[-6.048166,13.731879],[-6.027821,13.72838],[-6.008616,13.716986],[-5.982493,13.694607],[-5.972401,13.688341],[-5.961252,13.684027],[-5.929026,13.678046],[-5.921457,13.679307],[-5.914622,13.677843],[-5.900706,13.672919],[-5.893259,13.671902],[-5.886545,13.67239],[-5.880198,13.674343],[-5.860097,13.685411],[-5.808746,13.721869],[-5.77949,13.735622],[-5.766916,13.746649],[-5.702463,13.823065],[-5.677805,13.842556],[-5.649892,13.856513],[-5.603668,13.868679],[-5.590159,13.874132],[-5.577301,13.881293],[-5.5655,13.889716],[-5.554351,13.900743],[-5.525217,13.941474],[-5.513661,13.951687],[-5.500437,13.958035],[-5.485992,13.961453],[-5.442454,13.962917],[-5.406239,13.959052],[-5.397369,13.959052],[-5.381663,13.962226],[-5.350657,13.972602],[-5.277659,13.985053],[-5.269683,13.983954],[-5.24706,13.972764],[-5.239451,13.972846],[-5.233632,13.978217],[-5.231028,13.986762],[-5.228098,14.003974],[-5.219228,14.018134],[-5.195017,14.040961],[-5.184519,14.053738],[-5.165273,14.093573],[-5.152577,14.105577],[-5.138254,14.113837],[-4.992584,14.148627],[-4.959462,14.162869],[-4.941803,14.168077],[-4.921376,14.169135],[-4.90274,14.167548],[-4.884511,14.16824],[-4.816965,14.200995],[-4.807118,14.20364],[-4.780263,14.203966],[-4.762766,14.20893],[-4.705393,14.23786],[-4.687327,14.243354],[-4.677968,14.244208],[-4.672841,14.243598],[-4.663075,14.240994],[-4.658396,14.240546],[-4.652821,14.241767],[-4.593577,14.271267],[-4.570058,14.277126],[-4.549794,14.272569],[-4.543528,14.266872],[-4.534983,14.252997],[-4.529612,14.246283],[-4.519276,14.238959],[-4.509023,14.235907],[-4.485829,14.234198],[-4.481679,14.250312],[-4.465403,14.292751],[-4.451731,14.310614],[-4.404612,14.326361],[-4.382883,14.347276],[-4.372141,14.374335],[-4.379221,14.40115],[-4.366038,14.416693],[-4.347727,14.424628],[-4.325429,14.427436],[-4.300445,14.427802],[-4.277415,14.436387],[-4.254872,14.474433],[-4.222157,14.490017],[-4.212717,14.507188],[-4.20051,14.550727],[-4.182118,14.596462],[-4.176096,14.619167],[-4.173818,14.647528],[-4.164703,14.6612],[-4.164133,14.67711],[-4.161448,14.689399],[-4.155181,14.699897],[-4.144236,14.710273],[-4.131825,14.718329],[-4.106435,14.731228],[-4.094797,14.739366],[-4.087229,14.75019],[-4.083974,14.764024],[-4.083648,14.778917],[-4.085113,14.792914],[-4.094716,14.81977],[-4.096262,14.833279],[-4.08906,14.845404],[-4.082997,14.848578],[-4.062489,14.851101],[-4.052561,14.854682],[-4.047678,14.857245],[-4.043202,14.860378],[-4.035227,14.868028],[-4.003733,14.907538],[-3.994781,14.913764],[-3.984283,14.9171],[-3.957428,14.921495],[-3.944732,14.925808],[-3.933746,14.93244],[-3.92634,14.941962],[-3.924469,14.948065],[-3.92219,14.961005],[-3.920155,14.967068],[-3.909006,14.98432],[-3.901194,15.002997],[-3.89859,15.021918],[-3.899485,15.061591],[-3.904775,15.071804],[-3.927805,15.08336],[-3.932932,15.089179],[-3.939524,15.107001],[-3.953847,15.118028],[-3.968088,15.126573],[-3.974599,15.13699],[-3.972401,15.14765],[-3.962961,15.159206],[-3.961008,15.16828],[-3.962473,15.180691],[-3.974599,15.209296],[-3.977854,15.230902],[-3.977122,15.27086],[-3.979482,15.281195]],[[-9.381785,11.002956],[-9.381459,11.008409],[-9.381459,11.001003],[-9.381785,11.002956]],[[4.625743,9.864529],[4.65032,9.718695],[4.647634,9.709906],[4.628103,9.704413],[4.622813,9.699246],[4.619802,9.691677],[4.615652,9.666449],[4.597423,9.627224],[4.572439,9.585639],[4.56837,9.553656],[4.57366,9.521796],[4.608816,9.444403],[4.616222,9.415107],[4.618907,9.377265],[4.617686,9.358018],[4.618826,9.358222],[4.619802,9.358669],[4.620535,9.359239],[4.621104,9.360134],[4.621511,9.341376],[4.625011,9.324774],[4.633474,9.310736],[4.648692,9.299831],[4.664561,9.293728],[4.71461,9.285427],[4.742605,9.27497],[4.754812,9.254584],[4.756033,9.227851],[4.750662,9.198513],[4.752452,9.168321],[4.770763,9.148749],[4.798595,9.139919],[4.829356,9.141954],[4.869802,9.154079],[4.914317,9.179145],[4.979177,9.199774],[4.992849,9.199774],[5.00587,9.196601],[5.030772,9.185248],[5.032156,9.179877],[5.049734,9.171658],[5.083181,9.148749],[5.135671,9.124132],[5.150157,9.113349],[5.167166,9.09101],[5.184337,9.073188],[5.18922,9.06269],[5.189871,9.052354],[5.18922,9.041693],[5.190196,9.0303],[5.197439,9.01671],[5.209483,9.008368],[5.224376,9.003852],[5.319509,8.988349],[5.386485,8.992377],[5.401052,8.989529],[5.413097,8.983344],[5.423595,8.975124],[5.442068,8.95657],[5.453868,8.947048],[5.466238,8.94123],[5.479666,8.938341],[5.510265,8.936713],[5.524425,8.934149],[5.538015,8.92947],[5.55128,8.921942],[5.557302,8.917019],[5.570242,8.900214],[5.591563,8.882148],[5.600597,8.87226],[5.608409,8.861843],[5.617849,8.844346],[5.621349,8.839219],[5.634288,8.829047],[5.650076,8.823839],[5.707937,8.822292],[5.715587,8.821072],[5.737559,8.812608],[5.746023,8.811225],[5.7588,8.790107],[5.773692,8.77086],[5.78419,8.752387],[5.790538,8.745795],[5.802419,8.741807],[5.855642,8.742621],[5.899669,8.735867],[5.914561,8.73546],[5.926524,8.738064],[5.958181,8.752875],[5.982677,8.757595],[6.092459,8.758612],[6.107921,8.756212],[6.122732,8.750556],[6.153005,8.721991],[6.160655,8.719346],[6.259939,8.738389],[6.277354,8.736762],[6.284597,8.730658],[6.321707,8.705675],[6.341726,8.702582],[6.357677,8.693956],[6.370535,8.680976],[6.395274,8.639675],[6.396007,8.621405],[6.397878,8.613308],[6.413341,8.582058],[6.415782,8.574042],[6.421316,8.572821],[6.424978,8.564276],[6.427175,8.555609],[6.429698,8.526231],[6.442638,8.478135],[6.465343,8.431749],[6.473399,8.427761],[6.572276,8.353624],[6.583914,8.340277],[6.622976,8.27794],[6.660655,8.238064],[6.672862,8.231879],[6.674001,8.226508],[6.688487,8.213568],[6.704112,8.177558],[6.714529,8.160834],[6.740489,8.129665],[6.762706,8.095486],[6.770681,8.078721],[6.776296,8.062812],[6.798106,7.936632],[6.796804,7.919989],[6.792166,7.903591],[6.773204,7.865505],[6.770518,7.857611],[6.757986,7.770331],[6.748953,7.740424],[6.74822,7.733995],[6.748953,7.726833],[6.754812,7.710639],[6.756765,7.702663],[6.75587,7.693386],[6.75115,7.683173],[6.729421,7.656684],[6.725027,7.648139],[6.712332,7.605536],[6.709727,7.591661],[6.70989,7.577948],[6.716238,7.54324],[6.707286,7.394151],[6.709727,7.372992],[6.70989,7.362006],[6.696462,7.239325],[6.697195,7.220404],[6.699392,7.211941],[6.715343,7.177517],[6.718028,7.168402],[6.719412,7.148993],[6.715343,7.130439],[6.703136,7.093777],[6.698416,7.042019],[6.689708,7.0185],[6.688894,7.008165],[6.689382,6.964138],[6.687429,6.955186],[6.661306,6.899604],[6.650401,6.860622],[6.649181,6.843858],[6.65504,6.791327],[6.650645,6.663275],[6.654714,6.620795],[6.674815,6.564276],[6.676768,6.549262],[6.676687,6.503485],[6.680919,6.474066],[6.690603,6.440375],[6.708751,6.376166],[6.715017,6.321112],[6.732839,6.272284],[6.736746,6.233344],[6.740896,6.21955],[6.753917,6.194403],[6.759044,6.181098],[6.760916,6.167182],[6.757742,6.122911],[6.753835,6.109646],[6.746837,6.10163],[6.736583,6.096625],[6.723399,6.091864],[6.703787,6.075995],[6.699392,6.053494],[6.703298,6.001003],[6.689952,5.950059],[6.688975,5.941107],[6.69044,5.923692],[6.688975,5.914374],[6.685313,5.905829],[6.645437,5.852729],[6.625987,5.818549],[6.61614,5.792792],[6.609386,5.765896],[6.605724,5.723212],[6.579845,5.607774],[6.559825,5.561794],[6.556326,5.541327],[6.551931,5.513861],[6.546886,5.501003],[6.53948,5.489569],[6.519786,5.468817],[6.514415,5.465033],[6.496104,5.458075],[6.490408,5.453559],[6.480724,5.442694],[6.47462,5.438585],[6.476085,5.43655],[6.493093,5.393093],[6.495372,5.371365],[6.479177,5.362087],[6.34962,5.342719],[6.333263,5.337185],[6.314952,5.323554],[6.305837,5.314805],[6.298106,5.305732],[6.292979,5.295478],[6.291026,5.283515],[6.290701,5.269355],[6.288585,5.263739],[6.270518,5.258979],[6.228282,5.259345],[6.209483,5.252712],[6.201671,5.228583],[6.203787,5.217353],[6.213145,5.202745],[6.215261,5.193874],[6.210378,5.183702],[6.19866,5.177761],[6.174327,5.170233],[6.16627,5.163886],[6.160818,5.157497],[6.153575,5.152167],[6.14031,5.149115],[6.128429,5.150824],[6.115896,5.154608],[6.104259,5.156684],[6.09547,5.152859],[6.066824,5.113471],[6.050222,5.104682],[6.023448,5.108222],[6.002859,5.11697],[5.981863,5.12934],[5.915538,5.187771],[5.901622,5.191759],[5.843028,5.186957],[5.82545,5.192206],[5.818126,5.20779],[5.809255,5.205878],[5.749766,5.170233],[5.735037,5.180243],[5.725841,5.184434],[5.721853,5.180203],[5.718679,5.164984],[5.710704,5.163153],[5.691417,5.170233],[5.653087,5.164984],[5.619395,5.156602],[5.611746,5.152208],[5.602306,5.143866],[5.594981,5.142361],[5.586681,5.146674],[5.58074,5.16588],[5.574718,5.170233],[5.566661,5.167426],[5.536876,5.149115],[5.525645,5.147406],[5.506114,5.14704],[5.49586,5.142361]],[[-10.732086,9.089911],[-10.717152,9.099311],[-10.705963,9.111111],[-10.699045,9.126899],[-10.696685,9.148261],[-10.69225,9.156114],[-10.681793,9.158881],[-10.659413,9.158149],[-10.649119,9.163194],[-10.642568,9.174994],[-10.559316,9.415107],[-10.555653,9.441352],[-10.563832,9.452989],[-10.572133,9.46129],[-10.60851,9.514472],[-10.63683,9.536689],[-10.650095,9.550238],[-10.65567,9.565985],[-10.661285,9.600165],[-10.659413,9.60696],[-10.65449,9.615098],[-10.651316,9.627509],[-10.649526,9.650987],[-10.661692,9.691677],[-10.665761,9.713894],[-10.659413,9.73078],[-10.648183,9.746649],[-10.640696,9.766221],[-10.636545,9.784288],[-10.635243,9.7956],[-10.637441,9.811835],[-10.643666,9.832221],[-10.653554,9.849677],[-10.682688,9.867865],[-10.695017,9.915147],[-10.712148,9.930772],[-10.70995,9.941759],[-10.705719,9.953315],[-10.704091,9.960069],[-10.709462,9.965644],[-10.732086,9.980577],[-10.735707,9.98725],[-10.735951,9.993964],[-10.738352,9.99905],[-10.748443,10.001044],[-10.758412,10.004218],[-10.759511,10.012071],[-10.758616,10.022284],[-10.762441,10.032416],[-10.770863,10.047431],[-10.783559,10.092719],[-10.786041,10.110297],[-10.782541,10.121649],[-10.777821,10.145575],[-10.780873,10.165798],[-10.800364,10.165554],[-10.825592,10.224677],[-10.827016,10.240668],[-10.819651,10.256659],[-10.807973,10.266059],[-10.778554,10.282253],[-10.786488,10.290147],[-10.792104,10.300157],[-10.792917,10.309882],[-10.786041,10.316962],[-10.779124,10.315863],[-10.745107,10.302761],[-10.716786,10.301581],[-10.701039,10.310899],[-10.688588,10.32453],[-10.669993,10.336249],[-10.662953,10.32628],[-10.655588,10.325995],[-10.648305,10.332709],[-10.642079,10.343695],[-10.638173,10.340847],[-10.628407,10.336249],[-10.628651,10.384101],[-10.631825,10.391466],[-10.641428,10.394395],[-10.650624,10.402167],[-10.654856,10.413113],[-10.649526,10.425605],[-10.636952,10.43244],[-10.623525,10.430854],[-10.612864,10.42418],[-10.60851,10.415717],[-10.600657,10.412299],[-10.54955,10.411973],[-10.545969,10.414089],[-10.54011,10.423529],[-10.536285,10.425605],[-10.508046,10.427436],[-10.504872,10.425605],[-10.50064,10.435167],[-10.498687,10.44892],[-10.495595,10.461249],[-10.487782,10.46662],[-10.476308,10.469021],[-10.466624,10.474718],[-10.450917,10.487738],[-10.44636,10.493598],[-10.444814,10.500352],[-10.441884,10.505927],[-10.433461,10.508165],[-10.424184,10.50963],[-10.416982,10.51378],[-10.412058,10.520453],[-10.409291,10.529324],[-10.398874,10.525946],[-10.370351,10.522284],[-10.350982,10.52204],[-10.342763,10.523017],[-10.30484,10.532172],[-10.296498,10.528998],[-10.289947,10.522406],[-10.279612,10.515001],[-10.264638,10.511176],[-10.237701,10.512478],[-10.224355,10.508165],[-10.236562,10.497178],[-10.234975,10.488308],[-10.213735,10.470323],[-10.20995,10.463446],[-10.202545,10.443468],[-10.200103,10.439276],[-10.191274,10.442572],[-10.189605,10.449815],[-10.189687,10.457099],[-10.186147,10.460395],[-10.178863,10.463935],[-10.155507,10.481269],[-10.149241,10.487738],[-10.146067,10.505194],[-10.146881,10.521593],[-10.142039,10.532904],[-10.121327,10.535468],[-10.109853,10.540229],[-10.091664,10.53974],[-10.080922,10.542996],[-10.068593,10.551947],[-10.016957,10.603217],[-10.004262,10.611843],[-9.99116,10.612169],[-9.971059,10.603787],[-9.959055,10.594062],[-9.952138,10.590115],[-9.943796,10.590115],[-9.934519,10.597357],[-9.920644,10.620063],[-9.912099,10.624864],[-9.897125,10.616889],[-9.881825,10.602891],[-9.867177,10.59809],[-9.8544,10.617458],[-9.858957,10.631212],[-9.870351,10.644477],[-9.872914,10.654486],[-9.850982,10.658393],[-9.840159,10.657416],[-9.824696,10.653144],[-9.816803,10.652167],[-9.81017,10.654324],[-9.79247,10.663642],[-9.785512,10.665839],[-9.76301,10.660468],[-9.745025,10.650092],[-9.727651,10.644965],[-9.70698,10.6553],[-9.680328,10.685818],[-9.665476,10.694159],[-9.642161,10.693142],[-9.628,10.686103],[-9.617421,10.677924],[-9.605336,10.675605],[-9.586903,10.686347],[-9.579294,10.694648],[-9.56017,10.727322],[-9.544423,10.748155],[-9.504465,10.790717],[-9.491282,10.816677],[-9.486806,10.848212],[-9.485219,10.915554],[-9.477651,10.946357],[-9.469919,10.958604],[-9.460561,10.963568],[-9.410878,10.970893],[-9.393951,10.976833],[-9.38268,10.988308],[-9.381785,11.002956]],[[6.564708,5.540147],[6.580089,5.527859],[6.595632,5.518378],[6.607677,5.505154],[6.612559,5.481513],[6.604747,5.417833],[6.605724,5.395575],[6.612559,5.3546],[6.614431,5.350124],[6.617605,5.345974],[6.620128,5.341091],[6.620046,5.334093],[6.616954,5.328681],[6.607595,5.320258],[6.605724,5.317003],[6.601329,5.31391],[6.582693,5.309638],[6.57838,5.303738],[6.575694,5.292833],[6.569591,5.282294],[6.536143,5.240749],[6.511729,5.222602],[6.490001,5.202338],[6.476085,5.170233],[6.470632,5.124945],[6.462413,5.103583],[6.444591,5.09455],[6.43865,5.085639],[6.43214,5.064399],[6.427664,5.039333],[6.427501,5.018826],[6.430186,5.007758],[6.434255,4.996934],[6.440115,4.986884],[6.448009,4.977851],[6.457693,4.990505],[6.469168,4.989081],[6.482188,4.982042],[6.496511,4.977851],[6.511648,4.982245],[6.522227,4.988715],[6.528575,4.98725],[6.530528,4.967882],[6.535899,4.960395],[6.547618,4.958116],[6.5595,4.953925],[6.568777,4.931464],[6.586925,4.906684],[6.592052,4.89586],[6.591726,4.884223],[6.585867,4.859483],[6.585867,4.84748],[6.602957,4.807074],[6.61199,4.769558],[6.628347,4.748481],[6.650564,4.738471],[6.674571,4.745063],[6.687755,4.727891],[6.702566,4.684841],[6.712169,4.676215],[6.718028,4.667751],[6.724294,4.648017],[6.72877,4.625271],[6.736095,4.607937]],[[6.502696,5.381903],[6.501475,5.356757],[6.485362,5.351264],[6.463308,5.351752],[6.444591,5.344672],[6.434988,5.330634],[6.417735,5.298367],[6.407725,5.286933],[6.390554,5.281195],[6.372244,5.279649],[6.357677,5.273993],[6.351817,5.255642],[6.349864,5.243842],[6.344981,5.233181],[6.33782,5.223578],[6.328868,5.214667],[6.3213,5.203152],[6.326101,5.196479],[6.345632,5.190131],[6.355886,5.190701],[6.364187,5.195909],[6.370128,5.196601],[6.372976,5.183295],[6.370046,5.172797],[6.362071,5.162624],[6.352061,5.156928],[6.342214,5.16002],[6.330007,5.1612],[6.3178,5.112657],[6.304698,5.09455],[6.281749,5.092393],[6.264415,5.097968],[6.253347,5.095771],[6.24822,5.048407],[6.249197,5.037055],[6.253184,5.029364],[6.263438,5.027696],[6.274425,5.031317],[6.282481,5.031317],[6.28419,5.018826],[6.280447,5.013007],[6.273692,5.012966],[6.266856,5.014268],[6.263113,5.012641],[6.260997,5.004096],[6.261404,5.000841],[6.262625,4.998236],[6.263113,4.991523],[6.269949,4.970282],[6.269949,4.956651],[6.26002,4.950507],[6.257009,4.949774]],[[6.256847,4.950507],[6.257009,4.949774]],[[6.257009,4.949774],[6.261485,4.935126],[6.273611,4.911566],[6.277354,4.89586],[6.276541,4.890815],[6.271739,4.879991],[6.270518,4.87169],[6.270518,4.844102],[6.266287,4.828437],[6.246837,4.797227],[6.242605,4.78266],[6.245046,4.764472],[6.255382,4.73253],[6.256847,4.7178],[6.251882,4.70128],[6.234386,4.681667],[6.228933,4.669989],[6.229503,4.654364],[6.240001,4.620673],[6.242605,4.604519],[6.247569,4.592841],[6.256765,4.579861],[6.261485,4.565497],[6.247244,4.539415],[6.236339,4.498074]],[[6.257009,4.949774],[6.245372,4.946845],[6.239431,4.938422],[6.234386,4.929267],[6.222667,4.923204],[6.22169,4.929877],[6.216563,4.940375],[6.211111,4.941433],[6.202891,4.885932],[6.188487,4.880561],[6.168712,4.883816],[6.146983,4.875434],[6.144542,4.870795],[6.142996,4.859076],[6.14031,4.854315],[6.135753,4.851142],[6.130544,4.849066],[6.124034,4.847927],[6.115977,4.84748],[6.108653,4.842108],[6.084972,4.806505],[6.090099,4.799994],[6.098562,4.779242],[6.088145,4.779649],[6.081065,4.77794],[6.075938,4.773505],[6.0713,4.76557],[6.090343,4.755683],[6.095876,4.734402],[6.092459,4.686713],[6.094168,4.655097],[6.092459,4.642646],[6.087413,4.633897],[6.081554,4.626899],[6.081065,4.619167],[6.092459,4.607937],[6.084158,4.598171],[6.077403,4.583564],[6.073009,4.568386],[6.0713,4.556708],[6.067882,4.545762],[6.051931,4.517442],[6.04713,4.511746],[6.039806,4.50495],[6.044688,4.490302],[6.053233,4.476264],[6.057628,4.471381],[6.0595,4.456122],[6.058279,4.443793],[6.055431,4.419867]]]}},{"type":"Feature","properties":{"dissolve":"5Lake Centerline","scalerank":1.0,"featurecla":"Lake Centerline","name":"Victoria Nile","name_alt":null,"rivernum":5,"note":null,"min_zoom":2.0,"name_en":"Victoria Nile","min_label":3.0},"bbox":[31.767589,-0.935724,33.288259,1.665839],"geometry":{"type":"MultiLineString","coordinates":[[[32.240977,1.665839],[32.259288,1.66116],[32.279063,1.653835],[32.307872,1.638943],[32.33017,1.618354],[32.353038,1.613227],[32.382498,1.602851],[32.406261,1.590888],[32.430105,1.576199],[32.453705,1.567247],[32.475352,1.551622]],[[32.544688,1.521837],[32.559093,1.518256],[32.569428,1.503485],[32.574962,1.488145],[32.623546,1.440701],[32.637462,1.431993],[32.648936,1.431505],[32.662608,1.436713],[32.67921,1.441189],[32.720714,1.426296],[32.743907,1.423448],[32.768158,1.426296],[32.788666,1.425076],[32.803803,1.420356],[32.818289,1.414089],[32.826101,1.40998],[32.840912,1.386257],[32.851166,1.358181],[32.867605,1.338813],[32.893077,1.311469]],[[33.187266,0.428168],[33.197683,0.415798],[33.209076,0.415473],[33.232432,0.409613],[33.255789,0.407294],[33.288259,0.398383],[33.282725,0.362128],[33.225027,0.32392],[33.192475,0.298651],[33.185313,0.263048],[33.174083,0.221503],[33.133393,0.181708],[33.078298,0.09101],[33.013764,-0.146987],[32.836681,-0.480483],[32.467377,-0.740411],[31.999034,-0.886082],[31.767589,-0.935724]]]}},{"type":"Feature","properties":{"dissolve":"5River","scalerank":1.0,"featurecla":"River","name":"Victoria Nile","name_alt":null,"rivernum":5,"note":null,"min_zoom":2.0,"name_en":"Victoria Nile","min_label":3.0},"bbox":[31.365733,0.428168,33.187266,2.367214],"geometry":{"type":"MultiLineString","coordinates":[[[31.365733,2.192898],[31.371674,2.195909],[31.398855,2.205105],[31.448497,2.241726],[31.497,2.254259],[31.531179,2.273505],[31.545909,2.277859],[31.61435,2.277859],[31.623546,2.275702],[31.634369,2.266303],[31.642507,2.264228],[31.661143,2.266628],[31.755382,2.298367],[31.767589,2.308376],[31.78769,2.334296],[31.803152,2.346137],[31.821788,2.352403],[31.862315,2.359483],[31.878917,2.367214],[31.889089,2.362006],[31.898529,2.361151],[31.908621,2.361518],[31.919851,2.359809],[31.930593,2.353949],[31.954845,2.336737],[31.976085,2.327257],[32.016124,2.291531],[32.026296,2.288194],[32.057058,2.284695],[32.067312,2.280382],[32.091726,2.267035],[32.123464,2.257514],[32.156749,2.231553],[32.179861,2.230658],[32.191173,2.236192],[32.207123,2.252143],[32.214122,2.257351],[32.223725,2.259304],[32.259044,2.257351],[32.276541,2.249132],[32.292084,2.230333],[32.310313,2.195909],[32.320567,2.125922],[32.327647,2.109931],[32.338796,2.094102],[32.346772,2.072699],[32.351329,2.05032],[32.351817,2.03144],[32.347911,2.019314],[32.334239,1.992784],[32.331472,1.9796],[32.334239,1.967556],[32.341563,1.96251],[32.352468,1.96015],[32.365489,1.955675],[32.351573,1.940945],[32.346283,1.933905],[32.34433,1.92532],[32.344493,1.903184],[32.342703,1.894558],[32.337657,1.888048],[32.341563,1.867947],[32.32252,1.856635],[32.296479,1.849921],[32.279552,1.84337],[32.275808,1.833441],[32.274425,1.820624],[32.270518,1.809597],[32.259044,1.804877],[32.24879,1.802029],[32.240977,1.796658],[32.232839,1.793891],[32.221609,1.798651],[32.209076,1.788031],[32.162852,1.778266],[32.152599,1.767361],[32.146251,1.758002],[32.115489,1.729112],[32.104259,1.715522],[32.111827,1.697211],[32.101573,1.665717],[32.104259,1.647813],[32.141043,1.667263],[32.177664,1.677558],[32.212006,1.676459],[32.240977,1.665839]],[[32.475352,1.551622],[32.489024,1.534776],[32.506114,1.521308],[32.526541,1.515937],[32.544688,1.521837]],[[32.893077,1.311469],[32.898692,1.290961],[32.921886,1.263251],[32.931163,1.230902],[32.961355,1.181708],[32.965343,1.163845],[32.965343,1.141181],[32.960948,1.12169],[32.939382,1.104275],[32.936046,1.082628],[32.954356,0.950141],[32.966401,0.911444],[33.014252,0.836982],[33.033621,0.798367],[33.046153,0.755886],[33.050792,0.708116],[33.04892,0.663194],[33.05071,0.642035],[33.08489,0.561591],[33.098643,0.544257],[33.157644,0.494696],[33.180756,0.465277],[33.187266,0.428168]]]}},{"type":"Feature","properties":{"dissolve":"62River","scalerank":3.0,"featurecla":"River","name":"Euphrates","name_alt":null,"rivernum":62,"note":null,"min_zoom":3.0,"name_en":"Euphrates","min_label":4.0},"bbox":[40.992605,30.881659,47.468516,34.521552],"geometry":{"type":"MultiLineString","coordinates":[[[40.992605,34.428494],[41.006114,34.430772],[41.045828,34.406846],[41.057628,34.403428],[41.066417,34.398139],[41.092784,34.37462],[41.105724,34.36933],[41.161225,34.374132],[41.191824,34.38227],[41.219005,34.396023],[41.219005,34.403428],[41.178152,34.417751],[41.178152,34.423936],[41.191661,34.429999],[41.223888,34.449164],[41.239513,34.451239],[41.249929,34.441514],[41.257091,34.426093],[41.26767,34.416327],[41.288015,34.423936],[41.292003,34.431098],[41.290131,34.43891],[41.287039,34.44599],[41.288015,34.451239],[41.296967,34.456814],[41.303315,34.456081],[41.308686,34.452908],[41.315196,34.451239],[41.328298,34.450466],[41.343679,34.446804],[41.358409,34.440253],[41.369721,34.430772],[41.380789,34.446112],[41.397227,34.437079],[41.415538,34.423163],[41.431895,34.423936],[41.42921,34.435818],[41.41269,34.447699],[41.403819,34.459784],[41.424408,34.472357],[41.434174,34.465155],[41.445567,34.458686],[41.43808,34.451239],[41.451101,34.428168],[41.464854,34.422187],[41.500092,34.430772],[41.501069,34.43183],[41.503835,34.43419],[41.507904,34.43655],[41.513927,34.437567],[41.517589,34.435492],[41.523204,34.430772],[41.527354,34.426134],[41.527436,34.423936],[41.539236,34.426093],[41.545502,34.429958],[41.549408,34.434272],[41.554779,34.437567],[41.565929,34.439521],[41.574636,34.43891],[41.58196,34.439521],[41.588878,34.445014],[41.590017,34.45364],[41.585053,34.461534],[41.583588,34.469794],[41.595144,34.479193],[41.611339,34.479519],[41.670909,34.458686],[41.690847,34.453884],[41.71339,34.456488],[41.735362,34.466905],[41.763194,34.486029],[41.769542,34.491767],[41.772878,34.500556],[41.773936,34.51671],[41.780284,34.521552],[41.794851,34.514472],[41.818289,34.495917],[41.834076,34.478217],[41.842052,34.474555],[41.856456,34.472357],[41.881765,34.478787],[41.89739,34.480658],[41.91505,34.467068],[41.967784,34.471706],[41.986827,34.458686],[41.979421,34.451239],[42.012625,34.407904],[42.030365,34.389268],[42.055105,34.36933],[42.125255,34.332465],[42.130951,34.324815],[42.130056,34.297309],[42.144542,34.279242],[42.176768,34.287299],[42.229503,34.314073],[42.244721,34.314887],[42.249278,34.314154],[42.246837,34.290798],[42.251964,34.273546],[42.263927,34.266791],[42.277599,34.271267],[42.288503,34.28738],[42.282725,34.305609],[42.286225,34.327989],[42.296886,34.346991],[42.311697,34.355048],[42.323009,34.353705],[42.335704,34.349636],[42.345714,34.342393],[42.349864,34.331732],[42.384044,34.320909],[42.387787,34.308214],[42.385346,34.290107],[42.37794,34.273953],[42.366954,34.266913],[42.344819,34.264594],[42.325125,34.25727],[42.313406,34.244574],[42.315196,34.225898],[42.327403,34.214219],[42.348399,34.202948],[42.37086,34.194525],[42.387462,34.191189],[42.382091,34.181952],[42.384044,34.116034],[42.3803,34.109809],[42.374441,34.103868],[42.370046,34.097113],[42.371023,34.088162],[42.377452,34.084296],[42.399669,34.076931],[42.404552,34.071357],[42.406179,34.05329],[42.412039,34.032904],[42.424571,34.016954],[42.446056,34.012397],[42.456309,34.017279],[42.480479,34.038153],[42.493907,34.047187],[42.505626,34.037421],[42.510346,34.025702],[42.513601,34.012885],[42.5206,33.999376],[42.530528,33.990343],[42.549083,33.98078],[42.555919,33.971462],[42.561046,33.947699],[42.556244,33.925727],[42.542491,33.907782],[42.5206,33.896308],[42.528412,33.889187],[42.533214,33.881944],[42.533376,33.875067],[42.528087,33.869005],[42.53655,33.859931],[42.551687,33.852566],[42.568614,33.84809],[42.582612,33.847968],[42.599132,33.856635],[42.605072,33.870144],[42.608409,33.88463],[42.61671,33.896308],[42.644054,33.901679],[42.679454,33.895616],[42.733409,33.875841],[42.759288,33.853461],[42.752859,33.836453],[42.733165,33.821845],[42.719249,33.806952],[42.7199,33.79088],[42.729421,33.780382],[42.740733,33.773017],[42.747162,33.765977],[42.747488,33.746649],[42.738862,33.736518],[42.725841,33.729275],[42.712413,33.718207],[42.718842,33.712429],[42.726736,33.707221],[42.747162,33.697781],[42.762136,33.704535],[42.778412,33.692694],[42.801768,33.663601],[42.850027,33.635769],[42.863862,33.622626],[42.887462,33.578233],[42.926768,33.548163],[42.930756,33.542304],[42.93214,33.529853],[42.937266,33.528754],[42.963145,33.529568],[42.973725,33.526435],[42.990652,33.536078],[43.010997,33.532579],[43.030772,33.521674],[43.065684,33.493842],[43.075694,33.501044],[43.083588,33.518337],[43.097179,33.533271],[43.118744,33.536973],[43.139578,33.53144],[43.168875,33.518988],[43.234467,33.4737],[43.24879,33.460313],[43.264659,33.449164],[43.284679,33.444444],[43.308035,33.449042],[43.341319,33.46837],[43.356619,33.471788],[43.365164,33.468614],[43.37794,33.456],[43.384532,33.45128],[43.389903,33.451117],[43.395274,33.453192],[43.398529,33.455919],[43.398204,33.457546],[43.404307,33.454779],[43.412039,33.446316],[43.41505,33.444444],[43.423106,33.446885],[43.430919,33.45071],[43.436697,33.450466],[43.439138,33.440741],[43.444347,33.428005],[43.456065,33.425116],[43.4699,33.425727],[43.480724,33.423407],[43.480724,33.430854],[43.486908,33.430854],[43.480479,33.415107],[43.483897,33.407009],[43.494884,33.403998],[43.511241,33.40351],[43.52711,33.405097],[43.536143,33.409247],[43.555268,33.423407],[43.559093,33.410346],[43.566417,33.400824],[43.575287,33.397569],[43.583914,33.40351],[43.597341,33.397406],[43.606619,33.388007],[43.610606,33.37934],[43.607677,33.375556],[43.630463,33.373481],[43.641043,33.379218],[43.644623,33.396674],[43.668956,33.388292],[43.693451,33.372097],[43.714285,33.352647],[43.727143,33.334581],[43.73463,33.334581],[43.736746,33.34394],[43.74114,33.351508],[43.747325,33.354315],[43.754487,33.348904],[43.757335,33.337836],[43.75587,33.311306],[43.761322,33.300482],[43.766612,33.299587],[43.77825,33.306098],[43.785248,33.303575],[43.789561,33.298774],[43.79241,33.291571],[43.799897,33.278266],[43.803966,33.259955],[43.808523,33.252061],[43.815929,33.252061],[43.815929,33.25727],[43.817393,33.258328],[43.815929,33.265692],[43.836681,33.260688],[43.842296,33.244208],[43.841401,33.223253],[43.843272,33.204901],[43.860932,33.182807],[43.878998,33.181749],[43.88795,33.192247],[43.878022,33.204901],[43.90683,33.212185],[43.922944,33.193671],[43.93629,33.168524],[43.956147,33.155829],[43.964122,33.157904],[43.971934,33.167344],[43.980479,33.170193],[43.988862,33.169501],[43.995616,33.16706],[44.000662,33.164496],[44.004405,33.163275],[44.019623,33.160427],[44.05364,33.146755],[44.069835,33.142198],[44.069835,33.136013],[44.047944,33.139228],[44.040294,33.13703],[44.035655,33.129177],[44.048106,33.127305],[44.059093,33.121161],[44.066905,33.112982],[44.069835,33.104926],[44.07545,33.099392],[44.102143,33.089423],[44.11085,33.080756],[44.097179,33.080756],[44.124522,33.054063],[44.138438,33.030829],[44.146414,33.025743],[44.158621,33.032335],[44.174408,33.00141],[44.178396,32.986274],[44.179698,32.964057],[44.174897,32.944607],[44.175304,32.934353],[44.183116,32.929958],[44.195242,32.929023],[44.202159,32.925605],[44.205496,32.918402],[44.206472,32.906317],[44.214936,32.888617],[44.253022,32.879462],[44.261648,32.865058],[44.264252,32.846747],[44.270925,32.831814],[44.289561,32.799628],[44.278819,32.785183],[44.2706,32.75963],[44.26588,32.735297],[44.265066,32.724473],[44.255626,32.716173],[44.220307,32.607693],[44.222585,32.570258],[44.239187,32.536322],[44.295421,32.466579],[44.302419,32.446479],[44.292979,32.426581],[44.288015,32.410102],[44.295421,32.389228],[44.316335,32.35456],[44.333588,32.295844],[44.340424,32.286241],[44.35434,32.274604],[44.353933,32.248236],[44.343516,32.203721],[44.344656,32.182929],[44.357188,32.118028],[44.360932,32.112006],[44.388113,32.088487],[44.3921,32.076036],[44.394949,32.062323],[44.398204,32.052924],[44.430593,32.021267],[44.446707,32.001899],[44.453298,31.980902],[44.454845,31.97248],[44.458263,31.96369],[44.463634,31.955024],[44.47047,31.946804],[44.477794,31.935655],[44.479421,31.925645],[44.479096,31.915066],[44.485444,31.878852],[44.487559,31.816433],[44.491303,31.799343],[44.498953,31.78323],[44.504161,31.765937],[44.501231,31.745063],[44.496511,31.740302],[44.479015,31.726833],[44.473888,31.717719],[44.474213,31.704454],[44.484874,31.686306],[44.487559,31.672716],[44.494233,31.659247],[44.510509,31.644599],[44.549734,31.620917],[44.614024,31.600124],[44.624604,31.59044],[44.626882,31.577419],[44.632416,31.571641],[44.640147,31.568468],[44.648692,31.562852],[44.679291,31.525336],[44.6928,31.516181],[44.739757,31.495225],[44.758556,31.491156],[44.764659,31.486884],[44.769786,31.478827],[44.776541,31.468126],[44.786143,31.463894],[44.789154,31.463894],[44.798757,31.476833],[44.81544,31.486029],[44.834727,31.490994],[44.851736,31.491156],[44.864024,31.485867],[44.875255,31.476142],[44.892833,31.457058],[44.905772,31.445665],[44.919526,31.43655],[44.934988,31.430691],[44.953054,31.429145],[44.960867,31.431667],[44.976736,31.441474],[44.987885,31.443386],[44.997,31.440945],[45.002696,31.436062],[45.007091,31.43122],[45.011729,31.429145],[45.019542,31.427069],[45.035737,31.418077],[45.045909,31.416083],[45.054698,31.41706],[45.070811,31.421332],[45.11614,31.428087],[45.132498,31.428005],[45.165538,31.411648],[45.184581,31.408311],[45.200287,31.401801],[45.21046,31.37641],[45.237641,31.327663]],[[45.237641,31.327663],[45.249278,31.331814],[45.257416,31.333564],[45.269054,31.333523],[45.301524,31.327501],[45.336436,31.325507],[45.409272,31.309841],[45.440359,31.298774],[45.451264,31.300645],[45.466889,31.305203]],[[45.237641,31.327663],[45.237804,31.327338],[45.234874,31.326687],[45.237641,31.327663]],[[45.463145,31.305203],[45.474539,31.30744],[45.48463,31.302517],[45.493175,31.296454],[45.503429,31.293565],[45.525645,31.292548],[45.531993,31.287787],[45.531668,31.276231],[45.529226,31.262722],[45.529063,31.251573],[45.549571,31.210639],[45.566661,31.203233],[45.578298,31.20128],[45.583751,31.206895],[45.593761,31.213813],[45.616791,31.206163],[45.666515,31.1789],[45.687429,31.162177],[45.706472,31.173407],[45.724701,31.177924],[45.743175,31.176378],[45.762462,31.169623],[45.766205,31.166042],[45.77825,31.157823],[45.790701,31.152859],[45.796641,31.1588],[45.802257,31.16238],[45.814952,31.16116],[45.86085,31.148301],[45.873546,31.143134],[45.878998,31.138292],[45.883718,31.130642],[45.894542,31.128689],[45.90797,31.129014],[45.920177,31.128038],[45.943858,31.121894],[45.97462,31.121365],[45.985444,31.119452],[45.99586,31.114366],[46.000987,31.122016],[46.008556,31.125841],[46.029307,31.128038],[46.040538,31.126288],[46.049571,31.121609],[46.056244,31.116726],[46.060313,31.114366],[46.086518,31.09044],[46.095225,31.076239],[46.104421,31.071885],[46.168549,31.055284],[46.251964,31.04446],[46.283783,31.02501],[46.302989,31.003241],[46.310476,30.997097],[46.363048,30.965399],[46.427175,30.949978],[46.467377,30.901801],[46.47877,30.894721],[46.489757,30.892686],[46.511485,30.883653],[46.523448,30.881659],[46.536143,30.884304],[46.547374,30.890408],[46.564464,30.902167],[46.74822,30.961778],[46.95045,30.959825],[46.972097,30.962185],[46.992279,30.973497],[47.009044,30.979315],[47.031749,30.978298],[47.117931,30.964952],[47.163259,30.963568],[47.233897,30.9713],[47.25587,30.970404],[47.266531,30.965888],[47.286143,30.952094],[47.297374,30.949978],[47.307058,30.954901],[47.314708,30.972724],[47.320893,30.97663],[47.336436,30.979926],[47.410574,31.011013],[47.43336,31.016425],[47.453217,31.01496],[47.461925,31.0008],[47.462413,30.991645],[47.463634,30.983222],[47.468516,30.968451]]]}},{"type":"Feature","properties":{"dissolve":"633River","scalerank":7.0,"featurecla":"River","name":"Malaya Ob","name_alt":null,"rivernum":633,"note":null,"min_zoom":6.0,"name_en":"Malaya Ob","min_label":7.0},"bbox":[64.653087,63.006944,65.703543,66.136013],"geometry":{"type":"MultiLineString","coordinates":[[[65.046479,63.006944],[65.011648,63.039984],[64.923757,63.088813],[64.913829,63.096137],[64.906505,63.105048],[64.901947,63.116523],[64.900483,63.133979],[64.90683,63.140082],[64.918468,63.143663],[64.956635,63.171332],[64.97991,63.181423],[64.997488,63.194932],[65.004405,63.222683],[65.001475,63.251288],[64.992931,63.272773],[64.96339,63.315131],[64.991222,63.330512],[65.065847,63.383368],[65.097341,63.394477],[65.165131,63.407335],[65.1963,63.418158],[65.225352,63.432888],[65.246593,63.448188],[65.249766,63.465399],[65.224132,63.485867],[65.199962,63.49433],[65.188975,63.501532],[65.183116,63.513739],[65.184825,63.523993],[65.190522,63.534939],[65.203705,63.554755],[65.169444,63.616767],[65.164806,63.630439],[65.162608,63.643744],[65.162039,63.674506],[65.190847,63.709744],[65.315033,63.706977],[65.340261,63.732856],[65.31601,63.759345],[65.304128,63.77912],[65.308604,63.799628],[65.333995,63.828437],[65.320079,63.842597],[65.330333,63.855821],[65.352794,63.865587],[65.404552,63.873603],[65.512218,63.930121],[65.555675,63.961208],[65.591238,63.996365],[65.605724,64.041693],[65.597911,64.058214],[65.586355,64.075792],[65.580496,64.093126],[65.576101,64.100898],[65.556895,64.110948],[65.552419,64.120469],[65.552419,64.158026],[65.548106,64.170844],[65.5442,64.177191],[65.536062,64.180854],[65.468761,64.196112],[65.45753,64.205837],[65.45517,64.227484],[65.468191,64.246649],[65.485932,64.265977],[65.497813,64.288398],[65.4546,64.294216],[65.431082,64.300849],[65.416026,64.308865],[65.405854,64.321845],[65.406342,64.329657],[65.411713,64.337348],[65.416026,64.349799],[65.41212,64.378485],[65.395925,64.390163],[65.371674,64.397895],[65.344005,64.414659],[65.349213,64.429633],[65.397227,64.480007],[65.409109,64.500596],[65.404063,64.526313],[65.390066,64.546088],[65.370128,64.561103],[65.247081,64.621283],[65.215343,64.659288],[65.217296,64.712917],[65.228282,64.744452],[65.228608,64.763292],[65.217214,64.780097],[65.193126,64.805732],[65.178233,64.831895],[65.190522,64.844306],[65.213878,64.857123],[65.230968,64.884223],[65.185557,64.896837],[65.164154,64.907904],[65.155284,64.921739],[65.141043,64.936632],[65.046886,64.947577],[65.003347,64.965277],[64.976492,64.985134],[64.972585,65.011583],[64.997569,65.049343],[64.97047,65.0633],[64.891205,65.078315],[64.874766,65.100206],[64.867931,65.115749],[64.836192,65.157091],[64.826915,65.172187],[64.825776,65.182318],[64.828054,65.203803],[64.826915,65.213813],[64.819021,65.229682],[64.808849,65.238227],[64.779063,65.250759],[64.752208,65.266181],[64.735606,65.281806],[64.72519,65.301703],[64.713878,65.346137],[64.711843,65.369452],[64.713145,65.392646],[64.72047,65.408759],[64.728526,65.433295],[64.707042,65.453966],[64.675792,65.471747],[64.65504,65.487494],[64.653087,65.518826],[64.683523,65.533474],[64.724701,65.541327],[64.754649,65.552069],[64.781342,65.569281],[64.793875,65.579901],[64.802664,65.602973],[64.826915,65.638373],[64.873546,65.678534],[64.981537,65.736599],[65.031749,65.774929],[65.065847,65.815863],[65.081065,65.826972],[65.163178,65.862372],[65.396495,65.898057],[65.430593,65.908637],[65.446381,65.923285],[65.446544,65.940456],[65.44337,65.959744],[65.450125,65.980984],[65.460216,65.990058],[65.591889,66.06448],[65.640717,66.106065],[65.693289,66.133612],[65.703543,66.136013]]]}},{"type":"Feature","properties":{"dissolve":"63River","scalerank":3.0,"featurecla":"River","name":"Shiquan","name_alt":null,"rivernum":63,"note":null,"min_zoom":3.0,"name_en":"Shiquan","min_label":4.0},"bbox":[79.73463,31.389431,81.63974,32.555854],"geometry":{"type":"MultiLineString","coordinates":[[[81.63974,31.449571],[81.638113,31.445176],[81.619395,31.419135],[81.592459,31.403876],[81.555919,31.393256],[81.518484,31.389431],[81.489187,31.394314],[81.477061,31.401882],[81.446056,31.43183],[81.436127,31.442247],[81.420339,31.465766],[81.409597,31.47545],[81.397472,31.480984],[81.385671,31.482937],[81.360932,31.483913],[81.333751,31.491523],[81.314545,31.505927],[81.280203,31.545762],[81.270274,31.553534],[81.250499,31.563341],[81.241954,31.569688],[81.226736,31.586371],[81.217784,31.600694],[81.195893,31.660509],[81.174571,31.699897],[81.165701,31.741034],[81.166108,31.750556],[81.17335,31.762152],[81.180675,31.77086],[81.1845,31.77794],[81.20517,31.840847],[81.226085,31.871121],[81.251475,31.894843],[81.280203,31.916327],[81.361339,31.955593],[81.394135,31.986274],[81.375662,32.018744],[81.36671,32.020779],[81.343842,32.018419],[81.334076,32.018744],[81.307384,32.036729],[81.296886,32.039862],[81.281342,32.048855],[81.273936,32.069444],[81.271658,32.092353],[81.272716,32.108181],[81.281749,32.150946],[81.283295,32.173448],[81.276378,32.183214],[81.254405,32.188096],[81.244395,32.201361],[81.228933,32.286485],[81.212006,32.321072],[81.187918,32.349962],[81.155935,32.375027],[81.13795,32.384304],[81.117686,32.390692],[81.097097,32.394355],[81.078136,32.395535],[81.053966,32.401801],[81.038015,32.416571],[81.024099,32.433905],[81.006358,32.447862],[80.990815,32.452989],[80.90504,32.464138],[80.865326,32.475409],[80.73585,32.53852],[80.69044,32.550889],[80.647553,32.553412],[80.562104,32.547919],[80.476654,32.555854],[80.255382,32.544704],[80.231944,32.547065],[80.213145,32.550889],[80.19573,32.551703],[80.175873,32.544704],[80.135671,32.523017],[80.094656,32.519232],[80.069835,32.503485],[80.024669,32.486029],[80.005056,32.482001],[79.913097,32.482001],[79.888927,32.479356],[79.804861,32.451117],[79.758881,32.444688],[79.73463,32.443915]]]}},{"type":"Feature","properties":{"dissolve":"65Lake Centerline","scalerank":3.0,"featurecla":"Lake Centerline","name":"Firat","name_alt":null,"rivernum":65,"note":null,"min_zoom":3.0,"name_en":"Firat","min_label":4.0},"bbox":[38.326915,37.483954,39.073334,39.078437],"geometry":{"type":"MultiLineString","coordinates":[[[38.767833,38.812812],[38.771983,38.816962],[38.77532,38.830268],[38.778087,38.845038],[38.786143,38.854763],[38.812592,38.875027],[38.777843,38.904975],[38.774994,38.918565],[38.773855,38.936469],[38.780284,38.952216],[38.78476,38.966986],[38.78655,38.981269],[38.783295,38.992377],[38.780854,38.99787],[38.779714,38.999864],[38.7671,39.018866],[38.764415,39.029161],[38.742442,39.068061],[38.739513,39.078437]],[[38.471283,38.74079],[38.478038,38.72545],[38.472667,38.707546],[38.46046,38.69245],[38.446707,38.686225],[38.42213,38.682685],[38.402436,38.673448],[38.387136,38.660346],[38.37558,38.645209],[38.370372,38.634589],[38.36378,38.616319],[38.348888,38.595649],[38.351329,38.58869],[38.357677,38.582587],[38.36142,38.573269],[38.364675,38.556464],[38.373546,38.536566],[38.386648,38.518744],[38.402924,38.508083],[38.414154,38.516791],[38.425548,38.512519],[38.443289,38.494412],[38.456554,38.484971],[38.468679,38.479275],[38.481619,38.47602],[38.539806,38.470486],[38.566661,38.464667],[38.571381,38.462348],[38.587657,38.449897],[38.594656,38.450263],[38.600597,38.453152],[38.607839,38.453437],[38.688975,38.420762],[38.717703,38.418728],[38.778901,38.436957],[38.810476,38.440375],[38.834402,38.426093],[38.826915,38.418728],[38.852794,38.404731],[38.860932,38.39879],[38.8838,38.369005],[38.885509,38.364081],[38.911143,38.360704],[38.927826,38.352362],[38.957286,38.330512],[38.992198,38.326117],[39.073334,38.347968]],[[38.982677,37.899359],[38.989187,37.878038],[38.982677,37.865505],[38.970795,37.850775],[38.976166,37.845893],[38.979096,37.838487],[38.977957,37.830268],[38.970795,37.822821],[38.965343,37.823188],[38.945404,37.828884],[38.936697,37.829657],[38.921397,37.825141],[38.908376,37.81684],[38.897878,37.804714],[38.888927,37.788682],[38.903412,37.791815],[38.930593,37.807563],[38.943614,37.809149],[38.953868,37.801378],[38.952566,37.775255],[38.964773,37.761339],[38.944835,37.756944],[38.922293,37.75613],[38.901866,37.752753],[38.888927,37.740912],[38.89796,37.735663],[38.923106,37.713568],[38.916433,37.709052],[38.908214,37.706244],[38.899669,37.706244],[38.882416,37.714911],[38.875011,37.710476],[38.869233,37.703152],[38.864757,37.699286],[38.861095,37.698188],[38.856049,37.695665],[38.849376,37.693305],[38.841238,37.69245],[38.835948,37.69477],[38.822765,37.704535],[38.82073,37.706732],[38.800385,37.697048],[38.818451,37.680935],[38.868337,37.651475],[38.6456,37.624213],[38.597341,37.583523],[38.587901,37.579535],[38.575287,37.56155],[38.515391,37.511094],[38.494884,37.500678],[38.372325,37.483954],[38.340831,37.494452],[38.326915,37.490302]]]}},{"type":"Feature","properties":{"dissolve":"65River","scalerank":3.0,"featurecla":"River","name":"Firat","name_alt":null,"rivernum":65,"note":null,"min_zoom":3.0,"name_en":"Firat","min_label":4.0},"bbox":[37.840587,36.835639,41.455496,40.180203],"geometry":{"type":"MultiLineString","coordinates":[[[41.455496,40.180203],[41.445242,40.172227],[41.417572,40.11872],[41.366303,40.074327],[41.35491,40.06037],[41.328217,40.016303],[41.319021,40.00495],[41.30714,39.99372],[41.292979,39.985053],[41.276947,39.981553],[41.026541,39.961046],[40.910655,39.925116],[40.870209,39.919501],[40.802745,39.926581],[40.790701,39.930365],[40.768565,39.940619],[40.747162,39.936225],[40.711925,39.919501],[40.688975,39.920722],[40.652843,39.936103],[40.468516,39.95364],[40.458588,39.951483],[40.436615,39.942084],[40.427664,39.940009],[40.391856,39.942084],[40.382904,39.940009],[40.382904,39.933783],[40.351329,39.944403],[40.302989,39.940375],[40.179128,39.907986],[40.160411,39.89997],[40.146414,39.889106],[40.136811,39.870225],[40.140147,39.855658],[40.163829,39.830756],[40.223155,39.790473],[40.251069,39.763617],[40.259369,39.728339],[40.253835,39.717393],[40.24171,39.701361],[40.227306,39.686876],[40.198985,39.673774],[40.192149,39.657986],[40.190684,39.639594],[40.191173,39.625312],[40.189545,39.6081],[40.183686,39.592556],[40.171967,39.581244],[40.139903,39.573798],[40.101817,39.560126],[40.081309,39.556993],[39.994395,39.565009],[39.909923,39.584337],[39.749278,39.645046],[39.731212,39.649278],[39.669363,39.655463],[39.615815,39.680487],[39.575125,39.693956],[39.535655,39.700507],[39.450694,39.701036],[39.408946,39.693956],[39.381928,39.679063],[39.327729,39.638983],[39.306407,39.630683],[39.28419,39.626654],[39.242117,39.625312],[39.231456,39.623155],[39.211355,39.613796],[39.201182,39.61164],[39.156505,39.617865],[39.047944,39.616075],[39.033295,39.611518],[39.004975,39.597968],[38.976003,39.591864],[38.906749,39.585883],[38.875255,39.57685],[38.865815,39.582221],[38.853038,39.576117],[38.826915,39.556993],[38.815847,39.554226],[38.772227,39.550157],[38.755626,39.545274],[38.748139,39.539252],[38.742768,39.530056],[38.731944,39.515448],[38.720225,39.503974],[38.711518,39.500312],[38.680675,39.501776],[38.66684,39.504218],[38.639903,39.512803],[38.632335,39.51203],[38.621023,39.506212],[38.583914,39.496609],[38.570811,39.49494],[38.560964,39.490058],[38.522472,39.457384],[38.510183,39.452704],[38.4581,39.453966],[38.402924,39.426093],[38.392182,39.417914],[38.383556,39.409125],[38.374115,39.402126],[38.36142,39.399359],[38.36671,39.388699],[38.368175,39.371446],[38.38795,39.357001],[38.425059,39.318468],[38.462006,39.306464],[38.473725,39.296495],[38.49171,39.275214],[38.50294,39.266954],[38.58074,39.224921],[38.599701,39.206081],[38.607839,39.183376],[38.619884,39.171698],[38.683035,39.171007],[38.711436,39.165961],[38.714773,39.154731],[38.712983,39.12877],[38.71461,39.121283],[38.735606,39.105251],[38.740164,39.09573],[38.739513,39.078477]],[[38.767833,38.812812],[38.743256,38.803005],[38.716401,38.780463],[38.692393,38.773546],[38.677013,38.764594],[38.666433,38.762519],[38.654226,38.766547],[38.642345,38.781684],[38.635753,38.781765],[38.631602,38.775743],[38.633067,38.762478],[38.631765,38.752305],[38.618663,38.748318],[38.569021,38.752143],[38.508881,38.756863],[38.48349,38.753119],[38.471283,38.74079]],[[39.073334,38.347968],[39.114838,38.343573],[39.132416,38.329698],[39.14503,38.307929],[39.148529,38.284247],[39.114838,38.192735],[39.141368,38.178656],[39.221934,38.205105],[39.252533,38.179714],[39.256358,38.153144],[39.248546,38.130439],[39.224701,38.090359],[39.23463,38.076117],[39.224864,38.063788],[39.149913,38.020779],[39.08961,38.007025],[39.072276,37.999579],[39.060313,37.987901],[39.055675,37.973212],[39.050385,37.939765],[39.040457,37.925238],[39.027273,37.918036],[38.978282,37.906033],[38.982677,37.899359]],[[38.326915,37.490302],[38.282644,37.476996],[38.271983,37.476426],[38.265717,37.454454],[38.249929,37.448554],[38.206716,37.453559],[38.198009,37.448025],[38.196788,37.435818],[38.197195,37.423651],[38.193126,37.418158],[38.190033,37.417182],[38.188243,37.415066],[38.185639,37.412909],[38.180186,37.411933],[38.176687,37.413764],[38.175059,37.422634],[38.170177,37.425605],[38.125499,37.433783],[38.108409,37.440945],[38.094493,37.453559],[38.065522,37.436876],[38.054128,37.436469],[38.039968,37.446072],[38.02296,37.443468],[38.005951,37.445258],[37.989675,37.44477],[37.974376,37.435492],[37.930105,37.390815],[37.896414,37.363837],[37.885509,37.350653],[37.878917,37.325141],[37.872813,37.320909],[37.865001,37.317694],[37.857677,37.312934],[37.852143,37.303819],[37.840587,37.26789],[37.85491,37.260037],[37.866791,37.249376],[37.874115,37.234402],[37.874766,37.213324],[37.867931,37.213324],[37.861746,37.224636],[37.85255,37.226508],[37.844249,37.219306],[37.840587,37.20307],[37.843516,37.186632],[37.850678,37.173407],[37.867931,37.151882],[37.874278,37.140082],[37.876231,37.130886],[37.874766,37.106879],[37.868175,37.077663],[37.869395,37.065212],[37.881602,37.054999],[37.893809,37.060167],[37.903819,37.055365],[37.912852,37.047146],[37.922537,37.042019],[37.930756,37.043524],[37.954356,37.052802],[37.967459,37.054999],[37.97877,37.050116],[37.976573,37.038438],[37.964122,37.014106],[37.963878,36.998847],[37.966889,36.990424],[37.981212,36.976833],[38.007904,36.957099],[38.011811,36.949246],[38.013113,36.923692],[38.015147,36.91352],[38.018647,36.904161],[38.036062,36.888739],[38.040538,36.880479],[38.029307,36.876899],[38.021088,36.871121],[38.019054,36.858018],[38.021088,36.844184],[38.025808,36.835639]]]}},{"type":"Feature","properties":{"dissolve":"66Lake Centerline","scalerank":3.0,"featurecla":"Lake Centerline","name":"Huang","name_alt":null,"rivernum":66,"note":null,"min_zoom":3.0,"name_en":"Huang","min_label":4.0},"bbox":[97.072032,34.835476,97.762787,35.08808],"geometry":{"type":"MultiLineString","coordinates":[[[97.762787,35.08808],[97.746104,35.079413],[97.733165,35.055203],[97.720714,34.996853],[97.713634,34.953192],[97.697276,34.919867],[97.617686,34.885077],[97.576264,34.875841],[97.545909,34.876003]],[[97.288178,34.835476],[97.285248,34.843207],[97.259044,34.878933],[97.234304,34.907294],[97.149913,34.936347],[97.12379,34.943427],[97.108165,34.941718],[97.096283,34.937283],[97.085053,34.935248],[97.072032,34.930609]]]}},{"type":"Feature","properties":{"dissolve":"66River","scalerank":3.0,"featurecla":"River","name":"Huang","name_alt":null,"rivernum":66,"note":null,"min_zoom":3.0,"name_en":"Huang","min_label":4.0},"bbox":[96.164154,33.333197,111.463145,40.879706],"geometry":{"type":"MultiLineString","coordinates":[[[96.164154,35.129665],[96.22877,35.111762],[96.249278,35.109198],[96.483165,35.105658],[96.53419,35.096137],[96.654877,35.050116],[96.705496,35.047716],[96.747651,35.053249],[96.81129,35.061347],[96.829275,35.0539],[96.867931,35.0185],[96.889903,35.006781],[96.946707,34.999701],[96.97462,34.991645],[96.986746,34.975694],[96.994884,34.94835],[97.015391,34.937445],[97.042084,34.932807],[97.072032,34.930609]],[[97.762787,35.08808],[97.795909,35.111111],[97.848888,35.11225],[97.951752,35.096137],[97.991628,35.080593],[98.018484,35.049425],[98.042979,35.012315],[98.075857,34.978827],[98.10849,34.953884],[98.124441,34.937038],[98.131277,34.920762],[98.131114,34.91002],[98.132416,34.900255],[98.137299,34.893378],[98.147553,34.890692],[98.161794,34.889228],[98.192149,34.87641],[98.263682,34.860785],[98.275076,34.852159],[98.284679,34.842108],[98.306651,34.835517],[98.34962,34.827989],[98.37794,34.815294],[98.391775,34.79682],[98.396251,34.773627],[98.395763,34.74669],[98.395112,34.719835],[98.402192,34.666775],[98.401459,34.649278],[98.394786,34.634874],[98.380951,34.619167],[98.361908,34.610419],[98.34075,34.606757],[98.326671,34.598171],[98.329845,34.574774],[98.345144,34.563259],[98.394786,34.547431],[98.405528,34.537218],[98.413503,34.526638],[98.452159,34.503282],[98.466319,34.492214],[98.467296,34.488064],[98.46575,34.476874],[98.466319,34.472357],[98.469249,34.468614],[98.478445,34.459744],[98.479991,34.458686],[98.490164,34.424384],[98.497081,34.414008],[98.51474,34.40119],[98.627371,34.357449],[98.641124,34.355048],[98.709727,34.355048],[98.724294,34.368598],[98.724294,34.399522],[98.720714,34.433214],[98.723643,34.454942],[98.733979,34.457872],[98.78297,34.451239],[98.797862,34.455675],[98.836925,34.479193],[98.867931,34.478705],[98.928233,34.45307],[98.952891,34.458686],[98.970876,34.446845],[98.97934,34.439399],[98.986501,34.430772],[99.002045,34.436876],[99.016205,34.432644],[99.04184,34.410264],[99.044688,34.409695],[99.053233,34.410997],[99.056082,34.410264],[99.057221,34.406358],[99.056895,34.397244],[99.062266,34.387152],[99.069591,34.362494],[99.045909,34.321153],[99.037852,34.300645],[99.034923,34.270046],[99.036713,34.253607],[99.041596,34.243516],[99.056082,34.225898],[99.063569,34.213935],[99.067556,34.205024],[99.069347,34.194403],[99.069591,34.177517],[99.070567,34.171088],[99.074962,34.16002],[99.075776,34.153347],[99.073741,34.146186],[99.064382,34.132595],[99.062266,34.125678],[99.060069,34.112901],[99.050792,34.083441],[99.048595,34.071357],[99.048432,34.046007],[99.050385,34.034776],[99.056082,34.019843],[99.067393,33.998847],[99.068777,33.986884],[99.062266,33.971462],[99.081472,33.966824],[99.096772,33.950141],[99.106944,33.929633],[99.110606,33.913398],[99.119233,33.906684],[99.17213,33.875841],[99.248057,33.784369],[99.281993,33.759141],[99.306163,33.746609],[99.322846,33.743232],[99.361095,33.746161],[99.369233,33.74787],[99.376882,33.752753],[99.382335,33.760199],[99.384288,33.769721],[99.386485,33.775417],[99.390147,33.779608],[99.392019,33.783962],[99.384858,33.794257],[99.381114,33.801459],[99.378429,33.809027],[99.378184,33.814399],[99.395274,33.827216],[99.42213,33.82807],[99.480479,33.818468],[99.501231,33.809109],[99.525483,33.802802],[99.531749,33.793077],[99.535492,33.781928],[99.542003,33.773464],[99.569347,33.765977],[99.586436,33.76793],[99.645763,33.765652],[99.658702,33.769721],[99.692475,33.795478],[99.694347,33.800116],[99.697276,33.804796],[99.703298,33.806952],[99.72755,33.806952],[99.771495,33.799994],[99.792247,33.79267],[99.814952,33.778388],[99.837006,33.775662],[99.847341,33.769721],[99.857839,33.761298],[99.875662,33.752753],[99.885916,33.746161],[99.892345,33.73904],[99.901459,33.723415],[99.905772,33.718207],[99.915538,33.713243],[99.92392,33.712104],[99.933035,33.709744],[99.959239,33.690619],[99.999115,33.675645],[100.015636,33.663601],[100.013764,33.663845],[100.015636,33.657335],[100.019135,33.648953],[100.022472,33.643134],[100.048269,33.618354],[100.053152,33.61518],[100.064138,33.610907],[100.070567,33.601508],[100.074962,33.592108],[100.080089,33.587917],[100.124929,33.581651],[100.148692,33.573594],[100.158946,33.574246],[100.16684,33.578681],[100.171397,33.585557],[100.174083,33.591905],[100.175955,33.594672],[100.187266,33.599473],[100.226166,33.623358],[100.237804,33.632514],[100.280691,33.677314],[100.288666,33.691514],[100.286143,33.706488],[100.27589,33.719835],[100.263438,33.732611],[100.254649,33.746161],[100.240896,33.738715],[100.245616,33.760321],[100.267182,33.761908],[100.316742,33.746161],[100.323334,33.757595],[100.357839,33.756415],[100.375011,33.762559],[100.404796,33.786933],[100.421641,33.796739],[100.436697,33.800727],[100.449148,33.806098],[100.479991,33.829535],[100.498546,33.834906],[100.516775,33.837714],[100.564952,33.854804],[100.58074,33.865302],[100.604503,33.889187],[100.632091,33.910468],[100.663992,33.925564],[100.700206,33.930487],[100.766043,33.928168],[100.782237,33.924262],[100.791026,33.912706],[100.801524,33.893826],[100.814545,33.879828],[100.830577,33.883328],[100.836518,33.861518],[100.850352,33.833564],[100.869884,33.807969],[100.8921,33.79328],[100.896983,33.799831],[100.898204,33.802802],[100.899506,33.806952],[100.903901,33.789618],[100.912039,33.78559],[100.920421,33.787136],[100.926199,33.786444],[100.930186,33.77794],[100.928722,33.770941],[100.922374,33.764919],[100.912527,33.759141],[100.958995,33.738064],[100.97991,33.737494],[100.995697,33.751736],[100.99464,33.742743],[100.996104,33.733466],[101.000662,33.726589],[101.009369,33.725043],[101.016531,33.7296],[101.019542,33.73782],[101.021495,33.74726],[101.034434,33.771755],[101.034434,33.791083],[101.028331,33.809841],[101.019054,33.824327],[101.015636,33.831366],[101.01474,33.84044],[101.015636,33.858507],[101.018321,33.871934],[101.025483,33.876899],[101.034597,33.87698],[101.043468,33.875841],[101.063975,33.863796],[101.074229,33.861599],[101.10255,33.862576],[101.111827,33.861599],[101.139089,33.844428],[101.182872,33.786078],[101.236257,33.75963],[101.260753,33.732123],[101.288178,33.711371],[101.323334,33.718207],[101.335541,33.708197],[101.356619,33.703721],[101.376557,33.69713],[101.385509,33.680691],[101.389659,33.676622],[101.399099,33.677843],[101.408376,33.682196],[101.417735,33.694525],[101.42921,33.692165],[101.442963,33.686632],[101.454275,33.684109],[101.46282,33.687323],[101.483897,33.700385],[101.495372,33.704535],[101.508718,33.704779],[101.54005,33.697781],[101.545502,33.694525],[101.563406,33.680447],[101.574229,33.677273],[101.586029,33.675808],[101.606619,33.670193],[101.618907,33.669786],[101.687022,33.682318],[101.737315,33.683458],[101.753673,33.680243],[101.766775,33.672065],[101.820323,33.625067],[101.837576,33.605984],[101.844737,33.584784],[101.851736,33.572943],[101.8838,33.54621],[101.892589,33.526435],[101.891124,33.517524],[101.887625,33.507514],[101.885753,33.497423],[101.889171,33.488552],[101.974539,33.40351],[102.009288,33.376288],[102.052257,33.354356],[102.09669,33.339911],[102.165538,33.333197],[102.174327,33.334581],[102.183197,33.340522],[102.202078,33.358222],[102.211518,33.361925],[102.221121,33.369737],[102.256358,33.413153],[102.266531,33.419013],[102.288992,33.416083],[102.321381,33.406602],[102.333507,33.41352],[102.343191,33.411648],[102.349294,33.40644],[102.35198,33.40351],[102.361257,33.404324],[102.375499,33.408271],[102.385916,33.409735],[102.439382,33.448513],[102.461843,33.457546],[102.458995,33.461493],[102.454194,33.471788],[102.467296,33.469916],[102.471202,33.468695],[102.476085,33.464952],[102.481619,33.464952],[102.465343,33.486274],[102.458507,33.498725],[102.454194,33.512763],[102.452729,33.523261],[102.453298,33.535509],[102.45989,33.541571],[102.476085,33.533271],[102.481619,33.540066],[102.423432,33.576239],[102.413259,33.577948],[102.402599,33.594021],[102.355724,33.60932],[102.345144,33.625759],[102.341889,33.632025],[102.327729,33.646104],[102.324474,33.653347],[102.326427,33.676134],[102.331391,33.697781],[102.336518,33.709174],[102.341889,33.717312],[102.342865,33.725124],[102.334727,33.735622],[102.327403,33.734483],[102.317393,33.726386],[102.304861,33.720242],[102.290457,33.725043],[102.298106,33.734402],[102.305919,33.739936],[102.314545,33.744656],[102.324474,33.751736],[102.314138,33.767442],[102.299327,33.780707],[102.280772,33.789903],[102.259776,33.79328],[102.247081,33.797553],[102.243744,33.806952],[102.248464,33.816352],[102.259776,33.820624],[102.263927,33.826036],[102.257253,33.837999],[102.194347,33.919257],[102.166515,33.945828],[102.132823,33.965196],[102.109955,33.953721],[102.069591,33.968451],[102.050304,33.957831],[102.027192,33.979071],[101.98642,34.000271],[101.943451,34.010565],[101.913097,33.999376],[101.858409,34.03974],[101.829845,34.052069],[101.816417,34.060167],[101.803233,34.075059],[101.785085,34.066189],[101.759532,34.072699],[101.737315,34.088813],[101.72877,34.108588],[101.718435,34.103298],[101.714773,34.10578],[101.712576,34.111518],[101.707612,34.116034],[101.680919,34.12226],[101.646983,34.135932],[101.635753,34.145209],[101.639252,34.15705],[101.630789,34.166042],[101.621755,34.171454],[101.614757,34.178249],[101.611339,34.191189],[101.569591,34.208075],[101.529389,34.218451],[101.517019,34.219306],[101.496104,34.218044],[101.488455,34.218451],[101.480479,34.221625],[101.472748,34.226264],[101.46339,34.230333],[101.425385,34.234239],[101.365001,34.252631],[101.334239,34.256537],[101.323334,34.259467],[101.314952,34.26496],[101.307872,34.27204],[101.299246,34.27794],[101.286143,34.280544],[101.279714,34.283637],[101.265717,34.297309],[101.255789,34.300401],[101.242686,34.299994],[101.233979,34.300727],[101.22934,34.305609],[101.226573,34.327826],[101.222341,34.335273],[101.215017,34.339789],[101.204194,34.341376],[101.197276,34.34516],[101.195567,34.354438],[101.195811,34.36579],[101.194265,34.376166],[101.196056,34.383816],[101.196381,34.38996],[101.194265,34.396023],[101.19044,34.396918],[101.177745,34.395087],[101.173839,34.396023],[101.165701,34.406358],[101.164073,34.410956],[101.165294,34.415839],[101.166433,34.427354],[101.163992,34.443223],[101.149018,34.481635],[101.139659,34.49962],[101.060557,34.505886],[101.052175,34.509304],[101.042491,34.524197],[101.03297,34.527615],[101.020518,34.530097],[101.014089,34.535915],[101.009044,34.542304],[101.001964,34.54682],[100.950694,34.546942],[100.928966,34.551825],[100.919932,34.571641],[100.91684,34.595771],[100.908702,34.613878],[100.885834,34.649848],[100.870616,34.708808],[100.861339,34.718126],[100.835867,34.714911],[100.817556,34.706651],[100.782237,34.684597],[100.763438,34.677843],[100.742931,34.673692],[100.696788,34.670966],[100.674815,34.675727],[100.635671,34.692898],[100.618256,34.691474],[100.573985,34.739814],[100.559093,34.745307],[100.539561,34.758083],[100.522553,34.772773],[100.515229,34.783962],[100.49464,34.805487],[100.447195,34.818956],[100.354503,34.827989],[100.336355,34.833848],[100.327729,34.848253],[100.316742,34.883246],[100.309255,34.892157],[100.2942,34.906928],[100.288666,34.917344],[100.285818,34.929389],[100.288666,34.958319],[100.285818,34.984565],[100.278331,34.999376],[100.254649,35.027208],[100.249034,35.04621],[100.249034,35.089219],[100.240896,35.109198],[100.247651,35.13288],[100.247162,35.173611],[100.238455,35.214911],[100.22047,35.240668],[100.230235,35.253852],[100.241954,35.26203],[100.253347,35.26793],[100.261974,35.274766],[100.272227,35.289496],[100.271251,35.295437],[100.248464,35.302069],[100.2199,35.316433],[100.205333,35.330634],[100.203705,35.349799],[100.214285,35.378445],[100.193126,35.370958],[100.191173,35.402289],[100.168386,35.428656],[100.142345,35.450222],[100.131114,35.466579],[100.135916,35.472113],[100.154796,35.479438],[100.158946,35.483954],[100.15797,35.507839],[100.158946,35.51496],[100.166433,35.532782],[100.174815,35.542344],[100.199962,35.562812],[100.207612,35.574042],[100.240652,35.661689],[100.282481,35.723944],[100.295828,35.751288],[100.296153,35.771674],[100.337169,35.771674],[100.348399,35.774766],[100.360444,35.790961],[100.371186,35.798407],[100.390554,35.800564],[100.411225,35.795722],[100.447032,35.77912],[100.442556,35.800849],[100.444347,35.818183],[100.455089,35.829657],[100.477794,35.833767],[100.497081,35.841579],[100.529226,35.877875],[100.543061,35.888983],[100.554698,35.890448],[100.579275,35.888007],[100.590912,35.888983],[100.601085,35.893866],[100.617931,35.906358],[100.628835,35.908881],[100.637787,35.913113],[100.638927,35.922471],[100.638276,35.931912],[100.6421,35.936143],[100.704112,35.975898],[100.72047,35.989081],[100.72755,36.001288],[100.727631,36.03144],[100.730886,36.052802],[100.74171,36.070868],[100.815929,36.13227],[100.842377,36.140082],[100.900971,36.132758],[100.938406,36.139757],[100.9581,36.140245],[100.992686,36.132636],[101.004893,36.132432],[101.012706,36.134589],[101.029796,36.142279],[101.038015,36.144843],[101.064138,36.14643],[101.0796,36.139675],[101.087576,36.124538],[101.091807,36.100898],[101.105479,36.100938],[101.135183,36.115587],[101.150645,36.119574],[101.16627,36.118476],[101.179861,36.113593],[101.189057,36.103787],[101.191173,36.087592],[101.205496,36.086127],[101.234386,36.092475],[101.249604,36.093207],[101.262136,36.091173],[101.273692,36.087958],[101.327078,36.061591],[101.358816,36.053494],[101.392019,36.051093],[101.427257,36.052924],[101.456472,36.057725],[101.478526,36.065945],[101.631277,36.153998],[101.653819,36.173774],[101.666433,36.181586],[101.681082,36.185655],[101.697195,36.184353],[101.782725,36.146064],[101.789236,36.144965],[101.811941,36.146348],[101.826589,36.144395],[101.839936,36.140652],[101.852306,36.134345],[101.905772,36.088406],[101.913097,36.086982],[101.912852,36.068427],[101.958425,36.053249],[101.947765,36.038601],[101.985606,36.020819],[102.016124,35.991563],[102.036632,35.956122],[102.044037,35.919379],[102.048106,35.912299],[102.066498,35.894721],[102.07073,35.885281],[102.071788,35.864122],[102.073985,35.855251],[102.078136,35.847439],[102.098888,35.830146],[102.121511,35.827094],[102.163585,35.833767],[102.182384,35.840155],[102.225597,35.868272],[102.246104,35.874701],[102.345144,35.874701],[102.41741,35.887722],[102.441498,35.887763],[102.458425,35.882921],[102.489187,35.866889],[102.506277,35.86168],[102.554861,35.857042],[102.604584,35.842108],[102.636485,35.83865],[102.704845,35.839464],[102.716807,35.837348],[102.725597,35.833197],[102.735037,35.830349],[102.749766,35.831977],[102.759532,35.83751],[102.787201,35.859931],[102.837332,35.860663],[102.858897,35.85696],[102.872569,35.846259],[102.899506,35.84988],[103.009207,35.825792],[103.116466,35.778184],[103.133311,35.781114],[103.138194,35.791612],[103.149832,35.798041],[103.164236,35.803656],[103.18629,35.817084],[103.196788,35.820339],[103.219005,35.822333],[103.22934,35.825507],[103.244558,35.839667],[103.253184,35.842841],[103.26767,35.845974],[103.28712,35.853827],[103.30421,35.863878],[103.311453,35.873847],[103.317312,35.885199],[103.359304,35.911689],[103.270518,35.938422],[103.263682,35.941718],[103.250255,35.952012],[103.242931,35.955675],[103.235932,35.956855],[103.221934,35.95661],[103.215261,35.957465],[103.203624,35.961453],[103.194021,35.967393],[103.188731,35.976508],[103.189138,35.989773],[103.194021,35.999335],[103.202403,36.007107],[103.220714,36.020575],[103.250418,36.055487],[103.261322,36.065619],[103.392345,36.131049],[103.422944,36.156073],[103.424734,36.161566],[103.430675,36.165839],[103.446788,36.184638],[103.454845,36.18891],[103.492768,36.184923],[103.502615,36.182074],[103.515147,36.169786],[103.541026,36.134223],[103.554454,36.126817],[103.574636,36.130316],[103.610444,36.145209],[103.634288,36.147895],[103.646251,36.146511],[103.654552,36.143337],[103.667735,36.133653],[103.695567,36.103868],[103.698416,36.098904],[103.748953,36.094672],[103.876475,36.064643],[103.921804,36.060981],[104.012787,36.071967],[104.034679,36.078477],[104.043956,36.088935],[104.045421,36.110053],[104.044688,36.121934],[104.040701,36.123725],[104.047944,36.136501],[104.041433,36.14289],[104.023367,36.147895],[104.018647,36.182237],[104.047944,36.205024],[104.090912,36.22309],[104.126964,36.243516],[104.132335,36.251044],[104.140147,36.277045],[104.157237,36.299994],[104.191498,36.335273],[104.232595,36.368354],[104.259532,36.378689],[104.317312,36.382595],[104.345144,36.390326],[104.364268,36.404364],[104.399018,36.439399],[104.420014,36.450507],[104.445323,36.454128],[104.469819,36.455024],[104.493907,36.459662],[104.517589,36.474677],[104.546153,36.503445],[104.559093,36.51081],[104.592784,36.52143],[104.607921,36.528998],[104.620046,36.542548],[104.631358,36.564154],[104.638927,36.571641],[104.652761,36.579169],[104.684825,36.58865],[104.694916,36.592963],[104.710378,36.606024],[104.713796,36.620795],[104.709239,36.664618],[104.711436,36.669745],[104.716075,36.674831],[104.720714,36.681708],[104.722992,36.692247],[104.719168,36.697333],[104.691905,36.718451],[104.684093,36.721625],[104.681244,36.723334],[104.677175,36.728461],[104.672537,36.73904],[104.668224,36.74376],[104.612804,36.772569],[104.604747,36.792182],[104.600027,36.81505],[104.592459,36.833116],[104.579112,36.839179],[104.560802,36.841579],[104.544363,36.847235],[104.537364,36.863308],[104.527843,36.871934],[104.482026,36.884304],[104.466238,36.890896],[104.44752,36.894884],[104.408702,36.882025],[104.401378,36.890896],[104.393077,36.905829],[104.373953,36.907742],[104.335948,36.900824],[104.330007,36.909857],[104.328705,36.930528],[104.337494,37.006781],[104.332123,37.019843],[104.305186,37.055935],[104.298432,37.067247],[104.298595,37.079657],[104.305186,37.100043],[104.317149,37.122626],[104.328298,37.127794],[104.341726,37.127794],[104.359793,37.134833],[104.351329,37.141425],[104.338796,37.147895],[104.325613,37.152696],[104.305919,37.157009],[104.306163,37.162299],[104.311046,37.16824],[104.31544,37.17239],[104.323985,37.17654],[104.332286,37.174425],[104.339773,37.170478],[104.346121,37.168972],[104.406749,37.194688],[104.438975,37.203437],[104.469656,37.195665],[104.492686,37.208564],[104.578217,37.324083],[104.603119,37.339667],[104.627208,37.343695],[104.678966,37.344102],[104.696218,37.349433],[104.728282,37.366034],[104.745616,37.371121],[104.800955,37.37169],[104.819021,37.377875],[104.83253,37.38821],[104.843435,37.399115],[104.856944,37.407823],[104.877452,37.411404],[104.919363,37.407823],[104.938731,37.408515],[104.95696,37.415391],[104.992605,37.44245],[104.997162,37.452663],[104.995535,37.463324],[104.993663,37.469509],[104.997325,37.473253],[105.011485,37.476833],[105.020112,37.473741],[105.041515,37.456855],[105.052419,37.453559],[105.063243,37.457099],[105.08546,37.469997],[105.096202,37.472724],[105.102061,37.474962],[105.111095,37.484809],[105.11671,37.487006],[105.122976,37.485907],[105.132253,37.481269],[105.137218,37.48017],[105.150971,37.481269],[105.174897,37.485907],[105.188487,37.487006],[105.198171,37.485867],[105.218354,37.48078],[105.229991,37.48017],[105.243256,37.4831],[105.261811,37.492458],[105.274669,37.494452],[105.547862,37.497626],[105.573253,37.500678],[105.62794,37.524522],[105.69394,37.53559],[105.78419,37.568874],[105.857921,37.578721],[105.876069,37.586046],[105.889089,37.598822],[105.917979,37.642279],[105.94044,37.688015],[105.943289,37.695868],[105.946056,37.712429],[105.958995,37.753038],[105.963145,37.774441],[105.961843,37.805976],[105.963145,37.815985],[105.975597,37.842475],[105.977306,37.854193],[105.992686,37.885037],[106.029063,37.922227],[106.071056,37.95364],[106.104015,37.966864],[106.121511,37.971462],[106.139578,37.98253],[106.1692,38.007758],[106.18214,38.022773],[106.202729,38.058295],[106.220632,38.082302],[106.223562,38.091824],[106.223725,38.113959],[106.226329,38.127468],[106.232351,38.136908],[106.239187,38.144395],[106.244151,38.151801],[106.247,38.16059],[106.248464,38.175971],[106.250418,38.185899],[106.270925,38.223822],[106.278087,38.233262],[106.40797,38.36225],[106.49879,38.411729],[106.517019,38.426866],[106.539236,38.474636],[106.564708,38.50434],[106.572765,38.526557],[106.535655,38.535346],[106.521007,38.564399],[106.518565,38.573269],[106.520763,38.584418],[106.540457,38.621446],[106.594249,38.666327],[106.582042,38.680935],[106.575694,38.690253],[106.573416,38.698676],[106.573171,38.710395],[106.577159,38.712958],[106.596934,38.719591],[106.604096,38.720974],[106.607514,38.724799],[106.60849,38.733751],[106.607921,38.751654],[106.648936,38.803534],[106.665538,38.820258],[106.717784,38.858181],[106.840343,38.987616],[106.859386,39.013617],[106.866222,39.043158],[106.85377,39.077216],[106.881602,39.10456],[106.848155,39.163886],[106.836681,39.172797],[106.819591,39.180487],[106.808035,39.19892],[106.80128,39.221625],[106.799083,39.241726],[106.809093,39.309272],[106.802419,39.327094],[106.797781,39.334906],[106.793468,39.352891],[106.788829,39.360907],[106.780365,39.368354],[106.765147,39.378363],[106.7588,39.385077],[106.749929,39.418809],[106.752452,39.465522],[106.77532,39.559272],[106.778575,39.584337],[106.778331,39.595486],[106.773529,39.616563],[106.772472,39.62873],[106.776541,39.652452],[106.783621,39.664333],[106.785085,39.674628],[106.772472,39.693549],[106.767345,39.69599],[106.760509,39.696885],[106.754487,39.698798],[106.751964,39.704169],[106.75294,39.713731],[106.757498,39.729682],[106.7588,39.738593],[106.759939,39.742133],[106.762706,39.747178],[106.765147,39.753933],[106.765636,39.762519],[106.763194,39.772325],[106.754893,39.788357],[106.751964,39.796658],[106.744558,39.854926],[106.739757,39.862738],[106.717377,39.886176],[106.710378,39.898993],[106.738292,39.919501],[106.738455,39.929755],[106.733653,39.93891],[106.730235,39.947781],[106.73463,39.957343],[106.738048,39.971503],[106.733002,39.990302],[106.724539,40.007392],[106.717784,40.016303],[106.709076,40.038113],[106.727143,40.062608],[106.858653,40.179755],[106.870128,40.183621],[106.874278,40.166571],[106.977306,40.241645],[106.999034,40.251085],[107.007091,40.257148],[107.01474,40.269314],[107.02589,40.30268],[107.03183,40.310492],[107.057872,40.33279],[107.06601,40.337836],[107.080984,40.341742],[107.113862,40.345567],[107.128022,40.351508],[107.151541,40.376044],[107.158702,40.402045],[107.154063,40.428331],[107.141694,40.453925],[107.147227,40.462226],[107.163259,40.47724],[107.169688,40.481879],[107.179861,40.486396],[107.20574,40.494412],[107.214366,40.499213],[107.220225,40.512397],[107.20517,40.540229],[107.203868,40.563788],[107.211843,40.582709],[107.224864,40.59516],[107.2553,40.615587],[107.26295,40.625434],[107.266124,40.632921],[107.270763,40.637803],[107.282644,40.639472],[107.309825,40.640082],[107.322195,40.642279],[107.348562,40.652452],[107.380056,40.656684],[107.39503,40.66059],[107.440359,40.701606],[107.466563,40.709906],[107.490245,40.72663],[107.513927,40.739203],[107.539073,40.735053],[107.561453,40.73725],[107.573985,40.746853],[107.583507,40.757432],[107.643972,40.774766],[107.663097,40.776068],[107.694591,40.768866],[107.706635,40.77143],[107.711436,40.786933],[107.706716,40.801581],[107.699636,40.816596],[107.699799,40.829779],[107.717703,40.838731],[107.732432,40.851264],[107.758393,40.859483],[107.862071,40.8699],[107.885183,40.867499],[107.905528,40.85517],[107.91627,40.850165],[107.928315,40.851752],[107.95045,40.858588],[108.011974,40.858588],[108.086681,40.847724],[108.115001,40.851752],[108.1421,40.870551],[108.156749,40.877143],[108.173269,40.879706],[108.178803,40.874579],[108.19752,40.838731],[108.208751,40.827908],[108.224213,40.817939],[108.240815,40.81391],[108.268891,40.826687],[108.283702,40.822943],[108.306733,40.810818],[108.33782,40.810167],[108.404796,40.820583],[108.437755,40.817003],[108.451752,40.808539],[108.467296,40.793321],[108.479747,40.775458],[108.484874,40.758979],[108.492605,40.752509],[108.52825,40.739773],[108.550873,40.717963],[108.576264,40.682725],[108.581065,40.670233],[108.590831,40.661566],[108.612885,40.65412],[108.670421,40.642646],[108.680268,40.632636],[108.687592,40.621039],[108.697195,40.612169],[108.713959,40.609931],[108.748057,40.617987],[108.766124,40.612169],[108.757091,40.58808],[108.763601,40.573188],[108.779796,40.564032],[108.81129,40.551866],[108.820323,40.546739],[108.830007,40.54328],[108.842377,40.54328],[108.848399,40.546942],[108.856456,40.5539],[108.86671,40.560736],[108.879405,40.563788],[108.88323,40.558417],[108.886648,40.546698],[108.891612,40.53498],[108.900401,40.529608],[108.913097,40.531684],[108.921397,40.534695],[108.929454,40.534369],[108.94101,40.526231],[108.950694,40.522162],[108.963796,40.521348],[108.989268,40.522773],[109.000255,40.526313],[109.004405,40.53498],[109.005626,40.556952],[109.015391,40.547431],[109.02589,40.545193],[109.03655,40.548855],[109.046641,40.556952],[109.046397,40.540635],[109.049897,40.528673],[109.057872,40.52501],[109.087332,40.546658],[109.098155,40.547227],[109.122325,40.529608],[109.150076,40.523708],[109.185069,40.520697],[109.207286,40.511908],[109.19752,40.488715],[109.222341,40.492051],[109.286713,40.522773],[109.279552,40.490424],[109.28712,40.488227],[109.335134,40.487331],[109.355479,40.483425],[109.396576,40.468207],[109.413097,40.477362],[109.459483,40.489814],[109.472341,40.502305],[109.460704,40.502305],[109.450043,40.504503],[109.439952,40.508857],[109.430919,40.515326],[109.447032,40.520819],[109.482514,40.524604],[109.499034,40.529608],[109.50587,40.51671],[109.519216,40.52265],[109.53655,40.535509],[109.554454,40.54328],[109.572846,40.542263],[109.582042,40.53913],[109.590831,40.539984],[109.608328,40.550727],[109.665131,40.496772],[109.69044,40.484687],[109.700857,40.477607],[109.71339,40.475287],[109.737641,40.492458],[109.749034,40.497829],[109.762299,40.501166],[109.789561,40.504014],[109.828054,40.515326],[109.883311,40.515326],[109.892507,40.519965],[109.901378,40.52265],[109.910655,40.522773],[109.916026,40.52029],[109.924246,40.512397],[109.931163,40.509141],[109.941498,40.505886],[109.952891,40.503974],[109.963634,40.508124],[109.972097,40.522773],[109.988292,40.511583],[109.999604,40.512803],[110.010183,40.51907],[110.023936,40.522773],[110.039643,40.520575],[110.054779,40.51671],[110.069021,40.515977],[110.08253,40.522773],[110.095225,40.510688],[110.102306,40.505398],[110.109874,40.502305],[110.122813,40.502875],[110.142589,40.512885],[110.153331,40.515326],[110.154307,40.518907],[110.167572,40.540229],[110.175141,40.541571],[110.202566,40.539618],[110.211681,40.537055],[110.223155,40.522773],[110.237804,40.482733],[110.246104,40.474433],[110.286388,40.483913],[110.30364,40.481391],[110.293549,40.461371],[110.306651,40.453192],[110.347097,40.453152],[110.355724,40.450792],[110.362071,40.4442],[110.403412,40.420437],[110.4192,40.398383],[110.430268,40.388495],[110.441417,40.38935],[110.456391,40.397081],[110.467377,40.394599],[110.475027,40.385077],[110.479096,40.372016],[110.486501,40.372016],[110.506847,40.381374],[110.542979,40.360541],[110.58074,40.331855],[110.606049,40.31741],[110.638194,40.32213],[110.658132,40.321804],[110.688487,40.305732],[110.727306,40.296739],[110.746104,40.290066],[110.76588,40.280341],[110.779796,40.276068],[110.814952,40.276435],[110.834402,40.273708],[110.864838,40.258816],[110.879893,40.255316],[110.941335,40.253282],[110.964854,40.262641],[110.987397,40.261664],[110.996593,40.265896],[111.014903,40.283393],[111.034679,40.296902],[111.061046,40.267198],[111.184825,40.208116],[111.209565,40.180447],[111.219737,40.172716],[111.231293,40.168972],[111.254975,40.166775],[111.277192,40.160753],[111.290701,40.159044],[111.302745,40.156073],[111.328298,40.11872],[111.33839,40.110663],[111.361339,40.097968],[111.369884,40.090847],[111.379893,40.062445],[111.380789,40.057318],[111.39739,40.047919],[111.405365,40.025824],[111.411388,39.981553],[111.436534,39.917304],[111.435313,39.90644],[111.423432,39.895941],[111.397227,39.830756],[111.365245,39.777533],[111.359467,39.750434],[111.369884,39.721503],[111.417572,39.683661],[111.420095,39.672431],[111.426768,39.658881],[111.435639,39.646593],[111.445567,39.638983],[111.463145,39.620185],[111.453624,39.617255],[111.425141,39.625312],[111.424246,39.617214],[111.425141,39.535956],[111.420909,39.52204],[111.372488,39.489081],[111.342377,39.444363],[111.316987,39.429389],[111.284109,39.424872],[111.199148,39.427069],[111.163992,39.423163],[111.134288,39.410509],[111.109874,39.385077],[111.118175,39.376044],[111.141205,39.367255],[111.150808,39.357123],[111.16684,39.364691],[111.174571,39.356757],[111.17921,39.342353],[111.184825,39.33043],[111.200206,39.320909],[111.214773,39.316352],[111.22462,39.310492],[111.226573,39.296942],[111.221609,39.283393],[111.158214,39.172797],[111.134207,39.099433],[111.117686,39.067328],[111.088634,39.042507],[111.021902,39.018581],[110.99464,39.00377],[110.972585,38.974189],[110.994151,38.937201],[111.00351,38.916083],[111.003429,38.902533],[110.994151,38.885281],[110.979991,38.816514],[110.969005,38.798855],[110.95753,38.785264],[110.948334,38.771104],[110.9428,38.739366],[110.937511,38.731553],[110.921397,38.717231],[110.91505,38.708441],[110.904307,38.679389],[110.871511,38.621283],[110.87322,38.61168],[110.875255,38.607489],[110.900645,38.58039],[110.901296,38.573676],[110.899018,38.545356],[110.896983,38.535346],[110.890717,38.525092],[110.876475,38.509955],[110.870128,38.501817],[110.865326,38.490302],[110.859467,38.467963],[110.85255,38.457099],[110.833751,38.445828],[110.792084,38.439561],[110.774018,38.426093],[110.755626,38.390408],[110.746104,38.377712],[110.711192,38.356798],[110.705089,38.354438],[110.700694,38.346747],[110.67099,38.316921],[110.659679,38.310004],[110.647472,38.305609],[110.634288,38.30329],[110.60434,38.301378],[110.589854,38.296698],[110.579275,38.287218],[110.568614,38.232204],[110.568614,38.226874],[110.559255,38.216905],[110.54713,38.210883],[110.532807,38.207872],[110.517019,38.207058],[110.510916,38.202094],[110.499604,38.166042],[110.509288,38.144965],[110.509044,38.128038],[110.499604,38.090359],[110.507091,38.011542],[110.507823,38.008653],[110.511648,38.005072],[110.513276,38.001003],[110.513601,37.98253],[110.513276,37.980496],[110.514171,37.97016],[110.51295,37.961249],[110.514903,37.954901],[110.524099,37.952501],[110.545095,37.949652],[110.562511,37.942003],[110.576915,37.93126],[110.588959,37.919013],[110.653087,37.813096],[110.674408,37.796169],[110.728933,37.773546],[110.742686,37.764757],[110.752859,37.745673],[110.743744,37.732449],[110.705089,37.713568],[110.727061,37.700263],[110.778901,37.67829],[110.794444,37.658311],[110.78769,37.652411],[110.770437,37.641181],[110.766612,37.637885],[110.766043,37.623969],[110.771007,37.613349],[110.777192,37.603868],[110.786713,37.573513],[110.788585,37.561347],[110.783702,37.555935],[110.775808,37.551866],[110.76946,37.542344],[110.746104,37.48017],[110.738455,37.469428],[110.715343,37.449774],[110.696218,37.439399],[110.653331,37.433905],[110.636729,37.418158],[110.630056,37.396552],[110.633311,37.379218],[110.646251,37.367703],[110.667898,37.363552],[110.687104,37.357123],[110.687511,37.342108],[110.67099,37.309516],[110.669363,37.301093],[110.670014,37.295722],[110.669688,37.290391],[110.664806,37.282172],[110.660818,37.2803],[110.647634,37.276638],[110.643565,37.274726],[110.64088,37.269639],[110.636729,37.256374],[110.633718,37.250841],[110.568614,37.178534],[110.536794,37.155382],[110.527599,37.144395],[110.516368,37.115017],[110.508718,37.101589],[110.496186,37.095974],[110.489268,37.091824],[110.478933,37.081651],[110.469493,37.069403],[110.465587,37.058783],[110.45989,37.051134],[110.446381,37.044257],[110.417735,37.035183],[110.417735,37.027696],[110.425385,37.027045],[110.445079,37.021511],[110.427257,37.010199],[110.40797,37.014757],[110.389171,37.021837],[110.373057,37.017768],[110.372813,37.00727],[110.3838,36.994981],[110.397878,36.984809],[110.407156,36.980536],[110.417979,36.967231],[110.412527,36.937527],[110.394786,36.906928],[110.369233,36.891181],[110.37672,36.878485],[110.400808,36.861111],[110.410818,36.849555],[110.403819,36.837266],[110.407237,36.829942],[110.414236,36.824001],[110.417735,36.816026],[110.414968,36.805121],[110.409109,36.795762],[110.397227,36.781317],[110.393077,36.780707],[110.385753,36.781033],[110.378998,36.779893],[110.37672,36.775092],[110.379893,36.769965],[110.3921,36.765001],[110.397227,36.76081],[110.399913,36.760525],[110.417735,36.753974],[110.412201,36.753689],[110.413097,36.745307],[110.416108,36.736151],[110.417735,36.733507],[110.439057,36.742255],[110.44101,36.726426],[110.432058,36.703966],[110.421153,36.692572],[110.410574,36.695014],[110.400483,36.698839],[110.392833,36.698554],[110.38974,36.688788],[110.393565,36.682318],[110.482921,36.592882],[110.489757,36.577338],[110.498546,36.524482],[110.499604,36.507595],[110.495942,36.483995],[110.482188,36.448554],[110.476329,36.404853],[110.458751,36.349311],[110.459076,36.327094],[110.470144,36.28616],[110.472992,36.263699],[110.469005,36.243232],[110.450613,36.206855],[110.445079,36.185411],[110.446869,36.141791],[110.497488,35.9796],[110.500662,35.933132],[110.505951,35.911973],[110.507091,35.900824],[110.510753,35.886786],[110.519542,35.885077],[110.530691,35.88703],[110.54127,35.883816],[110.560151,35.849148],[110.57545,35.71247],[110.611339,35.637722],[110.61964,35.597195],[110.602631,35.554226],[110.572765,35.52794],[110.555919,35.50849],[110.558442,35.499579],[110.562755,35.490749],[110.559255,35.470811],[110.552745,35.449897],[110.547455,35.438178],[110.537527,35.427761],[110.523448,35.416571],[110.5088,35.40766],[110.496186,35.403998],[110.468272,35.356024],[110.458751,35.343126],[110.444835,35.335028],[110.437104,35.322333],[110.431651,35.307807],[110.424571,35.294135],[110.417247,35.286404],[110.372569,35.255316],[110.357595,35.238227],[110.335134,35.197943],[110.326182,35.149197],[110.316905,35.125678],[110.310476,35.090888],[110.29184,35.05036],[110.284597,35.00963],[110.268647,34.959418],[110.259369,34.944688],[110.271007,34.913438],[110.272227,34.881456],[110.262706,34.851182],[110.242442,34.824897],[110.237234,34.801337],[110.241628,34.71894],[110.251964,34.663153],[110.269949,34.637274]],[[97.288178,34.835476],[97.301199,34.817979],[97.315929,34.81684],[97.352794,34.821804],[97.406342,34.817939],[97.424815,34.821804],[97.437266,34.828437],[97.484955,34.871283],[97.50172,34.876247],[97.546967,34.876003]]]}},{"type":"Feature","properties":{"dissolve":"67Lake Centerline","scalerank":3.0,"featurecla":"Lake Centerline","name":"Abay","name_alt":null,"rivernum":67,"note":null,"min_zoom":3.0,"name_en":"Abay","min_label":4.0},"bbox":[37.111827,11.63227,37.387218,11.926947],"geometry":{"type":"MultiLineString","coordinates":[[[37.113048,11.855007],[37.113048,11.855048],[37.111827,11.872097],[37.130382,11.897284],[37.162852,11.906806],[37.213145,11.914659],[37.258067,11.926947],[37.298106,11.901638],[37.345714,11.858344],[37.365652,11.810126],[37.381114,11.751044],[37.385265,11.703437],[37.377533,11.665107],[37.376475,11.65119],[37.386729,11.633979],[37.386811,11.633124],[37.387218,11.63227]]]}},{"type":"Feature","properties":{"dissolve":"67River","scalerank":3.0,"featurecla":"River","name":"Abay","name_alt":null,"rivernum":67,"note":null,"min_zoom":3.0,"name_en":"Abay","min_label":4.0},"bbox":[36.963471,11.035753,37.20224,11.855048],"geometry":{"type":"MultiLineString","coordinates":[[[37.178966,11.035753],[37.162364,11.04324],[37.134695,11.076117],[37.110362,11.083564],[37.098888,11.092719],[37.087983,11.113593],[37.073334,11.151801],[37.062429,11.171658],[37.045665,11.190375],[37.024018,11.200141],[36.997651,11.192816],[36.994558,11.21369],[36.969656,11.243923],[36.963471,11.265408],[36.966563,11.275824],[36.972179,11.286933],[36.976166,11.297431],[36.970795,11.31505],[36.973155,11.325466],[36.978445,11.335639],[36.983979,11.343614],[37.011322,11.362616],[37.018158,11.371527],[37.018321,11.382676],[37.013601,11.393744],[37.010183,11.404853],[37.01474,11.416287],[37.0171,11.43244],[36.998546,11.47602],[36.997651,11.494452],[37.002208,11.501532],[37.012706,11.509833],[37.018158,11.51557],[37.021576,11.525417],[37.021576,11.534206],[37.024425,11.540473],[37.035655,11.542833],[37.043468,11.550727],[37.067963,11.587226],[37.073334,11.59809],[37.0678,11.612087],[37.058849,11.625108],[37.061453,11.634711],[37.089854,11.638495],[37.099701,11.641425],[37.109793,11.648301],[37.117442,11.65644],[37.120616,11.66295],[37.122162,11.678046],[37.126557,11.683905],[37.133067,11.687038],[37.141124,11.693671],[37.148692,11.707628],[37.154389,11.715766],[37.162201,11.721625],[37.171153,11.721544],[37.18808,11.712592],[37.1963,11.714179],[37.20224,11.721462],[37.199718,11.726182],[37.193777,11.730089],[37.189464,11.734687],[37.175222,11.769395],[37.162364,11.778876],[37.152436,11.780137],[37.142019,11.78266],[37.127452,11.796088],[37.115489,11.809149],[37.114757,11.82335],[37.113048,11.855048]]]}},{"type":"Feature","properties":{"dissolve":"68Lake Centerline","scalerank":3.0,"featurecla":"Lake Centerline","name":"Volga","name_alt":null,"rivernum":68,"note":null,"min_zoom":3.0,"name_en":"Volga","min_label":4.0},"bbox":[36.374522,50.222276,49.904796,58.287543],"geometry":{"type":"MultiLineString","coordinates":[[[38.434337,58.020046],[38.420909,58.029364],[38.399018,58.038031],[38.362804,58.050727],[38.328298,58.065375],[38.298839,58.08039],[38.289806,58.103827],[38.296641,58.128363],[38.310964,58.154731],[38.330007,58.179063],[38.3838,58.217841],[38.406016,58.248643],[38.407725,58.287543],[38.437755,58.257921],[38.468028,58.232937],[38.537201,58.191921],[38.570404,58.174262],[38.597911,58.160509],[38.642996,58.146837],[38.704031,58.113145]],[[41.342459,57.493272],[41.323497,57.497423],[41.213471,57.507921],[41.195567,57.507595],[41.160655,57.52501],[41.130056,57.54682],[41.107351,57.576768],[41.086681,57.616563],[41.067475,57.644802],[41.042898,57.663153],[41.010346,57.690456],[40.914968,57.776557],[40.882335,57.789252],[40.845225,57.795437],[40.822358,57.801296],[40.811697,57.807074],[40.696056,57.805121],[40.667735,57.805691],[40.637787,57.797309],[40.552826,57.769314],[40.486095,57.76203],[40.388601,57.737331],[40.341319,57.718207],[40.224213,57.666042],[40.192882,57.64293],[40.164643,57.616563],[40.148204,57.599392],[40.128429,57.583197],[40.097585,57.573188],[40.064382,57.56863],[40.007091,57.566677]],[[37.760997,57.290839],[37.774425,57.290961],[37.804454,57.284491],[37.833588,57.271796],[37.85906,57.268378],[37.907481,57.288194],[37.979503,57.305609],[38.004812,57.318671],[38.052826,57.359565],[38.073741,57.372626],[38.089447,57.379665],[38.106049,57.394965],[38.127208,57.418077],[38.159434,57.438422],[38.242198,57.484402],[38.262462,57.502997],[38.280365,57.526882],[38.289806,57.541531],[38.297293,57.558865],[38.300873,57.571601]],[[37.151134,56.753445],[37.148204,56.752387],[37.131114,56.747382],[37.105561,56.743232],[37.085704,56.752468],[37.065847,56.768134],[37.03769,56.779731],[37.001231,56.786689],[36.97519,56.789984],[36.949148,56.797878],[36.915619,56.803005],[36.847179,56.800238],[36.818777,56.797878],[36.792003,56.792792],[36.764171,56.783026],[36.756602,56.761542],[36.759288,56.734565],[36.754405,56.721706],[36.743175,56.709784],[36.72519,56.695136],[36.700776,56.686143],[36.677419,56.674872],[36.658702,56.662624],[36.60019,56.629014],[36.568289,56.621446],[36.548269,56.631537],[36.529307,56.6435],[36.519623,56.652655],[36.459972,56.67003],[36.395518,56.698269],[36.374522,56.706366]],[[43.432384,56.674994],[43.398041,56.683173],[43.382335,56.691718],[43.356212,56.709662],[43.336355,56.728135],[43.314382,56.752875],[43.29713,56.792589],[43.280854,56.844997],[43.248953,56.909125],[43.228933,56.955878],[43.202729,56.998358],[43.169688,57.027289],[43.126069,57.058376],[43.091563,57.100409],[43.080089,57.139268],[43.079356,57.174343],[43.103933,57.222968],[43.13087,57.255072],[43.17335,57.321641],[43.177745,57.328966],[43.172944,57.339138],[43.161062,57.355536],[43.144786,57.369086],[43.127452,57.380642],[43.096121,57.383612],[43.022065,57.383124],[42.949474,57.378852],[42.918224,57.379218],[42.887787,57.381171],[42.851329,57.382025],[42.8296,57.390937],[42.816417,57.411322],[42.794851,57.428575],[42.773041,57.436469],[42.745046,57.438666],[42.715912,57.437812],[42.633311,57.426337],[42.611339,57.425238],[42.588796,57.419379],[42.575776,57.415473]],[[45.194835,56.142117],[45.219493,56.152655],[45.23463,56.154649],[45.249929,56.153347],[45.290619,56.141221],[45.298106,56.137152],[45.322765,56.116767],[45.371511,56.089545],[45.386485,56.084499],[45.403087,56.082546],[45.419444,56.084255],[45.434093,56.090033],[45.44752,56.10102],[45.47877,56.14289],[45.512787,56.163031],[45.549408,56.160753],[45.58782,56.150743],[45.683604,56.147162],[45.70224,56.149278],[45.771251,56.176825],[45.777599,56.187201],[45.788503,56.197211],[45.811941,56.211737],[45.826427,56.216498],[45.840261,56.218044],[45.881928,56.214138],[45.892833,56.211208],[45.902843,56.206244],[45.931082,56.185126],[45.938243,56.176703],[45.94101,56.166815],[45.947032,56.164374],[45.953868,56.155056],[45.95989,56.152371],[45.968354,56.141384],[45.984304,56.147284],[46.000906,56.16002],[46.01116,56.169867],[46.026378,56.179796],[46.042572,56.181708],[46.059662,56.180976],[46.077729,56.182929],[46.0949,56.190945],[46.1338,56.226874],[46.173595,56.251817],[46.194916,56.262071],[46.217052,56.269355],[46.311697,56.28144],[46.406668,56.307807],[46.497325,56.346259],[46.542898,56.359076],[46.591319,56.361029],[46.63974,56.35456],[46.685557,56.342108],[46.727468,56.321234],[46.760753,56.292426],[46.819916,56.223415],[46.857026,56.189521],[46.898936,56.165595],[46.944916,56.152615],[46.995209,56.151638],[47.096446,56.167182],[47.462983,56.156765]],[[49.059011,55.482693],[49.074229,55.465603],[49.124522,55.402126],[49.245535,55.26435],[49.282481,55.236192],[49.324718,55.210801],[49.35019,55.186591],[49.360362,55.151679],[49.336925,55.137397],[49.295177,55.118842],[49.202566,55.084662],[49.100352,55.054796],[49.056733,55.046007],[48.97169,55.024848],[48.911143,54.997138],[48.891043,54.970282],[48.892345,54.940619],[48.908132,54.90412],[48.912527,54.866563],[48.906261,54.840888],[48.901134,54.803819],[48.899994,54.77497],[48.87379,54.727891],[48.872325,54.698432],[48.867279,54.648383],[48.809581,54.591742],[48.750499,54.569932],[48.69044,54.564154],[48.593191,54.548651],[48.525971,54.522773],[48.489513,54.482449],[48.468272,54.441107],[48.450694,54.388129],[48.444347,54.34455],[48.446869,54.29621],[48.453136,54.244167],[48.460948,54.213243],[48.499766,54.18891],[48.60377,54.12995],[48.654307,54.113145],[48.699229,54.093573],[48.751964,54.060126],[48.79835,54.033311],[48.852631,53.998074],[48.913666,53.942979],[48.95753,53.899929],[48.989024,53.857693],[48.995372,53.819119],[48.995128,53.759792],[48.985037,53.671169],[48.985281,53.607978],[49.024913,53.545233],[49.069347,53.49376],[49.096283,53.483995],[49.158295,53.47248],[49.261974,53.462958],[49.531016,53.471137],[49.776866,53.460273],[49.830984,53.459825],[49.873057,53.457343],[49.904796,53.456732]],[[48.661632,53.138292],[48.562999,53.136054],[48.540945,53.12873],[48.508718,53.097968],[48.482432,53.066962],[48.474376,53.033271],[48.496593,52.99494],[48.56601,52.948676],[48.592459,52.919501],[48.590343,52.880683],[48.580658,52.865912],[48.568289,52.852403],[48.539643,52.830349],[48.437022,52.780463],[48.42213,52.770941],[48.40504,52.749091],[48.400645,52.741482],[48.396495,52.728217],[48.393972,52.724189],[48.387218,52.717719],[48.308035,52.674099],[48.299571,52.667263],[48.29241,52.659125],[48.288097,52.650255],[48.248627,52.623481],[48.233897,52.605902],[48.226492,52.583441],[48.21339,52.51557],[48.209483,52.506537],[48.195811,52.489569],[48.164643,52.459296],[48.15504,52.439399],[48.147553,52.409532],[48.142589,52.400173],[48.131114,52.386298],[48.11085,52.366889],[48.105479,52.359565],[48.102061,52.351182],[48.098562,52.322455],[48.095632,52.314276],[48.090261,52.305854],[48.076182,52.290595],[48.014171,52.239122],[48.001475,52.224799],[47.990733,52.209011],[47.970632,52.161973],[47.963796,52.154079],[47.954845,52.148057],[47.912039,52.131944],[47.887625,52.127224],[47.850597,52.125515],[47.838878,52.123603],[47.827566,52.119412],[47.817556,52.113471],[47.782725,52.082546],[47.768972,52.074042]],[[45.663585,50.222276],[45.687511,50.232245],[45.721934,50.252143],[45.745372,50.273993],[45.771576,50.296739],[45.803722,50.321153],[45.834972,50.342719],[45.873057,50.371609],[45.887136,50.402289],[45.880789,50.433173],[45.85849,50.466864],[45.821218,50.499294],[45.757742,50.562771],[45.729503,50.587266],[45.703054,50.603095],[45.68214,50.621649],[45.677745,50.630805],[45.674815,50.64171],[45.667491,50.697943],[45.667572,50.70661],[45.669444,50.714138],[45.672862,50.721462],[45.678233,50.72956],[45.685557,50.737128],[45.694916,50.744452],[45.707042,50.7508],[45.737234,50.760932],[45.777924,50.769802],[45.810639,50.773627],[45.854421,50.782172],[45.878429,50.789171],[45.91741,50.793769],[45.956472,50.802843],[45.99171,50.821885],[46.023204,50.840277],[46.044851,50.864936],[46.054291,50.887722],[46.046397,50.907986],[46.036143,50.928656],[46.013194,50.954291],[46.003673,50.986518],[46.016612,51.013861],[46.011974,51.037055],[45.990245,51.055284],[45.959483,51.070421],[45.928966,51.081732],[45.898692,51.097235],[45.861095,51.121446],[45.835216,51.152452],[45.827891,51.186062],[45.827891,51.260525],[45.837169,51.295233],[45.872569,51.330024],[45.91505,51.355496],[45.948741,51.379665],[45.967214,51.401801],[45.967296,51.450019],[45.970307,51.472357],[45.983409,51.485622],[46.072846,51.515408],[46.111908,51.532335],[46.152354,51.546902],[46.180675,51.567694],[46.195323,51.599799],[46.208751,51.620144],[46.223562,51.637885],[46.240164,51.654242],[46.261648,51.669379],[46.273448,51.691921],[46.276459,51.715684],[46.287852,51.727322],[46.308035,51.738837],[46.331554,51.754218],[46.372488,51.76203],[46.419444,51.76907],[46.45517,51.77851],[46.482514,51.784206],[46.504893,51.77851],[46.557872,51.755439],[46.595714,51.748806],[46.637299,51.747138],[46.685313,51.740546],[46.723399,51.733913],[46.754893,51.737494],[46.776541,51.741156]]]}},{"type":"Feature","properties":{"dissolve":"68River","scalerank":3.0,"featurecla":"River","name":"Volga","name_alt":null,"rivernum":68,"note":null,"min_zoom":3.0,"name_en":"Volga","min_label":4.0},"bbox":[32.596446,45.766059,50.17571,58.113145],"geometry":{"type":"MultiLineString","coordinates":[[[38.300873,57.571601],[38.312918,57.585801],[38.319591,57.591661],[38.327159,57.596381],[38.360037,57.623358],[38.397878,57.697943],[38.423432,57.737006],[38.481863,57.801825],[38.493744,57.824042],[38.490489,57.845893],[38.484386,57.866278],[38.488699,57.884101],[38.496674,57.904649],[38.489838,57.922187],[38.463796,57.949286],[38.453705,57.964382],[38.445811,57.981391],[38.440033,57.999376],[38.437022,58.017524]],[[40.007091,57.566677],[39.951427,57.58336],[39.932384,57.594916],[39.913259,57.610419],[39.90032,57.625312],[39.8803,57.654079],[39.862234,57.668077],[39.821381,57.688666],[39.802013,57.702826],[39.793875,57.719916],[39.795177,57.755072],[39.793224,57.775336],[39.786388,57.792263],[39.757335,57.80976],[39.690359,57.796576],[39.660167,57.808946],[39.625255,57.848904],[39.605479,57.866645],[39.581554,57.880316],[39.487234,57.913275],[39.460867,57.932196],[39.427257,57.948554],[39.344819,57.955512],[39.248627,58.011786],[39.169932,58.034369],[38.845307,58.0633],[38.766043,58.081488],[38.704031,58.113145]],[[41.343679,57.493109],[41.479584,57.479031],[41.633067,57.432074],[41.653901,57.431464],[41.737071,57.44713],[41.758393,57.445828],[41.820323,57.432196],[41.839285,57.4324],[41.857432,57.437079],[41.910167,57.468817],[42.027436,57.506781],[42.039073,57.507839],[42.062511,57.50613],[42.100515,57.495429],[42.10906,57.494005],[42.112804,57.486843],[42.120535,57.478949],[42.136241,57.46662],[42.16448,57.45071],[42.182872,57.446234],[42.201915,57.447211],[42.303722,57.474962],[42.324799,57.475531],[42.473888,57.442979],[42.49407,57.43537],[42.503184,57.429063],[42.518809,57.415473],[42.529063,57.411729],[42.539154,57.410956],[42.575776,57.415473]],[[32.598237,57.250352],[32.596446,57.232733],[32.60198,57.170518],[32.608816,57.151313],[32.666921,57.099921],[32.680756,57.079047],[32.687104,57.053087],[32.683686,57.030626],[32.677013,57.009223],[32.67335,56.986274],[32.680105,56.979926],[32.69337,56.973578],[32.702566,56.965115],[32.697276,56.952094],[32.702647,56.94477],[32.748057,56.931098],[32.819591,56.921454],[32.83782,56.921983],[32.893565,56.944159],[32.906505,56.945339],[32.952891,56.924587],[32.968191,56.921983],[32.990245,56.924831],[33.030203,56.937934],[33.050792,56.941921],[33.067475,56.93948],[33.096609,56.92532],[33.112804,56.921983],[33.129893,56.925849],[33.14446,56.932196],[33.159272,56.934272],[33.177338,56.925116],[33.188243,56.918036],[33.213145,56.905707],[33.224864,56.897162],[33.241222,56.889757],[33.259695,56.890977],[33.296479,56.900336],[33.315196,56.901679],[33.331065,56.900336],[33.345225,56.895697],[33.359304,56.887274],[33.370128,56.87641],[33.378673,56.865261],[33.388438,56.856635],[33.403331,56.853095],[33.47226,56.851589],[33.503184,56.845486],[33.592052,56.805365],[33.631114,56.800238],[33.651459,56.794216],[33.660248,56.781114],[33.663259,56.773993],[33.670828,56.771186],[33.687918,56.771186],[33.692963,56.769477],[33.712901,56.741889],[33.716401,56.728949],[33.718679,56.715399],[33.72226,56.702338],[33.745128,56.678534],[33.775808,56.676459],[33.809581,56.678005],[33.841807,56.664415],[33.882823,56.630316],[33.911388,56.59455],[33.920909,56.585639],[34.002533,56.544257],[34.026785,56.527289],[34.032156,56.515733],[34.027761,56.50495],[34.016694,56.498481],[33.985606,56.503241],[33.967214,56.498481],[33.904063,56.471381],[33.873139,56.462104],[33.845307,56.458075],[33.83839,56.455268],[33.827403,56.444688],[33.823497,56.437812],[33.828136,56.434841],[33.839285,56.430609],[33.862885,56.412299],[33.889659,56.404608],[33.934011,56.380194],[33.939545,56.375678],[33.949229,56.363593],[33.955089,56.359687],[33.966238,56.357937],[34.00351,56.359687],[34.02003,56.357978],[34.040294,56.353461],[34.057628,56.344428],[34.064952,56.328966],[34.085704,56.30976],[34.132742,56.306179],[34.215831,56.311876],[34.235362,56.309516],[34.25172,56.305691],[34.267182,56.29975],[34.284109,56.290798],[34.305675,56.274604],[34.319347,56.266791],[34.334972,56.263495],[34.338634,56.261339],[34.341238,56.256659],[34.345144,56.25198],[34.352306,56.249823],[34.361257,56.251736],[34.368256,56.255194],[34.375906,56.256903],[34.40797,56.246161],[34.454031,56.241278],[34.47519,56.236151],[34.510753,56.214545],[34.524099,56.208848],[34.583507,56.206488],[34.592459,56.19831],[34.610769,56.18948],[34.65211,56.198432],[34.722911,56.22248],[34.776378,56.231879],[34.792491,56.242947],[34.784434,56.263495],[34.823497,56.262274],[34.841401,56.266181],[34.85255,56.277777],[34.827078,56.291815],[34.839447,56.307196],[34.890147,56.335761],[34.923106,56.360622],[34.927745,56.369656],[34.919037,56.380927],[34.878673,56.384833],[34.866222,56.393826],[34.872976,56.414496],[34.895763,56.439521],[34.923432,56.460639],[34.945079,56.46955],[34.965261,56.481228],[34.951752,56.506781],[34.914073,56.544704],[34.927338,56.566962],[34.961355,56.581977],[35.000662,56.590399],[35.030772,56.593044],[35.044688,56.589789],[35.075125,56.575263],[35.092784,56.571967],[35.183035,56.589464],[35.1963,56.595282],[35.222585,56.612901],[35.255463,56.642849],[35.281016,56.65119],[35.291596,56.6612],[35.308849,56.684882],[35.319753,56.692735],[35.348888,56.702826],[35.360362,56.708564],[35.365815,56.716864],[35.367686,56.72602],[35.371023,56.733425],[35.38087,56.736436],[35.421153,56.736436],[35.432058,56.734402],[35.44101,56.731024],[35.450287,56.729682],[35.462413,56.733018],[35.492117,56.747992],[35.532481,56.755072],[35.574229,56.768907],[35.60377,56.790473],[35.599213,56.818427],[35.624278,56.836493],[35.663992,56.851386],[35.7046,56.857611],[35.745209,56.845567],[35.761648,56.846625],[35.777436,56.850938],[35.788015,56.856513],[35.802257,56.86164],[35.941498,56.875759],[35.976166,56.869818],[36.03297,56.831407],[36.067149,56.815497],[36.103282,56.803778],[36.283621,56.787421],[36.334402,56.775458],[36.34669,56.76911],[36.354096,56.756903],[36.350515,56.746283],[36.342865,56.730007],[36.340017,56.715033],[36.350352,56.708564],[36.374522,56.706366]],[[37.148204,56.752387],[37.209239,56.774237],[37.239187,56.780829],[37.252533,56.78913],[37.275483,56.808783],[37.28769,56.815375],[37.324718,56.825222],[37.340343,56.832058],[37.390391,56.86754],[37.418875,56.881619],[37.450206,56.887274],[37.473155,56.898057],[37.484386,56.923611],[37.486827,56.953233],[37.484386,56.97663],[37.479747,56.989203],[37.476003,56.996121],[37.474701,57.003607],[37.47755,57.017605],[37.482514,57.031073],[37.490001,57.044786],[37.50823,57.069159],[37.533214,57.088324],[37.621511,57.127468],[37.639089,57.147569],[37.651866,57.172227],[37.666515,57.193061],[37.714447,57.211615],[37.727061,57.234687],[37.736095,57.26199],[37.751231,57.284491],[37.755951,57.28795],[37.760997,57.290839]],[[43.432384,56.674994],[43.511974,56.620917],[43.518565,56.61404],[43.53476,56.587958],[43.542572,56.580349],[43.566824,56.567735],[43.574636,56.560899],[43.586843,56.547309],[43.593272,56.541571],[43.621349,56.526313],[43.629812,56.519965],[43.65089,56.494656],[43.65919,56.487738],[43.668956,56.483344],[43.670177,56.477973],[43.67571,56.476752],[43.679779,56.468817],[43.687104,56.463446],[43.704519,56.455675],[43.731619,56.436835],[43.740001,56.433295],[43.790538,56.421658],[43.819347,56.419257],[43.884044,56.402167],[43.891531,56.399237],[43.898367,56.395046],[43.918386,56.377509],[43.92571,56.373114],[43.933849,56.370795],[43.935069,56.365424],[43.9428,56.360419],[43.956147,56.34866],[43.963959,56.343777],[43.979015,56.337348],[43.986746,56.33515],[44.078705,56.329657],[44.088145,56.327582],[44.15211,56.303575],[44.19044,56.273301],[44.194591,56.268337],[44.203054,56.244696],[44.21339,56.230536],[44.218028,56.222276],[44.220876,56.211697],[44.220714,56.202704],[44.217865,56.193712],[44.212983,56.183661],[44.22169,56.179226],[44.27589,56.176296],[44.304128,56.179389],[44.368663,56.174506],[44.393484,56.16767],[44.413259,56.155137],[44.446381,56.128445],[44.469168,56.117458],[44.516368,56.113715],[44.539806,56.106147],[44.588796,56.069892],[44.606375,56.061713],[44.62322,56.058417],[44.639578,56.058417],[44.673269,56.063056],[44.716401,56.063829],[44.724376,56.065497],[44.779063,56.08393],[44.847667,56.098415],[44.932628,56.101833],[44.999441,56.093858],[45.067393,56.095038],[45.083751,56.097032],[45.099701,56.101264],[45.194835,56.142117]],[[47.462983,56.156765],[47.829031,56.145372],[47.871023,56.135932],[47.905203,56.113878],[47.927419,56.073065],[47.937104,56.031073],[47.9428,56.029853],[47.956635,55.999701],[47.972748,55.973212],[47.994151,55.951728],[48.023936,55.936632],[48.193858,55.885932],[48.285085,55.846015],[48.359467,55.828192],[48.674327,55.808783],[48.747976,55.793972],[48.829356,55.789659],[48.983653,55.763048],[49.009369,55.743964],[49.015391,55.70661],[49.003673,55.625922],[49.006928,55.59866],[49.026134,55.540717],[49.059011,55.482693]],[[49.904796,53.456732],[49.932628,53.457221],[49.988292,53.470649],[50.016368,53.4737],[50.046886,53.471259],[50.062429,53.467963],[50.076264,53.462714],[50.087901,53.453966],[50.095632,53.443305],[50.108979,53.419379],[50.131765,53.397081],[50.149099,53.373969],[50.152761,53.365831],[50.154226,53.354804],[50.153819,53.332546],[50.156505,53.321641],[50.161225,53.313788],[50.172374,53.30036],[50.17571,53.291327],[50.175304,53.27322],[50.168712,53.256944],[50.15683,53.243923],[50.141368,53.235175],[50.089122,53.222235],[50.06308,53.209988],[50.052013,53.190131],[50.038585,53.176947],[50.008311,53.171413],[49.975597,53.171088],[49.95574,53.173692],[49.860606,53.2178],[49.832449,53.226182],[49.804698,53.226752],[49.750418,53.214667],[49.615489,53.157579],[49.482351,53.133612],[49.455577,53.132107],[49.429291,53.136664],[49.411388,53.14822],[49.387299,53.179877],[49.343761,53.213568],[49.288666,53.225857],[49.044688,53.235175],[49.018077,53.232245],[48.808197,53.164374],[48.737234,53.156928],[48.661632,53.138292]],[[47.768972,52.074042],[47.752208,52.06391],[47.735606,52.049018],[47.712169,52.037055],[47.687022,52.036078],[47.583018,52.050116],[47.552745,52.057563],[47.533783,52.066107],[47.495209,52.073432],[47.437999,52.060858],[47.382498,52.038886],[47.340261,52.014228],[47.30421,52.008083],[47.293061,52.003933],[47.243663,51.978135],[47.180105,51.953437],[47.112315,51.940741],[47.091889,51.932929],[47.073497,51.919745],[47.045177,51.889838],[47.030528,51.877712],[47.019786,51.865302],[46.969737,51.841986],[46.941661,51.821112],[46.870046,51.791449],[46.85377,51.789008],[46.848399,51.787055],[46.834076,51.777615],[46.829112,51.775458],[46.828136,51.77143],[46.814708,51.762641],[46.776541,51.741156]],[[45.663585,50.222276],[45.622651,50.202704],[45.541433,50.146104],[45.47047,50.117255],[45.448497,50.10456],[45.43214,50.088568],[45.419932,50.069281],[45.376231,49.97838],[45.361339,49.958564],[45.360932,49.946316],[45.356619,49.924994],[45.347911,49.896308],[45.34669,49.887559],[45.347667,49.870307],[45.34547,49.838813],[45.34669,49.831977],[45.358653,49.804267],[45.359955,49.796495],[45.358979,49.789374],[45.355235,49.783271],[45.293712,49.727322],[45.270437,49.688666],[45.259369,49.677802],[45.231944,49.657091],[45.194591,49.621161],[45.152924,49.590033],[45.143809,49.579698],[45.123546,49.543647],[45.091401,49.50141],[45.083425,49.484809],[45.074962,49.448269],[45.068858,49.440375],[45.050873,49.429714],[45.043061,49.422716],[45.039073,49.42182],[45.033621,49.413153],[44.996349,49.313422],[44.96933,49.278144],[44.961681,49.259345],[44.968272,49.237494],[44.970876,49.232774],[44.975027,49.219306],[44.982351,49.207221],[44.983897,49.20246],[44.981049,49.176703],[44.968761,49.155219],[44.869884,49.064724],[44.843191,49.023993],[44.827647,49.005439],[44.785411,48.977851],[44.748464,48.945868],[44.728608,48.934638],[44.718516,48.922309],[44.63144,48.768744],[44.621837,48.759589],[44.518484,48.688788],[44.511322,48.682237],[44.496674,48.659695],[44.460053,48.623399],[44.449474,48.603705],[44.460948,48.584906],[44.522472,48.534247],[44.53297,48.527411],[44.544444,48.523505],[44.563243,48.526638],[44.576427,48.525743],[44.587169,48.528022],[44.60434,48.534003],[44.618175,48.535712],[44.655528,48.534003],[44.672455,48.528632],[44.708588,48.502021],[44.727794,48.492458],[44.999034,48.425971],[45.025401,48.42414],[45.050548,48.427191],[45.118175,48.451483],[45.142507,48.456814],[45.172862,48.459906],[45.202403,48.457872],[45.224376,48.448065],[45.245535,48.433621],[45.26767,48.426215],[45.367605,48.404731],[45.392182,48.406358],[45.41684,48.420762],[45.426768,48.440009],[45.431163,48.461982],[45.44101,48.477851],[45.467703,48.478827],[45.488862,48.469672],[45.503184,48.458319],[45.519216,48.448757],[45.594819,48.439399],[45.638276,48.42414],[45.698334,48.382392],[45.717784,48.37641],[45.806163,48.373725],[45.831309,48.368964],[45.84726,48.359198],[45.861746,48.345486],[45.879893,48.333197],[45.906505,48.327948],[45.933197,48.326931],[45.956554,48.322333],[45.975352,48.312038],[45.988292,48.293809],[45.990489,48.283474],[45.990896,48.262519],[45.99586,48.252875],[46.006602,48.246121],[46.02239,48.242133],[46.077159,48.235663],[46.095225,48.225369],[46.15976,48.16824],[46.16684,48.148871],[46.156261,48.126288],[46.143158,48.110785],[46.134288,48.095893],[46.128673,48.078315],[46.12322,47.984442],[46.142182,47.935655],[46.149099,47.930732],[46.158132,47.92829],[46.20517,47.900662],[46.225597,47.891913],[46.248139,47.885443],[46.301768,47.881537],[46.326671,47.8758],[46.346121,47.863349],[46.358897,47.841986],[46.358816,47.801785],[46.363862,47.781684],[46.411632,47.761542],[46.423757,47.759385],[46.475027,47.765652],[46.503184,47.765245],[46.524506,47.759101],[46.542491,47.746894],[46.561046,47.72838],[46.593272,47.703192],[46.597911,47.694281],[46.59962,47.685655],[46.60849,47.662909],[46.612234,47.656358],[46.6421,47.633328],[46.662364,47.621202],[46.677013,47.616034],[46.688894,47.609442],[46.762706,47.538113],[46.80714,47.475165],[46.838145,47.450954],[46.859386,47.442898],[46.88323,47.438829],[46.96461,47.433905],[46.984467,47.424831],[47.080577,47.336941],[47.0949,47.301622],[47.085053,47.251654],[47.077159,47.23074],[47.075694,47.213324],[47.086518,47.201483],[47.115896,47.197089],[47.146414,47.195828],[47.170502,47.191474],[47.192312,47.183051],[47.33074,47.092719],[47.379405,47.047919],[47.402599,47.031684],[47.428315,47.02029],[47.456309,47.015408],[47.491954,47.017686],[47.503835,47.014838],[47.561046,46.981228],[47.580333,46.975613],[47.589122,46.971381],[47.602061,46.953884],[47.598562,46.934149],[47.573334,46.897488],[47.564138,46.872748],[47.572358,46.85456],[47.592296,46.842393],[47.618663,46.836046],[47.642507,46.837714],[47.687104,46.854275],[47.710541,46.85871],[47.729584,46.854682],[47.740896,46.843329],[47.759369,46.795844],[47.766612,46.784125],[47.775645,46.774115],[47.826915,46.738593],[47.841563,46.734931]],[[47.841563,46.734931],[47.85906,46.73904],[47.940196,46.717719],[47.958751,46.721015],[47.981049,46.729926],[48.009776,46.725043],[48.05836,46.704291],[48.12558,46.683865],[48.143809,46.673204],[48.154552,46.668972],[48.19866,46.670111],[48.204682,46.666042],[48.217784,46.644843],[48.230561,46.617947],[48.234467,46.600165],[48.23585,46.55683],[48.238048,46.548163],[48.243582,46.539171],[48.251231,46.530463],[48.260183,46.522406],[48.268158,46.511013],[48.266694,46.500434],[48.256358,46.478339],[48.254975,46.460761],[48.257498,46.44005],[48.265554,46.422878],[48.280284,46.415595],[48.289236,46.413275],[48.298839,46.407416],[48.314952,46.392646],[48.326752,46.385281],[48.339447,46.384141],[48.352794,46.384711],[48.366222,46.382148],[48.387787,46.369086],[48.408946,46.353095],[48.431733,46.339423],[48.458995,46.333686],[48.463145,46.328315],[48.482351,46.293321],[48.5171,46.266059],[48.509776,46.249457],[48.515391,46.236029],[48.525401,46.22309],[48.534923,46.19241],[48.553722,46.171983],[48.565033,46.133816],[48.583018,46.111111],[48.607514,46.094428],[48.626964,46.087266]],[[47.841563,46.734931],[47.848155,46.725409],[47.870616,46.69949],[47.87558,46.689805],[47.882904,46.669623],[47.894216,46.646552],[47.901785,46.617377],[47.909434,46.603461],[47.93157,46.58039],[47.95045,46.565456],[47.996104,46.545925],[48.012462,46.527045],[48.015066,46.50434],[48.002859,46.489569],[47.985362,46.477322],[47.972097,46.461859],[47.971121,46.44245],[47.982677,46.428005],[48.013682,46.402899],[48.021088,46.383734],[48.017996,46.363959],[48.007335,46.345771],[47.992198,46.331814],[47.976736,46.321153],[47.970632,46.315131],[47.964854,46.306749],[47.951427,46.277126],[47.899669,46.214219],[47.825694,46.155951],[47.814464,46.149359],[47.809337,46.144395],[47.793956,46.111518],[47.785737,46.104926],[47.767507,46.099921],[47.756765,46.094753],[47.740815,46.074734],[47.742931,46.054755],[47.747325,46.034776],[47.739024,46.01496],[47.718191,46.000434],[47.674083,45.98432],[47.653738,45.970567],[47.643647,45.961249],[47.641612,45.955512],[47.640066,45.943915],[47.640636,45.938178],[47.646414,45.935085],[47.647472,45.929633],[47.646088,45.924384],[47.641124,45.912055],[47.640066,45.906073],[47.636322,45.901964],[47.629487,45.891221],[47.625418,45.880154],[47.629812,45.875067],[47.637218,45.869737],[47.639252,45.857611],[47.637625,45.84394],[47.63323,45.834052],[47.603445,45.822455],[47.563975,45.818671],[47.538666,45.806993],[47.555756,45.766059]]]}},{"type":"Feature","properties":{"dissolve":"69Lake Centerline","scalerank":3.0,"featurecla":"Lake Centerline","name":"Al Furat","name_alt":null,"rivernum":69,"note":null,"min_zoom":3.0,"name_en":"Al Furat","min_label":4.0},"bbox":[38.058116,35.858751,38.561127,36.342475],"geometry":{"type":"MultiLineString","coordinates":[[[38.561127,35.862616],[38.560557,35.862982],[38.559988,35.863308],[38.556407,35.868476],[38.530365,35.871039],[38.49464,35.859687],[38.460053,35.858751],[38.430919,35.874132],[38.39503,35.886908],[38.338959,35.901882],[38.300059,35.916815],[38.174897,35.972968],[38.134939,35.999864],[38.134288,36.000515],[38.121593,36.0185],[38.108409,36.032253],[38.094005,36.044135],[38.08489,36.054226],[38.075776,36.068549],[38.063487,36.098334],[38.059581,36.114366],[38.058116,36.126654],[38.059581,36.133897],[38.061941,36.140815],[38.065684,36.147569],[38.087657,36.175238],[38.100027,36.198676],[38.109304,36.212917],[38.119884,36.225043],[38.13087,36.234565],[38.136485,36.238227],[38.153087,36.245795],[38.175548,36.255968],[38.189382,36.264919],[38.194591,36.284044],[38.189382,36.312364],[38.185151,36.330349],[38.183849,36.342475]]]}},{"type":"Feature","properties":{"dissolve":"69River","scalerank":3.0,"featurecla":"River","name":"Al Furat","name_alt":null,"rivernum":69,"note":null,"min_zoom":3.0,"name_en":"Al Furat","min_label":4.0},"bbox":[38.025808,34.428494,40.992605,36.835639],"geometry":{"type":"MultiLineString","coordinates":[[[38.025808,36.835639],[38.033132,36.821804],[38.032725,36.809434],[38.030691,36.796698],[38.032481,36.781317],[38.038829,36.771186],[38.046804,36.763861],[38.050873,36.75495],[38.04599,36.740343],[38.051199,36.740749],[38.061453,36.740058],[38.066498,36.740343],[38.062429,36.729193],[38.062022,36.718126],[38.066661,36.709581],[38.077403,36.706163],[38.083588,36.701972],[38.091319,36.683173],[38.097585,36.6789],[38.142019,36.672553],[38.169037,36.664822],[38.190847,36.651475],[38.195811,36.65058],[38.206716,36.650946],[38.21046,36.648139],[38.215017,36.634711],[38.217296,36.630479],[38.228119,36.622138],[38.233409,36.617011],[38.286388,36.535915],[38.293061,36.528022],[38.2671,36.512274],[38.256114,36.462836],[38.22755,36.452338],[38.203136,36.438829],[38.192882,36.407294],[38.183849,36.342475]],[[38.559988,35.863308],[38.571544,35.856879],[38.583018,35.859809],[38.594819,35.866156],[38.607839,35.870144],[38.625011,35.867621],[38.647553,35.853054],[38.659597,35.849677],[38.721446,35.849677],[38.740896,35.853217],[38.747651,35.862087],[38.750499,35.873236],[38.759207,35.883816],[38.750987,35.89171],[38.746593,35.894314],[38.743337,35.893134],[38.73878,35.890001],[38.734793,35.902208],[38.742931,35.910264],[38.757498,35.915351],[38.772227,35.918524],[38.780203,35.918036],[38.793386,35.911811],[38.799571,35.911689],[38.80421,35.915839],[38.810802,35.928656],[38.813243,35.931586],[38.834483,35.932725],[38.906016,35.92475],[39.008718,35.931586],[39.034272,35.929267],[39.057546,35.921413],[39.076101,35.906602],[39.088145,35.883816],[39.098399,35.888617],[39.108328,35.888739],[39.116466,35.884874],[39.122325,35.87755],[39.141205,35.886298],[39.158946,35.881049],[39.177013,35.870469],[39.197358,35.863308],[39.22991,35.863471],[39.244233,35.859687],[39.262706,35.846259],[39.277599,35.830756],[39.283376,35.82921],[39.324311,35.829169],[39.334239,35.831977],[39.350841,35.841579],[39.367117,35.836005],[39.377208,35.838406],[39.396088,35.849677],[39.40089,35.835883],[39.398204,35.823065],[39.399832,35.811469],[39.416515,35.801215],[39.435476,35.799343],[39.472585,35.807929],[39.492279,35.808661],[39.509939,35.802761],[39.538829,35.784613],[39.553722,35.780788],[39.556651,35.782904],[39.56129,35.787624],[39.568126,35.792304],[39.577891,35.794379],[39.591075,35.792914],[39.593028,35.789089],[39.58961,35.783637],[39.582123,35.765815],[39.583751,35.761501],[39.594737,35.760281],[39.602957,35.763007],[39.60963,35.768988],[39.614187,35.776557],[39.615815,35.783881],[39.622325,35.794623],[39.637462,35.789862],[39.666596,35.773953],[39.696218,35.762478],[39.720307,35.741563],[39.742605,35.731757],[39.766043,35.753445],[39.805268,35.735175],[39.814382,35.726142],[39.835541,35.681749],[39.834239,35.67414],[39.828136,35.657904],[39.828136,35.633979],[39.832286,35.625596],[39.841563,35.616563],[39.851085,35.605007],[39.855968,35.588935],[39.862234,35.588935],[39.868337,35.594102],[39.875418,35.595486],[39.882416,35.593573],[39.889415,35.588935],[39.878022,35.577989],[39.877533,35.569363],[39.885509,35.563747],[39.899425,35.561632],[39.911713,35.534044],[39.91684,35.527452],[39.922374,35.526435],[39.929291,35.526882],[39.936046,35.52851],[39.948497,35.534776],[39.953624,35.530626],[39.957286,35.524115],[39.961192,35.520697],[39.973155,35.517646],[39.987804,35.510525],[40.000255,35.502387],[40.005463,35.496161],[40.007904,35.489203],[40.013601,35.487494],[40.0206,35.487738],[40.026541,35.486599],[40.031749,35.48253],[40.036876,35.475165],[40.039643,35.472276],[40.059337,35.461046],[40.06544,35.453721],[40.067556,35.44123],[40.07724,35.418077],[40.096121,35.407091],[40.109304,35.395331],[40.101817,35.3699],[40.134695,35.360053],[40.143321,35.356228],[40.148529,35.350409],[40.160737,35.332628],[40.167247,35.328925],[40.170177,35.326606],[40.202566,35.318061],[40.208263,35.318386],[40.218354,35.312201],[40.226654,35.308946],[40.231944,35.302802],[40.232026,35.287909],[40.260753,35.305365],[40.266856,35.307807],[40.271658,35.298936],[40.267589,35.288601],[40.253184,35.266872],[40.26588,35.266059],[40.277843,35.26793],[40.287364,35.272732],[40.293549,35.280463],[40.320811,35.27086],[40.327647,35.266872],[40.334239,35.257921],[40.335704,35.249457],[40.335948,35.242011],[40.338471,35.236396],[40.354421,35.230089],[40.404226,35.218614],[40.417735,35.211615],[40.420421,35.198757],[40.41269,35.193142],[40.402436,35.190009],[40.397227,35.184882],[40.400401,35.174262],[40.414561,35.163642],[40.419688,35.144802],[40.428722,35.135321],[40.430675,35.126532],[40.428966,35.092353],[40.430675,35.082465],[40.438569,35.06684],[40.443614,35.067979],[40.448985,35.07453],[40.458018,35.075019],[40.471121,35.066718],[40.471121,35.061794],[40.4546,35.051134],[40.444591,35.039374],[40.444428,35.034857],[40.44866,35.033393],[40.451182,35.030626],[40.455577,35.037787],[40.465017,35.030707],[40.478526,35.013536],[40.482188,35.006374],[40.486827,34.991563],[40.492198,34.986274],[40.503022,34.985622],[40.516612,34.988471],[40.528331,34.989325],[40.536388,34.977484],[40.551036,34.966986],[40.556407,34.958075],[40.565684,34.958604],[40.567882,34.954901],[40.566905,34.936632],[40.571707,34.919745],[40.575776,34.895087],[40.580984,34.883246],[40.589773,34.872504],[40.597585,34.870714],[40.622569,34.883246],[40.621104,34.871894],[40.617117,34.856309],[40.616303,34.845649],[40.618256,34.833564],[40.627371,34.820909],[40.629405,34.81155],[40.638276,34.79682],[40.658783,34.784776],[40.681895,34.778428],[40.698253,34.780829],[40.728526,34.7567],[40.732432,34.749823],[40.738862,34.751044],[40.752696,34.738389],[40.76474,34.723497],[40.766531,34.718126],[40.779226,34.713894],[40.79005,34.713975],[40.797781,34.71894],[40.80071,34.729031],[40.80421,34.728827],[40.821788,34.70543],[40.828624,34.698269],[40.828624,34.691474],[40.821218,34.688178],[40.808116,34.680243],[40.80071,34.677191],[40.807872,34.670437],[40.838878,34.649848],[40.852061,34.655056],[40.86085,34.66474],[40.86964,34.670437],[40.88323,34.66352],[40.887706,34.652208],[40.887787,34.638739],[40.891694,34.627305],[40.927175,34.618476],[40.928803,34.608018],[40.922374,34.593777],[40.917979,34.578192],[40.92213,34.568183],[40.940359,34.541571],[40.944753,34.527615],[40.938487,34.519843],[40.927257,34.51203],[40.922293,34.5008],[40.938406,34.475775],[40.930593,34.468329],[40.934662,34.461778],[40.940929,34.457953],[40.952403,34.454698],[40.958995,34.451239],[40.980398,34.433661],[40.992605,34.428494]]]}},{"type":"Feature","properties":{"dissolve":"70Lake Centerline","scalerank":3.0,"featurecla":"Lake Centerline","name":"Zambezi","name_alt":null,"rivernum":70,"note":null,"min_zoom":3.0,"name_en":"Zambezi","min_label":4.0},"bbox":[27.020763,-17.958429,32.708425,-15.552097],"geometry":{"type":"MultiLineString","coordinates":[[[32.708425,-15.579115],[32.70753,-15.580011],[32.702159,-15.582533],[32.691335,-15.584324],[32.678315,-15.58172],[32.662608,-15.570733],[32.646658,-15.556655],[32.62794,-15.552097],[32.608653,-15.552179],[32.589447,-15.553237],[32.55714,-15.557061],[32.54005,-15.557061],[32.524913,-15.560724],[32.502208,-15.571954],[32.46282,-15.568211],[32.426524,-15.560724],[32.36614,-15.595554],[32.317475,-15.605401],[32.271007,-15.610528],[32.231863,-15.624037],[32.140147,-15.645196],[32.103282,-15.675226],[32.043224,-15.677423],[31.979015,-15.658543],[31.927745,-15.648858],[31.884044,-15.629246],[31.82724,-15.632745],[31.768809,-15.659031],[31.718028,-15.667494],[31.673269,-15.677911],[31.63974,-15.679864],[31.610769,-15.662042],[31.582612,-15.648858],[31.545909,-15.639581],[31.504405,-15.637709],[31.463308,-15.6478],[31.420014,-15.647638],[31.387218,-15.64129],[31.36671,-15.645196],[31.343516,-15.6478],[31.326915,-15.655125],[31.313487,-15.668145],[31.293468,-15.677423],[31.274913,-15.68491],[31.253673,-15.69614],[31.225027,-15.704767],[31.202729,-15.709649],[31.179617,-15.720066],[31.154389,-15.724623],[31.123627,-15.721856],[31.094737,-15.717136],[31.067556,-15.706231],[31.041433,-15.69728],[30.900401,-15.662937],[30.847748,-15.646173],[30.830333,-15.641453],[30.796397,-15.642022]],[[27.020763,-17.958429],[27.047862,-17.944187],[27.077729,-17.916925],[27.115001,-17.882175],[27.148448,-17.842299],[27.146007,-17.81878],[27.144786,-17.793959],[27.146414,-17.783868],[27.156668,-17.76922],[27.421641,-17.504734],[27.523855,-17.415053],[27.576915,-17.363132],[27.603933,-17.312677],[27.624278,-17.23325],[27.640717,-17.198419],[27.776785,-17.001153],[27.816417,-16.959487],[27.867931,-16.929539],[28.113373,-16.827488],[28.212006,-16.748468],[28.279552,-16.706476],[28.64267,-16.568699],[28.690359,-16.560073],[28.718272,-16.560235],[28.732432,-16.558038],[28.740815,-16.550632],[28.760509,-16.532159],[28.760671,-16.531915]]]}},{"type":"Feature","properties":{"dissolve":"70River","scalerank":3.0,"featurecla":"River","name":"Zambezi","name_alt":null,"rivernum":70,"note":null,"min_zoom":3.0,"name_en":"Zambezi","min_label":4.0},"bbox":[22.521739,-18.80755,36.470144,-11.084893],"geometry":{"type":"MultiLineString","coordinates":[[[24.265554,-11.379246],[24.300304,-11.353692],[24.329519,-11.32407],[24.347341,-11.287774],[24.348155,-11.242608],[24.329519,-11.181085],[24.322927,-11.133722],[24.311778,-11.110365],[24.294607,-11.092218],[24.27239,-11.084893],[24.262625,-11.087579],[24.231456,-11.105401],[24.130626,-11.125014],[24.022227,-11.125909],[23.997488,-11.125665],[23.982432,-11.127455],[23.971121,-11.135431],[23.931651,-11.1867],[23.913341,-11.201593],[23.867686,-11.2138],[23.848155,-11.228448],[23.796153,-11.285984],[23.780528,-11.298028],[23.754405,-11.308445],[23.742605,-11.320164],[23.723643,-11.345066],[23.693126,-11.375177],[23.659841,-11.401056],[23.62086,-11.421319],[23.553396,-11.440362],[23.514415,-11.457533],[23.501475,-11.461114],[23.480968,-11.463881],[23.434093,-11.479832],[23.415782,-11.489109],[23.398448,-11.50213],[23.375743,-11.52394],[23.355968,-11.547865],[23.340099,-11.587254],[23.322683,-11.604343],[23.302013,-11.617852],[23.285411,-11.626153],[23.203624,-11.636407],[23.195567,-11.645522],[23.052013,-11.758803],[22.990733,-11.790704],[22.909679,-11.850763],[22.874685,-11.865737],[22.840343,-11.872573],[22.81072,-11.884698],[22.785655,-11.891046],[22.771495,-11.902765],[22.750418,-11.927911],[22.747325,-11.929864],[22.740164,-11.931573],[22.736746,-11.934015],[22.734793,-11.937433],[22.732432,-11.944268],[22.726248,-11.954115],[22.717784,-11.971694],[22.716319,-11.979018],[22.715017,-12.002618],[22.69337,-12.104425],[22.681326,-12.135105],[22.664724,-12.159845],[22.579519,-12.230483],[22.557058,-12.258233],[22.52532,-12.334324],[22.521739,-12.35825],[22.528494,-12.376886],[22.539073,-12.392755],[22.549246,-12.416518],[22.556814,-12.441583],[22.559337,-12.461602],[22.555186,-12.482761],[22.541759,-12.52394],[22.538829,-12.547703],[22.540294,-12.610365],[22.565359,-12.700128],[22.576101,-12.718927],[22.624034,-12.770359],[22.634288,-12.784356],[22.646007,-12.823663],[22.654959,-12.839532],[22.671886,-12.84588],[22.67213,-12.85825],[22.702647,-12.928399],[22.698741,-13.010268],[22.692638,-13.02394],[22.675792,-13.039727],[22.682302,-13.075046],[22.699962,-13.112237],[22.716319,-13.133803],[22.737966,-13.11948],[22.750743,-13.126153],[22.771007,-13.161147],[22.779714,-13.166436],[22.812511,-13.174819],[22.835623,-13.186944],[22.846121,-13.194757],[22.857188,-13.205499],[22.883311,-13.237237],[22.899669,-13.25099],[22.932628,-13.262546],[22.946218,-13.276381],[22.957205,-13.292413],[22.963878,-13.30519],[22.962657,-13.308933],[22.962087,-13.312351],[22.96046,-13.315606],[22.956472,-13.31878],[22.970714,-13.322931],[22.982188,-13.322768],[22.993663,-13.325046],[23.03419,-13.358738],[23.042654,-13.371596],[23.048595,-13.404311],[23.062022,-13.433608],[23.066335,-13.449151],[23.069998,-13.481622],[23.073416,-13.494806],[23.080577,-13.510593],[23.110118,-13.553237],[23.114187,-13.568699],[23.121267,-13.619968],[23.124766,-13.630385],[23.128591,-13.635756],[23.133556,-13.650567],[23.138113,-13.657729],[23.144705,-13.662774],[23.160818,-13.669854],[23.168142,-13.675144],[23.176687,-13.684259],[23.179942,-13.691908],[23.177419,-13.701593],[23.168142,-13.715997],[23.182628,-13.724786],[23.216807,-13.735691],[23.233897,-13.746759],[23.239024,-13.757013],[23.232432,-13.764337],[23.222423,-13.771498],[23.217214,-13.780938],[23.216238,-13.802667],[23.214041,-13.81349],[23.197439,-13.858901],[23.196056,-13.867527],[23.200938,-13.878106],[23.219249,-13.90073],[23.223399,-13.911554],[23.222911,-13.950209],[23.238699,-14.034519],[23.236827,-14.057794],[23.226817,-14.076104],[23.205089,-14.100274],[23.19573,-14.113946],[23.18922,-14.126886],[23.182791,-14.16253],[23.18336,-14.208185],[23.190603,-14.254327],[23.203624,-14.291436],[23.223399,-14.331882],[23.228526,-14.351739],[23.230235,-14.377781],[23.222667,-14.394545],[23.175548,-14.429213],[23.167166,-14.440769],[23.164317,-14.446954],[23.161876,-14.456476],[23.161632,-14.467299],[23.162771,-14.479913],[23.162608,-14.491713],[23.158458,-14.500909],[23.141612,-14.520522],[23.108653,-14.579441],[23.072195,-14.626886],[23.066335,-14.637709],[23.069347,-14.677097],[23.0678,-14.693048],[23.0595,-14.709812],[23.041189,-14.734552],[23.034679,-14.750909],[23.032237,-14.774916],[23.029063,-14.784601],[23.014903,-14.803399],[23.011729,-14.815851],[23.019542,-14.848321],[23.018565,-14.860528],[23.010671,-14.870782],[22.982921,-14.890558],[22.97698,-14.898126],[22.973888,-14.920424],[22.959727,-14.953464],[22.956472,-14.967136],[22.954275,-14.98797],[22.944265,-15.019464],[22.942882,-15.038751],[22.944021,-15.044285],[22.948416,-15.04754],[22.949636,-15.052423],[22.950125,-15.071222],[22.949636,-15.072931],[22.953054,-15.089369],[22.956472,-15.097019],[22.963878,-15.107599],[22.95338,-15.11948],[22.944347,-15.134698],[22.938243,-15.151056],[22.936046,-15.165948],[22.933767,-15.172296],[22.929861,-15.179132],[22.928152,-15.185968],[22.938487,-15.200698],[22.937755,-15.208673],[22.935313,-15.216648],[22.936046,-15.223647],[22.943533,-15.229913],[22.954845,-15.235854],[22.965099,-15.243178],[22.969493,-15.254083],[22.973155,-15.26808],[22.990977,-15.292169],[22.998057,-15.306166],[22.989431,-15.306329],[22.969493,-15.313002],[22.977224,-15.321303],[22.989757,-15.339207],[22.998057,-15.347182],[23.008311,-15.353041],[23.029552,-15.361505],[23.039073,-15.36769],[23.04005,-15.371921],[23.038097,-15.384617],[23.039073,-15.388849],[23.052013,-15.395033],[23.063975,-15.411472],[23.076915,-15.425714],[23.085948,-15.431492],[23.095958,-15.434503],[23.111339,-15.435968],[23.119151,-15.441257],[23.119314,-15.452976],[23.114187,-15.47381],[23.114919,-15.499933],[23.118093,-15.51808],[23.134695,-15.559503],[23.121349,-15.564955],[23.125418,-15.576023],[23.135671,-15.59002],[23.141531,-15.604425],[23.134451,-15.612807],[23.121023,-15.620294],[23.112559,-15.631036],[23.121023,-15.648858],[23.090831,-15.672052],[23.08546,-15.686863],[23.108653,-15.69728],[23.111501,-15.67962],[23.120616,-15.692397],[23.130138,-15.718764],[23.134695,-15.741062],[23.141612,-15.757826],[23.155447,-15.777683],[23.165701,-15.798679],[23.161876,-15.819513],[23.185313,-15.834893],[23.207449,-15.859226],[23.223806,-15.887709],[23.230235,-15.915216],[23.22877,-15.92254],[23.223399,-15.937351],[23.223399,-15.943048],[23.227794,-15.950372],[23.239919,-15.96323],[23.243907,-15.971043],[23.245372,-15.982354],[23.243093,-15.989923],[23.230235,-16.011407],[23.239268,-16.015151],[23.241222,-16.021173],[23.24114,-16.029311],[23.243907,-16.039239],[23.264415,-16.070001],[23.267589,-16.079441],[23.282237,-16.08823],[23.285411,-16.097589],[23.275808,-16.163995],[23.276134,-16.303237],[23.278005,-16.313002],[23.287852,-16.328139],[23.299083,-16.338311],[23.308279,-16.352065],[23.314871,-16.3895],[23.321788,-16.394464],[23.331798,-16.395685],[23.343761,-16.395522],[23.354503,-16.40073],[23.415212,-16.471205],[23.487966,-16.588393],[23.500255,-16.602065],[23.535818,-16.616713],[23.553152,-16.636733],[23.567882,-16.657892],[23.580333,-16.669854],[23.590017,-16.670912],[23.611827,-16.668308],[23.621267,-16.669854],[23.631358,-16.679539],[23.648855,-16.706476],[23.65919,-16.712091],[23.679454,-16.718194],[23.695079,-16.73211],[23.716807,-16.758722],[23.770763,-16.792413],[23.778982,-16.803643],[23.787771,-16.819187],[23.862559,-16.880873],[23.905935,-16.933445],[23.922374,-16.945001],[23.95753,-16.9603],[23.970714,-16.971043],[23.982839,-17.000421],[23.992117,-17.013849],[24.008311,-17.019382],[24.022716,-17.02752],[24.03533,-17.046808],[24.097911,-17.200128],[24.111339,-17.21795],[24.118419,-17.22503],[24.148855,-17.265802],[24.160818,-17.356866],[24.18629,-17.396661],[24.197276,-17.409112],[24.215831,-17.422377],[24.229747,-17.435479],[24.237722,-17.452488],[24.238292,-17.478041],[24.256847,-17.480808],[24.309825,-17.482436],[24.32073,-17.488621],[24.328868,-17.48504],[24.370616,-17.473565],[24.388438,-17.471205],[24.406505,-17.474542],[24.448741,-17.489109],[24.478689,-17.494317],[24.497732,-17.503351],[24.523123,-17.507664],[24.531179,-17.51336],[24.537283,-17.520359],[24.546072,-17.526381],[24.561941,-17.532078],[24.570567,-17.533217],[24.580251,-17.532647],[24.590831,-17.528334],[24.605968,-17.515069],[24.616954,-17.509129],[24.622325,-17.502293],[24.629161,-17.495457],[24.638845,-17.492364],[24.683849,-17.492364],[24.769216,-17.505304],[24.774425,-17.507501],[24.779552,-17.51214],[24.786388,-17.516941],[24.796886,-17.518976],[24.828868,-17.517755],[24.897716,-17.530938],[24.924408,-17.542901],[24.937104,-17.560561],[24.95753,-17.551609],[24.97047,-17.560561],[24.982026,-17.576511],[24.997976,-17.587905],[25.007335,-17.588393],[25.026296,-17.582696],[25.036388,-17.581069],[25.039968,-17.584405],[25.033295,-17.601414],[25.033295,-17.608331],[25.03948,-17.616062],[25.044851,-17.619806],[25.052013,-17.62127],[25.063731,-17.621433],[25.066498,-17.625177],[25.084727,-17.640802],[25.087901,-17.642511],[25.096283,-17.672052],[25.098155,-17.67669],[25.107351,-17.678725],[25.114513,-17.684096],[25.119558,-17.690932],[25.122081,-17.697768],[25.13087,-17.686375],[25.13795,-17.685968],[25.152843,-17.70086],[25.155772,-17.706476],[25.154796,-17.719252],[25.156261,-17.72503],[25.160655,-17.729343],[25.171886,-17.734877],[25.177257,-17.738702],[25.190196,-17.755304],[25.197683,-17.758315],[25.214447,-17.75921],[25.228445,-17.762384],[25.241954,-17.770196],[25.252859,-17.781427],[25.259288,-17.793959],[25.266124,-17.800795],[25.284923,-17.809259],[25.31544,-17.832045],[25.334972,-17.84116],[25.344737,-17.842462],[25.375987,-17.84116],[25.409109,-17.85296],[25.419688,-17.854832],[25.495128,-17.854832],[25.500092,-17.855971],[25.509532,-17.861017],[25.51588,-17.862237],[25.521576,-17.86004],[25.530365,-17.850763],[25.536388,-17.848565],[25.603526,-17.836114],[25.656505,-17.813897],[25.680756,-17.811375],[25.693777,-17.819268],[25.705984,-17.829767],[25.743337,-17.839288],[25.765391,-17.849623],[25.785574,-17.862156],[25.794363,-17.872491],[25.803966,-17.888035],[25.849213,-17.906589],[25.86321,-17.923761],[25.847097,-17.929213],[25.845714,-17.943536],[25.853038,-17.959893],[25.86321,-17.971531],[25.924083,-17.998875],[25.966563,-18.000421],[25.978038,-17.998875],[26.033214,-17.971531],[26.04005,-17.978367],[26.046153,-17.966241],[26.062022,-17.962823],[26.080658,-17.962254],[26.094656,-17.958429],[26.095632,-17.954522],[26.093679,-17.941827],[26.094656,-17.937921],[26.100597,-17.935724],[26.118175,-17.931492],[26.134939,-17.922377],[26.15797,-17.918308],[26.167003,-17.913507],[26.202566,-17.887058],[26.211355,-17.882745],[26.220714,-17.886163],[26.227794,-17.894464],[26.233409,-17.903823],[26.23878,-17.910089],[26.247651,-17.913263],[26.293875,-17.91839],[26.303233,-17.922703],[26.311453,-17.928155],[26.3178,-17.934259],[26.325125,-17.935968],[26.362234,-17.930597],[26.40797,-17.938897],[26.484955,-17.979181],[26.526541,-17.992039],[26.552989,-17.996433],[26.569835,-18.002781],[26.582937,-18.013116],[26.598399,-18.029799],[26.612234,-18.04103],[26.628429,-18.049168],[26.685151,-18.066746],[26.699636,-18.069187],[26.711436,-18.065606],[26.740164,-18.04046],[26.753184,-18.032892],[26.769135,-18.028985],[26.793549,-18.026218],[26.887706,-17.984389],[26.911632,-17.992039],[26.948253,-17.968764],[26.958751,-17.964695],[27.00587,-17.962579],[27.020763,-17.958429]],[[32.70753,-15.580011],[32.72047,-15.569024],[32.734793,-15.559503],[32.74464,-15.554539],[32.749034,-15.553155],[32.753347,-15.553643],[32.787852,-15.55226],[32.796886,-15.553237],[32.806082,-15.556329],[32.816905,-15.561375],[32.827159,-15.564793],[32.834402,-15.563328],[32.84962,-15.556166],[32.865977,-15.560479],[32.881928,-15.568699],[32.896251,-15.573175],[32.968761,-15.573175],[32.997651,-15.587742],[33.01295,-15.61419],[33.024099,-15.644952],[33.040131,-15.672784],[33.08839,-15.714044],[33.098237,-15.727065],[33.110444,-15.757501],[33.11907,-15.771173],[33.16741,-15.806573],[33.183849,-15.810886],[33.223399,-15.815362],[33.238536,-15.822931],[33.298757,-15.895359],[33.349132,-15.935724],[33.389089,-15.983819],[33.413503,-16.001804],[33.44394,-16.015476],[33.456554,-16.0263],[33.461681,-16.042657],[33.464854,-16.062921],[33.473237,-16.075046],[33.484467,-16.085463],[33.496349,-16.100763],[33.50351,-16.116388],[33.505951,-16.126153],[33.510509,-16.133722],[33.523692,-16.142267],[33.540701,-16.147393],[33.574148,-16.150811],[33.588634,-16.159356],[33.784434,-16.387872],[33.80421,-16.402358],[33.82252,-16.422784],[33.851085,-16.466811],[33.885183,-16.507501],[33.915538,-16.554539],[33.934581,-16.570001],[33.959727,-16.582533],[33.97169,-16.586114],[33.989268,-16.587335],[34.000987,-16.592462],[34.00587,-16.604425],[34.009532,-16.618097],[34.017182,-16.62892],[34.033376,-16.632664],[34.06894,-16.623956],[34.085053,-16.625502],[34.095632,-16.629246],[34.117442,-16.633315],[34.12794,-16.636651],[34.135834,-16.640964],[34.186534,-16.682143],[34.202403,-16.692397],[34.220225,-16.698907],[34.28712,-16.702488],[34.353526,-16.714532],[34.407725,-16.731296],[34.671153,-16.869968],[34.747081,-16.890639],[34.770437,-16.901788],[34.860606,-16.974786],[34.86907,-16.984796],[34.883311,-17.015069],[34.907807,-17.114679],[34.947846,-17.17962],[34.967052,-17.221368],[34.978526,-17.259698],[34.980561,-17.279718],[34.985932,-17.280938],[34.990001,-17.290053],[35.006277,-17.315606],[35.009858,-17.329522],[35.011974,-17.334405],[35.02239,-17.348077],[35.051524,-17.417332],[35.060313,-17.459893],[35.064708,-17.46795],[35.080333,-17.484389],[35.08546,-17.49212],[35.098399,-17.527765],[35.099539,-17.53338],[35.099376,-17.55226],[35.100678,-17.558526],[35.105398,-17.56756],[35.118663,-17.584405],[35.134695,-17.600763],[35.165945,-17.621515],[35.191824,-17.64422],[35.201264,-17.64837],[35.208507,-17.659112],[35.221283,-17.667983],[35.285655,-17.699395],[35.308197,-17.716811],[35.332449,-17.731378],[35.343354,-17.740411],[35.376557,-17.780125],[35.390066,-17.787449],[35.395925,-17.797052],[35.413097,-17.811537],[35.417572,-17.819268],[35.422944,-17.820489],[35.428803,-17.836847],[35.435151,-17.872491],[35.440196,-17.889011],[35.44866,-17.899835],[35.485281,-17.919122],[35.497569,-17.92962],[35.50587,-17.940932],[35.517833,-17.968113],[35.525971,-17.979913],[35.537201,-17.986749],[35.549897,-17.992039],[35.562511,-17.9992],[35.593272,-18.028253],[35.606619,-18.033624],[35.613536,-18.033624]],[[28.760509,-16.532159],[28.768647,-16.515069],[28.80836,-16.486179],[28.822032,-16.470636],[28.828624,-16.434503],[28.83253,-16.426283],[28.856863,-16.388116],[28.856537,-16.365411],[28.839936,-16.323582],[28.836355,-16.306166],[28.839854,-16.284682],[28.863536,-16.231134],[28.84669,-16.202569],[28.85198,-16.162774],[28.865001,-16.121026],[28.870372,-16.087091],[28.867931,-16.082045],[28.863292,-16.076511],[28.858816,-16.069513],[28.856863,-16.060479],[28.859793,-16.04933],[28.873546,-16.028823],[28.876557,-16.021905],[28.898448,-15.995294],[28.931895,-15.963556],[28.950776,-15.955092],[28.97226,-15.951349],[29.017507,-15.950535],[29.041921,-15.946222],[29.054454,-15.934259],[29.075857,-15.895359],[29.085541,-15.884454],[29.101654,-15.870945],[29.121104,-15.859226],[29.141368,-15.854343],[29.150483,-15.848647],[29.185802,-15.812677],[29.406505,-15.714207],[29.421641,-15.71087],[29.507904,-15.703546],[29.525808,-15.692804],[29.562999,-15.662042],[29.586681,-15.655694],[29.608165,-15.65838],[29.627533,-15.663507],[29.64796,-15.666436],[29.672374,-15.6631],[29.729584,-15.644545],[29.772878,-15.638035],[29.813731,-15.619561],[29.836925,-15.61476],[29.881358,-15.618829],[29.967052,-15.641453],[30.010183,-15.646173],[30.049734,-15.640069],[30.08961,-15.629327],[30.129487,-15.623549],[30.169444,-15.632013],[30.195079,-15.64894],[30.206716,-15.653009],[30.222667,-15.649591],[30.230479,-15.644545],[30.245616,-15.632013],[30.254405,-15.628757],[30.279714,-15.632175],[30.327566,-15.652276],[30.356212,-15.6513],[30.409923,-15.630304],[30.430675,-15.628106],[30.469737,-15.630304],[30.48935,-15.635268],[30.504812,-15.64544],[30.516205,-15.65073],[30.529877,-15.648614],[30.543956,-15.643894],[30.556163,-15.642022],[30.561615,-15.644464],[30.572358,-15.65366],[30.576671,-15.655694],[30.584565,-15.654718],[30.596934,-15.649916],[30.604015,-15.648858],[30.61378,-15.645522],[30.628917,-15.631036],[30.638764,-15.627781],[30.651866,-15.626316],[30.67335,-15.620945],[30.686534,-15.621515],[30.766124,-15.639825],[30.796397,-15.642022]],[[35.613536,-18.033624],[35.61964,-18.033624],[35.64503,-18.027358],[35.654552,-18.026218],[35.669037,-18.030206],[35.692882,-18.043634],[35.724539,-18.050795],[35.744721,-18.0617],[35.781261,-18.091241],[35.830984,-18.113295],[35.850678,-18.129327],[35.840017,-18.149591],[35.866303,-18.174981],[35.873546,-18.18377],[35.888927,-18.210626],[35.895437,-18.21795],[35.89267,-18.243585],[35.912852,-18.26336],[35.974132,-18.29282],[36.0171,-18.307957],[36.027599,-18.314874],[36.041108,-18.332045],[36.051768,-18.341974],[36.073171,-18.352065],[36.087657,-18.368504],[36.097667,-18.38714],[36.106375,-18.410333],[36.112234,-18.434747],[36.116954,-18.446791],[36.12379,-18.451837],[36.124278,-18.459975],[36.138113,-18.498061],[36.144542,-18.509942],[36.149099,-18.521336],[36.14796,-18.567315],[36.152761,-18.581231],[36.157807,-18.591974],[36.155365,-18.598972],[36.137706,-18.601495],[36.118663,-18.615248],[36.114757,-18.646417],[36.119558,-18.67905],[36.126964,-18.697686],[36.108002,-18.705987],[36.111908,-18.715997],[36.130382,-18.720229],[36.154796,-18.711358],[36.172293,-18.735854],[36.190196,-18.754327],[36.191661,-18.760431],[36.174083,-18.785984],[36.162364,-18.796808],[36.148692,-18.804376],[36.134369,-18.80755]],[[35.613536,-18.033624],[35.628673,-18.038588],[35.681895,-18.046563],[35.698741,-18.052586],[35.757498,-18.081394]],[[36.072276,-18.348158],[36.103608,-18.358087],[36.185964,-18.369073],[36.202566,-18.386407],[36.20696,-18.402358],[36.217377,-18.416192],[36.257823,-18.450046],[36.298839,-18.499688],[36.300548,-18.494561],[36.304861,-18.485772],[36.305675,-18.479181],[36.317963,-18.486261],[36.374522,-18.506524],[36.377371,-18.512546],[36.375255,-18.51922],[36.375255,-18.524754],[36.384532,-18.527032],[36.424408,-18.527358],[36.432546,-18.530125],[36.435964,-18.536147],[36.436453,-18.550714],[36.439382,-18.557468],[36.445404,-18.560398],[36.461355,-18.559096],[36.470144,-18.561049]]]}},{"type":"Feature","properties":{"dissolve":"72Lake Centerline","scalerank":3.0,"featurecla":"Lake Centerline","name":"Amur","name_alt":null,"rivernum":72,"note":null,"min_zoom":3.0,"name_en":"Amur","min_label":4.0},"bbox":[136.756847,49.759304,140.114024,51.763617],"geometry":{"type":"MultiLineString","coordinates":[[[140.114024,51.763617],[140.089773,51.748847],[140.05421,51.721951],[139.972179,51.645372],[139.9192,51.60224],[139.897878,51.589057],[139.872162,51.58161],[139.857595,51.578803]],[[137.069835,50.454047],[137.074799,50.435858],[137.085378,50.360785],[137.087901,50.324408],[137.092703,50.294257],[137.101085,50.265408],[137.111827,50.246161],[137.094493,50.21955],[137.058604,50.195828],[137.033783,50.176947],[137.004242,50.159491],[136.96339,50.145779],[136.923106,50.138861],[136.891368,50.124457],[136.870372,50.102118],[136.856944,50.07864],[136.836843,50.051337],[136.814382,50.018012],[136.797862,49.959052],[136.785818,49.929755],[136.774994,49.906562],[136.756847,49.880194],[136.756928,49.852484],[136.763601,49.820136],[136.765147,49.800076],[136.776866,49.786322],[136.788097,49.772895],[136.810557,49.759304]]]}},{"type":"Feature","properties":{"dissolve":"72River","scalerank":3.0,"featurecla":"River","name":"Amur","name_alt":null,"rivernum":72,"note":null,"min_zoom":3.0,"name_en":"Amur","min_label":4.0},"bbox":[127.486339,47.661729,140.706635,53.221747],"geometry":{"type":"MultiLineString","coordinates":[[[140.706635,53.111029],[140.660248,53.096055],[140.594249,53.084052],[140.583751,53.084906],[140.577159,53.086737],[140.558442,53.094672],[140.501557,53.110622],[140.48406,53.119696],[140.45574,53.138943],[140.441173,53.146674],[140.40919,53.157172],[140.338145,53.20071],[140.30421,53.213568],[140.263194,53.221747],[139.990326,53.214911],[139.966238,53.217719],[139.915701,53.212999],[139.890391,53.203966],[139.869884,53.188422],[139.85906,53.165798],[139.858002,53.142524],[139.855886,53.135443],[139.854503,53.133409],[139.850515,53.129584],[139.848725,53.127387],[139.847341,53.123887],[139.8449,53.112738],[139.831716,53.084093],[139.819835,53.065741],[139.805105,53.049628],[139.798595,53.045356],[139.792247,53.043036],[139.777924,53.040229],[139.771088,53.036689],[139.752859,53.017605],[139.72519,52.997341],[139.712332,52.985419],[139.703543,52.971625],[139.70224,52.961493],[139.706391,52.953192],[139.713634,52.946601],[139.75294,52.925116],[139.871674,52.881619],[139.935313,52.865912],[140.000418,52.837022],[140.031261,52.812079],[140.052745,52.799506],[140.058197,52.794786],[140.067475,52.784247],[140.073416,52.780056],[140.093761,52.772569],[140.099701,52.76789],[140.106537,52.758246],[140.109386,52.752712],[140.11085,52.747382],[140.106619,52.732123],[140.087332,52.707709],[140.087983,52.692654],[140.127859,52.62698],[140.135265,52.618923],[140.149832,52.608588],[140.166515,52.601589],[140.201752,52.594184],[140.221202,52.593329],[140.259939,52.595811],[140.279063,52.594794],[140.30421,52.582953],[140.32252,52.561103],[140.353282,52.513454],[140.373057,52.494086],[140.384776,52.486029],[140.397227,52.481147],[140.399425,52.475694],[140.403331,52.470811],[140.408295,52.466905],[140.413829,52.464626],[140.416921,52.458523],[140.427989,52.448513],[140.432384,52.443142],[140.437999,52.429633],[140.44101,52.41531],[140.440115,52.387519],[140.44101,52.378445],[140.444753,52.3699],[140.449799,52.363715],[140.453868,52.357245],[140.454112,52.347602],[140.449229,52.333848],[140.441173,52.319037],[140.431244,52.305284],[140.411143,52.286444],[140.404877,52.278998],[140.401134,52.270087],[140.398936,52.25727],[140.398855,52.233222],[140.395518,52.223578],[140.375987,52.197781],[140.372325,52.188259],[140.370535,52.168158],[140.367686,52.158759],[140.36085,52.151231],[140.351085,52.147284],[140.330577,52.1435],[140.319753,52.139919],[140.310476,52.134874],[140.251964,52.092963],[140.225515,52.066352],[140.174408,52.026801],[140.163829,52.00906],[140.16505,51.99433],[140.205089,51.940863],[140.211518,51.928656],[140.221202,51.901475],[140.241791,51.859809],[140.242931,51.845079],[140.236746,51.830756],[140.225108,51.819607],[140.114024,51.763699]],[[139.857595,51.578803],[139.823171,51.57628],[139.781993,51.562445],[139.651947,51.537055],[139.539154,51.536811],[139.517345,51.532823],[139.496186,51.52265],[139.481375,51.507432],[139.473237,51.489366],[139.467296,51.469997],[139.458751,51.45071],[139.444347,51.433621],[139.42628,51.421332],[139.234874,51.357856],[139.208018,51.353217],[139.178396,51.353583],[139.011241,51.389024],[138.932384,51.380235],[138.897553,51.314399],[138.895274,51.292019],[138.888438,51.274278],[138.875255,51.261013],[138.854421,51.251776],[138.674571,51.207099],[138.655284,51.201687],[138.637218,51.193386],[138.621593,51.181505],[138.599539,51.148546],[138.587901,51.136176],[138.573741,51.126899],[138.554861,51.119452],[138.449718,51.101264],[138.440929,51.097846],[138.432872,51.092719],[138.377615,51.034288],[138.361339,51.021674],[138.276378,50.9713],[138.25172,50.962185],[138.207774,50.952745],[138.194347,50.947048],[138.182709,50.937445],[138.158946,50.898261],[138.149343,50.886054],[138.138438,50.87641],[138.125499,50.869737],[138.110606,50.866278],[138.06544,50.863471],[138.050792,50.860053],[138.038585,50.8546],[137.917572,50.762234],[137.865896,50.738959],[137.688487,50.689073],[137.590994,50.676459],[137.496755,50.682318],[137.408783,50.67121],[137.367768,50.670681],[137.233165,50.640204],[137.210704,50.62934],[137.190522,50.614814],[137.153901,50.577501],[137.112071,50.5456],[137.056407,50.514757],[137.048757,50.506374],[137.046316,50.495063],[137.049897,50.484442],[137.063975,50.46544],[137.069835,50.454047]],[[136.810557,49.759304],[136.82545,49.753119],[136.841238,49.744696],[136.850108,49.733466],[136.853282,49.719102],[136.846121,49.669216],[136.847341,49.653876],[136.854096,49.61994],[136.852468,49.604438],[136.846609,49.589871],[136.836681,49.57571],[136.815929,49.553412],[136.792003,49.532579],[136.765636,49.515082],[136.737804,49.502753],[136.71933,49.498358],[136.644135,49.490546],[136.531261,49.465888],[136.45045,49.428778],[136.435151,49.418524],[136.425873,49.406114],[136.421397,49.390977],[136.420095,49.355658],[136.416026,49.343329],[136.407237,49.333604],[136.378429,49.312934],[136.368907,49.300076],[136.354584,49.268744],[136.343272,49.254584],[136.327647,49.246853],[136.292979,49.236029],[136.26946,49.213487],[136.272472,49.185085],[136.299815,49.124945],[136.302419,49.107733],[136.302745,49.090155],[136.299083,49.07331],[136.290701,49.057929],[136.276541,49.043647],[136.149669,48.964789],[136.113862,48.954454],[136.008311,48.940253],[135.99407,48.934516],[135.980724,48.925971],[135.971446,48.913642],[135.967784,48.899522],[135.965831,48.88463],[135.960704,48.870063],[135.940033,48.847764],[135.912364,48.834988],[135.817556,48.817165],[135.802745,48.80976],[135.789561,48.798041],[135.781505,48.784288],[135.77589,48.771186],[135.768321,48.760199],[135.754405,48.753119],[135.720307,48.746527],[135.683604,48.743679],[135.647227,48.745917],[135.613699,48.754991],[135.58074,48.767849],[135.547455,48.776801],[135.513601,48.779079],[135.47877,48.771755],[135.423839,48.749457],[135.37379,48.735663],[135.357351,48.734198],[135.34075,48.736396],[135.307872,48.745307],[135.290945,48.747178],[135.27296,48.745551],[135.255463,48.741238],[135.23878,48.734442],[135.153494,48.678534],[135.046397,48.635199],[135.023041,48.614854],[135.004405,48.583116],[134.997325,48.548611],[135.0088,48.519965],[135.037608,48.488227],[135.042979,48.485867],[135.047455,48.472602],[135.049571,48.459255],[135.046397,48.447089],[135.035574,48.437445],[135.019216,48.433214],[134.965912,48.436591],[134.924571,48.433417],[134.883881,48.424384],[134.769135,48.373806],[134.751475,48.371609],[134.734386,48.373358],[134.598074,48.416449],[134.58017,48.417833],[134.505056,48.413682],[134.496186,48.411689],[134.447276,48.395128],[134.366954,48.377305],[134.20574,48.35989],[134.115733,48.335476],[134.056733,48.32746],[134.040294,48.322699],[134.024506,48.315375],[133.982188,48.285346],[133.966238,48.278876],[133.936615,48.273505],[133.877208,48.275499],[133.867279,48.274604],[133.849213,48.269558],[133.814708,48.255439],[133.796316,48.250841],[133.737722,48.251329],[133.720876,48.244981],[133.707612,48.23196],[133.685151,48.202419],[133.670014,48.190253],[133.654307,48.184149],[133.621104,48.177558],[133.605154,48.171902],[133.593354,48.164374],[133.584483,48.155585],[133.577566,48.14529],[133.571788,48.133002],[133.559662,48.113552],[133.543549,48.101833],[133.524018,48.09573],[133.46339,48.089708],[133.450613,48.09162],[133.412852,48.103298],[133.395925,48.106147],[133.379242,48.106553],[133.323253,48.100409],[133.301199,48.101508],[133.290538,48.1046],[133.272472,48.115343],[133.262543,48.119696],[133.223399,48.126247],[133.184825,48.125067],[133.091726,48.107001],[133.075043,48.101142],[133.060639,48.092108],[133.050792,48.078803],[133.047293,48.071845],[133.043793,48.066474],[133.039073,48.061794],[133.032481,48.057074],[133.024425,48.05268],[132.940522,48.026923],[132.940033,48.022813],[132.864513,47.985907],[132.853282,47.976386],[132.8331,47.95185],[132.820323,47.942572],[132.805593,47.936469],[132.789236,47.932969],[132.774669,47.933946],[132.762218,47.939643],[132.737804,47.954413],[132.72226,47.959174],[132.705496,47.960557],[132.688894,47.958035],[132.674408,47.950873],[132.667898,47.94538],[132.663015,47.93891],[132.660167,47.931586],[132.660574,47.923285],[132.663829,47.916083],[132.667898,47.909613],[132.671153,47.902777],[132.671967,47.894721],[132.667654,47.881537],[132.658621,47.870063],[132.607188,47.827826],[132.581065,47.800971],[132.576182,47.794501],[132.573416,47.788642],[132.573416,47.782497],[132.580577,47.765001],[132.582042,47.756415],[132.580089,47.748236],[132.573822,47.739814],[132.55657,47.7237],[132.546886,47.717068],[132.536143,47.71129],[132.524343,47.707709],[132.475597,47.707099],[132.453054,47.710761],[132.40032,47.730089],[132.366222,47.735622],[132.332042,47.736762],[132.264171,47.729071],[132.250499,47.725613],[132.201915,47.700751],[132.188731,47.695868],[132.161388,47.690253],[132.11671,47.689724],[132.088878,47.695014],[132.024994,47.698065],[131.965994,47.690253],[131.957042,47.687201],[131.932628,47.672471],[131.924083,47.669216],[131.913666,47.667914],[131.90325,47.668402],[131.894054,47.670233],[131.864675,47.68183],[131.85434,47.684353],[131.835704,47.684841],[131.798839,47.679633],[131.78004,47.679307],[131.702647,47.696397],[131.683197,47.694892],[131.630382,47.6671],[131.621511,47.664089],[131.612315,47.662218],[131.602957,47.661729],[131.593679,47.662624],[131.584483,47.664903],[131.577159,47.668809],[131.537608,47.703477],[131.507416,47.721788],[131.47462,47.734687],[131.440522,47.7414],[131.418061,47.742865],[131.209972,47.709418],[131.166921,47.697374],[131.128917,47.681505],[131.103608,47.676785],[131.084076,47.67536],[131.043875,47.677517],[131.023204,47.682563],[130.983328,47.700263],[130.965343,47.704169],[130.941742,47.718207],[130.93808,47.751329],[130.942149,47.790066],[130.941417,47.820868],[130.906668,47.884467],[130.857026,47.928046],[130.68214,48.050605],[130.674571,48.064236],[130.670665,48.086859],[130.66448,48.102322],[130.663097,48.116645],[130.674571,48.136176],[130.707042,48.163642],[130.72934,48.178249],[130.746104,48.184638],[130.752452,48.189887],[130.763276,48.225531],[130.768565,48.236925],[130.773529,48.244452],[130.819021,48.282172],[130.823741,48.294379],[130.824718,48.318061],[130.821788,48.334052],[130.814138,48.340196],[130.803152,48.342963],[130.79005,48.348456],[130.779552,48.356716],[130.773448,48.364529],[130.763276,48.383165],[130.742931,48.411892],[130.738048,48.43004],[130.746104,48.448065],[130.759288,48.468207],[130.758718,48.485948],[130.74407,48.497585],[130.715424,48.499294],[130.639089,48.477484],[130.625987,48.482489],[130.624278,48.488593],[130.615489,48.508368],[130.613048,48.519802],[130.614513,48.530382],[130.620616,48.549506],[130.619884,48.560736],[130.607432,48.576972],[130.586192,48.583686],[130.562022,48.588406],[130.540538,48.598578],[130.529552,48.616482],[130.53297,48.636094],[130.627452,48.796332],[130.666433,48.841742],[130.676199,48.857693],[130.674083,48.871039],[130.650401,48.876654],[130.624766,48.874579],[130.564708,48.856228],[130.540619,48.853705],[130.511241,48.85578],[130.486339,48.863959],[130.475841,48.879747],[130.465017,48.891628],[130.439464,48.896755],[130.386485,48.896552],[130.337901,48.885606],[130.293224,48.870388],[130.249034,48.864814],[130.201589,48.88288],[130.03712,48.972235],[129.996593,49.002631],[129.97405,49.015408],[129.926199,49.025946],[129.913097,49.039822],[129.911388,49.059516],[129.920421,49.082099],[129.882904,49.100043],[129.862234,49.106757],[129.841238,49.109442],[129.845144,49.154324],[129.841238,49.167426],[129.824474,49.174425],[129.775645,49.177802],[129.755382,49.184516],[129.741628,49.19599],[129.737315,49.205756],[129.734793,49.239122],[129.710948,49.274441],[129.668875,49.279405],[129.618907,49.274482],[129.571544,49.280097],[129.551524,49.290717],[129.538666,49.304023],[129.53183,49.321804],[129.53004,49.369574],[129.527599,49.385118],[129.51946,49.397325],[129.501964,49.411078],[129.480398,49.421495],[129.4546,49.427558],[129.403087,49.430935],[129.378429,49.42532],[129.371186,49.410834],[129.372976,49.370144],[129.361746,49.350124],[129.34075,49.341376],[129.315929,49.344346],[129.271983,49.375515],[129.245209,49.386176],[129.217703,49.391059],[129.193614,49.38996],[129.170909,49.380642],[129.135753,49.354438],[129.115001,49.348985],[129.087494,49.352362],[129.066742,49.361925],[129.050304,49.377021],[129.014415,49.431342],[128.997813,49.441514],[128.946788,49.449774],[128.901785,49.471991],[128.878917,49.480007],[128.853282,49.48078],[128.809581,49.46894],[128.786388,49.465684],[128.759776,49.471137],[128.749929,49.484809],[128.753835,49.502753],[128.769054,49.520941],[128.779063,49.525336],[128.790131,49.527371],[128.799327,49.532091],[128.803152,49.544501],[128.802989,49.555365],[128.801524,49.565375],[128.796641,49.572699],[128.786388,49.575548],[128.759207,49.57807],[128.733979,49.584581],[128.686453,49.603461],[128.671479,49.61168],[128.665701,49.609687],[128.634939,49.578437],[128.628429,49.575548],[128.550955,49.58869],[128.38323,49.579617],[128.371674,49.575548],[128.364675,49.570014],[128.35255,49.554755],[128.344493,49.548204],[128.320079,49.54503],[128.267833,49.559027],[128.245128,49.551622],[128.224864,49.5421],[128.198171,49.539252],[128.092296,49.541815],[128.066905,49.546942],[128.046479,49.558458],[128.012218,49.587714],[127.991222,49.598985],[127.967784,49.603461],[127.955089,49.603298],[127.94752,49.601426],[127.94044,49.596137],[127.929779,49.585517],[127.920421,49.581366],[127.906993,49.580512],[127.854503,49.585069],[127.830577,49.594102],[127.809255,49.607367],[127.789561,49.623358],[127.769786,49.634101],[127.72169,49.648871],[127.703217,49.660915],[127.689708,49.681708],[127.686697,49.699164],[127.686046,49.717108],[127.679698,49.739366],[127.644054,49.767401],[127.538259,49.790229],[127.507823,49.822577],[127.506358,49.84455],[127.511322,49.86933],[127.520518,49.892035],[127.531993,49.907904],[127.533702,49.922716],[127.521251,49.941474],[127.494151,49.973456],[127.486339,50.025906],[127.506277,50.063747],[127.569835,50.130439],[127.580333,50.149359],[127.586518,50.167426],[127.589692,50.186591],[127.590343,50.209011]]]}},{"type":"Feature","properties":{"dissolve":"73Lake Centerline","scalerank":3.0,"featurecla":"Lake Centerline","name":"El Bahr el Azraq","name_alt":"Blue Nile","rivernum":73,"note":null,"min_zoom":3.0,"name_en":"Blue Nile","min_label":4.0},"bbox":[34.379649,11.296454,34.777599,11.783067],"geometry":{"type":"MultiLineString","coordinates":[[[34.379649,11.783067],[34.383881,11.769965],[34.386485,11.734402],[34.3803,11.690619],[34.390391,11.645372],[34.419037,11.590766],[34.459727,11.552436],[34.513438,11.522773],[34.55071,11.493109],[34.578624,11.462958],[34.613862,11.435736],[34.652924,11.412055],[34.683197,11.388292],[34.707123,11.352647],[34.720714,11.328966],[34.744558,11.307237],[34.777599,11.296454]]]}},{"type":"Feature","properties":{"dissolve":"73River","scalerank":3.0,"featurecla":"River","name":"El Bahr el Azraq","name_alt":"Blue Nile","rivernum":73,"note":null,"min_zoom":3.0,"name_en":"Blue Nile","min_label":4.0},"bbox":[32.488862,10.149115,35.350841,15.632595],"geometry":{"type":"MultiLineString","coordinates":[[[34.379649,11.783067],[34.362315,11.952704],[34.352631,11.98371],[34.316824,12.06155],[34.31308,12.07449],[34.31129,12.10456],[34.305431,12.136583],[34.305756,12.154324],[34.348888,12.224677],[34.338145,12.242987],[34.33961,12.260606],[34.352306,12.296413],[34.354259,12.350409],[34.352306,12.365302],[34.343516,12.381863],[34.330496,12.393012],[34.297537,12.40998],[34.284109,12.420478],[34.270763,12.4442],[34.260509,12.45779],[34.243663,12.467312],[34.205984,12.469794],[34.187755,12.474473],[34.165945,12.493354],[34.154226,12.505968],[34.147472,12.515489],[34.143972,12.537543],[34.151296,12.552069],[34.178233,12.574164],[34.186046,12.590684],[34.180593,12.606024],[34.142833,12.643256],[34.137462,12.65351],[34.140066,12.704291],[34.133311,12.756293],[34.135509,12.768744],[34.141043,12.771186],[34.142589,12.774766],[34.133311,12.790473],[34.126557,12.79621],[34.110362,12.80154],[34.064871,12.836453],[34.054454,12.851874],[34.044932,12.875434],[34.043875,12.882351],[34.03948,12.89289],[34.029714,12.890163],[34.020437,12.882595],[34.017182,12.878607],[34.004405,12.871121],[33.995128,12.863552],[33.991628,12.865343],[33.996104,12.886054],[34.014903,12.912136],[34.021251,12.928249],[34.013438,12.944688],[33.986501,12.961615],[33.978526,12.971706],[33.975597,12.992214],[33.97877,12.999701],[33.985281,13.005805],[33.989268,13.01203],[33.98585,13.019802],[33.977794,13.025417],[33.962169,13.031195],[33.955089,13.036892],[33.942882,13.070746],[33.976329,13.123074],[33.972179,13.160102],[33.960948,13.164374],[33.927826,13.160509],[33.920909,13.170274],[33.927419,13.18769],[33.953298,13.210517],[33.955089,13.228624],[33.950694,13.236925],[33.945323,13.238959],[33.939464,13.239366],[33.934011,13.242947],[33.918956,13.264512],[33.913585,13.269599],[33.905854,13.271999],[33.884776,13.274766],[33.879405,13.276435],[33.874522,13.287543],[33.87379,13.31155],[33.869558,13.321153],[33.858165,13.323025],[33.836192,13.303087],[33.8213,13.307481],[33.803966,13.322821],[33.791026,13.330878],[33.776947,13.333197],[33.75587,13.331081],[33.727306,13.320665],[33.715343,13.322455],[33.701915,13.338487],[33.70045,13.346055],[33.703136,13.364325],[33.701915,13.372016],[33.695567,13.380479],[33.671153,13.403103],[33.661876,13.418524],[33.664073,13.429511],[33.670828,13.440212],[33.674571,13.454617],[33.673106,13.47252],[33.668875,13.490831],[33.662527,13.508124],[33.654063,13.522895],[33.647553,13.529079],[33.631602,13.539252],[33.626069,13.544623],[33.625092,13.551947],[33.62794,13.571804],[33.626069,13.578152],[33.58782,13.585639],[33.570079,13.594021],[33.574962,13.609158],[33.583425,13.621202],[33.593272,13.649726],[33.602143,13.663764],[33.609874,13.669013],[33.615489,13.669867],[33.618744,13.672797],[33.619884,13.68419],[33.619151,13.693874],[33.616791,13.704698],[33.612315,13.714789],[33.605561,13.722113],[33.591889,13.725043],[33.576264,13.723212],[33.561534,13.724189],[33.550385,13.735785],[33.551036,13.751329],[33.566498,13.756781],[33.605561,13.755642],[33.622651,13.761054],[33.624929,13.773017],[33.615815,13.78498],[33.598725,13.790351],[33.579112,13.792344],[33.560476,13.79918],[33.547374,13.811957],[33.5442,13.831977],[33.551524,13.849066],[33.564138,13.850938],[33.580577,13.848415],[33.598725,13.851833],[33.609874,13.862494],[33.616222,13.877956],[33.619233,13.895819],[33.619884,13.913601],[33.614513,13.930854],[33.590587,13.947821],[33.585216,13.962266],[33.593516,13.968573],[33.612234,13.970649],[33.631114,13.977078],[33.640391,13.996446],[33.612397,14.037421],[33.619395,14.043402],[33.634695,14.048041],[33.640391,14.051093],[33.652354,14.060981],[33.655772,14.066352],[33.660248,14.078396],[33.661225,14.086534],[33.659434,14.104275],[33.660248,14.112494],[33.664561,14.119818],[33.677338,14.133734],[33.680756,14.140448],[33.681163,14.15823],[33.674897,14.16531],[33.663097,14.170193],[33.646576,14.181423],[33.644216,14.186794],[33.642507,14.203152],[33.640391,14.208686],[33.630951,14.211493],[33.619558,14.209662],[33.609793,14.210761],[33.605561,14.222357],[33.608897,14.235907],[33.623057,14.259874],[33.626069,14.276679],[33.621023,14.290717],[33.54892,14.350287],[33.5442,14.359198],[33.550059,14.416938],[33.5442,14.434638],[33.514659,14.420478],[33.504161,14.434638],[33.50172,14.461005],[33.496349,14.4831],[33.48406,14.491767],[33.47047,14.49433],[33.459402,14.499823],[33.454845,14.517198],[33.452729,14.534695],[33.447195,14.544745],[33.427419,14.565009],[33.372325,14.66059],[33.35377,14.727362],[33.33839,14.750515],[33.317556,14.729519],[33.306651,14.742987],[33.305756,14.757636],[33.307546,14.773627],[33.303966,14.790961],[33.298757,14.79621],[33.283702,14.799872],[33.277273,14.803982],[33.274343,14.810736],[33.270274,14.828477],[33.256114,14.850409],[33.249115,14.878607],[33.221772,14.902045],[33.215831,14.916938],[33.21461,14.982733],[33.216563,14.990505],[33.219656,14.998562],[33.221934,15.007351],[33.221446,15.017442],[33.214854,15.030626],[33.192882,15.052761],[33.184093,15.065253],[33.179454,15.08393],[33.179454,15.101101],[33.177419,15.117458],[33.167084,15.133857],[33.125662,15.161689],[33.112804,15.174506],[33.091726,15.219346],[33.084972,15.229763],[33.069347,15.238878],[33.053233,15.243476],[33.038585,15.249579],[33.026866,15.263617],[33.002859,15.285753],[32.967459,15.292914],[32.92864,15.295722],[32.893077,15.304877],[32.83782,15.339626],[32.788259,15.357245],[32.77296,15.369981],[32.754405,15.397813],[32.742198,15.409776],[32.724864,15.41474],[32.710867,15.422471],[32.705577,15.440497],[32.704031,15.461005],[32.700694,15.476142],[32.676768,15.503689],[32.620128,15.545762],[32.598237,15.573025],[32.584483,15.606635],[32.575125,15.618516],[32.557384,15.627021],[32.547944,15.626532],[32.538666,15.622829],[32.528412,15.620225],[32.516205,15.623318],[32.50823,15.62698],[32.488862,15.632595]],[[35.350841,10.149115],[35.341075,10.163682],[35.336192,10.168972],[35.324229,10.184353],[35.316417,10.203884],[35.312266,10.225775],[35.311941,10.248114],[35.314382,10.26081],[35.328705,10.297065],[35.3296,10.308539],[35.326915,10.317491],[35.31837,10.336046],[35.312592,10.356879],[35.308686,10.366034],[35.294688,10.384548],[35.289806,10.393907],[35.286632,10.404324],[35.285411,10.416083],[35.290457,10.454779],[35.287852,10.467637],[35.273936,10.498481],[35.264415,10.511908],[35.251475,10.523546],[35.243582,10.527615],[35.218272,10.532742],[35.209727,10.536404],[35.20224,10.541612],[35.183116,10.560492],[35.177338,10.563829],[35.154552,10.569403],[35.147472,10.572821],[35.142507,10.578477],[35.140636,10.586982],[35.139578,10.597968],[35.134776,10.617011],[35.1338,10.627997],[35.135509,10.636583],[35.143972,10.648749],[35.147472,10.658393],[35.14796,10.668484],[35.146088,10.689521],[35.147472,10.699327],[35.153087,10.710761],[35.165619,10.725653],[35.170014,10.748481],[35.179291,10.768866],[35.18157,10.778835],[35.180186,10.789822],[35.175059,10.810981],[35.174734,10.823513],[35.194021,10.875922],[35.198822,10.884955],[35.200776,10.893256],[35.198253,10.942735],[35.19337,10.956163],[35.176768,10.97663],[35.169932,10.98782],[35.166026,11.003363],[35.167247,11.03323],[35.165701,11.04914],[35.184662,11.064236],[35.193858,11.085273],[35.192963,11.108344],[35.182058,11.12934],[35.162852,11.143378],[35.117117,11.162421],[35.099213,11.175238],[35.083914,11.200303],[35.077078,11.219916],[35.065033,11.233466],[35.034597,11.240749],[34.966807,11.240505],[34.932872,11.244493],[34.904226,11.258612],[34.896658,11.26085],[34.890636,11.256781],[34.885265,11.251003],[34.879649,11.248074],[34.86435,11.249213],[34.840587,11.25434],[34.825857,11.255479],[34.811697,11.259955],[34.799246,11.270941],[34.777599,11.296454]]]}},{"type":"Feature","properties":{"dissolve":"82River","scalerank":3.0,"featurecla":"River","name":"Barwon","name_alt":null,"rivernum":82,"note":null,"min_zoom":3.0,"name_en":"Barwon","min_label":4.0},"bbox":[147.414561,-30.124526,150.469656,-28.535007],"geometry":{"type":"MultiLineString","coordinates":[[[150.469656,-28.650405],[150.449229,-28.646417],[150.417491,-28.625828],[150.36142,-28.572931],[150.322195,-28.543634],[150.297862,-28.535007],[150.276378,-28.542413],[150.258067,-28.553155],[150.23585,-28.556085],[150.173106,-28.552179],[150.158214,-28.55462],[150.10434,-28.573907],[150.058116,-28.583998],[150.019542,-28.600112],[150.00294,-28.602472],[149.971446,-28.599298],[149.950694,-28.600112],[149.907319,-28.608901],[149.870209,-28.604669],[149.7588,-28.606948],[149.741466,-28.609714],[149.729747,-28.613783],[149.704112,-28.627455],[149.690684,-28.614109],[149.675141,-28.610691],[149.639089,-28.613783],[149.620616,-28.607843],[149.614513,-28.593764],[149.609874,-28.577651],[149.5949,-28.565362],[149.577566,-28.572605],[149.48406,-28.583917],[149.469168,-28.595066],[149.432058,-28.661065],[149.416026,-28.680841],[149.398936,-28.689467],[149.37672,-28.691827],[149.274913,-28.739272],[149.265391,-28.740737],[149.260753,-28.750014],[149.249604,-28.760105],[149.237071,-28.76808],[149.217296,-28.775323],[149.210378,-28.784601],[149.204275,-28.795831],[149.196544,-28.805597],[149.178315,-28.818292],[149.156993,-28.829115],[149.134288,-28.836847],[149.11142,-28.839776],[149.093272,-28.848484],[149.083344,-28.869155],[149.07366,-28.91546],[149.06308,-28.936375],[149.046316,-28.954115],[149.024099,-28.968113],[148.997813,-28.977553],[148.967459,-29.002455],[148.868175,-29.053237],[148.834076,-29.081964],[148.819591,-29.10003],[148.813487,-29.117527],[148.812999,-29.159112],[148.809093,-29.178562],[148.799246,-29.19614],[148.790294,-29.203058],[148.766043,-29.215997],[148.758311,-29.22267],[148.754975,-29.232924],[148.752452,-29.258966],[148.730968,-29.302586],[148.72877,-29.311944],[148.723237,-29.318048],[148.716401,-29.323907],[148.70989,-29.332533],[148.696218,-29.374851],[148.699718,-29.385186],[148.714122,-29.401707],[148.717296,-29.412042],[148.714692,-29.432061],[148.682384,-29.506362],[148.661062,-29.525567],[148.650645,-29.532159],[148.640147,-29.537286],[148.622081,-29.542006],[148.581635,-29.56878],[148.573009,-29.570489],[148.563569,-29.571303],[148.552826,-29.573419],[148.531993,-29.581394],[148.5171,-29.592299],[148.508067,-29.608412],[148.505056,-29.631768],[148.499034,-29.651707],[148.484467,-29.67254],[148.439871,-29.721612],[148.427175,-29.732599],[148.411388,-29.740737],[148.391531,-29.744073],[148.388113,-29.749444],[148.384207,-29.772882],[148.378184,-29.778253],[148.340587,-29.792494],[148.27239,-29.864597],[148.264903,-29.883152],[148.247162,-29.896987],[148.210134,-29.915948],[148.200043,-29.923517],[148.183604,-29.939955],[148.175955,-29.950128],[148.17213,-29.960463],[148.170828,-29.969171],[148.166108,-29.975274],[148.132416,-29.981866],[148.099701,-30.003839],[148.079845,-30.012221],[147.944265,-30.028171],[147.878998,-30.046238],[147.772472,-30.046889],[147.730479,-30.053155],[147.665131,-30.071303],[147.64446,-30.073663],[147.635509,-30.076837],[147.625499,-30.083998],[147.617198,-30.092218],[147.61378,-30.097996],[147.608409,-30.101088],[147.596121,-30.10239],[147.572765,-30.101576],[147.530284,-30.094659],[147.516124,-30.094903],[147.414561,-30.124526]]]}},{"type":"Feature","properties":{"dissolve":"85River","scalerank":3.0,"featurecla":"River","name":"Abay","name_alt":"Blue Nile","rivernum":85,"note":null,"min_zoom":3.0,"name_en":"Blue Nile","min_label":4.0},"bbox":[35.350841,9.842841,38.52589,11.633979],"geometry":{"type":"MultiLineString","coordinates":[[[37.386729,11.633979],[37.390391,11.621202],[37.38795,11.585964],[37.388764,11.570176],[37.3956,11.549831],[37.404389,11.546902],[37.41627,11.547919],[37.445893,11.533311],[37.473155,11.534206],[37.501475,11.51793],[37.601654,11.495225],[37.614675,11.488227],[37.65504,11.436713],[37.662608,11.407579],[37.681082,11.378607],[37.743582,11.312771],[37.764903,11.296454],[37.78004,11.280056],[37.785818,11.275946],[37.795909,11.272895],[37.816905,11.269232],[37.826915,11.265408],[37.840261,11.256659],[37.871349,11.224148],[37.877696,11.220771],[37.885834,11.219916],[37.902354,11.220771],[37.91155,11.218817],[37.923106,11.209825],[37.930105,11.207099],[37.94752,11.20657],[37.961681,11.207953],[37.975352,11.207221],[37.991466,11.200263],[38.023204,11.179796],[38.038259,11.174628],[38.067882,11.171983],[38.086355,11.166287],[38.094168,11.162706],[38.104747,11.159613],[38.113373,11.1612],[38.122081,11.164374],[38.131928,11.166083],[38.149832,11.16413],[38.179861,11.154649],[38.196869,11.151801],[38.200776,11.153022],[38.213634,11.162706],[38.218679,11.16531],[38.222179,11.163601],[38.225678,11.160509],[38.230968,11.159247],[38.258311,11.159247],[38.279877,11.155463],[38.295421,11.150458],[38.327159,11.131944],[38.364757,11.098171],[38.37558,11.090399],[38.39088,11.089423],[38.413585,11.09101],[38.434337,11.089789],[38.443289,11.08043],[38.447765,11.067084],[38.458507,11.051134],[38.481863,11.025824],[38.488862,11.013495],[38.49171,10.996202],[38.49171,10.963731],[38.496023,10.948757],[38.51474,10.922065],[38.519054,10.905788],[38.516205,10.88642],[38.505382,10.850653],[38.505382,10.830919],[38.510753,10.815456],[38.524425,10.791531],[38.52589,10.775702],[38.523692,10.769802],[38.515147,10.75491],[38.512218,10.747748],[38.511322,10.741482],[38.513194,10.692084],[38.51116,10.680609],[38.505382,10.665839],[38.475352,10.623969],[38.471283,10.607489],[38.468028,10.546169],[38.470632,10.513983],[38.488862,10.477078],[38.47934,10.449001],[38.481863,10.43244],[38.48642,10.416938],[38.489268,10.386176],[38.497976,10.370958],[38.488048,10.363227],[38.482921,10.353787],[38.456309,10.245876],[38.450125,10.234442],[38.44101,10.226996],[38.432058,10.223497],[38.426362,10.217841],[38.427419,10.20364],[38.433686,10.182969],[38.435069,10.172553],[38.433035,10.161485],[38.418712,10.142117],[38.396495,10.131171],[38.371023,10.126899],[38.347097,10.12755],[38.321544,10.134141],[38.311534,10.134304],[38.301768,10.13227],[38.274506,10.122382],[38.246186,10.116523],[38.237804,10.111151],[38.234467,10.107001],[38.227143,10.088162],[38.225352,10.085232],[38.200206,10.060574],[38.192312,10.055447],[38.182872,10.051052],[38.123057,10.03559],[37.981212,9.969591],[37.934825,9.936957],[37.925304,9.933295],[37.907237,9.932074],[37.897553,9.930447],[37.890391,9.92654],[37.884776,9.920681],[37.875499,9.907497],[37.866954,9.898627],[37.79599,9.859402],[37.786632,9.857001],[37.778738,9.857978],[37.771007,9.860297],[37.762136,9.861762],[37.747081,9.858466],[37.718761,9.843695],[37.702891,9.842841],[37.609304,9.911892],[37.594249,9.929389],[37.589285,9.941718],[37.56544,9.968329],[37.545421,9.996161],[37.531342,10.0067],[37.435964,10.048407],[37.402273,10.058539],[37.367686,10.062567],[37.352794,10.057156],[37.347911,10.044501],[37.34433,10.029853],[37.333507,10.018419],[37.323009,10.017157],[37.314708,10.021837],[37.308035,10.030097],[37.303152,10.039252],[37.299571,10.050727],[37.299083,10.072537],[37.297455,10.084499],[37.289154,10.094591],[37.273936,10.101915],[37.256847,10.106065],[37.243582,10.106553],[37.231537,10.103949],[37.225678,10.103542],[37.219493,10.104844],[37.209972,10.110216],[37.186046,10.134548],[37.172944,10.16828],[37.184581,10.198757],[37.199636,10.227078],[37.1963,10.25434],[37.181082,10.261542],[37.11378,10.261746],[37.094249,10.2685],[37.07545,10.279364],[37.046153,10.302761],[36.90211,10.330024],[36.861339,10.34455],[36.840912,10.348944],[36.794363,10.351752],[36.783783,10.354438],[36.774425,10.35932],[36.768077,10.365546],[36.762706,10.372097],[36.756765,10.376654],[36.748057,10.377143],[36.723725,10.370185],[36.714447,10.369656],[36.600352,10.379991],[36.554291,10.37934],[36.534434,10.386664],[36.520925,10.405951],[36.51946,10.423448],[36.52239,10.441352],[36.522065,10.458279],[36.511729,10.472846],[36.500418,10.477159],[36.48935,10.475409],[36.439952,10.452094],[36.432709,10.446397],[36.429698,10.437771],[36.430919,10.402777],[36.427013,10.388983],[36.418224,10.381659],[36.393321,10.373806],[36.381114,10.365424],[36.373464,10.35338],[36.361501,10.326606],[36.345225,10.3039],[36.341401,10.295193],[36.339936,10.286648],[36.340017,10.279364],[36.342784,10.256049],[36.342296,10.248074],[36.34075,10.24018],[36.33839,10.232774],[36.333263,10.224473],[36.319835,10.214545],[36.313569,10.207587],[36.304861,10.189236],[36.288503,10.165839],[36.282807,10.160956],[36.265391,10.150173],[36.246349,10.14171],[36.226573,10.137152],[36.206309,10.137519],[36.154552,10.150987],[36.138601,10.151964],[36.126557,10.148871],[36.104015,10.138617],[36.091319,10.136501],[36.0796,10.139024],[36.056163,10.149441],[36.044932,10.150417],[36.039073,10.147569],[36.029226,10.138007],[36.023041,10.134548],[36.015066,10.132595],[36.010834,10.132188],[36.006847,10.132595],[36.003347,10.133979],[35.998546,10.138129],[35.995697,10.139594],[35.98878,10.139716],[35.979421,10.137641],[35.970144,10.134467],[35.963634,10.131171],[35.958507,10.126654],[35.947195,10.109442],[35.942882,10.104682],[35.928722,10.093533],[35.924734,10.086982],[35.923106,10.08039],[35.92213,10.066107],[35.911225,10.044949],[35.88974,10.031073],[35.864187,10.023627],[35.840017,10.021552],[35.819021,10.02615],[35.795909,10.044704],[35.747488,10.054755],[35.736827,10.05447],[35.727631,10.048936],[35.723725,10.039578],[35.723888,10.028428],[35.726492,10.018093],[35.736095,9.995551],[35.736827,9.984402],[35.729015,9.975653],[35.720225,9.972602],[35.691173,9.967475],[35.677013,9.962958],[35.670421,9.963202],[35.663992,9.967149],[35.659434,9.972927],[35.650401,9.993598],[35.640554,10.006619],[35.628022,10.016547],[35.61378,10.02379],[35.590017,10.032742],[35.569916,10.050116],[35.505951,10.089871],[35.49586,10.10696],[35.477306,10.116645],[35.441661,10.130805],[35.433035,10.123562],[35.415538,10.115505],[35.408132,10.110297],[35.398041,10.116563],[35.37672,10.125352],[35.367198,10.130805],[35.361339,10.135565],[35.357026,10.140082],[35.350841,10.149115]]]}},{"type":"Feature","properties":{"dissolve":"86River","scalerank":3.0,"featurecla":"River","name":"Darling","name_alt":null,"rivernum":86,"note":null,"min_zoom":3.0,"name_en":"Darling","min_label":4.0},"bbox":[141.910818,-34.116876,147.414561,-29.915948],"geometry":{"type":"MultiLineString","coordinates":[[[147.414561,-30.124526],[147.352794,-30.142511],[147.341563,-30.138523],[147.326264,-30.128351],[147.274669,-30.129815],[147.249278,-30.127618],[147.230072,-30.114679],[147.210867,-30.121433],[147.19573,-30.110691],[147.185964,-30.090834],[147.182384,-30.070245],[147.172374,-30.063816],[147.124034,-30.05462],[147.106537,-30.053155],[147.067556,-30.055108],[147.04713,-30.05047],[147.038259,-30.035821],[147.034923,-30.028009],[147.027354,-30.02752],[147.014171,-30.032159],[147.000011,-30.028334],[146.994151,-30.019382],[146.990489,-30.008152],[146.983653,-29.997979],[146.962901,-29.985365],[146.943289,-29.981948],[146.898367,-29.984308],[146.878673,-29.978448],[146.844737,-29.951349],[146.826182,-29.943292],[146.785574,-29.94907],[146.76116,-29.94907],[146.740652,-29.932306],[146.693126,-29.918634],[146.675222,-29.915948],[146.653331,-29.915948],[146.643891,-29.918145],[146.634288,-29.922865],[146.626475,-29.930352],[146.62322,-29.944757],[146.616954,-29.953546],[146.596446,-29.961928],[146.574718,-29.957371],[146.552664,-29.948256],[146.531261,-29.943292],[146.519949,-29.945164],[146.502045,-29.951186],[146.490245,-29.950128],[146.480724,-29.945489],[146.464122,-29.932468],[146.459239,-29.929701],[146.327566,-29.944838],[146.306733,-29.953464],[146.288178,-29.967218],[146.268484,-29.974786],[146.246593,-29.968601],[146.215912,-29.950128],[146.190033,-29.945652],[146.17571,-29.953546],[146.163585,-29.964858],[146.144216,-29.970636],[146.075125,-29.961114],[146.051524,-29.9638],[146.042003,-29.966485],[146.035085,-29.969415],[146.029389,-29.974786],[146.024099,-29.984308],[146.037608,-30.020359],[146.017589,-30.042494],[145.948985,-30.073663],[145.946544,-30.077488],[145.940033,-30.089858],[145.934825,-30.094171],[145.929128,-30.094252],[145.920095,-30.087742],[145.914236,-30.087335],[145.880626,-30.10003],[145.846202,-30.105971],[145.836436,-30.11712],[145.83196,-30.132338],[145.825043,-30.149428],[145.79713,-30.180678],[145.777599,-30.197117],[145.760671,-30.204034],[145.739513,-30.208673],[145.722585,-30.21974],[145.683035,-30.256768],[145.674897,-30.261651],[145.661632,-30.265476],[145.626069,-30.264581],[145.594249,-30.277765],[145.583344,-30.284356],[145.578543,-30.296238],[145.579519,-30.31756],[145.575694,-30.326349],[145.564871,-30.333836],[145.570974,-30.341485],[145.576671,-30.35296],[145.577403,-30.363295],[145.568614,-30.367852],[145.556082,-30.371108],[145.536794,-30.385756],[145.527273,-30.389011],[145.521983,-30.391778],[145.513764,-30.405287],[145.510265,-30.409519],[145.497325,-30.413507],[145.486095,-30.413751],[145.428396,-30.405938],[145.408946,-30.408624],[145.392345,-30.428888],[145.374034,-30.423761],[145.353282,-30.413995],[145.338308,-30.409519],[145.334239,-30.424819],[145.327647,-30.437026],[145.3178,-30.447442],[145.30421,-30.457208],[145.296641,-30.461277],[145.289806,-30.463311],[145.273448,-30.464044],[145.264903,-30.467299],[145.249929,-30.481948],[145.239675,-30.485203],[145.223643,-30.481948],[145.194835,-30.467299],[145.178152,-30.464044],[145.16741,-30.469171],[145.155772,-30.478855],[145.142345,-30.484389],[145.12672,-30.477716],[145.116628,-30.488214],[145.114838,-30.497003],[145.119233,-30.511895],[145.119233,-30.549493],[145.058442,-30.608087],[145.0171,-30.636244],[144.993175,-30.64422],[144.982595,-30.632013],[144.978445,-30.628839],[144.969005,-30.627618],[144.959483,-30.630385],[144.950287,-30.648126],[144.938569,-30.649428],[144.924897,-30.648126],[144.914236,-30.64894],[144.907237,-30.654474],[144.894135,-30.669854],[144.886322,-30.676935],[144.875173,-30.67962],[144.864268,-30.678237],[144.855724,-30.680597],[144.852306,-30.694024],[144.851166,-30.706069],[144.847585,-30.715753],[144.840017,-30.722345],[144.828136,-30.724786],[144.806407,-30.72381],[144.801199,-30.727553],[144.790945,-30.738458],[144.770274,-30.767267],[144.737722,-30.835138],[144.715017,-30.868097],[144.686046,-30.890476],[144.654063,-30.897963],[144.511729,-30.896661],[144.489268,-30.902276],[144.430268,-30.930597],[144.369314,-30.998468],[144.360037,-31.00392],[144.362641,-31.016046],[144.373057,-31.03631],[144.370128,-31.039727],[144.352061,-31.066827],[144.329194,-31.080987],[144.311046,-31.079441],[144.292084,-31.071629],[144.266368,-31.066827],[144.249766,-31.072605],[144.239675,-31.086765],[144.231619,-31.104669],[144.22169,-31.122003],[144.22169,-31.115167],[144.209483,-31.120619],[144.199229,-31.119317],[144.189952,-31.115737],[144.180105,-31.115167],[144.170828,-31.119643],[144.154796,-31.133477],[144.149994,-31.136244],[144.148529,-31.139662],[144.123057,-31.159601],[144.101166,-31.189467],[144.091889,-31.197117],[144.071218,-31.201186],[144.046153,-31.202569],[144.024994,-31.208917],[144.016205,-31.228448],[144.020112,-31.245782],[144.038585,-31.279636],[144.0442,-31.300714],[144.038097,-31.345392],[144.014334,-31.374933],[143.932872,-31.421075],[143.927745,-31.423191],[143.906342,-31.423679],[143.902599,-31.422377],[143.89267,-31.417169],[143.886485,-31.416192],[143.879324,-31.418796],[143.868663,-31.427911],[143.828543,-31.443048],[143.820974,-31.44728],[143.81129,-31.45086],[143.767833,-31.450698],[143.761648,-31.452],[143.748627,-31.457859],[143.726573,-31.440606],[143.708751,-31.44256],[143.691417,-31.452081],[143.670095,-31.457859],[143.651378,-31.459893],[143.572032,-31.486017],[143.559581,-31.49505],[143.533621,-31.522638],[143.529796,-31.531183],[143.528494,-31.541518],[143.526541,-31.550307],[143.519949,-31.55405],[143.508718,-31.556166],[143.500173,-31.561456],[143.488699,-31.573907],[143.482432,-31.584487],[143.480561,-31.593438],[143.476003,-31.597589],[143.461355,-31.594252],[143.451834,-31.586602],[143.439708,-31.564793],[143.430593,-31.560235],[143.406261,-31.561863],[143.389252,-31.568048],[143.37672,-31.580743],[143.355968,-31.621921],[143.34962,-31.639093],[143.345876,-31.657566],[143.343028,-31.704034],[143.336925,-31.721368],[143.324474,-31.732843],[143.30364,-31.738946],[143.234467,-31.74212],[143.218028,-31.7492],[143.166515,-31.813979],[143.148855,-31.852553],[143.135509,-31.869317],[143.115001,-31.876153],[143.035574,-31.889825],[143.008718,-31.914483],[142.989675,-31.957208],[142.979991,-32.003757],[142.981456,-32.039972],[142.98642,-32.050307],[142.992198,-32.058445],[142.996023,-32.06756],[142.995942,-32.080987],[142.992442,-32.087091],[142.971609,-32.105157],[142.950694,-32.115899],[142.926362,-32.115655],[142.879242,-32.108901],[142.865815,-32.109877],[142.858653,-32.111505],[142.84433,-32.122573],[142.837494,-32.131524],[142.82724,-32.152683],[142.820811,-32.156671],[142.810313,-32.159845],[142.79005,-32.174005],[142.779552,-32.177179],[142.75644,-32.178888],[142.735037,-32.184584],[142.717296,-32.193048],[142.704275,-32.204278],[142.6963,-32.220147],[142.693614,-32.242364],[142.688894,-32.259291],[142.677257,-32.270522],[142.610932,-32.306004],[142.590831,-32.312514],[142.54184,-32.317315],[142.526866,-32.323907],[142.462169,-32.391453],[142.450613,-32.396905],[142.424897,-32.398777],[142.408783,-32.405206],[142.40089,-32.417901],[142.399343,-32.43849],[142.401947,-32.462254],[142.401947,-32.472345],[142.399343,-32.48504],[142.387218,-32.511407],[142.385509,-32.524265],[142.392507,-32.540379],[142.390066,-32.555352],[142.402354,-32.60003],[142.395925,-32.61948],[142.382823,-32.639988],[142.382253,-32.659031],[142.392507,-32.697931],[142.392345,-32.788425],[142.391124,-32.796808],[142.388194,-32.803888],[142.374115,-32.823093],[142.374034,-32.830255],[142.377208,-32.837579],[142.379405,-32.84881],[142.372081,-32.890313],[142.386485,-32.912774],[142.392833,-32.926121],[142.380626,-32.943373],[142.385265,-32.968276],[142.394216,-32.99212],[142.399343,-33.000177],[142.386322,-33.035577],[142.321544,-33.083022],[142.303152,-33.123061],[142.303396,-33.134454],[142.309093,-33.150567],[142.310557,-33.15724],[142.308035,-33.167332],[142.303396,-33.17905],[142.301524,-33.190932],[142.306733,-33.201593],[142.325043,-33.211847],[142.365245,-33.217625],[142.385671,-33.225518],[142.392833,-33.23211],[142.406179,-33.253432],[142.424897,-33.264581],[142.435639,-33.273289],[142.440359,-33.283868],[142.494233,-33.335382],[142.566905,-33.382826],[142.587006,-33.413018],[142.577403,-33.452081],[142.554291,-33.481378],[142.545909,-33.498875],[142.542654,-33.524428],[142.533621,-33.544854],[142.512218,-33.554376],[142.487315,-33.561863],[142.467459,-33.575616],[142.463634,-33.583022],[142.461681,-33.591241],[142.460867,-33.612807],[142.456147,-33.622979],[142.445323,-33.631687],[142.432872,-33.639581],[142.423432,-33.646987],[142.417247,-33.65838],[142.412364,-33.681166],[142.406179,-33.691746],[142.398204,-33.696303],[142.375662,-33.701186],[142.364513,-33.705418],[142.334239,-33.729506],[142.322195,-33.736261],[142.296641,-33.743829],[142.269054,-33.757664],[142.214936,-33.775567],[142.182221,-33.801446],[142.143647,-33.809015],[142.066742,-33.808445],[142.044444,-33.810968],[142.030528,-33.818292],[141.993175,-33.861342],[141.993175,-33.871596],[141.99822,-33.882826],[142.001475,-33.900811],[142.000906,-33.915948],[141.997976,-33.931655],[141.99171,-33.948419],[141.980968,-33.965997],[141.966726,-33.978448],[141.934011,-33.990899],[141.919526,-34.000828],[141.914643,-34.012384],[141.911632,-34.031427],[141.910818,-34.052179],[141.913259,-34.069024],[141.918061,-34.076186],[141.924571,-34.079522],[141.930186,-34.08351],[141.932628,-34.09295],[141.93214,-34.102227],[141.931082,-34.109308],[141.92628,-34.116876]]]}},{"type":"Feature","properties":{"dissolve":"93River","scalerank":3.0,"featurecla":"River","name":"Heilong Jiang","name_alt":"Amur","rivernum":93,"note":null,"min_zoom":3.0,"name_en":"Amur","min_label":4.0},"bbox":[121.405365,50.209011,127.590343,53.56977],"geometry":{"type":"MultiLineString","coordinates":[[[127.590343,50.209011],[127.578136,50.220811],[127.404389,50.276231],[127.35434,50.298896],[127.33017,50.328437],[127.331554,50.340399],[127.337332,50.352973],[127.34547,50.364691],[127.354503,50.373806],[127.358409,50.381619],[127.359304,50.393134],[127.358165,50.415351],[127.348888,50.426459],[127.304291,50.451728],[127.288666,50.466254],[127.302419,50.477891],[127.309988,50.488634],[127.323416,50.514024],[127.333425,50.525255],[127.356456,50.544867],[127.36435,50.554999],[127.36671,50.57807],[127.358409,50.605292],[127.343435,50.627997],[127.326752,50.637519],[127.294526,50.666693],[127.288666,50.675401],[127.286794,50.682196],[127.283376,50.688544],[127.282156,50.695095],[127.285655,50.702745],[127.289561,50.708604],[127.292979,50.715644],[127.295339,50.72309],[127.296153,50.730333],[127.28712,50.751288],[127.26588,50.76435],[127.240815,50.77497],[127.220307,50.788398],[127.143972,50.903754],[127.110444,50.931749],[127.046804,50.967475],[127.031993,50.972724],[126.980886,51.02794],[126.945974,51.048651],[126.93157,51.064032],[126.925548,51.08629],[126.922781,51.108222],[126.909272,51.146308],[126.90504,51.164496],[126.903575,51.19363],[126.904796,51.20836],[126.908702,51.221951],[126.915945,51.233018],[126.946707,51.258368],[126.967703,51.281806],[126.97755,51.29682],[126.980886,51.309149],[126.971772,51.324286],[126.954275,51.329861],[126.934174,51.329047],[126.917003,51.325019],[126.908132,51.321479],[126.899018,51.316759],[126.891043,51.310736],[126.884939,51.303168],[126.884532,51.295925],[126.888764,51.289618],[126.892589,51.282253],[126.890391,51.271755],[126.86964,51.252021],[126.84547,51.251736],[126.823416,51.265896],[126.808686,51.289374],[126.806814,51.308417],[126.813731,51.325222],[126.826752,51.339219],[126.843028,51.349636],[126.860444,51.354193],[126.879893,51.356472],[126.897227,51.36225],[126.908702,51.377265],[126.909109,51.391384],[126.901785,51.401231],[126.88974,51.407294],[126.876557,51.410183],[126.825694,51.412299],[126.800141,51.419257],[126.788992,51.436103],[126.79241,51.459337],[126.80128,51.477484],[126.830089,51.508368],[126.80714,51.534451],[126.77532,51.545966],[126.700206,51.563015],[126.676524,51.576931],[126.674815,51.58865],[126.703624,51.613878],[126.723399,51.636176],[126.724132,51.649848],[126.715424,51.663438],[126.707123,51.685858],[126.710541,51.686306],[126.717459,51.69123],[126.724539,51.697821],[126.72755,51.703315],[126.725352,51.709052],[126.715424,51.7178],[126.71339,51.723456],[126.66212,51.73371],[126.647634,51.741523],[126.445811,51.982856],[126.438975,51.998114],[126.447032,52.01907],[126.466726,52.031928],[126.491303,52.039089],[126.514089,52.042792],[126.514089,52.049018],[126.51946,52.061591],[126.550955,52.113227],[126.555675,52.130927],[126.530854,52.15294],[126.493663,52.161485],[126.453054,52.16588],[126.350352,52.192003],[126.33253,52.19363],[126.316417,52.200019],[126.309093,52.214138],[126.311697,52.228217],[126.391775,52.264594],[126.438975,52.27558],[126.420665,52.287543],[126.344249,52.302924],[126.31544,52.316474],[126.344005,52.357856],[126.350515,52.377224],[126.343272,52.391669],[126.312429,52.41767],[126.295909,52.435492],[126.288829,52.450263],[126.275808,52.463568],[126.246593,52.466132],[126.216401,52.465033],[126.200043,52.467353],[126.20045,52.486762],[126.210053,52.511746],[126.211925,52.533271],[126.170095,52.547878],[126.082286,52.593614],[126.068451,52.595649],[126.062266,52.58747],[126.058849,52.575751],[126.050385,52.571479],[126.039236,52.569892],[126.027761,52.566677],[126.008881,52.568671],[125.990652,52.586737],[125.977061,52.611029],[125.972748,52.631863],[125.982514,52.653388],[126.002371,52.665717],[126.027273,52.671454],[126.052257,52.672797],[126.068451,52.680203],[126.061534,52.696967],[126.034923,52.727403],[126.048595,52.737372],[126.065684,52.744452],[126.10377,52.754706],[126.08782,52.775662],[126.066417,52.783474],[126.017507,52.78266],[126.007091,52.778876],[125.984955,52.764838],[125.976573,52.765245],[125.867198,52.849636],[125.860769,52.856309],[125.856619,52.864569],[125.857188,52.874701],[125.86142,52.881659],[125.863455,52.888861],[125.856619,52.899359],[125.837006,52.906928],[125.736257,52.896064],[125.691335,52.881537],[125.668386,52.878241],[125.646251,52.885118],[125.646902,52.90119],[125.660655,52.919623],[125.67864,52.933458],[125.688243,52.936713],[125.710704,52.941474],[125.719656,52.94656],[125.72405,52.95307],[125.733165,52.981879],[125.678233,53.005927],[125.649913,53.023627],[125.637706,53.046454],[125.621023,53.062364],[125.583751,53.05919],[125.521007,53.04267],[125.499278,53.050849],[125.476166,53.083767],[125.456065,53.091132],[125.427745,53.094997],[125.127045,53.206855],[125.073416,53.21251],[125.019054,53.211005],[124.918956,53.194159],[124.897472,53.185818],[124.879975,53.172797],[124.878835,53.15412],[124.891531,53.134467],[124.895925,53.117865],[124.869884,53.108222],[124.847748,53.113959],[124.821788,53.147528],[124.800955,53.155382],[124.747,53.147976],[124.719737,53.149115],[124.698009,53.162869],[124.695323,53.17003],[124.696544,53.176581],[124.695974,53.184027],[124.687999,53.193915],[124.678396,53.199571],[124.651378,53.209052],[124.639903,53.210639],[124.527843,53.210639],[124.500255,53.213935],[124.453624,53.228461],[124.40797,53.235948],[124.383393,53.246405],[124.35963,53.259711],[124.342214,53.272732],[124.32545,53.30622],[124.320974,53.310004],[124.304454,53.329291],[124.293224,53.351589],[124.275076,53.364936],[124.252615,53.3758],[124.232351,53.381944],[124.208507,53.382921],[124.182058,53.37877],[124.157481,53.370307],[124.139903,53.3581],[124.121593,53.352973],[124.100108,53.363593],[124.068451,53.389919],[124.055431,53.395209],[124.029714,53.400255],[124.0171,53.407294],[124.009776,53.414984],[123.98935,53.441718],[123.970307,53.45543],[123.876394,53.488959],[123.849864,53.495307],[123.731944,53.504014],[123.701427,53.510321],[123.677419,53.52029],[123.639171,53.551581],[123.614024,53.563666],[123.591563,53.558132],[123.560639,53.524482],[123.541596,53.51435],[123.519135,53.52029],[123.532319,53.532782],[123.539154,53.53738],[123.54713,53.540798],[123.535085,53.554958],[123.514171,53.56269],[123.494558,53.56037],[123.485769,53.544216],[123.485037,53.526313],[123.481293,53.518337],[123.471202,53.519232],[123.431407,53.536078],[123.419688,53.538764],[123.379893,53.543077],[123.367605,53.546088],[123.339854,53.561713],[123.309255,53.567735],[123.277192,53.56977],[123.252371,53.568061],[123.234386,53.560614],[123.203054,53.538601],[123.179698,53.530707],[123.163992,53.516628],[123.153331,53.513454],[123.002208,53.507636],[122.859304,53.474229],[122.470876,53.465033],[122.424897,53.452704],[122.401378,53.451239],[122.379405,53.461941],[122.357595,53.479804],[122.337413,53.491563],[122.316742,53.496283],[122.293386,53.492987],[122.225515,53.474189],[122.168468,53.469346],[122.147553,53.461371],[122.107839,53.438341],[122.081391,53.429755],[121.888682,53.430935],[121.640717,53.385199],[121.511811,53.330105],[121.458507,53.320746],[121.405365,53.317084]]]}},{"type":"Feature","properties":{"dissolve":"94River","scalerank":3.0,"featurecla":"River","name":"Shatt al Arab","name_alt":null,"rivernum":94,"note":null,"min_zoom":3.0,"name_en":"Shatt al Arab","min_label":4.0},"bbox":[47.468516,29.961208,48.53183,30.968451],"geometry":{"type":"MultiLineString","coordinates":[[[47.468516,30.968451],[47.477794,30.951972],[47.53712,30.871853],[47.619558,30.784857],[47.643972,30.773505],[47.650483,30.768093],[47.666515,30.759711],[47.71282,30.751654],[47.72877,30.743842],[47.736746,30.732245],[47.74171,30.718817],[47.746837,30.690741],[47.749522,30.606513],[47.75172,30.595567],[47.755626,30.585313],[47.761974,30.576239],[47.77003,30.570136],[47.779307,30.566026],[47.801199,30.559882],[47.811615,30.555609],[47.821381,30.549831],[47.830333,30.542426],[47.837901,30.534247],[47.855968,30.506537],[47.874278,30.487576],[47.897553,30.478461],[48.118907,30.450995],[48.130056,30.447699],[48.140391,30.442165],[48.157237,30.426459],[48.170014,30.406928],[48.178966,30.385118],[48.187266,30.34101],[48.191498,30.33157],[48.199718,30.324083],[48.210704,30.319851],[48.222585,30.318305],[48.23463,30.318712],[48.271251,30.324042],[48.283783,30.323513],[48.295828,30.320014],[48.305268,30.313056],[48.325613,30.283718],[48.357677,30.252061],[48.396495,30.221218],[48.403331,30.212714],[48.408295,30.202582],[48.410167,30.191759],[48.407725,30.181098],[48.400076,30.172553],[48.390636,30.164984],[48.382823,30.156684],[48.380626,30.145575],[48.382498,30.138617],[48.395112,30.115424],[48.415131,30.095811],[48.420828,30.085557],[48.423595,30.083848],[48.441661,30.034206],[48.443858,30.021104],[48.452566,30.001654],[48.457449,29.995063],[48.463878,29.989366],[48.477631,29.979844],[48.492605,29.971951],[48.53183,29.961208]]]}},{"type":"Feature","properties":{"dissolve":"95River","scalerank":3.0,"featurecla":"River","name":"Huang","name_alt":"Yellow","rivernum":95,"note":null,"min_zoom":3.0,"name_en":"Yellow","min_label":4.0},"bbox":[110.269949,34.583604,119.033214,37.830634],"geometry":{"type":"MultiLineString","coordinates":[[[114.837576,35.019802],[114.84726,35.03795],[114.846772,35.081488],[114.864757,35.120469],[114.859874,35.140448],[114.851573,35.159491],[114.851329,35.178046],[114.864024,35.188585],[114.913178,35.208075],[114.930186,35.211615],[114.941417,35.218777],[114.981619,35.266872],[115.002045,35.284735],[115.008881,35.294135],[115.021495,35.324774],[115.025971,35.332343],[115.053722,35.366767],[115.067963,35.379991],[115.091563,35.390326],[115.121755,35.393866],[115.131847,35.397773],[115.13974,35.404608],[115.14446,35.410997],[115.150483,35.415798],[115.162608,35.41767],[115.205577,35.414618],[115.226329,35.416124],[115.248546,35.424506],[115.266043,35.436143],[115.306814,35.475694],[115.316742,35.479356],[115.329194,35.480984],[115.340017,35.485053],[115.344737,35.496161],[115.342377,35.505479],[115.332286,35.523261],[115.330496,35.534369],[115.341319,35.555365],[115.383311,35.55744],[115.392589,35.572211],[115.392589,35.597032],[115.394786,35.615749],[115.402843,35.630479],[115.420421,35.643581],[115.467296,35.663438],[115.491791,35.678087],[115.502452,35.69538],[115.501964,35.716498],[115.503917,35.722724],[115.53655,35.719306],[115.576182,35.722235],[115.617686,35.731147],[115.654714,35.746283],[115.680593,35.767768],[115.729747,35.83043],[115.76116,35.849148],[115.850678,35.858954],[115.873546,35.865505],[115.885916,35.87755],[115.883718,35.887519],[115.874034,35.895046],[115.863373,35.900458],[115.858002,35.904242],[115.857921,35.916327],[115.86321,35.924913],[115.919932,35.967719],[115.943777,35.979682],[115.954275,35.976589],[115.965424,35.985785],[115.990733,35.980821],[116.033295,35.965684],[116.038992,35.976182],[116.064138,36.040839],[116.078298,36.051337],[116.086925,36.059149],[116.091401,36.068142],[116.089936,36.078477],[116.080333,36.098456],[116.077729,36.109727],[116.087494,36.11225],[116.110281,36.113715],[116.119314,36.116523],[116.12851,36.125027],[116.132823,36.134548],[116.135509,36.1435],[116.13974,36.150702],[116.198822,36.172553],[116.269623,36.240058],[116.311941,36.293321],[116.327891,36.30154],[116.347179,36.303656],[116.388113,36.313056],[116.410167,36.315212],[116.41684,36.318549],[116.454275,36.345526],[116.477061,36.355902],[116.530854,36.397732],[116.566417,36.410102],[116.575043,36.414822],[116.586029,36.427598],[116.597585,36.447577],[116.598643,36.467353],[116.578624,36.4796],[116.591319,36.48664],[116.601654,36.494981],[116.605561,36.504421],[116.598562,36.514431],[116.606375,36.524441],[116.633311,36.547919],[116.651134,36.577582],[116.65683,36.582709],[116.673106,36.58869],[116.736339,36.624294],[116.749522,36.643012],[116.768077,36.684882],[116.780772,36.702745],[116.79599,36.712714],[116.858653,36.740343],[116.881114,36.742743],[116.937755,36.733507],[116.943777,36.730496],[116.952647,36.724555],[116.962576,36.720526],[116.972179,36.723253],[116.976654,36.725938],[116.981619,36.726874],[116.992442,36.726671],[116.999604,36.729438],[117.003917,36.735785],[117.006928,36.742703],[117.009939,36.747138],[117.070323,36.783311],[117.088878,36.788764],[117.105724,36.796251],[117.116791,36.813747],[117.133474,36.849555],[117.163585,36.87995],[117.176199,36.898953],[117.181407,36.922187],[117.189464,36.93419],[117.226329,36.961046],[117.235932,36.980536],[117.234386,36.991767],[117.229747,37.000271],[117.226573,37.009141],[117.229747,37.021511],[117.237804,37.031033],[117.257091,37.038275],[117.284923,37.059394],[117.302257,37.062934],[117.345795,37.062527],[117.388113,37.073188],[117.552257,37.149237],[117.570811,37.16413],[117.578624,37.181952],[117.584239,37.200303],[117.597585,37.222357],[117.613373,37.242296],[117.627045,37.254259],[117.648204,37.260118],[117.668468,37.257025],[117.689138,37.2508],[117.712332,37.247423],[117.760509,37.247423],[117.771658,37.249864],[117.805186,37.26789],[117.827403,37.272081],[117.847097,37.269395],[117.867117,37.264431],[117.890554,37.261746],[117.908214,37.26789],[117.962169,37.309516],[117.983165,37.316759],[118.029796,37.327338],[118.06544,37.352078],[118.087006,37.356147],[118.133474,37.357286],[118.182221,37.366482],[118.207042,37.375271],[118.226003,37.387722],[118.229421,37.396308],[118.222992,37.428656],[118.225515,37.438788],[118.231537,37.450222],[118.243337,37.466579],[118.256602,37.478095],[118.281749,37.495144],[118.29127,37.508124],[118.295421,37.524359],[118.299327,37.560574],[118.304779,37.576443],[118.328868,37.596381],[118.365245,37.606879],[118.519135,37.615668],[118.55421,37.626492],[118.585948,37.644639],[118.672862,37.718695],[118.68157,37.733466],[118.710053,37.749823],[118.722585,37.754503],[118.758718,37.760281],[118.78655,37.774726],[118.860362,37.796169],[118.897065,37.824327],[118.917003,37.830634],[118.938894,37.819403],[118.9546,37.808783],[118.978038,37.79975],[119.003429,37.796251],[119.033214,37.802558]],[[110.269949,34.637274],[110.297862,34.621161],[110.335134,34.615749],[110.367686,34.617499],[110.37672,34.615749],[110.387218,34.608222],[110.393321,34.599677],[110.399669,34.592475],[110.410818,34.589057],[110.42213,34.590644],[110.426524,34.595893],[110.429861,34.602729],[110.437592,34.608913],[110.44866,34.61286],[110.459076,34.614854],[110.482921,34.615749],[110.491628,34.613145],[110.500662,34.607001],[110.517019,34.592475],[110.530284,34.583604],[110.539643,34.584296],[110.548839,34.589911],[110.561697,34.595893],[110.584483,34.600857],[110.64739,34.602078],[110.708425,34.620917],[110.718761,34.626288],[110.725841,34.642442],[110.743175,34.654242],[110.765636,34.661241],[110.883474,34.666042],[110.922862,34.685736],[110.910574,34.732449],[110.933116,34.735175],[110.973155,34.716824],[110.989757,34.721869],[111.007253,34.737494],[111.025483,34.747423],[111.109304,34.768622],[111.124278,34.778632],[111.138438,34.819159],[111.157644,34.82213],[111.198416,34.808132],[111.215261,34.800076],[111.222667,34.798529],[111.232595,34.800727],[111.237641,34.806464],[111.240652,34.815701],[111.245616,34.824246],[111.256602,34.827989],[111.268972,34.82449],[111.276541,34.818427],[111.284679,34.816352],[111.307384,34.83157],[111.318858,34.837104],[111.331065,34.840847],[111.342459,34.842312],[111.352794,34.839382],[111.373057,34.825751],[111.383474,34.821804],[111.393972,34.823188],[111.421397,34.835476],[111.444591,34.83747],[111.557384,34.863308],[111.569021,34.868964],[111.572276,34.87405],[111.578298,34.890326],[111.582123,34.896918],[111.586681,34.900458],[111.597179,34.904975],[111.603282,34.909939],[111.610606,34.92121],[111.622,34.94713],[111.630463,34.958319],[111.641368,34.964382],[111.667979,34.97248],[111.678315,34.978827],[111.670339,34.997382],[111.682709,35.007839],[111.704031,35.012519],[111.723074,35.013536],[111.740652,35.018907],[111.763276,35.042344],[111.778331,35.047716],[111.796153,35.051703],[111.807628,35.061306],[111.816905,35.072821],[111.829112,35.082465],[111.845795,35.086982],[111.881847,35.089301],[111.897472,35.096137],[111.915294,35.089911],[111.957449,35.094062],[111.976166,35.085557],[111.99171,35.073757],[112.034679,35.047716],[112.058116,35.033393],[112.12558,35.023953],[112.151378,35.013536],[112.161632,35.000312],[112.178966,34.970811],[112.189138,34.965155],[112.202159,34.962958],[112.218028,34.957709],[112.232351,34.950995],[112.240733,34.944688],[112.256114,34.958035],[112.265066,34.963446],[112.274832,34.965155],[112.281505,34.961534],[112.284679,34.954535],[112.288992,34.947781],[112.299083,34.944688],[112.324474,34.941433],[112.361095,34.924669],[112.384044,34.917344],[112.466726,34.910346],[112.480235,34.906806],[112.490896,34.897976],[112.73406,34.808132],[112.779226,34.797919],[112.823253,34.800605],[112.912364,34.821804],[113.047374,34.831651],[113.089773,34.842312],[113.130382,34.860175],[113.151134,34.866523],[113.175792,34.868964],[113.19752,34.876288],[113.210134,34.893866],[113.22698,34.931667],[113.24879,34.948554],[113.270763,34.951443],[113.292491,34.951931],[113.329275,34.968777],[113.353608,34.972357],[113.497569,34.965155],[113.508718,34.968695],[113.521251,34.975287],[113.534109,34.979519],[113.545665,34.975694],[113.590017,34.944688],[113.665619,34.907538],[113.70574,34.89529],[113.74822,34.890692],[113.759044,34.89171],[113.779877,34.896186],[113.789236,34.896918],[113.800792,34.894395],[113.826915,34.883246],[113.836925,34.882148],[113.856537,34.877509],[113.867768,34.87641],[113.877208,34.878201],[113.89503,34.887152],[113.905935,34.890692],[113.918793,34.891628],[113.930919,34.89114],[113.942393,34.891954],[113.953868,34.896918],[113.963145,34.907294],[113.970795,34.930528],[113.977631,34.94127],[113.997813,34.949083],[114.02239,34.945339],[114.062429,34.931667],[114.085134,34.930772],[114.155284,34.937852],[114.179454,34.935981],[114.303233,34.898464],[114.323741,34.896918],[114.343842,34.901313],[114.378917,34.918484],[114.399425,34.92418],[114.421641,34.924669],[114.493663,34.906073],[114.501394,34.903103],[114.509288,34.901923],[114.52239,34.903673],[114.53183,34.906684],[114.546397,34.914252],[114.556407,34.917344],[114.577403,34.91767],[114.609467,34.902655],[114.631602,34.896918],[114.646007,34.897528],[114.654389,34.901679],[114.65976,34.906602],[114.665619,34.909939],[114.676362,34.910712],[114.698822,34.909247],[114.707286,34.909939],[114.729991,34.920925],[114.745128,34.936347],[114.768891,34.972602],[114.781668,34.985867],[114.83074,35.019802]]]}},{"type":"Feature","properties":{"dissolve":"97Lake Centerline","scalerank":4.0,"featurecla":"Lake Centerline","name":"Murray","name_alt":null,"rivernum":97,"note":null,"min_zoom":4.0,"name_en":"Murray","min_label":5.0},"bbox":[146.028087,-36.108087,147.271658,-36.004897],"geometry":{"type":"MultiLineString","coordinates":[[[146.028087,-36.014581],[146.04005,-36.011163],[146.056163,-36.004897],[146.077159,-36.00978],[146.101003,-36.013604],[146.141775,-36.018569],[146.154226,-36.021987],[146.1692,-36.027276],[146.181814,-36.034845],[146.199148,-36.050958],[146.215912,-36.055841]],[[147.043224,-36.108087],[147.056733,-36.108087],[147.074229,-36.085626],[147.083995,-36.07407],[147.100352,-36.05226],[147.118907,-36.031101],[147.140229,-36.026381],[147.167247,-36.038507],[147.194835,-36.045343],[147.220714,-36.044773],[147.251882,-36.046889],[147.271658,-36.049005]]]}},{"type":"Feature","properties":{"dissolve":"97River","scalerank":4.0,"featurecla":"River","name":"Murray","name_alt":null,"rivernum":97,"note":null,"min_zoom":4.0,"name_en":"Murray","min_label":5.0},"bbox":[141.92628,-36.967136,148.216726,-34.112237],"geometry":{"type":"MultiLineString","coordinates":[[[146.028087,-36.014581],[145.991954,-36.016046],[145.983165,-36.014337],[145.973237,-36.006199],[145.969168,-35.996108],[145.965994,-35.986017],[145.959239,-35.976983],[145.939464,-35.966811],[145.917979,-35.964207],[145.895844,-35.967136],[145.8296,-35.983412],[145.786632,-35.979913],[145.744233,-35.964858],[145.572276,-35.843601],[145.536225,-35.829115],[145.493337,-35.829034],[145.45045,-35.839532],[145.37558,-35.872979],[145.333751,-35.87599],[145.291108,-35.869806],[145.250173,-35.857273],[145.217703,-35.851251],[145.120535,-35.851251],[145.008067,-35.867608],[144.992768,-35.874037],[144.976085,-35.887384],[144.970876,-35.894871],[144.962169,-35.953464],[144.938894,-35.987726],[144.933604,-36.005548],[144.944835,-36.025079],[144.960134,-36.039972],[144.977143,-36.060235],[144.985606,-36.080987],[144.975108,-36.097507],[144.955984,-36.099298],[144.910655,-36.081394],[144.88974,-36.076349],[144.871755,-36.083673],[144.830658,-36.118829],[144.810802,-36.131687],[144.766612,-36.136407],[144.740489,-36.134942],[144.72877,-36.127862],[144.727794,-36.11655],[144.724213,-36.111668],[144.717052,-36.110365],[144.70517,-36.110528],[144.705577,-36.106622],[144.697765,-36.097833],[144.681651,-36.083836],[144.662201,-36.078139],[144.619721,-36.075209],[144.602468,-36.066095],[144.492442,-35.959649],[144.45224,-35.947198],[144.435476,-35.932143],[144.422374,-35.913995],[144.375662,-35.814386],[144.353038,-35.77752],[144.323985,-35.754246],[144.312511,-35.751397],[144.288015,-35.750421],[144.276296,-35.747979],[144.26767,-35.741713],[144.253022,-35.724298],[144.237804,-35.717136],[144.218679,-35.70086],[144.214854,-35.696466],[144.210704,-35.689793],[144.201182,-35.686049],[144.189708,-35.683119],[144.180105,-35.679132],[144.150645,-35.650079],[144.099701,-35.586765],[144.064545,-35.569268],[144.019786,-35.563816],[143.998139,-35.555515],[143.980398,-35.52337],[143.960541,-35.513198],[143.898855,-35.491713],[143.858165,-35.470636],[143.83546,-35.451349],[143.826101,-35.445652],[143.815929,-35.440851],[143.794444,-35.436944],[143.788503,-35.43198],[143.784272,-35.425226],[143.776541,-35.41839],[143.733409,-35.401788],[143.65089,-35.389337],[143.595225,-35.360528],[143.585704,-35.35296],[143.578624,-35.342706],[143.576182,-35.329034],[143.580984,-35.32114],[143.587576,-35.314467],[143.590994,-35.305515],[143.590994,-35.286472],[143.588878,-35.267429],[143.581065,-35.249444],[143.564464,-35.233412],[143.546886,-35.226007],[143.459565,-35.209405],[143.437511,-35.199558],[143.417979,-35.188002],[143.406749,-35.178888],[143.383474,-35.145685],[143.363699,-35.107273],[143.349864,-35.065932],[143.342459,-35.006687],[143.333344,-34.979181],[143.331065,-34.962823],[143.332937,-34.955092],[143.341807,-34.935235],[143.344737,-34.924981],[143.343272,-34.918634],[143.339936,-34.911065],[143.337169,-34.902032],[143.337901,-34.890802],[143.341563,-34.887058],[143.348725,-34.882257],[143.355886,-34.875828],[143.358897,-34.866632],[143.357921,-34.859063],[143.353119,-34.84588],[143.351492,-34.835626],[143.358165,-34.817071],[143.360037,-34.806329],[143.355154,-34.801446],[143.327891,-34.784356],[143.313731,-34.782892],[143.296641,-34.791192],[143.282481,-34.792494],[143.276378,-34.770685],[143.268565,-34.75392],[143.250662,-34.747979],[143.231944,-34.743992],[143.221202,-34.73325],[143.156505,-34.703058],[143.142345,-34.69907],[143.049815,-34.692234],[143.012543,-34.672865],[142.995372,-34.668796],[142.988373,-34.682306],[142.981049,-34.690606],[142.964366,-34.681329],[142.933686,-34.658136],[142.921397,-34.658136],[142.914561,-34.661798],[142.908783,-34.667006],[142.880056,-34.679376],[142.878347,-34.674819],[142.868744,-34.661798],[142.864187,-34.65252],[142.859793,-34.629815],[142.85491,-34.620782],[142.846772,-34.614923],[142.817556,-34.603448],[142.806814,-34.591811],[142.799408,-34.585463],[142.789806,-34.582371],[142.778901,-34.584324],[142.756847,-34.593764],[142.745046,-34.596043],[142.725841,-34.603204],[142.716563,-34.620945],[142.707774,-34.665541],[142.704682,-34.670587],[142.699799,-34.675632],[142.695567,-34.681492],[142.693614,-34.689142],[142.6963,-34.705255],[142.69866,-34.712823],[142.700287,-34.712742],[142.694347,-34.730971],[142.687022,-34.735691],[142.676199,-34.733901],[142.659434,-34.73325],[142.63974,-34.734389],[142.630463,-34.736342],[142.628917,-34.743666],[142.632091,-34.761163],[142.643484,-34.778497],[142.642507,-34.787612],[142.625173,-34.795261],[142.608409,-34.781427],[142.594249,-34.777765],[142.578136,-34.777358],[142.556407,-34.774102],[142.547781,-34.770929],[142.536388,-34.765069],[142.526378,-34.757745],[142.522227,-34.750339],[142.523367,-34.727472],[142.522227,-34.719578],[142.494233,-34.665541],[142.471283,-34.643406],[142.467459,-34.63421],[142.468272,-34.6242],[142.469737,-34.617852],[142.470144,-34.611993],[142.467459,-34.603448],[142.458344,-34.591648],[142.394542,-34.546889],[142.385509,-34.53338],[142.371104,-34.444757],[142.372081,-34.424737],[142.37794,-34.403253],[142.397634,-34.373712],[142.406179,-34.356459],[142.396251,-34.338067],[142.382091,-34.335789],[142.364675,-34.340265],[142.344737,-34.342706],[142.327891,-34.334649],[142.304779,-34.317234],[142.284597,-34.297865],[142.272553,-34.28045],[142.265636,-34.27752],[142.258474,-34.272882],[142.255382,-34.264011],[142.253673,-34.240574],[142.248546,-34.218683],[142.238048,-34.196303],[142.234874,-34.191908],[142.22405,-34.190362],[142.199474,-34.192804],[142.190033,-34.188328],[142.17571,-34.171563],[142.163829,-34.162449],[142.149832,-34.158624],[142.128429,-34.157729],[142.122569,-34.159845],[142.104991,-34.168878],[142.094005,-34.170831],[142.077159,-34.136733],[142.050955,-34.116062],[142.024913,-34.112237],[141.970876,-34.123712],[141.960053,-34.124688],[141.949148,-34.124037],[141.937673,-34.121596],[141.92628,-34.116876]],[[147.044526,-36.107599],[147.01588,-36.093113],[147.004975,-36.090183],[146.989838,-36.09002],[146.973562,-36.09474],[146.965994,-36.103041],[146.962006,-36.111749],[146.95574,-36.118015],[146.930756,-36.115737],[146.905772,-36.099623],[146.878429,-36.087579],[146.846609,-36.097507],[146.829031,-36.080011],[146.820404,-36.073663],[146.812511,-36.069513],[146.785085,-36.068862],[146.770844,-36.066908],[146.756114,-36.046319],[146.735606,-36.04339],[146.710704,-36.044122],[146.688894,-36.042332],[146.670421,-36.031589],[146.637706,-36.000339],[146.62379,-35.993829],[146.544932,-35.993829],[146.535085,-35.990167],[146.514252,-35.976902],[146.503917,-35.973972],[146.496349,-35.976007],[146.484386,-35.985365],[146.472992,-35.987644],[146.463796,-35.985203],[146.453054,-35.980645],[146.441905,-35.978692],[146.431651,-35.983901],[146.384776,-36.04754],[146.369151,-36.052748],[146.300873,-36.046075],[146.266205,-36.035089],[146.243256,-36.035333],[146.228933,-36.037774],[146.222585,-36.039483],[146.215912,-36.055841]],[[148.004975,-36.967136],[148.001964,-36.939874],[148.194835,-36.691257],[148.20574,-36.67254],[148.213796,-36.6513],[148.216726,-36.628106],[148.214692,-36.616876],[148.197683,-36.585463],[148.185069,-36.581557],[148.171153,-36.579522],[148.16155,-36.576593],[148.154552,-36.569838],[148.149994,-36.562514],[148.147472,-36.554539],[148.146495,-36.545831],[148.148448,-36.504327],[148.146251,-36.499688],[148.141612,-36.494643],[148.136974,-36.487807],[148.1338,-36.466648],[148.130789,-36.458917],[148.120535,-36.446954],[148.084972,-36.424819],[148.067312,-36.409682],[148.059662,-36.388198],[148.062673,-36.377618],[148.075857,-36.360365],[148.079031,-36.354425],[148.077566,-36.341974],[148.074148,-36.332452],[148.065359,-36.316583],[148.043061,-36.258477],[148.042003,-36.247573],[148.031668,-36.237156],[148.033946,-36.213393],[148.045095,-36.17254],[148.035655,-36.151788],[147.999115,-36.130711],[147.99114,-36.11419],[147.995372,-36.087091],[148.000987,-36.070245],[147.996593,-36.059259],[147.970714,-36.049005],[147.948985,-36.045343],[147.940359,-36.042657],[147.929128,-36.035333],[147.920909,-36.025405],[147.915619,-36.014174],[147.909434,-36.00506],[147.898367,-36.001316],[147.871593,-35.998386],[147.740896,-35.945977],[147.731375,-35.944675],[147.713471,-35.939386],[147.703136,-35.939874],[147.694347,-35.943862],[147.677664,-35.956882],[147.671967,-35.959649],[147.55657,-35.996433],[147.538585,-35.990737],[147.533295,-35.972507],[147.519786,-35.958022],[147.501964,-35.948744],[147.483409,-35.945977],[147.47519,-35.948419],[147.457286,-35.957696],[147.446381,-35.959649],[147.4192,-35.957371],[147.408295,-35.959649],[147.396251,-35.966729],[147.381928,-35.979669],[147.368907,-35.994643],[147.360444,-36.008152],[147.347992,-36.062433],[147.339936,-36.076349],[147.323741,-36.0617],[147.305919,-36.052097],[147.286388,-36.04933],[147.271658,-36.049005]]]}},{"type":"Feature","properties":{"dissolve":"98River","scalerank":4.0,"featurecla":"River","name":"Orange","name_alt":null,"rivernum":98,"note":null,"min_zoom":4.0,"name_en":"Orange","min_label":5.0},"bbox":[16.487071,-29.676446,23.627615,-28.026707],"geometry":{"type":"MultiLineString","coordinates":[[[23.627615,-29.07407],[23.617931,-29.076104],[23.615652,-29.083836],[23.621267,-29.104425],[23.618663,-29.114272],[23.612071,-29.126153],[23.587901,-29.15724],[23.571788,-29.185479],[23.559825,-29.19614],[23.536143,-29.204767],[23.516531,-29.208022],[23.497813,-29.213881],[23.477306,-29.230808],[23.457774,-29.216241],[23.417166,-29.204278],[23.398692,-29.192722],[23.37615,-29.183445],[23.361339,-29.199558],[23.342947,-29.26214],[23.338552,-29.265964],[23.326427,-29.271173],[23.315847,-29.271824],[23.305186,-29.268569],[23.293956,-29.267755],[23.263194,-29.286065],[23.219249,-29.297703],[23.203624,-29.306004],[23.198171,-29.315444],[23.194509,-29.337905],[23.18922,-29.346856],[23.178722,-29.351007],[23.165945,-29.350518],[23.145193,-29.346856],[23.134044,-29.348077],[23.104503,-29.354343],[23.098806,-29.360284],[23.103038,-29.373386],[23.114187,-29.395359],[23.104177,-29.408705],[23.084239,-29.417657],[23.06129,-29.41961],[23.020437,-29.402683],[23.011648,-29.418878],[23.010671,-29.442722],[23.01238,-29.461358],[23.013682,-29.464207],[23.018565,-29.470392],[23.0053,-29.490574],[22.996349,-29.514011],[22.982188,-29.525079],[22.953054,-29.508233],[22.933116,-29.505385],[22.921153,-29.529799],[22.910574,-29.559747],[22.89503,-29.573419],[22.881765,-29.561537],[22.862559,-29.537042],[22.846609,-29.524916],[22.845714,-29.540867],[22.854666,-29.557061],[22.86671,-29.572768],[22.874685,-29.587091],[22.875906,-29.599623],[22.873464,-29.613295],[22.868093,-29.627455],[22.860281,-29.642267],[22.86907,-29.657403],[22.854177,-29.667983],[22.8296,-29.67433],[22.809093,-29.676446],[22.793386,-29.672703],[22.747325,-29.652358],[22.730479,-29.642267],[22.715505,-29.62892],[22.704845,-29.614272],[22.698497,-29.597345],[22.69573,-29.566746],[22.693044,-29.559259],[22.687511,-29.554539],[22.678722,-29.552911],[22.663829,-29.552179],[22.659679,-29.54933],[22.658946,-29.543308],[22.654959,-29.532403],[22.615733,-29.461602],[22.603282,-29.450535],[22.598074,-29.447198],[22.592703,-29.439955],[22.585867,-29.432631],[22.576101,-29.429376],[22.562755,-29.431004],[22.543875,-29.4367],[22.531993,-29.436212],[22.516124,-29.427097],[22.48406,-29.394952],[22.473643,-29.387872],[22.452159,-29.384617],[22.440684,-29.385186],[22.430431,-29.399916],[22.419119,-29.397882],[22.401622,-29.387872],[22.38502,-29.373549],[22.350108,-29.329522],[22.3296,-29.320733],[22.288259,-29.32586],[22.271251,-29.312677],[22.26824,-29.292332],[22.277029,-29.242608],[22.274669,-29.226739],[22.262706,-29.207045],[22.259288,-29.188653],[22.257579,-29.148289],[22.252371,-29.132257],[22.242117,-29.114272],[22.228282,-29.099623],[22.212901,-29.093683],[22.206798,-29.089207],[22.204031,-29.078546],[22.203054,-29.056329],[22.200694,-29.041925],[22.195323,-29.033868],[22.188406,-29.027358],[22.181895,-29.017918],[22.160655,-28.954034],[22.099376,-28.88128],[22.078543,-28.846856],[22.067312,-28.837416],[22.051524,-28.839776],[22.039561,-28.8506],[22.028005,-28.86476],[22.012869,-28.874933],[21.990164,-28.873956],[21.980724,-28.865167],[21.965505,-28.832452],[21.955984,-28.819268],[21.937185,-28.813328],[21.89031,-28.812839],[21.88087,-28.809421],[21.876475,-28.788507],[21.857839,-28.754083],[21.848155,-28.727227],[21.824718,-28.703546],[21.819347,-28.685886],[21.810802,-28.666436],[21.772716,-28.644708],[21.764171,-28.630873],[21.752126,-28.56878],[21.757986,-28.552423],[21.722585,-28.499444],[21.706065,-28.490899],[21.702159,-28.485528],[21.703136,-28.461602],[21.699229,-28.456069],[21.694509,-28.453627],[21.67628,-28.441257],[21.587901,-28.402276],[21.548269,-28.391778],[21.492442,-28.387628],[21.469981,-28.388686],[21.450857,-28.393731],[21.433604,-28.416355],[21.412608,-28.421563],[21.3213,-28.420831],[21.300059,-28.426121],[21.281749,-28.451511],[21.216075,-28.476576],[21.199474,-28.489597],[21.188894,-28.50628],[21.183035,-28.526218],[21.181326,-28.549249],[21.17571,-28.566257],[21.107595,-28.644464],[21.077078,-28.672296],[21.042166,-28.696629],[21.003184,-28.716241],[20.98463,-28.721856],[20.966319,-28.723972],[20.924083,-28.723647],[20.900564,-28.726739],[20.839285,-28.75099],[20.754893,-28.765639],[20.66741,-28.764093],[20.599864,-28.746759],[20.55128,-28.741225],[20.533946,-28.733575],[20.520763,-28.722507],[20.489268,-28.682061],[20.459158,-28.664239],[20.455089,-28.658217],[20.443126,-28.650405],[20.37322,-28.62005],[20.31422,-28.579604],[20.304698,-28.575046],[20.295095,-28.567315],[20.286062,-28.544122],[20.274913,-28.540216],[20.248953,-28.5381],[20.237315,-28.532403],[20.215994,-28.517592],[20.16212,-28.490167],[20.130789,-28.469252],[20.002452,-28.423354],[19.980968,-28.422214],[19.949962,-28.429132],[19.939708,-28.430108],[19.9074,-28.426446],[19.896169,-28.427667],[19.869802,-28.440769],[19.824962,-28.476576],[19.795828,-28.484063],[19.747569,-28.486993],[19.724864,-28.494073],[19.705007,-28.507989],[19.687755,-28.515964],[19.587413,-28.522638],[19.578624,-28.525079],[19.568289,-28.531183],[19.561778,-28.538018],[19.555919,-28.546075],[19.547048,-28.555678],[19.541515,-28.563897],[19.533214,-28.582371],[19.526866,-28.58587],[19.517345,-28.589288],[19.51116,-28.597833],[19.482351,-28.678155],[19.471934,-28.692722],[19.454519,-28.705092],[19.434093,-28.713393],[19.352794,-28.731866],[19.338552,-28.737319],[19.32781,-28.735772],[19.303884,-28.718601],[19.289561,-28.719578],[19.276785,-28.729343],[19.265391,-28.742608],[19.248057,-28.771417],[19.244395,-28.792413],[19.250987,-28.814142],[19.288341,-28.870945],[19.287852,-28.882989],[19.276052,-28.889337],[19.243093,-28.891778],[19.237071,-28.895522],[19.226085,-28.911472],[19.218028,-28.918796],[19.161062,-28.945326],[19.11964,-28.957371],[19.081228,-28.959161],[19.06422,-28.93963],[19.059581,-28.935561],[19.048513,-28.932306],[19.013438,-28.928399],[19.006358,-28.926202],[18.99586,-28.91546],[18.970632,-28.880385],[18.954031,-28.86655],[18.745128,-28.839776],[18.553477,-28.864597],[18.5171,-28.882257],[18.495616,-28.888116],[18.49114,-28.886244],[18.478933,-28.876316],[18.474539,-28.873956],[18.468923,-28.874933],[18.460216,-28.879815],[18.4546,-28.88128],[18.435232,-28.884129],[18.424246,-28.887058],[18.416515,-28.891534],[18.396983,-28.898858],[18.372569,-28.895196],[18.330496,-28.88128],[18.308116,-28.879897],[18.220225,-28.891046],[18.184581,-28.902195],[18.166026,-28.901788],[18.08196,-28.875909],[18.043468,-28.858331],[17.982677,-28.81349],[17.949148,-28.794773],[17.912771,-28.781183],[17.74586,-28.748468],[17.713634,-28.75099],[17.70281,-28.755548],[17.683035,-28.767429],[17.673106,-28.771417],[17.660411,-28.772149],[17.628184,-28.764093],[17.606619,-28.755548],[17.602061,-28.735284],[17.602957,-28.710626],[17.597585,-28.689467],[17.58253,-28.680108],[17.56544,-28.683445],[17.546397,-28.691339],[17.526134,-28.695733],[17.48463,-28.700046],[17.44044,-28.709405],[17.403087,-28.704115],[17.401134,-28.674168],[17.413748,-28.632664],[17.419932,-28.593276],[17.408946,-28.571303],[17.372569,-28.559259],[17.364675,-28.542413],[17.358897,-28.519708],[17.33196,-28.488621],[17.323741,-28.470554],[17.327647,-28.456069],[17.34075,-28.442722],[17.357921,-28.432794],[17.375011,-28.428888],[17.390798,-28.418796],[17.399181,-28.395033],[17.401541,-28.367608],[17.399425,-28.346205],[17.394298,-28.334975],[17.378429,-28.316257],[17.371593,-28.306004],[17.367605,-28.293796],[17.366466,-28.28338],[17.363699,-28.273289],[17.354421,-28.260919],[17.350759,-28.251397],[17.349132,-28.238621],[17.345225,-28.227472],[17.333995,-28.222833],[17.308035,-28.224054],[17.24464,-28.237237],[17.212657,-28.231948],[17.191335,-28.208836],[17.186534,-28.161961],[17.18922,-28.139337],[17.189464,-28.116713],[17.180431,-28.099461],[17.155284,-28.092462],[17.135916,-28.084649],[17.122732,-28.06642],[17.111339,-28.045912],[17.097179,-28.031101],[17.086111,-28.027032],[17.075938,-28.026707],[17.056326,-28.031101],[17.044851,-28.03631],[17.011485,-28.058282],[16.984874,-28.052097],[16.973318,-28.055027],[16.958995,-28.068373],[16.947032,-28.072605],[16.937022,-28.070977],[16.927013,-28.060073],[16.919119,-28.058282],[16.913015,-28.062677],[16.896007,-28.079929],[16.892345,-28.082533],[16.884939,-28.161961],[16.877696,-28.171889],[16.873302,-28.171401],[16.868175,-28.16782],[16.851573,-28.168308],[16.847341,-28.165379],[16.843191,-28.163751],[16.837169,-28.168145],[16.835134,-28.174005],[16.837901,-28.179376],[16.855479,-28.199233],[16.855886,-28.206557],[16.840587,-28.209812],[16.819265,-28.209649],[16.813731,-28.213311],[16.809825,-28.222833],[16.812755,-28.229832],[16.820323,-28.239923],[16.826101,-28.251886],[16.824148,-28.264337],[16.814708,-28.270685],[16.804617,-28.267592],[16.794688,-28.261163],[16.785899,-28.257501],[16.768077,-28.265313],[16.763927,-28.283136],[16.767833,-28.303643],[16.775076,-28.319024],[16.796316,-28.347833],[16.803396,-28.366062],[16.792735,-28.3742],[16.778087,-28.382826],[16.772716,-28.402846],[16.771658,-28.425714],[16.768809,-28.44256],[16.757823,-28.459649],[16.739919,-28.48089],[16.719981,-28.495945],[16.70338,-28.494317],[16.699229,-28.48504],[16.6963,-28.472345],[16.691905,-28.461114],[16.682872,-28.456069],[16.672618,-28.459649],[16.596853,-28.526218],[16.558604,-28.537042],[16.531016,-28.549656],[16.504893,-28.565281],[16.487071,-28.572931]]]}},{"type":"Feature","properties":{"dissolve":"9Lake Centerline","scalerank":1.0,"featurecla":"Lake Centerline","name":"Albert Nile","name_alt":null,"rivernum":9,"note":null,"min_zoom":2.0,"name_en":"Albert Nile","min_label":3.0},"bbox":[31.333588,2.189399,31.474701,2.400417],"geometry":{"type":"MultiLineString","coordinates":[[[31.36671,2.193386],[31.366222,2.193142],[31.365733,2.192816],[31.355235,2.189399],[31.340261,2.201768],[31.333588,2.225409],[31.337169,2.245551],[31.35198,2.274441],[31.368907,2.295437],[31.411225,2.321072],[31.427664,2.326606],[31.451915,2.337673],[31.464122,2.350369],[31.468516,2.366278],[31.471609,2.387478],[31.474701,2.400417]]]}},{"type":"Feature","properties":{"dissolve":"9River","scalerank":1.0,"featurecla":"River","name":"Albert Nile","name_alt":null,"rivernum":9,"note":null,"min_zoom":2.0,"name_en":"Albert Nile","min_label":3.0},"bbox":[31.367686,2.400702,32.022878,3.613634],"geometry":{"type":"MultiLineString","coordinates":[[[32.01588,3.613634],[32.022878,3.586859],[32.0088,3.578315],[31.958263,3.563422],[31.947195,3.549343],[31.941905,3.527655],[31.928152,3.510281],[31.908376,3.499457],[31.885753,3.497504],[31.873953,3.500596],[31.861746,3.506293],[31.850352,3.513699],[31.841319,3.521674],[31.823253,3.520331],[31.81308,3.522244],[31.813731,3.528876],[31.815196,3.535224],[31.803722,3.533271],[31.782725,3.525417],[31.758311,3.503485],[31.748546,3.497504],[31.725841,3.492703],[31.703868,3.490668],[31.693289,3.486396],[31.686615,3.476996],[31.681651,3.467637],[31.664154,3.453884],[31.657481,3.431708],[31.652599,3.40644],[31.646088,3.387641],[31.611501,3.353135],[31.596934,3.33454],[31.58839,3.300157],[31.582449,3.292548],[31.575613,3.285753],[31.570404,3.278998],[31.567312,3.271186],[31.562999,3.244249],[31.551199,3.201931],[31.512462,3.118679],[31.475597,3.063096],[31.430186,3.014919],[31.415457,2.993923],[31.402273,2.955593],[31.37672,2.903591],[31.367686,2.86282],[31.371104,2.821112],[31.392833,2.78559],[31.412201,2.772081],[31.427338,2.76435],[31.437104,2.75255],[31.442556,2.717312],[31.446707,2.705919],[31.449229,2.693915],[31.44752,2.681912],[31.441987,2.676459],[31.424815,2.667507],[31.419526,2.662055],[31.416433,2.638495],[31.423595,2.617458],[31.436453,2.598822],[31.450613,2.582872],[31.462657,2.562079],[31.477794,2.519232],[31.495209,2.504421],[31.503835,2.505154],[31.515066,2.508734],[31.524669,2.509304],[31.528819,2.501003],[31.527436,2.489773],[31.523367,2.479682],[31.51588,2.472439],[31.504893,2.469672],[31.489838,2.462592],[31.479991,2.445095],[31.475027,2.422634],[31.474864,2.400702]]]}},{"type":"Feature","properties":{"name":"Congo","featurecla":"River","authored":true,"note":"Review correction: downstream outlet extension from the Natural Earth inland endpoint to the supplied heightmap Atlantic coastline; approximate course.","reusedFrom":"HeightMaps/Africa/rivers.geojson","reuseNote":"Existing authored outlet extension reused for Old World after verifying four-neighbor ocean connectivity at 500 and 1000; coordinates are unchanged. This approximate course is not Natural Earth geometry."},"geometry":{"type":"LineString","coordinates":[[13.184337,-5.856296],[12.9,-5.9],[12.65,-5.97],[12.45,-6.06],[12.1,-6.1]]}}]}
