{"type":"FeatureCollection","source":{"title":"Natural Earth v5.0.0 1:10m ne_10m_rivers_lake_centerlines","license":"Public domain","terms":"https://www.naturalearthdata.com/about/terms-of-use/","upstreamCommit":"ace5fed0eaf3c6c03c951e75b439ba8fffbc218e","sourceFiles":[{"file":"ne_10m_rivers_lake_centerlines.geojson","sha256":"bb854a900ecbd3b408df46d5e16e3e0f974ba55993f9d8b5c26e855273c0905a","url":"https://github.com/nvkelso/natural-earth-vector/blob/ace5fed0eaf3c6c03c951e75b439ba8fffbc218e/geojson/ne_10m_rivers_lake_centerlines.geojson"}],"geometryPolicy":"Original features, properties and coordinates preserved; cropped only during rasterization","limitations":"Generalized cartography, not a complete drainage or lake inventory. Gameplay widths are exaggerated; fixed nominal lake levels are not current levels or datum conversions.","geographicBoundsWsen":[67.49969754548624,-45.088823471434,157.49969754548624,36.59813031529008],"selectionNotes":"Named permanent River and Lake Centerline features, base-layer scale ranks 0 through 8, whose line geometry intersects the footprint. Intermittent rivers and minor supplements excluded."},"features":[{"type":"Feature","properties":{"dissolve":"0River","scalerank":1.0,"featurecla":"River","name":"Irrawaddy Delta","name_alt":null,"rivernum":0,"note":null,"min_zoom":2.0,"name_en":"Irrawaddy Delta","min_label":3.0},"bbox":[94.677013,16.024848,96.171153,17.929145],"geometry":{"type":"MultiLineString","coordinates":[[[95.451101,17.820502],[95.427664,17.844672],[95.387787,17.824408],[95.324474,17.761827],[95.305268,17.749945],[95.272472,17.755316],[95.255463,17.748155],[95.197276,17.67654],[95.209483,17.663764],[95.214447,17.645046],[95.210948,17.631659],[95.197276,17.634874],[95.171641,17.619208],[95.160737,17.609442],[95.156261,17.597032],[95.159434,17.583604],[95.165945,17.568142],[95.169932,17.553412],[95.166515,17.542426],[95.12379,17.509955],[95.10906,17.488389],[95.115245,17.46365],[95.098237,17.467963],[95.08546,17.459825],[95.075613,17.445095],[95.067475,17.429511],[95.092052,17.429755],[95.089447,17.407335],[95.075125,17.380439],[95.064057,17.367458],[95.023204,17.340847],[95.000011,17.333604],[94.999115,17.353787],[94.981049,17.358507],[94.960948,17.353868],[94.944591,17.343126],[94.937755,17.329535],[94.937755,17.29914],[94.93629,17.293484],[94.930756,17.285346],[94.930186,17.278632],[94.95517,17.239122],[94.957042,17.228624],[94.937022,17.219184],[94.930593,17.208075],[94.925873,17.195339],[94.920339,17.185858],[94.91505,17.179633],[94.908214,17.167507],[94.903575,17.161933],[94.897472,17.157904],[94.875662,17.148301],[94.875662,17.135443],[94.868907,17.114691],[94.859386,17.095323],[94.851736,17.086859],[94.842459,17.085028],[94.832286,17.08039],[94.823822,17.074815],[94.820323,17.06977],[94.823334,17.059027],[94.830089,17.04739],[94.837169,17.03913],[94.841563,17.038438],[94.826427,17.026068],[94.805919,17.028144],[94.787852,17.027859],[94.78004,17.008002],[94.776459,17.002997],[94.74879,16.98074],[94.741222,16.970649],[94.741303,16.962429],[94.744151,16.953681],[94.745372,16.942247],[94.736501,16.841864],[94.724864,16.785224],[94.726736,16.76435],[94.74171,16.740302],[94.745372,16.720323],[94.742198,16.714464],[94.735037,16.70954],[94.728038,16.703152],[94.724864,16.692694],[94.726492,16.680732],[94.732432,16.658637],[94.732351,16.648017],[94.725108,16.634792],[94.702403,16.607611],[94.69752,16.590277],[94.6963,16.571397],[94.6928,16.557196],[94.68629,16.544949],[94.677013,16.532009]],[[95.450287,17.791327],[95.466401,17.801296],[95.486339,17.826972],[95.492605,17.843817],[95.486827,17.877712],[95.486095,17.893826],[95.492605,17.909247],[95.510753,17.91059],[95.537201,17.925401],[95.557546,17.929145],[95.573985,17.921169],[95.581065,17.905544],[95.587413,17.895087],[95.602468,17.902452],[95.60963,17.885321],[95.608897,17.865994],[95.602468,17.823594],[95.60434,17.814724],[95.61435,17.789822],[95.625255,17.773546],[95.630626,17.755561],[95.635916,17.744737],[95.64446,17.734483],[95.651378,17.730536],[95.659109,17.728339],[95.682628,17.718573],[95.68629,17.718614],[95.685557,17.717068],[95.6845,17.706895],[95.681163,17.697537],[95.666596,17.695421],[95.663259,17.686469],[95.66627,17.681586],[95.6845,17.662218],[95.712576,17.615505],[95.72169,17.607611],[95.727143,17.598578],[95.721121,17.552069],[95.724864,17.531928],[95.737722,17.523383],[95.7588,17.513536],[95.778331,17.500067],[95.786876,17.480414],[95.783295,17.469062],[95.777843,17.459296],[95.777761,17.452501],[95.790538,17.449978],[95.798269,17.446357],[95.802257,17.437567],[95.807384,17.415839],[95.810964,17.410509],[95.821544,17.400336],[95.808686,17.393337],[95.811615,17.38581],[95.831554,17.36404],[95.839854,17.351589],[95.842296,17.341091],[95.842214,17.325792],[95.847748,17.300849],[95.855235,17.279853],[95.866466,17.261298],[95.883067,17.243923],[95.892589,17.238349],[95.901296,17.234646],[95.907725,17.227973],[95.910492,17.213813],[95.914236,17.20071],[95.924083,17.19123],[95.945242,17.176215],[95.95753,17.157538],[95.956391,17.143622],[95.947765,17.12877],[95.938243,17.107286],[95.94337,17.09866],[95.943451,17.073839],[95.945242,17.059597],[95.949474,17.04682],[95.955089,17.038153],[95.962413,17.03144],[95.972341,17.024766],[96.024913,17.000067],[96.050304,16.980658],[96.06129,16.95307],[96.084076,16.915839],[96.087006,16.900417],[96.100352,16.861884],[96.113699,16.837836],[96.118744,16.821153],[96.121674,16.803575],[96.122569,16.788275],[96.128998,16.776679],[96.144054,16.771552],[96.157807,16.769639],[96.171153,16.771552]],[[95.465261,17.706895],[95.449474,17.710273],[95.431895,17.706],[95.418712,17.707302],[95.418224,17.707872],[95.385916,17.721625],[95.375255,17.696967],[95.37379,17.659491],[95.369151,17.634874],[95.35255,17.628689],[95.328624,17.643988],[95.313975,17.634874],[95.308035,17.618435],[95.315847,17.606553],[95.327891,17.595242],[95.334972,17.580268],[95.325125,17.553005],[95.27532,17.515937],[95.266124,17.498358],[95.276947,17.484442],[95.341807,17.457384],[95.327566,17.439399],[95.325206,17.430243],[95.319835,17.430243],[95.31308,17.432318],[95.30714,17.429511],[95.302419,17.415798],[95.305268,17.405056],[95.310964,17.395331],[95.318614,17.372626],[95.327403,17.362657],[95.332937,17.352607],[95.327566,17.340115],[95.317149,17.334581],[95.302257,17.332709],[95.26946,17.333279],[95.260834,17.33865],[95.261648,17.350369],[95.267996,17.362087],[95.281342,17.370632],[95.279714,17.377753],[95.275401,17.385037],[95.27296,17.388495],[95.265391,17.393907],[95.263601,17.392768],[95.263113,17.387641],[95.259288,17.381049],[95.249522,17.370225],[95.243175,17.358751],[95.239757,17.345526],[95.23878,17.329535],[95.24407,17.320624],[95.27003,17.308783],[95.279796,17.29914],[95.263682,17.30211],[95.245535,17.309394],[95.228119,17.314032],[95.214692,17.309394],[95.213471,17.296088],[95.225841,17.281317],[95.241791,17.266059],[95.25172,17.251329],[95.251231,17.23668],[95.247081,17.220893],[95.246186,17.208116],[95.255463,17.202948],[95.265554,17.195583],[95.260183,17.179307],[95.245616,17.163113],[95.21575,17.151435],[95.204519,17.140815],[95.195893,17.127224],[95.19101,17.114203],[95.190847,17.093695],[95.198253,17.077663],[95.207123,17.063585],[95.211436,17.049018],[95.205658,17.016669],[95.191417,16.981269],[95.17335,16.949734],[95.156261,16.929226],[95.167084,16.919298],[95.175792,16.906033],[95.18157,16.891466],[95.183604,16.877997],[95.188975,16.87462],[95.200694,16.871283],[95.212332,16.864447],[95.2199,16.844021],[95.229747,16.833441],[95.231944,16.826199],[95.229991,16.824978],[95.22047,16.81684],[95.217703,16.813096],[95.197276,16.75788],[95.192312,16.7331],[95.19101,16.706366],[95.187755,16.702257],[95.179861,16.703884],[95.166515,16.709499],[95.157481,16.706651],[95.157237,16.700019],[95.163097,16.685858],[95.158946,16.6612],[95.148692,16.646186],[95.135346,16.634833],[95.122081,16.620714],[95.132335,16.595649],[95.129893,16.578477],[95.115733,16.56863],[95.091319,16.565497],[95.050792,16.565497],[95.037608,16.561347],[95.035248,16.55211],[95.038097,16.542792],[95.04005,16.538153],[95.026947,16.524278],[95.008718,16.51081],[94.992605,16.494818],[94.985606,16.47366],[94.981863,16.452826],[94.964122,16.409369],[94.951671,16.346055],[94.945242,16.329698],[94.934093,16.315619],[94.875662,16.271308],[94.866222,16.257839],[94.857432,16.241807],[94.84669,16.228461],[94.819753,16.217393],[94.807628,16.203884],[94.797862,16.186347],[94.793712,16.168891],[94.793712,16.162055]],[[95.606619,16.857856],[95.618907,16.839911],[95.634532,16.831326],[95.652192,16.824652],[95.66684,16.81623],[95.669363,16.801215],[95.656342,16.757148],[95.663259,16.737372],[95.683035,16.725287],[95.704194,16.721706],[95.742442,16.723741],[95.758311,16.717719],[95.768077,16.702501],[95.78004,16.662299],[95.782156,16.651475],[95.782725,16.643663],[95.785574,16.63821],[95.794363,16.634385],[95.808604,16.635199],[95.818614,16.642442],[95.827566,16.650906],[95.83839,16.654853],[95.852061,16.662421],[95.859386,16.66238],[95.866303,16.640448],[95.884044,16.625352],[95.889903,16.613878],[95.888601,16.610216],[95.883067,16.579779],[95.883067,16.53502],[95.87558,16.524848],[95.842459,16.506537],[95.834727,16.497178],[95.839285,16.480333],[95.851085,16.470567],[95.863292,16.464708],[95.868744,16.459662],[95.868663,16.447943],[95.870535,16.433173],[95.877533,16.4206],[95.893321,16.41531],[95.906342,16.413398],[95.951427,16.401638],[95.983328,16.402208],[95.997081,16.397162],[96.006602,16.387315]],[[95.479015,16.805691],[95.479503,16.782091],[95.482921,16.765326],[95.480724,16.749864],[95.465343,16.730577],[95.455089,16.725898],[95.446056,16.725775],[95.439871,16.722032],[95.437429,16.706366],[95.438569,16.698269],[95.440847,16.694892],[95.441173,16.691352],[95.437429,16.682807],[95.432872,16.681342],[95.425955,16.682888],[95.419688,16.683417],[95.417003,16.679063],[95.41269,16.589138],[95.404389,16.544501],[95.389659,16.504014],[95.384532,16.508979],[95.369151,16.518337],[95.372813,16.501776],[95.375987,16.49376],[95.379324,16.490343],[95.383393,16.485216],[95.381765,16.47366],[95.375987,16.452826],[95.348643,16.401638],[95.343272,16.399197],[95.325206,16.3935],[95.3213,16.391059],[95.310557,16.35696],[95.299083,16.341254],[95.289154,16.322333],[95.282237,16.303575],[95.272878,16.230333],[95.274506,16.184394],[95.271576,16.169013],[95.261729,16.155951],[95.234386,16.121649],[95.204682,16.088935],[95.185557,16.04796],[95.184825,16.044745],[95.169932,16.03852],[95.159109,16.036322],[95.149913,16.037706],[95.142345,16.037543],[95.132498,16.024848]]]}},{"type":"Feature","properties":{"dissolve":"11River","scalerank":1.0,"featurecla":"River","name":"Tuotuo","name_alt":null,"rivernum":11,"note":null,"min_zoom":2.0,"name_en":"Tuotuo","min_label":3.0},"bbox":[90.794688,34.081326,92.992768,34.341376],"geometry":{"type":"MultiLineString","coordinates":[[[90.794688,34.300401],[90.841807,34.303656],[90.923269,34.327012],[91.066498,34.341376],[91.090831,34.338324],[91.127533,34.324164],[91.151541,34.320909],[91.21933,34.32453],[91.259858,34.316596],[91.305186,34.301296],[91.322276,34.290798],[91.340424,34.285102],[91.391694,34.293484],[91.414643,34.294216],[91.425304,34.291205],[91.444835,34.283271],[91.456391,34.280544],[91.468435,34.280626],[91.500662,34.28738],[91.704845,34.256537],[91.750499,34.259467],[91.792735,34.270697],[91.811534,34.268175],[91.819428,34.249538],[91.824229,34.228461],[91.836681,34.215928],[91.874034,34.198025],[91.939871,34.153266],[91.97755,34.136542],[92.017996,34.136542],[92.030528,34.13996],[92.035167,34.142279],[92.057546,34.179023],[92.064952,34.18769],[92.09905,34.19713],[92.116303,34.211127],[92.131847,34.227078],[92.148448,34.238959],[92.167003,34.245063],[92.191824,34.249823],[92.216319,34.250027],[92.233979,34.242703],[92.325857,34.238959],[92.511485,34.211697],[92.560639,34.212836],[92.58546,34.210313],[92.604015,34.201117],[92.631277,34.174099],[92.639578,34.162787],[92.644135,34.13996],[92.648692,34.129096],[92.680593,34.100938],[92.722585,34.087226],[92.813243,34.081326],[92.839285,34.082953],[92.886485,34.092637],[92.992768,34.100287]]]}},{"type":"Feature","properties":{"dissolve":"125River","scalerank":4.0,"featurecla":"River","name":"Nmai","name_alt":null,"rivernum":125,"note":null,"min_zoom":3.0,"name_en":"Nmai","min_label":4.0},"bbox":[97.486339,25.590888,98.377859,28.424994],"geometry":{"type":"MultiLineString","coordinates":[[[97.983165,28.424994],[97.993663,28.420356],[98.020274,28.422065],[98.030935,28.417833],[98.054454,28.396593],[98.061615,28.387071],[98.077078,28.321112],[98.085948,28.311387],[98.100515,28.305284],[98.150971,28.263617],[98.161143,28.259467],[98.183116,28.253689],[98.192149,28.249945],[98.201671,28.240505],[98.208995,28.229193],[98.217296,28.219753],[98.230235,28.215766],[98.235606,28.212226],[98.24464,28.193223],[98.250662,28.184434],[98.26295,28.176052],[98.274099,28.173285],[98.285167,28.171902],[98.295665,28.167344],[98.297455,28.163764],[98.315522,28.140082],[98.322195,28.110419],[98.331716,28.092475],[98.330333,28.082628],[98.325206,28.074083],[98.319347,28.068061],[98.311127,28.05683],[98.312511,28.046658],[98.318126,28.03616],[98.323009,28.023993],[98.325613,27.981513],[98.329275,27.96129],[98.339773,27.944892],[98.34433,27.928778],[98.329845,27.859565],[98.327159,27.823594],[98.330333,27.803778],[98.3449,27.778632],[98.346934,27.767279],[98.345144,27.755805],[98.339773,27.746609],[98.33253,27.736925],[98.320893,27.715277],[98.315522,27.708075],[98.30071,27.697211],[98.295665,27.695095],[98.279389,27.709011],[98.266124,27.697374],[98.25294,27.677558],[98.237071,27.6671],[98.171479,27.652777],[98.150971,27.659695],[98.139415,27.678331],[98.130626,27.703803],[98.119233,27.726345],[98.099864,27.736029],[98.059093,27.734158],[98.03712,27.730048],[98.021414,27.722357],[98.019542,27.696885],[98.046967,27.604315],[98.061615,27.57156],[98.080333,27.544949],[98.086925,27.529364],[98.091238,27.483507],[98.09547,27.462429],[98.102061,27.443549],[98.110037,27.426866],[98.186615,27.319159],[98.205658,27.276679],[98.215831,27.230251],[98.227794,27.209988],[98.250662,27.201606],[98.302013,27.146999],[98.339773,27.070624],[98.34962,27.060004],[98.357351,27.03559],[98.364024,26.989325],[98.357188,26.910224],[98.359874,26.88821],[98.373057,26.847357],[98.377533,26.824815],[98.377859,26.787543],[98.370046,26.757636],[98.354991,26.731269],[98.333018,26.704698],[98.341889,26.642117],[98.337006,26.603217],[98.309255,26.591417],[98.313731,26.57038],[98.305675,26.549506],[98.294037,26.528103],[98.288178,26.505479],[98.280935,26.442898],[98.280284,26.428494],[98.281342,26.413357],[98.28419,26.403673],[98.293712,26.380968],[98.295665,26.372382],[98.292247,26.361111],[98.278331,26.345404],[98.275076,26.334499],[98.27296,26.313666],[98.116954,25.892524],[98.086925,25.863634],[98.076182,25.84337],[98.034272,25.789578],[98.009532,25.767646],[97.944428,25.725531],[97.871023,25.659125],[97.863048,25.649604],[97.855398,25.637274],[97.817149,25.598334],[97.802257,25.590888],[97.800304,25.594591],[97.781342,25.61286],[97.774343,25.618232],[97.750662,25.623155],[97.739024,25.627509],[97.733897,25.635565],[97.72934,25.655219],[97.717865,25.677029],[97.704112,25.696112],[97.692393,25.707587],[97.667979,25.715196],[97.615652,25.707831],[97.589366,25.707587],[97.537039,25.717637],[97.508556,25.715847],[97.486339,25.700751]]]}},{"type":"Feature","properties":{"dissolve":"128River","scalerank":4.0,"featurecla":"River","name":"Nanpan","name_alt":null,"rivernum":128,"note":null,"min_zoom":4.0,"name_en":"Nanpan","min_label":5.0},"bbox":[103.030284,23.794623,106.97047,25.878933],"geometry":{"type":"MultiLineString","coordinates":[[[103.921641,25.878933],[103.912364,25.859483],[103.874766,25.837836],[103.866303,25.813747],[103.873139,25.794013],[103.875011,25.781073],[103.870128,25.775255],[103.860444,25.772488],[103.852631,25.76789],[103.844168,25.766913],[103.832286,25.775255],[103.832286,25.697048],[103.83546,25.69184],[103.842459,25.686306],[103.849539,25.679267],[103.852631,25.669745],[103.849132,25.658149],[103.841075,25.652899],[103.832286,25.650214],[103.826101,25.646186],[103.819916,25.62405],[103.827729,25.608344],[103.839854,25.593451],[103.845876,25.573839],[103.849132,25.56863],[103.86321,25.558417],[103.866303,25.553046],[103.861908,25.295966],[103.86907,25.281317],[103.883718,25.27558],[103.895437,25.263983],[103.88795,25.23782],[103.872325,25.210069],[103.859467,25.193671],[103.84547,25.185492],[103.818858,25.176703],[103.804861,25.165717],[103.795909,25.151638],[103.788666,25.135932],[103.780935,25.123358],[103.770112,25.118598],[103.770112,25.111151],[103.778575,25.107611],[103.782725,25.103339],[103.78419,25.097113],[103.784434,25.08751],[103.780935,25.08336],[103.772634,25.083564],[103.763438,25.084784],[103.75644,25.083808],[103.708751,25.046454],[103.701915,25.039415],[103.69573,25.03144],[103.681407,25.023505],[103.664236,25.017361],[103.632823,25.010199],[103.585867,24.973944],[103.566742,24.98253],[103.552338,24.974962],[103.539236,24.96015],[103.523692,24.946641],[103.507904,24.941107],[103.464366,24.934272],[103.427338,24.932929],[103.423106,24.937934],[103.426362,24.95071],[103.428152,24.973944],[103.422455,24.995429],[103.41155,25.001288],[103.396902,25.005683],[103.380382,25.022325],[103.355968,25.01085],[103.316417,25.00849],[103.276134,25.013129],[103.249441,25.022325],[103.231293,25.005154],[103.207774,24.987982],[103.186453,24.981147],[103.174327,24.995063],[103.164561,24.984076],[103.161632,24.973253],[103.163503,24.961249],[103.167491,24.946641],[103.169688,24.944037],[103.174083,24.941759],[103.178396,24.938503],[103.181163,24.932969],[103.181163,24.925157],[103.162364,24.866278],[103.160655,24.85102],[103.161632,24.844835],[103.166515,24.834255],[103.167491,24.830593],[103.165131,24.822618],[103.15325,24.80329],[103.145518,24.804511],[103.12794,24.776679],[103.10906,24.76911],[103.085867,24.764594],[103.073171,24.752468],[103.038097,24.674018],[103.032319,24.654568],[103.030284,24.627875],[103.032237,24.606798],[103.038503,24.58454],[103.049083,24.566026],[103.064464,24.55622],[103.075125,24.556749],[103.080577,24.562038],[103.084972,24.567816],[103.092296,24.569892],[103.10377,24.56684],[103.114675,24.560329],[103.120209,24.550849],[103.109874,24.519884],[103.112397,24.471991],[103.105398,24.453192],[103.09669,24.449246],[103.073253,24.445909],[103.064464,24.439521],[103.058686,24.427273],[103.060476,24.418972],[103.06837,24.414333],[103.081716,24.412869],[103.089854,24.401882],[103.092296,24.329657],[103.098237,24.32156],[103.10434,24.317939],[103.109386,24.313544],[103.112804,24.303005],[103.111339,24.292426],[103.101085,24.268744],[103.098562,24.258328],[103.098888,24.235907],[103.10198,24.226671],[103.117279,24.207302],[103.120209,24.199774],[103.122081,24.191718],[103.126475,24.18004],[103.130951,24.174628],[103.143565,24.164008],[103.146983,24.158393],[103.146251,24.14822],[103.135916,24.131659],[103.133311,24.121121],[103.125255,24.056098],[103.126475,24.035468],[103.129405,24.025824],[103.134044,24.017686],[103.145518,24.00377],[103.151134,23.997016],[103.155935,23.989447],[103.159434,23.98078],[103.16212,23.947292],[103.174327,23.891466],[103.173106,23.848212],[103.177257,23.825548],[103.191742,23.815741],[103.211436,23.810411],[103.230479,23.80036],[103.249766,23.794623],[103.270518,23.802069],[103.277192,23.812201],[103.285167,23.840888],[103.291026,23.850531],[103.300222,23.854804],[103.36907,23.859971],[103.434255,23.88463],[103.545909,23.878974],[103.602306,23.888699],[103.598888,23.925605],[103.620616,23.96072],[103.630056,23.981147],[103.634288,23.997626],[103.626882,24.014757],[103.591401,24.04503],[103.578298,24.062771],[103.574799,24.087673],[103.583507,24.105821],[103.616222,24.134467],[103.627371,24.148627],[103.632091,24.156684],[103.638764,24.175401],[103.649669,24.181342],[103.674571,24.186306],[103.733409,24.204535],[103.753022,24.206732],[103.764171,24.206732],[103.774425,24.208279],[103.781668,24.213324],[103.784434,24.224189],[103.786225,24.238471],[103.791108,24.246527],[103.797537,24.252875],[103.804861,24.26203],[103.813975,24.286811],[103.818614,24.295518],[103.836843,24.315131],[103.839773,24.319688],[103.846202,24.34162],[103.861746,24.357693],[103.894216,24.378038],[103.914236,24.397895],[103.933442,24.421332],[103.95517,24.44184],[103.983653,24.453192],[104.004487,24.454372],[104.018565,24.451524],[104.05128,24.439521],[104.067556,24.438096],[104.083588,24.441352],[104.112804,24.453192],[104.146251,24.471788],[104.197846,24.512274],[104.229503,24.528917],[104.243337,24.532172],[104.291515,24.535102],[104.304454,24.539618],[104.352957,24.562445],[104.372162,24.570746],[104.381602,24.58336],[104.393972,24.617703],[104.401134,24.627509],[104.412364,24.636583],[104.470225,24.669949],[104.511729,24.718329],[104.537364,24.741156],[104.555756,24.745307],[104.582123,24.72838],[104.630056,24.682807],[104.640147,24.676622],[104.654552,24.671251],[104.670502,24.667507],[104.685069,24.666083],[104.694916,24.661689],[104.717459,24.63996],[104.729096,24.631374],[104.746349,24.646267],[104.762787,24.664333],[104.780772,24.679551],[104.801768,24.685899],[104.825125,24.688178],[104.840831,24.694892],[104.851573,24.705756],[104.876475,24.75495],[104.889415,24.765326],[104.931733,24.771064],[104.973643,24.782579],[104.999522,24.793036],[105.006358,24.794786],[105.012218,24.797431],[105.018321,24.80329],[105.024099,24.814521],[105.03004,24.838324],[105.038992,24.855048],[105.0442,24.879665],[105.045014,24.888617],[105.047862,24.895331],[105.066824,24.912543],[105.099864,24.95421],[105.110281,24.960273],[105.119558,24.962429],[105.139171,24.971788],[105.15089,24.973944],[105.163585,24.978787],[105.177013,25.001329],[105.188487,25.008734],[105.205658,25.003852],[105.228608,24.988878],[105.248627,24.970974],[105.267019,24.938096],[105.289073,24.933132],[105.314138,24.935818],[105.332449,24.940456],[105.360444,24.953315],[105.380463,24.957058],[105.39796,24.950059],[105.413585,24.940456],[105.430675,24.934027],[105.444021,24.923529],[105.457774,24.866319],[105.478933,24.837185],[105.508393,24.81741],[105.541921,24.810085],[105.580089,24.812323],[105.593028,24.810655],[105.607432,24.80329],[105.636241,24.784125],[105.654796,24.780626],[105.675141,24.789618],[105.728282,24.753241],[105.760346,24.742784],[105.787527,24.715644],[105.805431,24.707058],[105.82545,24.70893],[105.851736,24.729315],[105.870616,24.734402],[105.89796,24.733344],[105.916108,24.728624],[105.931407,24.718329],[106.000906,24.648383],[106.020437,24.641872],[106.036143,24.654731],[106.059255,24.693427],[106.083751,24.715196],[106.150808,24.759711],[106.175955,24.782172],[106.199148,24.829779],[106.198334,24.876736],[106.181244,24.920925],[106.155365,24.960273],[106.16741,24.964545],[106.176524,24.962429],[106.185639,24.959255],[106.197032,24.960273],[106.203624,24.965603],[106.207774,24.972683],[106.213878,24.978787],[106.227143,24.981391],[106.306244,24.981391],[106.370372,25.00434],[106.380789,25.011786],[106.456554,25.035997],[106.504405,25.071316],[106.515147,25.076972],[106.586843,25.104315],[106.61671,25.126899],[106.640391,25.15294],[106.666515,25.173407],[106.704112,25.179389],[106.784923,25.179714],[106.885753,25.196885],[106.889089,25.199286],[106.895274,25.206732],[106.900076,25.216498],[106.904796,25.240098],[106.908946,25.248318],[106.923595,25.254828],[106.944428,25.256171],[106.962983,25.25019],[106.97047,25.234646]]]}},{"type":"Feature","properties":{"dissolve":"134River","scalerank":4.0,"featurecla":"River","name":"Nu","name_alt":"Salween","rivernum":134,"note":null,"min_zoom":4.0,"name_en":"Salween","min_label":5.0},"bbox":[91.518321,30.432685,96.595632,31.943061],"geometry":{"type":"MultiLineString","coordinates":[[[91.518321,31.943061],[91.532237,31.909735],[91.536632,31.891466],[91.538015,31.85871],[91.540457,31.850369],[91.545014,31.840644],[91.545421,31.832099],[91.544444,31.816189],[91.545014,31.806464],[91.548595,31.787218],[91.554698,31.772081],[91.565522,31.762234],[91.583263,31.758653],[91.595144,31.753241],[91.628673,31.729356],[91.659434,31.718817],[91.669526,31.706814],[91.678315,31.692979],[91.688975,31.6824],[91.70574,31.677191],[91.72226,31.675482],[91.73585,31.6706],[91.743663,31.655626],[91.744151,31.645697],[91.741954,31.639431],[91.73878,31.634385],[91.736257,31.628363],[91.731212,31.607286],[91.730724,31.597276],[91.776296,31.569281],[91.784679,31.556342],[91.79005,31.542833],[91.800873,31.526557],[91.808849,31.508897],[91.805756,31.491156],[91.797537,31.491238],[91.791026,31.487128],[91.78655,31.480048],[91.784679,31.4713],[91.78769,31.457302],[91.795014,31.448269],[91.802257,31.441026],[91.812999,31.414252],[91.830658,31.403184],[91.853038,31.399278],[91.874034,31.402411],[91.888601,31.411892],[91.902843,31.425605],[91.918875,31.438015],[91.938975,31.443386],[91.976329,31.439276],[92.012625,31.428738],[92.019786,31.425482],[92.026947,31.42121],[92.033214,31.415798],[92.03769,31.409125],[92.03948,31.40115],[92.038585,31.393093],[92.034597,31.377021],[92.038829,31.340888],[92.058849,31.3133],[92.089854,31.296454],[92.126231,31.292589],[92.183604,31.294216],[92.209727,31.289333],[92.218761,31.289252],[92.241466,31.295111],[92.264415,31.306749],[92.285167,31.322048],[92.308442,31.346788],[92.321381,31.364529],[92.326264,31.37405],[92.331472,31.393093],[92.33253,31.403388],[92.332042,31.412665],[92.3296,31.420193],[92.32252,31.434678],[92.320567,31.442694],[92.321869,31.453559],[92.327729,31.463202],[92.336843,31.469753],[92.347992,31.471544],[92.357351,31.467353],[92.371104,31.453152],[92.381358,31.451361],[92.387136,31.453925],[92.390636,31.458197],[92.393647,31.462958],[92.39739,31.466742],[92.405691,31.469428],[92.413259,31.468329],[92.429454,31.463894],[92.438487,31.464301],[92.445404,31.46662],[92.46046,31.47366],[92.502533,31.484483],[92.516043,31.490505],[92.527436,31.499701],[92.531993,31.50198],[92.539968,31.503201],[92.563894,31.501899],[92.576915,31.505194],[92.602061,31.515896],[92.615489,31.518581],[92.651541,31.515082],[92.664236,31.515937],[92.674571,31.519232],[92.692556,31.528998],[92.702647,31.532782],[92.710053,31.535834],[92.723725,31.544379],[92.730968,31.547797],[92.765391,31.553249],[92.780772,31.549872],[92.830089,31.552354],[92.840424,31.556342],[92.843761,31.563992],[92.851736,31.564236],[92.871104,31.559434],[92.876964,31.561591],[92.879405,31.56627],[92.881114,31.57099],[92.884532,31.573106],[92.924083,31.572577],[92.930431,31.568874],[92.932628,31.564236],[92.933849,31.552802],[92.936453,31.547553],[92.948741,31.540351],[92.962901,31.542304],[92.976736,31.549384],[92.996755,31.56391],[93.003184,31.566474],[93.009939,31.565253],[93.026866,31.556098],[93.040619,31.545966],[93.046153,31.540147],[93.049246,31.534613],[93.051524,31.528998],[93.054698,31.524237],[93.060802,31.521186],[93.071218,31.522569],[93.091726,31.536322],[93.101573,31.541327],[93.129487,31.545966],[93.143565,31.545966],[93.187999,31.538682],[93.402192,31.543972],[93.428396,31.55036],[93.442149,31.552069],[93.455577,31.550971],[93.507253,31.53205],[93.5171,31.530341],[93.547374,31.529608],[93.563894,31.525499],[93.594656,31.512315],[93.611339,31.509467],[93.716889,31.508002],[93.750011,31.493842],[93.767996,31.488593],[93.788178,31.490261],[93.847667,31.512722],[93.917003,31.510688],[93.925304,31.512152],[93.934174,31.51557],[93.941742,31.520331],[93.955658,31.531765],[93.963634,31.535915],[93.973237,31.537624],[93.980479,31.535102],[93.995372,31.526313],[94.004893,31.524441],[94.032725,31.525499],[94.04184,31.523139],[94.048432,31.518744],[94.06129,31.507758],[94.070323,31.502875],[94.078543,31.501166],[94.097667,31.501085],[94.107188,31.499335],[94.130789,31.488145],[94.138927,31.487006],[94.155284,31.487576],[94.163503,31.486925],[94.168468,31.48546],[94.178233,31.481472],[94.183197,31.480089],[94.200857,31.480414],[94.21575,31.485948],[94.243175,31.504014],[94.257335,31.509711],[94.267507,31.507188],[94.286062,31.488308],[94.30128,31.479682],[94.319265,31.478054],[94.44866,31.481147],[94.470225,31.484198],[94.487641,31.484402],[94.504242,31.480536],[94.542003,31.465644],[94.561534,31.461615],[94.579845,31.455512],[94.594493,31.442816],[94.59905,31.429958],[94.595225,31.419216],[94.5796,31.398017],[94.57252,31.381863],[94.569347,31.367377],[94.569428,31.321234],[94.567963,31.314765],[94.564708,31.308783],[94.552419,31.298041],[94.523204,31.281358],[94.510916,31.270575],[94.505463,31.25788],[94.511974,31.251166],[94.539561,31.24494],[94.593679,31.238715],[94.60849,31.229438],[94.61378,31.221706],[94.621674,31.195421],[94.632416,31.170111],[94.634288,31.161078],[94.634288,31.1435],[94.635183,31.134955],[94.639171,31.127468],[94.644623,31.123236],[94.665701,31.112982],[94.681163,31.10102],[94.689138,31.096015],[94.698822,31.092597],[94.717296,31.091335],[94.723399,31.088975],[94.727306,31.085232],[94.733002,31.075873],[94.736827,31.072781],[94.754242,31.07038],[94.772716,31.074774],[94.882091,31.126532],[94.88795,31.127468],[94.894542,31.127712],[94.900645,31.128526],[94.905772,31.131619],[94.908783,31.137641],[94.910655,31.152371],[94.913178,31.159003],[94.921641,31.16706],[94.933604,31.174262],[94.958018,31.183458],[94.967296,31.185126],[95.008393,31.182888],[95.032725,31.177598],[95.045095,31.172675],[95.058197,31.169745],[95.069916,31.172309],[95.093028,31.184027],[95.112071,31.188747],[95.170665,31.186225],[95.224864,31.190456],[95.251964,31.18891],[95.432384,31.128933],[95.44752,31.118923],[95.45753,31.103624],[95.472667,31.069688],[95.496755,31.038113],[95.518647,30.993923],[95.527924,30.980821],[95.536143,30.9737],[95.589122,30.944892],[95.601573,30.939805],[95.615245,30.938056],[95.630626,30.939805],[95.645763,30.943874],[95.660492,30.949978],[95.673839,30.957628],[95.693777,30.96601],[95.712332,30.966335],[95.760509,30.953152],[95.770518,30.952582],[95.780284,30.953966],[95.789073,30.957384],[95.794444,30.96072],[95.799083,30.964382],[95.802419,30.968858],[95.805186,30.974636],[95.807384,30.984442],[95.808849,30.988959],[95.812022,30.993435],[95.822765,31.000922],[95.836681,31.005561],[95.851492,31.007392],[95.864838,31.006619],[95.871349,31.00491],[95.87672,31.002021],[95.880626,30.99787],[95.883311,30.992133],[95.884369,30.984809],[95.885753,30.982367],[95.889903,30.97956],[95.895274,30.979112],[95.904552,30.985785],[95.910492,30.986396],[95.915538,30.983222],[95.918956,30.975369],[95.92392,30.972724],[95.9463,30.968126],[95.968761,30.965888],[95.975841,30.963731],[95.997162,30.952826],[96.003429,30.948554],[96.054861,30.945421],[96.072032,30.938096],[96.102794,30.920844],[96.119558,30.917507],[96.164154,30.91413],[96.254975,30.892401],[96.271902,30.886298],[96.277843,30.881903],[96.279877,30.876899],[96.281179,30.871121],[96.28419,30.864325],[96.290701,30.85989],[96.299083,30.860622],[96.308197,30.863227],[96.317312,30.864285],[96.330007,30.862738],[96.335704,30.860785],[96.341075,30.857001],[96.345225,30.851671],[96.351329,30.839301],[96.355072,30.833564],[96.361827,30.825303],[96.367768,30.81623],[96.417491,30.668769],[96.424327,30.627794],[96.436127,30.592637],[96.437999,30.583116],[96.44394,30.566107],[96.485769,30.516791],[96.506358,30.482693],[96.530772,30.459988],[96.540457,30.433539],[96.555675,30.432685],[96.595632,30.447943]]]}},{"type":"Feature","properties":{"dissolve":"138River","scalerank":4.0,"featurecla":"River","name":"Ayeyarwady","name_alt":"Irrawaddy","rivernum":138,"note":null,"min_zoom":3.0,"name_en":"Irrawaddy","min_label":4.0},"bbox":[94.713145,16.2508,97.53419,25.700751],"geometry":{"type":"MultiLineString","coordinates":[[[97.486339,25.700751],[97.500499,25.696601],[97.516124,25.694363],[97.528819,25.689154],[97.53419,25.676296],[97.530772,25.66706],[97.513601,25.64407],[97.506765,25.631903],[97.501475,25.605496],[97.496755,25.548774],[97.486339,25.52204],[97.438894,25.454779],[97.409109,25.397976],[97.403575,25.381415],[97.407481,25.368109],[97.418956,25.354275],[97.424327,25.340928],[97.420502,25.330186],[97.404389,25.324042],[97.397716,25.327012],[97.378835,25.333279],[97.370209,25.337673],[97.34669,25.366807],[97.336925,25.369452],[97.325206,25.365098],[97.313487,25.357204],[97.308197,25.347927],[97.309174,25.342841],[97.313894,25.333279],[97.314952,25.327094],[97.313731,25.318671],[97.310802,25.317816],[97.306163,25.319037],[97.300792,25.316596],[97.292247,25.310899],[97.282725,25.307196],[97.274018,25.301296],[97.267833,25.289252],[97.267019,25.277777],[97.27296,25.256374],[97.274669,25.2449],[97.271495,25.217353],[97.262787,25.207139],[97.249766,25.201117],[97.233002,25.186225],[97.227957,25.168565],[97.231537,25.146104],[97.243744,25.126776],[97.264415,25.118598],[97.30714,25.129503],[97.318858,25.126899],[97.314952,25.104315],[97.297944,25.081488],[97.279877,25.086615],[97.259858,25.098009],[97.236827,25.094062],[97.226166,25.089545],[97.218679,25.089423],[97.214122,25.086453],[97.212576,25.073269],[97.215424,25.060899],[97.229096,25.045966],[97.233002,25.035997],[97.221934,24.997016],[97.188569,24.969428],[97.116954,24.932969],[97.101492,24.916205],[97.098155,24.899766],[97.102794,24.867784],[97.093028,24.860541],[97.048106,24.840115],[97.034434,24.823106],[97.034923,24.802761],[97.050792,24.757921],[97.060557,24.716376],[97.102794,24.651801],[97.111339,24.631415],[97.115489,24.611396],[97.118093,24.544542],[97.117117,24.533474],[97.106944,24.513983],[97.110932,24.502712],[97.123139,24.487901],[97.121593,24.372504],[97.136811,24.337104],[97.185476,24.289008],[97.188487,24.281277],[97.205007,24.270453],[97.203054,24.246161],[97.193126,24.220811],[97.185313,24.206732],[97.17628,24.194851],[97.163585,24.181342],[97.147227,24.170356],[97.112804,24.161444],[97.084076,24.142198],[97.061697,24.137885],[97.050304,24.138739],[97.030772,24.143093],[97.009532,24.145372],[96.976085,24.144721],[96.956147,24.140082],[96.942393,24.1317],[96.92921,24.128119],[96.910818,24.137885],[96.867442,24.186794],[96.836925,24.199042],[96.8213,24.212755],[96.808442,24.228624],[96.800955,24.240912],[96.790945,24.277411],[96.781993,24.290391],[96.750662,24.299587],[96.69866,24.329657],[96.652761,24.346625],[96.640636,24.354193],[96.633556,24.357286],[96.622488,24.358832],[96.610932,24.358954],[96.602468,24.357611],[96.591889,24.352403],[96.588634,24.346869],[96.587169,24.339789],[96.58196,24.329657],[96.567556,24.314154],[96.55128,24.303534],[96.532319,24.297471],[96.509939,24.295518],[96.490896,24.29918],[96.472667,24.305854],[96.454845,24.309272],[96.437999,24.303005],[96.446381,24.275173],[96.431407,24.253241],[96.383311,24.221055],[96.362641,24.200222],[96.303233,24.113959],[96.295014,24.096218],[96.289806,24.075141],[96.28712,24.048529],[96.289968,23.970282],[96.280284,23.946112],[96.274425,23.940009],[96.271007,23.932074],[96.250418,23.857611],[96.245372,23.844997],[96.237804,23.834052],[96.22877,23.829413],[96.221446,23.824246],[96.216726,23.812079],[96.205007,23.7685],[96.200287,23.761583],[96.191498,23.754259],[96.180675,23.752224],[96.167247,23.752631],[96.155528,23.749701],[96.150483,23.73725],[96.14796,23.71308],[96.140147,23.691026],[96.127371,23.670722],[96.10963,23.651923],[96.057058,23.609076],[96.034923,23.585232],[96.020274,23.55504],[96.012299,23.514228],[96.006602,23.384955],[95.978119,23.261746],[95.964854,22.76907],[95.962006,22.759385],[95.955089,22.750312],[95.943451,22.744249],[95.920095,22.743232],[95.910492,22.739447],[95.901296,22.707221],[95.917003,22.661689],[95.985281,22.550116],[95.990245,22.529324],[95.982432,22.510443],[95.969493,22.49197],[95.964773,22.472602],[95.963796,22.392524],[95.97047,22.374376],[95.989513,22.35281],[96.012706,22.331855],[96.013682,22.323025],[96.006602,22.308702],[96.001475,22.302802],[95.995942,22.298407],[95.990489,22.292304],[95.986095,22.281358],[95.98463,22.270819],[95.987804,22.216498],[96.000418,22.157904],[96.007498,22.089423],[96.024994,22.058214],[96.048106,21.994005],[96.05128,21.956366],[96.04127,21.923448],[96.021007,21.896552],[95.992931,21.876736],[95.973155,21.867255],[95.955496,21.860907],[95.936534,21.857367],[95.913829,21.856269],[95.90089,21.863389],[95.848888,21.910834],[95.814708,21.925564],[95.776459,21.931505],[95.526866,21.922146],[95.511974,21.917507],[95.505789,21.907782],[95.499441,21.88996],[95.47169,21.856879],[95.465343,21.839464],[95.461518,21.811306],[95.45045,21.780829],[95.432058,21.756374],[95.406749,21.746405],[95.387136,21.7331],[95.368337,21.66531],[95.355479,21.636542],[95.355479,21.630316],[95.348888,21.621283],[95.342296,21.608913],[95.337006,21.595974],[95.327403,21.545966],[95.324474,21.537462],[95.33017,21.463935],[95.3213,21.465847],[95.313406,21.452094],[95.305593,21.450466],[95.296886,21.452989],[95.287201,21.452175],[95.280365,21.448513],[95.275483,21.445095],[95.271983,21.441759],[95.269135,21.438422],[95.255463,21.421088],[95.19101,21.370225],[95.158621,21.329657],[95.141612,21.31391],[95.118663,21.307563],[95.077403,21.301337],[95.069428,21.30329],[95.056407,21.312283],[95.047537,21.315009],[95.021902,21.311225],[95.002208,21.296698],[94.989757,21.275092],[94.985606,21.249823],[94.975027,21.244208],[94.90976,21.225613],[94.863048,21.22602],[94.85963,21.227159],[94.855968,21.227566],[94.848399,21.225613],[94.843028,21.22248],[94.833751,21.213731],[94.819347,21.204372],[94.809825,21.185981],[94.803315,21.16352],[94.799897,21.143663],[94.800955,21.099636],[94.817149,21.015733],[94.820323,20.972357],[94.806407,20.924506],[94.776459,20.89114],[94.742931,20.864203],[94.718028,20.835801],[94.713145,20.813829],[94.718761,20.796088],[94.727631,20.779975],[94.732351,20.76321],[94.733979,20.745551],[94.744884,20.706488],[94.752208,20.691189],[94.766694,20.672919],[94.782481,20.658067],[94.794932,20.643419],[94.799897,20.626044],[94.802989,20.606147],[94.816417,20.565945],[94.820323,20.547187],[94.818451,20.515245],[94.820323,20.506212],[94.828624,20.496121],[94.83839,20.491726],[94.848888,20.488552],[94.858653,20.482001],[94.869233,20.463935],[94.889252,20.396348],[94.905203,20.364854],[94.908702,20.343817],[94.900076,20.324652],[94.896495,20.310411],[94.896658,20.245551],[94.899425,20.236029],[94.908376,20.216824],[94.90976,20.204617],[94.907644,20.199774],[94.898692,20.190497],[94.896658,20.184109],[94.89796,20.177314],[94.900076,20.17296],[94.902599,20.169867],[94.903575,20.16706],[94.906749,20.146593],[94.91448,20.124335],[94.925548,20.103787],[94.937755,20.088487],[94.967296,20.066433],[94.985606,20.0574],[95.002533,20.053738],[95.010834,20.04918],[95.017019,20.038601],[95.019216,20.02619],[95.016205,20.016466],[95.010834,20.005439],[95.014089,19.996446],[95.026459,19.98489],[95.033132,19.980536],[95.050304,19.972724],[95.053803,19.96837],[95.047537,19.93769],[95.048595,19.924384],[95.052175,19.915107],[95.061941,19.910224],[95.081147,19.910346],[95.112641,19.890733],[95.142182,19.860867],[95.160167,19.823065],[95.156261,19.780056],[95.138682,19.7508],[95.135753,19.739081],[95.138438,19.726752],[95.152843,19.708279],[95.156261,19.701199],[95.169932,19.622382],[95.16448,19.500556],[95.169932,19.457872],[95.19394,19.396674],[95.197276,19.37226],[95.195567,19.350857],[95.187266,19.320014],[95.174897,19.15294],[95.169932,19.135769],[95.154877,19.116238],[95.139415,19.106879],[95.127045,19.095649],[95.112722,19.015163],[95.115245,18.991767],[95.125906,18.950751],[95.134207,18.930854],[95.146251,18.913194],[95.19337,18.865831],[95.204112,18.848334],[95.213145,18.805487],[95.2046,18.76789],[95.185639,18.737576],[95.163097,18.716824],[95.152843,18.710801],[95.122081,18.697537],[95.117279,18.696845],[95.106212,18.698432],[95.101573,18.697537],[95.099376,18.693305],[95.095225,18.67947],[95.079845,18.66706],[95.075857,18.645087],[95.073741,18.601345],[95.066498,18.579698],[95.062999,18.561794],[95.067475,18.543769],[95.084565,18.522244],[95.163097,18.464179],[95.179454,18.447618],[95.192393,18.43004],[95.200857,18.409857],[95.204112,18.385606],[95.20989,18.363227],[95.224132,18.348578],[95.242198,18.339545],[95.259288,18.333808],[95.287364,18.320014],[95.311697,18.300076],[95.355479,18.251288],[95.361095,18.246649],[95.377208,18.236151],[95.382823,18.23078],[95.387787,18.219916],[95.394786,18.195258],[95.399913,18.186103],[95.403575,18.176703],[95.402843,18.154568],[95.406749,18.145087],[95.412364,18.13585],[95.450287,18.033067],[95.4546,17.996365],[95.444835,17.957099],[95.439871,17.949408],[95.42864,17.938544],[95.423839,17.929145],[95.424246,17.921088],[95.433686,17.875922],[95.439871,17.866645],[95.454519,17.850287],[95.459076,17.839952],[95.457774,17.829535],[95.451101,17.813056],[95.449718,17.770209],[95.4581,17.72602],[95.473562,17.685899],[95.492605,17.655382],[95.502452,17.64529],[95.516612,17.63406],[95.533132,17.625027],[95.55071,17.621283],[95.565522,17.614285],[95.561453,17.597439],[95.541026,17.559841],[95.540294,17.544257],[95.542491,17.521104],[95.547862,17.500067],[95.557546,17.490912],[95.570079,17.484402],[95.604096,17.453315],[95.623057,17.443142],[95.648448,17.44005],[95.66505,17.440741],[95.674246,17.436591],[95.677013,17.418972],[95.669851,17.408067],[95.623057,17.381049],[95.610362,17.366034],[95.599539,17.345526],[95.591726,17.323188],[95.588878,17.302558],[95.588878,17.261908],[95.591319,17.25141],[95.639903,17.14765],[95.646495,17.109931],[95.635916,17.073188],[95.595795,17.036444],[95.571707,17.018826],[95.560964,17.014838],[95.56308,16.981716],[95.567393,16.964057],[95.575206,16.942247],[95.612234,16.879747],[95.612641,16.86404],[95.593272,16.848944],[95.575694,16.847683],[95.556895,16.850165],[95.533702,16.846625],[95.521495,16.837836],[95.492279,16.811306],[95.47519,16.805691],[95.450206,16.803778],[95.433116,16.798163],[95.403331,16.777777],[95.388682,16.772488],[95.348562,16.764757],[95.334972,16.75788],[95.331147,16.743476],[95.33253,16.719591],[95.338471,16.6942],[95.348643,16.67536],[95.323741,16.661444],[95.323334,16.647569],[95.327891,16.631293],[95.317556,16.610175],[95.302257,16.602118],[95.281749,16.596055],[95.262706,16.587714],[95.25172,16.572943],[95.253184,16.563341],[95.264578,16.544989],[95.266124,16.538153],[95.258881,16.529242],[95.230886,16.508165],[95.221446,16.504014],[95.200694,16.499091],[95.188243,16.486355],[95.177745,16.468777],[95.163097,16.449408],[95.080089,16.393866],[95.060639,16.367499],[95.04005,16.295193],[95.033783,16.281277],[95.007091,16.260688],[94.992442,16.2508]]]}},{"type":"Feature","properties":{"dissolve":"13River","scalerank":1.0,"featurecla":"River","name":"Tongtian","name_alt":null,"rivernum":13,"note":null,"min_zoom":2.0,"name_en":"Tongtian","min_label":3.0},"bbox":[92.992768,31.689765,98.541515,34.767524],"geometry":{"type":"MultiLineString","coordinates":[[[92.992768,34.100287],[93.011729,34.108588],[93.019216,34.124376],[93.024343,34.145046],[93.03419,34.163031],[93.056163,34.170681],[93.070323,34.178819],[93.112641,34.215847],[93.128429,34.225898],[93.170421,34.232286],[93.348155,34.232123],[93.359874,34.229275],[93.382498,34.220323],[93.392019,34.218451],[93.414236,34.220567],[93.454845,34.229926],[93.477306,34.232123],[93.499278,34.230048],[93.542979,34.220649],[93.662852,34.211697],[93.699636,34.217882],[93.748627,34.232286],[93.792491,34.251817],[93.813731,34.273057],[93.811534,34.290391],[93.80657,34.305732],[93.811127,34.316718],[93.837576,34.320909],[93.849864,34.327338],[93.86085,34.342108],[93.875092,34.36933],[93.893077,34.391425],[93.90032,34.403673],[93.90683,34.44127],[93.917247,34.453559],[93.950206,34.472357],[93.973155,34.4713],[94.001069,34.491767],[94.057628,34.55268],[94.068126,34.561347],[94.082286,34.566718],[94.120616,34.571479],[94.152192,34.584906],[94.169444,34.589057],[94.20517,34.587348],[94.237234,34.582221],[94.264578,34.583767],[94.286632,34.602078],[94.295828,34.620673],[94.300385,34.633653],[94.307628,34.641181],[94.324229,34.643622],[94.337169,34.65115],[94.344493,34.664659],[94.351166,34.670966],[94.362315,34.656684],[94.375499,34.67654],[94.392345,34.684394],[94.433686,34.684597],[94.451752,34.68769],[94.475841,34.695339],[94.496755,34.705186],[94.505789,34.715033],[94.521414,34.744696],[94.558442,34.764024],[94.602468,34.767524],[94.638927,34.749823],[94.652354,34.741278],[94.883393,34.700954],[94.917898,34.686347],[94.94394,34.66352],[94.967459,34.6706],[94.977794,34.650092],[94.982351,34.622626],[94.989024,34.608913],[94.997813,34.6046],[95.006765,34.585801],[95.016205,34.58161],[95.038097,34.581122],[95.046886,34.579169],[95.053803,34.574774],[95.057628,34.566107],[95.061127,34.54267],[95.067475,34.5338],[95.079519,34.529893],[95.101085,34.534451],[95.111501,34.530707],[95.156261,34.492621],[95.169932,34.486029],[95.179128,34.488145],[95.188487,34.49433],[95.198985,34.499701],[95.211436,34.49962],[95.218842,34.492499],[95.228526,34.469753],[95.235362,34.464911],[95.246674,34.466091],[95.266124,34.471218],[95.276378,34.472357],[95.287608,34.46955],[95.303966,34.458848],[95.313975,34.458686],[95.316173,34.463243],[95.315522,34.471544],[95.317556,34.480292],[95.327566,34.486029],[95.33839,34.485907],[95.344737,34.481024],[95.347992,34.472602],[95.348643,34.461778],[95.357921,34.459581],[95.410167,34.417751],[95.445079,34.379665],[95.466563,34.362616],[95.492605,34.348822],[95.555919,34.329942],[95.578054,34.311143],[95.5678,34.280544],[95.574962,34.275824],[95.588878,34.259467],[95.582937,34.253933],[95.574718,34.24376],[95.5678,34.238959],[95.57545,34.231635],[95.58546,34.226182],[95.596202,34.224677],[95.617605,34.233832],[95.627859,34.229438],[95.637299,34.222276],[95.646576,34.218451],[95.666596,34.21369],[95.680268,34.200792],[95.68808,34.182196],[95.690684,34.160183],[95.695323,34.142646],[95.706635,34.129177],[95.788829,34.063422],[95.794363,34.053331],[95.825857,34.051866],[95.848399,34.015082],[95.865001,33.971788],[95.879649,33.950954],[95.889659,33.949408],[95.894786,33.944851],[95.896495,33.937445],[95.898204,33.914374],[95.902354,33.912543],[95.908702,33.913845],[95.917247,33.90998],[95.933849,33.894599],[95.951101,33.882432],[95.970144,33.873725],[95.992931,33.869005],[95.987071,33.843207],[96.007742,33.833808],[96.03476,33.829169],[96.048106,33.817491],[96.066905,33.810248],[96.10198,33.805935],[96.122081,33.797919],[96.095876,33.779649],[96.130626,33.764838],[96.147065,33.762722],[96.160737,33.769721],[96.167247,33.77086],[96.175304,33.768012],[96.181895,33.767768],[96.184825,33.776557],[96.188731,33.781765],[96.198171,33.78498],[96.209239,33.786444],[96.218272,33.786444],[96.214285,33.779853],[96.211436,33.773464],[96.22047,33.772569],[96.22698,33.7685],[96.230479,33.76142],[96.231944,33.751736],[96.197765,33.746161],[96.205089,33.735541],[96.227306,33.738593],[96.231944,33.728787],[96.23463,33.717963],[96.241466,33.720526],[96.249278,33.728095],[96.256114,33.732489],[96.293956,33.738715],[96.306407,33.737128],[96.310476,33.733181],[96.314708,33.731879],[96.328136,33.738715],[96.351654,33.76203],[96.35906,33.765977],[96.372081,33.762885],[96.392345,33.749294],[96.400076,33.746161],[96.405772,33.739122],[96.397716,33.701768],[96.403819,33.684109],[96.430186,33.690863],[96.455984,33.679551],[96.500011,33.643134],[96.487804,33.635688],[96.472097,33.628852],[96.472097,33.622626],[96.522227,33.620673],[96.577566,33.611151],[96.617768,33.588406],[96.623546,33.546902],[96.636648,33.551825],[96.651866,33.553738],[96.68157,33.553738],[96.700694,33.547309],[96.708914,33.533271],[96.706716,33.51911],[96.695242,33.512763],[96.689464,33.50613],[96.694021,33.491645],[96.705496,33.471788],[96.707042,33.465522],[96.706716,33.461249],[96.708507,33.456326],[96.722748,33.43948],[96.722179,33.434149],[96.715831,33.431505],[96.705496,33.430854],[96.705496,33.423407],[96.714692,33.419216],[96.721934,33.413194],[96.727957,33.405626],[96.732839,33.396674],[96.73463,33.405463],[96.737315,33.409247],[96.743093,33.40998],[96.753347,33.409735],[96.746511,33.396674],[96.764903,33.397488],[96.772716,33.38878],[96.774099,33.373847],[96.773692,33.35574],[96.785085,33.364081],[96.789154,33.386176],[96.800955,33.389838],[96.793549,33.375556],[96.802989,33.367499],[96.828298,33.313544],[96.832612,33.321112],[96.837413,33.326239],[96.848888,33.334581],[96.853445,33.325059],[96.858979,33.32213],[96.865652,33.324571],[96.873057,33.330878],[96.880789,33.33279],[96.917735,33.327175],[96.936534,33.332953],[96.950857,33.342637],[96.963959,33.348212],[96.97934,33.341417],[96.976736,33.337185],[96.976736,33.336208],[96.978038,33.334296],[96.97934,33.327175],[96.985606,33.334337],[96.991466,33.337958],[97.007091,33.341417],[97.004487,33.334581],[96.999766,33.313544],[97.020437,33.320176],[97.022227,33.300645],[97.017182,33.273139],[97.0171,33.255805],[97.022227,33.245388],[97.019054,33.225165],[97.023936,33.214464],[97.047374,33.183783],[97.083995,33.156684],[97.10377,33.146308],[97.120128,33.142198],[97.134288,33.133246],[97.174815,33.067084],[97.180919,33.052558],[97.185313,33.046658],[97.195811,33.039618],[97.220225,33.029731],[97.229991,33.022732],[97.240815,33.003974],[97.246023,32.964911],[97.25351,32.9442],[97.267345,32.931179],[97.287852,32.922471],[97.310639,32.917792],[97.331716,32.916287],[97.346934,32.910753],[97.360769,32.896999],[97.371349,32.879177],[97.376964,32.86164],[97.3838,32.77912],[97.391368,32.761542],[97.424815,32.724473],[97.426768,32.716579],[97.427013,32.707587],[97.430431,32.700222],[97.441742,32.697211],[97.447683,32.694281],[97.465831,32.676703],[97.559093,32.629706],[97.56544,32.624823],[97.573985,32.621283],[97.594493,32.623562],[97.603038,32.621446],[97.607514,32.61461],[97.616954,32.592637],[97.620372,32.587958],[97.663585,32.559841],[97.817556,32.51321],[97.83782,32.511501],[97.856212,32.51907],[97.886648,32.497585],[98.013927,32.464423],[98.066742,32.422716],[98.075857,32.412909],[98.080333,32.404608],[98.09075,32.401679],[98.113455,32.402371],[98.122813,32.400214],[98.129242,32.394965],[98.135265,32.388251],[98.144216,32.381903],[98.187266,32.366645],[98.205577,32.355577],[98.213145,32.337755],[98.211681,32.296169],[98.213308,32.273057],[98.2199,32.252143],[98.271495,32.190701],[98.309255,32.128607],[98.374522,32.080349],[98.384369,32.063422],[98.393321,32.040066],[98.436534,32.00373],[98.452729,31.983995],[98.456472,31.960395],[98.452729,31.932888],[98.444835,31.907904],[98.435313,31.892157],[98.422781,31.881619],[98.418875,31.879828],[98.420502,31.878119],[98.435069,31.838324],[98.434581,31.824571],[98.425385,31.8133],[98.445323,31.803534],[98.468272,31.766791],[98.501231,31.749701],[98.541515,31.689765]]]}},{"type":"Feature","properties":{"dissolve":"146River","scalerank":4.0,"featurecla":"River","name":"Nu","name_alt":null,"rivernum":146,"note":null,"min_zoom":4.0,"name_en":"Nu","min_label":5.0},"bbox":[96.595632,20.951239,99.125255,30.450995],"geometry":{"type":"MultiLineString","coordinates":[[[96.595632,30.447943],[96.615896,30.450995],[96.68157,30.449652],[96.701752,30.441759],[96.703868,30.422919],[96.691824,30.380723],[96.691742,30.370225],[96.694835,30.349636],[96.70989,30.309516],[96.715343,30.301378],[96.722179,30.297065],[96.730398,30.29621],[96.747162,30.29739],[96.755951,30.296576],[96.764578,30.294745],[96.772553,30.291449],[96.779796,30.286241],[96.793468,30.272976],[96.800873,30.267849],[96.826671,30.258572],[96.849864,30.243272],[96.857432,30.239936],[96.865489,30.239081],[96.896495,30.244005],[96.917979,30.241767],[96.938487,30.234198],[96.982595,30.201768],[96.991954,30.197537],[97.003429,30.194648],[97.009369,30.194037],[97.015391,30.194037],[97.033214,30.197292],[97.039561,30.197455],[97.053396,30.195909],[97.060313,30.194281],[97.066905,30.191596],[97.079031,30.182685],[97.100027,30.160224],[97.111746,30.150906],[97.14739,30.131212],[97.169037,30.113389],[97.177745,30.109442],[97.186941,30.107937],[97.205333,30.1081],[97.214447,30.107042],[97.222667,30.104275],[97.247813,30.089667],[97.258718,30.078925],[97.266612,30.066107],[97.287608,30.021511],[97.293468,30.013983],[97.300222,30.007351],[97.306733,30.002631],[97.3213,29.994696],[97.327403,29.989569],[97.337413,29.974311],[97.344249,29.955919],[97.348399,29.936632],[97.349701,29.918647],[97.358165,29.899482],[97.377615,29.885443],[97.400483,29.873481],[97.418061,29.860663],[97.422374,29.84455],[97.428233,29.795274],[97.435069,29.784939],[97.447276,29.773139],[97.447276,29.746609],[97.438487,29.702338],[97.442393,29.684678],[97.453543,29.664496],[97.468272,29.647773],[97.483165,29.640937],[97.494395,29.638292],[97.499115,29.631415],[97.500255,29.621446],[97.499929,29.60989],[97.503917,29.60281],[97.561453,29.548041],[97.571707,29.531073],[97.581147,29.486111],[97.595144,29.473456],[97.614838,29.466579],[97.68214,29.459296],[97.703705,29.450873],[97.712901,29.431749],[97.723643,29.422716],[97.829194,29.381781],[97.848155,29.371772],[97.856212,29.356309],[97.85906,29.346544],[97.866466,29.339219],[97.876475,29.334662],[97.886974,29.333075],[97.897716,29.327826],[97.899425,29.315538],[97.89739,29.30154],[97.897227,29.290839],[97.900971,29.28205],[97.906749,29.273383],[97.913666,29.266791],[97.932384,29.261501],[97.935639,29.25491],[97.936127,29.246039],[97.94337,29.219428],[97.9428,29.206488],[97.944347,29.194119],[97.993337,29.1164],[98.003998,29.103868],[98.025076,29.088487],[98.040538,29.072455],[98.034272,29.058051],[98.046967,29.038153],[98.082286,29.019151],[98.089692,29.000352],[98.091726,28.958564],[98.095795,28.938056],[98.103282,28.921495],[98.182384,28.818468],[98.226736,28.804796],[98.257498,28.790229],[98.290294,28.767605],[98.320567,28.741238],[98.343435,28.71544],[98.358979,28.677517],[98.370697,28.544135],[98.374441,28.531195],[98.378184,28.522813],[98.38323,28.516791],[98.391205,28.510606],[98.432221,28.494005],[98.439057,28.492947],[98.443126,28.457058],[98.442149,28.451687],[98.448253,28.439276],[98.445323,28.420681],[98.452729,28.407009],[98.448253,28.394721],[98.444753,28.354438],[98.445323,28.339301],[98.451915,28.324246],[98.45753,28.314561],[98.47047,28.297675],[98.4699,28.290107],[98.466726,28.282172],[98.466319,28.270453],[98.473237,28.234198],[98.472992,28.178087],[98.476003,28.152655],[98.485444,28.129665],[98.558523,28.09752],[98.568858,28.096015],[98.572276,28.082384],[98.581716,28.067654],[98.596202,28.055609],[98.614024,28.050645],[98.645518,28.010688],[98.651378,28.006293],[98.65325,28.001654],[98.659679,27.972032],[98.658214,27.968777],[98.667003,27.956081],[98.673432,27.95539],[98.685476,27.96129],[98.681244,27.949734],[98.675873,27.940782],[98.668386,27.933702],[98.658214,27.927802],[98.679861,27.904079],[98.68629,27.867377],[98.674571,27.770575],[98.673106,27.769558],[98.677419,27.761664],[98.690115,27.751044],[98.692882,27.746609],[98.698253,27.731553],[98.72169,27.699571],[98.731619,27.669013],[98.743337,27.656846],[98.774913,27.632921],[98.810313,27.59101],[98.816417,27.581488],[98.818451,27.576606],[98.823009,27.57331],[98.827566,27.568956],[98.829519,27.561306],[98.829519,27.523749],[98.825125,27.488634],[98.819753,27.475694],[98.809011,27.461697],[98.830658,27.421942],[98.839692,27.399848],[98.846446,27.371202],[98.860932,27.351671],[98.864268,27.341864],[98.863292,27.313015],[98.864268,27.304023],[98.867931,27.296576],[98.879893,27.279812],[98.884776,27.269884],[98.88616,27.261013],[98.88323,27.203315],[98.879975,27.193427],[98.868663,27.173855],[98.898448,26.454901],[98.891612,26.38227],[98.889415,26.373358],[98.883881,26.365058],[98.867686,26.348456],[98.859467,26.335639],[98.861257,26.325263],[98.866791,26.315294],[98.871104,26.303494],[98.871511,26.280626],[98.86321,26.207953],[98.85849,26.188422],[98.857432,26.177191],[98.859793,26.167589],[98.869558,26.15705],[98.871104,26.145819],[98.869233,26.139757],[98.857432,26.118476],[98.856944,26.107978],[98.85906,26.099189],[98.857026,26.091498],[98.843028,26.084337],[98.853282,26.048041],[98.836925,25.920478],[98.878998,25.66588],[98.880056,25.556423],[98.894786,25.471259],[98.891612,25.426459],[98.886729,25.415798],[98.873627,25.395819],[98.871104,25.3817],[98.879242,25.33865],[98.877371,25.324042],[98.870128,25.31505],[98.847992,25.295681],[98.843028,25.28616],[98.850515,25.254421],[98.851329,25.238878],[98.843028,25.22781],[98.848643,25.221015],[98.855398,25.209418],[98.858653,25.198513],[98.854015,25.193671],[98.843028,25.188056],[98.842784,25.175238],[98.850597,25.152126],[98.843028,25.073269],[98.848399,25.048774],[98.872,25.007636],[98.877371,24.991319],[98.880382,24.972846],[98.905284,24.918728],[98.888601,24.901557],[98.895437,24.873603],[98.923269,24.818061],[98.942393,24.796088],[98.946788,24.785915],[98.947683,24.772406],[98.95045,24.757758],[98.955496,24.746039],[98.963145,24.741156],[98.983409,24.734198],[99.010671,24.717353],[99.035492,24.69713],[99.048595,24.679755],[99.054698,24.653876],[99.057546,24.624823],[99.054291,24.599189],[99.04184,24.583564],[99.040538,24.563096],[99.024994,24.490261],[99.014903,24.468817],[98.986501,24.439521],[98.977306,24.422634],[98.97934,24.415391],[99.007498,24.406033],[99.027192,24.396593],[99.046967,24.383897],[99.061615,24.367621],[99.065684,24.347439],[99.06308,24.329413],[99.064952,24.321479],[99.071218,24.313544],[99.0796,24.307969],[99.108328,24.297065],[99.125255,24.284247],[99.118907,24.274237],[99.100515,24.267524],[99.052745,24.261257],[99.025076,24.254259],[98.999034,24.243232],[98.975108,24.227484],[98.965261,24.217637],[98.947276,24.195421],[98.937511,24.186591],[98.897065,24.168647],[98.884776,24.158393],[98.85491,24.139228],[98.817556,24.129218],[98.715831,24.121527],[98.681244,24.107001],[98.640066,24.100938],[98.612234,24.087755],[98.59669,24.083279],[98.58489,24.075995],[98.544444,24.05919],[98.53183,24.055976],[98.510265,24.053331],[98.492931,24.046698],[98.431895,24.000067],[98.417572,23.982693],[98.411632,23.963446],[98.415294,23.919949],[98.425385,23.878445],[98.444916,23.841498],[98.473399,23.814236],[98.54892,23.768581],[98.574718,23.744981],[98.600027,23.709662],[98.637625,23.637559],[98.648936,23.608913],[98.649099,23.596788],[98.644542,23.582953],[98.638194,23.575303],[98.629324,23.567084],[98.621349,23.55744],[98.613373,23.533759],[98.594249,23.517442],[98.589854,23.504177],[98.592784,23.49018],[98.599864,23.474718],[98.617768,23.445828],[98.606863,23.42654],[98.617931,23.419257],[98.639089,23.420437],[98.658214,23.425971],[98.720225,23.388048],[98.733165,23.301825],[98.731212,23.276557],[98.724213,23.262315],[98.710704,23.256049],[98.689138,23.254665],[98.683442,23.251492],[98.66505,23.237372],[98.649832,23.232978],[98.640554,23.227851],[98.634288,23.226671],[98.626475,23.228542],[98.616791,23.23725],[98.610362,23.240343],[98.588471,23.241278],[98.55421,23.229844],[98.53183,23.226671],[98.526459,23.223497],[98.516368,23.209418],[98.510916,23.206244],[98.500011,23.207465],[98.478608,23.212226],[98.466319,23.212429],[98.443451,23.205512],[98.446056,23.195136],[98.458751,23.184109],[98.471202,23.17003],[98.482432,23.164374],[98.495128,23.159735],[98.504242,23.157782],[98.516043,23.152777],[98.524099,23.141181],[98.535248,23.117499],[98.559255,23.092719],[98.564708,23.076443],[98.545095,23.069037],[98.527192,23.065294],[98.511322,23.055691],[98.499522,23.042507],[98.493663,23.028103],[98.496511,23.013617],[98.505056,22.989529],[98.517589,22.97016],[98.53183,22.970038],[98.54892,22.974718],[98.566335,22.963975],[98.589854,22.938747],[98.655284,22.909857],[98.66505,22.90119],[98.664561,22.876166],[98.661143,22.859239],[98.651134,22.847032],[98.63087,22.83629],[98.611339,22.830837],[98.545095,22.822618],[98.540538,22.818305],[98.524669,22.791327],[98.521983,22.781602],[98.527599,22.770331],[98.541515,22.75373],[98.54892,22.737331],[98.548106,22.730292],[98.543956,22.723822],[98.541515,22.709337],[98.544526,22.70071],[98.558849,22.685858],[98.563243,22.678656],[98.562999,22.669135],[98.559662,22.661322],[98.556163,22.655341],[98.555186,22.651313],[98.558849,22.639268],[98.562755,22.637803],[98.57252,22.637722],[98.578298,22.634874],[98.58074,22.628201],[98.582612,22.620225],[98.59075,22.606472],[98.5949,22.58808],[98.600108,22.579291],[98.612397,22.563503],[98.616303,22.554633],[98.621674,22.528103],[98.639415,22.496283],[98.644542,22.480048],[98.641612,22.459988],[98.622488,22.429958],[98.617768,22.414862],[98.61321,22.381659],[98.601085,22.346625],[98.585378,22.314032],[98.568858,22.288194],[98.578298,22.273139],[98.631114,22.158271],[98.643484,22.139431],[98.698253,22.086982],[98.720144,22.073798],[98.744151,22.068468],[98.756358,22.063259],[98.767833,22.051785],[98.774425,22.040229],[98.771495,22.03498],[98.756847,22.034857],[98.745697,22.032904],[98.738048,22.026719],[98.733165,22.013861],[98.740733,22.007025],[98.734793,21.998318],[98.726085,21.980089],[98.720225,21.972276],[98.713308,21.967637],[98.697195,21.961208],[98.671397,21.942939],[98.628998,21.926459],[98.569347,21.893622],[98.554698,21.878974],[98.54892,21.85932],[98.551199,21.838324],[98.58546,21.715277],[98.635753,21.647528],[98.644542,21.630316],[98.648529,21.581366],[98.618337,21.562079],[98.582286,21.547716],[98.568858,21.513617],[98.578136,21.492947],[98.610769,21.455512],[98.625255,21.417019],[98.642345,21.406806],[98.661062,21.399482],[98.673106,21.390082],[98.676768,21.372911],[98.678722,21.30447],[98.683523,21.290839],[98.706147,21.258653],[98.71282,21.239285],[98.710867,21.221015],[98.705577,21.199734],[98.703136,21.178534],[98.709727,21.160468],[98.726492,21.14289],[98.78297,21.102118],[98.801687,21.074734],[98.796397,21.043402],[98.773855,21.013983],[98.740733,20.992255],[98.712413,20.989814],[98.673432,20.992255],[98.638927,20.990546],[98.607432,20.960395],[98.530691,20.962755],[98.507904,20.951239]]]}},{"type":"Feature","properties":{"dissolve":"147River","scalerank":4.0,"featurecla":"River","name":"Hongshui","name_alt":null,"rivernum":147,"note":null,"min_zoom":4.0,"name_en":"Hongshui","min_label":5.0},"bbox":[106.97047,23.633653,109.528575,25.241482],"geometry":{"type":"MultiLineString","coordinates":[[[106.97047,25.241482],[106.977306,25.223212],[106.979096,25.200629],[106.977306,25.155829],[106.981944,25.134304],[107.018158,25.069525],[107.027843,25.042507],[107.03183,25.035997],[107.067556,25.018907],[107.085704,24.997341],[107.113048,24.998114],[107.155935,25.008734],[107.168224,24.995144],[107.195079,24.9442],[107.20753,24.932969],[107.21282,24.930732],[107.217459,24.925849],[107.223888,24.920966],[107.246186,24.915351],[107.253673,24.907009],[107.26588,24.885199],[107.310313,24.840155],[107.316824,24.830024],[107.317312,24.82099],[107.313731,24.806708],[107.315115,24.795437],[107.332042,24.759101],[107.334565,24.751085],[107.334076,24.741156],[107.328868,24.732733],[107.31129,24.716335],[107.306895,24.707058],[107.309988,24.695624],[107.334076,24.651801],[107.3449,24.622585],[107.353038,24.611192],[107.367686,24.597764],[107.404714,24.572821],[107.415538,24.562445],[107.456065,24.509101],[107.514171,24.395575],[107.521983,24.362006],[107.519786,24.323513],[107.531505,24.332953],[107.540294,24.341742],[107.549571,24.348253],[107.563243,24.350775],[107.5796,24.345811],[107.592459,24.333604],[107.60198,24.317979],[107.608409,24.303005],[107.610281,24.277452],[107.601329,24.225531],[107.608409,24.21365],[107.589936,24.194159],[107.576101,24.174262],[107.5595,24.163886],[107.532725,24.172634],[107.502208,24.138373],[107.485606,24.114569],[107.488048,24.103787],[107.492931,24.100613],[107.509288,24.086453],[107.515717,24.083279],[107.521088,24.078396],[107.514171,24.067979],[107.503673,24.058417],[107.498546,24.055976],[107.50172,24.043077],[107.520763,24.002509],[107.529063,23.993923],[107.536632,23.990261],[107.556407,23.963446],[107.566905,23.957139],[107.578217,23.955837],[107.589936,23.955837],[107.601573,23.953559],[107.614675,23.946234],[107.621023,23.940294],[107.62794,23.937445],[107.642589,23.939276],[107.653901,23.942979],[107.65919,23.947618],[107.663829,23.954169],[107.673106,23.963446],[107.689057,23.969428],[107.699474,23.959581],[107.717703,23.925605],[107.758556,23.877224],[107.782319,23.861843],[107.793061,23.840888],[107.80714,23.802069],[107.841238,23.739691],[107.864838,23.711249],[107.885265,23.709906],[107.894054,23.722357],[107.899669,23.733018],[107.907481,23.7414],[107.922455,23.746853],[107.956472,23.740912],[107.976003,23.740831],[107.98821,23.754828],[108.005382,23.753119],[108.011974,23.754259],[108.016775,23.76203],[108.018321,23.778591],[108.022472,23.785346],[108.034434,23.797797],[108.042003,23.808295],[108.050792,23.816718],[108.066498,23.823188],[108.098888,23.825466],[108.110362,23.830878],[108.121023,23.863349],[108.134776,23.859198],[108.16269,23.836249],[108.171804,23.846991],[108.190115,23.878445],[108.197276,23.88585],[108.212494,23.894599],[108.221446,23.901719],[108.231293,23.905382],[108.259776,23.910468],[108.265717,23.915635],[108.267345,23.926703],[108.275645,23.956163],[108.28004,23.966579],[108.286225,23.966579],[108.301524,23.958441],[108.310557,23.972235],[108.320404,24.007514],[108.352794,24.004828],[108.402843,24.048163],[108.434093,24.038886],[108.449311,24.028754],[108.474213,24.022284],[108.488292,24.011257],[108.503429,24.005439],[108.567393,24.007514],[108.585053,24.001532],[108.601573,23.993923],[108.605235,23.989569],[108.612071,23.977851],[108.615245,23.973985],[108.650401,23.950629],[108.664154,23.935614],[108.669932,23.915635],[108.700613,23.870958],[108.712576,23.861111],[108.721202,23.856879],[108.728608,23.863227],[108.751882,23.878445],[108.764415,23.851752],[108.796641,23.835761],[108.835704,23.828803],[108.869721,23.829413],[108.859304,23.815131],[108.857026,23.79914],[108.864513,23.784695],[108.882823,23.774766],[108.882823,23.768581],[108.862071,23.760362],[108.853038,23.754706],[108.848643,23.746853],[108.850108,23.734565],[108.857026,23.723822],[108.867279,23.716173],[108.879405,23.713324],[108.891368,23.706488],[108.898367,23.690456],[108.903412,23.672187],[108.910085,23.658718],[108.922455,23.648953],[108.942393,23.638373],[108.963959,23.633653],[108.982432,23.641303],[109.000255,23.657782],[109.0171,23.666856],[109.077159,23.685085],[109.132498,23.709906],[109.151134,23.726671],[109.168549,23.736274],[109.187755,23.737128],[109.211192,23.727607],[109.212576,23.724148],[109.216726,23.710476],[109.218435,23.706488],[109.222667,23.705512],[109.234793,23.707343],[109.239024,23.706488],[109.252208,23.689154],[109.261241,23.681342],[109.269786,23.682644],[109.285818,23.692898],[109.342052,23.706488],[109.398448,23.747667],[109.418956,23.757025],[109.424897,23.763699],[109.428722,23.771593],[109.427419,23.77851],[109.42213,23.790147],[109.42628,23.799343],[109.433686,23.8074],[109.438243,23.815741],[109.437022,23.826483],[109.429779,23.842475],[109.430919,23.850531],[109.437918,23.857856],[109.449474,23.864203],[109.460134,23.864447],[109.464936,23.853583],[109.467296,23.835557],[109.474294,23.817654],[109.487234,23.803087],[109.50644,23.795233],[109.528575,23.796413]]]}},{"type":"Feature","properties":{"dissolve":"148River","scalerank":4.0,"featurecla":"River","name":"Quan","name_alt":null,"rivernum":148,"note":null,"min_zoom":4.0,"name_en":"Quan","min_label":5.0},"bbox":[109.528575,23.404853,110.089366,23.797065],"geometry":{"type":"MultiLineString","coordinates":[[[109.528575,23.796413],[109.543875,23.797065],[109.560964,23.789496],[109.567963,23.764838],[109.561941,23.747178],[109.550222,23.731879],[109.542247,23.718451],[109.547537,23.706488],[109.559255,23.70185],[109.56837,23.705146],[109.577159,23.710801],[109.587901,23.713324],[109.602631,23.711697],[109.606049,23.708564],[109.604015,23.701931],[109.602061,23.68948],[109.612315,23.682563],[109.634369,23.685248],[109.655528,23.682318],[109.663585,23.658718],[109.655854,23.642401],[109.642996,23.62698],[109.635916,23.611151],[109.646251,23.593573],[109.653412,23.59101],[109.670909,23.592353],[109.677257,23.590399],[109.683604,23.582343],[109.691498,23.55504],[109.722667,23.493679],[109.74464,23.465196],[109.76295,23.463202],[109.78712,23.480821],[109.815359,23.485216],[109.838878,23.473456],[109.853282,23.429389],[109.865164,23.426622],[109.896414,23.432156],[109.90976,23.432929],[109.922862,23.431749],[109.936534,23.427354],[109.951589,23.418524],[109.978282,23.45185],[109.998139,23.467312],[110.0171,23.463202],[110.050141,23.423611],[110.068614,23.4088],[110.089366,23.404853]]]}},{"type":"Feature","properties":{"dissolve":"149River","scalerank":4.0,"featurecla":"River","name":"Xun","name_alt":null,"rivernum":149,"note":null,"min_zoom":4.0,"name_en":"Xun","min_label":5.0},"bbox":[110.089285,23.371527,111.301362,23.590766],"geometry":{"type":"MultiLineString","coordinates":[[[110.089285,23.407986],[110.090831,23.406806],[110.104015,23.407416],[110.113699,23.418158],[110.11614,23.432807],[110.116466,23.448432],[110.119884,23.461982],[110.122813,23.466417],[110.126557,23.470486],[110.131114,23.47366],[110.135916,23.475857],[110.142996,23.476589],[110.156749,23.474555],[110.163178,23.475369],[110.163666,23.513454],[110.16505,23.523464],[110.168875,23.529608],[110.175548,23.533067],[110.185557,23.53498],[110.200613,23.57331],[110.208263,23.583075],[110.221283,23.589057],[110.237885,23.590766],[110.254893,23.589545],[110.27589,23.585069],[110.282237,23.58279],[110.287852,23.579372],[110.292247,23.574408],[110.294932,23.567735],[110.297374,23.553168],[110.300548,23.546902],[110.312592,23.540147],[110.329845,23.538357],[110.362315,23.539374],[110.379812,23.537218],[110.39739,23.532416],[110.414154,23.525255],[110.429291,23.516425],[110.462494,23.487372],[110.476492,23.482489],[110.506602,23.480292],[110.521658,23.477362],[110.534597,23.470893],[110.541026,23.459744],[110.545909,23.445136],[110.553152,23.435736],[110.565929,23.440253],[110.571218,23.446357],[110.57545,23.453152],[110.580658,23.459011],[110.587901,23.462429],[110.597179,23.461737],[110.613699,23.452908],[110.622081,23.449571],[110.628917,23.449815],[110.634695,23.452338],[110.640147,23.455512],[110.646576,23.45779],[110.654877,23.457221],[110.677419,23.446885],[110.693451,23.447292],[110.70753,23.454535],[110.720795,23.464179],[110.734874,23.471951],[110.751231,23.47545],[110.769054,23.475409],[110.786388,23.471869],[110.801362,23.465033],[110.828298,23.447862],[110.841319,23.441759],[110.846934,23.43769],[110.851573,23.431993],[110.856293,23.418728],[110.860606,23.38996],[110.868744,23.37877],[110.895112,23.371527],[110.919037,23.383653],[110.941335,23.402615],[110.962901,23.415595],[111.070567,23.452501],[111.086029,23.455919],[111.092703,23.456122],[111.135916,23.449774],[111.18629,23.433132],[111.201671,23.430691],[111.216319,23.430854],[111.230886,23.433173],[111.232026,23.447089],[111.235281,23.460232],[111.241791,23.471055],[111.253835,23.478339],[111.271414,23.481635],[111.301362,23.480658]]]}},{"type":"Feature","properties":{"dissolve":"153River","scalerank":4.0,"featurecla":"River","name":"Salween","name_alt":null,"rivernum":153,"note":null,"min_zoom":4.0,"name_en":"Salween","min_label":5.0},"bbox":[97.32724,16.554958,98.699718,20.951239],"geometry":{"type":"MultiLineString","coordinates":[[[98.507904,20.951239],[98.494558,20.924099],[98.49171,20.876776],[98.500499,20.787421],[98.512299,20.747992],[98.593028,20.611884],[98.649832,20.484931],[98.656179,20.460964],[98.65919,20.43655],[98.654796,20.420233],[98.64503,20.401313],[98.644135,20.377509],[98.649343,20.353787],[98.658214,20.334906],[98.673595,20.317247],[98.686941,20.306586],[98.6963,20.293891],[98.699718,20.270087],[98.695893,20.224636],[98.689464,20.201443],[98.678722,20.184109],[98.661225,20.172227],[98.622813,20.157009],[98.606944,20.146552],[98.599864,20.144721],[98.565929,20.14997],[98.535248,20.129462],[98.505382,20.095567],[98.488455,20.085028],[98.462576,20.081081],[98.399832,20.080349],[98.377533,20.074815],[98.343272,20.057481],[98.276378,20.014431],[98.233653,19.999132],[98.14088,19.990017],[98.020274,19.953233],[97.996755,19.951361],[97.978282,19.953925],[97.940684,19.964179],[97.917735,19.964952],[97.877045,19.950792],[97.858409,19.924018],[97.847179,19.891913],[97.829519,19.861925],[97.814871,19.851671],[97.800955,19.850653],[97.764415,19.85574],[97.751069,19.846503],[97.745942,19.824897],[97.743907,19.79975],[97.740245,19.780056],[97.693614,19.72016],[97.681895,19.711127],[97.663259,19.705349],[97.655365,19.690497],[97.65089,19.649685],[97.637218,19.60871],[97.634939,19.595974],[97.637218,19.564032],[97.633067,19.547187],[97.603038,19.485785],[97.58546,19.419501],[97.579112,19.409491],[97.558116,19.404608],[97.539154,19.391872],[97.525645,19.374294],[97.520518,19.354844],[97.52239,19.347968],[97.530935,19.330675],[97.53419,19.320665],[97.534597,19.150458],[97.528575,19.137274],[97.510509,19.118679],[97.503673,19.103868],[97.490001,19.05036],[97.476654,18.901719],[97.465831,18.862006],[97.460053,18.851752],[97.441335,18.827826],[97.431651,18.820421],[97.386974,18.823554],[97.365733,18.856065],[97.351329,18.87169],[97.33489,18.875067],[97.32724,18.850857],[97.33489,18.710557],[97.359793,18.624213],[97.362804,18.587673],[97.34547,18.561591],[97.357351,18.540107],[97.378673,18.520941],[97.390066,18.502021],[97.39446,18.487331],[97.417247,18.441352],[97.4428,18.40351],[97.446056,18.381415],[97.446544,18.358466],[97.452159,18.333808],[97.466238,18.311591],[97.485932,18.292344],[97.507742,18.276719],[97.527924,18.26557],[97.537201,18.272773],[97.541515,18.280463],[97.560151,18.328437],[97.562022,18.330675],[97.573334,18.333279],[97.624278,18.313544],[97.637218,18.306505],[97.643321,18.291571],[97.642833,18.27322],[97.635265,18.257758],[97.620372,18.251288],[97.617605,18.241889],[97.62851,18.221055],[97.680105,18.152859],[97.683849,18.146308],[97.684988,18.140408],[97.684988,18.131781],[97.687022,18.120063],[97.696381,18.101752],[97.698416,18.090847],[97.697683,18.084906],[97.693289,18.075303],[97.692393,18.070339],[97.693858,18.061713],[97.697276,18.060899],[97.701915,18.062079],[97.706065,18.059434],[97.719656,18.05329],[97.721772,18.04914],[97.724864,18.036933],[97.73935,18.003119],[97.743663,17.997992],[97.746755,17.992703],[97.751394,17.980984],[97.753835,17.969265],[97.750499,17.963894],[97.747162,17.961046],[97.719656,17.943427],[97.691417,17.895819],[97.685069,17.880886],[97.698416,17.833564],[97.675792,17.830512],[97.675955,17.815253],[97.686046,17.794623],[97.692393,17.775214],[97.695079,17.752468],[97.712901,17.690131],[97.720714,17.591661],[97.72405,17.581855],[97.729503,17.573065],[97.737071,17.563544],[97.743663,17.55268],[97.753917,17.518866],[97.771251,17.492621],[97.774343,17.484076],[97.772716,17.47248],[97.760753,17.44656],[97.761485,17.419013],[97.759939,17.405626],[97.750499,17.398139],[97.726492,17.388495],[97.690522,17.361396],[97.674815,17.323432],[97.671886,17.237657],[97.676524,17.199327],[97.674246,17.182969],[97.655284,17.173122],[97.652192,17.165229],[97.65089,17.155056],[97.65089,17.12641],[97.61321,17.055528],[97.609793,17.03502],[97.612641,17.01085],[97.637218,16.956488],[97.640066,16.932563],[97.634939,16.912665],[97.62794,16.893378],[97.616628,16.829291],[97.619151,16.818874],[97.629242,16.80211],[97.630382,16.791368],[97.624522,16.771186],[97.606619,16.729804],[97.603038,16.706366],[97.605398,16.684353],[97.61142,16.665391],[97.620209,16.648993],[97.656261,16.599962],[97.664236,16.585557],[97.673595,16.554958]]]}},{"type":"Feature","properties":{"dissolve":"15River","scalerank":1.0,"featurecla":"River","name":"Jinsha","name_alt":"Yangtze","rivernum":15,"note":null,"min_zoom":2.0,"name_en":"Yangtze","min_label":3.0},"bbox":[98.541515,25.972968,103.879975,31.689765],"geometry":{"type":"MultiLineString","coordinates":[[[98.541515,31.689765],[98.547781,31.684638],[98.553233,31.68126],[98.558523,31.677029],[98.563243,31.669298],[98.565684,31.66059],[98.568858,31.631781],[98.575694,31.615912],[98.591889,31.598741],[98.840831,31.396796],[98.864268,31.367703],[98.867442,31.364854],[98.884776,31.354031],[98.874278,31.341173],[98.830577,31.298285],[98.802745,31.257839],[98.781749,31.238959],[98.767589,31.230292],[98.761241,31.234198],[98.755951,31.244412],[98.731375,31.277899],[98.723643,31.285102],[98.713634,31.290961],[98.682546,31.315863],[98.66505,31.320502],[98.648936,31.316596],[98.637625,31.30919],[98.620942,31.288845],[98.611095,31.25613],[98.619884,31.187852],[98.603526,31.169623],[98.612804,31.164862],[98.638438,31.159735],[98.651378,31.155382],[98.692882,31.12462],[98.720876,31.066352],[98.726003,31.059638],[98.745046,31.040554],[98.764659,31.015082],[98.774913,31.007432],[98.796804,30.997097],[98.802745,30.990912],[98.805105,30.966254],[98.797862,30.940782],[98.786062,30.91824],[98.774913,30.902167],[98.787364,30.880805],[98.800792,30.867784],[98.8331,30.843533],[98.8803,30.793077],[98.898448,30.778632],[98.938243,30.760199],[98.954112,30.747829],[98.96046,30.727118],[98.952891,30.708116],[98.935964,30.700466],[98.91741,30.694892],[98.905284,30.68244],[98.90504,30.663682],[98.921886,30.623643],[98.92628,30.603868],[98.927257,30.593695],[98.93157,30.579454],[98.930919,30.500027],[98.932546,30.490587],[98.937999,30.485297],[98.947358,30.479112],[98.956391,30.471055],[98.96046,30.459906],[98.986501,30.144314],[99.029552,30.067898],[99.033946,30.055243],[99.036632,29.975531],[99.043224,29.944892],[99.056082,29.915229],[99.017345,29.853298],[99.0053,29.820014],[99.000662,29.784939],[99.00294,29.781033],[99.012218,29.773017],[99.014415,29.767849],[99.012625,29.764716],[99.003673,29.761583],[99.000662,29.756944],[98.98821,29.688585],[98.986501,29.650824],[98.991791,29.63463],[99.015229,29.604356],[99.023855,29.581488],[99.038585,29.567328],[99.04184,29.562364],[99.04184,29.52794],[99.058686,29.417996],[99.048595,29.387641],[99.058849,29.367051],[99.062755,29.34809],[99.062266,29.308214],[99.067149,29.296698],[99.089854,29.26671],[99.096446,29.250515],[99.10849,29.224148],[99.103933,29.092149],[99.120942,28.964626],[99.117442,28.921495],[99.09905,28.855984],[99.096446,28.835883],[99.100352,28.813503],[99.118663,28.77086],[99.124278,28.749579],[99.123546,28.738959],[99.118093,28.720079],[99.117442,28.708604],[99.120128,28.698513],[99.128673,28.677558],[99.130463,28.664578],[99.134858,28.654568],[99.154063,28.640652],[99.158376,28.630154],[99.160248,28.617133],[99.1692,28.602403],[99.17213,28.592597],[99.171641,28.582628],[99.166515,28.565009],[99.165294,28.554714],[99.175955,28.532172],[99.178803,28.523627],[99.180186,28.504706],[99.178233,28.482204],[99.17213,28.463324],[99.161794,28.45539],[99.162364,28.438056],[99.226654,28.339301],[99.244558,28.321804],[99.254975,28.314399],[99.264903,28.311387],[99.273448,28.307237],[99.274506,28.297471],[99.273204,28.2862],[99.274425,28.277208],[99.278412,28.274034],[99.293061,28.264716],[99.29892,28.259874],[99.30421,28.2508],[99.308442,28.240831],[99.314545,28.232774],[99.326671,28.229438],[99.339447,28.224066],[99.381277,28.184434],[99.388601,28.168077],[99.386485,28.139268],[99.398529,28.12641]],[[99.398529,28.119574],[99.391124,28.085313],[99.394542,28.042507],[99.405203,28.000515],[99.449962,27.906317],[99.457774,27.86876],[99.453868,27.832221],[99.446218,27.818712],[99.437511,27.809394],[99.431651,27.797716],[99.432872,27.776964],[99.441335,27.750027],[99.471446,27.689032],[99.480968,27.674628],[99.494151,27.659695],[99.514578,27.657538],[99.523041,27.653591],[99.518484,27.6435],[99.518647,27.637722],[99.522553,27.628241],[99.525401,27.616726],[99.521495,27.605048],[99.549815,27.588894],[99.560313,27.563259],[99.560069,27.534613],[99.555675,27.509467],[99.571707,27.500312],[99.586192,27.486925],[99.594168,27.472846],[99.589854,27.461697],[99.615815,27.421332],[99.64503,27.385932],[99.635916,27.350206],[99.653087,27.317694],[99.802419,27.195583],[99.947765,27.029486],[99.956391,27.009955],[99.960053,26.989366],[99.962576,26.920722],[99.966563,26.898708],[99.97405,26.886298],[99.989024,26.888983],[100.024669,26.919623],[100.039154,26.927273],[100.041026,26.931952],[100.063406,26.958279],[100.062429,26.992133],[100.063406,27.002997],[100.079112,27.045111],[100.084727,27.069119],[100.080089,27.087999],[100.067475,27.106798],[100.059011,27.12873],[100.056733,27.151638],[100.063406,27.173651],[100.075613,27.183661],[100.11614,27.208523],[100.129242,27.224677],[100.14796,27.243272],[100.155772,27.26085],[100.164154,27.267157],[100.173269,27.272244],[100.179454,27.276679],[100.237804,27.341864],[100.244558,27.361151],[100.236501,27.382025],[100.214285,27.413886],[100.211436,27.423285],[100.206716,27.454861],[100.194835,27.480292],[100.193126,27.485867],[100.193126,27.511013],[100.195323,27.52794],[100.203217,27.541938],[100.237641,27.576524],[100.244151,27.592556],[100.24822,27.607367],[100.263764,27.63113],[100.271251,27.652655],[100.278819,27.663398],[100.290131,27.675564],[100.295014,27.683539],[100.296316,27.690863],[100.296153,27.701239],[100.294851,27.711005],[100.289073,27.731024],[100.288666,27.742784],[100.300792,27.768622],[100.302989,27.780382],[100.296153,27.821357],[100.299571,27.832099],[100.307221,27.832221],[100.323416,27.824774],[100.334402,27.824042],[100.339936,27.82453],[100.378673,27.841864],[100.388194,27.844794],[100.402273,27.845893],[100.420339,27.838487],[100.429698,27.820624],[100.433197,27.798041],[100.432384,27.749457],[100.433197,27.742784],[100.45045,27.704657],[100.461843,27.688096],[100.464936,27.670681],[100.443777,27.538398],[100.448822,27.498969],[100.481049,27.468533],[100.527599,27.452826],[100.542979,27.438788],[100.524425,27.400499],[100.522716,27.376654],[100.528819,27.331326],[100.545909,27.284451],[100.552419,27.255479],[100.546641,27.24254],[100.543712,27.238308],[100.54184,27.228868],[100.538829,27.21955],[100.532644,27.215277],[100.521414,27.211371],[100.503184,27.193386],[100.494721,27.187934],[100.482595,27.187201],[100.45045,27.194159],[100.437592,27.190985],[100.433849,27.183905],[100.436615,27.176825],[100.443614,27.173651],[100.466075,27.166083],[100.486257,27.147488],[100.497081,27.124132],[100.49171,27.102322],[100.486257,27.092841],[100.474294,27.057644],[100.453868,27.0303],[100.453543,27.008897],[100.458263,26.980658],[100.46575,26.953315],[100.474294,26.934678],[100.464773,26.922919],[100.458263,26.905341],[100.454845,26.885199],[100.454194,26.843858],[100.451915,26.826443],[100.441173,26.814765],[100.415945,26.810574],[100.398204,26.803819],[100.393972,26.787177],[100.398529,26.746039],[100.40089,26.74018],[100.410655,26.730902],[100.412852,26.724921],[100.411713,26.719062],[100.409434,26.716254],[100.407156,26.714464],[100.405935,26.711534],[100.407807,26.69949],[100.418956,26.674018],[100.419526,26.663926],[100.41741,26.650417],[100.418956,26.639228],[100.421641,26.635443],[100.431244,26.626329],[100.433197,26.625596],[100.432628,26.619412],[100.427419,26.608751],[100.426524,26.605089],[100.426524,26.519477],[100.430756,26.499132],[100.449474,26.465277],[100.460704,26.403388],[100.454845,26.391547],[100.444835,26.3817],[100.440847,26.373074],[100.453868,26.364936],[100.439952,26.344997],[100.426524,26.333686],[100.41684,26.321845],[100.412852,26.300076],[100.41505,26.294786],[100.419688,26.289903],[100.424327,26.28323],[100.428966,26.262559],[100.447032,26.227729],[100.473725,26.214952],[100.547944,26.229438],[100.584239,26.221503],[100.589692,26.215928],[100.593272,26.210232],[100.599294,26.205024],[100.612071,26.201036],[100.618337,26.204128],[100.625987,26.210517],[100.635671,26.213162],[100.667735,26.191677],[100.687918,26.190131],[100.734386,26.1942],[100.774913,26.184149],[100.793875,26.184638],[100.813243,26.197618],[100.83074,26.206],[100.84962,26.200507],[100.885834,26.180528],[100.890554,26.178738],[100.895763,26.175605],[100.900971,26.171454],[100.905772,26.166287],[100.925955,26.186876],[100.949474,26.22663],[100.987804,26.269721],[101.000011,26.27912],[101.026134,26.287177],[101.045828,26.305487],[101.053722,26.309638],[101.080496,26.31627],[101.125662,26.345282],[101.170665,26.355089],[101.191173,26.369208],[101.201101,26.372382],[101.217377,26.369086],[101.228608,26.363878],[101.239675,26.362982],[101.255056,26.372382],[101.279714,26.36994],[101.369721,26.379503],[101.403331,26.392157],[101.422944,26.393093],[101.427013,26.396552],[101.429861,26.400702],[101.471772,26.445583],[101.476329,26.461046],[101.457774,26.467963],[101.451915,26.471625],[101.454845,26.479804],[101.464366,26.492133],[101.464366,26.498155],[101.450857,26.511908],[101.44752,26.519477],[101.452729,26.531195],[101.488455,26.57038],[101.518484,26.590644],[101.552338,26.593573],[101.587006,26.591864],[101.618907,26.598253],[101.631765,26.582302],[101.638601,26.576199],[101.646658,26.57038],[101.652354,26.589952],[101.660492,26.586249],[101.670421,26.573025],[101.680919,26.564154],[101.697846,26.564805],[101.705089,26.573065],[101.708588,26.583686],[101.715017,26.591417],[101.723074,26.594306],[101.730886,26.59516],[101.738455,26.593288],[101.745697,26.587999],[101.754975,26.583319],[101.762218,26.587104],[101.768647,26.594021],[101.77589,26.598253],[101.805675,26.601426],[101.817556,26.598904],[101.830577,26.591417],[101.845876,26.571885],[101.88616,26.474636],[101.892833,26.462266],[101.901134,26.45128],[101.913097,26.44123],[101.931895,26.428778],[101.94044,26.421739],[101.947765,26.413357],[101.94101,26.398749],[101.939138,26.381212],[101.941742,26.326972],[101.94044,26.317165],[101.928315,26.289659],[101.926768,26.279568],[101.921397,26.265652],[101.911225,26.251532],[101.904389,26.23782],[101.909679,26.224636],[101.917247,26.210517],[101.908295,26.201199],[101.878917,26.186794],[101.857026,26.169013],[101.844737,26.13935],[101.839122,26.103583],[101.837901,26.067328],[101.839122,26.059841],[101.843761,26.042304],[101.844737,26.032823],[101.842052,26.022284],[101.831147,26.006049],[101.830577,25.994981],[101.838796,25.98253],[101.854747,25.975409],[101.874115,25.972968],[101.892589,25.974473],[101.940033,25.992214],[101.957774,25.994981],[102.017833,25.98668],[102.046886,25.996039],[102.065359,25.995876],[102.083995,25.999579],[102.098643,26.015448],[102.102061,26.034451],[102.100841,26.053738],[102.10198,26.071112],[102.112315,26.084337],[102.117605,26.096259],[102.130382,26.114814],[102.145437,26.132107],[102.222179,26.186794],[102.231944,26.197781],[102.24114,26.214057],[102.25172,26.228787],[102.266612,26.235175],[102.289806,26.237087],[102.314545,26.24254],[102.338308,26.251166],[102.358165,26.262519],[102.375092,26.280463],[102.386648,26.298204],[102.40032,26.311713],[102.423839,26.317165],[102.4463,26.318549],[102.464854,26.322618],[102.502615,26.337592],[102.55421,26.373114],[102.567882,26.378526],[102.584727,26.374945],[102.602794,26.366238],[102.617931,26.355251],[102.626231,26.345038],[102.623139,26.318671],[102.61142,26.286892],[102.60963,26.260118],[102.646576,26.244574],[102.667491,26.225775],[102.680919,26.221503],[102.698741,26.223456],[102.710867,26.228949],[102.720144,26.237576],[102.766775,26.293321],[102.791026,26.310329],[102.821788,26.317165],[102.845225,26.327094],[102.87794,26.365017],[102.893077,26.364936],[102.891775,26.355292],[102.908376,26.349229],[102.951182,26.345038],[102.971609,26.350857],[102.988292,26.365098],[102.999278,26.383124],[103.00294,26.400255],[103.000499,26.410346],[102.991303,26.430528],[102.989268,26.44123],[102.991303,26.44599],[103.000662,26.456855],[103.00294,26.461127],[103.002371,26.468533],[102.996755,26.47956],[102.995535,26.485378],[102.999766,26.495795],[103.009939,26.500678],[103.022553,26.502061],[103.033702,26.502061],[103.038666,26.506171],[103.053233,26.527045],[103.057628,26.5362],[103.057709,26.557196],[103.047862,26.57038],[103.036062,26.582831],[103.030284,26.601671],[103.030935,26.643866],[103.029226,26.661811],[103.023448,26.680243],[103.011974,26.703721],[103.009207,26.714952],[103.006602,26.738634],[103.003917,26.750759],[102.999278,26.755927],[102.992279,26.765815],[102.975108,26.831081],[102.953054,26.86164],[102.924734,26.892117],[102.901134,26.924628],[102.893077,26.961371],[102.900483,26.992458],[102.899343,27.002997],[102.895518,27.00849],[102.8838,27.017768],[102.879975,27.023464],[102.87794,27.031846],[102.878184,27.035712],[102.879405,27.039374],[102.879975,27.04739],[102.884776,27.06623],[102.906505,27.097764],[102.913585,27.11225],[102.915457,27.134345],[102.903575,27.221625],[102.889578,27.256619],[102.886241,27.276679],[102.889252,27.291368],[102.906993,27.333686],[102.929454,27.367133],[102.941905,27.405097],[102.9546,27.420722],[102.966319,27.398993],[102.977061,27.38878],[102.991222,27.385932],[103.012787,27.385932],[103.019054,27.389106],[103.037852,27.403266],[103.04713,27.40644],[103.070811,27.408149],[103.083507,27.410468],[103.092296,27.413886],[103.106375,27.408474],[103.120616,27.412177],[103.134288,27.421902],[103.146983,27.434353],[103.150076,27.473171],[103.160167,27.497138],[103.217865,27.566759],[103.228933,27.573513],[103.249441,27.577704],[103.28476,27.580756],[103.295909,27.587755],[103.304698,27.605048],[103.285737,27.633612],[103.28419,27.640448],[103.290701,27.646064],[103.313487,27.654853],[103.318289,27.663398],[103.326752,27.673529],[103.414561,27.742784],[103.444021,27.755561],[103.451427,27.759874],[103.454682,27.768663],[103.456065,27.781277],[103.458507,27.792548],[103.465017,27.797431],[103.476573,27.799872],[103.479015,27.80626],[103.478608,27.81505],[103.482188,27.824774],[103.503022,27.849677],[103.508311,27.864447],[103.510916,27.93004],[103.518565,27.94538],[103.536713,27.96129],[103.555431,27.970242],[103.562755,27.97545],[103.564708,27.983018],[103.560069,27.98786],[103.550792,27.98786],[103.540945,27.984442],[103.533702,27.979315],[103.513927,27.971381],[103.50172,27.99197],[103.489024,28.037665],[103.474539,28.039822],[103.456391,28.037136],[103.440929,28.042304],[103.434255,28.068061],[103.436046,28.075792],[103.440115,28.083319],[103.445567,28.090196],[103.451427,28.096015],[103.456472,28.105251],[103.452647,28.123887],[103.454845,28.133857],[103.458914,28.134711],[103.538178,28.184434],[103.551524,28.206122],[103.562022,28.229275],[103.571544,28.243109],[103.58074,28.246365],[103.602468,28.247748],[103.612641,28.249945],[103.619395,28.254747],[103.626231,28.261583],[103.634044,28.267768],[103.643565,28.270453],[103.666026,28.26321],[103.683442,28.246649],[103.697032,28.228339],[103.708751,28.215766],[103.722097,28.21544],[103.749278,28.242743],[103.788992,28.255479],[103.879975,28.325629],[103.870128,28.343777],[103.859467,28.400743],[103.8213,28.484809],[103.796804,28.525336],[103.794932,28.531073],[103.804861,28.551581],[103.828217,28.587429],[103.836436,28.604844],[103.832286,28.620469],[103.841563,28.636257],[103.845144,28.653591],[103.850678,28.668036]]]}},{"type":"Feature","properties":{"dissolve":"179River","scalerank":5.0,"featurecla":"River","name":"Godävari","name_alt":null,"rivernum":179,"note":null,"min_zoom":4.7,"name_en":"Godävari","min_label":5.7},"bbox":[73.652436,16.312201,82.342703,20.047553],"geometry":{"type":"MultiLineString","coordinates":[[[73.652436,20.012763],[73.65683,20.0185],[73.666108,20.034532],[73.672944,20.040107],[73.686046,20.042996],[73.69573,20.040147],[73.70517,20.035671],[73.738536,20.031317],[73.781261,20.019802],[73.822195,19.997829],[73.838145,19.99372],[73.862315,19.992296],[73.902599,19.999132],[73.916596,19.997423],[73.947276,19.98489],[73.967377,19.982693],[73.975352,19.988471],[73.980479,20.000312],[73.991954,20.016466],[74.004161,20.026475],[74.021495,20.03738],[74.040538,20.0456],[74.05714,20.047553],[74.066173,20.040839],[74.073334,20.030544],[74.082612,20.025092],[74.098155,20.033271],[74.11671,20.020575],[74.147065,20.014268],[74.163015,20.002875],[74.171886,19.999213],[74.196707,19.995063],[74.201752,19.988593],[74.228526,19.971788],[74.23642,19.9713],[74.254975,19.972724],[74.263194,19.971788],[74.288097,19.95954],[74.293712,19.957546],[74.313569,19.955186],[74.389171,19.930609],[74.409272,19.919013],[74.42628,19.905544],[74.433442,19.893012],[74.442475,19.881944],[74.464285,19.883857],[74.489268,19.889431],[74.508881,19.889268],[74.512625,19.884711],[74.522716,19.861925],[74.53297,19.853827],[74.544363,19.846991],[74.553396,19.838202],[74.560802,19.811794],[74.568858,19.805854],[74.579112,19.802354],[74.601166,19.789089],[74.610932,19.791775],[74.620372,19.797919],[74.632498,19.800482],[74.673432,19.780056],[74.691987,19.767849],[74.698416,19.76614],[74.740326,19.765082],[74.759369,19.761094],[74.774425,19.751003],[74.790701,19.731635],[74.813487,19.690945],[74.829031,19.671576],[74.848888,19.663357],[74.861095,19.6612],[74.8803,19.651801],[74.88974,19.649685],[74.917084,19.654364],[74.929454,19.654975],[74.940929,19.649685],[74.951589,19.656602],[74.96339,19.652696],[74.98878,19.636013],[75.016124,19.629218],[75.03476,19.616645],[75.036632,19.614936],[75.113292,19.600531],[75.139659,19.587592],[75.160737,19.595893],[75.180919,19.593858],[75.195811,19.582872],[75.201752,19.564032],[75.205984,19.556749],[75.216726,19.548448],[75.247,19.532823],[75.319428,19.508368],[75.335216,19.505683],[75.340017,19.50255],[75.350515,19.488878],[75.355561,19.485785],[75.36964,19.4678],[75.375662,19.463487],[75.378429,19.466254],[75.381114,19.470649],[75.386648,19.471544],[75.408376,19.466132],[75.417491,19.461534],[75.427664,19.451687],[75.431651,19.440945],[75.432384,19.429633],[75.436697,19.4206],[75.451915,19.416938],[75.457612,19.420111],[75.469493,19.43419],[75.479096,19.437445],[75.490245,19.434353],[75.497325,19.426947],[75.503184,19.417792],[75.510183,19.409491],[75.548106,19.389472],[75.68157,19.362331],[75.705007,19.354519],[75.720714,19.352159],[75.735444,19.354844],[75.749115,19.365831],[75.758556,19.379665],[75.76946,19.391425],[75.787364,19.39643],[75.802175,19.39171],[75.818614,19.382351],[75.834727,19.375759],[75.84905,19.379014],[75.863699,19.384833],[75.897878,19.38406],[75.914236,19.388983],[75.91448,19.377468],[75.907481,19.348009],[75.907481,19.317328],[75.91741,19.304877],[75.940196,19.302436],[75.965587,19.306505],[75.983165,19.31391],[75.992605,19.330837],[76.000499,19.340155],[76.009858,19.341824],[76.016043,19.332831],[76.017345,19.305447],[76.020763,19.299628],[76.030772,19.298651],[76.050548,19.294379],[76.061615,19.293402],[76.075287,19.296251],[76.081635,19.302802],[76.085867,19.309678],[76.093028,19.31391],[76.110444,19.312323],[76.162527,19.297797],[76.177745,19.289984],[76.193858,19.275499],[76.209727,19.265448],[76.225841,19.260037],[76.242686,19.259304],[76.285167,19.265977],[76.304861,19.265163],[76.321788,19.255886],[76.3296,19.250352],[76.355886,19.238145],[76.361257,19.233262],[76.357188,19.222357],[76.346202,19.204657],[76.34547,19.160427],[76.339854,19.14289],[76.321788,19.135769],[76.318126,19.129503],[76.319347,19.117377],[76.329356,19.10932],[76.35255,19.115302],[76.360362,19.123318],[76.362071,19.130642],[76.365896,19.133572],[76.380382,19.128282],[76.384288,19.122138],[76.385265,19.113227],[76.38974,19.10517],[76.403901,19.10163],[76.422862,19.103827],[76.427013,19.099189],[76.429454,19.071885],[76.433849,19.063585],[76.442312,19.059678],[76.455577,19.060614],[76.465261,19.06627],[76.482188,19.087022],[76.490245,19.094794],[76.506928,19.102891],[76.518077,19.106757],[76.560802,19.11225],[76.56544,19.111884],[76.620616,19.080593],[76.630463,19.068793],[76.634288,19.049831],[76.630789,19.040229],[76.62379,19.032294],[76.619558,19.024522],[76.623627,19.015326],[76.63087,19.00963],[76.639089,19.006171],[76.648855,19.004747],[76.660411,19.005398],[76.67628,19.010525],[76.687999,19.017646],[76.699962,19.021837],[76.715587,19.018419],[76.726166,19.010077],[76.72934,19.000271],[76.730724,18.989325],[76.736501,18.977484],[76.757498,18.989691],[76.764171,18.996365],[76.780854,19.018826],[76.784434,19.025906],[76.777924,19.039659],[76.776134,19.049018],[76.780935,19.053249],[76.826182,19.045193],[76.832286,19.049831],[76.835867,19.064236],[76.844819,19.06745],[76.893972,19.051378],[76.906505,19.050116],[76.921641,19.053249],[76.932628,19.060858],[76.952729,19.08279],[76.965912,19.087348],[76.969656,19.089626],[76.976003,19.099392],[76.979991,19.10163],[76.987315,19.100531],[76.997162,19.095893],[77.000499,19.094794],[77.030528,19.098334],[77.043224,19.096625],[77.058116,19.087348],[77.054861,19.099066],[77.056651,19.111518],[77.064382,19.120632],[77.079194,19.122097],[77.090343,19.114569],[77.092784,19.101508],[77.086518,19.088568],[77.072358,19.081122],[77.078868,19.070258],[77.089366,19.066026],[77.101654,19.06745],[77.113536,19.073676],[77.133718,19.066962],[77.143565,19.082709],[77.151134,19.104356],[77.164968,19.115302],[77.174815,19.11168],[77.185069,19.104926],[77.195567,19.100775],[77.206391,19.105048],[77.213796,19.110785],[77.222667,19.115058],[77.243175,19.122097],[77.24879,19.121894],[77.25587,19.119696],[77.261729,19.116889],[77.263682,19.115302],[77.267507,19.119818],[77.269542,19.126654],[77.271007,19.135769],[77.286876,19.142605],[77.298269,19.143988],[77.308604,19.139187],[77.324229,19.136501],[77.361501,19.158271],[77.38087,19.156277],[77.394135,19.138861],[77.388601,19.123643],[77.379893,19.108425],[77.384044,19.091091],[77.401947,19.073513],[77.456065,19.040147],[77.462901,19.032904],[77.471446,19.017198],[77.476573,19.012234],[77.488292,19.009141],[77.499034,19.009589],[77.509695,19.008816],[77.538015,18.993516],[77.555431,18.991726],[77.571869,18.98725],[77.586436,18.971259],[77.598643,18.941107],[77.607595,18.93712],[77.631114,18.93655],[77.636811,18.932318],[77.641124,18.923163],[77.647227,18.914008],[77.658376,18.909857],[77.667003,18.907904],[77.674327,18.902899],[77.689464,18.88935],[77.709483,18.877021],[77.72877,18.870714],[77.774832,18.868232],[77.785167,18.866075],[77.792247,18.861396],[77.797293,18.856716],[77.801768,18.85456],[77.817475,18.853054],[77.838959,18.848334],[77.847341,18.84337],[77.853933,18.836982],[77.86142,18.830756],[77.87379,18.826687],[77.885916,18.826483],[77.905691,18.832465],[77.918468,18.834093],[77.935476,18.829291],[77.944835,18.829657],[77.948822,18.83751],[77.951182,18.848334],[77.956554,18.857001],[77.963471,18.863634],[77.9699,18.868232],[77.985769,18.871283],[78.029307,18.872585],[78.038259,18.878485],[78.038259,18.889919],[78.039561,18.898749],[78.042572,18.906195],[78.048839,18.913194],[78.061046,18.921495],[78.069021,18.921983],[78.076671,18.920681],[78.087332,18.923448],[78.092214,18.929023],[78.105724,18.949408],[78.114675,18.957587],[78.116466,18.955837],[78.122081,18.952582],[78.128835,18.950222],[78.134532,18.950751],[78.140636,18.956488],[78.147227,18.968858],[78.151459,18.974392],[78.16741,18.983832],[78.215343,19.002061],[78.230724,19.005398],[78.248139,19.001736],[78.266124,18.992458],[78.280284,18.980292],[78.285818,18.967841],[78.285167,18.945339],[78.28769,18.93476],[78.295502,18.930284],[78.310964,18.933173],[78.317149,18.940212],[78.320404,18.949042],[78.326752,18.957587],[78.360362,18.977484],[78.36671,18.982449],[78.371023,18.987006],[78.377533,18.990424],[78.391124,18.991767],[78.412364,18.986396],[78.446381,18.962958],[78.470225,18.957587],[78.480968,18.959174],[78.500011,18.964911],[78.511241,18.964423],[78.516368,18.960557],[78.522065,18.95364],[78.53004,18.946967],[78.541921,18.943956],[78.549083,18.946357],[78.554698,18.952338],[78.558523,18.960069],[78.562511,18.979763],[78.570404,18.984442],[78.593761,18.984931],[78.628917,18.981879],[78.64739,18.988064],[78.661388,19.026435],[78.676362,19.034003],[78.694347,19.03502],[78.70989,19.032742],[78.753022,19.012234],[78.775645,19.007636],[78.785655,19.022162],[78.793875,19.038682],[78.813487,19.050645],[78.836029,19.057969],[78.85377,19.060614],[78.873546,19.055284],[78.907237,19.03502],[78.919037,19.036444],[78.922862,19.044867],[78.92392,19.054877],[78.925792,19.0633],[78.932384,19.06684],[78.943289,19.068793],[78.960867,19.077948],[78.97047,19.081122],[79.012136,19.081407],[79.046397,19.069281],[79.071869,19.045762],[79.087169,19.012234],[79.100597,18.971706],[79.117931,18.939073],[79.138682,18.912299],[79.162364,18.88935],[79.178315,18.877631],[79.196056,18.869086],[79.216807,18.863837],[79.241222,18.862006],[79.246511,18.857693],[79.251475,18.848009],[79.258311,18.838446],[79.268891,18.834093],[79.273448,18.831],[79.287608,18.817206],[79.292735,18.813585],[79.298106,18.813056],[79.304128,18.813259],[79.317149,18.815619],[79.333751,18.821316],[79.349539,18.828803],[79.389903,18.857449],[79.408783,18.858995],[79.428966,18.852403],[79.450857,18.840888],[79.513276,18.797797],[79.524832,18.796576],[79.533132,18.789333],[79.586925,18.765815],[79.595225,18.758124],[79.610281,18.740505],[79.621593,18.731024],[79.64088,18.734239],[79.659272,18.718288],[79.686534,18.679796],[79.698253,18.679511],[79.765636,18.690131],[79.780854,18.69538],[79.798839,18.706244],[79.813975,18.721869],[79.826264,18.765001],[79.851166,18.794013],[79.854421,18.813585],[79.851166,18.817694],[79.844737,18.823432],[79.837983,18.831081],[79.833914,18.840888],[79.835541,18.862576],[79.838878,18.875922],[79.844493,18.881903],[79.854991,18.879014],[79.864757,18.871853],[79.872081,18.862006],[79.877045,18.84044],[79.883067,18.837185],[79.892019,18.836697],[79.902843,18.834093],[79.968028,18.796576],[80.00172,18.785671],[80.039236,18.752143],[80.060557,18.737087],[80.066661,18.731024],[80.083995,18.701483],[80.090587,18.697537],[80.169688,18.690131],[80.24171,18.697537],[80.251394,18.700548],[80.270437,18.713731],[80.282725,18.716824],[80.294688,18.713446],[80.303152,18.705146],[80.309093,18.694281],[80.313731,18.683295],[80.31601,18.673407],[80.317475,18.652167],[80.319835,18.642279],[80.327159,18.63113],[80.336436,18.621202],[80.34433,18.610704],[80.347748,18.597602],[80.352061,18.592353],[80.361257,18.599433],[80.36964,18.610134],[80.372081,18.615587],[80.383556,18.612413],[80.390554,18.604315],[80.394135,18.593085],[80.3956,18.580878],[80.394054,18.573513],[80.385265,18.555487],[80.381928,18.546698],[80.380056,18.533881],[80.381928,18.502021],[80.388927,18.477607],[80.405528,18.464789],[80.44394,18.450507],[80.466319,18.419379],[80.478608,18.329372],[80.491791,18.292263],[80.521495,18.261786],[80.687511,18.165554],[80.697276,18.159451],[80.702078,18.142768],[80.776296,18.023139],[80.779226,18.022528],[80.808686,18.007514],[80.817393,18.004828],[80.830984,18.002509],[80.840017,17.996283],[80.854991,17.977566],[80.880626,17.952012],[80.890636,17.93891],[80.896495,17.922919],[80.894949,17.910468],[80.884776,17.868191],[80.879975,17.829698],[80.870697,17.794053],[80.868582,17.775214],[80.872325,17.756415],[80.890229,17.728827],[80.896495,17.710639],[80.894949,17.688178],[80.888682,17.6706],[80.886241,17.65587],[80.896495,17.641791],[80.915538,17.634345],[80.936046,17.635199],[80.975108,17.641791],[80.994395,17.639228],[81.005789,17.631415],[81.011241,17.61754],[81.012625,17.597032],[81.019786,17.586249],[81.036388,17.590359],[81.067312,17.607611],[81.078054,17.600287],[81.089773,17.603054],[81.10255,17.607978],[81.116222,17.607611],[81.12322,17.601589],[81.138276,17.581],[81.149832,17.572821],[81.159434,17.578681],[81.166596,17.578925],[81.201427,17.568305],[81.206472,17.567491],[81.237804,17.56623],[81.254649,17.56155],[81.267833,17.550849],[81.280203,17.531928],[81.293224,17.497382],[81.303233,17.487616],[81.324229,17.484076],[81.332286,17.485175],[81.347341,17.489814],[81.358653,17.490912],[81.37322,17.48782],[81.381358,17.480333],[81.387625,17.4713],[81.396251,17.46365],[81.404307,17.46015],[81.41269,17.458075],[81.430593,17.457465],[81.498627,17.466579],[81.5053,17.464179],[81.533295,17.434149],[81.540131,17.429511],[81.581635,17.415839],[81.610606,17.396308],[81.615896,17.391628],[81.61378,17.353868],[81.617198,17.336371],[81.629487,17.319648],[81.637706,17.315985],[81.662608,17.309882],[81.670502,17.305976],[81.676768,17.295233],[81.673432,17.289984],[81.667247,17.286648],[81.663666,17.281765],[81.66155,17.264757],[81.652273,17.225613],[81.649994,17.206651],[81.651459,17.196357],[81.655365,17.183865],[81.660737,17.173204],[81.667084,17.168769],[81.674571,17.165147],[81.676768,17.156317],[81.677989,17.13406],[81.685802,17.11168],[81.696056,17.095567],[81.709076,17.083523],[81.725108,17.073188],[81.750011,17.031073],[81.753673,17.017157],[81.759044,16.966254],[81.755789,16.957953],[81.74879,16.950222],[81.73878,16.942247],[81.729747,16.915066],[81.73406,16.885688],[81.752452,16.832384],[81.759532,16.801622],[81.767589,16.779364],[81.780365,16.759874],[81.800792,16.737372],[81.794526,16.721951],[81.797781,16.704901],[81.813975,16.67536],[81.841807,16.641872],[81.854015,16.610704],[81.858897,16.603339],[81.86378,16.578152],[81.858897,16.535427],[81.847179,16.495185],[81.831391,16.477362],[81.810151,16.473497],[81.795421,16.463568],[81.769542,16.432644],[81.74879,16.4171],[81.73821,16.422878],[81.730398,16.436062],[81.717784,16.442572],[81.711355,16.4383],[81.704682,16.429267],[81.697276,16.41531],[81.698741,16.405544],[81.703705,16.400255],[81.708995,16.396511],[81.711518,16.391059],[81.711518,16.312201]],[[81.759044,16.95543],[81.759207,16.934272],[81.763764,16.912462],[81.772227,16.892768],[81.79184,16.868842],[81.837576,16.785224],[81.848643,16.771552],[81.859874,16.766547],[81.889903,16.759955],[81.900076,16.754462],[81.924815,16.723171],[81.931244,16.716905],[81.94573,16.712958],[81.970144,16.713162],[81.982432,16.706366],[81.994151,16.697048],[82.007091,16.690375],[82.020518,16.689276],[82.033702,16.696479],[82.045339,16.688096],[82.058849,16.683539],[82.073741,16.681952],[82.088878,16.682807],[82.092214,16.685736],[82.102061,16.692572],[82.118256,16.700019],[82.141043,16.705024],[82.214936,16.710883],[82.270763,16.701443],[82.342703,16.701443]]]}},{"type":"Feature","properties":{"dissolve":"18River","scalerank":1.0,"featurecla":"River","name":"Chang Jiang","name_alt":"Yangtze","rivernum":18,"note":null,"min_zoom":2.0,"name_en":"Yangtze","min_label":3.0},"bbox":[103.850678,28.612616,113.127615,31.073432],"geometry":{"type":"MultiLineString","coordinates":[[[112.78183,29.743964],[112.816905,29.753974],[112.852957,29.779079],[112.885834,29.791693],[112.912364,29.764431],[112.914806,29.754218],[112.916515,29.733954],[112.918468,29.723456],[112.929291,29.701361],[112.936046,29.693223],[112.945323,29.709255],[112.987315,29.743964],[113.012706,29.772895],[113.019216,29.77086],[113.021495,29.747382],[113.017182,29.724555],[113.005951,29.706122],[112.990652,29.691962],[112.935069,29.659532],[112.913503,29.634467],[112.908214,29.600694],[112.927664,29.495185],[112.935557,29.480496],[112.953136,29.476589],[112.972097,29.489325],[112.990815,29.507025],[113.007823,29.518012],[113.032644,29.518988],[113.044526,29.508368],[113.048595,29.48961],[113.048595,29.454169],[113.049815,29.446885],[113.054698,29.443223],[113.066173,29.442247],[113.07545,29.447455],[113.076427,29.459581],[113.074718,29.473456],[113.076182,29.483832],[113.084727,29.494656],[113.089936,29.496039],[113.112885,29.474189],[113.115245,29.467637],[113.117768,29.463935],[113.127615,29.462755]],[[103.850678,28.668036],[103.866303,28.675116],[103.870209,28.666205],[103.872569,28.657172],[103.87379,28.636583],[103.87794,28.630439],[103.887706,28.630683],[103.899099,28.633083],[103.908376,28.63349],[103.927826,28.626288],[103.939952,28.619696],[103.952403,28.614854],[103.972748,28.613064],[103.992279,28.616238],[104.029063,28.630316],[104.047537,28.63349],[104.05657,28.630398],[104.078624,28.613064],[104.091807,28.612616],[104.101085,28.615994],[104.11964,28.626736],[104.139903,28.633368],[104.178722,28.638536],[104.232188,28.639594],[104.239675,28.643419],[104.246511,28.654893],[104.248057,28.661933],[104.25058,28.661485],[104.260509,28.65058],[104.275076,28.638861],[104.292491,28.632148],[104.311697,28.630439],[104.33253,28.63349],[104.341401,28.637478],[104.34669,28.641913],[104.352306,28.645697],[104.36321,28.647162],[104.456472,28.6435],[104.483002,28.657579],[104.507823,28.678412],[104.563731,28.707546],[104.588634,28.728339],[104.603526,28.754747],[104.599294,28.784369],[104.622,28.79031],[104.66269,28.782253],[104.685069,28.794257],[104.699718,28.799587],[104.740001,28.795233],[104.757091,28.798041],[104.7671,28.80504],[104.783295,28.82038],[104.791108,28.825303],[104.803803,28.828477],[104.835948,28.825303],[104.858409,28.817735],[104.902436,28.784369],[104.92213,28.776923],[104.939952,28.784857],[104.95696,28.803005],[104.980235,28.835883],[104.991628,28.841498],[105.002045,28.837022],[105.011974,28.829413],[105.021495,28.825303],[105.029877,28.81977],[105.03004,28.807563],[105.026541,28.795518],[105.020763,28.782538],[105.015391,28.775214],[105.013113,28.767035],[105.018321,28.756415],[105.028575,28.750434],[105.05185,28.750434],[105.062755,28.746446],[105.095714,28.719184],[105.115733,28.71369],[105.140636,28.722927],[105.14796,28.728135],[105.15089,28.732245],[105.154307,28.749579],[105.155284,28.763495],[105.153331,28.770046],[105.154714,28.775824],[105.164806,28.787462],[105.176199,28.783881],[105.219493,28.7567],[105.236257,28.749579],[105.259939,28.752712],[105.2942,28.772244],[105.339936,28.783515],[105.351573,28.799872],[105.360362,28.839626],[105.36964,28.856798],[105.384044,28.869696],[105.402843,28.877753],[105.425222,28.880561],[105.435557,28.883816],[105.443858,28.891913],[105.459565,28.911241],[105.470714,28.913153],[105.481619,28.904486],[105.497569,28.886786],[105.518158,28.888292],[105.542735,28.899197],[105.559174,28.915107],[105.555919,28.931749],[105.545909,28.95128],[105.560069,28.961127],[105.585378,28.962266],[105.607432,28.955675],[105.622325,28.942165],[105.62794,28.927354],[105.62794,28.890489],[105.639252,28.887478],[105.692475,28.891059],[105.709076,28.894232],[105.752859,28.921698],[105.77532,28.928249],[105.784923,28.911241],[105.786632,28.887234],[105.79184,28.868679],[105.800548,28.853461],[105.812755,28.839626],[105.84547,28.825385],[105.877208,28.836127],[105.897227,28.863715],[105.894786,28.900458],[105.878184,28.910102],[105.873627,28.914659],[105.87322,28.919623],[105.874766,28.925971],[105.877452,28.930121],[105.881114,28.928331],[105.874034,28.939887],[105.86907,28.946072],[105.860769,28.948432],[105.843272,28.948798],[105.818858,28.957546],[105.823741,28.977078],[105.880626,29.047309],[105.897227,29.058621],[105.928803,29.064887],[105.97698,29.062445],[105.990896,29.064887],[106.001231,29.071804],[106.025076,29.106513],[106.089854,29.081244],[106.117931,29.078559],[106.14088,29.090522],[106.135753,29.117621],[106.121593,29.146674],[106.117931,29.164496],[106.155365,29.202094],[106.157725,29.208686],[106.156993,29.21544],[106.157237,29.222439],[106.162364,29.229356],[106.170828,29.233466],[106.177826,29.232611],[106.184011,29.23017],[106.189545,29.229356],[106.213471,29.235622],[106.237315,29.246527],[106.250987,29.264268],[106.244151,29.290839],[106.259369,29.290391],[106.308686,29.276394],[106.324311,29.283515],[106.348888,29.289578],[106.370128,29.29206],[106.374766,29.295925],[106.376475,29.302273],[106.385509,29.319932],[106.388438,29.32807],[106.392996,29.336493],[106.401866,29.346055],[106.411632,29.35281],[106.429779,29.362006],[106.439464,29.370307],[106.455089,29.389431],[106.463878,29.397406],[106.473562,29.400702],[106.501964,29.399522],[106.516205,29.401435],[106.524832,29.408149],[106.522472,29.415351],[106.504405,29.442247],[106.499522,29.455024],[106.497813,29.464952],[106.498057,29.480496],[106.500987,29.488471],[106.508311,29.491034],[106.528575,29.490058],[106.536062,29.494452],[106.536388,29.504584],[106.532237,29.524237],[106.534434,29.544989],[106.537608,29.551134],[106.545909,29.558946],[106.556082,29.562771],[106.569591,29.565009],[106.581635,29.568427],[106.586843,29.575751],[106.585704,29.591742],[106.586843,29.610378],[106.596446,29.624538],[106.621023,29.627265],[106.619884,29.624376],[106.665701,29.588406],[106.672293,29.577012],[106.680756,29.572618],[106.69101,29.571479],[106.70045,29.575751],[106.704275,29.57864],[106.716401,29.58454],[106.720795,29.585639],[106.724294,29.588446],[106.728526,29.601752],[106.730886,29.606147],[106.775076,29.617377],[106.810802,29.600409],[106.842214,29.593329],[106.908132,29.686713],[106.929698,29.70421],[106.963634,29.756944],[107.017345,29.787136],[107.025645,29.794786],[107.033132,29.809434],[107.050385,29.819892],[107.070893,29.82392],[107.087169,29.819648],[107.095876,29.804999],[107.107351,29.759589],[107.117768,29.740261],[107.149425,29.710639],[107.167572,29.696967],[107.183442,29.688747],[107.221121,29.691718],[107.295421,29.740058],[107.334076,29.7508],[107.375662,29.733222],[107.399018,29.728217],[107.409272,29.740261],[107.414073,29.763617],[107.425955,29.780463],[107.457042,29.805365],[107.473888,29.824164],[107.479747,29.841905],[107.47519,29.859198],[107.46046,29.876776],[107.458751,29.884711],[107.466563,29.892768],[107.478038,29.899034],[107.488048,29.901557],[107.501394,29.900499],[107.508311,29.897488],[107.519786,29.887315],[107.55714,29.867011],[107.596121,29.855333],[107.635916,29.853054],[107.676768,29.860663],[107.68629,29.864691],[107.744395,29.903754],[107.836681,29.987006],[107.84962,30.004706],[107.865896,30.048163],[107.865245,30.055528],[107.861501,30.063585],[107.860362,30.07628],[107.861827,30.099555],[107.868256,30.113227],[107.881277,30.129218],[107.897065,30.142442],[107.912608,30.148017],[107.928233,30.155544],[107.934581,30.173204],[107.937592,30.193671],[107.943614,30.209418],[107.961029,30.222032],[107.977794,30.226671],[107.992931,30.233018],[108.005056,30.250434],[108.014578,30.286322],[108.02003,30.299913],[108.032319,30.313096],[108.046886,30.320868],[108.064952,30.327582],[108.069347,30.329942],[108.074311,30.331977],[108.08074,30.332343],[108.085378,30.329047],[108.090261,30.322455],[108.093761,30.315985],[108.094493,30.313096],[108.118337,30.317572],[108.117198,30.331366],[108.102957,30.347846],[108.087576,30.360297],[108.152843,30.408067],[108.174327,30.411973],[108.196869,30.422146],[108.217214,30.435614],[108.231619,30.449652],[108.308116,30.579535],[108.314138,30.586859],[108.348725,30.638983],[108.358328,30.648261],[108.369558,30.65705],[108.409923,30.709744],[108.418956,30.729315],[108.422293,30.739814],[108.424083,30.750678],[108.422455,30.763943],[108.412201,30.784776],[108.409923,30.795722],[108.410818,30.820746],[108.416596,30.833808],[108.431163,30.840644],[108.480561,30.853298],[108.497569,30.862413],[108.508393,30.876776],[108.512218,30.898464],[108.522227,30.911933],[108.545909,30.918769],[108.573334,30.922919],[108.594737,30.928819],[108.624278,30.943671],[108.6421,30.948269],[108.666515,30.949978],[108.687511,30.945421],[108.722179,30.926296],[108.745616,30.922634],[108.790538,30.931586],[108.877208,30.95954],[108.924327,30.956814],[108.96933,30.94892],[109.012543,30.949408],[109.17685,30.97663],[109.199229,30.975694],[109.258881,30.963568],[109.296641,30.965847],[109.430105,30.996202],[109.4463,31.00255],[109.459972,31.010037],[109.486339,31.028876],[109.497813,31.034125],[109.573985,31.04267],[109.591807,31.040554],[109.608328,31.031846],[109.617198,31.016913],[109.623953,31.008328],[109.632823,31.004584],[109.653087,31.00434],[109.661713,31.002224],[109.670421,30.997097],[109.731456,31.021267],[109.765636,31.047553],[109.784679,31.053656],[109.871755,31.067572],[109.896658,31.068549],[109.923106,31.060492],[109.933849,31.064561],[109.944753,31.070421],[109.955007,31.073432],[109.965343,31.071967],[109.976085,31.068427],[109.985769,31.06391],[109.992605,31.059841],[110.02589,31.032904],[110.042735,31.026923],[110.071707,31.02501],[110.089854,31.027126],[110.12794,31.036322],[110.149506,31.038682],[110.281749,31.021023],[110.321544,31.031846],[110.328868,31.037909],[110.334972,31.044623],[110.342784,31.049994],[110.355724,31.052314],[110.366791,31.05032],[110.384288,31.040839],[110.427338,31.031277],[110.44394,31.02558],[110.511729,31.033271],[110.532807,31.031846],[110.550548,31.026231],[110.565115,31.015082],[110.583751,31.004991],[110.657319,30.997097],[110.720876,30.967719],[110.7588,30.960476],[110.801524,30.943874],[110.814952,30.936306],[110.827647,30.921698],[110.837494,30.906073],[110.850678,30.893622],[110.87322,30.888495],[110.921886,30.886827],[110.945242,30.882636],[110.965831,30.874213],[110.995209,30.844835],[111.006928,30.83808],[111.011974,30.833564],[111.018647,30.829047],[111.027599,30.827012],[111.036062,30.827989],[111.05128,30.832302],[111.058197,30.833279],[111.076182,30.838813],[111.098643,30.8487],[111.124034,30.852566],[111.150808,30.840115],[111.161225,30.826768],[111.162852,30.815538],[111.158214,30.788601],[111.166433,30.783718],[111.204275,30.778835],[111.216319,30.775214],[111.238292,30.764268],[111.263276,30.756537],[111.277599,30.741807],[111.267507,30.709744],[111.386974,30.593044],[111.391205,30.58572],[111.39739,30.553249],[111.40089,30.545844],[111.412364,30.533149],[111.432546,30.503526],[111.448822,30.47016],[111.448741,30.445909],[111.444428,30.423204],[111.470714,30.413845],[111.505626,30.409247],[111.527436,30.401231],[111.507253,30.358507],[111.499522,30.333686],[111.503673,30.31623],[111.533132,30.282538],[111.55071,30.271674],[111.575857,30.271511],[111.592052,30.281277],[111.607432,30.299506],[111.619151,30.319851],[111.629324,30.356024],[111.643158,30.371894],[111.678315,30.395046],[111.711029,30.41059],[111.751964,30.422187],[111.797293,30.428534],[111.842784,30.428534],[111.881358,30.41828],[111.908295,30.39765],[111.980968,30.304551],[111.997813,30.291815],[112.021007,30.285183],[112.063894,30.287299],[112.087413,30.291938],[112.103526,30.298855],[112.103526,30.291368],[112.146658,30.304877],[112.195323,30.307481],[112.239024,30.295478],[112.268077,30.264716],[112.270518,30.223578],[112.246023,30.196357],[112.213634,30.1706],[112.192882,30.134345],[112.196544,30.092353],[112.223155,30.076728],[112.309011,30.072862],[112.352468,30.05919],[112.391205,30.031684],[112.417898,29.99372],[112.425141,29.948798],[112.400645,29.884141],[112.394216,29.873643],[112.384369,29.863064],[112.379812,29.838487],[112.376557,29.791693],[112.36671,29.747504],[112.368663,29.726589],[112.387543,29.733425],[112.423839,29.761542],[112.443858,29.77204],[112.466075,29.778673],[112.53297,29.774359],[112.54184,29.781806],[112.543386,29.802069],[112.548839,29.823065],[112.559255,29.839626],[112.575857,29.8463],[112.600352,29.839219],[112.602631,29.821357],[112.590017,29.77497],[112.593435,29.742377],[112.59962,29.721991],[112.610606,29.709784],[112.636241,29.71369],[112.6421,29.743679],[112.63795,29.805365],[112.654307,29.822333],[112.682872,29.82685],[112.714773,29.822292],[112.740326,29.812201],[112.764171,29.789984],[112.748464,29.779812],[112.716807,29.77379],[112.692556,29.764431],[112.693126,29.747382],[112.721772,29.738593],[112.760183,29.737616],[112.788829,29.743964]]]}},{"type":"Feature","properties":{"dissolve":"1River","scalerank":1.0,"featurecla":"River","name":"Yangtze","name_alt":null,"rivernum":1,"note":null,"min_zoom":2.0,"name_en":"Yangtze","min_label":3.0},"bbox":[113.127615,29.462755,119.606375,32.239529],"geometry":{"type":"MultiLineString","coordinates":[[[119.606375,32.196885],[119.58782,32.19245],[119.572358,32.191759],[119.557384,32.200141],[119.54005,32.222113],[119.530365,32.231716],[119.517345,32.238064],[119.504812,32.239529],[119.452566,32.233466],[119.385753,32.237413],[119.365326,32.234402],[119.346202,32.226752],[119.324474,32.214626],[119.303722,32.206163],[119.278331,32.20128],[119.252208,32.200019],[119.229421,32.202663],[119.129242,32.228542],[119.078705,32.232733],[119.027843,32.2213],[118.96339,32.187771],[118.927745,32.176825],[118.909679,32.173896],[118.883474,32.173204],[118.820404,32.188992],[118.793224,32.192816],[118.78655,32.192694],[118.780284,32.191107],[118.774343,32.187079],[118.769054,32.18122],[118.764659,32.174506],[118.761485,32.168036],[118.759532,32.162909],[118.758474,32.160997],[118.747488,32.147244],[118.73406,32.124864],[118.706391,32.09337],[118.689464,32.062445],[118.668956,32.039496],[118.658376,32.030585],[118.645925,32.016181],[118.614838,31.990017],[118.586355,31.949571],[118.553315,31.916287],[118.540538,31.892442],[118.53476,31.884467],[118.504812,31.859198],[118.498627,31.851264],[118.448009,31.756415],[118.426199,31.724473],[118.41505,31.699774],[118.403819,31.623236],[118.379649,31.556179],[118.347992,31.507595],[118.31601,31.4713],[118.309825,31.460069],[118.305186,31.448798],[118.302175,31.438341],[118.301768,31.427802],[118.304861,31.416449],[118.31544,31.400824],[118.318614,31.394965],[118.322358,31.383165],[118.324474,31.371039],[118.32545,31.356391],[118.324474,31.338324],[118.3213,31.320828],[118.315115,31.308051],[118.306163,31.300401],[118.296641,31.29739],[118.220144,31.291124],[118.210053,31.287787],[118.173839,31.265896],[118.155935,31.259141],[118.112722,31.252509],[118.060557,31.233222],[118.040457,31.233344],[118.027843,31.243679],[118.014171,31.237616],[118.002371,31.223253],[117.995942,31.208604],[117.993582,31.19127],[117.992931,31.138983],[117.988699,31.122829],[117.980398,31.109971],[117.968272,31.100287],[117.952729,31.093573],[117.937266,31.088935],[117.921886,31.086005],[117.907156,31.087673],[117.894542,31.096788],[117.879242,31.12226],[117.870372,31.133328],[117.856863,31.140937],[117.839366,31.143663],[117.822765,31.141181],[117.807546,31.134385],[117.793386,31.124457],[117.781505,31.113959],[117.77239,31.103868],[117.766531,31.092108],[117.763276,31.076483],[117.763682,31.058702],[117.768891,31.023749],[117.768077,31.006659],[117.747162,30.943468],[117.732026,30.874457],[117.697276,30.803738],[117.687429,30.796658],[117.642589,30.789496],[117.608653,30.780137],[117.593354,30.773708],[117.552338,30.747829],[117.53712,30.740831],[117.466075,30.726264],[117.457937,30.722235],[117.436534,30.706366],[117.42921,30.70246],[117.421641,30.700507],[117.345876,30.698757],[117.326671,30.69477],[117.276947,30.673367],[117.260753,30.669623],[117.252371,30.670681],[117.234304,30.674913],[117.226003,30.673367],[117.2199,30.6671],[117.217703,30.658474],[117.217784,30.648953],[117.218842,30.640245],[117.220714,30.634304],[117.225678,30.623074],[117.22755,30.617377],[117.228038,30.611762],[117.224132,30.597235],[117.22405,30.586208],[117.232839,30.555121],[117.231293,30.543484],[117.225678,30.532497],[117.217865,30.522528],[117.209565,30.514024],[117.183116,30.499376],[117.150645,30.494249],[117.033295,30.490587],[117.007498,30.48371],[116.984386,30.471747],[116.94866,30.443427],[116.936127,30.435858],[116.925222,30.432929],[116.913259,30.431952],[116.901866,30.429755],[116.89267,30.423285],[116.888276,30.402615],[116.899099,30.380683],[116.913992,30.358588],[116.921397,30.33747],[116.920014,30.32453],[116.90683,30.270697],[116.896902,30.244208],[116.822276,30.115424],[116.808523,30.102078],[116.790538,30.090888],[116.716075,30.05976],[116.690522,30.0539],[116.662608,30.052761],[116.650076,30.050605],[116.636485,30.043321],[116.605072,30.017686],[116.593761,30.010565],[116.591726,30.005683],[116.587901,30.00198],[116.579112,29.995225],[116.575206,29.99079],[116.567149,29.976752],[116.548839,29.954128],[116.536632,29.923204],[116.526947,29.906684],[116.51295,29.89411],[116.492198,29.88463],[116.466563,29.880316],[116.414236,29.880561],[116.389171,29.876003],[116.356537,29.858262],[116.297537,29.808702],[116.265229,29.788886],[116.235932,29.781277],[116.206554,29.781317],[116.146983,29.788682],[116.110281,29.786444],[116.077647,29.776394],[116.012787,29.748155],[115.99879,29.744005],[115.888682,29.731757],[115.855724,29.738471],[115.743337,29.808783],[115.73642,29.816352],[115.72519,29.842637],[115.718191,29.854071],[115.704845,29.860704],[115.621104,29.862372],[115.534923,29.85456],[115.50644,29.857611],[115.46339,29.871283],[115.450043,29.87755],[115.437511,29.885362],[115.426687,29.895331],[115.417247,29.909369],[115.396088,29.956081],[115.386729,29.969672],[115.375906,29.980496],[115.338471,30.008002],[115.330496,30.018175],[115.301524,30.06741],[115.283376,30.10932],[115.275401,30.120958],[115.189952,30.208767],[115.164561,30.221055],[115.145518,30.222357],[115.106944,30.21955],[115.087983,30.224148],[115.072032,30.236029],[115.063569,30.25198],[115.061453,30.270453],[115.064138,30.289862],[115.072846,30.324246],[115.072765,30.341132],[115.064952,30.357367],[115.052989,30.369005],[114.987397,30.407416],[114.966075,30.41352],[114.94394,30.416042],[114.8803,30.414984],[114.860769,30.418891],[114.842703,30.428046],[114.829275,30.441107],[114.820567,30.457139],[114.810802,30.493191],[114.808035,30.511054],[114.808523,30.526313],[114.814057,30.539903],[114.826589,30.552802],[114.839936,30.563788],[114.851573,30.576931],[114.855398,30.591132],[114.844737,30.605658],[114.826671,30.613796],[114.806082,30.616278],[114.731456,30.609442],[114.714854,30.605414],[114.688487,30.590766],[114.67685,30.58629],[114.613048,30.573594],[114.600841,30.574286],[114.58017,30.581651],[114.56601,30.593329],[114.502371,30.673163],[114.484386,30.684353],[114.45753,30.690741],[114.429128,30.690294],[114.401378,30.683905],[114.375987,30.672675],[114.354015,30.656521],[114.311127,30.609646],[114.296397,30.586859]],[[116.19752,29.75141],[116.20753,29.779486]],[[113.127615,29.462755],[113.145437,29.471991],[113.16212,29.493109],[113.186046,29.531684],[113.415538,29.764472],[113.445974,29.780056],[113.497325,29.819403],[113.519216,29.84162],[113.590017,29.87991],[113.607026,29.890204],[113.629975,29.9088],[113.65032,29.929389],[113.664236,29.954617],[113.675955,29.961127],[113.687755,29.963446],[113.693126,29.959581],[113.703624,29.934149],[113.706716,29.9289],[113.748627,29.919989],[113.79241,29.933417],[113.831065,29.958279],[113.889659,30.013007],[113.92335,30.033555],[114.043956,30.07921],[114.062266,30.088935],[114.069835,30.103339],[114.064382,30.124376],[114.050873,30.136339],[114.015147,30.154853],[113.983409,30.185167],[113.964285,30.197943],[113.940115,30.203233],[113.918061,30.198065],[113.895274,30.188747],[113.874441,30.184841],[113.858165,30.195828],[113.857595,30.231065],[113.885509,30.265204],[113.927175,30.28852],[113.968028,30.291368],[113.983409,30.282579],[113.996755,30.268622],[114.018565,30.240505],[114.039073,30.2296],[114.053966,30.24018],[114.086029,30.31741],[114.106619,30.352322],[114.24171,30.497423],[114.287364,30.575995],[114.303233,30.593044]]]}},{"type":"Feature","properties":{"dissolve":"215River","scalerank":6.0,"featurecla":"River","name":"Kayan","name_alt":null,"rivernum":215,"note":null,"min_zoom":5.0,"name_en":"Kayan","min_label":6.0},"bbox":[114.761974,1.760199,117.543875,2.936876],"geometry":{"type":"MultiLineString","coordinates":[[[114.761974,1.760199],[114.769542,1.777899],[114.787364,1.789089],[114.823334,1.804877],[114.833995,1.822048],[114.855479,1.870551],[114.868337,1.880642],[114.882416,1.884955],[114.890391,1.895331],[114.896007,1.907742],[114.902436,1.918158],[114.913259,1.927069],[114.94752,1.942694],[114.973237,1.930772],[114.996186,1.9442],[115.019623,1.965277],[115.046886,1.976182],[115.057872,1.972195],[115.070567,1.953884],[115.084727,1.948839],[115.094819,1.951443],[115.139252,1.969997],[115.150076,1.962022],[115.162364,1.965522],[115.187429,1.98017],[115.234386,1.987901],[115.249115,1.993354],[115.262625,2.002956],[115.28419,2.023627],[115.299571,2.030341],[115.320323,2.032253],[115.335948,2.027452],[115.365489,2.005398],[115.382335,1.998887],[115.401541,1.999701],[115.480235,2.026679],[115.491628,2.020697],[115.495616,1.993923],[115.502452,1.967719],[115.519786,1.959296],[115.542247,1.962226],[115.626394,1.994656],[115.649832,1.997341],[115.655935,2.000352],[115.658946,2.008002],[115.660085,2.028022],[115.662608,2.042792],[115.669037,2.051134],[115.687999,2.065538],[115.697032,2.077826],[115.708263,2.096869],[115.717459,2.118272],[115.721609,2.137885],[115.727631,2.152696],[115.741791,2.163153],[115.757823,2.172146],[115.769216,2.182237],[115.772227,2.190741],[115.773936,2.209581],[115.776134,2.216376],[115.781261,2.217719],[115.794932,2.224962],[115.806651,2.2331],[115.806733,2.236884],[115.811615,2.240343],[115.817393,2.247016],[115.824799,2.251166],[115.834483,2.247138],[115.842703,2.237901],[115.849701,2.226589],[115.855072,2.214423],[115.858002,2.202704],[115.857188,2.172431],[115.858002,2.161811],[115.862641,2.150662],[115.876231,2.127997],[115.879242,2.117051],[115.882335,2.093329],[115.891612,2.076199],[115.906749,2.063096],[115.927664,2.051947],[115.949229,2.044623],[115.964447,2.045478],[115.980724,2.049506],[116.028901,2.054511],[116.044688,2.060574],[116.057384,2.06741],[116.071544,2.072374],[116.090343,2.074164],[116.102794,2.073513],[116.114838,2.075751],[116.146983,2.095771],[116.156342,2.104193],[116.162608,2.115668],[116.167247,2.134467],[116.174571,2.205756],[116.182709,2.239203],[116.201264,2.271674],[116.198171,2.311143],[116.220795,2.35574],[116.279877,2.427802],[116.285167,2.438096],[116.28948,2.442939],[116.292491,2.444648],[116.300222,2.44713],[116.303722,2.449164],[116.33253,2.472927],[116.334727,2.477118],[116.356619,2.480048],[116.371755,2.488471],[116.382904,2.501492],[116.393077,2.518093],[116.399994,2.534532],[116.404552,2.542304],[116.413585,2.551581],[116.437511,2.562608],[116.449474,2.570624],[116.46282,2.601508],[116.532481,2.685655],[116.581472,2.733588],[116.591726,2.747382],[116.599701,2.761054],[116.618907,2.778754],[116.641694,2.795274],[116.660655,2.805447],[116.701101,2.808051],[116.725597,2.787421],[116.756847,2.724148],[116.774018,2.704169],[116.785248,2.706366],[116.796479,2.717475],[116.814138,2.724148],[116.829112,2.732693],[116.8449,2.752021],[116.885753,2.820502],[116.899425,2.829657],[116.924083,2.83279],[116.943858,2.830186],[117.009939,2.812283],[117.079519,2.807725],[117.09547,2.802314],[117.109793,2.77029],[117.112397,2.76789],[117.133474,2.743964],[117.157156,2.742133],[117.174327,2.753607],[117.201915,2.791775],[117.210867,2.783718],[117.221609,2.770046],[117.229747,2.764472],[117.241466,2.76199],[117.250499,2.764675],[117.258474,2.76907],[117.267019,2.771308],[117.300873,2.7685],[117.311697,2.771308],[117.317475,2.776394],[117.329275,2.794745],[117.335541,2.802314],[117.332774,2.805121],[117.339285,2.82038],[117.348155,2.831732],[117.352631,2.822821],[117.355724,2.821153],[117.373057,2.860663],[117.379649,2.88581],[117.387218,2.892524],[117.403575,2.894843],[117.416108,2.901394],[117.423595,2.914089],[117.432384,2.922309],[117.448253,2.91531],[117.472179,2.933376],[117.482026,2.936876],[117.496023,2.936387],[117.509044,2.933051],[117.528819,2.924669],[117.543875,2.922146]]]}},{"type":"Feature","properties":{"dissolve":"216River","scalerank":6.0,"featurecla":"River","name":"Barito","name_alt":null,"rivernum":216,"note":null,"min_zoom":5.0,"name_en":"Barito","min_label":6.0},"bbox":[114.061615,-3.348077,114.935802,0.564765],"geometry":{"type":"MultiLineString","coordinates":[[[114.837576,0.564765],[114.867686,0.496772],[114.876394,0.456122],[114.88323,0.4383],[114.882742,0.422919],[114.865001,0.407091],[114.846934,0.402615],[114.810151,0.405097],[114.792979,0.396796],[114.786632,0.396796],[114.766205,0.400499],[114.761974,0.396796],[114.759695,0.386339],[114.747325,0.360867],[114.741466,0.351874],[114.726085,0.339667],[114.708018,0.330512],[114.693126,0.317654],[114.686697,0.29446],[114.678396,0.273017],[114.66212,0.266628],[114.651296,0.257676],[114.658946,0.228949],[114.66627,0.216905],[114.67213,0.209418],[114.675141,0.201524],[114.673106,0.188015],[114.668468,0.179389],[114.659434,0.167996],[114.649669,0.158067],[114.6421,0.153835],[114.600841,0.153835],[114.595876,0.150824],[114.590017,0.143988],[114.58196,0.13703],[114.570079,0.133368],[114.570567,0.13585],[114.543468,0.14704],[114.52825,0.159939],[114.512136,0.177436],[114.494558,0.183173],[114.476492,0.172065],[114.459972,0.156073],[114.447276,0.14704],[114.4345,0.150458],[114.385753,0.1706],[114.376231,0.178331],[114.354015,0.176866],[114.310069,0.167507],[114.288503,0.16706],[114.278575,0.165839],[114.268565,0.161241],[114.264415,0.155707],[114.254893,0.137274],[114.244395,0.124132],[114.238292,0.104844],[114.229421,0.087755],[114.213878,0.085557],[114.209972,0.092108],[114.2081,0.113634],[114.206472,0.119086],[114.19337,0.120225],[114.18629,0.112738],[114.181651,0.103298],[114.175955,0.098578],[114.171397,0.086737],[114.176768,0.060085],[114.186046,0.032172],[114.19337,0.016669],[114.224132,0.00019],[114.263194,-0.011163],[114.294932,-0.029107],[114.303233,-0.065281],[114.296886,-0.089776],[114.286632,-0.113702],[114.271902,-0.134698],[114.252045,-0.150323],[114.226573,-0.159356],[114.172862,-0.168634],[114.147878,-0.180352],[114.114513,-0.207208],[114.084402,-0.242527],[114.070567,-0.282159],[114.086925,-0.322198],[114.089692,-0.339044],[114.062429,-0.401056],[114.061615,-0.421563],[114.066498,-0.441908],[114.075613,-0.457533],[114.086925,-0.4638],[114.101085,-0.469415],[114.113292,-0.482761],[114.131928,-0.510919],[114.153819,-0.531427],[114.205007,-0.565851],[114.22755,-0.586602],[114.239024,-0.601983],[114.242931,-0.613458],[114.24171,-0.651544],[114.25058,-0.659356],[114.320974,-0.690606],[114.333995,-0.699721],[114.357921,-0.723158],[114.367198,-0.738783],[114.374929,-0.745131],[114.385753,-0.743666],[114.390717,-0.737237],[114.389171,-0.728936],[114.378429,-0.709487],[114.411062,-0.712905],[114.468028,-0.72739],[114.501882,-0.730645],[114.499034,-0.726088],[114.495616,-0.723158],[114.509044,-0.717218],[114.577891,-0.714532],[114.58546,-0.711765],[114.583914,-0.685561],[114.589692,-0.677667],[114.600108,-0.671319],[114.604991,-0.661798],[114.583263,-0.627374],[114.587576,-0.617527],[114.601166,-0.617039],[114.617931,-0.627618],[114.622651,-0.618504],[114.627615,-0.616713],[114.639089,-0.620131],[114.638682,-0.622247],[114.639089,-0.626479],[114.641124,-0.63128],[114.645274,-0.633803],[114.650483,-0.633477],[114.655935,-0.628757],[114.68629,-0.62127],[114.697195,-0.620131],[114.702647,-0.62241],[114.711436,-0.631687],[114.717296,-0.633803],[114.723237,-0.631687],[114.729096,-0.626967],[114.733409,-0.62241],[114.73463,-0.620131],[114.766368,-0.618666],[114.780691,-0.620619],[114.791596,-0.619561],[114.796641,-0.620131],[114.797944,-0.6242],[114.796641,-0.631362],[114.79599,-0.638198],[114.800141,-0.64129],[114.812511,-0.642755],[114.816742,-0.647393],[114.814382,-0.654962],[114.806651,-0.66546],[114.802989,-0.675144],[114.808116,-0.681817],[114.823334,-0.68963],[114.836681,-0.698907],[114.847341,-0.70851],[114.85491,-0.721531],[114.857514,-0.740248],[114.861095,-0.746921],[114.869884,-0.748956],[114.880382,-0.750177],[114.889171,-0.75392],[114.894135,-0.762872],[114.893158,-0.781101],[114.899018,-0.791436],[114.908702,-0.794773],[114.915538,-0.790216],[114.9192,-0.789727],[114.919688,-0.805108],[114.914806,-0.814142],[114.906749,-0.825372],[114.904389,-0.835138],[114.935802,-0.848321],[114.932384,-0.86769],[114.919851,-0.886733],[114.91269,-0.894464],[114.911143,-0.908705],[114.914154,-0.919936],[114.921479,-0.927179],[114.933197,-0.929213],[114.90919,-0.957045],[114.837169,-0.961358],[114.817149,-0.990655],[114.819021,-1.011163],[114.829275,-1.028171],[114.857514,-1.059015],[114.889415,-1.114597],[114.892833,-1.128432],[114.884044,-1.142022],[114.837576,-1.183119],[114.803396,-1.237156],[114.783295,-1.254734],[114.777273,-1.265558],[114.78297,-1.278009],[114.798432,-1.285089],[114.813243,-1.280206],[114.837576,-1.257664],[114.841807,-1.276056],[114.833995,-1.312921],[114.841075,-1.319675],[114.881928,-1.319675],[114.89446,-1.325535],[114.889659,-1.338556],[114.871755,-1.360691],[114.868907,-1.374526],[114.870372,-1.380222],[114.875662,-1.384454],[114.885346,-1.394708],[114.890636,-1.39894],[114.901866,-1.410984],[114.909272,-1.423272],[114.902436,-1.428888],[114.888194,-1.436375],[114.881602,-1.453627],[114.877208,-1.536798],[114.872651,-1.557468],[114.861257,-1.566095],[114.84669,-1.567397],[114.842296,-1.571954],[114.84547,-1.611505],[114.841726,-1.617039],[114.83074,-1.628106],[114.825125,-1.632338],[114.818126,-1.636407],[114.812266,-1.641534],[114.809825,-1.648614],[114.812918,-1.658868],[114.827403,-1.681492],[114.83074,-1.693292],[114.828136,-1.717136],[114.820567,-1.736668],[114.778331,-1.818211],[114.774832,-1.839207],[114.78297,-1.854018],[114.794851,-1.85589],[114.818614,-1.845717],[114.83074,-1.847182],[114.840587,-1.855971],[114.843272,-1.865737],[114.843028,-1.876397],[114.844493,-1.888198],[114.847667,-1.893487],[114.855479,-1.896417],[114.857514,-1.901788],[114.856619,-1.907403],[114.851329,-1.922377],[114.85434,-1.934259],[114.857514,-1.942722],[114.88974,-1.997247],[114.892833,-2.015069],[114.891368,-2.034682],[114.886485,-2.056166],[114.878917,-2.07586],[114.868337,-2.090509],[114.862315,-2.10532],[114.861827,-2.124688],[114.85906,-2.141615],[114.847992,-2.148858],[114.836681,-2.150811],[114.834239,-2.156101],[114.845144,-2.206964],[114.847992,-2.214044],[114.861095,-2.227716],[114.868337,-2.230645],[114.881928,-2.231378],[114.88323,-2.236342],[114.882253,-2.26157],[114.885346,-2.271824],[114.879812,-2.274754],[114.878429,-2.279148],[114.878835,-2.285089],[114.878673,-2.292901]],[[114.878673,-2.292901],[114.878673,-2.286065]],[[114.878673,-2.292901],[114.878673,-2.326511],[114.881765,-2.33587],[114.891043,-2.35239],[114.894949,-2.362807],[114.899425,-2.36769],[114.903901,-2.374363],[114.905854,-2.384454],[114.907725,-2.418796],[114.905854,-2.429539],[114.901866,-2.440362],[114.885346,-2.470392],[114.872162,-2.507664],[114.868337,-2.515069],[114.821788,-2.562026],[114.809825,-2.580255],[114.800955,-2.599623],[114.794688,-2.621515],[114.790619,-2.644057],[114.789154,-2.665948],[114.785167,-2.688897],[114.774913,-2.705255],[114.748953,-2.731134],[114.743175,-2.743097],[114.736501,-2.764174],[114.735281,-2.784194],[114.745128,-2.793145],[114.764171,-2.797214],[114.77239,-2.807794],[114.78297,-2.840997],[114.791433,-2.853204],[114.79713,-2.857599],[114.800955,-2.862319],[114.803396,-2.875177],[114.803152,-2.887221],[114.797944,-2.908054],[114.796641,-2.919854],[114.79241,-2.92726],[114.765391,-2.953953],[114.760509,-2.963881],[114.762706,-2.973077],[114.7671,-2.98211],[114.768891,-2.991713],[114.756277,-3.023777],[114.732188,-3.043308],[114.673106,-3.073663],[114.651785,-3.097996],[114.638682,-3.109796],[114.621349,-3.114679],[114.607595,-3.121515],[114.595307,-3.137221],[114.556733,-3.214695],[114.546886,-3.228367],[114.543793,-3.238214],[114.546886,-3.250177],[114.553396,-3.26157],[114.560151,-3.26922],[114.565929,-3.278009],[114.567312,-3.289483],[114.563894,-3.313897],[114.560639,-3.322198],[114.551768,-3.337742],[114.550304,-3.348077]]]}},{"type":"Feature","properties":{"dissolve":"217River","scalerank":6.0,"featurecla":"River","name":"Purari","name_alt":null,"rivernum":217,"note":null,"min_zoom":5.0,"name_en":"Purari","min_label":6.0},"bbox":[143.492117,-7.820733,145.324636,-5.938165],"geometry":{"type":"MultiLineString","coordinates":[[[143.492117,-5.938165],[143.506358,-5.951023],[143.52239,-5.979832],[143.534434,-6.010105],[143.537039,-6.027683],[143.542003,-6.040541],[143.543875,-6.106378],[143.548269,-6.122003],[143.558849,-6.135186],[143.610444,-6.179539],[143.621349,-6.19256],[143.625662,-6.208836],[143.629405,-6.251397],[143.638764,-6.294448],[143.643077,-6.313897],[143.644542,-6.333836],[143.64088,-6.353855],[143.629242,-6.373549],[143.627208,-6.392592],[143.638438,-6.418145],[143.66684,-6.458998],[143.719005,-6.509454],[143.776541,-6.554376],[143.812022,-6.575372],[143.831472,-6.582696],[143.844819,-6.581069],[143.883067,-6.600763],[143.90089,-6.606785],[143.946544,-6.610528],[144.036143,-6.630222],[144.075857,-6.63128],[144.111501,-6.624851],[144.140391,-6.609796],[144.269542,-6.493666],[144.308035,-6.477472],[144.351654,-6.472996],[144.394054,-6.482273],[144.427745,-6.507338],[144.449229,-6.530694],[144.455089,-6.541518],[144.45517,-6.551446],[144.453543,-6.562514],[144.45696,-6.571791],[144.472179,-6.575616],[144.50587,-6.577],[144.52532,-6.580987],[144.543793,-6.589288],[144.564952,-6.605483],[144.577403,-6.621596],[144.583344,-6.639581],[144.584727,-6.66131],[144.595876,-6.673191],[144.621349,-6.67962],[144.667247,-6.685479],[144.680675,-6.695164],[144.701182,-6.7138],[144.715831,-6.731866],[144.711681,-6.740167],[144.70753,-6.743504],[144.711681,-6.750665],[144.720876,-6.757989],[144.732188,-6.761244],[144.743582,-6.759698],[144.749441,-6.757664],[144.756277,-6.758966],[144.769623,-6.767429],[144.79713,-6.795343],[144.805431,-6.808526],[144.807628,-6.816339],[144.803722,-6.822931],[144.793956,-6.832533],[144.789073,-6.84295],[144.790294,-6.855157],[144.795014,-6.866143],[144.800792,-6.873549],[144.806082,-6.884454],[144.805756,-6.898289],[144.803966,-6.910984],[144.804454,-6.918308],[144.818614,-6.924005],[144.831716,-6.915867],[144.845876,-6.903497],[144.86321,-6.897149],[144.891775,-6.8978],[144.910085,-6.900811],[144.939464,-6.916925],[144.954275,-6.920912],[144.966726,-6.926121],[144.975108,-6.938816],[144.976573,-6.955743],[144.970714,-6.968438],[144.962169,-6.979832],[144.955333,-6.993341],[144.999278,-7.003351],[145.018321,-7.004571],[145.030528,-6.993341],[145.043549,-6.998224],[145.05364,-6.993585],[145.062266,-6.987156],[145.071381,-6.986505],[145.080333,-6.996026],[145.093761,-7.022638],[145.102631,-7.028171],[145.108653,-7.030694],[145.11321,-7.035658],[145.117605,-7.039402],[145.122976,-7.038018],[145.125662,-7.033868],[145.127371,-7.028009],[145.126557,-7.022882],[145.122976,-7.020685],[145.121674,-7.017104],[145.130463,-7.009698],[145.143484,-7.002781],[145.154552,-7.000828],[145.169932,-7.013116],[145.179454,-7.047703],[145.206635,-7.057957],[145.21339,-7.063897],[145.219493,-7.068211],[145.23585,-7.060724],[145.247,-7.062026],[145.282481,-7.077],[145.294851,-7.087823],[145.30185,-7.104018],[145.307384,-7.150893],[145.321544,-7.190851],[145.324636,-7.213067],[145.299408,-7.30519],[145.30128,-7.328546],[145.300548,-7.353936],[145.290538,-7.370782],[145.279063,-7.369561],[145.26767,-7.360772],[145.255056,-7.354343],[145.239675,-7.360528],[145.227306,-7.368341],[145.213308,-7.375014],[145.201264,-7.384129],[145.194835,-7.397963],[145.12672,-7.380711],[145.092784,-7.503839],[145.095795,-7.517918],[145.105154,-7.523858],[145.114757,-7.524347],[145.12672,-7.521498],[145.134044,-7.515069],[145.138438,-7.513035],[145.140391,-7.517918],[145.141612,-7.520033],[145.148448,-7.526381],[145.15089,-7.527765],[145.162364,-7.52752],[145.16741,-7.528741],[145.168468,-7.533705],[145.168224,-7.545261],[145.166433,-7.547865],[145.162608,-7.548842],[145.159923,-7.550632],[145.160737,-7.555678],[145.164154,-7.559747],[145.167654,-7.559747],[145.171397,-7.559259],[145.175141,-7.561375],[145.17921,-7.564955],[145.190115,-7.571954],[145.194835,-7.576186],[145.199148,-7.583185],[145.21933,-7.637628],[145.229015,-7.642104],[145.22934,-7.652032],[145.22519,-7.661635],[145.222748,-7.665541],[145.216889,-7.722182],[145.222748,-7.740655],[145.207123,-7.744968],[145.19752,-7.769545],[145.184988,-7.775405],[145.171967,-7.778985],[145.164154,-7.788507],[145.162364,-7.80169],[145.172374,-7.820733]]]}},{"type":"Feature","properties":{"dissolve":"218River","scalerank":6.0,"featurecla":"River","name":"Indragi","name_alt":null,"rivernum":218,"note":null,"min_zoom":5.0,"name_en":"Indragi","min_label":6.0},"bbox":[100.550141,-0.684259,103.345632,-0.312351],"geometry":{"type":"MultiLineString","coordinates":[[[100.550141,-0.565606],[100.571869,-0.558608],[100.589773,-0.55698],[100.628835,-0.558608],[100.637462,-0.560968],[100.651541,-0.570733],[100.66269,-0.572931],[100.686046,-0.572686],[100.696869,-0.574395],[100.707042,-0.579115],[100.770112,-0.658624],[100.806895,-0.684259],[100.851654,-0.665541],[100.86614,-0.652195],[100.867442,-0.64894],[100.868093,-0.641453],[100.870128,-0.637628],[100.888276,-0.626397],[100.904552,-0.629327],[100.937266,-0.647149],[100.939952,-0.657729],[100.972341,-0.667413],[101.003835,-0.671563],[101.029796,-0.662286],[101.046316,-0.632013],[101.049815,-0.596205],[101.054617,-0.579034],[101.066335,-0.568048],[101.083507,-0.56642],[101.099539,-0.572686],[101.114757,-0.581394],[101.129487,-0.587416],[101.131765,-0.598321],[101.152436,-0.606622],[101.190929,-0.632338],[101.210948,-0.642918],[101.237234,-0.646661],[101.259532,-0.640802],[101.281749,-0.632175],[101.306651,-0.627618],[101.369151,-0.623875],[101.403819,-0.614923],[101.415294,-0.616632],[101.454031,-0.653741],[101.462413,-0.658868],[101.471934,-0.661147],[101.485037,-0.661635],[101.497569,-0.657078],[101.501231,-0.64544],[101.501231,-0.631768],[101.502859,-0.620131],[101.511974,-0.603692],[101.527436,-0.583429],[101.546804,-0.565932],[101.567393,-0.558608],[101.580984,-0.549005],[101.632416,-0.490411],[101.66448,-0.467787],[101.679291,-0.459487],[101.698009,-0.456394],[101.743175,-0.459812],[101.764089,-0.465997],[101.782725,-0.476739],[101.791596,-0.486749],[101.800385,-0.504246],[101.810639,-0.510919],[101.913585,-0.533136],[101.926768,-0.538263],[101.932384,-0.542657],[101.947765,-0.558608],[101.955577,-0.55698],[101.974539,-0.545587],[101.978526,-0.548028],[101.983979,-0.552423],[101.988292,-0.556655],[101.98878,-0.558608],[101.987641,-0.559259],[102.003835,-0.559503],[102.002452,-0.558608],[102.006928,-0.558119],[102.016043,-0.553562],[102.02296,-0.551772],[102.028412,-0.553725],[102.037608,-0.563897],[102.044037,-0.565606],[102.063731,-0.55462],[102.083995,-0.535577],[102.104747,-0.521336],[102.125987,-0.525242],[102.128835,-0.498875],[102.142182,-0.495619],[102.160492,-0.499444],[102.187592,-0.490248],[102.216238,-0.487156],[102.222179,-0.479913],[102.226654,-0.470147],[102.24822,-0.451186],[102.256358,-0.441908],[102.248953,-0.419773],[102.273448,-0.40252],[102.310964,-0.39129],[102.341563,-0.387384],[102.396576,-0.33587],[102.411062,-0.327],[102.42392,-0.331557],[102.434255,-0.342787],[102.441173,-0.353936],[102.452403,-0.341648],[102.459483,-0.344089],[102.466075,-0.35296],[102.476085,-0.36004],[102.482921,-0.360772],[102.497651,-0.358901],[102.509532,-0.36004],[102.583507,-0.403171],[102.598237,-0.401056],[102.611257,-0.413018],[102.623139,-0.41131],[102.634776,-0.406427],[102.646007,-0.408543],[102.651947,-0.419448],[102.652599,-0.433038],[102.654389,-0.444513],[102.663666,-0.449395],[102.672374,-0.445164],[102.68157,-0.436456],[102.690359,-0.429864],[102.698253,-0.432061],[102.702159,-0.442397],[102.702891,-0.456394],[102.701427,-0.482924],[102.711436,-0.476902],[102.726329,-0.459893],[102.735444,-0.456394],[102.747813,-0.460463],[102.755056,-0.471043],[102.760509,-0.483575],[102.766775,-0.493829],[102.785248,-0.509617],[102.805919,-0.521498],[102.828298,-0.529229],[102.852143,-0.532078],[102.893077,-0.523614],[103.048595,-0.425714],[103.160167,-0.337742],[103.189708,-0.320977],[103.222667,-0.312351],[103.257335,-0.315444],[103.345632,-0.36004]]]}},{"type":"Feature","properties":{"dissolve":"242River","scalerank":6.0,"featurecla":"River","name":"Yarkant","name_alt":null,"rivernum":242,"note":null,"min_zoom":5.0,"name_en":"Yarkant","min_label":6.0},"bbox":[75.90683,35.520697,80.88795,40.467108],"geometry":{"type":"MultiLineString","coordinates":[[[77.524913,35.520697],[77.547781,35.525702],[77.564138,35.5338],[77.57724,35.544623],[77.589854,35.557929],[77.611746,35.574408],[77.657725,35.591335],[77.675222,35.602607],[77.681651,35.619167],[77.692312,35.673448],[77.692475,35.685167],[77.697846,35.687608],[77.70224,35.694281],[77.70574,35.703925],[77.708425,35.715196],[77.710948,35.738227],[77.710867,35.747423],[77.709972,35.753445],[77.688975,35.784939],[77.552745,35.879665],[77.545421,35.890001],[77.543956,35.903835],[77.54892,35.91295],[77.555675,35.920193],[77.559093,35.928168],[77.563487,35.943061],[77.642182,36.079291],[77.66155,36.096055],[77.729503,36.120958],[77.759532,36.142605],[77.757742,36.17182],[77.745942,36.178046],[77.69573,36.178005],[77.627371,36.199083],[77.557872,36.255398],[77.531179,36.267401],[77.533214,36.271755],[77.53655,36.283474],[77.538585,36.287869],[77.531179,36.292792],[77.524425,36.300238],[77.51946,36.30919],[77.517507,36.318915],[77.513927,36.323106],[77.496593,36.335476],[77.490733,36.342475],[77.498057,36.372382],[77.480561,36.406806],[77.450776,36.429714],[77.421316,36.424994],[77.404714,36.43183],[77.31544,36.44184],[77.273204,36.455919],[77.250011,36.459174],[77.225841,36.457221],[77.181244,36.448188],[77.158132,36.446153],[77.136241,36.448594],[77.101085,36.458523],[77.079194,36.459174],[76.964447,36.434353],[76.914154,36.404568],[76.904307,36.401679],[76.874522,36.397732],[76.838308,36.385281],[76.828868,36.383409],[76.820404,36.385688],[76.806163,36.395453],[76.795014,36.397732],[76.789806,36.396674],[76.78004,36.391954],[76.773936,36.390937],[76.766124,36.392768],[76.755789,36.401679],[76.749604,36.404568],[76.727957,36.405788],[76.66448,36.397732],[76.643972,36.400255],[76.513764,36.430854],[76.493663,36.432481],[76.478608,36.440253],[76.470225,36.458319],[76.462413,36.493272],[76.458425,36.498358],[76.44752,36.503282],[76.442475,36.507595],[76.441498,36.512071],[76.44337,36.523627],[76.442475,36.528022],[76.429454,36.544989],[76.420828,36.552314],[76.410737,36.555365],[76.389903,36.558051],[76.369151,36.564724],[76.332612,36.582709],[76.274669,36.619452],[76.253184,36.624294],[76.22877,36.62519],[76.208995,36.628363],[76.191661,36.634467],[76.118663,36.675157],[76.102631,36.688788],[76.077403,36.724229],[76.058197,36.76081],[76.044526,36.801785],[76.043468,36.808417],[76.044526,36.818223],[76.044526,36.822292],[76.04184,36.828681],[76.032807,36.840196],[76.030935,36.846218],[76.026459,36.868598],[76.015554,36.88581],[75.98935,36.911648],[75.97047,36.937934],[75.962006,36.945828],[75.952159,36.949734],[75.933686,36.950507],[75.924408,36.956081],[75.920095,36.971788],[75.931895,36.987169],[75.962006,37.014106],[75.990896,37.073106],[76.008067,37.093085],[76.010671,37.116238],[76.009858,37.158718],[76.011485,37.166938],[76.014415,37.171942],[76.015066,37.177069],[76.009858,37.18537],[76.001557,37.191352],[75.979096,37.20071],[75.969493,37.206488],[75.956065,37.224229],[75.937999,37.266791],[75.918549,37.292996],[75.911062,37.305854],[75.90683,37.317898],[75.910818,37.323106],[75.937429,37.323757],[75.954682,37.328477],[75.959565,37.31977],[75.962576,37.30744],[75.96575,37.298936],[75.974539,37.29206],[75.982188,37.289862],[76.003673,37.288398],[76.030935,37.282172],[76.043468,37.282742],[76.069347,37.287706],[76.079356,37.288398],[76.086518,37.285346],[76.090912,37.280097],[76.096202,37.275662],[76.106049,37.274726],[76.122162,37.280137],[76.129812,37.289252],[76.134939,37.300605],[76.143565,37.312934],[76.152599,37.317735],[76.175304,37.321885],[76.184825,37.32628],[76.189057,37.335273],[76.189952,37.358751],[76.191661,37.363552],[76.201752,37.371039],[76.235037,37.406562],[76.249441,37.418158],[76.244233,37.429389],[76.232432,37.448065],[76.229015,37.459744],[76.229015,37.471015],[76.236339,37.508124],[76.236501,37.544704],[76.232514,37.566718],[76.222748,37.582587],[76.22698,37.585395],[76.231537,37.592149],[76.236339,37.596869],[76.215912,37.632839],[76.210378,37.648993],[76.208507,37.668891],[76.204356,37.686103],[76.185802,37.714301],[76.181163,37.733466],[76.192882,37.780829],[76.207123,37.810167],[76.198009,37.820258],[76.181407,37.827582],[76.167491,37.837104],[76.175792,37.840928],[76.194347,37.84573],[76.201671,37.850775],[76.205984,37.860622],[76.213145,37.88642],[76.219005,37.89171],[76.259939,37.89171],[76.26767,37.896837],[76.26767,37.908881],[76.263113,37.932685],[76.267996,37.957343],[76.276134,37.966905],[76.290945,37.967882],[76.314952,37.966864],[76.327078,37.970079],[76.349132,37.984646],[76.363048,37.987901],[76.374766,37.986274],[76.389903,37.977607],[76.40089,37.97366],[76.425304,37.970771],[76.450694,37.972439],[76.474376,37.979031],[76.493663,37.991034],[76.505056,37.995714],[76.518077,37.994086],[76.541515,37.987901],[76.546804,37.982245],[76.542491,37.969794],[76.535167,37.957587],[76.531261,37.952501],[76.537201,37.931586],[76.553315,37.928534],[76.574718,37.929877],[76.612804,37.914333],[76.653819,37.910509],[76.674571,37.906033],[76.7081,37.888495],[76.727306,37.88113],[76.753022,37.878038],[76.775401,37.882595],[76.790619,37.893581],[76.811697,37.919013],[76.8838,37.970242],[76.925222,38.020372],[76.942149,38.035102],[76.961681,38.04328],[76.98406,38.049994],[77.002696,38.060492],[77.010346,38.079779],[77.019135,38.091376],[77.079194,38.124457],[77.209727,38.23371],[77.284679,38.269355],[77.38144,38.339301],[77.393972,38.354438],[77.359304,38.445583],[77.363292,38.460883],[77.352957,38.475165],[77.325694,38.5633],[77.329031,38.569363],[77.3296,38.583197],[77.33253,38.590033],[77.340587,38.595811],[77.35963,38.600653],[77.36671,38.604275],[77.375662,38.61933],[77.381765,38.652655],[77.387218,38.666327],[77.398855,38.674994],[77.435069,38.690497],[77.449229,38.699897],[77.457937,38.713894],[77.459565,38.728095],[77.459483,38.743964],[77.462901,38.762519],[77.483816,38.796088],[77.546886,38.844672],[77.572765,38.871161],[77.581472,38.891303],[77.579112,38.905463],[77.571788,38.917792],[77.565359,38.932644],[77.56601,38.951687],[77.570323,38.970526],[77.568858,38.986111],[77.551687,38.995307],[77.555431,39.006619],[77.56129,39.013048],[77.591238,39.026679],[77.599376,39.028754],[77.606944,39.031765],[77.617117,39.039374],[77.616222,39.043321],[77.621104,39.085517],[77.623139,39.093044],[77.634776,39.111396],[77.639171,39.121772],[77.638764,39.127509],[77.63974,39.131944],[77.647878,39.138699],[77.653901,39.139512],[77.660411,39.136786],[77.665945,39.133246],[77.668956,39.131863],[77.674083,39.136542],[77.682384,39.149604],[77.686046,39.152371],[77.700125,39.158637],[77.710216,39.160427],[77.720144,39.155788],[77.729991,39.147569],[77.734874,39.148301],[77.74407,39.165961],[77.743093,39.16767],[77.742442,39.173855],[77.742686,39.181342],[77.74407,39.187079],[77.748627,39.192491],[77.754487,39.195665],[77.760509,39.198065],[77.799571,39.225287],[77.804861,39.231147],[77.866954,39.275214],[77.912852,39.286078],[77.929454,39.29621],[77.935802,39.319892],[77.943858,39.332546],[77.96282,39.34748],[78.004812,39.371446],[78.019216,39.374376],[78.056895,39.37698],[78.069347,39.382025],[78.074718,39.389431],[78.082937,39.406521],[78.087332,39.412421],[78.094249,39.415798],[78.111257,39.41946],[78.130626,39.431708],[78.160411,39.442735],[78.214447,39.483669],[78.227306,39.488715],[78.259695,39.493354],[78.440847,39.566759],[78.470225,39.584337],[78.490896,39.576606],[78.512462,39.584662],[78.533376,39.59748],[78.552419,39.604193],[78.562755,39.599921],[78.563731,39.589423],[78.562429,39.576239],[78.565929,39.563829],[78.575287,39.55744],[78.586192,39.558132],[78.597911,39.561713],[78.61085,39.563829],[78.627696,39.569525],[78.668956,39.596015],[78.689464,39.604193],[78.714366,39.603949],[78.739757,39.600653],[78.760346,39.602403],[78.771902,39.617865],[78.78419,39.612982],[78.806733,39.615098],[78.819753,39.61164],[78.818289,39.623236],[78.820079,39.633002],[78.825125,39.640692],[78.833995,39.645819],[78.843761,39.633653],[78.854096,39.633368],[78.865652,39.635077],[78.878347,39.62873],[78.89088,39.619493],[78.902354,39.617499],[78.928966,39.625312],[78.936046,39.628526],[78.949148,39.63642],[78.956716,39.638983],[78.962169,39.636786],[78.968272,39.631415],[78.97462,39.627224],[78.980479,39.62873],[78.992768,39.635077],[79.005463,39.633857],[79.018647,39.634304],[79.031993,39.645819],[79.051199,39.643378],[79.073416,39.653876],[79.110769,39.683661],[79.130382,39.69538],[79.153087,39.702175],[79.244884,39.707221],[79.257742,39.710639],[79.278819,39.719672],[79.297455,39.72366],[79.313243,39.733018],[79.323985,39.735175],[79.335704,39.736192],[79.34726,39.739081],[79.368337,39.748155],[79.386241,39.760932],[79.426362,39.80683],[79.442312,39.820583],[79.45753,39.82807],[79.590587,39.837592],[79.608816,39.844672],[79.662608,39.892849],[79.721283,39.916449],[79.73463,39.919501],[79.745372,39.924872],[79.75644,39.936591],[79.770437,39.94831],[79.789561,39.95364],[79.807628,39.955837],[79.831716,39.962022],[79.852794,39.971951],[79.861827,39.984971],[79.870372,39.994493],[79.889171,39.997504],[79.90797,40.004503],[79.928233,40.062079],[79.957449,40.078681],[80.051524,40.086371],[80.065522,40.090033],[80.125418,40.122667],[80.141775,40.128485],[80.155935,40.126166],[80.164806,40.138454],[80.198985,40.170844],[80.211192,40.180203],[80.222341,40.183621],[80.247569,40.184434],[80.259044,40.187038],[80.266368,40.192206],[80.278575,40.207343],[80.285737,40.214382],[80.304617,40.222602],[80.346934,40.231228],[80.361501,40.241645],[80.362071,40.247585],[80.360769,40.268826],[80.361501,40.276435],[80.366791,40.283759],[80.382416,40.2956],[80.389415,40.303738],[80.381928,40.310492],[80.396658,40.32099],[80.417491,40.330756],[80.435964,40.343288],[80.44394,40.362087],[80.447276,40.37519],[80.455658,40.392524],[80.466807,40.404079],[80.478282,40.399929],[80.488373,40.404608],[80.499034,40.406358],[80.522553,40.406114],[80.533946,40.409451],[80.553233,40.423936],[80.584402,40.43183],[80.600841,40.440619],[80.617198,40.445746],[80.637625,40.439643],[80.642589,40.434109],[80.745942,40.450873],[80.795095,40.45246],[80.813975,40.427273],[80.820811,40.427273],[80.83017,40.433376],[80.856944,40.443142],[80.870046,40.461046],[80.88795,40.467108]]]}},{"type":"Feature","properties":{"dissolve":"247Lake Centerline","scalerank":6.0,"featurecla":"Lake Centerline","name":"Yuan","name_alt":null,"rivernum":247,"note":null,"min_zoom":5.0,"name_en":"Yuan","min_label":6.0},"bbox":[111.992931,28.81977,113.070811,29.389187],"geometry":{"type":"MultiLineString","coordinates":[[[112.993582,29.147488],[112.992442,29.164984],[112.995372,29.188992],[113.000011,29.216091],[113.034597,29.288113],[113.047944,29.363227],[113.069347,29.387641],[113.070811,29.389187]],[[112.904796,29.031358],[112.900076,29.017442],[112.881847,28.991523],[112.873057,28.974921],[112.862804,28.952704],[112.843272,28.931464],[112.766612,28.892524],[112.699718,28.870917],[112.669444,28.866889],[112.642589,28.861762],[112.611095,28.859442],[112.574718,28.874213],[112.539073,28.865668],[112.507823,28.831488],[112.470714,28.81977],[112.435557,28.820665],[112.412527,28.838324],[112.387625,28.871161],[112.361501,28.89171],[112.3331,28.900743],[112.324311,28.89293],[112.327566,28.870469],[112.320567,28.858222],[112.307628,28.843207],[112.272065,28.849555],[112.228445,28.891547],[112.186534,28.914089],[112.150645,28.91295],[112.119558,28.920274],[112.069916,28.93537],[112.028819,28.943874],[112.007823,28.950222],[111.997813,28.961249],[111.994395,28.976101],[111.992931,28.984687]]]}},{"type":"Feature","properties":{"dissolve":"247River","scalerank":6.0,"featurecla":"River","name":"Yuan","name_alt":null,"rivernum":247,"note":null,"min_zoom":5.0,"name_en":"Yuan","min_label":6.0},"bbox":[107.493337,26.140489,113.127615,29.462755],"geometry":{"type":"MultiLineString","coordinates":[[[113.069347,29.387641],[113.085948,29.404486],[113.111095,29.444892],[113.127615,29.462755]],[[112.904796,29.031358],[112.921641,29.038926],[112.935557,29.054633],[112.942963,29.065253],[112.94337,29.074001],[112.940684,29.083319],[112.938975,29.095974],[112.944591,29.114814],[112.958263,29.127753],[112.993582,29.147488]],[[107.504812,26.337592],[107.498057,26.326199],[107.493337,26.305691],[107.493663,26.283067],[107.504975,26.257595],[107.505951,26.245063],[107.504975,26.232611],[107.496349,26.214219],[107.499522,26.205512],[107.506114,26.198676],[107.527354,26.182969],[107.560313,26.165554],[107.577403,26.149522],[107.59547,26.140489],[107.618337,26.142524],[107.640717,26.150702],[107.656261,26.160102],[107.67213,26.175157],[107.707774,26.218085],[107.712576,26.225898],[107.71575,26.236884],[107.719493,26.268622],[107.724132,26.275946],[107.738292,26.290391],[107.785574,26.361925],[107.803722,26.404568],[107.80714,26.44123],[107.797537,26.459499],[107.785085,26.475043],[107.779226,26.491482],[107.789806,26.512315],[107.808604,26.530341],[107.821381,26.5362],[107.861827,26.543647],[107.866466,26.547431],[107.870942,26.559394],[107.875418,26.564154],[107.880056,26.56505],[107.891612,26.563422],[107.896495,26.564154],[107.929861,26.581488],[107.936127,26.581244],[107.941905,26.596788],[107.969005,26.626532],[107.977794,26.639228],[107.986746,26.6706],[107.991466,26.680243],[108.014903,26.703192],[108.018891,26.711534],[108.028331,26.723456],[108.087576,26.755927],[108.115652,26.781195],[108.132498,26.792304],[108.152843,26.796942],[108.159272,26.801622],[108.173757,26.822699],[108.176362,26.827948],[108.180756,26.831122],[108.202566,26.841254],[108.237722,26.853339],[108.276866,26.860378],[108.312429,26.857001],[108.327891,26.834499],[108.335378,26.827175],[108.351736,26.824408],[108.368175,26.826728],[108.37558,26.834499],[108.382742,26.838813],[108.396007,26.832465],[108.404307,26.817694],[108.396088,26.796942],[108.399994,26.783962],[108.399425,26.778876],[108.396088,26.769599],[108.401866,26.772406],[108.416596,26.776435],[108.414561,26.773261],[108.413178,26.772244],[108.412039,26.771593],[108.409923,26.769599],[108.41741,26.764594],[108.425955,26.753363],[108.430268,26.749091],[108.437266,26.745307],[108.442963,26.743598],[108.485444,26.739773],[108.496755,26.732774],[108.505382,26.714952],[108.496104,26.704657],[108.497325,26.696479],[108.506114,26.690741],[108.519054,26.68769],[108.519135,26.67239],[108.538259,26.663031],[108.563487,26.655626],[108.581065,26.646064],[108.581065,26.659735],[108.595876,26.645575],[108.609874,26.60102],[108.625499,26.591417],[108.641124,26.599311],[108.654796,26.617621],[108.663259,26.638373],[108.663097,26.65351],[108.684093,26.664374],[108.69337,26.67121],[108.697195,26.67711],[108.698416,26.69184],[108.702729,26.696479],[108.721283,26.694525],[108.76295,26.694525],[108.7588,26.689643],[108.7553,26.67829],[108.751882,26.656602],[108.758718,26.63349],[108.775971,26.623847],[108.798595,26.619167],[108.8213,26.611355],[108.837169,26.594306],[108.852061,26.572048],[108.868582,26.557563],[108.889659,26.564154],[108.905284,26.555976],[108.917572,26.560411],[108.924571,26.573554],[108.924327,26.591417],[108.939708,26.585883],[108.950206,26.590766],[108.959565,26.60102],[108.971609,26.611355],[108.984955,26.617499],[109.03297,26.633083],[109.039073,26.618232],[109.059988,26.601752],[109.066987,26.591417],[109.08017,26.599718],[109.092052,26.617865],[109.101329,26.625596],[109.106944,26.626492],[109.120942,26.62405],[109.129242,26.625596],[109.133474,26.62877],[109.142345,26.637478],[109.146251,26.639228],[109.150076,26.643256],[109.190522,26.666571],[109.197032,26.677191],[109.206065,26.706],[109.214854,26.718085],[109.247976,26.743272],[109.252615,26.752509],[109.259776,26.759955],[109.307384,26.769599],[109.3178,26.775946],[109.331635,26.786811],[109.343761,26.800116],[109.348888,26.813992],[109.354421,26.81863],[109.38087,26.830146],[109.389903,26.837917],[109.369151,26.851874],[109.381358,26.872748],[109.408946,26.891669],[109.434581,26.899929],[109.453868,26.912136],[109.455333,26.939236],[109.444428,26.981879],[109.445974,26.995632],[109.45574,27.020331],[109.4581,27.033718],[109.450694,27.046169],[109.417898,27.060004],[109.410248,27.067206],[109.414073,27.080512],[109.42392,27.082384],[109.437022,27.079413],[109.459239,27.077948],[109.46339,27.076972],[109.468272,27.07807],[109.478608,27.084296],[109.486095,27.11225],[109.495209,27.104031],[109.509858,27.081366],[109.520112,27.07807],[109.530854,27.08747],[109.531505,27.103461],[109.535737,27.118516],[109.567882,27.127509],[109.583588,27.137274],[109.591319,27.139512],[109.600841,27.138454],[109.616954,27.133816],[109.625662,27.132676],[109.631928,27.14171],[109.638438,27.161933],[109.64796,27.182888],[109.663585,27.194159],[109.663259,27.163357],[109.66684,27.140245],[109.67864,27.126899],[109.7046,27.125271],[109.717459,27.127956],[109.732026,27.132636],[109.744721,27.139024],[109.752371,27.146999],[109.752615,27.158718],[109.749034,27.172675],[109.747,27.187445],[109.752371,27.201606],[109.763113,27.209662],[109.773855,27.208686],[109.800792,27.194159],[109.844249,27.179511],[109.855968,27.173651],[109.867686,27.164333],[109.874441,27.157579],[109.881847,27.152208],[109.896414,27.146999],[109.931895,27.139472],[109.944753,27.132676],[109.951589,27.139512],[109.966319,27.12995],[109.985281,27.124335],[110.00294,27.12641],[110.013682,27.139512],[109.995535,27.145575],[110.010265,27.166205],[110.054617,27.207831],[110.057872,27.214708],[110.060069,27.222357],[110.061453,27.238837],[110.064708,27.247504],[110.079275,27.257636],[110.087494,27.283759],[110.100515,27.293891],[110.117686,27.298163],[110.135916,27.297797],[110.125662,27.328233],[110.124522,27.344672],[110.132823,27.351833],[110.177419,27.365505],[110.19337,27.382188],[110.232839,27.454861],[110.277924,27.520575],[110.287364,27.544216],[110.292247,27.568915],[110.290538,27.579047],[110.283946,27.588568],[110.276134,27.597276],[110.269949,27.608018],[110.267996,27.620185],[110.273041,27.632921],[110.283702,27.627265],[110.293956,27.625841],[110.30421,27.627997],[110.314708,27.632921],[110.329275,27.643337],[110.33017,27.649604],[110.325043,27.656928],[110.321544,27.670518],[110.324636,27.676866],[110.332042,27.68004],[110.352306,27.681423],[110.358328,27.685167],[110.371755,27.70539],[110.37672,27.714911],[110.369721,27.722032],[110.367198,27.728827],[110.365896,27.735622],[110.363048,27.742784],[110.358979,27.748358],[110.34547,27.759874],[110.336843,27.772406],[110.341401,27.778022],[110.350678,27.783149],[110.359874,27.8074],[110.378835,27.836208],[110.382904,27.845893],[110.37851,27.866156],[110.368337,27.867499],[110.355479,27.863105],[110.342052,27.866319],[110.324718,27.911811],[110.321544,27.910427],[110.314057,27.902167],[110.296967,27.901719],[110.244395,27.908311],[110.238455,27.913357],[110.240489,27.922065],[110.250255,27.943468],[110.257904,27.95307],[110.268158,27.958604],[110.280528,27.955146],[110.282237,27.958075],[110.281993,27.959662],[110.282725,27.960517],[110.287364,27.96129],[110.287364,27.968777],[110.261485,27.972113],[110.180431,28.001247],[110.153901,28.013983],[110.146495,28.016547],[110.139171,28.021796],[110.137218,28.033962],[110.137543,28.047797],[110.135916,28.058173],[110.107188,28.085639],[110.102468,28.096015],[110.107432,28.105292],[110.119151,28.102891],[110.132742,28.097846],[110.143321,28.099148],[110.149343,28.11225],[110.143972,28.123603],[110.137218,28.133857],[110.139659,28.143826],[110.150076,28.148627],[110.160655,28.150214],[110.16505,28.154486],[110.156993,28.167344],[110.171153,28.172471],[110.176524,28.177924],[110.179128,28.185085],[110.184255,28.195339],[110.202159,28.219509],[110.204845,28.225775],[110.199474,28.234483],[110.175955,28.239285],[110.170665,28.246527],[110.169932,28.259589],[110.16448,28.29088],[110.199229,28.279893],[110.215017,28.278388],[110.232839,28.284044],[110.245209,28.293647],[110.287364,28.339301],[110.310639,28.383002],[110.321544,28.393337],[110.338471,28.40115],[110.357595,28.407172],[110.375662,28.415147],[110.38974,28.428738],[110.363048,28.437527],[110.371104,28.452012],[110.403412,28.472113],[110.403412,28.513739],[110.408946,28.518378],[110.435802,28.521552],[110.445079,28.523627],[110.454031,28.539822],[110.451915,28.577704],[110.462169,28.585069],[110.480479,28.585639],[110.500011,28.589545],[110.515147,28.600043],[110.520763,28.620469],[110.517345,28.629014],[110.509939,28.638129],[110.50294,28.645087],[110.499604,28.647162],[110.506358,28.659369],[110.517345,28.660468],[110.544444,28.653998],[110.566173,28.656114],[110.607188,28.665554],[110.667247,28.669298],[110.688731,28.676337],[110.698253,28.69184],[110.760265,28.722927],[110.765391,28.72956],[110.768158,28.735785],[110.771902,28.742255],[110.780284,28.749579],[110.791026,28.754584],[110.815847,28.761583],[110.840261,28.774726],[110.938487,28.798041],[110.972179,28.810126],[110.983165,28.811632],[111.003429,28.804389],[111.008311,28.790595],[111.013276,28.78205],[111.034679,28.790595],[111.062022,28.811632],[111.081391,28.82099],[111.086843,28.827745],[111.088634,28.842719],[111.091889,28.848904],[111.100027,28.856716],[111.110281,28.863389],[111.120372,28.866278],[111.12794,28.862616],[111.136729,28.842393],[111.143972,28.832139],[111.163829,28.823513],[111.186453,28.820624],[111.205089,28.813992],[111.212901,28.794257],[111.214773,28.770941],[111.221934,28.758409],[111.23642,28.752631],[111.295665,28.746161],[111.321544,28.746772],[111.339122,28.752997],[111.360037,28.7685],[111.363048,28.77379],[111.368175,28.786566],[111.380382,28.78913],[111.394216,28.788275],[111.404552,28.790595],[111.411143,28.800116],[111.417247,28.821479],[111.425141,28.832139],[111.433442,28.836005],[111.453868,28.838324],[111.462576,28.842719],[111.468028,28.850531],[111.472341,28.86225],[111.473643,28.874335],[111.469493,28.883653],[111.467296,28.893826],[111.475352,28.905097],[111.493337,28.921495],[111.514659,28.996161],[111.531668,29.034125],[111.561615,29.051296],[111.585948,29.046169],[111.593272,29.031033],[111.589692,28.98668],[111.591075,28.977403],[111.595632,28.972195],[111.603038,28.969835],[111.613455,28.969306],[111.626557,28.971137],[111.631358,28.976426],[111.63323,28.985053],[111.652273,29.028388],[111.665294,29.039415],[111.685802,29.037624],[111.696788,29.026679],[111.698985,28.995876],[111.705658,28.982978],[111.718354,28.976833],[111.775076,28.969306],[111.795421,28.970486],[111.811046,28.977566],[111.814952,28.990668],[111.80128,29.00963],[111.811697,29.017117],[111.82252,29.020535],[111.834727,29.020372],[111.84962,29.017117],[111.863455,29.009548],[111.888764,28.987576],[111.90089,28.982978],[111.958425,29.001329],[111.986746,29.003689],[111.992931,28.98489]]]}},{"type":"Feature","properties":{"dissolve":"257Lake Centerline","scalerank":6.0,"featurecla":"Lake Centerline","name":"Ord","name_alt":null,"rivernum":257,"note":null,"min_zoom":5.0,"name_en":"Ord","min_label":6.0},"bbox":[128.697765,-16.788507,128.763682,-16.107924],"geometry":{"type":"MultiLineString","coordinates":[[[128.73878,-16.107924],[128.739024,-16.10825],[128.741466,-16.114923],[128.742768,-16.126642],[128.735606,-16.139988],[128.721446,-16.160089],[128.717296,-16.179376],[128.725352,-16.197686],[128.738048,-16.214858],[128.73878,-16.243178],[128.732921,-16.280694],[128.732188,-16.318211],[128.733165,-16.361261],[128.728038,-16.410577],[128.714366,-16.454929],[128.697765,-16.543145],[128.700043,-16.577976],[128.729503,-16.63421],[128.749115,-16.65366],[128.76295,-16.669122],[128.763682,-16.70086],[128.761648,-16.730645],[128.740733,-16.777276],[128.73406,-16.788507]]]}},{"type":"Feature","properties":{"dissolve":"257River","scalerank":6.0,"featurecla":"River","name":"Ord","name_alt":null,"rivernum":257,"note":null,"min_zoom":5.0,"name_en":"Ord","min_label":6.0},"bbox":[127.578136,-17.710789,128.906179,-15.401788],"geometry":{"type":"MultiLineString","coordinates":[[[128.739024,-16.10825],[128.726573,-16.096531],[128.687999,-16.1006],[128.680186,-16.083673],[128.682384,-16.073582],[128.691742,-16.054376],[128.693858,-16.042657],[128.694591,-16.01922],[128.696544,-16.00864],[128.700694,-15.998386],[128.716238,-15.979506],[128.749115,-15.952081],[128.755382,-15.932794],[128.765066,-15.877293],[128.762218,-15.854343],[128.732432,-15.791436],[128.725841,-15.7645],[128.716563,-15.744561],[128.711681,-15.722101],[128.698416,-15.708998],[128.693858,-15.69728],[128.708507,-15.663751],[128.713471,-15.643976],[128.703868,-15.635186],[128.705658,-15.624933],[128.702403,-15.601576],[128.694021,-15.576104],[128.680186,-15.559503],[128.666026,-15.555597],[128.656505,-15.55877],[128.647472,-15.563979],[128.635265,-15.566908],[128.624278,-15.56349],[128.611746,-15.556817],[128.59905,-15.552667],[128.587413,-15.556492],[128.565684,-15.568699],[128.554291,-15.559259],[128.546886,-15.538751],[128.536225,-15.517918],[128.502859,-15.563165],[128.482188,-15.574884],[128.457449,-15.563328],[128.447032,-15.556166],[128.437266,-15.552179],[128.429861,-15.546726],[128.427013,-15.535577],[128.427175,-15.521905],[128.424815,-15.514337],[128.41684,-15.511407],[128.399099,-15.511651],[128.385346,-15.5228],[128.374766,-15.527846],[128.364838,-15.525323],[128.361908,-15.514093],[128.365164,-15.500339],[128.365489,-15.488702],[128.354747,-15.483819],[128.329112,-15.476495],[128.310476,-15.458022],[128.297455,-15.43377],[128.289236,-15.401788]],[[127.578136,-17.623224],[127.590424,-17.624688],[127.601492,-17.624851],[127.612397,-17.622003],[127.624522,-17.615167],[127.654796,-17.583917],[127.674571,-17.56756],[127.696788,-17.560561],[127.719168,-17.564793],[127.732026,-17.57171],[127.743582,-17.573093],[127.761648,-17.560561],[127.818289,-17.501479],[127.852468,-17.476007],[127.892019,-17.464369],[127.92921,-17.462905],[128.028412,-17.465671],[128.055919,-17.471205],[128.193614,-17.526381],[128.232595,-17.542983],[128.33017,-17.682631],[128.334239,-17.690932],[128.35491,-17.69435],[128.397472,-17.708836],[128.419526,-17.710789],[128.45045,-17.697931],[128.497651,-17.643894],[128.522553,-17.621433],[128.58253,-17.597996],[128.600678,-17.59474],[128.61964,-17.587823],[128.630789,-17.571791],[128.638113,-17.553643],[128.645518,-17.540053],[128.652192,-17.53517],[128.709727,-17.501153],[128.717377,-17.495457],[128.726736,-17.490574],[128.739513,-17.486342],[128.750499,-17.479832],[128.75823,-17.462254],[128.902599,-17.296319],[128.906179,-17.286798],[128.903494,-17.275811],[128.897065,-17.262058],[128.889089,-17.250339],[128.882335,-17.245294],[128.878429,-17.239923],[128.879324,-17.216485],[128.875499,-17.211114],[128.874278,-17.207533],[128.855072,-17.192804],[128.851003,-17.190769],[128.84669,-17.175958],[128.844656,-17.152765],[128.848399,-17.13128],[128.861827,-17.121759],[128.885753,-17.090997],[128.882091,-17.077651],[128.87322,-17.067804],[128.851003,-17.053562],[128.832286,-17.044448],[128.787201,-17.028741],[128.769054,-17.019382],[128.761729,-17.011407],[128.754405,-16.993504],[128.748546,-16.985203],[128.70753,-16.968764],[128.700694,-16.960789],[128.695567,-16.874526],[128.690115,-16.861749],[128.68629,-16.855401],[128.685639,-16.841241],[128.690929,-16.827081],[128.703868,-16.820733],[128.713145,-16.817885],[128.721446,-16.810479],[128.727061,-16.799656],[128.73406,-16.788507]]]}},{"type":"Feature","properties":{"dissolve":"258Lake Centerline","scalerank":6.0,"featurecla":"Lake Centerline","name":"Sutlej","name_alt":null,"rivernum":258,"note":null,"min_zoom":5.0,"name_en":"Sutlej","min_label":6.0},"bbox":[76.435069,30.791693,81.294688,31.425971],"geometry":{"type":"MultiLineString","coordinates":[[[76.764659,31.408637],[76.750987,31.402615],[76.736501,31.391872],[76.734955,31.38288],[76.739024,31.375759],[76.747325,31.371202],[76.750255,31.358344],[76.743907,31.332302],[76.743093,31.317694],[76.736501,31.308661],[76.723888,31.308376],[76.709239,31.309923],[76.693614,31.312445],[76.687999,31.30744],[76.689382,31.292263],[76.683116,31.278876],[76.670014,31.269599],[76.649669,31.267686],[76.628347,31.274115],[76.609874,31.288845],[76.570079,31.331],[76.552175,31.352973],[76.524099,31.378241],[76.508067,31.390652],[76.491954,31.410468],[76.469168,31.425971],[76.435069,31.422227]],[[81.294688,30.791693],[81.293712,30.792304],[81.288585,30.799587],[81.268321,30.812852],[81.221934,30.831081],[81.199311,30.852118]]]}},{"type":"Feature","properties":{"dissolve":"258River","scalerank":6.0,"featurecla":"River","name":"Sutlej","name_alt":null,"rivernum":258,"note":null,"min_zoom":5.0,"name_en":"Sutlej","min_label":6.0},"bbox":[71.021983,29.366319,81.375662,31.84748],"geometry":{"type":"MultiLineString","coordinates":[[[76.435069,31.422227],[76.430105,31.418484],[76.419037,31.41767],[76.409434,31.420925],[76.40089,31.429145],[76.394623,31.4171],[76.384695,31.412462],[76.374115,31.409491],[76.36671,31.402411],[76.364838,31.390977],[76.378184,31.338975],[76.437266,31.242743],[76.467865,31.219062],[76.538097,31.183295],[76.553396,31.1706],[76.564138,31.153835],[76.570242,31.133612],[76.572276,31.110663],[76.584727,31.090155],[76.587332,31.078559],[76.575613,31.073432],[76.562429,31.072089],[76.549083,31.06745],[76.538097,31.058905],[76.531261,31.045518],[76.531749,31.036729],[76.538585,31.015896],[76.538097,31.004584],[76.532237,30.997341],[76.514578,30.986843],[76.510753,30.980333],[76.505789,30.977851],[76.472911,30.970404],[76.459483,30.971218],[76.452891,30.97366],[76.426199,30.997748],[76.411632,31.006944],[76.395437,31.011542],[76.372976,31.01142],[76.343435,31.004828],[76.332612,31.004584],[76.321788,31.007148],[76.302338,31.01614],[76.291026,31.018826],[76.287201,31.016791],[76.276378,31.007025],[76.270518,31.004584],[76.219737,31.018581],[76.208507,31.018826],[76.199311,31.016384],[76.17921,31.00727],[76.167491,31.004584],[76.122813,31.004584],[76.113699,31.002468],[76.094005,30.993028],[76.08253,30.990912],[75.999766,30.99433],[75.980235,30.999579],[75.96575,31.008002],[75.922944,31.022528],[75.829682,30.997138],[75.790701,31.004584],[75.754487,30.995307],[75.634939,30.987128],[75.606375,30.990912],[75.575694,30.977403],[75.539154,30.972602],[75.3956,30.985175],[75.360444,30.993191],[75.332042,31.004584],[75.320404,31.013943],[75.309174,31.025214],[75.296479,31.034695],[75.280203,31.038682],[75.271658,31.039618],[75.264903,31.041775],[75.256358,31.045518],[75.250987,31.047146],[75.247081,31.048936],[75.243582,31.051703],[75.239268,31.056016],[75.233165,31.060004],[75.229096,31.057807],[75.226003,31.0539],[75.222179,31.052314],[75.214122,31.052843],[75.205577,31.052029],[75.19752,31.052273],[75.191173,31.056016],[75.187022,31.063992],[75.18214,31.082058],[75.177175,31.089911],[75.165131,31.097357],[75.149669,31.101426],[75.13323,31.102484],[75.118582,31.100775],[75.112315,31.10696],[75.116466,31.109565],[75.125987,31.121283],[75.115489,31.129665],[75.078217,31.147976],[75.04241,31.179063],[75.033214,31.183295],[75.017182,31.18183],[74.963471,31.167263],[74.933849,31.16295],[74.861339,31.162543],[74.836436,31.158555],[74.81129,31.147976],[74.761974,31.1081],[74.740245,31.101426],[74.708263,31.114366],[74.687755,31.097724],[74.600597,31.05683],[74.579112,31.042914],[74.563731,31.025214],[74.563569,31.004584],[74.54835,30.992377],[74.534434,30.976426],[74.519054,30.962673],[74.499034,30.956814],[74.476736,30.956326],[74.4581,30.95364],[74.441173,30.946397],[74.424083,30.932563],[74.413015,30.91531],[74.408702,30.90119],[74.40089,30.893337],[74.379324,30.894721],[74.353282,30.901313],[74.342052,30.902167],[74.329356,30.899848],[74.318858,30.893622],[74.310476,30.884711],[74.30364,30.874213],[74.311046,30.856147],[74.299815,30.838406],[74.279552,30.824978],[74.259776,30.819607],[74.256277,30.815497],[74.265391,30.7956],[74.266205,30.788601],[74.2588,30.781277],[74.243663,30.77143],[74.235281,30.76435],[74.214854,30.737657],[74.198334,30.725206],[74.190684,30.717231],[74.184174,30.697089],[74.169688,30.687364],[74.166433,30.679307],[74.163178,30.665107],[74.155365,30.659776],[74.132253,30.655707],[74.111095,30.646511],[74.09547,30.637315],[74.081716,30.626166],[74.067149,30.610704],[74.056733,30.591824],[74.057872,30.574734],[74.061127,30.555772],[74.05714,30.531602],[74.043712,30.518866],[74.003998,30.509101],[73.995697,30.501166],[73.98935,30.488064],[73.938731,30.426215],[73.928803,30.419257],[73.91627,30.417304],[73.899506,30.42239],[73.901785,30.415839],[73.903819,30.401638],[73.905691,30.395046],[73.887218,30.396755],[73.867198,30.387722],[73.851492,30.37287],[73.8449,30.357204],[73.834076,30.352647],[73.769786,30.367743],[73.699799,30.339219],[73.664643,30.31745],[73.648936,30.317572],[73.632742,30.322821],[73.612234,30.326117],[73.600352,30.325303],[73.589773,30.322862],[73.580089,30.318793],[73.570567,30.313096],[73.539806,30.277696],[73.533702,30.277045],[73.505382,30.268337],[73.453868,30.244208],[73.436534,30.233669],[73.417898,30.224718],[73.397472,30.218614],[73.340587,30.216254],[73.331554,30.210069],[73.3331,30.196804],[73.339285,30.184516],[73.344005,30.181505],[73.334727,30.171413],[73.323985,30.16946],[73.311127,30.168565],[73.296886,30.161689],[73.290294,30.15001],[73.286876,30.136664],[73.279796,30.128933],[73.262706,30.134345],[73.253347,30.146308],[73.24464,30.161973],[73.233002,30.170681],[73.214854,30.161689],[73.212332,30.149237],[73.225597,30.125067],[73.218028,30.120673],[73.203298,30.117377],[73.139171,30.086534],[73.131765,30.08572],[73.053233,30.09337],[73.04713,30.085801],[73.033783,30.055284],[72.945079,29.98961],[72.932628,29.982611],[72.92685,29.98664],[72.922944,30.003607],[72.913259,30.008002],[72.888438,30.004014],[72.86964,29.996609],[72.834239,29.96365],[72.813243,29.956163],[72.787364,29.952704],[72.76767,29.943427],[72.728282,29.915229],[72.728119,29.906317],[72.709972,29.902411],[72.66269,29.901557],[72.635509,29.892524],[72.630056,29.871039],[72.629975,29.845974],[72.618337,29.825873],[72.599376,29.839301],[72.582123,29.841376],[72.542735,29.833319],[72.522065,29.834744],[72.491466,29.848497],[72.473725,29.853217],[72.453136,29.851589],[72.391856,29.833319],[72.372081,29.838568],[72.362071,29.838446],[72.357595,29.829617],[72.35434,29.817572],[72.345632,29.807563],[72.334483,29.802558],[72.32366,29.805365],[72.30071,29.788682],[72.281993,29.771267],[72.266043,29.748318],[72.258067,29.732856],[72.254649,29.719753],[72.249604,29.711737],[72.237641,29.71129],[72.210378,29.71601],[72.196218,29.713162],[72.185557,29.705512],[72.177989,29.694607],[72.172781,29.68183],[72.184093,29.676052],[72.184255,29.671739],[72.178722,29.667426],[72.172781,29.661404],[72.169932,29.660834],[72.155772,29.661404],[72.148204,29.659532],[72.14796,29.655219],[72.150808,29.650417],[72.152354,29.647081],[72.149669,29.629747],[72.152436,29.610907],[72.158621,29.593329],[72.166026,29.579454],[72.11614,29.555691],[72.100678,29.55211],[72.07724,29.551093],[72.064708,29.546983],[72.042491,29.524237],[72.018484,29.506659],[71.984304,29.4914],[71.946788,29.484076],[71.913178,29.490058],[71.916596,29.473904],[71.918875,29.469591],[71.901134,29.46247],[71.881358,29.462226],[71.816905,29.476182],[71.806163,29.477078],[71.801362,29.464382],[71.795909,29.454901],[71.788585,29.449083],[71.777599,29.458686],[71.763601,29.461982],[71.749278,29.459744],[71.719656,29.442654],[71.710948,29.450385],[71.7046,29.465359],[71.693451,29.477078],[71.667735,29.4737],[71.618663,29.423204],[71.589854,29.408149],[71.591889,29.403632],[71.595225,29.392157],[71.597341,29.387641],[71.589447,29.388007],[71.575206,29.39289],[71.568126,29.393988],[71.514171,29.390001],[71.503429,29.393581],[71.494395,29.408149],[71.489268,29.381415],[71.482839,29.370429],[71.467052,29.366523],[71.452729,29.370876],[71.446381,29.380479],[71.439708,29.408149],[71.408132,29.376532],[71.388438,29.366319],[71.363862,29.373969],[71.360362,29.381781],[71.360362,29.392198],[71.358653,29.402045],[71.34962,29.408149],[71.340912,29.406602],[71.334402,29.399604],[71.323009,29.380194],[71.312999,29.392035],[71.30185,29.400702],[71.305105,29.405056],[71.306651,29.408759],[71.309255,29.411973],[71.315522,29.414984],[71.305756,29.422227],[71.295502,29.426337],[71.284272,29.428249],[71.271495,29.428575],[71.254649,29.426378],[71.249441,29.421007],[71.249278,29.414333],[71.247325,29.408149],[71.229096,29.391181],[71.218191,29.386786],[71.207774,29.408718],[71.196056,29.418524],[71.1845,29.421332],[71.179128,29.411566],[71.168224,29.397406],[71.144623,29.38463],[71.121023,29.376736],[71.110037,29.377143],[71.09726,29.38996],[71.068614,29.384792],[71.021983,29.366523]],[[81.199311,30.852118],[81.183442,30.896308],[81.15089,30.919135],[81.074718,30.936306],[81.054128,30.944159],[81.014659,30.965888],[80.995535,30.970404],[80.970307,30.972195],[80.951752,30.978054],[80.937022,30.988593],[80.894949,31.034776],[80.86321,31.057929],[80.792898,31.093329],[80.787364,31.098253],[80.771251,31.116319],[80.765554,31.121283],[80.755056,31.12462],[80.732839,31.127794],[80.652761,31.126654],[80.628429,31.121283],[80.584727,31.107123],[80.563243,31.096055],[80.553803,31.083075],[80.545502,31.066352],[80.525483,31.054796],[80.502533,31.048041],[80.484955,31.045518],[80.460541,31.047919],[80.424734,31.062567],[80.399425,31.065985],[80.390066,31.069159],[80.371186,31.083319],[80.365245,31.086493],[80.353526,31.087999],[80.285737,31.114366],[80.261648,31.13821],[80.248953,31.144884],[80.231619,31.159003],[80.220795,31.162177],[80.211436,31.163845],[80.152436,31.185981],[80.138764,31.196723],[80.086029,31.260443],[80.076915,31.265245],[80.062104,31.266303],[80.050548,31.269232],[80.031993,31.278266],[80.012136,31.290798],[80.003429,31.298407],[79.99822,31.30622],[80.00351,31.335639],[80.00172,31.343451],[79.930186,31.402411],[79.894949,31.461737],[79.885346,31.4713],[79.866628,31.475124],[79.827891,31.49254],[79.806651,31.497992],[79.679454,31.48725],[79.6421,31.491156],[79.613048,31.502305],[79.600597,31.504828],[79.549327,31.504828],[79.52589,31.509589],[79.508311,31.521023],[79.493093,31.534532],[79.477061,31.545762],[79.468272,31.548163],[79.452403,31.548774],[79.443451,31.553249],[79.435964,31.561387],[79.427989,31.578925],[79.422944,31.586737],[79.370128,31.615098],[79.360932,31.617784],[79.354096,31.633246],[79.33782,31.635932],[79.317556,31.633979],[79.299408,31.635199],[79.25294,31.668809],[79.244884,31.672716],[79.226573,31.669623],[79.121349,31.696601],[79.113292,31.694363],[79.096772,31.685085],[79.087169,31.6824],[79.076264,31.682807],[79.058849,31.688422],[79.049083,31.689765],[79.031261,31.685574],[79.013438,31.674994],[78.999034,31.661648],[78.990896,31.648871],[78.970876,31.656317],[78.94866,31.660956],[78.930268,31.6706],[78.922781,31.693183],[78.919526,31.716376],[78.910737,31.729438],[78.881765,31.751247],[78.858653,31.786444],[78.842703,31.805203],[78.823416,31.8133],[78.812022,31.812201],[78.792491,31.807563],[78.782481,31.806464],[78.769623,31.808132],[78.763438,31.812567],[78.7588,31.819159],[78.73878,31.839667],[78.731537,31.84394],[78.717296,31.84748],[78.703136,31.846625],[78.690684,31.841579],[78.680186,31.835883],[78.663259,31.830756],[78.654226,31.824774],[78.638194,31.809882],[78.633067,31.799506],[78.631277,31.774115],[78.62794,31.765489],[78.608979,31.759101],[78.581391,31.756537],[78.556244,31.750596],[78.545339,31.734198],[78.538503,31.718451],[78.521983,31.706326],[78.454845,31.675401],[78.435313,31.657782],[78.429617,31.633816],[78.442393,31.600409],[78.423595,31.595079],[78.370616,31.594265],[78.353526,31.598334],[78.334402,31.60574],[78.313731,31.608913],[78.292084,31.600409],[78.28476,31.593085],[78.281505,31.585639],[78.272227,31.528388],[78.261322,31.521104],[78.236339,31.515448],[78.208507,31.512234],[78.189057,31.512274],[78.101573,31.528388],[78.018484,31.553249],[77.985362,31.567654],[77.968761,31.571641],[77.945811,31.573106],[77.829275,31.56391],[77.78769,31.550157],[77.703136,31.504828],[77.688894,31.492458],[77.676036,31.476589],[77.66212,31.462836],[77.63323,31.454413],[77.628347,31.447333],[77.627208,31.437323],[77.627371,31.425727],[77.629649,31.411811],[77.632823,31.405056],[77.631602,31.400946],[77.620535,31.394965],[77.578298,31.394232],[77.555431,31.389187],[77.538015,31.354438],[77.519786,31.350613],[77.476573,31.354031],[77.441173,31.347113],[77.428722,31.347195],[77.420502,31.349962],[77.403087,31.359442],[77.390554,31.361436],[77.368175,31.358669],[77.356212,31.350531],[77.320404,31.287869],[77.307628,31.276068],[77.288097,31.27143],[77.267019,31.269721],[77.159109,31.240749],[77.137706,31.237901],[77.129812,31.241034],[77.115001,31.254706],[77.103282,31.257839],[77.091319,31.258897],[77.0796,31.26199],[76.993744,31.306708],[76.983816,31.316759],[76.976166,31.325995],[76.940929,31.358954],[76.929128,31.367703],[76.905772,31.370388],[76.890636,31.366278],[76.882416,31.36876],[76.880056,31.391547],[76.882498,31.402371],[76.885916,31.40998],[76.884207,31.414578],[76.858328,31.418524],[76.836029,31.428412],[76.82545,31.429145],[76.810964,31.423163],[76.798595,31.415351],[76.784597,31.409288],[76.764659,31.408637]],[[81.375662,30.758124],[81.365245,30.762641],[81.354503,30.764431],[81.330984,30.76435],[81.32252,30.768134],[81.302826,30.786241],[81.293712,30.792304]]]}},{"type":"Feature","properties":{"dissolve":"270Lake Centerline","scalerank":6.0,"featurecla":"Lake Centerline","name":"Han","name_alt":null,"rivernum":270,"note":null,"min_zoom":5.0,"name_en":"Han","min_label":6.0},"bbox":[111.000011,32.567816,111.477631,32.740668],"geometry":{"type":"MultiLineString","coordinates":[[[111.477631,32.567816],[111.465017,32.577948],[111.447846,32.581122],[111.433035,32.578803],[111.41448,32.573676],[111.389659,32.572374],[111.364757,32.574897],[111.344493,32.582546],[111.32252,32.598456],[111.269135,32.620795],[111.247976,32.635118],[111.229421,32.649359],[111.204275,32.660997],[111.158376,32.679023],[111.138764,32.689073],[111.115164,32.695014],[111.094168,32.695339],[111.045828,32.703966],[111.028575,32.715359],[111.020925,32.723904],[111.000011,32.740668]]]}},{"type":"Feature","properties":{"dissolve":"270River","scalerank":6.0,"featurecla":"River","name":"Han","name_alt":null,"rivernum":270,"note":null,"min_zoom":5.0,"name_en":"Han","min_label":6.0},"bbox":[106.398448,30.395046,114.289561,33.245876],"geometry":{"type":"MultiLineString","coordinates":[[[106.398448,33.067694],[106.421153,33.072292],[106.434174,33.08336],[106.444021,33.096788],[106.456554,33.10871],[106.473399,33.115261],[106.665619,33.143988],[106.67628,33.142198],[106.682872,33.137274],[106.686127,33.130642],[106.69044,33.124823],[106.70045,33.122341],[106.805756,33.124376],[106.841319,33.133816],[106.864268,33.136013],[106.883556,33.131415],[106.899913,33.120307],[106.929454,33.095038],[106.980398,33.064154],[106.99464,33.05036],[107.015636,33.038398],[107.038259,33.037706],[107.058849,33.033881],[107.073416,33.012478],[107.086925,33.01911],[107.102468,33.038357],[107.11435,33.046658],[107.126557,33.04739],[107.142589,33.045966],[107.156261,33.047471],[107.16212,33.057196],[107.169688,33.076239],[107.188243,33.088935],[107.212576,33.096747],[107.261729,33.103298],[107.323253,33.101264],[107.332123,33.106635],[107.34669,33.130561],[107.357595,33.136013],[107.368582,33.134345],[107.389903,33.128526],[107.402436,33.129177],[107.420828,33.136827],[107.490245,33.187445],[107.513601,33.200873],[107.522553,33.208035],[107.534923,33.215359],[107.541921,33.208523],[107.54713,33.190619],[107.567312,33.187812],[107.623546,33.187038],[107.635265,33.180365],[107.644949,33.170722],[107.667572,33.170233],[107.711436,33.176947],[107.735362,33.177436],[107.751394,33.174018],[107.764415,33.166775],[107.779226,33.155829],[107.787364,33.168769],[107.796967,33.174831],[107.820811,33.183783],[107.832937,33.191596],[107.838308,33.197781],[107.857595,33.237616],[107.863699,33.242947],[107.875418,33.245876],[107.888682,33.243598],[107.897878,33.236029],[107.905203,33.227891],[107.912608,33.224148],[107.938975,33.219306],[107.955658,33.206407],[107.959565,33.188056],[107.942149,33.158962],[107.937266,33.146267],[107.937266,33.134385],[107.947032,33.129177],[107.955089,33.123114],[107.957612,33.108995],[107.956716,33.080756],[107.977957,33.086615],[107.995046,33.07685],[108.026134,33.046658],[108.047781,33.037055],[108.064708,33.035346],[108.081147,33.039333],[108.101329,33.046658],[108.141368,33.037665],[108.219656,33.032335],[108.258881,33.019314],[108.274994,33.005683],[108.279063,32.989325],[108.274832,32.970771],[108.265717,32.950385],[108.260346,32.942206],[108.253673,32.934434],[108.248057,32.926215],[108.245372,32.916287],[108.247325,32.905951],[108.257091,32.892279],[108.258881,32.882148],[108.252208,32.867011],[108.241466,32.852729],[108.237722,32.839423],[108.252208,32.827501],[108.259858,32.828966],[108.266124,32.836005],[108.273692,32.840522],[108.286225,32.834337],[108.29184,32.824897],[108.289806,32.816107],[108.286225,32.807685],[108.286225,32.799628],[108.312511,32.769843],[108.35255,32.749783],[108.437755,32.724473],[108.437755,32.717637],[108.428722,32.713975],[108.407237,32.709052],[108.396088,32.703966],[108.413829,32.673936],[108.416596,32.662421],[108.431895,32.669745],[108.439464,32.666449],[108.44394,32.657782],[108.450206,32.648749],[108.47169,32.633409],[108.468435,32.628974],[108.454112,32.618354],[108.448171,32.599433],[108.469737,32.582831],[108.498057,32.566921],[108.512218,32.54975],[108.52296,32.528835],[108.54835,32.518419],[108.578054,32.512641],[108.601573,32.505398],[108.615652,32.488349],[108.622081,32.48489],[108.633311,32.485867],[108.639171,32.490424],[108.644216,32.495551],[108.681733,32.504991],[108.692882,32.504177],[108.697195,32.491767],[108.758067,32.537421],[108.774018,32.566352],[108.759858,32.601589],[108.759858,32.607774],[108.770925,32.609198],[108.777843,32.61461],[108.780691,32.623562],[108.779796,32.635118],[108.78712,32.630723],[108.792898,32.62462],[108.797293,32.61697],[108.800222,32.607774],[108.812511,32.620795],[108.81894,32.618191],[108.822846,32.608751],[108.827566,32.601589],[108.842703,32.58865],[108.851573,32.586534],[108.855479,32.598171],[108.85491,32.607123],[108.855968,32.609565],[108.879405,32.607774],[108.890391,32.61168],[108.894216,32.621039],[108.896658,32.632514],[108.903331,32.642524],[108.921316,32.649034],[108.996104,32.656195],[109.00351,32.664008],[109.022472,32.700303],[109.03297,32.711453],[109.042979,32.713975],[109.064545,32.715196],[109.074474,32.717637],[109.086436,32.724473],[109.093191,32.73196],[109.097992,32.739936],[109.1338,32.783962],[109.148529,32.787869],[109.255056,32.752387],[109.298432,32.74787],[109.334565,32.758612],[109.343191,32.766872],[109.345225,32.773953],[109.346609,32.781114],[109.352061,32.789984],[109.358897,32.795966],[109.374115,32.805732],[109.383067,32.813259],[109.386974,32.822699],[109.386241,32.831732],[109.389089,32.838487],[109.403412,32.841173],[109.411794,32.844591],[109.408295,32.852607],[109.402436,32.861762],[109.403412,32.868476],[109.412852,32.867743],[109.438975,32.860419],[109.448822,32.868679],[109.514252,32.883816],[109.52589,32.892198],[109.533946,32.909451],[109.547944,32.899237],[109.55657,32.888739],[109.565684,32.88349],[109.581635,32.888943],[109.585948,32.894558],[109.589366,32.902777],[109.593842,32.910915],[109.602061,32.916287],[109.612397,32.916368],[109.618744,32.911689],[109.624522,32.906033],[109.632823,32.903266],[109.650483,32.904731],[109.66741,32.909044],[109.682384,32.916368],[109.694591,32.92654],[109.706391,32.939032],[109.718191,32.94835],[109.729503,32.949327],[109.739268,32.936794]],[[109.739268,32.929958],[109.758474,32.914984],[109.782807,32.90115],[109.8095,32.893134],[109.83546,32.895819],[109.868175,32.912909],[109.883311,32.916287],[109.898855,32.914374],[109.925141,32.900662],[109.937918,32.895819],[109.992605,32.888943],[110.003347,32.88406],[110.040294,32.86164],[110.081716,32.848171],[110.095632,32.841173],[110.103445,32.834174],[110.114838,32.818793],[110.123546,32.813259],[110.215424,32.813259],[110.237885,32.807563],[110.257091,32.796658],[110.274099,32.789862],[110.290457,32.796454],[110.299815,32.801866],[110.309988,32.804633],[110.318126,32.808458],[110.325694,32.827745],[110.33546,32.834337],[110.397634,32.858018],[110.411794,32.856065],[110.403412,32.834337],[110.418468,32.829942],[110.431733,32.832872],[110.44573,32.838324],[110.462169,32.841173],[110.477143,32.836941],[110.497162,32.817979],[110.507091,32.813259],[110.566824,32.829128],[110.591726,32.829657],[110.588959,32.807074],[110.612641,32.819363],[110.616954,32.820665],[110.625011,32.81448],[110.63087,32.798692],[110.636729,32.793402],[110.651378,32.791856],[110.705089,32.799628],[110.705089,32.807074],[110.695974,32.808214],[110.692882,32.810248],[110.690684,32.814073],[110.685313,32.820665],[110.718761,32.837999],[110.746104,32.86164],[110.796397,32.831855],[110.811534,32.827501],[110.814708,32.825019],[110.817963,32.819648],[110.824229,32.814643],[110.83546,32.813259],[110.845714,32.817247],[110.857432,32.831326],[110.866466,32.834337],[110.875255,32.832587],[110.882416,32.828233],[110.893565,32.816962],[110.902273,32.810858],[110.910248,32.811103],[110.9192,32.813341],[110.931082,32.813259],[110.938243,32.810167],[110.952159,32.801378],[110.962413,32.799628],[110.982595,32.806912],[110.993175,32.807074],[110.983653,32.798936],[110.968435,32.790717],[110.9581,32.781195],[110.962413,32.769151],[110.983165,32.752509],[110.992198,32.748236],[111.000011,32.740668]],[[111.477631,32.567816],[111.48406,32.55447],[111.492198,32.530137],[111.547944,32.48489],[111.615245,32.454454],[111.643891,32.434149],[111.665294,32.402371],[111.640717,32.367947],[111.633067,32.349311],[111.637299,32.327257],[111.646414,32.318712],[111.672862,32.303412],[111.699474,32.265163],[111.693614,32.224189],[111.72698,32.19123],[111.771983,32.162869],[111.80128,32.135443],[111.814708,32.092882],[111.827159,32.078721],[111.853038,32.07335],[111.876231,32.075995],[111.931651,32.093858],[111.953054,32.094916],[111.975597,32.091254],[111.993256,32.082831],[112.008067,32.054511],[112.026541,32.046413],[112.157807,32.034206],[112.192882,32.021999],[112.192882,31.991482],[112.185964,31.98489],[112.177745,31.981228],[112.170095,31.975857],[112.164968,31.964179],[112.16448,31.951524],[112.167735,31.93948],[112.173839,31.928534],[112.182058,31.91946],[112.217459,31.895087],[112.220225,31.883612],[112.182546,31.822374],[112.177257,31.797309],[112.195893,31.785997],[112.215912,31.779853],[112.250662,31.749457],[112.268077,31.737616],[112.336681,31.724392],[112.353608,31.713975],[112.369884,31.69245],[112.380951,31.672675],[112.406749,31.606716],[112.41684,31.592597],[112.442393,31.569688],[112.452403,31.550238],[112.450043,31.528103],[112.442556,31.505398],[112.438569,31.484402],[112.440847,31.474677],[112.450206,31.45307],[112.452403,31.443386],[112.449229,31.433539],[112.435069,31.41238],[112.431895,31.405544],[112.425385,31.386013],[112.412364,31.372992],[112.402273,31.358262],[112.404552,31.333523],[112.414806,31.318915],[112.446707,31.302191],[112.462901,31.288845],[112.487804,31.254706],[112.500499,31.24197],[112.5206,31.230496],[112.545421,31.223497],[112.560476,31.221991],[112.567556,31.215399],[112.569753,31.192939],[112.566417,31.182644],[112.551768,31.161933],[112.548432,31.151679],[112.552826,31.139472],[112.574636,31.118354],[112.582774,31.10696],[112.584239,31.086127],[112.567393,31.086249],[112.54184,31.095079],[112.517507,31.100775],[112.506765,31.089179],[112.508067,31.063015],[112.5206,31.018826],[112.533702,30.990749],[112.561697,30.953437],[112.567149,30.94123],[112.572195,30.888699],[112.577729,30.877021],[112.589366,30.869208],[112.664561,30.842882],[112.678966,30.833279],[112.668224,30.830268],[112.637136,30.82571],[112.630463,30.82331],[112.635509,30.807929],[112.644786,30.795518],[112.649669,30.78323],[112.641612,30.768093],[112.625987,30.747626],[112.596283,30.676215],[112.624441,30.657904],[112.703298,30.661566],[112.719819,30.651964],[112.714122,30.640489],[112.687511,30.63113],[112.678966,30.620958],[112.67921,30.605333],[112.690929,30.57099],[112.692556,30.552069],[112.728526,30.574042],[112.748139,30.583116],[112.771414,30.586859],[112.783621,30.576728],[112.81601,30.51793],[112.8296,30.509345],[112.852631,30.499294],[112.874766,30.496039],[112.884288,30.508002],[112.881602,30.555732],[112.89088,30.570746],[112.918468,30.573188],[112.933442,30.563829],[112.951427,30.531277],[112.9699,30.524115],[113.004405,30.525458],[113.023041,30.52379],[113.042003,30.51793],[113.046641,30.517605],[113.059174,30.518988],[113.06308,30.51793],[113.066417,30.51085],[113.065522,30.505235],[113.063487,30.5008],[113.06308,30.497423],[113.063487,30.488959],[113.060313,30.482489],[113.062511,30.47838],[113.0796,30.476996],[113.099213,30.483425],[113.107432,30.483181],[113.11085,30.473253],[113.11142,30.461859],[113.113373,30.45307],[113.117279,30.446723],[113.124034,30.442206],[113.137299,30.439561],[113.146658,30.443549],[113.15504,30.448757],[113.165538,30.449652],[113.175304,30.444525],[113.186615,30.43122],[113.196218,30.428534],[113.289073,30.428534],[113.427338,30.395209],[113.466563,30.395046],[113.48585,30.398993],[113.491466,30.401679],[113.500662,30.408067],[113.5088,30.415839],[113.518158,30.431667],[113.532481,30.447821],[113.540294,30.465033],[113.545665,30.473253],[113.555919,30.481716],[113.590017,30.497423],[113.607432,30.511908],[113.622976,30.531684],[113.634288,30.554023],[113.638438,30.576239],[113.646983,30.586249],[113.73878,30.626899],[113.74822,30.627794],[113.760916,30.622992],[113.782481,30.604763],[113.789236,30.60045],[113.79892,30.604804],[113.807628,30.614325],[113.817475,30.622097],[113.830333,30.620958],[113.83839,30.610907],[113.834483,30.599962],[113.825125,30.591091],[113.816742,30.586859],[113.823416,30.575954],[113.830333,30.575141],[113.837332,30.580186],[113.844005,30.586859],[113.850597,30.595404],[113.852143,30.603217],[113.850678,30.61754],[113.838796,30.64411],[113.840587,30.648261],[113.843354,30.649482],[113.845225,30.651964],[113.848237,30.654568],[113.854503,30.655707],[113.862234,30.653876],[113.863292,30.649522],[113.862315,30.644721],[113.86435,30.641466],[113.878184,30.634304],[113.884858,30.633124],[113.911794,30.633653],[113.920421,30.632839],[113.925141,30.63703],[113.926524,30.651964],[113.930919,30.672675],[113.941498,30.6789],[113.955089,30.67414],[113.968028,30.661933],[113.983897,30.633979],[113.995697,30.624579],[114.018565,30.620958],[114.027436,30.616645],[114.028412,30.607001],[114.027843,30.597357],[114.031993,30.593044],[114.043468,30.594184],[114.069835,30.60045],[114.170665,30.598212],[114.289561,30.566352]]]}},{"type":"Feature","properties":{"dissolve":"271Lake Centerline","scalerank":6.0,"featurecla":"Lake Centerline","name":"Mahäna Nadï","name_alt":null,"rivernum":271,"note":null,"min_zoom":5.0,"name_en":"Mahäna Nadï","min_label":6.0},"bbox":[83.299734,21.520128,83.857595,21.747626],"geometry":{"type":"MultiLineString","coordinates":[[[83.857595,21.520128],[83.857026,21.52029],[83.856537,21.520453],[83.84726,21.524278],[83.833507,21.532823],[83.818614,21.567572],[83.795828,21.587592],[83.773936,21.612331],[83.735362,21.668158],[83.714366,21.694688],[83.689464,21.712836],[83.66505,21.724189],[83.601736,21.742011],[83.575287,21.747626],[83.54892,21.740505],[83.528087,21.720282],[83.519216,21.700466],[83.513194,21.680528],[83.50294,21.666124],[83.487071,21.650743],[83.467052,21.645535],[83.446218,21.657009],[83.425222,21.671698],[83.408946,21.685574],[83.390229,21.692491],[83.364268,21.692979],[83.342784,21.691921],[83.323253,21.691718],[83.308116,21.693386],[83.299734,21.695136]]]}},{"type":"Feature","properties":{"dissolve":"271River","scalerank":6.0,"featurecla":"River","name":"Mahäna Nadï","name_alt":null,"rivernum":271,"note":null,"min_zoom":5.0,"name_en":"Mahäna Nadï","min_label":6.0},"bbox":[80.614757,20.143134,86.15919,21.890408],"geometry":{"type":"MultiLineString","coordinates":[[[83.856537,21.520453],[83.896251,21.509141],[83.933849,21.492377],[83.963471,21.467353],[83.980072,21.431667],[83.97462,21.390163],[83.948416,21.361111],[83.917735,21.336249],[83.897472,21.307563],[83.896495,21.288642],[83.90797,21.250556],[83.911143,21.229031],[83.90919,21.204942],[83.903331,21.188422],[83.830007,21.054755],[83.823334,21.030137],[83.822032,21.01793],[83.822358,21.005886],[83.832774,20.930772],[83.897472,20.876776],[83.964773,20.835883],[84.007498,20.818915],[84.04835,20.814073],[84.091319,20.827419],[84.167979,20.875678],[84.206065,20.890448],[84.228526,20.89057],[84.269054,20.879706],[84.291433,20.876776],[84.313487,20.867743],[84.323009,20.846462],[84.3296,20.800401],[84.344005,20.774522],[84.364675,20.757392],[84.38974,20.746649],[84.418468,20.740058],[84.516205,20.736192],[84.544363,20.724066],[84.603933,20.67947],[84.682872,20.646023],[84.707774,20.629462],[84.729747,20.607611],[84.764415,20.539333],[84.781261,20.521267],[84.809581,20.512274],[84.866954,20.52265],[84.895437,20.518093],[85.016205,20.438788],[85.034597,20.431708],[85.062266,20.427924],[85.076671,20.423163],[85.0831,20.413398],[85.092784,20.404853],[85.137299,20.387234],[85.169363,20.378363],[85.187755,20.377468],[85.206065,20.381863],[85.223643,20.393256],[85.233409,20.396308],[85.245942,20.393866],[85.256602,20.387641],[85.261241,20.379259],[85.26588,20.367499],[85.277273,20.363308],[85.302826,20.36225],[85.323334,20.358222],[85.34433,20.356716],[85.354503,20.357733],[85.364187,20.360419],[85.373057,20.365098],[85.381277,20.372138],[85.397472,20.3817],[85.416108,20.382432],[85.453054,20.375922],[85.473725,20.374701],[85.494558,20.375922],[85.504242,20.379014],[85.521983,20.38821],[85.55421,20.396064],[85.573253,20.409857],[85.60377,20.437323],[85.644786,20.457831],[85.656342,20.454698],[85.670421,20.440619],[85.682384,20.437323],[85.723643,20.437323],[85.72877,20.440782],[85.740489,20.458319],[85.748546,20.465277],[85.772472,20.471381],[85.789968,20.465847],[85.804454,20.456488],[85.819835,20.451606],[85.846609,20.450507],[85.865326,20.445746],[85.881114,20.435248],[85.92335,20.391181],[85.956716,20.364814],[85.964122,20.36225],[85.973643,20.363227],[85.998057,20.368476],[86.011322,20.366726],[86.016124,20.361518],[86.017833,20.353217],[86.06308,20.261298],[86.083588,20.239325],[86.098399,20.232123],[86.13323,20.221015],[86.14503,20.212022],[86.152192,20.197577],[86.15683,20.179389],[86.15919,20.160264],[86.158702,20.143134]],[[80.625255,20.598985],[80.639171,20.623074],[80.638276,20.645535],[80.614757,20.698025],[80.623139,20.718126],[80.62558,20.738145],[80.632091,20.753363],[80.652843,20.759467],[80.698009,20.762478],[80.719168,20.766669],[80.738292,20.773139],[80.74822,20.778632],[80.755056,20.784695],[80.759776,20.791205],[80.763113,20.798285],[80.769786,20.814154],[80.774994,20.822862],[80.809825,20.862616],[80.841807,20.935736],[80.866303,20.971015],[80.896983,21.003607],[80.930675,21.027615],[80.993337,21.041815],[81.030935,21.065212],[81.049815,21.063096],[81.068126,21.055854],[81.088308,21.054267],[81.107188,21.064968],[81.119884,21.081081],[81.134695,21.09573],[81.159434,21.102118],[81.194021,21.096869],[81.214773,21.096218],[81.231619,21.102118],[81.23878,21.115668],[81.243093,21.137234],[81.245372,21.174669],[81.243175,21.18537],[81.233897,21.205593],[81.231619,21.215399],[81.235932,21.228583],[81.245942,21.23371],[81.257335,21.235663],[81.26588,21.239285],[81.274343,21.252794],[81.290701,21.292182],[81.293712,21.30447],[81.305186,21.327663],[81.307384,21.338894],[81.308116,21.351752],[81.310313,21.359931],[81.320404,21.37641],[81.362641,21.420274],[81.368907,21.435126],[81.36671,21.444607],[81.357351,21.466661],[81.355235,21.476386],[81.356456,21.487494],[81.359874,21.495225],[81.36435,21.502875],[81.368907,21.513617],[81.378998,21.554307],[81.389415,21.573676],[81.406749,21.581855],[81.418061,21.582953],[81.423106,21.586697],[81.424327,21.594102],[81.424083,21.606065],[81.427338,21.61461],[81.435802,21.61697],[81.519135,21.612982],[81.526459,21.619737],[81.527843,21.622748],[81.530935,21.625759],[81.536143,21.62873],[81.542572,21.631537],[81.559662,21.636664],[81.577647,21.639838],[81.593191,21.640082],[81.602306,21.636542],[81.605072,21.627305],[81.60377,21.605658],[81.60906,21.595526],[81.619151,21.590928],[81.644054,21.589952],[81.674083,21.575995],[81.689545,21.585557],[81.698171,21.606309],[81.697276,21.630316],[81.686941,21.644355],[81.673839,21.652167],[81.668712,21.661892],[81.681082,21.681464],[81.690359,21.685411],[81.702566,21.686713],[81.713145,21.690456],[81.717784,21.701972],[81.715912,21.71365],[81.700694,21.758246],[81.717784,21.760037],[81.727468,21.759833],[81.750011,21.756537],[81.75587,21.756903],[81.771902,21.765082],[81.834972,21.766872],[81.878998,21.781562],[81.912608,21.806586],[81.941417,21.834052],[81.972179,21.856269],[81.982188,21.860053],[82.00294,21.865424],[82.013113,21.8699],[82.021495,21.876329],[82.027924,21.883002],[82.034923,21.888251],[82.0442,21.890408],[82.061615,21.884589],[82.109386,21.849392],[82.129649,21.849392],[82.151947,21.853787],[82.170095,21.851752],[82.177664,21.832343],[82.179617,21.80744],[82.186453,21.788398],[82.199148,21.774929],[82.219249,21.766872],[82.276541,21.760037],[82.286388,21.753607],[82.310476,21.72545],[82.324718,21.719062],[82.361908,21.721951],[82.391612,21.729682],[82.444428,21.75377],[82.458018,21.746527],[82.471934,21.742458],[82.503184,21.74018],[82.510183,21.742296],[82.523855,21.751654],[82.530528,21.75377],[82.538829,21.751247],[82.553722,21.738389],[82.561127,21.733344],[82.577566,21.729112],[82.61964,21.733344],[82.636241,21.731065],[82.658621,21.7213],[82.674408,21.719062],[82.681244,21.7213],[82.687266,21.726182],[82.691987,21.731065],[82.695242,21.733344],[82.704275,21.732449],[82.755626,21.719591],[82.770518,21.720649],[82.784272,21.7296],[82.806163,21.735216],[82.852306,21.702501],[82.875906,21.70539],[82.891124,21.704535],[82.948741,21.7213],[82.992768,21.728217],[83.004812,21.73253],[83.017019,21.73546],[83.03419,21.733344],[83.062511,21.717312],[83.078624,21.711453],[83.092459,21.715928],[83.115733,21.726915],[83.141124,21.723415],[83.185639,21.70539],[83.276541,21.695258],[83.299734,21.695136]]]}},{"type":"Feature","properties":{"dissolve":"278Lake Centerline","scalerank":6.0,"featurecla":"Lake Centerline","name":"Gan","name_alt":null,"rivernum":278,"note":null,"min_zoom":5.0,"name_en":"Gan","min_label":6.0},"bbox":[115.981375,29.279161,116.19752,29.75141],"geometry":{"type":"MultiLineString","coordinates":[[[115.981944,29.279161],[115.981375,29.290229],[116.000011,29.302598],[116.041515,29.312445],[116.05185,29.332546],[116.051199,29.365424],[116.040945,29.403103],[116.045828,29.423651],[116.07073,29.44538],[116.091401,29.468858],[116.114675,29.492458],[116.127371,29.51793],[116.127045,29.545762],[116.134532,29.58043],[116.149099,29.616319],[116.161794,29.651435],[116.156993,29.680691],[116.160655,29.703192],[116.177257,29.719835],[116.192393,29.735867],[116.19752,29.75141]]]}},{"type":"Feature","properties":{"dissolve":"278River","scalerank":6.0,"featurecla":"River","name":"Gan","name_alt":null,"rivernum":278,"note":null,"min_zoom":5.0,"name_en":"Gan","min_label":6.0},"bbox":[114.412527,24.700222,116.029877,29.279161],"geometry":{"type":"MultiLineString","coordinates":[[[114.412527,24.707058],[114.43214,24.710639],[114.448822,24.707709],[114.465424,24.702826],[114.484874,24.700222],[114.501964,24.708767],[114.521983,24.746365],[114.539643,24.754828],[114.559825,24.758246],[114.575287,24.766872],[114.587494,24.778144],[114.602794,24.796576],[114.61378,24.815538],[114.619151,24.824164],[114.625662,24.830878],[114.635265,24.835232],[114.648936,24.836778],[114.665538,24.845242],[114.685476,24.862128],[114.70696,24.875067],[114.727794,24.871527],[114.734386,24.89171],[114.739513,24.902899],[114.748953,24.912543],[114.768891,24.904079],[114.771088,24.921942],[114.766368,24.948025],[114.765391,24.963975],[114.776296,24.980496],[114.782481,24.999091],[114.784597,25.018134],[114.779307,25.055528],[114.776134,25.060574],[114.768891,25.069525],[114.760265,25.076239],[114.751231,25.080593],[114.744314,25.087104],[114.741466,25.100531],[114.751964,25.103949],[114.817149,25.138454],[114.828298,25.141547],[114.857514,25.14529],[114.86142,25.148464],[114.87379,25.154731],[114.886811,25.157091],[114.894949,25.145575],[114.899425,25.144558],[114.903901,25.145575],[114.905854,25.148708],[114.904796,25.154608],[114.902436,25.157904],[114.900076,25.15998],[114.899018,25.162624],[114.897634,25.190619],[114.899018,25.193671],[114.892507,25.201768],[114.87794,25.211982],[114.871755,25.220323],[114.869151,25.2296],[114.865001,25.265692],[114.868744,25.273017],[114.896007,25.29267],[114.898529,25.30447],[114.891043,25.316474],[114.881602,25.327826],[114.878673,25.337673],[114.885671,25.34394],[114.911632,25.353827],[114.919688,25.358181],[114.922293,25.367743],[114.921886,25.378974],[114.924734,25.388373],[114.937022,25.392279],[114.955658,25.401557],[114.964366,25.422634],[114.96339,25.445828],[114.953705,25.461208],[114.969005,25.47545],[114.990489,25.488837],[115.003917,25.505439],[114.995209,25.529486],[115.007335,25.551866],[115.008474,25.57099],[115.002615,25.621934],[115.009288,25.642686],[115.024669,25.657782],[115.042735,25.671332],[115.057384,25.68712],[115.073253,25.686632],[115.083914,25.706488],[115.089773,25.732978],[115.091563,25.752265],[115.089692,25.761786],[115.086355,25.768378],[115.086681,25.775336],[115.103119,25.798407],[115.10255,25.807725],[115.098888,25.81745],[115.098399,25.830512],[115.110932,25.850857],[115.111908,25.858425],[115.106619,25.865831],[115.088634,25.881863],[115.084727,25.888861],[115.079845,25.892198],[115.033783,25.893907],[115.027761,25.895616],[115.023448,25.893907],[115.015717,25.885118],[115.011241,25.875515],[115.010346,25.866645],[115.007091,25.85871],[114.995209,25.85163],[114.983653,25.850857],[114.967784,25.853217],[114.953543,25.857367],[114.94752,25.862128],[114.944347,25.867296],[114.937266,25.874538],[114.930186,25.88406],[114.927013,25.896023],[114.930431,25.906358],[114.937266,25.91706],[114.942393,25.928331],[114.940684,25.940375],[114.932628,25.945258],[114.908132,25.947292],[114.899018,25.954047],[114.897472,25.966254],[114.902436,25.977729],[114.909272,25.988471],[114.917898,26.020616],[114.929779,26.034125],[114.943451,26.044379],[114.953705,26.057074],[114.959483,26.077501],[114.95753,26.091335],[114.949636,26.099962],[114.937999,26.105414],[114.909679,26.113959],[114.898529,26.120795],[114.892833,26.132148],[114.895274,26.140489],[114.918224,26.19599],[114.924571,26.207343],[114.935069,26.213894],[114.953705,26.214708],[114.919688,26.27615],[114.923839,26.305609],[114.901378,26.340644],[114.792491,26.439887],[114.786143,26.447455],[114.771251,26.45246],[114.703624,26.502143],[114.684255,26.520331],[114.671967,26.540635],[114.67628,26.560411],[114.80364,26.675564],[114.809825,26.691107],[114.81129,26.710883],[114.816417,26.736599],[114.825206,26.760932],[114.837576,26.776435],[114.854747,26.782091],[114.92335,26.790066],[114.940847,26.794216],[114.989675,26.815456],[115.002615,26.824815],[115.009939,26.862494],[114.972179,26.920681],[114.981619,26.955146],[114.995128,26.964952],[115.013601,26.975043],[115.029877,26.987901],[115.036794,27.006415],[115.03004,27.028428],[115.014171,27.040798],[114.995616,27.05036],[114.981619,27.063788],[114.974701,27.108507],[114.998139,27.142198],[115.089936,27.200507],[115.102631,27.212429],[115.109874,27.228298],[115.111908,27.252794],[115.110932,27.274482],[115.111827,27.285753],[115.115326,27.294053],[115.115245,27.302029],[115.098399,27.338731],[115.095307,27.367011],[115.091563,27.379706],[115.073416,27.412136],[115.067963,27.433173],[115.063569,27.443386],[115.063487,27.451483],[115.074148,27.454861],[115.086436,27.455146],[115.095714,27.456814],[115.10377,27.460883],[115.111908,27.468533],[115.121104,27.487657],[115.135509,27.534857],[115.149506,27.544216],[115.166515,27.550849],[115.180675,27.566474],[115.214936,27.626044],[115.220632,27.632921],[115.229015,27.637274],[115.249278,27.643581],[115.276134,27.662462],[115.314382,27.680772],[115.330496,27.695095],[115.331554,27.699286],[115.329682,27.710476],[115.330496,27.714911],[115.333018,27.71662],[115.342214,27.720567],[115.344737,27.722357],[115.368337,27.753852],[115.372081,27.759874],[115.375418,27.780788],[115.383881,27.804389],[115.425304,27.874945],[115.431733,27.893012],[115.436127,27.959011],[115.440115,27.977403],[115.447765,27.996039],[115.483165,28.056016],[115.492198,28.065009],[115.51588,28.069159],[115.532725,28.080186],[115.557058,28.11282],[115.583018,28.13699],[115.622081,28.159206],[115.666515,28.176947],[115.707937,28.187852],[115.757742,28.189887],[115.772634,28.198432],[115.783376,28.21369],[115.789236,28.228135],[115.798757,28.238878],[115.820811,28.243109],[115.833018,28.247504],[115.846609,28.258246],[115.858409,28.271755],[115.865489,28.284044],[115.868175,28.300482],[115.864838,28.3133],[115.851736,28.339301],[115.841726,28.392524],[115.834483,28.400743],[115.824474,28.40587],[115.819591,28.418728],[115.8178,28.451687],[115.820323,28.468695],[115.825287,28.481391],[115.828054,28.493923],[115.823985,28.510606],[115.796641,28.565253],[115.803233,28.581],[115.807384,28.606147],[115.815929,28.629462],[115.834483,28.639716],[115.885916,28.71544],[115.901134,28.751247],[115.911143,28.769151],[115.938569,28.787543],[115.981537,28.853298],[115.98642,28.879014],[115.989024,28.886786],[116.001475,28.902045],[116.007091,28.911648],[116.01295,28.938015],[116.027354,28.974189],[116.029877,28.996649],[116.023204,29.037624],[116.018565,29.046454],[116.004893,29.066352],[116.002045,29.075466],[116.001069,29.085964],[115.996755,29.106391],[115.997162,29.180243],[115.995942,29.188422],[116.002208,29.208523],[115.998953,29.230007],[115.981944,29.279161]]]}},{"type":"Feature","properties":{"dissolve":"279Lake Centerline","scalerank":6.0,"featurecla":"Lake Centerline","name":"Krishna","name_alt":null,"rivernum":279,"note":null,"min_zoom":5.0,"name_en":"Krishna","min_label":6.0},"bbox":[78.997162,16.219346,79.313406,16.579372],"geometry":{"type":"MultiLineString","coordinates":[[[78.997162,16.230292],[79.00644,16.237738],[79.021658,16.247138],[79.042898,16.245673],[79.091563,16.228827],[79.110281,16.231269],[79.136322,16.227851],[79.160574,16.219346],[79.184093,16.221015],[79.201427,16.228624],[79.210053,16.236599],[79.214773,16.244493],[79.221202,16.265489],[79.226573,16.289496],[79.229015,16.310492],[79.233409,16.330512],[79.229991,16.341742],[79.218761,16.360907],[79.211518,16.377265],[79.208263,16.388699],[79.21046,16.40823],[79.214773,16.429714],[79.2199,16.473334],[79.213471,16.493232],[79.217377,16.504462],[79.233409,16.523627],[79.247813,16.554023],[79.265636,16.569607],[79.283621,16.575222],[79.298757,16.57807],[79.313406,16.579372]]]}},{"type":"Feature","properties":{"dissolve":"279River","scalerank":6.0,"featurecla":"River","name":"Krishna","name_alt":null,"rivernum":279,"note":null,"min_zoom":5.0,"name_en":"Krishna","min_label":6.0},"bbox":[73.796397,15.949164,80.882742,17.991807],"geometry":{"type":"MultiLineString","coordinates":[[[73.796397,17.991807],[73.839285,17.982733],[73.856049,17.976182],[73.931407,17.910264],[73.947276,17.888129],[73.964366,17.849392],[73.97462,17.816759],[73.983165,17.804877],[74.036062,17.765245],[74.042247,17.746609],[74.04599,17.703192],[74.053722,17.686469],[74.072032,17.671942],[74.110281,17.653917],[74.125418,17.641791],[74.139415,17.614814],[74.146088,17.578966],[74.142507,17.5421],[74.125418,17.51203],[74.108816,17.501085],[74.09669,17.497382],[74.090343,17.490546],[74.091319,17.470404],[74.09433,17.461453],[74.103119,17.444607],[74.104991,17.432563],[74.10377,17.410753],[74.104584,17.399482],[74.108409,17.391628],[74.177664,17.304145],[74.204845,17.292304],[74.20989,17.281602],[74.19337,17.234687],[74.198171,17.224066],[74.203136,17.221137],[74.211436,17.213975],[74.219005,17.205105],[74.22169,17.196723],[74.217296,17.189032],[74.208425,17.183539],[74.187511,17.176215],[74.203217,17.154364],[74.234304,17.13703],[74.26946,17.12873],[74.297374,17.13406],[74.297944,17.126492],[74.302257,17.114285],[74.30364,17.107286],[74.323741,17.120388],[74.336355,17.120063],[74.366222,17.100531],[74.358897,17.088243],[74.359874,17.077094],[74.366466,17.066514],[74.375906,17.055854],[74.377533,17.050564],[74.37851,17.035264],[74.379324,17.031602],[74.386241,17.030341],[74.391043,17.032986],[74.39446,17.036566],[74.396983,17.038438],[74.404226,17.040595],[74.411062,17.044745],[74.419932,17.047634],[74.433442,17.045925],[74.444916,17.040229],[74.453543,17.032294],[74.458751,17.022488],[74.461192,17.011094],[74.457774,17.004665],[74.45045,17.000067],[74.448009,16.993435],[74.463796,16.972113],[74.471283,16.959174],[74.480561,16.947333],[74.491954,16.942247],[74.508311,16.934394],[74.525645,16.916287],[74.55071,16.881415],[74.539968,16.869412],[74.53297,16.863389],[74.53297,16.856024],[74.543224,16.839871],[74.551524,16.829535],[74.562104,16.821112],[74.576182,16.815253],[74.608897,16.810818],[74.623464,16.804267],[74.634776,16.794257],[74.639415,16.781521],[74.646251,16.768744],[74.662364,16.759548],[74.680756,16.752061],[74.694591,16.744249],[74.671153,16.729926],[74.615896,16.719997],[74.605235,16.699815],[74.614024,16.678046],[74.634939,16.659451],[74.680919,16.634385],[74.680919,16.628201],[74.665294,16.627509],[74.64446,16.624376],[74.630626,16.61697],[74.635916,16.603339],[74.662527,16.578315],[74.678152,16.569119],[74.698009,16.565497],[74.705007,16.56741],[74.721202,16.579779],[74.730561,16.584174],[74.73463,16.585639],[74.779307,16.59101],[74.793468,16.597683],[74.804454,16.613878],[74.804617,16.627061],[74.801768,16.640448],[74.806163,16.650743],[74.846446,16.657091],[74.872488,16.666856],[74.88974,16.669135],[74.901866,16.662055],[74.90797,16.647488],[74.916433,16.634955],[74.934825,16.634385],[74.948822,16.644558],[74.956065,16.658149],[74.964692,16.670111],[74.982595,16.67536],[74.987722,16.666612],[74.99464,16.65998],[75.009858,16.648017],[75.023529,16.633897],[75.094819,16.540107],[75.105479,16.51085],[75.136729,16.528632],[75.151296,16.540107],[75.160085,16.551825],[75.160655,16.563666],[75.156749,16.576606],[75.154552,16.590766],[75.160085,16.606472],[75.187511,16.627712],[75.217214,16.626654],[75.244151,16.612372],[75.263194,16.59337],[75.283946,16.604356],[75.3178,16.586249],[75.342052,16.596788],[75.360037,16.601589],[75.374441,16.587022],[75.396007,16.547919],[75.396007,16.544745],[75.396495,16.541815],[75.40032,16.538153],[75.404796,16.537218],[75.416108,16.538886],[75.420909,16.538153],[75.438487,16.527289],[75.451915,16.514594],[75.459076,16.495307],[75.450613,16.475938],[75.438406,16.456366],[75.4345,16.436347],[75.439708,16.425157],[75.446869,16.423204],[75.476166,16.433214],[75.481863,16.437364],[75.485362,16.443305],[75.493093,16.452826],[75.516612,16.469509],[75.530935,16.466132],[75.551768,16.436347],[75.568126,16.428656],[75.585053,16.43419],[75.604991,16.444159],[75.629893,16.449408],[75.640717,16.446234],[75.65797,16.432074],[75.663829,16.4289],[75.700206,16.419257],[75.7081,16.41531],[75.713145,16.407335],[75.718272,16.388007],[75.721772,16.381171],[75.750662,16.365058],[75.755951,16.364081],[75.785574,16.349066],[75.7942,16.346381],[75.80657,16.348456],[75.823985,16.357978],[75.831635,16.360663],[75.850515,16.358588],[75.87322,16.35102],[75.892589,16.340522],[75.900645,16.329657],[75.91155,16.321967],[75.983165,16.312201],[75.995372,16.305732],[76.024506,16.283067],[76.034272,16.278103],[76.053233,16.271796],[76.058849,16.256619],[76.058197,16.222846],[76.0796,16.197781],[76.118663,16.190212],[76.163259,16.188666],[76.201671,16.181912],[76.239024,16.16352],[76.257823,16.15705],[76.280772,16.154568],[76.286388,16.16002],[76.29127,16.171942],[76.297862,16.183905],[76.308116,16.189317],[76.321788,16.191596],[76.330984,16.197699],[76.367768,16.243109],[76.382823,16.253485],[76.403901,16.257636],[76.424897,16.254014],[76.442882,16.247585],[76.459402,16.244412],[76.476573,16.2508],[76.534434,16.316474],[76.544932,16.322781],[76.552257,16.33629],[76.570079,16.342068],[76.61321,16.346381],[76.6303,16.355414],[76.654877,16.381863],[76.685313,16.390652],[76.736501,16.41531],[76.753022,16.428534],[76.762218,16.434109],[76.773936,16.436347],[76.784272,16.432074],[76.796397,16.424099],[76.809255,16.419501],[76.822276,16.425482],[76.829519,16.430976],[76.846121,16.438178],[76.852631,16.442572],[76.858897,16.451931],[76.867931,16.474677],[76.874522,16.483507],[76.891124,16.489325],[76.933604,16.496405],[76.944021,16.510565],[76.948822,16.51142],[76.959483,16.51085],[76.967296,16.511786],[76.968272,16.514472],[76.967377,16.518826],[76.974376,16.535834],[76.975352,16.54682],[76.978526,16.556912],[76.990001,16.565497],[76.997651,16.550727],[77.006358,16.527126],[77.018077,16.509955],[77.051524,16.518988],[77.070567,16.510565],[77.099864,16.490343],[77.134532,16.481798],[77.148692,16.471991],[77.154389,16.452826],[77.165457,16.441514],[77.259044,16.415351],[77.393972,16.381171],[77.410655,16.379421],[77.473155,16.381171],[77.493256,16.378241],[77.551687,16.353217],[77.571707,16.347927],[77.623953,16.353217],[77.645763,16.351996],[77.73463,16.326606],[77.860362,16.248806],[77.897716,16.219753],[77.911388,16.201443],[77.935802,16.140937],[77.952566,16.122748],[77.989757,16.098497],[78.059093,16.033962],[78.072358,16.024848],[78.116791,16.01085],[78.128347,16.00373],[78.138438,15.990749],[78.148529,15.974189],[78.160574,15.958808],[78.176036,15.949164],[78.192149,15.94949],[78.212169,15.956081],[78.231212,15.966091],[78.244395,15.976426],[78.254161,15.991767],[78.255951,16.005683],[78.251964,16.020575],[78.244395,16.03852],[78.261974,16.035183],[78.280854,16.027615],[78.299815,16.022813],[78.316335,16.02794],[78.332042,16.052069],[78.341563,16.059434],[78.353526,16.05268],[78.378835,16.075873],[78.399994,16.083441],[78.464285,16.085761],[78.499766,16.093777],[78.511485,16.091986],[78.519623,16.086941],[78.532644,16.072089],[78.539561,16.065538],[78.549327,16.060126],[78.559662,16.056708],[78.570404,16.055365],[78.581554,16.056179],[78.629161,16.071112],[78.6456,16.071601],[78.656505,16.067572],[78.684174,16.046332],[78.73406,16.0303],[78.760916,16.027696],[78.791108,16.034532],[78.819021,16.048407],[78.839447,16.066718],[78.845795,16.085476],[78.839122,16.124823],[78.841238,16.14293],[78.846934,16.150743],[78.853445,16.152167],[78.860281,16.149278],[78.874766,16.140326],[78.881847,16.138292],[78.889415,16.138983],[78.897716,16.142768],[78.902599,16.146552],[78.905772,16.150743],[78.907644,16.155626],[78.908946,16.161444],[78.922862,16.189765],[78.947195,16.205837],[78.997162,16.230292]],[[79.313406,16.579372],[79.337983,16.585232],[79.406261,16.587226],[79.417735,16.590196],[79.427419,16.596788],[79.435069,16.603461],[79.440359,16.606472],[79.44101,16.609565],[79.477061,16.631781],[79.496349,16.640163],[79.504324,16.641872],[79.516531,16.639838],[79.53297,16.630398],[79.542491,16.628201],[79.550548,16.629706],[79.557384,16.633734],[79.570242,16.644884],[79.574799,16.646837],[79.584972,16.648546],[79.586925,16.651435],[79.587494,16.656806],[79.589366,16.662299],[79.591807,16.666775],[79.59433,16.669135],[79.605724,16.671658],[79.62379,16.66828],[79.634695,16.669135],[79.646251,16.674018],[79.668061,16.686469],[79.679698,16.689032],[79.720876,16.689032],[79.730479,16.693793],[79.745616,16.716498],[79.751964,16.723741],[79.771658,16.727118],[79.7942,16.721788],[79.812592,16.711493],[79.826264,16.692084],[79.861501,16.70661],[79.882335,16.703233],[79.889089,16.691026],[79.909679,16.631293],[79.914561,16.628363],[79.947195,16.628201],[79.9581,16.630439],[79.963471,16.636501],[79.97169,16.654853],[80.025808,16.713202],[80.028819,16.725043],[80.042979,16.738552],[80.046153,16.747626],[80.046641,16.759467],[80.048106,16.76793],[80.052989,16.785224],[80.073334,16.822862],[80.097911,16.820095],[80.120535,16.791327],[80.135671,16.751044],[80.138113,16.732367],[80.135671,16.672227],[80.140391,16.658271],[80.151785,16.646918],[80.175873,16.628201],[80.184825,16.618598],[80.192393,16.612413],[80.272065,16.579779],[80.291921,16.587592],[80.313731,16.586737],[80.358409,16.579779],[80.367117,16.576361],[80.379649,16.56977],[80.390717,16.565538],[80.3956,16.5692],[80.397553,16.579779],[80.403331,16.584093],[80.423595,16.587226],[80.424734,16.586615],[80.44394,16.587226],[80.449962,16.588406],[80.459239,16.592963],[80.465261,16.59337],[80.47047,16.592149],[80.476003,16.589911],[80.486827,16.583319],[80.495616,16.576199],[80.502452,16.5692],[80.509939,16.564236],[80.528575,16.560818],[80.53655,16.555528],[80.55128,16.538357],[80.567475,16.524522],[80.603038,16.505805],[80.620697,16.493964],[80.635753,16.468573],[80.683035,16.436347],[80.706716,16.397325],[80.714773,16.376899],[80.717784,16.35696],[80.759288,16.305447],[80.764578,16.304999],[80.773855,16.312283],[80.779226,16.312201],[80.784272,16.307563],[80.790294,16.295681],[80.792898,16.291775],[80.799408,16.284369],[80.811534,16.267198],[80.817393,16.26378],[80.838878,16.163886],[80.868582,16.107449],[80.882742,16.013699]]]}},{"type":"Feature","properties":{"dissolve":"305River","scalerank":6.0,"featurecla":"River","name":"Helmand","name_alt":null,"rivernum":305,"note":null,"min_zoom":5.0,"name_en":"Helmand","min_label":6.0},"bbox":[61.604096,30.164984,68.489268,34.571641],"geometry":{"type":"MultiLineString","coordinates":[[[68.489268,34.571641],[68.470714,34.558173],[68.450694,34.548936],[68.370697,34.525417],[68.361746,34.520087],[68.358002,34.512641],[68.354584,34.501085],[68.348888,34.490587],[68.338471,34.486029],[68.319753,34.490017],[68.287364,34.508328],[68.266694,34.513292],[68.211843,34.512966],[68.035655,34.497097],[68.013113,34.492458],[67.995697,34.482611],[67.977794,34.466254],[67.959402,34.453315],[67.939708,34.443712],[67.917979,34.437567],[67.739187,34.410264],[67.677257,34.385932],[67.650401,34.379218],[67.63087,34.365587],[67.619395,34.362494],[67.596772,34.360297],[67.574718,34.355048],[67.530284,34.33515],[67.430675,34.252631],[67.353608,34.216335],[67.331065,34.211697],[67.313487,34.205634],[67.296316,34.191026],[67.266205,34.15705]],[[67.266205,34.163194],[67.230072,34.11046],[67.221609,34.101833],[67.216075,34.091335],[67.229991,34.068142],[67.2588,34.033515],[67.261648,34.013617],[67.243337,33.977362],[67.238292,33.954372],[67.168224,33.954291],[67.149506,33.950954],[67.133718,33.939561],[67.091401,33.89289],[67.073416,33.881537],[67.029389,33.865749],[67.01295,33.855333],[66.928966,33.762803],[66.8956,33.738715],[66.875499,33.729926],[66.855235,33.72602],[66.776866,33.725369],[66.768891,33.721625],[66.752859,33.70421],[66.742686,33.695868],[66.731212,33.691514],[66.692312,33.705756],[66.671886,33.708808],[66.65504,33.684109],[66.616466,33.65823],[66.54005,33.62405],[66.51474,33.606879],[66.496674,33.603461],[66.488536,33.598415],[66.465587,33.573757],[66.45753,33.56741],[66.423269,33.546902],[66.412364,33.546088],[66.388194,33.547675],[66.378917,33.543484],[66.360037,33.52851],[66.319916,33.503974],[66.30657,33.492255],[66.297293,33.473944],[66.291026,33.450954],[66.286143,33.406602],[66.273529,33.403388],[66.196707,33.40351],[66.162201,33.388861],[66.054861,33.296942],[66.050222,33.290391],[66.046479,33.280056],[66.052989,33.2567],[66.053315,33.243964],[66.025401,33.230658],[66.011729,33.212104],[65.991303,33.170193],[65.968028,33.139228],[65.950287,33.12226],[65.933604,33.114936],[65.922781,33.106798],[65.895518,33.070176],[65.875255,33.060248],[65.866466,33.060126],[65.842296,33.06505],[65.832612,33.067003],[65.823009,33.067165],[65.81308,33.064236],[65.802989,33.057196],[65.76474,33.016628],[65.751069,33.005683],[65.723074,32.990587],[65.589366,32.942247],[65.576671,32.933376],[65.569347,32.930691],[65.551768,32.931912],[65.545665,32.929958],[65.53948,32.920518],[65.540619,32.914415],[65.544444,32.909369],[65.545665,32.903266],[65.539561,32.885606],[65.538829,32.879014],[65.535737,32.869981],[65.528901,32.864569],[65.521983,32.861192],[65.518972,32.858222],[65.511241,32.852403],[65.495616,32.845038],[65.483165,32.833035],[65.484874,32.813259],[65.478038,32.813259],[65.489757,32.791531],[65.485769,32.77086],[65.464366,32.731309],[65.449229,32.691026],[65.336192,32.52029],[65.319753,32.511583],[65.326671,32.503485],[65.327566,32.496405],[65.32366,32.489366],[65.316661,32.481513],[65.312999,32.473415],[65.314871,32.46601],[65.31837,32.458604],[65.319753,32.450751],[65.314138,32.416205],[65.307628,32.401557],[65.28769,32.390408],[65.277436,32.378201],[65.268647,32.363389],[65.261322,32.33808],[65.251964,32.330837],[65.224132,32.31977],[65.209483,32.323269],[65.195567,32.3192],[65.18214,32.317328],[65.169444,32.327257],[65.153819,32.318468],[65.107432,32.299913],[65.104991,32.325751],[65.090261,32.333116],[65.073741,32.328152],[65.056407,32.303982],[65.011729,32.282253],[64.997569,32.27265],[64.966401,32.206855],[64.953543,32.186957],[64.934988,32.168402],[64.874766,32.128607],[64.84905,32.10163],[64.792084,31.991482],[64.750662,31.937201],[64.744395,31.91946],[64.73585,31.908149],[64.682221,31.881619],[64.624929,31.833319],[64.582286,31.821885],[64.559093,31.809394],[64.43214,31.720811],[64.398529,31.68769],[64.378673,31.672471],[64.353933,31.663113]],[[61.604096,31.204413],[61.61435,31.182807],[61.629975,31.143134],[61.636811,31.117743],[61.667003,31.065985],[61.690684,31.038031],[61.717865,31.022895],[61.746349,31.011298],[61.773448,30.994005],[61.792247,30.973456],[61.799815,30.961697],[61.804128,30.949978],[61.807872,30.881659],[61.80185,30.87877],[61.799408,30.871649],[61.797862,30.853705],[61.799327,30.852607],[61.80185,30.847235],[61.803966,30.840033],[61.804128,30.833279],[61.80071,30.829901],[61.794037,30.825873],[61.787201,30.820421],[61.783702,30.812771],[61.785167,30.805609],[61.797862,30.778632],[61.790538,30.771796],[61.819347,30.738308],[61.824718,30.733954],[61.824718,30.709744],[61.819265,30.687812],[61.81837,30.679307],[61.832123,30.559516],[61.814057,30.467475],[61.811534,30.432237],[61.854503,30.357367],[61.860932,30.350653],[61.886729,30.339789],[61.903901,30.327826],[61.916515,30.316921],[61.932384,30.308783],[61.969005,30.3039],[61.996593,30.291368],[62.011648,30.289333],[62.05185,30.291368],[62.09905,30.283067],[62.21575,30.229926],[62.427989,30.169989],[62.474539,30.164984],[62.558849,30.168524],[62.781749,30.234198],[62.821707,30.239691],[62.855072,30.253445],[62.873057,30.25788],[62.958995,30.25788],[62.984793,30.269232],[62.996511,30.271511],[63.0088,30.269721],[63.028331,30.260565],[63.038097,30.25788],[63.062592,30.261664],[63.101329,30.285671],[63.116954,30.291368],[63.134288,30.300645],[63.170177,30.345079],[63.188975,30.360297],[63.23349,30.366523],[63.2553,30.373887],[63.270925,30.401964],[63.301199,30.428168],[63.366303,30.467556],[63.415457,30.505683],[63.432384,30.515326],[63.45574,30.524115],[63.49464,30.533718],[63.515147,30.54267],[63.524099,30.555772],[63.535248,30.56505],[63.58839,30.583686],[63.606537,30.586859],[63.628673,30.581977],[63.675385,30.563585],[63.775076,30.549018],[63.808604,30.537665],[63.847585,30.530951],[63.886729,30.528917],[63.911388,30.53498],[63.924408,30.543809],[63.9546,30.556505],[63.969737,30.566352],[63.979747,30.576199],[64.010509,30.625271],[64.022716,30.65412],[64.024913,30.665351],[64.02825,30.674384],[64.035655,30.675605],[64.044526,30.674425],[64.051687,30.676215],[64.05714,30.683458],[64.063406,30.698432],[64.077159,30.717475],[64.097179,30.770535],[64.101492,30.787462],[64.103282,30.80504],[64.100108,30.819607],[64.10434,30.823432],[64.107351,30.829291],[64.107839,30.836208],[64.103526,30.843533],[64.095714,30.853135],[64.095307,30.859402],[64.098074,30.865302],[64.10198,30.887397],[64.106619,30.90119],[64.114187,30.914374],[64.124034,30.925727],[64.14088,30.950222],[64.16505,31.009833],[64.182628,31.031846],[64.165131,31.068142],[64.163015,31.086493],[64.171967,31.103868],[64.184662,31.122667],[64.187104,31.139757],[64.186453,31.156928],[64.189464,31.175849],[64.210216,31.211371],[64.22405,31.229926],[64.233897,31.237901],[64.271414,31.298774],[64.333507,31.35696],[64.35963,31.390692],[64.374441,31.429145],[64.377045,31.442939],[64.377452,31.448554],[64.367605,31.463894],[64.360362,31.471706],[64.35377,31.474677],[64.34905,31.479926],[64.347179,31.494574],[64.346772,31.624457],[64.350597,31.647244],[64.360769,31.663113]]]}},{"type":"Feature","properties":{"dissolve":"306River","scalerank":6.0,"featurecla":"River","name":"Hong","name_alt":"Red","rivernum":306,"note":null,"min_zoom":5.0,"name_en":"Red","min_label":6.0},"bbox":[100.182872,20.283149,106.500987,25.443183],"geometry":{"type":"MultiLineString","coordinates":[[[106.500987,20.299506],[106.492442,20.290229],[106.486827,20.286404],[106.480886,20.284125],[106.47462,20.283149],[106.461681,20.283271],[106.455089,20.284491],[106.449799,20.287218],[106.409434,20.31627],[106.394542,20.332953],[106.386241,20.34044],[106.354503,20.355536],[106.349132,20.364529],[106.334239,20.365587],[106.322765,20.360704],[106.302013,20.341417],[106.29127,20.334174],[106.278087,20.329535],[106.267345,20.331488],[106.263927,20.344062],[106.268077,20.356879],[106.274669,20.367458],[106.279796,20.378445],[106.279307,20.392524],[106.271983,20.406073],[106.261322,20.410956],[106.233653,20.409613],[106.21933,20.413601],[106.213878,20.424343],[106.213878,20.438585],[106.217865,20.461249],[106.217459,20.468533],[106.214447,20.47488],[106.208018,20.480089],[106.201671,20.48253],[106.195323,20.484198],[106.189464,20.486436],[106.184093,20.49079],[106.177419,20.50373],[106.171967,20.532579],[106.167572,20.546332],[106.158214,20.557929],[106.136485,20.575222],[106.129975,20.58869],[106.127615,20.616807],[106.125011,20.625067],[106.112071,20.631537],[106.076182,20.615058],[106.059255,20.616563],[106.053396,20.622341],[106.031261,20.653428],[106.026785,20.663194],[106.024913,20.673651],[106.027192,20.684597],[106.030935,20.693956],[106.032725,20.70185],[106.029877,20.708035],[106.02003,20.712348],[105.990489,20.714138],[105.981049,20.717108],[105.968272,20.731716],[105.964366,20.77086],[105.955984,20.786729],[105.947276,20.791124],[105.928233,20.795844],[105.920014,20.801296],[105.914806,20.809597],[105.91212,20.819403],[105.911143,20.829698],[105.911388,20.839626],[105.916515,20.855902],[105.923595,20.872138],[105.924571,20.886664],[105.910248,20.897773],[105.901134,20.901964],[105.896088,20.907172],[105.89503,20.914333],[105.899343,20.933865],[105.895925,20.938585],[105.890147,20.942654],[105.884532,20.949815],[105.885509,20.966742],[105.89503,20.983954],[105.90089,21.000434],[105.890717,21.015408],[105.859467,21.030585],[105.851085,21.039659],[105.846934,21.049872],[105.841075,21.070828],[105.834076,21.079128],[105.82252,21.085639],[105.748953,21.109198],[105.73821,21.113959],[105.708507,21.136786],[105.669932,21.157538],[105.656342,21.160468],[105.514089,21.167426],[105.50351,21.169501],[105.494233,21.173651],[105.477143,21.185858],[105.465343,21.196723],[105.455577,21.208523],[105.439871,21.235907],[105.433849,21.252509],[105.425873,21.29206],[105.41448,21.307156],[105.394949,21.31155],[105.373546,21.308946],[105.353526,21.301337],[105.348399,21.29206],[105.336192,21.265815],[105.329275,21.260362],[105.312022,21.259345],[105.302989,21.260932],[105.291515,21.266628],[105.268077,21.284003],[105.264171,21.290798],[105.266368,21.299831],[105.275645,21.309027],[105.277843,21.318386],[105.274669,21.333604],[105.258311,21.377305],[105.250499,21.390082],[105.224539,21.405056],[105.214854,21.3935],[105.211681,21.373481],[105.20574,21.36282],[105.200694,21.357733],[105.200857,21.347602],[105.199474,21.339911],[105.188487,21.342312],[105.183116,21.34809],[105.175385,21.37641],[105.158783,21.403998],[105.137136,21.43183],[105.086681,21.480089],[105.057384,21.496527],[105.048839,21.503038],[104.962169,21.603135],[104.953298,21.609687],[104.94337,21.614285],[104.93214,21.616034],[104.922781,21.615302],[104.920095,21.615546],[104.92099,21.620307],[104.92213,21.633409],[104.924897,21.640896],[104.930756,21.643907],[104.935557,21.647813],[104.935151,21.657579],[104.93157,21.665107],[104.926524,21.669745],[104.920828,21.673367],[104.914643,21.678087],[104.905854,21.69127],[104.90032,21.696479],[104.890717,21.698554],[104.88795,21.697455],[104.885916,21.695136],[104.883311,21.692816],[104.877452,21.691718],[104.874034,21.693874],[104.874522,21.703233],[104.870616,21.70539],[104.863048,21.707709],[104.856456,21.713162],[104.846446,21.725898],[104.812266,21.75377],[104.803396,21.763129],[104.804128,21.766466],[104.804779,21.777696],[104.803315,21.786689],[104.798839,21.791856],[104.791515,21.794257],[104.781261,21.794786],[104.7671,21.799587],[104.7553,21.810981],[104.736501,21.835761],[104.645518,21.904568],[104.640391,21.925116],[104.627615,21.923407],[104.624929,21.921983],[104.620535,21.91767],[104.59433,21.938096],[104.587413,21.949327],[104.592459,21.959255],[104.493337,22.039089],[104.490245,22.044623],[104.48642,22.044542],[104.471446,22.06448],[104.469656,22.068468],[104.421479,22.098456],[104.407644,22.109483],[104.384044,22.140489],[104.36964,22.152655],[104.364268,22.159695],[104.359793,22.171495],[104.352957,22.171495],[104.341807,22.16474],[104.33253,22.17532],[104.318858,22.205024],[104.308116,22.215277],[104.271007,22.240424],[104.264578,22.247748],[104.255626,22.261786],[104.249929,22.267768],[104.243663,22.271593],[104.230561,22.276964],[104.222667,22.281358],[104.180756,22.316026],[104.137706,22.36164],[104.126964,22.370185],[104.099132,22.383816],[104.051768,22.42414],[103.988048,22.475775],[103.977061,22.487657],[103.96933,22.500515],[103.959239,22.50727],[103.950613,22.516669],[103.940359,22.524848],[103.925141,22.528428],[103.91684,22.533474],[103.902354,22.558783],[103.894216,22.569403],[103.888194,22.571967],[103.872162,22.573798],[103.866303,22.575629],[103.843842,22.599473],[103.835948,22.602891],[103.829519,22.609402],[103.809255,22.638983],[103.804861,22.647569],[103.793956,22.659613],[103.726085,22.716498],[103.658214,22.793484],[103.646576,22.799262],[103.605398,22.837836],[103.592052,22.847724],[103.590343,22.850165],[103.589936,22.853624],[103.588878,22.857489],[103.585867,22.860704],[103.581065,22.861355],[103.568858,22.859646],[103.564708,22.860704],[103.557546,22.868476],[103.5442,22.888699],[103.519542,22.910509],[103.461843,22.943142],[103.417979,22.977566],[103.390147,22.9914],[103.36085,23.014268],[103.328543,23.032538],[103.287852,23.061632],[103.174327,23.108425],[103.132904,23.117865],[103.09547,23.122097],[103.084402,23.12462],[103.076182,23.130642],[103.064464,23.141913],[103.023448,23.156195],[102.975597,23.186347],[102.948416,23.192979],[102.940684,23.199164],[102.933849,23.206],[102.927257,23.210801],[102.918224,23.212958],[102.912039,23.212022],[102.906261,23.210517],[102.899343,23.210801],[102.891205,23.214138],[102.884532,23.218451],[102.875987,23.222235],[102.862722,23.223822],[102.854584,23.228217],[102.848399,23.247423],[102.836681,23.255316],[102.82545,23.279079],[102.81894,23.284451],[102.779226,23.299872],[102.761974,23.303982],[102.725597,23.306423],[102.714366,23.304145],[102.698009,23.294542],[102.687755,23.292751],[102.685069,23.294542],[102.600841,23.327826],[102.591563,23.337429],[102.586843,23.340684],[102.557221,23.347357],[102.54127,23.354193],[102.506765,23.379584],[102.499278,23.382107],[102.476329,23.377061],[102.466075,23.377387],[102.461843,23.385525],[102.450857,23.394639],[102.425873,23.39704],[102.379242,23.39643],[102.342377,23.405219],[102.307628,23.418809],[102.249522,23.450385],[102.208995,23.464057],[102.168386,23.46894],[102.135753,23.480536],[102.119151,23.514106],[102.10434,23.537869],[102.078298,23.552598],[102.02296,23.576768],[101.996674,23.59809],[101.986257,23.612087],[101.977794,23.642768],[101.967296,23.647528],[101.953705,23.648383],[101.94044,23.651923],[101.930919,23.659491],[101.910167,23.682644],[101.901541,23.699286],[101.891043,23.705756],[101.878429,23.710883],[101.868663,23.716742],[101.830577,23.754259],[101.827891,23.755927],[101.819835,23.759223],[101.816905,23.761094],[101.813487,23.76671],[101.812511,23.777615],[101.810639,23.782253],[101.804291,23.787299],[101.797537,23.790798],[101.79241,23.795925],[101.790131,23.805772],[101.786713,23.814968],[101.778575,23.827582],[101.768565,23.838813],[101.759776,23.843695],[101.750662,23.850898],[101.72877,23.898261],[101.717296,23.913764],[101.698009,23.911933],[101.693289,23.915391],[101.687511,23.923692],[101.682872,23.933865],[101.680919,23.942694],[101.674815,23.957709],[101.577403,24.081895],[101.571056,24.117377],[101.562999,24.126532],[101.551768,24.134101],[101.529389,24.144721],[101.529389,24.152167],[101.533621,24.163642],[101.509776,24.186876],[101.502859,24.20307],[101.500255,24.217719],[101.466319,24.319363],[101.450694,24.348212],[101.445811,24.385118],[101.440684,24.398546],[101.435069,24.401964],[101.409272,24.412869],[101.401378,24.417589],[101.397227,24.428656],[101.394054,24.441107],[101.389171,24.450059],[101.377615,24.462226],[101.318858,24.540961],[101.308116,24.545478],[101.303396,24.525824],[101.298839,24.51557],[101.287852,24.509467],[101.274343,24.507148],[101.262625,24.508409],[101.257335,24.512641],[101.247813,24.528144],[101.241466,24.535102],[101.231212,24.537055],[101.2199,24.535102],[101.210948,24.537624],[101.207286,24.552802],[101.203136,24.558417],[101.184825,24.568061],[101.180675,24.572943],[101.178722,24.584662],[101.174083,24.592068],[101.132253,24.624538],[101.12672,24.635321],[101.120209,24.660427],[101.115245,24.669216],[101.08782,24.696845],[101.041921,24.730048],[100.949474,24.835476],[100.914561,24.901394],[100.90919,24.908759],[100.904307,24.911811],[100.898529,24.913764],[100.893972,24.916693],[100.8921,24.922431],[100.894135,24.928168],[100.89796,24.932929],[100.899832,24.93769],[100.895763,24.943549],[100.866466,24.965603],[100.857921,24.973944],[100.85255,24.982123],[100.844493,25.00019],[100.837413,25.008734],[100.818858,25.025458],[100.808035,25.027411],[100.803233,25.011786],[100.799083,25.00849],[100.780284,25.002143],[100.770763,24.994696],[100.758556,24.990424],[100.744721,24.987413],[100.734386,24.987616],[100.729747,24.992011],[100.720632,25.008572],[100.713878,25.014919],[100.695079,25.019843],[100.650808,25.024359],[100.635671,25.032294],[100.616954,25.051622],[100.598237,25.064643],[100.578624,25.072618],[100.556895,25.076972],[100.521088,25.080146],[100.498627,25.087104],[100.488455,25.100531],[100.405935,25.111151],[100.366628,25.122097],[100.350515,25.132514],[100.344005,25.148708],[100.34075,25.174262],[100.33196,25.195502],[100.302989,25.234646],[100.28297,25.266872],[100.234793,25.385443],[100.225352,25.400702],[100.182872,25.443183]]]}},{"type":"Feature","properties":{"dissolve":"307River","scalerank":6.0,"featurecla":"River","name":"Yamuna","name_alt":null,"rivernum":307,"note":null,"min_zoom":5.0,"name_en":"Yamuna","min_label":6.0},"bbox":[77.058116,25.26557,81.903087,30.915147],"geometry":{"type":"MultiLineString","coordinates":[[[78.339936,30.915147],[78.25058,30.840277],[78.217052,30.819607],[78.131114,30.794135],[78.09547,30.775499],[78.072358,30.737657],[78.063731,30.689561],[78.053722,30.665839],[78.020518,30.64704],[78.009532,30.627305],[77.97169,30.532253],[77.9699,30.521064],[77.9581,30.511054],[77.932221,30.518419],[77.894216,30.538398],[77.885916,30.535671],[77.868175,30.522528],[77.860037,30.51793],[77.838878,30.512559],[77.791596,30.507351],[77.768565,30.498236],[77.688569,30.455268],[77.664968,30.44599],[77.64446,30.442206],[77.623139,30.441189],[77.597748,30.437079],[77.575857,30.428778],[77.565359,30.414903],[77.567475,30.40644],[77.581472,30.388983],[77.586436,30.380723],[77.587901,30.370469],[77.584972,30.325263],[77.570079,30.278266],[77.538178,30.209418],[77.513682,30.177436],[77.484304,30.15294],[77.370128,30.096503],[77.338959,30.069688],[77.323253,30.064399],[77.320323,30.060126],[77.319021,30.054511],[77.317882,30.040473],[77.315033,30.039496],[77.310802,30.040473],[77.305186,30.038153],[77.301036,30.037055],[77.289236,30.038845],[77.284679,30.038153],[77.28004,30.032986],[77.279063,30.027167],[77.279063,30.021674],[77.277354,30.017646],[77.240001,29.983507],[77.229991,29.976671],[77.220876,29.960761],[77.209727,29.9289],[77.180431,29.804307],[77.161876,29.771267],[77.156179,29.76911],[77.148448,29.770046],[77.140554,29.769802],[77.133881,29.764431],[77.132253,29.755886],[77.134939,29.747626],[77.139252,29.740017],[77.141368,29.733425],[77.137462,29.722846],[77.128184,29.714301],[77.106619,29.702338],[77.11378,29.682196],[77.087901,29.658555],[77.093679,29.640937],[77.085704,29.624091],[77.088878,29.611599],[77.095876,29.600857],[77.099864,29.589057],[77.093272,29.581163],[77.078868,29.576361],[77.064708,29.569607],[77.058116,29.555528],[77.060476,29.548611],[77.070323,29.536444],[77.072358,29.52794],[77.070811,29.511176],[77.068777,29.503038],[77.065684,29.50373],[77.077566,29.492255],[77.105235,29.495429],[77.120209,29.483832],[77.107188,29.469306],[77.072765,29.440131],[77.065684,29.424872],[77.076915,29.423936],[77.102631,29.427029],[77.130626,29.426459],[77.148204,29.414984],[77.149913,29.403428],[77.145437,29.395575],[77.138682,29.388739],[77.133881,29.380194],[77.132823,29.37226],[77.133881,29.342637],[77.13795,29.333564],[77.145518,29.32392],[77.149994,29.313341],[77.144786,29.301703],[77.134044,29.289333],[77.130626,29.280626],[77.141368,29.130398],[77.140229,29.124213],[77.137706,29.121039],[77.134939,29.119005],[77.133881,29.1164],[77.135753,29.108507],[77.140147,29.104804],[77.144949,29.102647],[77.148204,29.099677],[77.169444,29.036485],[77.195567,28.997626],[77.189708,28.988227],[77.177664,28.980658],[77.175548,28.963162],[77.20224,28.942491],[77.209727,28.935167],[77.216807,28.923692],[77.220714,28.914415],[77.2199,28.906073],[77.213145,28.897325],[77.202159,28.877061],[77.216726,28.843573],[77.206391,28.821885],[77.198416,28.813096],[77.195567,28.80683],[77.195893,28.794257],[77.197765,28.790961],[77.202403,28.790066],[77.213145,28.790595],[77.216563,28.788275],[77.216807,28.78266],[77.215831,28.776068],[77.216563,28.770697],[77.214854,28.770209],[77.216563,28.749579],[77.219249,28.74494],[77.228282,28.738715],[77.230072,28.732856],[77.229015,28.721055],[77.223888,28.700751],[77.223155,28.693956]],[[77.223155,28.693956],[77.222667,28.688788],[77.222667,28.694932],[77.223155,28.693956]],[[77.223155,28.693956],[77.22991,28.681423],[77.244395,28.660346],[77.250011,28.647162],[77.253184,28.610175],[77.259044,28.592597],[77.289968,28.578884],[77.303233,28.562934],[77.327403,28.519802],[77.335216,28.507921],[77.343435,28.498358],[77.352794,28.491889],[77.363292,28.489529],[77.376964,28.484198],[77.37851,28.47248],[77.375987,28.460761],[77.377208,28.45539],[77.384939,28.457628],[77.402354,28.467353],[77.407644,28.469062],[77.415294,28.465033],[77.417084,28.459784],[77.417491,28.453966],[77.424571,28.441962],[77.425222,28.435655],[77.428233,28.430732],[77.438731,28.428738],[77.456635,28.434638],[77.465831,28.434353],[77.469737,28.424994],[77.468191,28.396755],[77.475678,28.391384],[77.497081,28.393337],[77.471934,28.340522],[77.466401,28.315253],[77.487885,28.299018],[77.489513,28.286444],[77.48878,28.272569],[77.490733,28.263617],[77.503673,28.256781],[77.528901,28.253526],[77.538585,28.243109],[77.532644,28.241238],[77.528331,28.237901],[77.52589,28.232856],[77.524913,28.225775],[77.5206,28.217312],[77.511241,28.213487],[77.501557,28.211697],[77.497081,28.209011],[77.501557,28.196723],[77.528575,28.192979],[77.538585,28.181016],[77.507253,28.170274],[77.494884,28.151923],[77.495616,28.126044],[77.503835,28.092882],[77.469737,28.11282],[77.470714,28.099433],[77.476492,28.07156],[77.468028,28.046902],[77.479747,28.036485],[77.495697,28.028388],[77.503835,28.02029],[77.512299,27.99962],[77.526459,27.974473],[77.529307,27.952582],[77.503835,27.941474],[77.510509,27.91946],[77.519623,27.898261],[77.53297,27.879828],[77.551687,27.866319],[77.565033,27.863105],[77.575857,27.863105],[77.585053,27.859687],[77.593272,27.845893],[77.59433,27.833564],[77.591075,27.820258],[77.5796,27.797431],[77.605479,27.798774],[77.650483,27.811713],[77.668956,27.811103],[77.679291,27.807807],[77.68629,27.804267],[77.689871,27.797309],[77.689464,27.7838],[77.684011,27.784491],[77.67213,27.772284],[77.664561,27.757514],[77.67213,27.750312],[77.676362,27.744452],[77.687266,27.715684],[77.689464,27.704657],[77.687104,27.691352],[77.677338,27.673122],[77.675222,27.663398],[77.678233,27.654975],[77.685476,27.649237],[77.692393,27.642157],[77.69573,27.629584],[77.690359,27.621161],[77.66448,27.614203],[77.655284,27.605048],[77.664806,27.602566],[77.687429,27.602078],[77.69573,27.599433],[77.705658,27.587958],[77.7046,27.578315],[77.698985,27.567898],[77.693614,27.546088],[77.684581,27.532579],[77.682628,27.527167],[77.684581,27.514919],[77.689708,27.508368],[77.6963,27.503363],[77.703136,27.495795],[77.720714,27.436469],[77.72698,27.426866],[77.732514,27.423774],[77.73821,27.416083],[77.742442,27.406277],[77.747081,27.383083],[77.754487,27.380968],[77.771414,27.385932],[77.783946,27.392442],[77.791921,27.391669],[77.798757,27.379706],[77.796886,27.371202],[77.78183,27.352973],[77.77825,27.341864],[77.782644,27.332953],[77.792247,27.323025],[77.802419,27.314805],[77.808604,27.311469],[77.821788,27.309149],[77.827729,27.303005],[77.831635,27.294013],[77.838959,27.283515],[77.860932,27.26614],[77.865733,27.275458],[77.868175,27.293972],[77.884369,27.304023],[77.898448,27.292426],[77.902924,27.26911],[77.90919,27.251329],[77.928396,27.256212],[77.933116,27.266791],[77.933442,27.280585],[77.937104,27.29267],[77.952647,27.297797],[77.959972,27.291042],[77.959239,27.275824],[77.961192,27.259467],[77.976736,27.249376],[77.980561,27.270209],[77.993256,27.273139],[78.008067,27.265937],[78.018484,27.256212],[78.028087,27.237494],[78.031179,27.219346],[78.029307,27.200792],[78.024669,27.180487],[78.045828,27.187201],[78.055186,27.19184],[78.062755,27.197862],[78.074718,27.202094],[78.087006,27.195339],[78.099376,27.185574],[78.11085,27.180487],[78.158702,27.173651],[78.168712,27.178778],[78.17864,27.188788],[78.188894,27.195583],[78.199962,27.191026],[78.210867,27.169135],[78.20696,27.150662],[78.198741,27.132636],[78.197195,27.11225],[78.213878,27.086534],[78.235606,27.083523],[78.24822,27.093288],[78.236908,27.106024],[78.236908,27.11225],[78.251394,27.112128],[78.261241,27.10696],[78.26767,27.097357],[78.272227,27.084296],[78.28419,27.094021],[78.294851,27.116034],[78.306407,27.125271],[78.309011,27.12405],[78.330984,27.124457],[78.333751,27.125271],[78.341563,27.125922],[78.348643,27.127468],[78.354991,27.124579],[78.360362,27.11225],[78.341319,27.109646],[78.322765,27.09752],[78.307628,27.080634],[78.29892,27.063788],[78.310639,27.063259],[78.330089,27.074897],[78.343028,27.07807],[78.357514,27.075873],[78.379975,27.066026],[78.391124,27.063788],[78.411143,27.055976],[78.429861,27.037421],[78.44044,27.015001],[78.435476,26.996161],[78.456635,26.993516],[78.479015,26.981309],[78.497081,26.965277],[78.504405,26.951483],[78.507091,26.940009],[78.513927,26.929389],[78.52296,26.925645],[78.531668,26.934678],[78.527843,26.94005],[78.511241,26.981879],[78.531505,26.976874],[78.555919,26.975653],[78.5595,26.970242],[78.562511,26.946357],[78.583263,26.929063],[78.590587,26.926785],[78.593761,26.937812],[78.591401,26.939236],[78.586925,26.9442],[78.583995,26.950303],[78.586355,26.955146],[78.591726,26.956366],[78.598643,26.956],[78.604747,26.95421],[78.607432,26.951483],[78.609955,26.931708],[78.617198,26.910427],[78.62794,26.893256],[78.641612,26.886298],[78.67571,26.91413],[78.695567,26.921454],[78.703624,26.899929],[78.722341,26.915961],[78.729015,26.919013],[78.730968,26.913601],[78.752371,26.904079],[78.75823,26.899929],[78.761974,26.893866],[78.76946,26.876492],[78.771902,26.872016],[78.793712,26.867947],[78.799327,26.86579],[78.808197,26.85045],[78.815033,26.841742],[78.838878,26.831488],[78.857921,26.80329],[78.871511,26.796942],[78.906505,26.79324],[78.943289,26.783271],[78.938731,26.777899],[78.933442,26.767524],[78.928966,26.762152],[78.948985,26.76203],[78.985362,26.757514],[79.004649,26.762152],[79.002859,26.753852],[78.99879,26.746894],[78.992198,26.740912],[78.98349,26.735419],[78.993663,26.733344],[79.002533,26.728787],[79.009044,26.721503],[79.011485,26.711534],[79.015717,26.700548],[79.034597,26.692084],[79.038829,26.683946],[79.03769,26.671169],[79.038178,26.654364],[79.04599,26.641181],[79.066661,26.639228],[79.066661,26.633083],[79.062022,26.631049],[79.057058,26.627794],[79.052419,26.625596],[79.062022,26.620185],[79.080577,26.602159],[79.083507,26.598253],[79.095225,26.599636],[79.115489,26.604763],[79.127533,26.605089],[79.138601,26.602362],[79.160248,26.59337],[79.172862,26.591417],[79.180268,26.58751],[79.195404,26.569444],[79.203217,26.564154],[79.204031,26.545193],[79.231212,26.53559],[79.292735,26.52322],[79.282156,26.515326],[79.244884,26.502061],[79.261974,26.480414],[79.247651,26.467149],[79.223562,26.456977],[79.210704,26.444363],[79.21933,26.431016],[79.240001,26.433132],[79.264903,26.440009],[79.285818,26.44123],[79.296641,26.434109],[79.302664,26.423774],[79.306895,26.413438],[79.31308,26.406521],[79.324718,26.404364],[79.336843,26.40705],[79.348237,26.4112],[79.374441,26.417589],[79.416026,26.43655],[79.437266,26.44123],[79.462576,26.4383],[79.474213,26.428778],[79.477143,26.414333],[79.477061,26.396552],[79.480235,26.383857],[79.494884,26.364814],[79.498057,26.355292],[79.504161,26.349677],[79.517019,26.353827],[79.528819,26.361029],[79.532237,26.364936],[79.555431,26.360378],[79.556163,26.349189],[79.543956,26.334784],[79.528575,26.320583],[79.52296,26.304999],[79.531993,26.288031],[79.548595,26.272813],[79.566417,26.262519],[79.585541,26.258368],[79.608165,26.256049],[79.626882,26.250922],[79.634695,26.238593],[79.638438,26.219021],[79.648936,26.209662],[79.715017,26.191352],[79.72405,26.186794],[79.741303,26.173122],[79.747976,26.16413],[79.741466,26.160102],[79.738536,26.155788],[79.737315,26.146104],[79.739838,26.136501],[79.753429,26.129421],[79.766368,26.116238],[79.772472,26.11164],[79.794526,26.108995],[79.847097,26.114691],[79.864838,26.108222],[79.886485,26.091579],[79.899913,26.095282],[79.908702,26.111436],[79.922374,26.153388],[79.927419,26.162462],[79.937022,26.166287],[79.949474,26.162665],[79.95574,26.153591],[79.957774,26.141425],[79.958018,26.12873],[79.951671,26.088324],[79.958507,26.072374],[79.984793,26.06391],[80.009207,26.066026],[80.059093,26.076239],[80.080333,26.070665],[80.092784,26.054999],[80.093028,26.037055],[80.085216,26.020535],[80.073416,26.009304],[80.080496,25.998847],[80.088308,25.995063],[80.09726,25.993272],[80.107514,25.988796],[80.128429,25.971869],[80.140636,25.964138],[80.170095,25.954942],[80.193858,25.928046],[80.211192,25.920478],[80.255951,25.929511],[80.276866,25.926337],[80.285737,25.903144],[80.296886,25.891872],[80.321788,25.89643],[80.361501,25.913031],[80.406668,25.914903],[80.446381,25.90587],[80.519135,25.878933],[80.537039,25.869086],[80.545502,25.855333],[80.539968,25.843207],[80.516043,25.837958],[80.46933,25.842353],[80.459076,25.835273],[80.471446,25.810614],[80.49171,25.791327],[80.511322,25.785834],[80.557221,25.789578],[80.567556,25.786241],[80.5678,25.778347],[80.563487,25.7685],[80.560639,25.759467],[80.560557,25.744574],[80.561697,25.738145],[80.567475,25.734483],[80.580577,25.728095],[80.600515,25.721951],[80.649099,25.71365],[80.682872,25.693874],[80.705658,25.6883],[80.730479,25.686469],[80.771983,25.688422],[80.779552,25.689887],[80.786632,25.693305],[80.797944,25.712022],[80.806407,25.72309],[80.817393,25.728095],[80.828868,25.725409],[80.838634,25.71837],[80.84547,25.708441],[80.851166,25.683905],[80.85906,25.681708],[80.882253,25.68712],[80.906342,25.688096],[80.923432,25.685492],[80.933523,25.674343],[80.940522,25.625434],[80.951264,25.614285],[80.968679,25.612901],[81.012787,25.624783],[81.023204,25.625678],[81.026541,25.616889],[81.026866,25.594306],[81.0206,25.586737],[81.00823,25.579169],[80.999115,25.570665],[81.002696,25.560167],[81.009939,25.552191],[81.013438,25.547065],[81.017345,25.542548],[81.026866,25.536322],[81.064871,25.518622],[81.086843,25.511298],[81.17099,25.50019],[81.183849,25.494696],[81.192149,25.474392],[81.184255,25.457831],[81.152843,25.429877],[81.14796,25.411444],[81.157807,25.393012],[81.173106,25.378363],[81.183849,25.371161],[81.224864,25.36164],[81.24407,25.354112],[81.261241,25.329413],[81.282237,25.331732],[81.320404,25.344509],[81.344493,25.342393],[81.36671,25.333767],[81.384776,25.320258],[81.396251,25.303534],[81.383311,25.289984],[81.390636,25.280341],[81.40919,25.273749],[81.452891,25.266059],[81.47226,25.26557],[81.491466,25.268581],[81.51295,25.27558],[81.620128,25.347927],[81.660574,25.358181],[81.704112,25.359442],[81.725597,25.356757],[81.742198,25.347927],[81.760265,25.333848],[81.77825,25.327704],[81.795421,25.329942],[81.810802,25.341091],[81.811697,25.348822],[81.797374,25.366156],[81.793386,25.374579],[81.794932,25.383612],[81.799083,25.390204],[81.810802,25.402208],[81.828298,25.416368],[81.851329,25.42536],[81.87558,25.427069],[81.903087,25.414618]]]}},{"type":"Feature","properties":{"dissolve":"308River","scalerank":6.0,"featurecla":"River","name":"Narmada","name_alt":null,"rivernum":308,"note":null,"min_zoom":5.0,"name_en":"Narmada","min_label":6.0},"bbox":[73.131765,21.75377,81.574229,23.137966],"geometry":{"type":"MultiLineString","coordinates":[[[81.574229,22.75373],[81.498057,22.757676],[81.461925,22.765163],[81.437755,22.787909],[81.421397,22.826443],[81.407644,22.842637],[81.385916,22.849311],[81.366466,22.851874],[81.314138,22.870429],[81.289561,22.874579],[81.280203,22.877265],[81.271251,22.882148],[81.24879,22.897773],[81.233002,22.900662],[81.190929,22.916612],[81.176524,22.925076],[81.174815,22.929063],[81.175304,22.93476],[81.174734,22.940701],[81.170339,22.945502],[81.162364,22.948269],[81.157644,22.947455],[81.153901,22.945665],[81.149832,22.945502],[81.128347,22.950873],[81.105398,22.952989],[81.084483,22.959581],[81.059581,22.972683],[81.035248,22.981879],[81.016043,22.976874],[81.013113,22.96955],[81.006358,22.935329],[81.000987,22.930447],[80.989024,22.932196],[80.931895,22.952338],[80.911713,22.955593],[80.889089,22.952989],[80.8956,22.970242],[80.900401,22.987901],[80.900401,23.004421],[80.892833,23.017849],[80.851492,23.050401],[80.841889,23.055365],[80.828217,23.050971],[80.817149,23.039496],[80.809825,23.024848],[80.802419,22.995185],[80.79127,22.998847],[80.765554,23.021267],[80.75587,23.01199],[80.737071,23.005398],[80.678966,22.998725],[80.665701,22.994167],[80.642589,22.973456],[80.629405,22.964382],[80.621104,22.965399],[80.610606,22.970404],[80.591238,22.973456],[80.572276,22.970567],[80.538259,22.957139],[80.519135,22.952989],[80.531668,22.928046],[80.533376,22.91824],[80.531505,22.905951],[80.521495,22.886746],[80.519135,22.880683],[80.513927,22.878119],[80.481619,22.853054],[80.476736,22.842353],[80.480072,22.833035],[80.491791,22.815782],[80.498627,22.796088],[80.499766,22.787665],[80.499278,22.774848],[80.495535,22.760118],[80.490896,22.753933],[80.491466,22.748603],[80.510346,22.726101],[80.508393,22.721055],[80.502452,22.715196],[80.499278,22.702216],[80.497162,22.696885],[80.492442,22.69123],[80.481619,22.681749],[80.477794,22.674669],[80.481375,22.669053],[80.487641,22.663682],[80.495942,22.651923],[80.501964,22.645453],[80.506602,22.636501],[80.505463,22.623399],[80.499034,22.613715],[80.45045,22.578966],[80.429291,22.574042],[80.40797,22.575954],[80.389415,22.583075],[80.372651,22.594672],[80.354747,22.611925],[80.340017,22.632514],[80.334076,22.654405],[80.335541,22.687812],[80.333914,22.710964],[80.32724,22.726426],[80.31837,22.729356],[80.295909,22.728217],[80.285737,22.733262],[80.28297,22.741075],[80.279552,22.778266],[80.268891,22.795518],[80.244233,22.801866],[80.216563,22.800564],[80.197032,22.794704],[80.192882,22.789252],[80.190033,22.781358],[80.185557,22.773261],[80.175873,22.767401],[80.16505,22.766181],[80.157156,22.76907],[80.149099,22.772895],[80.138682,22.774848],[80.07545,22.773139],[80.059825,22.774848],[80.031993,22.784491],[80.025808,22.787909],[80.007823,22.817572],[79.930186,22.877265],[79.929291,22.889024],[79.934011,22.89586],[79.940033,22.900173],[79.943858,22.904568],[79.945567,22.915635],[79.943858,22.942084],[79.940196,22.943468],[79.914073,22.977322],[79.910085,22.985907],[79.908295,22.995958],[79.909679,23.007636],[79.91505,23.015163],[79.936615,23.038031],[79.943858,23.048611],[79.946788,23.060085],[79.949636,23.078721],[79.948416,23.096137],[79.94044,23.103827],[79.906261,23.111274],[79.886648,23.113145],[79.854503,23.101142],[79.834076,23.106309],[79.792979,23.128689],[79.79184,23.131212],[79.789236,23.131903],[79.778575,23.130479],[79.769949,23.128119],[79.759939,23.120958],[79.751964,23.117499],[79.743663,23.116726],[79.726085,23.118598],[79.717784,23.117499],[79.709239,23.112616],[79.692393,23.099636],[79.686534,23.096991],[79.668386,23.099148],[79.641775,23.108507],[79.625011,23.110663],[79.604503,23.110867],[79.590912,23.113471],[79.581554,23.121527],[79.573822,23.137966],[79.553966,23.130561],[79.516043,23.136827],[79.494395,23.127387],[79.476085,23.115261],[79.4546,23.105577],[79.431733,23.099229],[79.409923,23.096991],[79.372813,23.104804],[79.348074,23.106757],[79.330496,23.100409],[79.322765,23.095526],[79.311534,23.092108],[79.266775,23.08865],[79.202566,23.073839],[79.158946,23.069037],[79.137787,23.075954],[79.126394,23.075954],[79.121349,23.065985],[79.117768,23.06037],[79.103038,23.027859],[79.100841,23.021267],[79.085704,23.015326],[79.062755,23.013373],[79.038992,23.016221],[79.021658,23.024685],[79.003184,23.038642],[78.983979,23.045762],[78.964122,23.048285],[78.771902,23.041124],[78.759939,23.043036],[78.742686,23.048407],[78.730968,23.048611],[78.72047,23.045762],[78.698741,23.036811],[78.674327,23.032782],[78.655772,23.023383],[78.644949,23.021267],[78.607432,23.021267],[78.49407,23.005723],[78.474864,23.000352],[78.442393,22.980292],[78.435313,22.977118],[78.41627,22.970893],[78.394542,22.959174],[78.392019,22.954535],[78.38795,22.941433],[78.384044,22.938747],[78.370372,22.935004],[78.328705,22.91474],[78.312511,22.904568],[78.306082,22.898017],[78.291515,22.875596],[78.285818,22.863593],[78.273855,22.868598],[78.262706,22.867051],[78.25294,22.863796],[78.244395,22.863593],[78.236095,22.869208],[78.227468,22.878241],[78.221202,22.886583],[78.22047,22.890245],[78.187511,22.888292],[78.17099,22.882514],[78.154877,22.870429],[78.143972,22.857489],[78.135346,22.842719],[78.130056,22.825548],[78.128347,22.805243],[78.120372,22.788764],[78.102631,22.791449],[78.072358,22.808376],[78.062022,22.808173],[78.042979,22.80268],[78.031993,22.80211],[78.020437,22.80622],[78.003917,22.819688],[77.993907,22.822618],[77.982514,22.82156],[77.96282,22.816921],[77.952647,22.815782],[77.946788,22.813788],[77.942475,22.810085],[77.938406,22.808295],[77.93214,22.812079],[77.926524,22.820014],[77.927257,22.825019],[77.929454,22.829617],[77.925385,22.84748],[77.925141,22.855333],[77.921641,22.860541],[77.908621,22.863593],[77.906342,22.860175],[77.884369,22.839708],[77.875662,22.837104],[77.870372,22.84455],[77.867686,22.856391],[77.866954,22.867011],[77.860037,22.873562],[77.844819,22.867377],[77.819021,22.849311],[77.771983,22.785224],[77.761322,22.774848],[77.739024,22.771552],[77.639415,22.731513],[77.622976,22.720974],[77.588878,22.686143],[77.580333,22.680732],[77.554128,22.676866],[77.544932,22.672227],[77.524913,22.657538],[77.457612,22.633734],[77.438731,22.630886],[77.424734,22.626736],[77.359874,22.596055],[77.332937,22.570583],[77.312592,22.559678],[77.294688,22.565701],[77.27239,22.594835],[77.262462,22.596137],[77.223643,22.581081],[77.179861,22.570868],[77.158132,22.569403],[77.140229,22.562812],[77.086029,22.514187],[77.049083,22.501003],[76.964773,22.500108],[76.921641,22.493679],[76.903331,22.483669],[76.872325,22.457384],[76.856049,22.452094],[76.833995,22.448432],[76.816661,22.43891],[76.802989,22.425727],[76.792003,22.41116],[76.783376,22.394884],[76.781749,22.380805],[76.784434,22.345974],[76.778331,22.327257],[76.76295,22.309923],[76.722341,22.281358],[76.688731,22.263536],[76.667735,22.258368],[76.651378,22.263983],[76.635916,22.263699],[76.585948,22.234971],[76.56544,22.226752],[76.543956,22.231024],[76.52589,22.242703],[76.511485,22.254706],[76.500092,22.260321],[76.500662,22.264512],[76.491303,22.273261],[76.480479,22.280829],[76.476573,22.281358],[76.47047,22.293158],[76.468272,22.301052],[76.47047,22.309272],[76.476573,22.322333],[76.463878,22.323432],[76.445323,22.332709],[76.435069,22.336005],[76.422537,22.335964],[76.370942,22.32571],[76.332774,22.308458],[76.311534,22.301866],[76.241628,22.292304],[76.225841,22.284776],[76.202078,22.251003],[76.18808,22.242458],[76.160655,22.240424],[76.11671,22.24494],[76.096772,22.242214],[76.075613,22.229844],[76.065929,22.226426],[76.043386,22.22724],[76.034272,22.22309],[76.017182,22.210395],[75.996755,22.198839],[75.954194,22.187852],[75.817963,22.185818],[75.795828,22.180854],[75.758556,22.162055],[75.739187,22.157904],[75.69044,22.154568],[75.653575,22.171495],[75.63144,22.172797],[75.468354,22.153144],[75.424408,22.140082],[75.404063,22.137397],[75.340261,22.139716],[75.254649,22.124701],[75.232188,22.123114],[75.222097,22.120958],[75.202891,22.111599],[75.191173,22.109483],[75.157237,22.110622],[75.146495,22.109483],[75.136485,22.106147],[75.122162,22.097927],[75.112315,22.095811],[75.067556,22.102607],[75.047293,22.099148],[74.982595,22.075995],[74.960948,22.074652],[74.896983,22.082139],[74.875011,22.079291],[74.83489,22.068549],[74.81129,22.068468],[74.781668,22.076036],[74.769786,22.075995],[74.758718,22.072821],[74.736908,22.063585],[74.725027,22.061632],[74.700206,22.050157],[74.589854,22.022976],[74.567393,22.020697],[74.557872,22.023057],[74.547944,22.028998],[74.540131,22.036729],[74.537039,22.044623],[74.530854,22.049669],[74.517507,22.04796],[74.495372,22.041205],[74.432709,22.039496],[74.413503,22.03498],[74.396007,22.02558],[74.35198,21.986599],[74.342377,21.982123],[74.320567,21.976182],[74.306082,21.969916],[74.294526,21.967882],[74.289968,21.966132],[74.288666,21.96251],[74.288585,21.95657],[74.287852,21.950019],[74.284272,21.945014],[74.26767,21.935981],[74.249034,21.929796],[74.228119,21.926296],[74.204845,21.925116],[74.182709,21.929307],[74.151134,21.947618],[74.128835,21.951768],[74.061046,21.940375],[73.97462,21.90119],[73.964936,21.887803],[73.942556,21.87462],[73.917572,21.86697],[73.899506,21.8699],[73.870942,21.854682],[73.832937,21.843614],[73.792491,21.837104],[73.756114,21.835761],[73.73821,21.837755],[73.717865,21.842231],[73.699636,21.848578],[73.687266,21.856269],[73.683523,21.864773],[73.681244,21.876166],[73.677745,21.886094],[73.669851,21.890408],[73.660248,21.892646],[73.640717,21.902411],[73.628917,21.904608],[73.607026,21.912055],[73.596283,21.928249],[73.588145,21.944444],[73.573985,21.951768],[73.563569,21.95543],[73.552013,21.973171],[73.543224,21.979763],[73.531342,21.981513],[73.524343,21.978583],[73.519054,21.974433],[73.512218,21.972276],[73.501394,21.973009],[73.461843,21.985378],[73.4546,21.986355],[73.443614,21.986599],[73.434662,21.954617],[73.425385,21.93122],[73.412852,21.91767],[73.373627,21.928534],[73.336681,21.88581],[73.303722,21.890408],[73.288178,21.905829],[73.278819,21.923367],[73.268077,21.936469],[73.249034,21.938788],[73.231944,21.929714],[73.227306,21.914578],[73.230235,21.896023],[73.245128,21.844428],[73.239757,21.835028],[73.221121,21.828925],[73.198334,21.830268],[73.182058,21.839626],[73.168224,21.85045],[73.153331,21.856269],[73.13616,21.843858],[73.149099,21.811957],[73.158783,21.776557],[73.131765,21.75377]]]}},{"type":"Feature","properties":{"dissolve":"309River","scalerank":6.0,"featurecla":"River","name":"Dadu","name_alt":null,"rivernum":309,"note":null,"min_zoom":5.0,"name_en":"Dadu","min_label":6.0},"bbox":[100.070242,29.207831,103.716238,33.005683],"geometry":{"type":"MultiLineString","coordinates":[[[100.070242,33.005683],[100.082937,32.992377],[100.113455,32.968329],[100.169037,32.909735],[100.190929,32.898505],[100.193777,32.887397],[100.193126,32.865058],[100.196788,32.858995],[100.215587,32.849921],[100.251394,32.824327],[100.291515,32.803168],[100.334727,32.786404],[100.371186,32.77912],[100.441987,32.726508],[100.453868,32.714545],[100.458507,32.705634],[100.488455,32.683458],[100.49822,32.669013],[100.501557,32.65587],[100.503429,32.642768],[100.508393,32.628241],[100.515717,32.620388],[100.524994,32.615017],[100.53297,32.608832],[100.536388,32.598171],[100.54184,32.586534],[100.554454,32.576524],[100.569347,32.569444],[100.595714,32.563503],[100.638682,32.539496],[100.654389,32.535753],[100.667572,32.534369],[100.679861,32.530382],[100.69337,32.51907],[100.71046,32.522732],[100.725597,32.512478],[100.740815,32.498603],[100.758556,32.491767],[100.766368,32.487494],[100.789643,32.456977],[100.793386,32.454779],[100.796804,32.455512],[100.799897,32.455349],[100.803233,32.450751],[100.805919,32.442328],[100.805675,32.4383],[100.804128,32.434394],[100.803233,32.426581],[100.805186,32.391669],[100.806651,32.385281],[100.810557,32.37519],[100.802664,32.353298],[100.803233,32.341498],[100.813487,32.336697],[100.828217,32.347357],[100.847585,32.356472],[100.871511,32.347113],[100.862804,32.331488],[100.878835,32.320909],[100.91627,32.310167],[100.925304,32.303819],[100.942882,32.295437],[100.950694,32.289659],[100.960216,32.279853],[100.965587,32.272732],[100.979503,32.24079],[100.983897,32.233018],[101.00644,32.205268],[101.0088,32.199246],[101.009369,32.186957],[101.004975,32.169053],[100.974539,32.108181],[100.970876,32.088446],[100.974539,32.03616],[100.977061,32.023871],[100.982921,32.017849],[100.990733,32.014106],[100.99879,32.008816],[101.004893,31.999579],[101.005463,31.982367],[101.009369,31.970974],[101.023936,31.957343],[101.063894,31.94835],[101.081065,31.939968],[101.16627,31.833848],[101.192149,31.814399],[101.241222,31.802191],[101.272227,31.783474],[101.286143,31.779161],[101.329275,31.78616],[101.344493,31.785997],[101.361257,31.781562],[101.391612,31.768988],[101.405854,31.765489],[101.424815,31.765082],[101.4428,31.768093],[101.455984,31.775702],[101.461192,31.78913],[101.47755,31.802924],[101.513927,31.805121],[101.551524,31.800076],[101.571056,31.792263],[101.587494,31.801581],[101.627452,31.815945],[101.646658,31.819525],[101.649506,31.816107],[101.653901,31.809353],[101.660655,31.805243],[101.670095,31.809882],[101.688894,31.828721],[101.694591,31.833197],[101.725597,31.846625],[101.830577,31.861111],[101.840912,31.852973],[101.857026,31.828803],[101.865245,31.819525],[101.87851,31.812608],[101.903087,31.806464],[101.913097,31.799628],[101.906261,31.799628],[101.933604,31.789659],[102.026378,31.710517],[102.029796,31.704047],[102.030935,31.694119],[102.02825,31.6883],[102.024425,31.685004],[102.02296,31.6824],[102.030772,31.666938],[102.050955,31.646593],[102.050304,31.635199],[102.065929,31.619574],[102.071544,31.601386],[102.078136,31.4713],[102.076752,31.453803],[102.070893,31.442084],[101.997081,31.378607],[101.98878,31.367703],[101.993337,31.351386],[102.007335,31.331],[102.024913,31.313585],[102.040294,31.30622],[102.048757,31.298448],[102.040457,31.2803],[102.016124,31.244167],[102.001069,31.202948],[101.988048,31.188788],[101.943289,31.1789],[101.924083,31.167548],[101.907237,31.151964],[101.892589,31.134874],[101.879975,31.11168],[101.874034,31.083604],[101.872081,31.015082],[101.874441,30.998399],[101.884207,30.962999],[101.885753,30.943142],[101.880382,30.907823],[101.885834,30.894599],[101.906261,30.888495],[101.919932,30.867703],[101.933035,30.820502],[101.944021,30.802517],[101.954194,30.798041],[101.963959,30.797675],[101.971446,30.79446],[101.974539,30.781765],[101.975678,30.769843],[101.979503,30.762803],[101.995616,30.750678],[102.002452,30.74669],[102.016612,30.741482],[102.02296,30.737657],[102.029796,30.728461],[102.040538,30.707058],[102.04713,30.702908],[102.054861,30.699327],[102.055268,30.690863],[102.050304,30.672471],[102.051768,30.660915],[102.055431,30.654405],[102.060069,30.649237],[102.064464,30.641466],[102.067556,30.62462],[102.064952,30.536689],[102.068777,30.523871],[102.098643,30.497423],[102.115896,30.477891],[102.121349,30.462226],[102.119151,30.418647],[102.123057,30.398139],[102.143891,30.354844],[102.169851,30.313422],[102.180431,30.290839],[102.18629,30.267035],[102.187999,30.236762],[102.198985,30.222602],[102.203054,30.213487],[102.192393,30.205349],[102.187592,30.185492],[102.17864,30.166815],[102.172862,30.065009],[102.170665,30.058661],[102.177745,30.050564],[102.208507,30.004014],[102.21339,29.989447],[102.214366,29.982245],[102.214692,29.973253],[102.216807,29.965033],[102.226085,29.961005],[102.228282,29.95246],[102.225678,29.935899],[102.220795,29.920437],[102.218028,29.906358],[102.222179,29.89411],[102.211925,29.872016],[102.209402,29.848944],[102.216075,29.774726],[102.213145,29.763983],[102.204682,29.753852],[102.199718,29.742296],[102.202078,29.711127],[102.197683,29.69892],[102.194591,29.693305],[102.195323,29.681179],[102.194265,29.675076],[102.190929,29.670722],[102.182872,29.664171],[102.180593,29.661404],[102.168956,29.641466],[102.165538,29.628526],[102.170665,29.617011],[102.177257,29.593573],[102.15797,29.543036],[102.174327,29.524237],[102.16684,29.500922],[102.177013,29.482367],[102.195893,29.472927],[102.214692,29.477078],[102.222179,29.469591],[102.220144,29.455146],[102.23585,29.390733],[102.25294,29.352891],[102.261322,29.350531],[102.265229,29.344184],[102.278412,29.294013],[102.283621,29.284613],[102.293793,29.277899],[102.307384,29.272081],[102.319347,29.264919],[102.324474,29.253933],[102.333425,29.256659],[102.41627,29.26671],[102.45574,29.275743],[102.47877,29.277777],[102.501231,29.283026],[102.518891,29.295762],[102.550385,29.325629],[102.566742,29.332302],[102.580333,29.332831],[102.59547,29.335761],[102.615733,29.349473],[102.625418,29.350287],[102.647065,29.330837],[102.656993,29.325629],[102.701427,29.325629],[102.777273,29.316352],[102.807709,29.300849],[102.804454,29.271023],[102.818614,29.257432],[102.833425,29.233181],[102.84962,29.215033],[102.869151,29.219794],[102.878347,29.223822],[102.89088,29.226508],[102.901947,29.230821],[102.906749,29.239936],[102.908946,29.250922],[102.920909,29.27497],[102.927257,29.284613],[102.942556,29.300116],[102.958263,29.303331],[102.999278,29.298285],[103.02003,29.291612],[103.026134,29.257514],[103.043386,29.243028],[103.064545,29.244818],[103.084565,29.259141],[103.099539,29.278388],[103.105398,29.294542],[103.11378,29.303656],[103.132823,29.298367],[103.203054,29.253933],[103.217377,29.250922],[103.23935,29.250515],[103.262218,29.245632],[103.27296,29.24787],[103.278819,29.267401],[103.28712,29.285183],[103.291026,29.290839],[103.305756,29.300889],[103.324718,29.308173],[103.337169,29.306749],[103.33253,29.290839],[103.34669,29.293769],[103.366954,29.311876],[103.380382,29.318793],[103.386974,29.314073],[103.397634,29.309638],[103.410085,29.306423],[103.421316,29.305121],[103.433116,29.307196],[103.457937,29.316514],[103.461681,29.318793],[103.478445,29.30744],[103.493093,29.286485],[103.509288,29.271552],[103.530528,29.277777],[103.582123,29.212673],[103.590261,29.208686],[103.601329,29.207831],[103.638764,29.209784],[103.64503,29.213568],[103.646576,29.236843],[103.645518,29.245144],[103.640066,29.26671],[103.640391,29.277777],[103.645925,29.289008],[103.652761,29.295518],[103.658376,29.302517],[103.660818,29.315009],[103.651541,29.336737],[103.630463,29.340684],[103.592052,29.333075],[103.574229,29.339423],[103.561534,29.354112],[103.553722,29.374335],[103.550955,29.397284],[103.554128,29.420111],[103.562022,29.436225],[103.642833,29.521552],[103.677257,29.545111],[103.716238,29.558946]]]}},{"type":"Feature","properties":{"dissolve":"311River","scalerank":6.0,"featurecla":"River","name":"Kapuas","name_alt":null,"rivernum":311,"note":null,"min_zoom":5.0,"name_en":"Kapuas","min_label":6.0},"bbox":[109.218435,-0.384698,113.465017,1.201361],"geometry":{"type":"MultiLineString","coordinates":[[[113.465017,1.201361],[113.415294,1.169867],[113.312755,1.080268],[113.28712,1.047431],[113.278412,1.017157],[113.264089,1.009833],[113.233328,0.964667],[113.217459,0.953681],[113.201101,0.950385],[113.163666,0.950141],[113.131928,0.943061],[112.995616,0.884548],[112.983653,0.883328],[112.963471,0.886664],[112.953217,0.886257],[112.944428,0.882432],[112.927745,0.870388],[112.918468,0.8664],[112.883718,0.846991],[112.870046,0.836697],[112.864513,0.821723],[112.860606,0.818061],[112.851736,0.822211],[112.841401,0.828884],[112.833507,0.832221],[112.82366,0.829779],[112.818858,0.824001],[112.815684,0.817165],[112.810557,0.811794],[112.792572,0.806098],[112.771983,0.80622],[112.754893,0.815131],[112.747813,0.835964],[112.738455,0.848944],[112.716807,0.846747],[112.672781,0.832221],[112.65089,0.831407],[112.616628,0.837917],[112.593272,0.839667],[112.575206,0.834744],[112.562511,0.823065],[112.55071,0.809272],[112.534923,0.798163],[112.526947,0.802354],[112.520112,0.804796],[112.514415,0.804958],[112.50823,0.787665],[112.507498,0.784491],[112.495128,0.784288],[112.473888,0.789822],[112.462901,0.791327],[112.453868,0.787706],[112.443614,0.779242],[112.435151,0.768907],[112.431895,0.760281],[112.42628,0.755439],[112.399913,0.737982],[112.39088,0.729804],[112.374522,0.696967],[112.363455,0.690212],[112.314138,0.685492],[112.292979,0.680772],[112.274913,0.679796],[112.261241,0.6883],[112.241628,0.678005],[112.192556,0.667304],[112.175548,0.657253],[112.166596,0.65001],[112.156749,0.647244],[112.134288,0.647284],[112.131847,0.643419],[112.124522,0.63463],[112.11435,0.625352],[112.103526,0.61994],[112.080089,0.621283],[112.045339,0.642117],[112.024425,0.647284],[112.018484,0.645087],[112.005056,0.635281],[111.997081,0.633083],[111.989838,0.636176],[111.98642,0.642035],[111.982432,0.645209],[111.973155,0.640448],[111.968191,0.632351],[111.966563,0.622585],[111.963308,0.613227],[111.952647,0.606309],[111.9428,0.609483],[111.928966,0.616523],[111.916515,0.617458],[111.911143,0.602607],[111.917735,0.594021],[111.949229,0.575792],[111.958914,0.564765],[111.961436,0.542548],[111.955089,0.522813],[111.941335,0.508734],[111.902761,0.498725],[111.894949,0.48725],[111.891043,0.471788],[111.8838,0.455512],[111.865164,0.444037],[111.823009,0.452704],[111.80128,0.441921],[111.815929,0.428534],[111.824474,0.423041],[111.842377,0.418402],[111.842377,0.412665],[111.837983,0.404975],[111.835378,0.396796],[111.828298,0.394639],[111.800304,0.371283],[111.798106,0.365505],[111.794688,0.363796],[111.785574,0.355048],[111.781342,0.351874],[111.773448,0.350531],[111.755056,0.352973],[111.747162,0.351874],[111.744395,0.346259],[111.743337,0.337104],[111.74114,0.328437],[111.73349,0.32453],[111.728282,0.327501],[111.724132,0.334784],[111.721202,0.343777],[111.7199,0.351874],[111.713145,0.351874],[111.708425,0.339301],[111.709727,0.319403],[111.702566,0.307807],[111.694347,0.307807],[111.687918,0.320502],[111.682709,0.336249],[111.678315,0.345649],[111.667084,0.348456],[111.653412,0.347846],[111.642182,0.34866],[111.633067,0.362494],[111.623627,0.364814],[111.614268,0.362494],[111.610037,0.355577],[111.614268,0.331122],[111.633067,0.28852],[111.637299,0.266466],[111.637706,0.242458],[111.6338,0.232204],[111.623627,0.228949],[111.617686,0.234198],[111.615815,0.245307],[111.616954,0.269884],[111.600515,0.264431],[111.579519,0.254259],[111.560151,0.241767],[111.547944,0.228949],[111.544932,0.21601],[111.54184,0.157538],[111.53419,0.148383],[111.500987,0.146796],[111.493337,0.136786],[111.499115,0.117133],[111.500255,0.109198],[111.498627,0.102973],[111.494884,0.095242],[111.490652,0.08865],[111.487234,0.085557],[111.468028,0.089423],[111.45045,0.103827],[111.434011,0.120958],[111.417572,0.133368],[111.398204,0.136339],[111.388764,0.127305],[111.389659,0.11168],[111.40089,0.09516],[111.404552,0.079454],[111.391124,0.064317],[111.370942,0.056016],[111.353119,0.060736],[111.345714,0.06684],[111.33196,0.075263],[111.325613,0.081855],[111.321381,0.089871],[111.31837,0.105658],[111.315115,0.112331],[111.311453,0.102362],[111.310802,0.079698],[111.307709,0.071316],[111.296641,0.06391],[111.286225,0.064765],[111.270518,0.071316],[111.268158,0.081],[111.268972,0.126247],[111.259939,0.140204],[111.23878,0.139187],[111.22169,0.123969],[111.210134,0.10224],[111.205984,0.081855],[111.195567,0.072089],[111.172374,0.079291],[111.137136,0.098578],[111.127208,0.095811],[111.112885,0.084011],[111.103038,0.078152],[111.093761,0.075751],[111.06544,0.078152],[111.060313,0.081326],[111.055675,0.088406],[111.04892,0.095486],[111.037852,0.098578],[111.032725,0.095038],[111.012218,0.056586],[110.999604,0.03974],[110.982839,0.031033],[110.962413,0.040595],[110.946544,0.0456],[110.904307,0.032782],[110.883311,0.030341],[110.869233,0.034532],[110.85906,0.03974],[110.850027,0.040961],[110.838878,0.033759],[110.825125,0.015001],[110.816173,0.006537],[110.804454,0.003038],[110.782644,0.000271],[110.774669,0.00198],[110.766612,0.010525],[110.762299,0.019355],[110.754649,0.04621],[110.752859,0.057644],[110.757904,0.101264],[110.756602,0.109198],[110.742117,0.115424],[110.732595,0.109076],[110.727794,0.096015],[110.726166,0.081855],[110.722667,0.071804],[110.714366,0.064399],[110.705089,0.058132],[110.698253,0.051378],[110.694428,0.037543],[110.692556,0.023505],[110.686697,0.018134],[110.67099,0.030341],[110.662608,0.022569],[110.658132,0.015245],[110.658376,0.008612],[110.664806,0.003038],[110.662527,-0.000909],[110.660492,-0.003351],[110.658621,-0.006036],[110.657319,-0.010675],[110.634695,0.006456],[110.627452,0.023383],[110.630626,0.067572],[110.629405,0.085639],[110.624034,0.105902],[110.611501,0.11994],[110.588959,0.119086],[110.576671,0.091173],[110.571218,0.04324],[110.560802,0.006049],[110.534434,0.010525],[110.530854,0.017401],[110.529714,0.025662],[110.527599,0.033026],[110.520763,0.037177],[110.511485,0.035183],[110.502371,0.028347],[110.495535,0.019965],[110.492768,0.013617],[110.492117,0.004259],[110.489675,-0.005914],[110.484386,-0.014093],[110.476085,-0.01747],[110.462901,-0.019016],[110.459727,-0.02398],[110.460541,-0.032444],[110.456391,-0.056817],[110.456391,-0.066339],[110.454112,-0.075372],[110.445079,-0.085789],[110.434988,-0.091323],[110.424246,-0.093438],[110.388927,-0.092055],[110.369395,-0.086928],[110.359386,-0.085789],[110.346772,-0.087579],[110.326182,-0.096449],[110.314708,-0.099379],[110.289561,-0.095066],[110.27589,-0.080743],[110.267019,-0.065606],[110.256358,-0.058486],[110.246186,-0.056288],[110.227061,-0.04693],[110.215424,-0.044732],[110.080577,-0.043634],[110.036388,-0.049371],[110.000011,-0.065281],[109.97047,-0.103692],[109.94573,-0.193862],[109.917491,-0.230401],[109.868093,-0.260105],[109.859386,-0.262872],[109.845144,-0.263849],[109.787852,-0.253269],[109.773448,-0.257664],[109.746104,-0.302097],[109.742768,-0.31756],[109.73463,-0.321222],[109.724539,-0.317071],[109.715017,-0.308933],[109.700125,-0.311944],[109.651459,-0.350518],[109.632823,-0.36004],[109.613699,-0.361179],[109.608328,-0.36004],[109.60434,-0.355645],[109.603526,-0.349054],[109.603526,-0.343113],[109.602061,-0.339695],[109.582042,-0.334161],[109.578705,-0.340265],[109.58017,-0.351088],[109.574229,-0.36004],[109.561046,-0.361668],[109.552826,-0.35589],[109.545014,-0.34881],[109.533946,-0.346531],[109.526134,-0.351088],[109.521576,-0.358901],[109.514659,-0.365737],[109.499034,-0.366876],[109.503673,-0.377293],[109.50644,-0.381199],[109.488373,-0.384698],[109.468028,-0.3742],[109.451427,-0.35589],[109.444428,-0.33587],[109.437429,-0.324884],[109.389903,-0.291192],[109.374766,-0.276869],[109.366628,-0.2728],[109.352061,-0.271336],[109.339122,-0.272393],[109.316417,-0.277032],[109.303966,-0.278171],[109.278901,-0.272963],[109.239675,-0.247084],[109.218435,-0.237237]]]}},{"type":"Feature","properties":{"dissolve":"312River","scalerank":6.0,"featurecla":"River","name":"Katherine","name_alt":null,"rivernum":312,"note":null,"min_zoom":5.0,"name_en":"Katherine","min_label":6.0},"bbox":[131.843679,-14.710382,133.230886,-13.298272],"geometry":{"type":"MultiLineString","coordinates":[[[133.134288,-13.298272],[133.144054,-13.342218],[133.16627,-13.372084],[133.191417,-13.39601],[133.209972,-13.421808],[133.222341,-13.462091],[133.230886,-13.547296],[133.227794,-13.639825],[133.215831,-13.679213],[133.192556,-13.71144],[133.154796,-13.736505],[133.133474,-13.74505],[133.110932,-13.749526],[133.088959,-13.746759],[133.069021,-13.733087],[133.054861,-13.723321],[132.955333,-13.69671],[132.93214,-13.695001],[132.802013,-13.83587],[132.792247,-13.852716],[132.789968,-13.87127],[132.79184,-13.915216],[132.788585,-13.934259],[132.781505,-13.95672],[132.771658,-13.9756],[132.748139,-13.992608],[132.742198,-14.014011],[132.737071,-14.059259],[132.724539,-14.113783],[132.723399,-14.13714],[132.720225,-14.146661],[132.706147,-14.159112],[132.702891,-14.16489],[132.700043,-14.16782],[132.681814,-14.195245],[132.634858,-14.232273],[132.619314,-14.248061],[132.572032,-14.28517],[132.534923,-14.295261],[132.440359,-14.305841],[132.415538,-14.31935],[132.415131,-14.326837],[132.417572,-14.335789],[132.418956,-14.344903],[132.415538,-14.353448],[132.408621,-14.358331],[132.399913,-14.360284],[132.377452,-14.360284],[132.362885,-14.36769],[132.237071,-14.494968],[132.220714,-14.508233],[132.195811,-14.518569],[132.154796,-14.526707],[132.135183,-14.532729],[132.126964,-14.542169],[132.118582,-14.556817],[132.09962,-14.566827],[132.06544,-14.579441],[132.04184,-14.606866],[131.995372,-14.673842],[131.962413,-14.69614],[131.918875,-14.70794],[131.880382,-14.710382],[131.843679,-14.705743]]]}},{"type":"Feature","properties":{"dissolve":"313River","scalerank":6.0,"featurecla":"River","name":"Taritatu","name_alt":null,"rivernum":313,"note":null,"min_zoom":5.0,"name_en":"Taritatu","min_label":6.0},"bbox":[138.702159,-3.731622,140.295095,-3.174249],"geometry":{"type":"MultiLineString","coordinates":[[[140.295095,-3.711277],[140.283376,-3.726251],[140.264334,-3.731622],[140.242686,-3.727472],[140.222992,-3.714695],[140.211436,-3.697768],[140.20517,-3.683526],[140.195242,-3.673354],[140.172293,-3.66961],[140.151541,-3.671808],[140.116628,-3.681573],[140.093435,-3.683933],[140.069591,-3.681166],[140.050141,-3.674493],[140.014089,-3.656589],[140.004975,-3.653741],[139.97991,-3.649102],[139.970225,-3.642429],[139.964773,-3.636082],[139.957286,-3.631199],[139.942312,-3.629246],[139.933197,-3.628351],[139.923106,-3.625421],[139.914968,-3.619968],[139.907237,-3.602716],[139.897227,-3.602716],[139.877452,-3.608819],[139.833995,-3.60003],[139.799897,-3.5853],[139.739757,-3.53989],[139.737234,-3.534682],[139.738455,-3.530206],[139.737804,-3.526788],[139.730072,-3.525567],[139.722179,-3.526788],[139.710053,-3.531915],[139.702403,-3.533054],[139.599294,-3.531589],[139.575857,-3.523614],[139.569591,-3.50506],[139.530528,-3.531264],[139.5206,-3.533054],[139.513764,-3.521417],[139.517182,-3.505222],[139.524099,-3.488295],[139.528087,-3.474623],[139.522634,-3.466323],[139.510916,-3.469659],[139.499278,-3.480645],[139.493907,-3.495131],[139.486746,-3.502455],[139.470225,-3.498875],[139.438569,-3.485284],[139.445974,-3.476495],[139.443451,-3.474623],[139.3921,-3.484552],[139.379893,-3.485284],[139.373057,-3.480971],[139.371755,-3.471612],[139.376475,-3.462254],[139.387543,-3.45794],[139.40089,-3.456394],[139.408214,-3.452081],[139.407807,-3.445489],[139.397634,-3.437433],[139.373953,-3.433526],[139.355154,-3.443862],[139.341563,-3.457859],[139.33253,-3.464776],[139.301199,-3.465265],[139.285085,-3.463393],[139.266612,-3.45794],[139.256847,-3.452],[139.23935,-3.435561],[139.232514,-3.430597],[139.220144,-3.426446],[139.212413,-3.426935],[139.205333,-3.429213],[139.195323,-3.430597],[139.182384,-3.434584],[139.165701,-3.442071],[139.14796,-3.445326],[139.130789,-3.437433],[139.125255,-3.427911],[139.126557,-3.419773],[139.1303,-3.412042],[139.130789,-3.403253],[139.127208,-3.395685],[139.118256,-3.381687],[139.116466,-3.372247],[139.106619,-3.363458],[139.088878,-3.359389],[139.079845,-3.350763],[139.09669,-3.327569],[139.089936,-3.316827],[139.083344,-3.315606],[139.075694,-3.318699],[139.065684,-3.320733],[139.055675,-3.319024],[139.052826,-3.314467],[139.052175,-3.307957],[139.045909,-3.290948],[139.046397,-3.281915],[139.043875,-3.275079],[139.031179,-3.272393],[139.020274,-3.271417],[139.004975,-3.267022],[138.997081,-3.266127],[138.994884,-3.273289],[138.981619,-3.286065],[138.966563,-3.291436],[138.959483,-3.276056],[138.893321,-3.222101],[138.886485,-3.219089],[138.880382,-3.221124],[138.867931,-3.230645],[138.86085,-3.229425],[138.854015,-3.223158],[138.834972,-3.213556],[138.825694,-3.207452],[138.818126,-3.205743],[138.814871,-3.214695],[138.811697,-3.218601],[138.804861,-3.217218],[138.798106,-3.211277],[138.788992,-3.177179],[138.775076,-3.174249],[138.759939,-3.179376],[138.750011,-3.180108],[138.739187,-3.174819],[138.729503,-3.178562],[138.720795,-3.185561],[138.712413,-3.190362],[138.702159,-3.190444]]]}},{"type":"Feature","properties":{"dissolve":"314River","scalerank":6.0,"featurecla":"River","name":"Mitchell","name_alt":null,"rivernum":314,"note":null,"min_zoom":5.0,"name_en":"Mitchell","min_label":6.0},"bbox":[141.60434,-16.500502,143.468761,-15.203139],"geometry":{"type":"MultiLineString","coordinates":[[[143.468761,-16.484308],[143.445079,-16.485528],[143.432709,-16.495538],[143.42213,-16.500502],[143.38795,-16.476414],[143.331065,-16.450209],[143.31544,-16.451837],[143.289561,-16.445977],[143.26295,-16.436375],[143.245372,-16.426283],[143.238048,-16.42433],[143.204031,-16.429701],[143.193614,-16.426935],[143.182628,-16.420343],[143.166515,-16.408054],[143.138438,-16.380304],[143.132498,-16.375502],[143.12672,-16.371759],[143.120942,-16.369155],[143.091726,-16.363132],[143.072276,-16.349949],[143.000987,-16.257826],[142.976492,-16.235772],[142.908946,-16.195326],[142.889171,-16.1867],[142.868744,-16.183282],[142.848643,-16.176283],[142.832286,-16.16017],[142.817882,-16.142022],[142.803396,-16.128757],[142.741954,-16.10825],[142.705984,-16.078302],[142.658376,-16.050307],[142.642019,-16.046075],[142.638194,-16.041925],[142.627452,-16.021987],[142.625173,-16.015069],[142.620942,-16.011407],[142.590424,-16.011407],[142.555431,-15.9992],[142.490489,-15.964044],[142.457612,-15.95672],[142.439057,-15.958917],[142.410492,-15.968764],[142.395925,-15.971043],[142.384288,-15.963881],[142.365245,-15.928888],[142.351003,-15.915216],[142.324636,-15.925958],[142.302826,-15.919366],[142.285492,-15.900405],[142.271088,-15.8742],[142.255382,-15.833185],[142.248546,-15.799168],[142.243907,-15.79339],[142.230886,-15.780125],[142.228038,-15.774916],[142.222341,-15.769464],[142.17213,-15.702813],[142.165945,-15.69728],[142.157481,-15.693048],[142.137787,-15.686375],[142.128429,-15.67962],[142.111257,-15.658624],[142.102306,-15.639093],[142.084239,-15.575372],[142.07545,-15.558038],[142.064952,-15.542332],[142.038829,-15.51214],[141.998139,-15.441746],[141.963878,-15.405206],[141.952566,-15.385105],[141.958344,-15.370538],[141.967459,-15.356948],[141.967296,-15.339776],[141.955577,-15.328302],[141.920665,-15.308119],[141.913259,-15.29575],[141.904877,-15.285577],[141.885753,-15.285333],[141.851166,-15.291925],[141.832774,-15.289239],[141.812511,-15.281264],[141.79599,-15.269382],[141.789154,-15.254083],[141.785818,-15.249933],[141.769135,-15.234389],[141.761974,-15.229913],[141.747569,-15.226902],[141.739757,-15.22853],[141.732921,-15.232761],[141.696544,-15.243666],[141.690115,-15.244155],[141.684093,-15.241062],[141.665538,-15.226902],[141.655528,-15.223647],[141.636322,-15.221531],[141.615815,-15.215346],[141.60434,-15.203139]]]}},{"type":"Feature","properties":{"dissolve":"315River","scalerank":6.0,"featurecla":"River","name":"Chenab","name_alt":null,"rivernum":315,"note":null,"min_zoom":5.0,"name_en":"Chenab","min_label":6.0},"bbox":[70.639171,29.028266,77.435557,33.383002],"geometry":{"type":"MultiLineString","coordinates":[[[77.435557,32.293077],[77.417247,32.299831],[77.374115,32.3074],[77.356456,32.316718],[77.297781,32.368232],[77.133881,32.456977],[77.097911,32.488349],[77.078705,32.500434],[77.055268,32.50491],[77.012706,32.506781],[76.992198,32.512803],[76.975841,32.525173],[76.968191,32.541612],[76.962901,32.57807],[76.955089,32.59455],[76.949474,32.599799],[76.922293,32.615058],[76.905528,32.620429],[76.897553,32.62405],[76.880951,32.635443],[76.875092,32.638699],[76.849701,32.647732],[76.836436,32.650458],[76.808849,32.652859],[76.730479,32.673407],[76.714447,32.680447],[76.646576,32.733751],[76.627371,32.744737],[76.60906,32.750596],[76.477061,32.754462],[76.444347,32.768256],[76.428233,32.799628],[76.428233,32.822862],[76.433035,32.842312],[76.441417,32.858588],[76.452159,32.872178],[76.461518,32.889594],[76.462413,32.908759],[76.457123,32.92768],[76.448741,32.9442],[76.443289,32.949774],[76.437266,32.953721],[76.431895,32.95954],[76.428233,32.970893],[76.428233,32.980292],[76.433604,32.99726],[76.435069,33.009101],[76.433116,33.032904],[76.427013,33.049506],[76.416433,33.062079],[76.354747,33.115912],[76.342459,33.122341],[76.334239,33.124335],[76.323985,33.129014],[76.315196,33.134589],[76.311534,33.139106],[76.307628,33.148871],[76.29835,33.152696],[76.277354,33.155829],[76.245535,33.178982],[76.19866,33.242458],[76.167491,33.265692],[76.136485,33.275458],[76.126475,33.280056],[76.118744,33.286566],[76.103282,33.30329],[76.096202,33.306708],[76.079519,33.310492],[76.042491,33.328559],[76.024099,33.334581],[76.014252,33.335395],[75.998139,33.334174],[75.963878,33.339179],[75.832612,33.377265],[75.770763,33.383002],[75.752371,33.379503],[75.736339,33.36697],[75.727468,33.350857],[75.72519,33.334744],[75.729584,33.319037],[75.740489,33.304063],[75.790619,33.249538],[75.808442,33.216864],[75.811127,33.18126],[75.800141,33.162055],[75.780935,33.156114],[75.758718,33.158637],[75.714122,33.170844],[75.702729,33.170966],[75.690196,33.16767],[75.647472,33.148139],[75.632091,33.143866],[75.599539,33.141425],[75.499929,33.149685],[75.407725,33.136013],[75.385671,33.136501],[75.363536,33.139919],[75.342784,33.146267],[75.324636,33.155829],[75.314871,33.169745],[75.304861,33.190619],[75.292003,33.209581],[75.273367,33.217882],[75.252208,33.221869],[75.233409,33.231757],[75.198416,33.25727],[75.183523,33.26557],[75.16269,33.273057],[75.14267,33.274359],[75.129975,33.263943],[75.128673,33.254096],[75.129649,33.244086],[75.129161,33.234442],[75.123546,33.225775],[75.095876,33.21072],[75.083507,33.201117],[75.078217,33.187283],[75.075857,33.174099],[75.069428,33.165961],[75.059581,33.162543],[75.046641,33.163438],[74.997569,33.177802],[74.980724,33.177924],[74.903575,33.168321],[74.879161,33.175076],[74.847667,33.187567],[74.81837,33.193386],[74.80071,33.17947],[74.800873,33.172878],[74.806163,33.152411],[74.807546,33.143988],[74.793712,33.079169],[74.79184,33.056708],[74.795421,33.035264],[74.807872,33.015896],[74.808523,33.001899],[74.783295,32.936794],[74.782807,32.931912],[74.78419,32.920966],[74.783295,32.916287],[74.779796,32.911973],[74.776785,32.911648],[74.773529,32.911892],[74.760671,32.902859],[74.739675,32.892117],[74.735606,32.885565],[74.72462,32.873155],[74.653087,32.854804],[74.603282,32.818712],[74.580333,32.810126],[74.564708,32.796454],[74.542247,32.790391],[74.533376,32.783067],[74.496104,32.726426],[74.468679,32.701117],[74.377533,32.64407],[74.354503,32.622341],[74.33839,32.611518],[74.31601,32.602566],[74.271658,32.591376],[74.219819,32.564643],[74.207042,32.554999],[74.201752,32.542914],[74.193126,32.53616],[74.154552,32.528428],[74.145925,32.522488],[74.13323,32.500312],[74.103526,32.476833],[74.069347,32.461615],[74.043468,32.464423],[74.010346,32.428778],[73.991303,32.419257],[73.964366,32.416042],[73.921153,32.416856],[73.90504,32.413153],[73.867931,32.392279],[73.85255,32.388495],[73.814057,32.388699],[73.790538,32.38288],[73.778087,32.369208],[73.769135,32.353583],[73.756114,32.341498],[73.737722,32.337958],[73.676687,32.347113],[73.661225,32.339911],[73.62794,32.305243],[73.612234,32.293077],[73.602143,32.290717],[73.580333,32.289333],[73.570567,32.286241],[73.565196,32.280585],[73.552419,32.262763],[73.540619,32.255683],[73.522065,32.241156],[73.512218,32.23786],[73.420421,32.236192],[73.400483,32.227362],[73.384695,32.190009],[73.32545,32.133002],[73.290538,32.107286],[73.283214,32.097276],[73.278901,32.072699],[73.267345,32.061225],[73.227957,32.046698],[73.214122,32.035102],[73.203298,32.017686],[73.196381,31.996649],[73.193858,31.974392],[73.187755,31.94953],[73.172944,31.931993],[73.139171,31.902126],[73.129405,31.883246],[73.118093,31.845526],[73.108165,31.830105],[73.092784,31.819037],[73.073985,31.810858],[73.001394,31.792263],[72.992768,31.78738],[72.975515,31.774929],[72.970876,31.772325],[72.95989,31.763495],[72.933035,31.72252],[72.919444,31.710273],[72.908376,31.708035],[72.879161,31.710273],[72.865652,31.707587],[72.838145,31.698554],[72.804779,31.694444],[72.741954,31.676134],[72.672293,31.671902],[72.655935,31.666205],[72.647716,31.659939],[72.618337,31.645087],[72.608165,31.637641],[72.594005,31.621894],[72.583588,31.614691],[72.573741,31.612006],[72.552989,31.611599],[72.542735,31.607856],[72.536143,31.601508],[72.529389,31.591986],[72.524343,31.582587],[72.522227,31.576524],[72.5171,31.5692],[72.505056,31.563788],[72.480886,31.556342],[72.470225,31.550889],[72.446381,31.531521],[72.388194,31.505561],[72.361339,31.488064],[72.35019,31.460476],[72.342865,31.449164],[72.251231,31.364569],[72.254649,31.309638],[72.253022,31.294053],[72.23406,31.220242],[72.229991,31.215155],[72.210216,31.210273],[72.203136,31.206895],[72.190196,31.19831],[72.138601,31.183295]],[[72.138764,31.183295],[72.140391,31.102891],[72.139252,31.094062],[72.132823,31.086778],[72.110037,31.067328],[72.096446,31.059027],[72.090831,31.052314],[72.088145,31.041938],[72.091319,31.023871],[72.087413,31.015082],[72.083425,31.008816],[72.078217,30.994737],[72.073416,30.987494],[72.066987,30.98196],[72.052664,30.97248],[72.045909,30.966986],[72.039643,30.962999],[72.025645,30.958319],[72.018484,30.953396],[72.011648,30.94363],[72.001475,30.919867],[71.99464,30.908962],[71.98585,30.885688],[71.964366,30.871283],[71.942475,30.861029],[71.932628,30.850287],[71.927257,30.832302],[71.913829,30.8192],[71.87794,30.799099],[71.857921,30.772895],[71.850597,30.697862],[71.836925,30.661933],[71.831635,30.657294],[71.809011,30.641466],[71.793875,30.622911],[71.785167,30.616563],[71.771495,30.614122],[71.746511,30.609198],[71.736827,30.59748],[71.729747,30.583848],[71.712901,30.573188],[71.692556,30.573798],[71.668224,30.577094],[71.647716,30.572455],[71.638927,30.548936],[71.629487,30.533474],[71.608328,30.521023],[71.569347,30.50491],[71.559174,30.495225],[71.545502,30.473009],[71.535248,30.463324],[71.527843,30.459174],[71.521007,30.457139],[71.504649,30.456488],[71.493582,30.45421],[71.489838,30.448432],[71.488536,30.440619],[71.48406,30.432237],[71.452729,30.389106],[71.434988,30.372667],[71.40504,30.360297],[71.414073,30.334499],[71.398204,30.324042],[71.375499,30.320665],[71.363862,30.31623],[71.362641,30.291449],[71.358653,30.273505],[71.352306,30.258979],[71.343435,30.244208],[71.335704,30.225938],[71.323009,30.182725],[71.312511,30.165107],[71.308849,30.155544],[71.309988,30.132636],[71.305675,30.123806],[71.297862,30.115749],[71.295421,30.109809],[71.293956,30.103217],[71.288992,30.09337],[71.262706,30.062527],[71.251882,30.044298],[71.245046,29.999538],[71.239268,29.984442],[71.232514,29.971462],[71.226736,29.956163],[71.225597,29.944892],[71.226085,29.93476],[71.225108,29.925157],[71.2199,29.915229],[71.210053,29.910183],[71.196381,29.907253],[71.184174,29.902289],[71.17685,29.88642],[71.173432,29.876003],[71.173839,29.865424],[71.182546,29.860663],[71.187999,29.855292],[71.202159,29.82921],[71.205658,29.819648],[71.206065,29.79328],[71.199229,29.772244],[71.179128,29.736436],[71.175222,29.724799],[71.171641,29.688747],[71.167491,29.680243],[71.153901,29.663886],[71.140636,29.639838],[71.116222,29.620917],[71.087901,29.606024],[71.053803,29.596503],[71.04892,29.587592],[71.048757,29.562364],[71.044688,29.548529],[71.034597,29.539984],[71.021414,29.53498],[71.007742,29.531684],[71.017345,29.516669],[71.023692,29.497748],[71.027192,29.477729],[71.028087,29.459337],[71.03004,29.450507],[71.034272,29.441026],[71.045665,29.424872],[71.043712,29.419786],[71.027761,29.402289],[71.021983,29.393866],[71.017996,29.380398],[71.015636,29.367377],[71.012625,29.314032],[71.003673,29.293321],[70.980398,29.277777],[70.948822,29.266221],[70.946218,29.256415],[70.9463,29.2331],[70.938894,29.219184],[70.921479,29.216417],[70.847585,29.227851],[70.83017,29.224677],[70.822765,29.212673],[70.822683,29.190985],[70.820323,29.173611],[70.812022,29.159369],[70.794851,29.147488],[70.777354,29.156806],[70.757416,29.150499],[70.745942,29.135769],[70.753917,29.119493],[70.747081,29.106472],[70.738292,29.099392],[70.728526,29.09394],[70.719737,29.086005],[70.71339,29.075303],[70.69866,29.037624],[70.694347,29.034532],[70.682384,29.029486],[70.663666,29.028266],[70.639171,29.036811]]]}},{"type":"Feature","properties":{"dissolve":"31River","scalerank":2.0,"featurecla":"River","name":"Maquan","name_alt":"Damqogkanbab","rivernum":31,"note":null,"min_zoom":2.1,"name_en":"Damqogkanbab","min_label":3.1},"bbox":[82.400483,29.117865,87.660167,30.424384],"geometry":{"type":"MultiLineString","coordinates":[[[82.400483,30.411444],[82.417979,30.420762],[82.439057,30.424384],[82.458995,30.42414],[82.472341,30.42239],[82.517019,30.408759],[82.539236,30.398017],[82.557709,30.384141],[82.568614,30.368272],[82.575694,30.362576],[82.589122,30.360297],[82.641368,30.37873],[82.646007,30.381619],[82.651296,30.382514],[82.664154,30.380723],[82.6692,30.378201],[82.674815,30.373806],[82.682872,30.369574],[82.722667,30.365058],[82.75294,30.359442],[82.769216,30.358507],[82.78769,30.360297],[82.834972,30.371405],[82.859304,30.372992],[82.86964,30.36404],[82.893321,30.332343],[82.906668,30.327745],[82.91269,30.316759],[82.917491,30.291368],[82.925385,30.2685],[82.933604,30.25141],[82.945811,30.237372],[82.965343,30.223741],[82.994233,30.21247],[83.037201,30.184678],[83.044444,30.181505],[83.066173,30.180447],[83.074718,30.178575],[83.082042,30.17532],[83.087169,30.168565],[83.090424,30.159451],[83.09547,30.151435],[83.131602,30.141954],[83.149913,30.130886],[83.167735,30.124864],[83.191905,30.134345],[83.198985,30.112331],[83.218028,30.097235],[83.237885,30.086208],[83.247081,30.076361],[83.252371,30.072943],[83.263927,30.072089],[83.276541,30.07335],[83.284679,30.076361],[83.293061,30.076524],[83.305431,30.07038],[83.322765,30.058661],[83.362885,30.049506],[83.382253,30.041531],[83.390554,30.028184],[83.395763,30.004706],[83.40976,29.991523],[83.451915,29.976671],[83.500499,29.947089],[83.537364,29.938503],[83.555431,29.927517],[83.588959,29.89411],[83.60019,29.87991],[83.604503,29.877631],[83.626557,29.871446],[83.706635,29.86225],[83.726573,29.855902],[83.753917,29.842597],[83.760916,29.833319],[83.817475,29.815375],[83.980072,29.736436],[83.968842,29.731269],[83.959972,29.724189],[83.954112,29.714708],[83.952159,29.702338],[83.976329,29.657986],[83.982026,29.650417],[83.989513,29.633124],[83.996593,29.623847],[84.006765,29.615994],[84.034679,29.606147],[84.087169,29.570176],[84.106456,29.565782],[84.166433,29.578884],[84.185557,29.579454],[84.198334,29.577175],[84.205089,29.575141],[84.219737,29.565782],[84.22934,29.547878],[84.237722,29.541449],[84.250418,29.548407],[84.261322,29.548407],[84.308849,29.539903],[84.416108,29.535224],[84.461029,29.525987],[84.493337,29.510565],[84.510509,29.475898],[84.503917,29.432807],[84.48878,29.388251],[84.480398,29.349473],[84.48463,29.343329],[84.50294,29.331855],[84.507091,29.322211],[84.504812,29.314521],[84.500499,29.305772],[84.49879,29.296698],[84.503673,29.287706],[84.524425,29.27619],[84.566173,29.268419],[84.582774,29.257351],[84.59075,29.263861],[84.595876,29.272406],[84.599701,29.2803],[84.603282,29.284613],[84.617931,29.28852],[84.627208,29.28559],[84.635753,29.280544],[84.665701,29.275336],[84.7199,29.257351],[84.776296,29.224433],[84.792003,29.226264],[84.813731,29.234076],[84.837901,29.229356],[84.922455,29.190131],[84.963796,29.186103],[85.001231,29.198554],[85.035248,29.229356],[85.036143,29.233913],[85.03419,29.246039],[85.035248,29.250515],[85.040538,29.254462],[85.045665,29.255235],[85.050548,29.255398],[85.055105,29.257351],[85.071707,29.268866],[85.0831,29.275092],[85.111257,29.284735],[85.144054,29.316514],[85.164968,29.325629],[85.234874,29.319525],[85.250987,29.315009],[85.265066,29.304633],[85.307628,29.28323],[85.322683,29.277777],[85.391694,29.280626],[85.408702,29.274359],[85.423595,29.265326],[85.445323,29.257758],[85.468435,29.252509],[85.487071,29.250515],[85.531668,29.256659],[85.555431,29.256456],[85.573334,29.246772],[85.596609,29.207465],[85.609467,29.191514],[85.630626,29.182196],[85.652924,29.180609],[85.731212,29.192206],[85.763113,29.210232],[85.781993,29.216376],[85.80421,29.214952],[85.8449,29.199652],[85.946381,29.182196],[86.14739,29.178168],[86.158702,29.179389],[86.169526,29.183702],[86.192312,29.197048],[86.224376,29.206244],[86.236095,29.208075],[86.247081,29.197577],[86.259695,29.201972],[86.271495,29.209662],[86.275401,29.213446],[86.35019,29.210557],[86.387462,29.223822],[86.411062,29.218695],[86.4345,29.210232],[86.453624,29.207302],[86.467784,29.21365],[86.478119,29.222357],[86.48821,29.226833],[86.501394,29.220282],[86.509532,29.239203],[86.522227,29.234687],[86.535655,29.221218],[86.546397,29.213446],[86.567149,29.211249],[86.606944,29.201687],[86.625499,29.199815],[86.636648,29.201931],[86.656261,29.210801],[86.666515,29.213446],[86.960541,29.179389],[87.006358,29.185126],[87.027436,29.181098],[87.036388,29.162624],[87.04005,29.158555],[87.048757,29.155219],[87.058849,29.152899],[87.067393,29.152045],[87.079194,29.154242],[87.08546,29.159613],[87.090424,29.166368],[87.098562,29.172471],[87.111501,29.177069],[87.120697,29.176703],[87.155528,29.156846],[87.167247,29.152167],[87.19394,29.145209],[87.219249,29.156846],[87.244884,29.151719],[87.296397,29.130927],[87.409434,29.117865],[87.518972,29.124701],[87.546641,29.130723],[87.604015,29.150458],[87.625418,29.145209],[87.642182,29.150946],[87.660167,29.151557]]]}},{"type":"Feature","properties":{"dissolve":"331River","scalerank":6.0,"featurecla":"River","name":"Fitzroy","name_alt":null,"rivernum":331,"note":null,"min_zoom":5.0,"name_en":"Fitzroy","min_label":6.0},"bbox":[123.557709,-18.51336,127.152192,-17.383152],"geometry":{"type":"MultiLineString","coordinates":[[[127.152192,-17.383152],[127.121349,-17.39308],[127.07252,-17.439955],[127.045665,-17.450698],[127.023936,-17.453464],[126.945974,-17.478041],[126.925792,-17.470554],[126.903901,-17.471368],[126.860362,-17.478041],[126.795909,-17.475925],[126.775401,-17.478041],[126.695079,-17.497491],[126.657237,-17.500421],[126.539236,-17.479343],[126.45224,-17.475518],[126.43214,-17.471205],[126.354991,-17.435073],[126.317475,-17.429864],[126.274425,-17.450698],[126.242768,-17.47267],[126.227143,-17.488946],[126.21339,-17.528741],[126.195893,-17.54046],[126.151541,-17.553155],[126.128429,-17.563653],[126.124278,-17.566827],[126.123464,-17.579278],[126.128429,-17.587091],[126.134776,-17.592462],[126.137787,-17.597833],[126.134207,-17.616876],[126.124441,-17.628432],[126.074229,-17.654799],[126.069021,-17.656183],[126.057872,-17.652032],[126.042572,-17.639093],[126.031342,-17.636244],[126.017833,-17.64544],[126.010265,-17.667006],[126.000662,-17.710789],[125.987804,-17.724949],[125.947276,-17.758152],[125.938731,-17.776544],[125.934255,-17.794854],[125.895844,-17.874688],[125.885265,-17.891615],[125.853282,-17.927179],[125.836029,-17.938328],[125.795421,-17.953627],[125.780935,-17.964695],[125.738862,-18.053237],[125.692882,-18.108738],[125.645925,-18.132745],[125.634288,-18.136082],[125.623627,-18.143243],[125.510753,-18.276544],[125.497651,-18.286635],[125.421886,-18.324395],[125.411143,-18.327813],[125.375011,-18.327162],[125.358653,-18.335463],[125.34726,-18.336358],[125.32545,-18.3353],[125.318858,-18.338718],[125.30128,-18.36183],[125.279796,-18.377781],[125.234793,-18.394545],[125.215831,-18.406915],[125.171397,-18.459893],[125.157807,-18.471856],[125.138927,-18.481948],[125.120046,-18.488621],[125.056733,-18.496026],[125.015636,-18.510186],[124.993256,-18.51336],[124.983165,-18.511407],[124.961518,-18.502374],[124.951752,-18.499688],[124.940359,-18.499933],[124.925385,-18.505222],[124.914561,-18.506524],[124.80185,-18.488621],[124.794037,-18.486017],[124.767345,-18.473484],[124.737071,-18.467218],[124.700125,-18.445164],[124.677989,-18.437677],[124.666921,-18.437514],[124.659272,-18.439793],[124.652354,-18.440851],[124.643321,-18.437677],[124.619558,-18.412612],[124.607026,-18.389174],[124.554454,-18.3353],[124.51295,-18.263116],[124.480072,-18.18377],[124.470225,-18.167332],[124.457042,-18.157566],[124.440847,-18.148289],[124.421397,-18.132664],[124.393484,-18.098077],[124.384532,-18.093764],[124.349132,-18.094415],[124.266612,-18.072931],[124.224213,-18.067315],[124.177745,-18.073907],[124.143077,-18.08823],[124.119233,-18.089695],[124.108328,-18.091648],[124.098643,-18.098077],[124.074799,-18.125665],[124.061127,-18.133803],[124.04127,-18.136082],[124.030935,-18.134129],[124.016775,-18.126397],[124.007091,-18.122247],[123.970307,-18.115655],[123.962006,-18.112156],[123.929698,-18.076511],[123.917654,-18.067722],[123.907481,-18.063816],[123.887787,-18.059747],[123.87672,-18.05405],[123.846609,-18.02573],[123.842052,-18.0228],[123.835378,-18.012628],[123.753835,-17.930027],[123.742931,-17.90724],[123.738862,-17.872491],[123.729096,-17.85003],[123.663829,-17.766046],[123.645925,-17.729994],[123.638927,-17.706069],[123.62794,-17.699233],[123.613292,-17.697686],[123.598399,-17.697768],[123.570323,-17.685479],[123.557709,-17.655776],[123.557872,-17.619643],[123.567556,-17.587905]]]}},{"type":"Feature","properties":{"dissolve":"332River","scalerank":6.0,"featurecla":"River","name":"Digul","name_alt":null,"rivernum":332,"note":null,"min_zoom":5.0,"name_en":"Digul","min_label":6.0},"bbox":[139.240001,-7.274591,140.74822,-4.855808],"geometry":{"type":"MultiLineString","coordinates":[[[140.682872,-4.855808],[140.700694,-4.862319],[140.712494,-4.878269],[140.727143,-4.910333],[140.740733,-4.926202],[140.746593,-4.934991],[140.74822,-4.945164],[140.744151,-4.956557],[140.730154,-4.975763],[140.727143,-4.989435],[140.730154,-5.061456],[140.705496,-5.149754],[140.688569,-5.183282],[140.665538,-5.197686],[140.650645,-5.198582],[140.636648,-5.201593],[140.62322,-5.20794],[140.610444,-5.218764],[140.605479,-5.227227],[140.600678,-5.246026],[140.596772,-5.252944],[140.588308,-5.258803],[140.5713,-5.262709],[140.562673,-5.266615],[140.546479,-5.280287],[140.540945,-5.292169],[140.542247,-5.324884],[140.53476,-5.338718],[140.501882,-5.33058],[140.494314,-5.345717],[140.486257,-5.347019],[140.468028,-5.355401],[140.449229,-5.37005],[140.439138,-5.390151],[140.440359,-5.400242],[140.447276,-5.414239],[140.445974,-5.424249],[140.441905,-5.434747],[140.437511,-5.442315],[140.430431,-5.447686],[140.418793,-5.451593],[140.416515,-5.462335],[140.35255,-5.469903],[140.336192,-5.489679],[140.333751,-5.498712],[140.315684,-5.527276],[140.313975,-5.535496],[140.315115,-5.541925],[140.313975,-5.546238],[140.305186,-5.547784],[140.302745,-5.550714],[140.296479,-5.564386],[140.295095,-5.568862],[140.282237,-5.556492],[140.273692,-5.556573],[140.268891,-5.567234],[140.267182,-5.585626],[140.261811,-5.596043],[140.226329,-5.630304],[140.242686,-5.647475],[140.247569,-5.659194],[140.237234,-5.664483],[140.213959,-5.666355],[140.215261,-5.671563],[140.226654,-5.679213],[140.233816,-5.688653],[140.236746,-5.698744],[140.250011,-5.722019],[140.25351,-5.73211],[140.254242,-5.748956],[140.251964,-5.762384],[140.247488,-5.774591],[140.240652,-5.787449],[140.236746,-5.785089],[140.226329,-5.780613],[140.229015,-5.787123],[140.233816,-5.807957],[140.213308,-5.801121],[140.217459,-5.813897],[140.223888,-5.826837],[140.233165,-5.836928],[140.246755,-5.841974],[140.241222,-5.849542],[140.237234,-5.858819],[140.238862,-5.866632],[140.250173,-5.869968],[140.263438,-5.870294],[140.268891,-5.872003],[140.286062,-5.888116],[140.29127,-5.898858],[140.295095,-5.904148],[140.298839,-5.904229],[140.301687,-5.899754],[140.305431,-5.896417],[140.312266,-5.900323],[140.314138,-5.909682],[140.30421,-5.936049],[140.301362,-5.948419],[140.301362,-6.030938],[140.303152,-6.043471],[140.306163,-6.05462],[140.306651,-6.065118],[140.301362,-6.076023],[140.291515,-6.080092],[140.279307,-6.079034],[140.268158,-6.081476],[140.260916,-6.09588],[140.272065,-6.097345],[140.280528,-6.101251],[140.287852,-6.107599],[140.295095,-6.116225],[140.29127,-6.122735],[140.291433,-6.137628],[140.288259,-6.14422],[140.282725,-6.146661],[140.274018,-6.147882],[140.267182,-6.147475],[140.267182,-6.14422],[140.260671,-6.148451],[140.256358,-6.149428],[140.254242,-6.153009],[140.25351,-6.164727],[140.255789,-6.17433],[140.265066,-6.191908],[140.28476,-6.257745],[140.284923,-6.267755],[140.293224,-6.2763],[140.296804,-6.316339],[140.308849,-6.329278],[140.308849,-6.335382],[140.296153,-6.350763],[140.301362,-6.371026],[140.318858,-6.382013],[140.343028,-6.369561],[140.350515,-6.385675],[140.349294,-6.403823],[140.340017,-6.418796],[140.32252,-6.424819],[140.32252,-6.431655],[140.337983,-6.437514],[140.342052,-6.449558],[140.343272,-6.462823],[140.350515,-6.473158],[140.341807,-6.486668],[140.333507,-6.510186],[140.329112,-6.534845],[140.332774,-6.551446],[140.389334,-6.616876],[140.398204,-6.637709],[140.392507,-6.658217],[140.374604,-6.669366],[140.352143,-6.677423],[140.332774,-6.688897],[140.321869,-6.708022],[140.315684,-6.754327],[140.308849,-6.774835],[140.295339,-6.788018],[140.274832,-6.799005],[140.251475,-6.806329],[140.229991,-6.809015],[140.208995,-6.814304],[140.19044,-6.827488],[140.175385,-6.845066],[140.165457,-6.863132],[140.164236,-6.905287],[140.160737,-6.928562],[140.089773,-6.980401],[140.083914,-6.999526],[140.084727,-7.024265],[140.090831,-7.048517],[140.100352,-7.065606],[140.103038,-7.079767],[140.092703,-7.094659],[140.076589,-7.107843],[140.050304,-7.123549],[140.035248,-7.130304],[140.017589,-7.135431],[139.997325,-7.137384],[139.987722,-7.140313],[139.980154,-7.1478],[139.975352,-7.157729],[139.973643,-7.16839],[139.968191,-7.172296],[139.95517,-7.170831],[139.912201,-7.160577],[139.896983,-7.154799],[139.887136,-7.144708],[139.88087,-7.103855],[139.872081,-7.089776],[139.857188,-7.08172],[139.791026,-7.065444],[139.76946,-7.06642],[139.760183,-7.079441],[139.758474,-7.146336],[139.753917,-7.164727],[139.744151,-7.176935],[139.690847,-7.22267],[139.679698,-7.264825],[139.665131,-7.274591],[139.634207,-7.250339],[139.621593,-7.157892],[139.590017,-7.158543],[139.576264,-7.174005],[139.562918,-7.198744],[139.552419,-7.224623],[139.548432,-7.243829],[139.537364,-7.255548],[139.512218,-7.254083],[139.486339,-7.246596],[139.472748,-7.240411],[139.45753,-7.203546],[139.460704,-7.167006],[139.453136,-7.138116],[139.404552,-7.124363],[139.391124,-7.12241],[139.384288,-7.120538],[139.378917,-7.122084],[139.364187,-7.138116],[139.357432,-7.149428],[139.354421,-7.162612],[139.359793,-7.17547],[139.372162,-7.182794],[139.402761,-7.189304],[139.410737,-7.192722],[139.414561,-7.206557],[139.406342,-7.214858],[139.392589,-7.218927],[139.379893,-7.219903],[139.365815,-7.219252],[139.354096,-7.216648],[139.343354,-7.211358],[139.33253,-7.202813],[139.31894,-7.194757],[139.307384,-7.194268],[139.287852,-7.199395],[139.265391,-7.195652],[139.254893,-7.183038],[139.247081,-7.165053],[139.240001,-7.158543]]]}},{"type":"Feature","properties":{"dissolve":"341River","scalerank":6.0,"featurecla":"River","name":"Daly","name_alt":null,"rivernum":341,"note":null,"min_zoom":5.0,"name_en":"Daly","min_label":6.0},"bbox":[130.28183,-14.705743,131.843679,-13.35296],"geometry":{"type":"MultiLineString","coordinates":[[[131.843679,-14.705743],[131.804779,-14.69614],[131.784597,-14.687433],[131.749522,-14.666192],[131.732839,-14.662042],[131.718028,-14.656264],[131.711843,-14.641534],[131.709239,-14.600518],[131.703868,-14.579034],[131.685313,-14.534601],[131.681244,-14.514825],[131.67921,-14.509291],[131.670095,-14.49155],[131.668224,-14.480401],[131.671397,-14.44728],[131.668224,-14.435479],[131.65032,-14.413425],[131.627615,-14.409112],[131.605561,-14.410333],[131.588796,-14.404962],[131.581716,-14.395522],[131.579031,-14.386163],[131.578868,-14.363702],[131.575043,-14.357436],[131.565684,-14.353692],[131.554454,-14.350518],[131.544851,-14.346612],[131.473725,-14.295831],[131.445242,-14.268731],[131.427419,-14.243585],[131.413015,-14.199395],[131.400401,-14.182306],[131.36907,-14.173354],[131.361257,-14.168634],[131.35491,-14.163018],[131.347667,-14.149347],[131.33782,-14.148858],[131.328217,-14.152276],[131.325125,-14.154962],[131.30185,-14.139662],[131.257335,-14.072931],[131.24822,-14.066095],[131.22462,-14.056817],[131.212413,-14.048761],[131.207449,-14.035007],[131.216807,-14.021905],[131.229991,-14.009454],[131.236257,-13.997247],[131.229747,-13.984552],[131.215994,-13.971205],[131.201264,-13.960626],[131.181407,-13.951023],[131.182872,-13.938653],[131.209402,-13.891534],[131.214936,-13.87599],[131.212413,-13.863783],[131.199636,-13.85532],[131.183686,-13.852065],[131.167572,-13.853855],[131.153738,-13.86004],[131.149506,-13.849786],[131.145518,-13.842136],[131.140391,-13.83644],[131.13323,-13.832045],[131.123627,-13.829604],[131.109955,-13.828464],[131.097585,-13.830011],[131.092296,-13.83587],[131.08782,-13.842136],[131.077078,-13.845147],[131.054291,-13.846368],[131.041596,-13.851495],[131.039073,-13.863214],[131.039968,-13.876886],[131.037608,-13.887384],[131.022472,-13.898126],[131.00294,-13.901788],[130.958507,-13.901056],[130.937104,-13.90366],[130.864757,-13.92726],[130.855561,-13.928725],[130.845225,-13.927667],[130.83839,-13.923272],[130.835134,-13.916518],[130.830984,-13.910496],[130.804291,-13.90252],[130.7553,-13.876479],[130.742686,-13.867527],[130.726003,-13.827325],[130.710053,-13.764581],[130.668386,-13.702488],[130.66155,-13.68255],[130.656749,-13.67254],[130.650401,-13.668308],[130.630056,-13.665216],[130.618256,-13.665867],[130.613048,-13.671726],[130.608002,-13.675714],[130.596934,-13.674656],[130.585053,-13.671319],[130.578298,-13.668308],[130.57252,-13.659845],[130.564708,-13.627293],[130.553722,-13.608575],[130.499522,-13.545343],[130.461681,-13.490167],[130.457774,-13.48089],[130.45517,-13.472019],[130.450043,-13.465346],[130.437755,-13.462823],[130.430756,-13.464776],[130.422944,-13.469415],[130.416515,-13.475274],[130.413829,-13.480157],[130.405284,-13.489679],[130.385834,-13.486261],[130.351736,-13.470229],[130.324474,-13.446466],[130.306651,-13.434015],[130.28655,-13.428643],[130.28183,-13.418878],[130.315033,-13.370619],[130.324474,-13.35296]]]}},{"type":"Feature","properties":{"dissolve":"342River","scalerank":6.0,"featurecla":"River","name":"Mamberamo","name_alt":null,"rivernum":342,"note":null,"min_zoom":5.0,"name_en":"Mamberamo","min_label":6.0},"bbox":[137.793468,-3.231948,138.702159,-1.484226],"geometry":{"type":"MultiLineString","coordinates":[[[138.702159,-3.190444],[138.695893,-3.187921],[138.689057,-3.186456],[138.677664,-3.190362],[138.685476,-3.21323],[138.676768,-3.2256],[138.657237,-3.23089],[138.633311,-3.231948],[138.614268,-3.230401],[138.601573,-3.22381],[138.593842,-3.209161],[138.588878,-3.183526],[138.589854,-3.084812],[138.592784,-3.077],[138.598725,-3.073663],[138.60963,-3.069838],[138.609874,-3.060724],[138.60255,-3.039565],[138.590831,-2.982843],[138.588878,-2.960789],[138.585867,-2.952813],[138.570567,-2.928074],[138.564952,-2.922865],[138.556163,-2.925714],[138.538992,-2.939142],[138.527436,-2.943373],[138.507091,-2.942885],[138.490652,-2.936456],[138.462901,-2.913263],[138.45574,-2.895033],[138.460948,-2.845717],[138.459239,-2.827325],[138.444347,-2.813002],[138.426768,-2.801609],[138.419363,-2.786798],[138.434988,-2.76214],[138.426768,-2.755548],[138.424408,-2.676446],[138.415945,-2.65838],[138.3838,-2.616388],[138.373139,-2.60825],[138.355479,-2.586847],[138.274913,-2.49448],[138.201752,-2.386895],[138.175792,-2.363132],[138.102306,-2.326511],[138.06544,-2.314386],[138.047781,-2.304213],[138.040131,-2.289483],[138.029877,-2.284356],[137.981537,-2.283217],[137.965831,-2.279229],[137.960948,-2.27101],[137.955577,-2.247573],[137.952159,-2.237644],[137.946381,-2.228367],[137.927826,-2.207208],[137.905772,-2.153741],[137.894623,-2.150323],[137.881358,-2.150567],[137.870128,-2.148858],[137.848399,-2.132013],[137.821218,-2.089532],[137.804291,-2.070001],[137.795909,-2.052586],[137.793468,-2.026218],[137.799083,-2.003595],[137.814871,-1.998061],[137.820323,-2.005222],[137.821544,-2.016615],[137.824636,-2.02752],[137.83546,-2.03224],[137.843354,-2.027683],[137.845876,-2.016941],[137.844168,-2.004408],[137.838878,-1.994643],[137.83839,-1.986668],[137.846446,-1.976902],[137.866466,-1.960138],[137.870209,-1.952081],[137.871511,-1.939386],[137.870128,-1.915541],[137.866628,-1.8978],[137.86085,-1.883966],[137.85198,-1.871515],[137.838878,-1.857436],[137.834076,-1.843601],[137.839854,-1.828058],[137.855968,-1.799493],[137.843842,-1.798354],[137.831554,-1.79575],[137.822765,-1.78989],[137.821788,-1.778985],[137.830496,-1.770929],[137.86142,-1.767104],[137.87322,-1.761895],[137.884695,-1.740248],[137.838796,-1.732436],[137.828624,-1.703953],[137.843435,-1.68019],[137.870616,-1.652358],[137.891368,-1.623549],[137.8803,-1.573419],[137.888682,-1.540867],[137.910492,-1.484226]]]}},{"type":"Feature","properties":{"dissolve":"35River","scalerank":2.0,"featurecla":"River","name":"Za","name_alt":null,"rivernum":35,"note":null,"min_zoom":2.1,"name_en":"Za","min_label":3.1},"bbox":[94.083995,31.957343,96.941335,33.217882],"geometry":{"type":"MultiLineString","coordinates":[[[94.083995,33.155829],[94.092784,33.158067],[94.112804,33.167914],[94.136729,33.172227],[94.16505,33.181667],[94.176768,33.183783],[94.221609,33.177802],[94.305431,33.153022],[94.348074,33.149685],[94.447765,33.163275],[94.457286,33.167914],[94.463959,33.178778],[94.46933,33.19127],[94.475027,33.201199],[94.484386,33.207953],[94.497488,33.213202],[94.512136,33.216661],[94.526296,33.217882],[94.579112,33.212185],[94.591075,33.208035],[94.601736,33.199774],[94.615001,33.191962],[94.628184,33.186103],[94.705007,33.176947],[94.723562,33.1789],[94.76588,33.190619],[94.789561,33.187608],[94.860769,33.168158],[94.875662,33.159532],[94.880382,33.148993],[94.891775,33.138739],[94.916596,33.122341],[94.946788,33.095486],[94.958263,33.087592],[94.965261,33.100409],[94.979503,33.096503],[94.996023,33.086453],[95.009369,33.080756],[95.028819,33.078884],[95.049897,33.073432],[95.068777,33.065009],[95.081147,33.054063],[95.085948,33.043036],[95.08546,33.03502],[95.082774,33.027126],[95.081147,33.015896],[95.083263,33.00613],[95.092703,32.986111],[95.094737,32.974311],[95.093191,32.965277],[95.090424,32.961005],[95.089936,32.957343],[95.094737,32.950385],[95.10434,32.941596],[95.11435,32.936835],[95.125011,32.937364],[95.135753,32.9442],[95.2046,32.911322],[95.217703,32.895819],[95.23463,32.909003],[95.252452,32.907253],[95.287201,32.888943],[95.350108,32.879421],[95.398448,32.853624],[95.438569,32.849392],[95.523448,32.854804],[95.557709,32.847968],[95.588959,32.830268],[95.61378,32.805854],[95.629242,32.77912],[95.64796,32.726996],[95.65032,32.714545],[95.660167,32.714952],[95.718435,32.689765],[95.735037,32.692694],[95.781342,32.661566],[95.807384,32.662421],[95.817475,32.647081],[95.871674,32.599921],[95.934093,32.556749],[95.959727,32.545111],[95.985444,32.538357],[96.003429,32.542914],[96.021088,32.555772],[96.042247,32.562364],[96.163829,32.57453],[96.181082,32.570583],[96.187022,32.563341],[96.195242,32.550076],[96.201182,32.542914],[96.209483,32.537299],[96.229096,32.531277],[96.239268,32.525906],[96.244721,32.519721],[96.2553,32.502875],[96.259776,32.497911],[96.272472,32.4949],[96.29892,32.4949],[96.311046,32.488308],[96.337576,32.451483],[96.362071,32.433783],[96.366791,32.436835],[96.370209,32.44245],[96.375906,32.443915],[96.3921,32.434597],[96.414154,32.418158],[96.428396,32.402452],[96.420909,32.395535],[96.415701,32.384304],[96.424571,32.359158],[96.445404,32.31977],[96.454275,32.294623],[96.458507,32.286241],[96.467296,32.278103],[96.488862,32.263739],[96.493175,32.255561],[96.496186,32.238308],[96.512218,32.197577],[96.519949,32.183214],[96.533132,32.166083],[96.548595,32.155626],[96.567882,32.150499],[96.592459,32.149115],[96.601166,32.146999],[96.615652,32.137559],[96.62672,32.135443],[96.632335,32.133328],[96.641612,32.123887],[96.647227,32.121772],[96.653087,32.123155],[96.658214,32.126166],[96.664073,32.128607],[96.671397,32.128607],[96.681163,32.124945],[96.686697,32.120632],[96.693451,32.116645],[96.705496,32.114325],[96.712901,32.115302],[96.733165,32.120551],[96.742686,32.121772],[96.759288,32.11225],[96.769054,32.06505],[96.780528,32.046698],[96.792735,32.044257],[96.822846,32.048774],[96.835216,32.046698],[96.84669,32.036566],[96.847992,32.026801],[96.844493,32.015815],[96.842052,32.002021],[96.851329,31.976101],[96.873057,31.966498],[96.898204,31.963446],[96.917735,31.957343],[96.941335,31.965522]]]}},{"type":"Feature","properties":{"dissolve":"367River","scalerank":6.0,"featurecla":"River","name":"Min","name_alt":null,"rivernum":367,"note":null,"min_zoom":5.0,"name_en":"Min","min_label":6.0},"bbox":[103.716238,28.784369,104.599294,29.561347],"geometry":{"type":"MultiLineString","coordinates":[[[103.716238,29.558946],[103.741222,29.561347],[103.755056,29.556342],[103.763194,29.544013],[103.788992,29.46247],[103.790538,29.438544],[103.793956,29.421332],[103.812266,29.371772],[103.822276,29.356309],[103.842865,29.344102],[103.860606,29.338162],[103.870209,29.328437],[103.866303,29.305121],[103.860037,29.298448],[103.852061,29.294786],[103.847992,29.289578],[103.852631,29.277777],[103.859467,29.272081],[103.867442,29.271837],[103.876557,29.272773],[103.887543,29.271023],[103.902924,29.263251],[103.952403,29.226264],[103.962901,29.209093],[103.970144,29.168728],[103.979991,29.15119],[104.004812,29.12169],[104.021007,29.115994],[104.043956,29.12698],[104.058849,29.112006],[104.069916,29.096137],[104.084483,29.083686],[104.121511,29.077216],[104.130789,29.073757],[104.138276,29.06863],[104.144786,29.062323],[104.157237,29.048774],[104.16505,29.042589],[104.174815,29.037624],[104.217052,29.030626],[104.235362,29.023464],[104.243093,29.006863],[104.246755,29.0008],[104.266124,28.992214],[104.274099,28.98668],[104.285737,28.974311],[104.285737,28.971137],[104.273204,28.92182],[104.274343,28.902289],[104.287852,28.883653],[104.307546,28.86994],[104.382335,28.832302],[104.424897,28.816596],[104.454112,28.79682],[104.472667,28.791449],[104.492279,28.791938],[104.511241,28.798041],[104.533621,28.819403],[104.547537,28.827338],[104.561534,28.821885],[104.599294,28.784369]]]}},{"type":"Feature","properties":{"dissolve":"371Lake Centerline","scalerank":7.0,"featurecla":"Lake Centerline","name":"Jhelum","name_alt":null,"rivernum":371,"note":null,"min_zoom":6.0,"name_en":"Jhelum","min_label":7.0},"bbox":[73.597748,33.142198,74.594168,34.398464],"geometry":{"type":"MultiLineString","coordinates":[[[74.594168,34.379584],[74.594005,34.379706],[74.593842,34.37991],[74.585704,34.391059],[74.569021,34.398464],[74.549734,34.391384],[74.540538,34.374864],[74.549246,34.336453],[74.5442,34.314073],[74.531749,34.301622]],[[73.597748,33.32099],[73.600027,33.313829],[73.602061,33.301093],[73.601492,33.285102],[73.604503,33.266384],[73.612804,33.249294],[73.62558,33.230333],[73.641043,33.216986],[73.655365,33.205512],[73.6692,33.187812],[73.672862,33.16828],[73.657237,33.150662],[73.642996,33.142198]]]}},{"type":"Feature","properties":{"dissolve":"371River","scalerank":7.0,"featurecla":"River","name":"Jhelum","name_alt":null,"rivernum":371,"note":null,"min_zoom":6.0,"name_en":"Jhelum","min_label":7.0},"bbox":[72.11085,31.183295,75.366222,34.37991],"geometry":{"type":"MultiLineString","coordinates":[[[74.531749,34.301622],[74.40797,34.268907],[74.375906,34.249538],[74.35255,34.222113],[74.340343,34.214423],[74.29892,34.207343],[74.287527,34.197292],[74.279226,34.185899],[74.26946,34.177517],[74.259939,34.175849],[74.238292,34.178168],[74.228526,34.177517],[74.22047,34.173896],[74.194347,34.15705],[74.17392,34.150906],[74.118663,34.149604],[74.087901,34.13642],[74.053722,34.114325],[74.020437,34.098822],[73.991954,34.105251],[73.974864,34.111518],[73.912852,34.101833],[73.896251,34.105251],[73.880626,34.113837],[73.851736,34.136542],[73.818614,34.156033],[73.785167,34.166205],[73.707612,34.170681],[73.690929,34.174994],[73.660248,34.193712],[73.627452,34.202989],[73.610769,34.214871],[73.584076,34.238959],[73.539236,34.297431],[73.513438,34.324042],[73.481049,34.33515],[73.472585,34.335801],[73.466807,34.336982],[73.461192,34.337185],[73.453868,34.33515],[73.460216,34.319037],[73.487885,34.198025],[73.488862,34.180935],[73.486908,34.146186],[73.487885,34.129096],[73.50587,34.067939],[73.516124,34.007351],[73.577403,33.90998],[73.580089,33.876247],[73.564708,33.802924],[73.573985,33.776557],[73.586029,33.761746],[73.593354,33.74494],[73.596934,33.726833],[73.597748,33.707953],[73.593272,33.69477],[73.575125,33.662624],[73.573985,33.653347],[73.575857,33.646918],[73.570567,33.633002],[73.573985,33.625759],[73.601166,33.605251],[73.612234,33.592475],[73.622651,33.574774],[73.630463,33.556098],[73.632498,33.540066],[73.628673,33.530463],[73.622,33.527411],[73.615652,33.525458],[73.612234,33.518988],[73.612397,33.509345],[73.620209,33.476508],[73.623464,33.46894],[73.625906,33.460964],[73.625255,33.45128],[73.619884,33.447821],[73.610769,33.44599],[73.601736,33.440782],[73.592052,33.410915],[73.580333,33.398993],[73.5713,33.386583],[73.573985,33.36876],[73.584402,33.354682],[73.595876,33.342068],[73.600841,33.332099],[73.597748,33.32099]],[[75.366222,33.444444],[75.356944,33.47724],[75.35255,33.484809],[75.342784,33.492255],[75.324636,33.49669],[75.314708,33.502224],[75.249522,33.553738],[75.207612,33.569607],[75.188569,33.582872],[75.180593,33.605251],[75.174327,33.615587],[75.132823,33.669786],[75.109955,33.69538],[75.105479,33.704535],[75.106456,33.717393],[75.110932,33.726101],[75.116222,33.733344],[75.118582,33.742377],[75.116222,33.763454],[75.110037,33.782986],[75.101573,33.800238],[75.091889,33.814399],[75.085216,33.820665],[75.066661,33.833767],[75.019542,33.879584],[75.007335,33.898505],[74.994151,33.935899],[74.982595,33.950954],[74.963796,33.957628],[74.916433,33.964911],[74.90683,33.975165],[74.905528,34.000027],[74.900483,34.014919],[74.890147,34.026068],[74.717459,34.140163],[74.639415,34.238959],[74.625499,34.251532],[74.620697,34.25849],[74.618744,34.270046],[74.621023,34.28205],[74.630382,34.302029],[74.632498,34.310981],[74.629649,34.333075],[74.622,34.347602],[74.593842,34.37991]],[[73.642996,33.142198],[73.620046,33.123562],[73.638113,33.102322],[73.670421,33.083848],[73.729747,33.061632],[73.761241,33.044704],[73.777924,33.018175],[73.769786,32.977729],[73.763682,32.969509],[73.754161,32.960395],[73.743907,32.95246],[73.735362,32.947333],[73.727957,32.94005],[73.712901,32.915798],[73.700776,32.906317],[73.687755,32.89879],[73.680268,32.891466],[73.674571,32.88406],[73.66684,32.875922],[73.62379,32.850613],[73.612234,32.841173],[73.602061,32.820421],[73.590343,32.770616],[73.577403,32.755479],[73.563243,32.747097],[73.556244,32.738837],[73.551362,32.729438],[73.543224,32.717637],[73.532725,32.707099],[73.522227,32.700141],[73.468842,32.677436],[73.418549,32.648261],[73.37672,32.640326],[73.346934,32.630479],[73.330333,32.628241],[73.285167,32.635525],[73.26946,32.635118],[73.266612,32.607449],[73.228119,32.596991],[73.065684,32.581122],[73.026541,32.572333],[72.99171,32.54975],[72.976085,32.543728],[72.933035,32.543158],[72.916026,32.536444],[72.884858,32.511786],[72.774832,32.455878],[72.73349,32.442003],[72.693451,32.436469],[72.611339,32.436469],[72.603933,32.433621],[72.591726,32.419013],[72.583914,32.412909],[72.572358,32.409125],[72.535818,32.402371],[72.503917,32.381415],[72.484467,32.356553],[72.46339,32.335883],[72.42628,32.327257],[72.399913,32.315863],[72.372813,32.288886],[72.350108,32.257148],[72.336518,32.231635],[72.306082,32.13821],[72.302419,32.10753],[72.293956,32.078192],[72.25351,32.032823],[72.240326,32.005723],[72.240733,31.987494],[72.251882,31.948554],[72.2553,31.919053],[72.257091,31.911404],[72.265066,31.895209],[72.266856,31.885077],[72.263194,31.876899],[72.258067,31.869249],[72.254649,31.861111],[72.250906,31.829291],[72.247488,31.815863],[72.232921,31.785956],[72.223155,31.770819],[72.211681,31.757188],[72.199718,31.748114],[72.180919,31.728827],[72.167247,31.697455],[72.142589,31.569281],[72.137625,31.498481],[72.13144,31.479804],[72.124929,31.467393],[72.126475,31.45954],[72.129893,31.451239],[72.131765,31.443061],[72.132823,31.433458],[72.137625,31.417304],[72.138601,31.409247],[72.134939,31.398993],[72.12672,31.393622],[72.117442,31.389187],[72.111339,31.381293],[72.11085,31.366563],[72.124929,31.313056],[72.124929,31.280707],[72.129324,31.265652],[72.142019,31.24787],[72.155528,31.235541],[72.158295,31.229438],[72.15919,31.217108],[72.155854,31.20954],[72.141694,31.200507],[72.138601,31.192939],[72.138764,31.183295]]]}},{"type":"Feature","properties":{"dissolve":"385Lake Centerline","scalerank":7.0,"featurecla":"Lake Centerline","name":"Fuchun","name_alt":null,"rivernum":385,"note":null,"min_zoom":6.0,"name_en":"Fuchun","min_label":7.0},"bbox":[118.717784,29.50373,119.195567,29.726345],"geometry":{"type":"MultiLineString","coordinates":[[[119.195567,29.50373],[119.176768,29.511176],[119.152192,29.515692],[119.103526,29.526679],[119.077403,29.538113],[118.97462,29.588568],[118.940033,29.617499],[118.917979,29.643988],[118.897065,29.655585],[118.875662,29.656806],[118.855561,29.660509],[118.831472,29.671942],[118.805919,29.682074],[118.783946,29.693671],[118.759532,29.705186],[118.737315,29.720974],[118.717784,29.726345]]]}},{"type":"Feature","properties":{"dissolve":"385River","scalerank":7.0,"featurecla":"River","name":"Fuchun","name_alt":null,"rivernum":385,"note":null,"min_zoom":6.0,"name_en":"Fuchun","min_label":7.0},"bbox":[117.785167,29.480007,120.160167,30.195828],"geometry":{"type":"MultiLineString","coordinates":[[[117.785167,29.707302],[117.793956,29.715155],[117.813975,29.743109],[117.831065,29.756659],[117.847667,29.75495],[117.896251,29.718085],[117.976654,29.675482],[117.98642,29.673122],[117.999929,29.67414],[118.007742,29.677314],[118.030203,29.694403],[118.035818,29.697618],[118.04184,29.699408],[118.047944,29.699164],[118.054698,29.696479],[118.065522,29.681993],[118.072765,29.661933],[118.081391,29.645616],[118.095876,29.642198],[118.121349,29.644721],[118.159597,29.633979],[118.183849,29.638983],[118.274832,29.682969],[118.302013,29.700629],[118.350515,29.745185],[118.376964,29.76142],[118.404877,29.763699],[118.425955,29.749945],[118.462169,29.709093],[118.469493,29.704901],[118.498139,29.692939],[118.530284,29.683865],[118.558116,29.68769],[118.615652,29.711697],[118.666026,29.725531],[118.691987,29.728217],[118.717784,29.726345]],[[119.195567,29.50373],[119.238699,29.480007],[119.274018,29.48961],[119.308116,29.509874],[119.346934,29.518012],[119.347585,29.515937],[119.35019,29.511257],[119.354747,29.506374],[119.360606,29.50373],[119.36614,29.504218],[119.416026,29.526557],[119.42213,29.52794],[119.433523,29.532009],[119.504487,29.538438],[119.534923,29.555935],[119.56894,29.584499],[119.599701,29.617214],[119.620616,29.647081],[119.655528,29.770046],[119.675304,29.805365],[119.751069,29.869981],[119.768484,29.872504],[119.786388,29.872911],[119.805675,29.87991],[119.823009,29.895535],[119.86378,29.95246],[119.872081,29.959093],[119.890554,29.967637],[119.898448,29.973253],[119.908132,29.984198],[119.92921,30.017646],[119.945323,30.037543],[119.95989,30.045111],[120.025808,30.046902],[120.045421,30.051866],[120.122813,30.082831],[120.140391,30.093451],[120.158783,30.11046],[120.160167,30.124945],[120.128835,30.153266],[120.121023,30.168524],[120.122976,30.180243],[120.128022,30.189276],[120.136648,30.194688],[120.148936,30.195828]]]}},{"type":"Feature","properties":{"dissolve":"386Lake Centerline","scalerank":7.0,"featurecla":"Lake Centerline","name":"Mae Klong","name_alt":null,"rivernum":386,"note":null,"min_zoom":6.0,"name_en":"Mae Klong","min_label":7.0},"bbox":[99.033295,14.410509,99.149343,15.043647],"geometry":{"type":"MultiLineString","coordinates":[[[99.039154,15.043647],[99.045828,15.032742],[99.059825,15.015652],[99.074148,15.003607],[99.084565,14.989081],[99.091319,14.966376],[99.102957,14.941107],[99.108653,14.922553],[99.089692,14.906358],[99.068777,14.890652],[99.061534,14.874864],[99.053152,14.858588],[99.043224,14.843533],[99.037527,14.82628],[99.036632,14.81037],[99.037039,14.788438],[99.033295,14.764024],[99.033621,14.741726],[99.04005,14.714423],[99.049897,14.573676],[99.062266,14.531521],[99.0796,14.494208],[99.098643,14.469428],[99.139903,14.423122],[99.149343,14.410509]]]}},{"type":"Feature","properties":{"dissolve":"386River","scalerank":7.0,"featurecla":"River","name":"Mae Klong","name_alt":null,"rivernum":386,"note":null,"min_zoom":6.0,"name_en":"Mae Klong","min_label":7.0},"bbox":[98.809011,13.372016,100.001394,16.175645],"geometry":{"type":"MultiLineString","coordinates":[[[98.891612,16.175645],[98.88795,16.103827],[98.880951,16.093126],[98.867686,16.086941],[98.856049,16.071316],[98.851085,16.051134],[98.857432,16.031073],[98.835948,16.01911],[98.823416,16.007921],[98.817882,15.993842],[98.816417,15.973009],[98.82366,15.906114],[98.829519,15.887722],[98.850352,15.859971],[98.857595,15.841498],[98.846772,15.833075],[98.839122,15.82213],[98.809011,15.764187],[98.810313,15.74905],[98.820323,15.714138],[98.822683,15.692165],[98.828868,15.67711],[98.882498,15.610867],[98.89446,15.59044],[98.897065,15.572943],[98.8331,15.539252],[98.822683,15.531358],[98.816905,15.515977],[98.820079,15.501003],[98.826182,15.484931],[98.832774,15.447781],[98.841075,15.434678],[98.864268,15.41474],[98.887706,15.384223],[98.899669,15.362576],[98.89503,15.352647],[98.885916,15.343777],[98.89088,15.32331],[98.902273,15.300401],[98.912608,15.284369],[98.901541,15.273871],[98.903575,15.26142],[98.918875,15.229763],[98.920828,15.211046],[98.920095,15.193386],[98.922374,15.176622],[98.932546,15.160834],[98.939138,15.158515],[98.959483,15.156562],[98.965912,15.154079],[98.969005,15.147325],[98.97405,15.1199],[98.985037,15.096747],[98.991954,15.08747],[99.039154,15.043647]],[[99.149343,14.410509],[99.153087,14.408515],[99.154552,14.404608],[99.155528,14.399359],[99.158376,14.393663],[99.160574,14.388129],[99.16269,14.372504],[99.165294,14.3664],[99.171397,14.361396],[99.187022,14.35574],[99.192475,14.352118],[99.208588,14.322211],[99.216807,14.317939],[99.22462,14.305447],[99.239513,14.246934],[99.247813,14.229193],[99.238455,14.21369],[99.245046,14.198188],[99.258881,14.186143],[99.271414,14.181423],[99.276541,14.178249],[99.287039,14.16413],[99.292084,14.160956],[99.329845,14.146674],[99.340587,14.140652],[99.360362,14.125922],[99.371349,14.11994],[99.407237,14.113064],[99.416026,14.109158],[99.431651,14.095038],[99.437429,14.08629],[99.439708,14.074978],[99.445404,14.064276],[99.458507,14.062038],[99.480561,14.064724],[99.48406,14.065985],[99.489268,14.069281],[99.495209,14.072048],[99.50172,14.07156],[99.502452,14.068061],[99.500987,14.054877],[99.50172,14.051093],[99.523367,14.034288],[99.527761,14.034003],[99.535492,14.016547],[99.554128,13.998847],[99.576915,13.984076],[99.59726,13.975369],[99.628347,13.971788],[99.637625,13.969102],[99.64446,13.963324],[99.661388,13.945095],[99.668956,13.94123],[99.741222,13.948676],[99.746186,13.951687],[99.750255,13.957099],[99.755056,13.961493],[99.761729,13.961697],[99.766531,13.957343],[99.767345,13.951728],[99.765147,13.947862],[99.761729,13.948676],[99.76588,13.942572],[99.775401,13.920722],[99.796641,13.89643],[99.823253,13.872911],[99.868175,13.846951],[99.877859,13.831977],[99.880382,13.810899],[99.874278,13.789862],[99.851085,13.749376],[99.856863,13.74079],[99.86378,13.724229],[99.865245,13.708197],[99.854503,13.700995],[99.838878,13.696072],[99.832042,13.683539],[99.830496,13.6671],[99.830577,13.650417],[99.827159,13.641303],[99.812022,13.617621],[99.809581,13.606024],[99.813243,13.600287],[99.827566,13.592963],[99.830577,13.58865],[99.829275,13.563544],[99.830577,13.557644],[99.838634,13.550808],[99.868907,13.533718],[99.881847,13.530341],[99.902843,13.531033],[99.910167,13.52619],[99.922862,13.512966],[99.956147,13.449327],[99.977061,13.42121],[100.001394,13.420478],[99.997813,13.395372],[99.997976,13.383734],[100.001394,13.372016]]]}},{"type":"Feature","properties":{"dissolve":"387Lake Centerline","scalerank":7.0,"featurecla":"Lake Centerline","name":"Yom","name_alt":null,"rivernum":387,"note":null,"min_zoom":6.0,"name_en":"Yom","min_label":7.0},"bbox":[100.470714,17.776557,100.612641,18.039659],"geometry":{"type":"MultiLineString","coordinates":[[[100.612641,18.039659],[100.590587,18.035997],[100.568451,18.027167],[100.544932,18.012763],[100.526296,17.997382],[100.48585,17.937527],[100.474132,17.910509],[100.470714,17.886908],[100.487804,17.863349],[100.511485,17.844265],[100.524994,17.826117],[100.540131,17.796739],[100.55185,17.776557]]]}},{"type":"Feature","properties":{"dissolve":"387River","scalerank":7.0,"featurecla":"River","name":"Yom","name_alt":null,"rivernum":387,"note":null,"min_zoom":6.0,"name_en":"Yom","min_label":7.0},"bbox":[100.063406,15.70657,101.180675,19.554063],"geometry":{"type":"MultiLineString","coordinates":[[[101.180675,19.327582],[101.172862,19.34394],[101.16212,19.415066],[101.152354,19.446153],[101.111827,19.513129],[101.101085,19.523993],[101.074962,19.541612],[101.063975,19.554063],[101.05714,19.554063],[101.046886,19.541124],[101.027436,19.524726],[101.005626,19.516181],[100.98821,19.526801],[100.981375,19.526801],[100.972667,19.517157],[100.962576,19.515489],[100.932384,19.521064],[100.926524,19.524237],[100.921641,19.525906],[100.91627,19.523017],[100.887706,19.499701],[100.879812,19.485704],[100.87379,19.469794],[100.871511,19.457872],[100.875255,19.444281],[100.881358,19.431016],[100.883556,19.420925],[100.854015,19.404893],[100.846283,19.376899],[100.846934,19.344794],[100.854503,19.292182],[100.850352,19.263943],[100.837901,19.240098],[100.816335,19.225165],[100.816335,19.217719],[100.823822,19.214382],[100.829194,19.208564],[100.837413,19.190985],[100.821788,19.182563],[100.814545,19.17296],[100.809011,19.125067],[100.789643,19.073676],[100.787527,19.055243],[100.789643,19.012234],[100.776541,18.960069],[100.775971,18.943956],[100.780365,18.925808],[100.788666,18.909044],[100.799083,18.894314],[100.810069,18.881903],[100.819428,18.878241],[100.828054,18.880805],[100.834239,18.880439],[100.837413,18.868232],[100.810069,18.848334],[100.805186,18.833197],[100.800548,18.795193],[100.795909,18.779486],[100.77589,18.75373],[100.768891,18.736884],[100.775971,18.724229],[100.768484,18.720811],[100.761648,18.716824],[100.762299,18.71247],[100.763113,18.711615],[100.764903,18.711778],[100.768484,18.710557],[100.762787,18.699897],[100.763682,18.689561],[100.768891,18.679551],[100.775971,18.670233],[100.761648,18.662787],[100.771902,18.657904],[100.775971,18.656562],[100.762706,18.641303],[100.767589,18.594509],[100.761648,18.573432],[100.766043,18.572089],[100.769135,18.570624],[100.771495,18.568956],[100.77296,18.567165],[100.774099,18.563056],[100.774506,18.552924],[100.775971,18.546698],[100.795909,18.508857],[100.80128,18.502997],[100.825125,18.49787],[100.830577,18.4949],[100.834239,18.460517],[100.837413,18.450507],[100.853038,18.422146],[100.862397,18.399522],[100.861339,18.389024],[100.874929,18.3817],[100.887787,18.364285],[100.896983,18.343858],[100.899506,18.327582],[100.890554,18.308661],[100.863455,18.293565],[100.857921,18.276068],[100.85377,18.253933],[100.844168,18.239529],[100.832774,18.226915],[100.823741,18.210313],[100.819835,18.188422],[100.819753,18.169949],[100.817393,18.153632],[100.806651,18.138292],[100.703298,18.050401],[100.673106,18.037665],[100.645518,18.046454],[100.637462,18.042182],[100.627859,18.040554],[100.612641,18.039659]],[[100.55185,17.776557],[100.555675,17.770819],[100.560476,17.766791],[100.566824,17.765245],[100.567393,17.759467],[100.551362,17.74726],[100.532156,17.736274],[100.522716,17.734239],[100.5053,17.718777],[100.467296,17.706814],[100.431163,17.705878],[100.418956,17.7237],[100.412852,17.7237],[100.405528,17.713894],[100.397227,17.711249],[100.38974,17.714911],[100.384858,17.7237],[100.371104,17.695583],[100.351329,17.680203],[100.255382,17.644151],[100.237804,17.641791],[100.227631,17.643337],[100.222585,17.648017],[100.220714,17.655463],[100.22047,17.665635],[100.216889,17.666693],[100.193126,17.669053],[100.147472,17.655829],[100.126394,17.64586],[100.117442,17.631171],[100.114513,17.627468],[100.108409,17.622138],[100.103608,17.613796],[100.104421,17.600775],[100.109793,17.596137],[100.138601,17.580268],[100.131114,17.559841],[100.127208,17.562567],[100.117442,17.567247],[100.113455,17.549506],[100.116628,17.536933],[100.122081,17.523139],[100.12794,17.481147],[100.139171,17.444363],[100.138601,17.429511],[100.132335,17.421658],[100.124604,17.420193],[100.116954,17.419949],[100.110606,17.415839],[100.110444,17.406928],[100.115733,17.398057],[100.117686,17.391221],[100.107514,17.388495],[100.086355,17.37698],[100.080089,17.374823],[100.072358,17.369737],[100.069428,17.357774],[100.070242,17.333279],[100.073822,17.314154],[100.087169,17.283962],[100.090017,17.268744],[100.084727,17.251003],[100.07366,17.237901],[100.063975,17.223741],[100.063406,17.202948],[100.077566,17.172471],[100.101654,17.143663],[100.166596,17.084988],[100.177257,17.070258],[100.180268,17.056749],[100.165131,17.052069],[100.165131,17.045925],[100.176687,17.041449],[100.199962,17.024766],[100.199962,17.018581],[100.18629,17.018581],[100.18629,17.011094],[100.201182,17.001492],[100.208018,16.988227],[100.212576,16.972846],[100.22047,16.956488],[100.206716,16.956488],[100.206716,16.949734],[100.217459,16.943956],[100.218842,16.934516],[100.217703,16.922431],[100.22047,16.908718],[100.224132,16.906317],[100.237641,16.902615],[100.240896,16.901231],[100.248464,16.874579],[100.247813,16.869656],[100.243582,16.866238],[100.239757,16.861884],[100.240896,16.854071],[100.258067,16.848456],[100.261974,16.846625],[100.268484,16.838324],[100.27239,16.830878],[100.272878,16.822943],[100.268891,16.813096],[100.259369,16.804958],[100.248546,16.803412],[100.237234,16.803249],[100.227306,16.798896],[100.217703,16.786933],[100.216889,16.777696],[100.237804,16.74018],[100.282481,16.682807],[100.277273,16.67418],[100.274994,16.669135],[100.268891,16.669135],[100.254893,16.676622],[100.253917,16.66059],[100.261974,16.624457],[100.260834,16.612982],[100.255789,16.593573],[100.254649,16.583523],[100.256114,16.572211],[100.261974,16.550889],[100.261974,16.538153],[100.271495,16.542548],[100.274994,16.544989],[100.279307,16.539171],[100.281505,16.53266],[100.282481,16.514594],[100.286713,16.510118],[100.296153,16.51142],[100.305593,16.516059],[100.313975,16.525743],[100.322846,16.524685],[100.332123,16.521104],[100.337169,16.518337],[100.339122,16.509711],[100.336518,16.486843],[100.337169,16.477362],[100.344656,16.461859],[100.381847,16.418728],[100.390391,16.403022],[100.388438,16.38935],[100.384044,16.373969],[100.384858,16.353217],[100.388927,16.35102],[100.396007,16.351182],[100.402924,16.348253],[100.408132,16.326361],[100.417003,16.307969],[100.418956,16.302029],[100.425873,16.250515],[100.426524,16.230292],[100.423595,16.210273],[100.414643,16.181912],[100.402761,16.110948],[100.405935,16.099921],[100.405935,16.093126],[100.388764,16.067694],[100.375255,16.037787],[100.356456,16.009792],[100.323416,15.990098],[100.327403,15.980821],[100.320567,15.969835],[100.302989,15.949164],[100.299815,15.937323],[100.296153,15.897284],[100.288666,15.889716],[100.25587,15.875027],[100.248464,15.863796],[100.250987,15.835761],[100.247488,15.825629],[100.234793,15.818793],[100.236746,15.815985],[100.237234,15.814887],[100.238048,15.814032],[100.240896,15.811957],[100.240896,15.805732],[100.23821,15.8039],[100.236746,15.804023],[100.235769,15.803087],[100.234793,15.798285],[100.227306,15.798285],[100.225108,15.802802],[100.222179,15.807685],[100.22047,15.811957],[100.214285,15.811957],[100.217459,15.802314],[100.22462,15.7956],[100.231619,15.7921],[100.234793,15.7921],[100.232921,15.781562],[100.228038,15.77851],[100.222992,15.77615],[100.22047,15.767605],[100.217296,15.762397],[100.203136,15.756903],[100.199962,15.753933],[100.196381,15.754665],[100.188569,15.747829],[100.18157,15.739773],[100.179454,15.736884],[100.140717,15.70657]]]}},{"type":"Feature","properties":{"dissolve":"403Lake Centerline","scalerank":7.0,"featurecla":"Lake Centerline","name":"Cauvery","name_alt":null,"rivernum":403,"note":null,"min_zoom":6.0,"name_en":"Cauvery","min_label":7.0},"bbox":[76.432221,11.817084,77.830577,12.516303],"geometry":{"type":"MultiLineString","coordinates":[[[76.432221,12.516303],[76.432384,12.51614],[76.437592,12.507595],[76.455007,12.487087],[76.462169,12.476874],[76.462494,12.476142],[76.469005,12.467231],[76.47462,12.460883],[76.496593,12.452501],[76.520518,12.44599],[76.535248,12.44127],[76.545339,12.438544],[76.572276,12.427354]],[[77.674897,11.970526],[77.672374,11.961208],[77.687429,11.948188],[77.717459,11.945665],[77.738292,11.93948],[77.75172,11.927273],[77.775483,11.919623],[77.808442,11.916205],[77.826427,11.910956],[77.830577,11.898505],[77.826427,11.878689],[77.818614,11.857042],[77.816417,11.843858],[77.817149,11.82864],[77.816824,11.817084]]]}},{"type":"Feature","properties":{"dissolve":"403River","scalerank":7.0,"featurecla":"River","name":"Cauvery","name_alt":null,"rivernum":403,"note":null,"min_zoom":6.0,"name_en":"Cauvery","min_label":7.0},"bbox":[75.660411,10.338324,79.841238,12.619167],"geometry":{"type":"MultiLineString","coordinates":[[[76.572276,12.427354],[76.591889,12.421413],[76.602143,12.419542],[76.61321,12.419949],[76.624604,12.42418],[76.645518,12.437567],[76.657644,12.440375],[76.666596,12.438341],[76.686697,12.429389],[76.698741,12.427354],[76.708425,12.424506],[76.726085,12.410956],[76.736501,12.406277],[76.765147,12.406358],[76.778738,12.400458],[76.784434,12.382351],[76.79241,12.367011],[76.846446,12.310085],[76.882742,12.256374],[76.89088,12.248603],[76.896902,12.24433],[76.904307,12.234931],[76.913666,12.225531],[76.925304,12.221259],[76.937999,12.222846],[76.96933,12.235541],[77.015554,12.238145],[77.016368,12.212592],[77.011322,12.182888],[77.038992,12.172878],[77.045909,12.171698],[77.052175,12.169704],[77.05657,12.171942],[77.058116,12.183702],[77.062266,12.186835],[77.082286,12.188096],[77.089854,12.190538],[77.096446,12.193874],[77.115245,12.198554],[77.120209,12.200792],[77.124766,12.211737],[77.12322,12.220893],[77.120372,12.228705],[77.120209,12.235541],[77.128998,12.248155],[77.153331,12.263007],[77.164968,12.272773],[77.172537,12.285712],[77.176768,12.297471],[77.182872,12.308132],[77.195893,12.317491],[77.212494,12.311143],[77.280935,12.310085],[77.299327,12.306342],[77.346202,12.282742],[77.36614,12.282904],[77.413259,12.292589],[77.424897,12.292996],[77.449229,12.259467],[77.476573,12.241767],[77.480398,12.231553],[77.478445,12.214626],[77.483409,12.207628],[77.492198,12.205512],[77.667735,12.203925],[77.698416,12.198065],[77.724539,12.184882],[77.732921,12.174628],[77.734955,12.163601],[77.728445,12.118109],[77.729421,12.079291],[77.727306,12.061103],[77.717214,12.03913],[77.682628,11.996853],[77.674897,11.970526]],[[75.660411,12.337958],[75.677419,12.330593],[75.718354,12.304877],[75.743582,12.284491],[75.752045,12.284206],[75.759369,12.287462],[75.766856,12.289578],[75.797537,12.303819],[75.799734,12.306423],[75.801768,12.310858],[75.805186,12.315212],[75.811127,12.317491],[75.816987,12.316677],[75.822358,12.314073],[75.825857,12.311387],[75.82545,12.310085],[75.849213,12.310858],[75.858979,12.313666],[75.86964,12.320624],[75.884207,12.336371],[75.894216,12.354112],[75.916921,12.426296],[75.92099,12.433539],[75.95517,12.443793],[75.955658,12.464464],[75.959727,12.495185],[75.963796,12.509345],[75.969493,12.522976],[75.977957,12.536648],[76.013601,12.574164],[76.023367,12.587714],[76.030284,12.602484],[76.039236,12.614325],[76.054779,12.619167],[76.109386,12.602566],[76.119151,12.601752],[76.127696,12.58751],[76.165701,12.582302],[76.174327,12.574164],[76.179698,12.555609],[76.192556,12.542914],[76.208588,12.534735],[76.222748,12.529731],[76.22698,12.526231],[76.229096,12.517279],[76.232595,12.515489],[76.238862,12.516669],[76.248057,12.521796],[76.253184,12.522976],[76.263113,12.521064],[76.280365,12.512152],[76.291026,12.509304],[76.343191,12.508002],[76.359304,12.501817],[76.375987,12.49197],[76.38974,12.486029],[76.400076,12.487982],[76.406993,12.501817],[76.40325,12.516181],[76.408214,12.526475],[76.417898,12.529649],[76.432384,12.51614]],[[77.816824,11.817084],[77.800304,11.774685],[77.771414,11.666368],[77.761729,11.650417],[77.750499,11.635769],[77.74114,11.620144],[77.737234,11.601508],[77.740001,11.587022],[77.73935,11.576606],[77.726736,11.554389],[77.727306,11.542548],[77.730235,11.531684],[77.730398,11.522406],[77.726085,11.51557],[77.714122,11.506863],[77.709972,11.501899],[77.706554,11.490749],[77.706472,11.481635],[77.705333,11.473212],[77.687755,11.442816],[77.689708,11.419989],[77.700857,11.397773],[77.716807,11.378363],[77.725597,11.371894],[77.747569,11.360216],[77.757742,11.351101],[77.763194,11.341417],[77.769135,11.322048],[77.774832,11.313544],[77.851085,11.24372],[77.858897,11.227403],[77.860037,11.182888],[77.863292,11.173407],[77.877452,11.154649],[77.880626,11.142198],[77.881928,11.119005],[77.884288,11.107978],[77.888113,11.097846],[77.917003,11.07156],[77.953624,11.076036],[77.993582,11.089545],[78.031993,11.090399],[78.062511,11.07746],[78.080577,11.072089],[78.10377,11.069892],[78.123464,11.061957],[78.142345,11.043036],[78.1692,11.001003],[78.183035,10.968573],[78.189057,10.960028],[78.202403,10.951036],[78.212332,10.952012],[78.22169,10.956977],[78.233816,10.960028],[78.295828,10.958808],[78.363048,10.960517],[78.401378,10.953477],[78.436615,10.939521],[78.486827,10.909451],[78.501557,10.905585],[78.541921,10.905463],[78.562429,10.898627],[78.583995,10.885565],[78.605968,10.877305],[78.62794,10.884955],[78.677989,10.869412]],[[78.600027,10.878119],[78.675792,10.854193],[78.682628,10.843858],[78.698741,10.834296],[78.717214,10.826931],[78.730968,10.823513],[78.861746,10.825751],[78.88559,10.820299]],[[78.88559,10.820299],[78.899832,10.834011],[78.919526,10.842108],[78.941661,10.84455],[78.966807,10.84455],[78.982351,10.84748],[79.023692,10.860785],[79.045665,10.864447],[79.089122,10.864325],[79.10906,10.86697],[79.131602,10.878526],[79.151459,10.884223],[79.155528,10.888048],[79.159434,10.8935],[79.180186,10.907986],[79.189545,10.912869],[79.225678,10.925849],[79.262706,10.934027],[79.433604,10.939561],[79.438975,10.936387],[79.444347,10.929307],[79.451182,10.922227],[79.460541,10.919053],[79.631847,10.934394],[79.6421,10.932685],[79.646983,10.928005],[79.657644,10.910468],[79.662608,10.905463],[79.684011,10.900662],[79.755382,10.905463],[79.76767,10.903144],[79.789806,10.893378],[79.799815,10.89114],[79.81129,10.89411],[79.821788,10.900214],[79.833263,10.905382],[79.841238,10.905463]],[[78.88559,10.820299],[78.901541,10.816677],[78.938406,10.796698],[78.958914,10.793891],[78.980479,10.806098],[79.059255,10.816677],[79.080089,10.813259],[79.12322,10.799262],[79.145274,10.79621],[79.168386,10.797878],[79.209727,10.806098],[79.266531,10.811103],[79.300141,10.809394],[79.333263,10.802598],[79.368337,10.789374],[79.401866,10.763007],[79.429861,10.723822],[79.450857,10.68122],[79.463959,10.644721],[79.472667,10.599392],[79.479991,10.578315],[79.494395,10.559394],[79.500011,10.542996],[79.499441,10.517198],[79.495372,10.491238],[79.490733,10.474066],[79.472097,10.437527],[79.469249,10.415798],[79.48463,10.387641],[79.490326,10.368109],[79.494395,10.364203],[79.50058,10.361925],[79.528575,10.338324]],[[78.881765,10.816677],[78.88559,10.820299]]]}},{"type":"Feature","properties":{"dissolve":"404Lake Centerline","scalerank":7.0,"featurecla":"Lake Centerline","name":"Chambal","name_alt":null,"rivernum":404,"note":null,"min_zoom":6.0,"name_en":"Chambal","min_label":7.0},"bbox":[75.352468,24.22252,75.599864,24.918728],"geometry":{"type":"MultiLineString","coordinates":[[[75.507253,24.743964],[75.507416,24.756944],[75.509939,24.766628],[75.526459,24.774522],[75.548432,24.781562],[75.569265,24.793036],[75.592052,24.810085],[75.599864,24.834906],[75.595714,24.859727],[75.588634,24.876492],[75.577403,24.910183],[75.571707,24.918728]],[[75.385509,24.22252],[75.372325,24.241523],[75.367686,24.252875],[75.358653,24.268866],[75.354584,24.286078],[75.352468,24.306098],[75.364675,24.321316],[75.39088,24.330919],[75.406179,24.33869],[75.445893,24.366889],[75.455333,24.385565],[75.467703,24.402411],[75.490245,24.427761],[75.506928,24.444932],[75.52003,24.453803],[75.536388,24.4737],[75.577159,24.516303],[75.596934,24.541938],[75.59669,24.565701],[75.587006,24.586615],[75.582774,24.603095],[75.583751,24.641059],[75.581391,24.647732]]]}},{"type":"Feature","properties":{"dissolve":"404River","scalerank":7.0,"featurecla":"River","name":"Chambal","name_alt":null,"rivernum":404,"note":null,"min_zoom":6.0,"name_en":"Chambal","min_label":7.0},"bbox":[75.269949,22.473212,79.244884,26.85989],"geometry":{"type":"MultiLineString","coordinates":[[[75.571707,24.918728],[75.554454,24.947333],[75.57366,24.971137],[75.6338,25.008734],[75.719005,25.083441],[75.742931,25.111151],[75.732921,25.121527],[75.734955,25.130805],[75.744151,25.13878],[75.755951,25.14529],[75.766205,25.148708],[75.774018,25.148301],[75.782237,25.146348],[75.7942,25.14529],[75.80714,25.154975],[75.845307,25.214179],[75.904389,25.273261],[75.917735,25.283026],[75.930919,25.283718],[75.935476,25.280829],[75.945323,25.272488],[75.951752,25.263739],[75.963878,25.240343],[75.969493,25.234646],[75.986339,25.237494],[76.004324,25.25019],[76.018321,25.266221],[76.024099,25.279364],[76.02296,25.321845],[76.032481,25.333441],[76.058197,25.344509],[76.063406,25.347764],[76.066905,25.355496],[76.071869,25.358181],[76.076182,25.356309],[76.088634,25.346625],[76.093028,25.344509],[76.10491,25.346055],[76.119151,25.350409],[76.129893,25.351345],[76.14088,25.354682],[76.138438,25.362901],[76.13087,25.37287],[76.126475,25.3817],[76.127859,25.390245],[76.167491,25.482856],[76.177745,25.498399],[76.186046,25.501736],[76.211681,25.5008],[76.222748,25.502143],[76.228282,25.506619],[76.233409,25.513251],[76.240815,25.519355],[76.253184,25.52204],[76.270518,25.529486],[76.277192,25.547227],[76.279226,25.610663],[76.283621,25.627387],[76.293386,25.641303],[76.311534,25.659206],[76.29713,25.674384],[76.285248,25.691596],[76.284923,25.707953],[76.304698,25.720649],[76.322276,25.714464],[76.342296,25.732693],[76.363292,25.756903],[76.3838,25.76907],[76.397065,25.771348],[76.433849,25.785224],[76.445567,25.79328],[76.463308,25.814276],[76.469819,25.824286],[76.476573,25.837958],[76.469168,25.844184],[76.487315,25.85163],[76.509776,25.853461],[76.554779,25.85163],[76.559255,25.854356],[76.582774,25.875515],[76.591889,25.880683],[76.610606,25.881537],[76.620616,25.885118],[76.627452,25.893093],[76.636241,25.914252],[76.641043,25.920478],[76.651785,25.922675],[76.704356,25.918769],[76.715587,25.916124],[76.727061,25.916327],[76.740001,25.923285],[76.759939,25.945909],[76.770274,25.954047],[76.779063,25.957953],[76.78769,25.960273],[76.79599,25.964626],[76.804291,25.974473],[76.807546,25.985419],[76.807546,25.996894],[76.808849,26.008328],[76.81544,26.018866],[76.87322,26.052029],[76.887462,26.06391],[76.89267,26.073757],[76.895274,26.082587],[76.899099,26.090766],[76.90797,26.09866],[76.937511,26.104315],[76.945567,26.108222],[76.95989,26.122911],[76.96933,26.129462],[76.991791,26.135932],[76.998627,26.145087],[77.003673,26.156317],[77.010346,26.166287],[77.018972,26.171698],[77.049083,26.184353],[77.061941,26.186794],[77.075694,26.184597],[77.082286,26.185329],[77.089854,26.190497],[77.0949,26.198757],[77.097097,26.214911],[77.099864,26.221503],[77.124766,26.237901],[77.152354,26.23961],[77.181082,26.237413],[77.209727,26.242011],[77.230072,26.262519],[77.254161,26.274726],[77.266368,26.284491],[77.281179,26.294257],[77.288097,26.300076],[77.294444,26.308295],[77.301362,26.32449],[77.305186,26.331366],[77.323334,26.352078],[77.335704,26.361151],[77.34962,26.364936],[77.380463,26.364203],[77.39503,26.366238],[77.407644,26.372382],[77.41505,26.364936],[77.431244,26.373725],[77.432384,26.386257],[77.431407,26.400214],[77.441824,26.413357],[77.459565,26.416815],[77.499929,26.411689],[77.514415,26.416449],[77.525971,26.426337],[77.565359,26.447455],[77.616791,26.483018],[77.631114,26.488389],[77.645763,26.490546],[77.680756,26.499945],[77.699311,26.502061],[77.715017,26.506049],[77.726573,26.51557],[77.74407,26.5362],[77.772716,26.548529],[77.809011,26.559353],[77.831472,26.575792],[77.819021,26.605089],[77.869884,26.619412],[77.880626,26.625596],[77.885916,26.634223],[77.889089,26.651679],[77.894216,26.659735],[77.902599,26.664089],[77.913585,26.666083],[77.93214,26.666571],[77.949962,26.669867],[77.978282,26.684394],[78.003673,26.693874],[78.012787,26.695624],[78.021495,26.691107],[78.029063,26.685329],[78.038259,26.68183],[78.048839,26.680284],[78.059255,26.680243],[78.079275,26.682969],[78.085053,26.68948],[78.084972,26.701606],[78.087332,26.721218],[78.090017,26.728054],[78.098562,26.741034],[78.100352,26.742947],[78.099864,26.753485],[78.094249,26.770331],[78.092784,26.779853],[78.101166,26.795193],[78.119884,26.794704],[78.151459,26.783271],[78.16505,26.792019],[78.168956,26.822211],[78.182221,26.81741],[78.204194,26.824774],[78.219249,26.82392],[78.233816,26.819851],[78.254893,26.81741],[78.258067,26.821357],[78.272227,26.844672],[78.280284,26.851508],[78.286062,26.854926],[78.326101,26.85989],[78.350597,26.858507],[78.371349,26.851101],[78.384858,26.82685],[78.396007,26.824246],[78.418712,26.824815],[78.427989,26.822577],[78.433523,26.816718],[78.438243,26.808783],[78.446056,26.799994],[78.461518,26.792344],[78.498627,26.788275],[78.518077,26.783271],[78.563487,26.758572],[78.583263,26.755927],[78.595225,26.75849],[78.601573,26.764431],[78.606537,26.771186],[78.614268,26.776435],[78.622569,26.777371],[78.642589,26.775214],[78.655203,26.776435],[78.693289,26.797919],[78.710053,26.798936],[78.724132,26.776435],[78.734304,26.785468],[78.745372,26.789252],[78.754487,26.785753],[78.75823,26.773017],[78.761974,26.765245],[78.770763,26.763617],[78.781993,26.763943],[78.792491,26.762152],[78.812022,26.747748],[78.842296,26.711982],[78.861339,26.70128],[78.873464,26.700629],[78.90504,26.708197],[78.919363,26.707872],[78.926036,26.706244],[78.935802,26.694525],[78.937755,26.687038],[78.937755,26.677802],[78.941173,26.669867],[78.953136,26.666571],[78.984793,26.673774],[78.997162,26.674018],[78.994233,26.633653],[79.026296,26.591498],[79.073171,26.556179],[79.114513,26.5362],[79.163178,26.531358],[79.184988,26.525214],[79.196381,26.508897],[79.192882,26.497626],[79.184825,26.487657],[79.182628,26.479682],[79.196381,26.474799],[79.207449,26.477566],[79.244884,26.502061]],[[75.581391,24.647732],[75.56894,24.667548],[75.507253,24.743964]],[[75.667247,22.473212],[75.657644,22.475165],[75.650076,22.47781],[75.6338,22.486843],[75.602794,22.510443],[75.595225,22.514187],[75.583751,22.523017],[75.558116,22.566677],[75.544363,22.583075],[75.516856,22.595811],[75.510183,22.602891],[75.507253,22.611396],[75.504324,22.625271],[75.503429,22.63821],[75.506765,22.643866],[75.509776,22.655341],[75.503347,22.726426],[75.473155,22.791205],[75.468679,22.812079],[75.510183,23.062852],[75.513601,23.072089],[75.522716,23.090033],[75.524506,23.096991],[75.52239,23.108954],[75.512462,23.130398],[75.510183,23.141384],[75.508311,23.186306],[75.504324,23.207953],[75.496511,23.226671],[75.472179,23.252509],[75.460541,23.269232],[75.455577,23.291856],[75.45045,23.306098],[75.414073,23.350206],[75.401134,23.370632],[75.392589,23.389675],[75.388113,23.410346],[75.386648,23.435574],[75.393158,23.455512],[75.39503,23.467719],[75.390066,23.47309],[75.366222,23.50788],[75.354584,23.543891],[75.358816,23.67239],[75.354584,23.694525],[75.344168,23.715766],[75.328217,23.726386],[75.307628,23.716742],[75.293386,23.715644],[75.280691,23.732611],[75.271983,23.756171],[75.269949,23.774766],[75.278738,23.796942],[75.292979,23.801825],[75.335216,23.795233],[75.34962,23.802354],[75.359304,23.818915],[75.366222,23.837429],[75.373057,23.850531],[75.426036,23.892198],[75.454356,23.907742],[75.46339,23.929796],[75.469249,23.955024],[75.476085,23.973985],[75.503022,24.01435],[75.513113,24.036078],[75.517019,24.059353],[75.511729,24.075629],[75.48585,24.113837],[75.476085,24.124823],[75.462494,24.133979],[75.450694,24.139268],[75.439545,24.147569],[75.427664,24.165839],[75.414236,24.198676],[75.405284,24.209825],[75.385509,24.22252]]]}},{"type":"Feature","properties":{"dissolve":"40River","scalerank":2.0,"featurecla":"River","name":"Lancang","name_alt":"Mekong","rivernum":40,"note":null,"min_zoom":2.1,"name_en":"Mekong","min_label":3.1},"bbox":[96.941335,17.81391,102.246511,31.965522],"geometry":{"type":"MultiLineString","coordinates":[[[96.941335,31.965522],[96.959483,31.952094],[96.974701,31.932481],[96.989757,31.922553],[96.994884,31.913682],[96.992117,31.870673],[96.992931,31.854926],[96.999115,31.845974],[97.01588,31.834174],[97.020763,31.826972],[97.014578,31.799994],[97.013276,31.78913],[97.017589,31.767117],[97.028738,31.752387],[97.061697,31.723944],[97.072195,31.710761],[97.08074,31.694607],[97.086843,31.675157],[97.089122,31.611274],[97.093191,31.600653],[97.102794,31.59752],[97.114024,31.596991],[97.123139,31.594265],[97.128022,31.58751],[97.135753,31.568874],[97.143647,31.559434],[97.167979,31.548855],[97.180105,31.540961],[97.188487,31.522325],[97.202647,31.504218],[97.20574,31.494574],[97.203868,31.482733],[97.194591,31.462592],[97.191498,31.449571],[97.208018,31.392401],[97.216075,31.378241],[97.219005,31.371283],[97.220714,31.35989],[97.220714,31.348009],[97.219493,31.339708],[97.211843,31.328396],[97.203868,31.325466],[97.195242,31.324774],[97.185313,31.320502],[97.161062,31.289171],[97.157237,31.281684],[97.159597,31.270128],[97.169444,31.2508],[97.174327,31.230577],[97.180675,31.221218],[97.195242,31.206895],[97.200206,31.196397],[97.198334,31.185492],[97.193858,31.174994],[97.191498,31.165961],[97.192149,31.129665],[97.198171,31.085232],[97.215424,31.047675],[97.250092,31.031846],[97.269216,31.028103],[97.289073,31.018988],[97.321788,30.997097],[97.36142,30.952948],[97.376964,30.943142],[97.372,30.933173],[97.370209,30.902167],[97.357595,30.870714],[97.355968,30.857123],[97.357432,30.794298],[97.362804,30.771796],[97.37851,30.731879],[97.399099,30.701483],[97.427338,30.677191],[97.482188,30.645372],[97.524099,30.603868],[97.554617,30.583116],[97.557628,30.581814],[97.629405,30.452419],[97.66448,30.405829],[97.670665,30.400092],[97.678722,30.395046],[97.713471,30.388943],[97.723074,30.384141],[97.781749,30.332343],[97.810069,30.299913],[97.827891,30.284288],[97.846202,30.277696],[97.852306,30.27558],[97.862885,30.269965],[97.872976,30.262397],[97.877371,30.254177],[97.879487,30.239529],[97.885265,30.234931],[97.893972,30.233832],[97.904063,30.229926],[97.936941,30.205512],[97.947765,30.18891],[97.951752,30.165107],[97.965831,30.155829],[97.975515,30.14765],[97.979747,30.137478],[97.981375,30.131537],[97.985362,30.128363],[97.990896,30.127143],[97.996755,30.126899],[98.001557,30.123969],[97.999766,30.117377],[97.993337,30.107042],[98.004975,30.063096],[98.015717,30.041327],[98.030935,30.031928],[98.042979,30.021267],[98.051768,29.997178],[98.061615,29.956163],[98.073822,29.940863],[98.089936,29.924831],[98.104096,29.906195],[98.110037,29.883612],[98.113292,29.875434],[98.134288,29.849718],[98.138601,29.840684],[98.140391,29.819892],[98.144216,29.812201],[98.161713,29.807074],[98.210053,29.804267],[98.2199,29.794786],[98.225108,29.781806],[98.260834,29.723456],[98.339285,29.638861],[98.348155,29.623358],[98.34962,29.599921],[98.343435,29.572699],[98.343435,29.565782],[98.346202,29.554551],[98.36142,29.51378],[98.397472,29.453884],[98.404226,29.445095],[98.409597,29.435614],[98.411632,29.424872],[98.416026,29.417182],[98.434662,29.408311],[98.439057,29.397284],[98.436941,29.386664],[98.433197,29.375515],[98.431407,29.365017],[98.435313,29.356309],[98.443614,29.351996],[98.473155,29.342637],[98.479015,29.327094],[98.492686,29.31037],[98.53769,29.269232],[98.547944,29.256619],[98.568858,29.223212],[98.614024,29.167914],[98.631602,29.159532],[98.628347,29.140163],[98.610362,29.103095],[98.604991,29.08336],[98.584076,29.045193],[98.583018,29.023953],[98.592784,29.008409],[98.607514,28.996283],[98.620535,28.982774],[98.624034,28.963162],[98.634288,28.944159],[98.638113,28.930487],[98.638438,28.878607],[98.641531,28.870917],[98.654307,28.855048],[98.654796,28.850165],[98.652761,28.844916],[98.651378,28.835883],[98.652843,28.825507],[98.656505,28.818956],[98.660818,28.813178],[98.66505,28.804796],[98.677826,28.756944],[98.680186,28.724392],[98.685476,28.708604],[98.702729,28.670925],[98.774913,28.572089],[98.780935,28.555854],[98.790538,28.514594],[98.799083,28.499783],[98.812266,28.483954],[98.834483,28.441759],[98.850597,28.401475],[98.862397,28.357042],[98.864268,28.335557],[98.860932,28.319851],[98.846446,28.285753],[98.843028,28.270453],[98.8449,28.250312],[98.850108,28.225043],[98.857921,28.200954],[98.884776,28.150662],[98.90683,28.128852],[98.912608,28.119574],[98.914561,28.096259],[98.901947,28.053982],[98.898448,28.033962],[98.901134,28.011013],[98.908621,27.993516],[98.932546,27.96129],[99.018972,27.883816],[99.034923,27.852078],[99.036388,27.84044],[99.034923,27.817939],[99.037364,27.812079],[99.042003,27.808132],[99.048595,27.804958],[99.048269,27.797471],[99.043061,27.786404],[99.04184,27.780382],[99.044688,27.772162],[99.050792,27.765408],[99.054861,27.759385],[99.047293,27.743476],[99.05071,27.719306],[99.048595,27.708075],[99.038585,27.698106],[99.027192,27.694119],[99.016205,27.691962],[99.007498,27.687567],[99.003673,27.681098],[98.99879,27.669501],[98.997569,27.658393],[99.004242,27.653428],[99.008067,27.648708],[99.011322,27.637559],[99.014415,27.615587],[99.017589,27.60578],[99.031749,27.596503],[99.034923,27.585232],[99.030935,27.571641],[99.022472,27.56623],[99.013194,27.563503],[99.007498,27.557888],[99.009532,27.548285],[99.028087,27.516303],[99.031993,27.504747],[99.037608,27.480048],[99.04184,27.468533],[99.065929,27.437201],[99.069591,27.423774],[99.072846,27.416775],[99.087006,27.401801],[99.090261,27.396796],[99.090587,27.370551],[99.093354,27.358344],[99.100108,27.348415],[99.10849,27.330349],[99.110281,27.302843],[99.10255,27.276882],[99.082612,27.263007],[99.088959,27.24254],[99.098237,27.22488],[99.112641,27.21247],[99.134288,27.207831],[99.146658,27.197699],[99.17213,27.132676],[99.165457,27.11754],[99.16505,27.102322],[99.166433,27.086697],[99.165294,27.070624],[99.16269,27.064765],[99.154796,27.052802],[99.151541,27.043972],[99.149994,27.026801],[99.150401,27.017198],[99.151541,27.009792],[99.177013,26.952745],[99.18629,26.92239],[99.185639,26.886298],[99.183197,26.878038],[99.170095,26.848456],[99.163829,26.839626],[99.161794,26.837917],[99.157319,26.836005],[99.15919,26.831855],[99.165294,26.824815],[99.140554,26.771674],[99.13795,26.755927],[99.141205,26.748114],[99.154063,26.736599],[99.158376,26.728624],[99.159597,26.719265],[99.130463,26.625596],[99.136648,26.607123],[99.126231,26.587104],[99.111339,26.566718],[99.103933,26.547065],[99.110037,26.526475],[99.138438,26.501899],[99.144786,26.482204],[99.142345,26.474636],[99.132416,26.457587],[99.130463,26.447455],[99.142507,26.421413],[99.144786,26.409939],[99.141043,26.400255],[99.133718,26.392035],[99.129405,26.384141],[99.140391,26.36579],[99.143647,26.352607],[99.144949,26.339789],[99.144786,26.331366],[99.14267,26.324571],[99.134044,26.307074],[99.130463,26.296658],[99.13795,26.186794],[99.130626,26.07335],[99.13795,26.029731],[99.148855,26.005642],[99.151541,25.994981],[99.152761,25.908311],[99.156668,25.886542],[99.165294,25.865831],[99.167898,25.864081],[99.171397,25.863471],[99.175548,25.86225],[99.178803,25.858425],[99.183604,25.842475],[99.1963,25.816596],[99.202403,25.807156],[99.209972,25.803168],[99.217459,25.794501],[99.254649,25.734931],[99.267182,25.692247],[99.274425,25.649604],[99.281261,25.629706],[99.297374,25.616889],[99.336518,25.597724],[99.343272,25.591864],[99.350108,25.584093],[99.355235,25.57628],[99.357595,25.570421],[99.356456,25.558173],[99.351573,25.550645],[99.346446,25.545356],[99.344005,25.53974],[99.33782,25.515815],[99.336518,25.505235],[99.33839,25.499945],[99.347179,25.483466],[99.35019,25.47488],[99.35255,25.456366],[99.351329,25.43891],[99.344493,25.425564],[99.329845,25.419623],[99.313406,25.42475],[99.302745,25.433661],[99.297293,25.432969],[99.294526,25.399848],[99.289968,25.38935],[99.288666,25.3817],[99.292003,25.373562],[99.306651,25.359565],[99.309825,25.354763],[99.313731,25.338446],[99.323741,25.323065],[99.367442,25.27851],[99.413503,25.212185],[99.435557,25.199286],[99.472748,25.16531],[99.480561,25.155829],[99.48878,25.139472],[99.508311,25.133368],[99.530935,25.134101],[99.548839,25.138454],[99.558523,25.129096],[99.579112,25.117784],[99.60255,25.108262],[99.620942,25.104315],[99.635346,25.098904],[99.648367,25.085395],[99.730724,24.977647],[99.74114,24.956977],[99.745209,24.914089],[99.754893,24.892035],[99.765636,24.884345],[99.8095,24.862413],[99.826915,24.857856],[99.83546,24.849799],[99.864757,24.795762],[99.892589,24.77143],[99.926524,24.755805],[99.965587,24.746527],[100.076671,24.733425],[100.101003,24.719062],[100.116222,24.670966],[100.128998,24.67475],[100.142996,24.688666],[100.156749,24.707221],[100.163178,24.718126],[100.168956,24.723822],[100.17628,24.72838],[100.189708,24.732774],[100.210216,24.745917],[100.22934,24.751166],[100.281505,24.757392],[100.306244,24.76793],[100.323416,24.76911],[100.372081,24.750922],[100.381847,24.74494],[100.392507,24.735785],[100.417084,24.719265],[100.426524,24.707058],[100.423595,24.703192],[100.418956,24.693427],[100.433523,24.690741],[100.437104,24.681464],[100.433197,24.655544],[100.439708,24.646593],[100.467865,24.626899],[100.474294,24.614285],[100.47877,24.607937],[100.500662,24.587592],[100.508393,24.576117],[100.511241,24.561591],[100.510753,24.53559],[100.515229,24.522732],[100.524343,24.516547],[100.535818,24.514675],[100.545828,24.510606],[100.55714,24.476182],[100.557058,24.465277],[100.546641,24.460639],[100.527354,24.448432],[100.516775,24.420111],[100.515229,24.388007],[100.522716,24.364447],[100.517833,24.350409],[100.516531,24.27143],[100.528819,24.206732],[100.530935,24.162706],[100.519542,24.122585],[100.493907,24.091986],[100.453868,24.076443],[100.412852,24.076443],[100.403087,24.073269],[100.381847,24.062771],[100.381847,24.051703],[100.392345,23.980251],[100.406668,23.935614],[100.407481,23.915961],[100.395518,23.894843],[100.379487,23.882758],[100.339692,23.85989],[100.323416,23.843695],[100.28948,23.764838],[100.271983,23.754259],[100.255382,23.740668],[100.199962,23.668647],[100.197195,23.660671],[100.179454,23.631415],[100.138601,23.47309],[100.134044,23.467353],[100.120209,23.454169],[100.117442,23.449246],[100.104421,23.411689],[100.074311,23.360867],[100.070242,23.346788],[100.072276,23.329698],[100.081391,23.293321],[100.083263,23.27143],[100.077403,23.25377],[100.050548,23.22724],[100.042979,23.212429],[100.095876,23.17121],[100.114024,23.165229],[100.120046,23.155097],[100.142996,23.071316],[100.146658,23.065212],[100.161388,23.060736],[100.181895,23.04975],[100.18629,23.044867],[100.192963,23.030707],[100.208588,23.013739],[100.226736,23.002997],[100.240896,23.007636],[100.248464,23.007636],[100.257091,22.970771],[100.261974,22.959174],[100.269054,22.949652],[100.274343,22.948269],[100.296153,22.959174],[100.29184,22.915554],[100.300873,22.878852],[100.354991,22.790961],[100.361827,22.776801],[100.365489,22.746161],[100.370128,22.72663],[100.371186,22.716498],[100.362804,22.68244],[100.364513,22.67182],[100.368337,22.670437],[100.392345,22.657538],[100.402273,22.649766],[100.437755,22.612006],[100.512706,22.551703],[100.533295,22.53974],[100.553396,22.534613],[100.567882,22.526923],[100.572683,22.50906],[100.570567,22.473212],[100.574962,22.450954],[100.574718,22.437567],[100.566824,22.431586],[100.564057,22.425401],[100.573171,22.411933],[100.585053,22.398871],[100.590912,22.393744],[100.595144,22.386542],[100.625092,22.363349],[100.646658,22.326606],[100.659272,22.314887],[100.639659,22.309394],[100.631358,22.306098],[100.625092,22.301866],[100.61378,22.288398],[100.609304,22.27851],[100.615245,22.273953],[100.637625,22.262478],[100.660818,22.259101],[100.671153,22.255927],[100.679454,22.251532],[100.699474,22.237087],[100.702566,22.231391],[100.709972,22.209052],[100.713878,22.174913],[100.717052,22.168647],[100.731212,22.151435],[100.734386,22.140489],[100.731212,22.132758],[100.724294,22.125108],[100.71933,22.117377],[100.720714,22.109483],[100.730968,22.10871],[100.757253,22.098904],[100.777924,22.087592],[100.762625,22.071723],[100.771414,22.048774],[100.795909,22.013861],[100.803966,22.010362],[100.820811,22.009304],[100.830577,22.007025],[100.855724,21.989529],[100.867279,21.983466],[100.870372,21.975653],[100.871511,21.955512],[100.874522,21.943793],[100.881765,21.937445],[100.89088,21.932644],[100.899506,21.925116],[100.905935,21.913601],[100.910085,21.900824],[100.912527,21.873318],[100.917898,21.860948],[100.929861,21.853583],[100.941905,21.849229],[100.947276,21.846259],[101.029796,21.849392],[101.067393,21.828925],[101.070811,21.822537],[101.06837,21.808417],[101.068858,21.794379],[101.081065,21.78795],[101.108002,21.791449],[101.173839,21.815253],[101.181244,21.796942],[101.163097,21.784044],[101.118663,21.766872],[101.118663,21.760037],[101.124522,21.744412],[101.127371,21.695339],[101.135916,21.684923],[101.148855,21.676947],[101.161143,21.658555],[101.168468,21.638007],[101.166433,21.623481],[101.173595,21.612128],[101.167247,21.600409],[101.157481,21.586453],[101.153901,21.568223],[101.158702,21.552843],[101.160818,21.534857],[101.15683,21.519884],[101.142833,21.513617],[101.003184,21.406195],[100.909679,21.360297],[100.895763,21.355984],[100.862071,21.323513],[100.851085,21.315009],[100.814138,21.300401],[100.791596,21.297553],[100.772227,21.30447],[100.764659,21.309394],[100.756358,21.312608],[100.747488,21.31448],[100.738048,21.315009],[100.725108,21.311876],[100.72169,21.3039],[100.722179,21.292914],[100.720714,21.280829],[100.689138,21.159532],[100.637218,21.069892],[100.625092,21.054267],[100.606456,21.044135],[100.561534,21.035264],[100.543061,21.027615],[100.555593,21.000067],[100.556895,20.992255],[100.551687,20.985541],[100.53297,20.97366],[100.528819,20.968614],[100.526785,20.94713],[100.517345,20.906521],[100.515229,20.886746],[100.533946,20.874091],[100.622569,20.888739],[100.651785,20.883002],[100.651785,20.876776],[100.626231,20.853705],[100.598562,20.833686],[100.568614,20.817979],[100.536388,20.807888],[100.513113,20.807237],[100.47047,20.818468],[100.383393,20.831895],[100.364513,20.828396],[100.350841,20.815497],[100.341726,20.799669],[100.329275,20.7862],[100.289806,20.775214],[100.274343,20.762234],[100.248464,20.732204],[100.221446,20.709784],[100.210948,20.697577],[100.206716,20.680976],[100.202078,20.668077],[100.179698,20.638373],[100.172537,20.622341],[100.172537,20.609239],[100.15976,20.582872],[100.148855,20.548285],[100.136322,20.459418],[100.127045,20.428046],[100.124929,20.406602],[100.120697,20.388983],[100.11085,20.375067],[100.099294,20.362413],[100.09669,20.348578],[100.097179,20.33515],[100.098888,20.317979],[100.096934,20.283393],[100.10255,20.26378],[100.116222,20.248236],[100.134288,20.239285],[100.152192,20.239325],[100.16741,20.253852],[100.166921,20.292792],[100.175955,20.300808],[100.17921,20.30268],[100.201427,20.310492],[100.206716,20.311347],[100.208914,20.313178],[100.22047,20.349189],[100.240001,20.372992],[100.27003,20.392035],[100.306082,20.399848],[100.344005,20.390163],[100.363862,20.369167],[100.421397,20.250312],[100.447032,20.218207],[100.451752,20.210476],[100.45696,20.196601],[100.460704,20.190945],[100.468354,20.185899],[100.485281,20.178982],[100.488455,20.173529],[100.496023,20.165107],[100.512462,20.155463],[100.528819,20.14997],[100.536388,20.153673],[100.54184,20.166938],[100.554698,20.170356],[100.570404,20.167996],[100.584239,20.163601],[100.594493,20.128363],[100.584239,20.012763],[100.593028,19.819403],[100.601573,19.802843],[100.621674,19.810411],[100.631928,19.815945],[100.641775,19.816474],[100.655528,19.813544],[100.668875,19.81505],[100.678233,19.818793],[100.748546,19.858018],[100.779552,19.884874],[100.792084,19.891059],[100.805919,19.892035],[100.927989,19.873318],[100.974539,19.859565],[101.009369,19.834052],[101.013113,19.841132],[101.019542,19.850165],[101.02239,19.85574],[101.029796,19.85574],[101.043224,19.840888],[101.059581,19.845893],[101.084402,19.86876],[101.109386,19.885688],[101.118663,19.889268],[101.131358,19.888739],[101.142019,19.883857],[101.150401,19.878241],[101.169526,19.869005],[101.23463,19.827826],[101.257904,19.821357],[101.5595,19.823513],[101.596934,19.831366],[101.618907,19.85574],[101.606863,19.863145],[101.619395,19.874457],[101.641124,19.884792],[101.656342,19.889268],[101.666515,19.895087],[101.695811,19.922309],[101.707612,19.930854],[101.748057,19.941189],[101.829275,19.948065],[101.865245,19.957546],[101.898692,19.979356],[101.950206,20.034206],[101.974539,20.053738],[101.992198,20.059597],[102.04713,20.053738],[102.063569,20.058173],[102.119151,20.088487],[102.15797,20.092231],[102.190684,20.080675],[102.216807,20.057481],[102.23585,20.026435],[102.246511,19.988105],[102.240896,19.958808],[102.222341,19.935818],[102.194265,19.916571],[102.184988,19.91238],[102.16741,19.906765],[102.160167,19.902899],[102.141531,19.879259],[102.136241,19.875596],[102.127208,19.873481],[102.117686,19.864081],[102.10849,19.861925],[102.085948,19.860216],[102.045421,19.851996],[102.038829,19.848822],[102.029796,19.841498],[102.023855,19.832058],[102.011648,19.805935],[102.00587,19.800482],[101.993175,19.794379],[101.893565,19.705634],[101.885753,19.687201],[101.87672,19.679389],[101.835541,19.657986],[101.824311,19.649685],[101.814952,19.615017],[101.816742,19.481513],[101.820893,19.467149],[101.829112,19.454128],[101.841319,19.440863],[101.856944,19.43122],[101.896414,19.414374],[101.906261,19.403266],[101.899425,19.393419],[101.866222,19.360297],[101.858409,19.344916],[101.853282,19.325466],[101.830333,19.292304],[101.824311,19.27912],[101.823985,19.260199],[101.830577,19.200954],[101.828705,19.180772],[101.820323,19.147284],[101.808604,19.032579],[101.804861,19.021267],[101.803152,19.010565],[101.806895,19.002021],[101.812266,18.99433],[101.814952,18.985053],[101.816905,18.964423],[101.815929,18.94127],[101.805675,18.904161],[101.803233,18.885606],[101.808849,18.870307],[101.851003,18.826687],[101.861746,18.793402],[101.85434,18.763373],[101.824311,18.703721],[101.819591,18.682685],[101.815115,18.640815],[101.810639,18.621853],[101.779307,18.568874],[101.763764,18.549587],[101.742605,18.502265],[101.732188,18.491482],[101.729991,18.488471],[101.707612,18.471015],[101.696056,18.466742],[101.683197,18.464423],[101.670665,18.465359],[101.65976,18.471015],[101.644542,18.457628],[101.626394,18.421169],[101.615164,18.405544],[101.593028,18.390937],[101.577729,18.385077],[101.574229,18.375759],[101.573416,18.364447],[101.571056,18.354926],[101.561534,18.341335],[101.546967,18.325385],[101.529877,18.312079],[101.512462,18.306505],[101.490489,18.303046],[101.481212,18.293809],[101.476166,18.280707],[101.467377,18.26557],[101.420828,18.214708],[101.40325,18.182196],[101.399099,18.141425],[101.404307,18.127794],[101.422944,18.096381],[101.427013,18.084011],[101.433197,18.012315],[101.430919,17.982611],[101.424571,17.954657],[101.423595,17.9289],[101.444835,17.894884],[101.449474,17.884833],[101.456391,17.877387],[101.471202,17.874538],[101.495372,17.879096],[101.504242,17.875841],[101.509044,17.860867],[101.515717,17.860867],[101.523204,17.866645],[101.537364,17.873603],[101.551199,17.87519],[101.557384,17.864569],[101.554698,17.857123],[101.536794,17.826728],[101.536794,17.820502],[101.543468,17.815538],[101.550222,17.81391],[101.557058,17.815538],[101.563569,17.820502]]]}},{"type":"Feature","properties":{"dissolve":"419Lake Centerline","scalerank":7.0,"featurecla":"Lake Centerline","name":"Hudi","name_alt":null,"rivernum":419,"note":null,"min_zoom":6.0,"name_en":"Hudi","min_label":7.0},"bbox":[117.762625,32.718288,119.337494,33.242784],"geometry":{"type":"MultiLineString","coordinates":[[[118.741791,33.094835],[118.730235,33.09573],[118.721283,33.114569],[118.719656,33.163031],[118.711518,33.201972],[118.687022,33.222927],[118.650971,33.23432],[118.590343,33.242784],[118.559255,33.225165],[118.536794,33.199083],[118.523448,33.168158],[118.507498,33.09752],[118.49879,33.073757],[118.467784,33.023017],[118.452403,33.006456],[118.428396,32.992011],[118.388601,32.976386],[118.351003,32.968085],[118.314138,32.970974],[118.289073,32.978339],[118.259695,32.998847],[118.253429,33.004828],[118.248139,33.013292],[118.223888,33.077826],[118.217052,33.105048],[118.216238,33.117051],[118.217784,33.142849],[118.220225,33.160346],[118.22047,33.164252],[118.219005,33.174425],[118.217784,33.179796],[118.214447,33.186591],[118.208751,33.193915],[118.196544,33.204861],[118.185313,33.21015],[118.177338,33.21247],[118.169444,33.213162],[118.16627,33.212266],[118.163503,33.210557],[118.160167,33.207099],[118.156993,33.19656],[118.156505,33.188666],[118.156749,33.185126],[118.156179,33.18126],[118.154552,33.179023],[118.151134,33.177558],[118.126882,33.173407],[118.077647,33.166775],[118.061615,33.163398],[118.034109,33.161078],[118.003917,33.161973],[117.979015,33.168158],[117.947276,33.169013],[117.914236,33.162462],[117.898041,33.146593],[117.894542,33.120225],[117.897634,33.095079],[117.898855,33.075141],[117.896007,33.061957],[117.888927,33.049831],[117.869314,33.040839],[117.84669,33.037136],[117.825694,33.036078],[117.783946,33.054063],[117.763601,33.054063],[117.763113,33.053738],[117.762625,33.05329]],[[119.28419,32.718288],[119.279226,32.747016],[119.278901,32.757392],[119.277761,32.779364],[119.284597,32.801215],[119.307221,32.83572],[119.325694,32.870063],[119.327078,32.899115],[119.313487,32.939765],[119.290457,32.975165],[119.288829,32.993842],[119.311534,33.006171],[119.325613,33.018663],[119.33546,33.034288],[119.337494,33.051581],[119.327078,33.066718],[119.316824,33.091173],[119.308686,33.11876],[119.293793,33.136786],[119.269216,33.148383],[119.25587,33.161811],[119.250987,33.183661],[119.230724,33.189805],[119.185557,33.170722],[119.167898,33.162462],[119.155365,33.146796],[119.141124,33.075141],[119.13323,33.063259],[119.119884,33.055447],[119.100841,33.047471],[119.055186,33.038886],[119.038178,33.037136],[119.012787,33.044298],[118.974864,33.056912],[118.944916,33.06037],[118.917084,33.055447],[118.894786,33.06212],[118.877615,33.083604],[118.860281,33.094509],[118.845876,33.095038]]]}},{"type":"Feature","properties":{"dissolve":"419River","scalerank":7.0,"featurecla":"River","name":"Hudi","name_alt":null,"rivernum":419,"note":null,"min_zoom":6.0,"name_en":"Hudi","min_label":7.0},"bbox":[116.521414,32.347602,119.616222,33.095038],"geometry":{"type":"MultiLineString","coordinates":[[[118.743663,33.095038],[118.845876,33.095038]],[[116.521414,32.501247],[116.526541,32.509955],[116.558116,32.533311],[116.634695,32.541815],[116.646983,32.54975],[116.655772,32.561876],[116.722748,32.605577],[116.730724,32.608995],[116.736095,32.615424],[116.736339,32.628241],[116.729991,32.638536],[116.698171,32.659288],[116.690684,32.669501],[116.691824,32.67711],[116.699636,32.681912],[116.726166,32.68537],[116.727306,32.690741],[116.723643,32.69953],[116.723399,32.711453],[116.72462,32.722724],[116.723643,32.730536],[116.725841,32.73546],[116.736339,32.738105],[116.748057,32.736111],[116.752533,32.728461],[116.755056,32.718085],[116.759858,32.707709],[116.807628,32.689765],[116.812022,32.687038],[116.854991,32.648708],[116.878917,32.635525],[116.882823,32.632676],[116.896495,32.645616],[116.918224,32.658026],[116.939952,32.661729],[116.989024,32.662421],[117.010753,32.668036],[117.050792,32.685858],[117.068126,32.689765],[117.078298,32.699083],[117.085867,32.766059],[117.096283,32.803494],[117.104421,32.822292],[117.116222,32.837755],[117.137787,32.847683],[117.156505,32.847032],[117.169688,32.851345],[117.174571,32.875922],[117.172862,32.885321],[117.16684,32.904975],[117.167735,32.916287],[117.173432,32.924669],[117.191335,32.936957],[117.195079,32.940497],[117.20753,32.943874],[117.310964,32.943549],[117.408295,32.963202],[117.508474,32.971625],[117.527192,32.971137],[117.542084,32.965399],[117.57724,32.932888],[117.597585,32.92182],[117.647472,32.903266],[117.660574,32.919867],[117.677257,32.967231],[117.688487,32.985175],[117.701427,32.994412],[117.726654,33.006212],[117.740001,33.015896],[117.746755,33.02619],[117.74879,33.035997],[117.752371,33.045274],[117.763601,33.054063]],[[119.616222,32.353949],[119.601654,32.358181],[119.591319,32.357978],[119.533783,32.347602],[119.525808,32.348212],[119.518891,32.350531],[119.514089,32.355048],[119.51116,32.361274],[119.509532,32.368109],[119.509044,32.374783],[119.512543,32.396593],[119.512218,32.403917],[119.510265,32.410956],[119.503347,32.424384],[119.47877,32.456895],[119.47047,32.475409],[119.467703,32.489081],[119.471446,32.517646],[119.47169,32.53205],[119.467052,32.545518],[119.44044,32.577338],[119.434174,32.58865],[119.429617,32.600694],[119.425792,32.62169],[119.423595,32.628363],[119.415457,32.638739],[119.402924,32.646918],[119.389171,32.652777],[119.376069,32.656277],[119.36671,32.656928],[119.339366,32.652533],[119.331065,32.652859],[119.32252,32.654649],[119.314138,32.65766],[119.306733,32.661566],[119.300955,32.667304],[119.28419,32.718288]]]}},{"type":"Feature","properties":{"dissolve":"420Lake Centerline","scalerank":7.0,"featurecla":"Lake Centerline","name":"Ping","name_alt":null,"rivernum":420,"note":null,"min_zoom":6.0,"name_en":"Ping","min_label":7.0},"bbox":[98.894216,17.235867,98.958751,17.387315],"geometry":{"type":"MultiLineString","coordinates":[[[98.8956,17.387315],[98.894216,17.373155],[98.897553,17.346951],[98.919932,17.303494],[98.932384,17.248847],[98.94866,17.235867],[98.958507,17.237657],[98.958751,17.237657]]]}},{"type":"Feature","properties":{"dissolve":"420River","scalerank":7.0,"featurecla":"River","name":"Ping","name_alt":null,"rivernum":420,"note":null,"min_zoom":6.0,"name_en":"Ping","min_label":7.0},"bbox":[98.59669,15.716376,100.158946,19.780056],"geometry":{"type":"MultiLineString","coordinates":[[[98.864268,19.780056],[98.882335,19.770697],[98.892589,19.753241],[98.897227,19.731228],[98.898448,19.708035],[98.901541,19.69713],[98.915619,19.680447],[98.918875,19.673896],[98.917735,19.640001],[98.918875,19.629218],[98.923269,19.615831],[98.940522,19.582831],[98.949799,19.570868],[98.953543,19.5633],[98.959483,19.537909],[98.96046,19.529608],[98.961843,19.516221],[98.965261,19.509467],[98.969737,19.504991],[98.97405,19.498847],[98.988048,19.466173],[98.995535,19.434149],[98.993744,19.398464],[98.962901,19.312323],[98.960053,19.288153],[98.9699,19.269232],[98.976003,19.254096],[98.980398,19.183539],[98.998464,19.149685],[99.004324,19.129706],[98.997325,19.111884],[98.976573,19.099473],[98.959483,19.096055],[98.95045,19.087755],[99.000011,18.786729],[98.983653,18.679999],[98.977306,18.670233],[98.964773,18.662218],[98.962901,18.643175],[98.965912,18.601345],[98.958507,18.583197],[98.93214,18.545518],[98.92628,18.528998],[98.834239,18.484809],[98.793875,18.453396],[98.774913,18.443061],[98.715587,18.430772],[98.699718,18.422553],[98.707774,18.412706],[98.708425,18.40115],[98.704031,18.389228],[98.6963,18.378485],[98.691173,18.3664],[98.695567,18.35578],[98.702729,18.346259],[98.706554,18.337226],[98.702159,18.333319],[98.675873,18.303087],[98.670421,18.298855],[98.66212,18.297553],[98.658214,18.292263],[98.656993,18.286322],[98.657644,18.274848],[98.645112,18.250759],[98.640554,18.226874],[98.637706,18.129706],[98.634288,18.126085],[98.624034,18.135199],[98.618907,18.125841],[98.618337,18.116807],[98.622569,18.108262],[98.63087,18.10045],[98.623953,18.098904],[98.622488,18.09748],[98.622,18.097602],[98.617768,18.10045],[98.605561,18.08808],[98.601003,18.081488],[98.59669,18.073757],[98.616791,18.074408],[98.617931,18.062323],[98.615245,18.044013],[98.624034,18.025946],[98.60906,18.020128],[98.603526,18.01911],[98.603526,18.012315],[98.615326,18.01203],[98.623546,18.007676],[98.62851,18.000515],[98.63087,17.991807],[98.6338,17.995307],[98.641205,18.001492],[98.644542,18.004828],[98.653575,17.989814],[98.665538,17.980048],[98.674083,17.97073],[98.673106,17.957099],[98.665701,17.957099],[98.646658,17.94477],[98.632823,17.93004],[98.641124,17.922919],[98.645763,17.920762],[98.648204,17.915554],[98.651378,17.902452],[98.649913,17.900946],[98.645518,17.88935],[98.644542,17.885077],[98.646414,17.881537],[98.650808,17.881903],[98.655365,17.883083],[98.658214,17.881944],[98.669363,17.841824],[98.694916,17.800238],[98.703136,17.78266],[98.710948,17.752061],[98.740733,17.710639],[98.745372,17.697821],[98.745372,17.684272],[98.736908,17.673529],[98.716401,17.669053],[98.704845,17.663886],[98.698985,17.651801],[98.699474,17.637966],[98.706554,17.627509],[98.699636,17.609646],[98.702647,17.594184],[98.709239,17.579413],[98.71282,17.563544],[98.71282,17.494656],[98.70753,17.477607],[98.698009,17.462348],[98.692393,17.446885],[98.699718,17.429511],[98.715587,17.419745],[98.729096,17.42414],[98.747488,17.443142],[98.781668,17.464301],[98.817556,17.474189],[98.85377,17.469346],[98.888194,17.44656],[98.900076,17.430528],[98.903901,17.416287],[98.902354,17.402533],[98.898855,17.39411],[98.8956,17.387315]],[[98.958507,17.237657],[98.97405,17.237657],[99.004487,17.238552],[99.014415,17.237657],[99.025401,17.233466],[99.052257,17.217149],[99.060964,17.205512],[99.085541,17.150906],[99.090261,17.13406],[99.081065,17.123155],[99.064138,17.108466],[99.052745,17.090399],[99.059093,17.06977],[99.107188,17.004665],[99.117442,16.983832],[99.119721,16.961005],[99.10963,16.951199],[99.09669,16.941514],[99.090261,16.919257],[99.094005,16.909288],[99.103038,16.902126],[99.120942,16.891384],[99.128184,16.880805],[99.13795,16.846625],[99.156993,16.813544],[99.186453,16.783271],[99.254649,16.730577],[99.286225,16.695258],[99.35377,16.64704],[99.367931,16.641872],[99.391775,16.628201],[99.402192,16.628445],[99.419851,16.633165],[99.429454,16.634385],[99.445079,16.62519],[99.461843,16.604519],[99.475108,16.582384],[99.480561,16.5692],[99.481863,16.561591],[99.497569,16.518988],[99.523204,16.468451],[99.536632,16.448432],[99.548839,16.436347],[99.540619,16.413845],[99.560313,16.390082],[99.591401,16.370551],[99.617686,16.360663],[99.655284,16.354112],[99.666515,16.345649],[99.67921,16.326524],[99.705333,16.270087],[99.740245,16.222724],[99.754405,16.20836],[99.79127,16.193549],[99.800385,16.173448],[99.803233,16.151679],[99.803315,16.137803],[99.861339,16.075751],[99.874278,16.058458],[99.880382,16.041693],[99.879405,16.023953],[99.871593,16.00373],[99.892589,15.987576],[99.97405,15.949164],[100.034923,15.909247],[100.063243,15.881374],[100.063406,15.860378],[100.081065,15.841986],[100.088878,15.815497],[100.090017,15.767605],[100.098399,15.754462],[100.117931,15.739081],[100.158946,15.716376]]]}},{"type":"Feature","properties":{"dissolve":"42River","scalerank":2.0,"featurecla":"River","name":"Yarlung","name_alt":"Brahmaputra","rivernum":42,"note":null,"min_zoom":2.1,"name_en":"Brahmaputra","min_label":3.1},"bbox":[87.660167,29.004177,94.355968,29.399034],"geometry":{"type":"MultiLineString","coordinates":[[[87.660167,29.151557],[87.67628,29.154242],[87.687511,29.166287],[87.668224,29.200222],[87.668061,29.2178],[87.683849,29.237657],[87.693126,29.244086],[87.710378,29.252305],[87.717865,29.258165],[87.726736,29.269558],[87.742117,29.302273],[87.776296,29.333767],[87.817963,29.347602],[87.906668,29.364325],[87.964285,29.395046],[87.985037,29.399034],[88.041433,29.387519],[88.090017,29.383653],[88.105235,29.378241],[88.129242,29.354071],[88.149018,29.34044],[88.168875,29.337104],[88.186697,29.341376],[88.201427,29.350653],[88.205333,29.357123],[88.208263,29.365424],[88.212576,29.373114],[88.221283,29.377956],[88.234304,29.377997],[88.241628,29.373074],[88.248464,29.367214],[88.259776,29.364325],[88.270925,29.365424],[88.290538,29.370063],[88.30071,29.371161],[88.306733,29.367947],[88.318289,29.35163],[88.324962,29.344428],[88.342703,29.335517],[88.362641,29.331326],[88.403087,29.330146],[88.425304,29.335761],[88.4699,29.359565],[88.495616,29.364325],[88.557872,29.352607],[88.63087,29.350653],[88.832042,29.344428],[88.843354,29.339545],[88.851736,29.334296],[88.860606,29.334093],[88.872976,29.344428],[88.91212,29.328884],[88.946056,29.351752],[88.979421,29.381212],[89.016368,29.385443],[89.022878,29.380154],[89.047374,29.354071],[89.055593,29.349433],[89.066498,29.346503],[89.122813,29.342882],[89.133067,29.344428],[89.142507,29.349473],[89.157319,29.364325],[89.167247,29.371161],[89.187104,29.360948],[89.204682,29.357123],[89.246349,29.357489],[89.255789,29.360663],[89.274506,29.374823],[89.280528,29.377956],[89.36435,29.364081],[89.396576,29.354438],[89.430919,29.348009],[89.475678,29.350653],[89.544363,29.368679],[89.567882,29.371161],[89.661225,29.371161],[89.694591,29.363796],[89.764415,29.32571],[89.811534,29.322699],[89.927989,29.340115],[89.990245,29.364325],[90.013927,29.36754],[90.074962,29.357489],[90.138194,29.35989],[90.286062,29.336249],[90.325287,29.322699],[90.380626,29.293769],[90.397472,29.289171],[90.401866,29.285468],[90.418061,29.266425],[90.421641,29.258165],[90.427338,29.253119],[90.44044,29.25495],[90.462576,29.261908],[90.54599,29.273708],[90.582449,29.284776],[90.70045,29.348904],[90.740326,29.3546],[90.757335,29.319648],[90.764659,29.295681],[90.780935,29.297227],[90.808442,29.316474],[90.819021,29.320868],[90.839285,29.340115],[90.84962,29.344428],[90.890554,29.344428],[90.906342,29.340115],[90.937592,29.320868],[90.959727,29.316474],[90.969493,29.320095],[90.97991,29.32685],[90.990326,29.330878],[91.000418,29.326483],[91.008067,29.321112],[91.017507,29.318386],[91.038015,29.316474],[91.086355,29.330837],[91.114757,29.335395],[91.127371,29.325303],[91.138601,29.318427],[91.287852,29.291531],[91.302745,29.284695],[91.321707,29.285183],[91.357351,29.293809],[91.376882,29.296169],[91.436046,29.290554],[91.451752,29.291938],[91.511322,29.303982],[91.570079,29.305203],[91.649913,29.28852],[91.663259,29.28738],[91.670665,29.288153],[91.691742,29.293647],[91.708588,29.294623],[91.769054,29.288601],[91.783132,29.290595],[91.836925,29.305447],[91.865652,29.307807],[91.894542,29.306586],[91.922862,29.301622],[91.949718,29.293077],[91.951182,29.28913],[91.953868,29.287218],[91.956635,29.285956],[91.959402,29.283474],[91.96046,29.281033],[91.961681,29.275702],[91.962901,29.273057],[91.97519,29.264594],[91.992931,29.261054],[92.011241,29.262071],[92.025401,29.267605],[92.028901,29.271918],[92.03476,29.284288],[92.038585,29.289171],[92.048269,29.295681],[92.059093,29.299628],[92.07073,29.301622],[92.128917,29.304796],[92.1456,29.303412],[92.19337,29.278876],[92.271088,29.252061],[92.345144,29.237413],[92.356944,29.236843],[92.370372,29.242214],[92.39088,29.265652],[92.398204,29.271023],[92.42213,29.269355],[92.450287,29.263983],[92.473725,29.254421],[92.483653,29.239936],[92.487722,29.224189],[92.523936,29.164089],[92.525076,29.158881],[92.529714,29.156765],[92.545665,29.154893],[92.556407,29.155544],[92.580577,29.160712],[92.593435,29.16116],[92.584076,29.141547],[92.581147,29.131171],[92.583507,29.123236],[92.59433,29.117255],[92.60198,29.121202],[92.608165,29.128852],[92.614513,29.133816],[92.637706,29.138129],[92.663666,29.140163],[92.688406,29.136094],[92.707286,29.12226],[92.715912,29.10871],[92.721121,29.103095],[92.729421,29.098212],[92.73642,29.096015],[92.870372,29.097032],[92.888927,29.092637],[92.89796,29.082831],[92.906342,29.07864],[92.919932,29.068427],[92.928315,29.063585],[92.938731,29.059597],[92.959565,29.055203],[92.995128,29.053575],[93.019623,29.056586],[93.042572,29.064561],[93.062022,29.078803],[93.07366,29.093207],[93.088878,29.117987],[93.096772,29.126003],[93.106212,29.129462],[93.116303,29.125108],[93.121593,29.116034],[93.121755,29.105333],[93.120372,29.094265],[93.121023,29.083767],[93.12379,29.076483],[93.127859,29.069851],[93.14088,29.052558],[93.145925,29.042344],[93.149018,29.037665],[93.15919,29.031195],[93.171479,29.030585],[93.184581,29.031928],[93.196788,29.031358],[93.20753,29.026313],[93.224864,29.012519],[93.234467,29.00963],[93.283295,29.004177],[93.29892,29.00491],[93.316742,29.010118],[93.332937,29.018744],[93.347667,29.029893],[93.393484,29.083767],[93.404389,29.105007],[93.411143,29.114691],[93.4192,29.122016],[93.43629,29.134141],[93.443126,29.142198],[93.461355,29.175076],[93.474539,29.185858],[93.490652,29.189643],[93.508067,29.189154],[93.55714,29.182196],[93.590343,29.183702],[93.606212,29.18183],[93.616466,29.182888],[93.621349,29.182196],[93.626394,29.177354],[93.628184,29.163886],[93.631847,29.16116],[93.654552,29.163153],[93.687266,29.169704],[93.703868,29.167914],[93.713796,29.163642],[93.722179,29.158759],[93.730968,29.155585],[93.742442,29.156684],[93.766694,29.166571],[93.778412,29.169501],[93.792247,29.167914],[93.823009,29.156114],[93.834239,29.154608],[93.848888,29.155707],[93.864757,29.159247],[93.879405,29.165473],[93.89088,29.174628],[93.90032,29.186632],[93.905284,29.19184],[93.911876,29.195828],[93.930756,29.200873],[93.969249,29.204779],[93.988048,29.210313],[94.016043,29.2237],[94.026296,29.225938],[94.060964,29.228339],[94.078868,29.227647],[94.095307,29.224921],[94.118256,29.216742],[94.126231,29.214952],[94.161143,29.214545],[94.179617,29.217149],[94.194835,29.221869],[94.355968,29.309516]]]}},{"type":"Feature","properties":{"dissolve":"453River","scalerank":7.0,"featurecla":"River","name":"Ghäghara","name_alt":null,"rivernum":453,"note":null,"min_zoom":6.0,"name_en":"Ghäghara","min_label":7.0},"bbox":[80.923269,25.728095,84.713145,30.552069],"geometry":{"type":"MultiLineString","coordinates":[[[80.923269,30.552069],[80.9428,30.544053],[80.961192,30.54267],[81.002696,30.545844],[81.025076,30.541815],[81.03712,30.530951],[81.046397,30.515489],[81.061046,30.497423],[81.090017,30.47663],[81.098725,30.463568],[81.104015,30.400336],[81.106375,30.390489],[81.108897,30.383165],[81.116791,30.368354],[81.122488,30.360297],[81.136648,30.346869],[81.154389,30.333441],[81.169932,30.318956],[81.176524,30.302273],[81.177419,30.260199],[81.183523,30.240302],[81.19752,30.223741],[81.206716,30.218207],[81.228282,30.20893],[81.247325,30.197292],[81.269216,30.178412],[81.284597,30.168036],[81.303966,30.160427],[81.325694,30.155829],[81.348399,30.154853],[81.371755,30.158637],[81.416596,30.172309],[81.440847,30.17532],[81.460704,30.169135],[81.479584,30.154161],[81.495372,30.136176],[81.525971,30.085028],[81.54127,30.071479],[81.564382,30.066026],[81.583018,30.06391],[81.636322,30.044989],[81.656261,30.042263],[81.728526,30.044989],[81.746349,30.036933],[81.758556,30.017849],[81.768484,29.995225],[81.779796,29.976671],[81.798106,29.963243],[81.834727,29.951483],[81.852061,29.938829],[81.860037,29.926947],[81.860444,29.91824],[81.857432,29.909532],[81.855479,29.897895],[81.857026,29.889024],[81.872569,29.852484],[81.875255,29.849555],[81.876475,29.846788],[81.875987,29.838935],[81.874522,29.834499],[81.870616,29.831081],[81.869151,29.825873],[81.865489,29.81863],[81.861095,29.812038],[81.863292,29.807237],[81.879405,29.805365],[81.889171,29.802598],[81.899099,29.795966],[81.906993,29.788153],[81.910085,29.781806],[81.915538,29.778754],[81.951101,29.778673],[81.992686,29.764431],[82.006602,29.757758],[82.012462,29.753282],[82.013601,29.74669],[82.013113,29.733425],[82.004975,29.71894],[81.986095,29.704047],[81.945567,29.68183],[81.878673,29.656073],[81.869151,29.643988],[81.858816,29.625922],[81.83489,29.621649],[81.807384,29.622626],[81.78712,29.620429],[81.777273,29.613349],[81.777843,29.607733],[81.78297,29.601508],[81.78712,29.592475],[81.788178,29.571234],[81.78712,29.555528],[81.780772,29.534451],[81.76474,29.521023],[81.725108,29.497504],[81.714692,29.48432],[81.708425,29.467963],[81.705496,29.448269],[81.704682,29.424872],[81.708995,29.401923],[81.718761,29.382758],[81.73878,29.352891],[81.743337,29.312323],[81.723888,29.280707],[81.691417,29.256171],[81.657481,29.236843],[81.623057,29.226671],[81.615896,29.223212],[81.613292,29.214667],[81.60906,29.187934],[81.605724,29.182196],[81.592459,29.174262],[81.540131,29.119493],[81.482595,29.083075],[81.468191,29.078559],[81.457042,29.070746],[81.40976,29.023953],[81.407644,29.003119],[81.414561,28.98078],[81.427013,28.962917],[81.440847,28.955675],[81.492442,28.886786],[81.528087,28.852607],[81.542003,28.832384],[81.547537,28.808214],[81.555675,28.792914],[81.569021,28.78087],[81.571788,28.769599],[81.547537,28.756415],[81.531342,28.750556],[81.52296,28.749091],[81.51295,28.749579],[81.51295,28.756415],[81.525483,28.765245],[81.524018,28.770941],[81.51295,28.776923],[81.516368,28.808214],[81.473155,28.85224],[81.458263,28.880561],[81.442149,28.898464],[81.425548,28.903632],[81.33782,28.894232],[81.328136,28.897081],[81.304779,28.91059],[81.293712,28.914659],[81.271902,28.915717],[81.20753,28.907904],[81.187022,28.912909],[81.135509,28.948798],[81.095307,28.966986],[81.073985,28.973578],[81.053966,28.976142],[81.034597,28.971544],[81.013438,28.960476],[80.997,28.947048],[80.992117,28.935167],[81.04127,28.889512],[81.078136,28.86286],[81.094656,28.853868],[81.108816,28.857286],[81.122081,28.864325],[81.135509,28.866278],[81.147553,28.856472],[81.161225,28.829901],[81.170339,28.832139],[81.210541,28.811632],[81.206635,28.82449],[81.194265,28.846706],[81.190033,28.859442],[81.2046,28.852484],[81.217865,28.841335],[81.227794,28.826361],[81.233328,28.793036],[81.244395,28.761542],[81.276866,28.69713],[81.280203,28.678534],[81.277843,28.658474],[81.268077,28.623236],[81.264252,28.585557],[81.240896,28.491156],[81.228526,28.464545],[81.218028,28.407009],[81.199962,28.381212],[81.19394,28.366767],[81.19752,28.352362],[81.190033,28.345526],[81.19752,28.339301],[81.189545,28.330878],[81.171886,28.317084],[81.162852,28.311387],[81.148936,28.32213],[81.123627,28.335395],[81.099213,28.339382],[81.088308,28.322292],[81.08546,28.310818],[81.071381,28.284288],[81.067312,28.270453],[81.06544,28.253526],[81.066661,28.24494],[81.114675,28.191962],[81.127452,28.171576],[81.135509,28.147528],[81.131847,28.122748],[81.1338,28.110948],[81.146088,28.105902],[81.159923,28.102729],[81.170828,28.094509],[81.178722,28.083279],[81.183849,28.071153],[81.171641,28.065375],[81.163015,28.05626],[81.157725,28.043647],[81.155935,28.027126],[81.163829,28.020372],[81.214366,27.999538],[81.221772,27.988105],[81.230479,27.96015],[81.238536,27.94831],[81.253184,27.941596],[81.271495,27.938178],[81.288829,27.932807],[81.299897,27.920356],[81.300385,27.904079],[81.290538,27.895819],[81.278412,27.88878],[81.272716,27.876288],[81.274832,27.867703],[81.28419,27.853095],[81.286388,27.845893],[81.284272,27.836778],[81.279552,27.829901],[81.274913,27.824897],[81.272716,27.821357],[81.274506,27.806586],[81.281179,27.782782],[81.280203,27.769558],[81.268321,27.740017],[81.259939,27.724799],[81.252208,27.714911],[81.272878,27.704047],[81.292979,27.687038],[81.308197,27.666124],[81.314138,27.6435],[81.311046,27.62287],[81.299327,27.58161],[81.299897,27.557888],[81.30657,27.538682],[81.331635,27.49494],[81.3449,27.478705],[81.348643,27.470526],[81.354747,27.446234],[81.358653,27.441189],[81.388601,27.421495],[81.396251,27.413886],[81.403087,27.393826],[81.40504,27.370876],[81.403575,27.327948],[81.413829,27.310248],[81.435313,27.298407],[81.454682,27.283393],[81.458263,27.256212],[81.452159,27.246405],[81.433604,27.230292],[81.430268,27.222113],[81.435476,27.21129],[81.454112,27.197211],[81.458263,27.18419],[81.455089,27.16474],[81.450125,27.153144],[81.448985,27.142361],[81.458263,27.125271],[81.475515,27.105821],[81.47877,27.098578],[81.479015,27.086982],[81.475678,27.08161],[81.474539,27.07685],[81.482188,27.067206],[81.500906,27.058661],[81.523855,27.059597],[81.547455,27.063503],[81.568126,27.063788],[81.606944,27.047146],[81.697276,26.961371],[81.719249,26.947781],[81.725108,26.940945],[81.730479,26.929267],[81.733409,26.91828],[81.738048,26.91002],[81.78712,26.896552],[81.788666,26.881374],[81.792979,26.873847],[81.799327,26.868191],[81.807709,26.858344],[81.829519,26.820665],[81.843679,26.807969],[81.865733,26.803087],[81.913829,26.803087],[81.918549,26.801459],[81.935313,26.79324],[81.945567,26.790066],[81.968842,26.788886],[81.985769,26.793769],[82.013113,26.810574],[82.047374,26.824815],[82.076915,26.845649],[82.082042,26.848456],[82.094493,26.853095],[82.122325,26.846869],[82.187022,26.8192],[82.208588,26.819607],[82.229503,26.816352],[82.246511,26.796942],[82.240001,26.790717],[82.232188,26.775662],[82.225352,26.769599],[82.241466,26.755805],[82.28004,26.74372],[82.305268,26.72663],[82.324636,26.717149],[82.328298,26.711534],[82.332449,26.70307],[82.355072,26.674018],[82.393077,26.655951],[82.418549,26.648301],[82.434581,26.649766],[82.454845,26.660753],[82.475597,26.658637],[82.551199,26.620307],[82.571707,26.613796],[82.592214,26.611355],[82.63323,26.614854],[82.649018,26.613593],[82.664154,26.605089],[82.678966,26.587999],[82.688975,26.572374],[82.703136,26.561103],[82.729503,26.556708],[82.749034,26.561591],[82.769054,26.571479],[82.790294,26.57921],[82.814464,26.577826],[82.879975,26.536241],[82.921479,26.523464],[83.004324,26.476101],[83.012706,26.469916],[83.030772,26.451199],[83.061534,26.409939],[83.076589,26.399522],[83.11085,26.388983],[83.14796,26.382839],[83.171397,26.386013],[83.185069,26.37995],[83.230479,26.376044],[83.240245,26.368598],[83.251557,26.362372],[83.322765,26.351874],[83.359386,26.328192],[83.42864,26.271064],[83.465587,26.262519],[83.477061,26.265245],[83.495942,26.273627],[83.507253,26.27615],[83.519623,26.275702],[83.540294,26.270087],[83.55128,26.268663],[83.70753,26.268012],[83.741222,26.262519],[83.774669,26.248847],[83.826671,26.200873],[83.846446,26.1942],[83.861827,26.185126],[83.882416,26.141059],[83.897472,26.125312],[83.914968,26.121609],[83.988048,26.118232],[83.997,26.116563],[84.001231,26.115302],[84.038585,26.096055],[84.054617,26.091173],[84.063487,26.090644],[84.084076,26.092068],[84.096202,26.091173],[84.107921,26.086859],[84.129649,26.073554],[84.14088,26.070665],[84.150401,26.066026],[84.160411,26.055121],[84.168468,26.042507],[84.175873,26.022773],[84.185151,26.020331],[84.196381,26.019802],[84.206065,26.015448],[84.210704,26.007025],[84.219737,25.974473],[84.225515,25.96365],[84.230479,25.956814],[84.243582,25.943793],[84.261485,25.931342],[84.279796,25.92711],[84.298269,25.928656],[84.332937,25.938585],[84.3449,25.940497],[84.374278,25.940375],[84.3838,25.935492],[84.396495,25.923774],[84.407481,25.909247],[84.41212,25.896023],[84.419526,25.889594],[84.456554,25.869981],[84.470144,25.865831],[84.502371,25.867743],[84.519542,25.866889],[84.531668,25.862128],[84.605479,25.799872],[84.610606,25.791612],[84.622976,25.759467],[84.630626,25.74494],[84.641612,25.733751],[84.65797,25.728095],[84.671967,25.730292],[84.701264,25.742011],[84.713145,25.741767]]]}},{"type":"Feature","properties":{"dissolve":"454River","scalerank":7.0,"featurecla":"River","name":"Chindwin","name_alt":null,"rivernum":454,"note":null,"min_zoom":6.0,"name_en":"Chindwin","min_label":7.0},"bbox":[94.30714,21.444688,97.061697,26.647244],"geometry":{"type":"MultiLineString","coordinates":[[[96.903412,25.631903],[96.897227,25.669745],[96.894054,25.674506],[96.886974,25.682196],[96.879975,25.692206],[96.876882,25.704169],[96.879975,25.713324],[96.894054,25.72309],[96.897227,25.731513],[96.898204,25.795966],[96.901459,25.81448],[96.907807,25.83161],[96.917735,25.85163],[96.955089,25.928656],[96.971609,25.935492],[96.97934,25.940375],[96.987071,25.950548],[96.999766,25.981309],[97.0171,26.011664],[97.020274,26.028876],[97.013276,26.050238],[97.027192,26.062527],[97.034679,26.074001],[97.056733,26.125841],[97.060802,26.140245],[97.061697,26.177191],[97.053233,26.191352],[97.014252,26.22781],[96.993256,26.24079],[96.95753,26.293077],[96.952729,26.297919],[96.945079,26.303494],[96.940033,26.304633],[96.921153,26.303494],[96.915538,26.305528],[96.913097,26.310004],[96.91212,26.314643],[96.910818,26.317165],[96.857921,26.329657],[96.848888,26.334499],[96.844737,26.345811],[96.834239,26.36046],[96.819916,26.373155],[96.804454,26.378526],[96.793549,26.375067],[96.783214,26.368476],[96.773204,26.364447],[96.763194,26.368598],[96.744884,26.384141],[96.739024,26.392849],[96.732839,26.384548],[96.722179,26.377631],[96.709727,26.373236],[96.69866,26.372382],[96.685639,26.37698],[96.672455,26.390082],[96.661143,26.392849],[96.634939,26.392849],[96.62379,26.395779],[96.602061,26.41059],[96.580007,26.414496],[96.56837,26.419501],[96.541433,26.449815],[96.515636,26.48725],[96.486908,26.509833],[96.451671,26.495876],[96.443858,26.50613],[96.435313,26.50963],[96.414073,26.508897],[96.403819,26.51203],[96.406342,26.519884],[96.413503,26.529975],[96.417491,26.539984],[96.413829,26.550605],[96.404796,26.550401],[96.393565,26.545966],[96.383311,26.543647],[96.367686,26.545681],[96.361095,26.548367],[96.340587,26.575059],[96.338145,26.581244],[96.33489,26.584011],[96.324718,26.584662],[96.297862,26.581],[96.285655,26.583441],[96.290538,26.594835],[96.303233,26.617499],[96.300792,26.637397],[96.28712,26.647244],[96.266043,26.639228],[96.271495,26.633734],[96.280284,26.61876],[96.263194,26.61461],[96.258393,26.600369],[96.250906,26.588406],[96.225678,26.591417],[96.247569,26.540107],[96.254649,26.511827],[96.246104,26.482204],[96.244151,26.487372],[96.242117,26.490587],[96.240489,26.494656],[96.239268,26.502061],[96.231944,26.502061],[96.231456,26.420356],[96.223643,26.381619],[96.2046,26.35871],[96.193614,26.357367],[96.167979,26.360785],[96.157319,26.35871],[96.151134,26.351833],[96.144216,26.340033],[96.141612,26.328925],[96.147065,26.32392],[96.156749,26.320746],[96.174734,26.306667],[96.18629,26.300482],[96.178233,26.293769],[96.157319,26.282986],[96.130056,26.279975],[96.091401,26.290391],[96.061697,26.275499],[96.051768,26.276394],[96.043956,26.275255],[96.040619,26.265652],[96.039073,26.255886],[96.020274,26.212348],[96.008718,26.194607],[95.993337,26.179877],[95.954112,26.164903],[95.938569,26.144558],[95.917247,26.104844],[95.909923,26.099473],[95.900076,26.094102],[95.890554,26.087226],[95.883067,26.076931],[95.881358,26.064643],[95.884044,26.037177],[95.879649,26.025987],[95.861746,26.015082],[95.839936,26.013739],[95.821869,26.023749],[95.807872,26.068712],[95.793224,26.058702],[95.774913,26.036648],[95.758881,26.022284],[95.745616,26.022813],[95.732026,26.02794],[95.719249,26.031114],[95.707612,26.025987],[95.704031,26.016059],[95.709483,25.995063],[95.704194,25.981309],[95.68629,26.012234],[95.675222,26.020453],[95.656505,26.015448],[95.6421,26.000352],[95.639252,25.983222],[95.639903,25.966742],[95.635916,25.954047],[95.62322,25.947618],[95.609874,25.94831],[95.597667,25.946723],[95.588878,25.933539],[95.588796,25.924018],[95.594005,25.902777],[95.595714,25.899441],[95.59075,25.893622],[95.574636,25.885199],[95.5678,25.878933],[95.581065,25.868964],[95.577891,25.852607],[95.563731,25.837266],[95.538015,25.82864],[95.529877,25.823513],[95.522878,25.815985],[95.52003,25.806912],[95.519054,25.792019],[95.516124,25.785224],[95.445079,25.746446],[95.437429,25.731513],[95.432709,25.710639],[95.423269,25.696234],[95.415701,25.681464],[95.417003,25.659206],[95.422781,25.648627],[95.440115,25.629421],[95.444835,25.618232],[95.443858,25.607733],[95.433686,25.597113],[95.424897,25.563666],[95.423839,25.553046],[95.420828,25.544013],[95.413585,25.540961],[95.404796,25.53974],[95.396495,25.536322],[95.382498,25.525499],[95.383067,25.521348],[95.382823,25.464301],[95.377045,25.424994],[95.370372,25.402045],[95.361501,25.385443],[95.345714,25.377061],[95.297374,25.362616],[95.287201,25.354763],[95.287039,25.334581],[95.283783,25.322292],[95.273448,25.313422],[95.223399,25.287706],[95.217703,25.283026],[95.20045,25.253607],[95.200694,25.248318],[95.152843,25.258653],[95.135753,25.255154],[95.121104,25.243964],[95.112315,25.232611],[95.100515,25.223904],[95.077403,25.220323],[95.073741,25.215766],[95.06837,25.19245],[95.065929,25.169135],[95.062266,25.160102],[95.050792,25.140448],[95.043224,25.135443],[95.04005,25.131619],[95.039806,25.125515],[95.042572,25.118964],[95.047537,25.111151],[95.042979,25.101915],[95.037039,25.093085],[95.030203,25.086371],[94.999034,25.077338],[94.987071,25.060858],[94.976329,24.988064],[94.971934,24.981391],[94.948985,24.985541],[94.934011,24.965155],[94.921641,24.939032],[94.906749,24.926134],[94.896983,24.922878],[94.882091,24.908311],[94.861257,24.900824],[94.863373,24.891628],[94.871104,24.88227],[94.875662,24.877753],[94.915945,24.859565],[94.935964,24.844346],[94.934093,24.82685],[94.924327,24.817979],[94.915538,24.812934],[94.905935,24.810614],[94.893077,24.810085],[94.878835,24.806342],[94.877208,24.797227],[94.878998,24.785956],[94.875662,24.775336],[94.845632,24.759385],[94.765717,24.74254],[94.738455,24.726915],[94.717052,24.692939],[94.697683,24.649522],[94.685069,24.605496],[94.683849,24.569892],[94.691335,24.553046],[94.703054,24.543647],[94.717214,24.535509],[94.732351,24.522732],[94.718028,24.512966],[94.723399,24.495469],[94.732351,24.475165],[94.728608,24.456895],[94.708751,24.432196],[94.715017,24.424628],[94.736095,24.423692],[94.760265,24.419053],[94.7671,24.413113],[94.792735,24.362413],[94.800304,24.351833],[94.811046,24.340522],[94.822683,24.325263],[94.827159,24.307563],[94.822765,24.289984],[94.807384,24.27501],[94.785574,24.269802],[94.733979,24.271796],[94.714366,24.265082],[94.699311,24.254259],[94.692882,24.246934],[94.690033,24.23782],[94.69752,24.193142],[94.686046,24.176296],[94.664806,24.159247],[94.644542,24.151435],[94.635509,24.162136],[94.625987,24.180365],[94.606619,24.183621],[94.591401,24.171698],[94.594493,24.144721],[94.599539,24.139187],[94.605968,24.135199],[94.611746,24.129218],[94.615001,24.117377],[94.61321,24.11046],[94.603526,24.097602],[94.601329,24.086371],[94.606944,24.066433],[94.604747,24.058905],[94.591075,24.055976],[94.582123,24.051866],[94.558686,24.033271],[94.553396,24.028022],[94.56129,24.001899],[94.624115,23.961005],[94.622488,23.933051],[94.609955,23.921454],[94.593272,23.912665],[94.573009,23.907091],[94.540457,23.903591],[94.528575,23.899604],[94.5171,23.89411],[94.508881,23.888048],[94.506358,23.877021],[94.514252,23.866156],[94.532481,23.850531],[94.541921,23.838324],[94.542735,23.832465],[94.539968,23.823188],[94.532237,23.814724],[94.510265,23.802843],[94.505789,23.798651],[94.496755,23.788357],[94.444347,23.746853],[94.433849,23.735378],[94.42628,23.7237],[94.421397,23.711941],[94.418712,23.699897],[94.418549,23.673651],[94.428152,23.617296],[94.430593,23.562364],[94.428396,23.54328],[94.421397,23.526882],[94.406505,23.511013],[94.390066,23.499376],[94.384369,23.492987],[94.382335,23.48371],[94.378184,23.476752],[94.357026,23.471625],[94.348074,23.466905],[94.337983,23.451931],[94.328298,23.430854],[94.321869,23.408881],[94.320811,23.391181],[94.323741,23.385077],[94.341319,23.357042],[94.342377,23.345649],[94.340017,23.337104],[94.344493,23.331651],[94.365489,23.329698],[94.369721,23.313788],[94.30714,23.212429],[94.33546,23.193915],[94.347341,23.114814],[94.365489,23.096991],[94.384207,23.091864],[94.405691,23.079291],[94.424897,23.063503],[94.436697,23.048611],[94.440847,23.029079],[94.433686,23.01203],[94.418224,22.997748],[94.396495,22.986518],[94.392589,22.99079],[94.384939,22.997016],[94.376069,23.00141],[94.368582,23.000108],[94.362641,22.988959],[94.365652,22.978542],[94.384776,22.948025],[94.406749,22.943183],[94.451182,22.945502],[94.474539,22.944159],[94.496349,22.937283],[94.512462,22.923407],[94.518891,22.90119],[94.528087,22.888373],[94.550141,22.884589],[94.575206,22.88642],[94.594493,22.890245],[94.599539,22.893093],[94.609304,22.901557],[94.615001,22.904568],[94.619884,22.905056],[94.630626,22.903876],[94.654877,22.90766],[94.660655,22.9112],[94.662852,22.921658],[94.662608,22.948106],[94.665701,22.96955],[94.677989,22.983222],[94.705007,22.986518],[94.728038,22.980048],[94.740245,22.966254],[94.74464,22.946316],[94.745372,22.921658],[94.743582,22.916042],[94.740001,22.911689],[94.738292,22.907253],[94.741954,22.90119],[94.758067,22.885769],[94.760265,22.880683],[94.759369,22.867703],[94.756602,22.858222],[94.751964,22.850653],[94.745372,22.843126],[94.703217,22.810818],[94.690033,22.794704],[94.728608,22.726426],[94.747162,22.723741],[94.764171,22.715399],[94.776296,22.700629],[94.78004,22.678656],[94.765554,22.643175],[94.760671,22.620551],[94.778738,22.600369],[94.807384,22.541449],[94.81308,22.495185],[94.819428,22.470323],[94.831391,22.45954],[94.846202,22.455675],[94.903575,22.42475],[94.910167,22.417914],[94.914073,22.40998],[94.919688,22.402533],[94.930186,22.396837],[94.975597,22.396837],[94.982188,22.393622],[94.987641,22.38581],[94.990896,22.375922],[94.99464,22.352078],[95.00058,22.34394],[95.019623,22.329169],[95.030365,22.310736],[95.040538,22.268378],[95.050792,22.250067],[95.064952,22.231472],[95.071544,22.216091],[95.081147,22.178331],[95.119233,22.110785],[95.135183,22.07335],[95.135753,22.027533],[95.130382,21.990058],[95.128917,21.948432],[95.130626,21.925971],[95.146902,21.839626],[95.152192,21.82331],[95.160492,21.810411],[95.188975,21.780382],[95.206716,21.745876],[95.217703,21.733344],[95.234386,21.721259],[95.242605,21.711941],[95.245372,21.698676],[95.245616,21.674669],[95.249929,21.654405],[95.268565,21.622138],[95.27296,21.599229],[95.270763,21.579047],[95.261322,21.546983],[95.259288,21.526679],[95.27296,21.444688]]]}},{"type":"Feature","properties":{"dissolve":"455River","scalerank":7.0,"featurecla":"River","name":"Krong","name_alt":null,"rivernum":455,"note":null,"min_zoom":6.0,"name_en":"Krong","min_label":7.0},"bbox":[107.377371,11.885443,108.129893,13.237087],"geometry":{"type":"MultiLineString","coordinates":[[[108.066498,11.885443],[108.076671,11.898708],[108.087006,11.909735],[108.092459,11.92239],[108.087576,11.940131],[108.081147,11.944932],[108.072032,11.948188],[108.063975,11.953437],[108.060313,11.964301],[108.056407,11.971747],[108.032319,11.995307],[108.02296,12.007758],[108.019949,12.015082],[108.017589,12.040351],[108.013927,12.046007],[108.007416,12.049343],[107.99822,12.056749],[107.989024,12.064073],[107.985281,12.064643],[107.984386,12.067328],[107.98463,12.081],[107.986501,12.091335],[107.995372,12.11404],[107.99822,12.125678],[108.005056,12.125678],[108.013927,12.121039],[108.024099,12.127997],[108.037201,12.138943],[108.053396,12.146186],[108.094493,12.140245],[108.11378,12.143378],[108.121755,12.162909],[108.123627,12.171251],[108.127208,12.180365],[108.129893,12.190212],[108.128673,12.200792],[108.124441,12.204779],[108.101329,12.221259],[108.083507,12.25198],[108.08074,12.259467],[108.076589,12.264228],[108.057872,12.273993],[108.046397,12.290798],[108.029552,12.298285],[108.010183,12.302517],[107.994884,12.303819],[107.97877,12.307074],[107.967052,12.315253],[107.941173,12.353827],[107.934825,12.370144],[107.931163,12.388373],[107.929861,12.40998],[107.935313,12.424994],[107.948253,12.436306],[107.963959,12.440375],[107.977794,12.433539],[107.988048,12.445868],[108.000499,12.466986],[108.00587,12.486843],[107.994884,12.495632],[107.989268,12.498725],[107.976329,12.512397],[107.922455,12.529731],[107.910167,12.537869],[107.90797,12.544135],[107.908946,12.557074],[107.911632,12.566189],[107.916515,12.572537],[107.923839,12.57628],[107.933116,12.577582],[107.946544,12.584906],[107.94752,12.602322],[107.936127,12.638983],[107.933442,12.644355],[107.929698,12.649359],[107.925792,12.655951],[107.922455,12.666327],[107.92099,12.697781],[107.919444,12.704454],[107.91269,12.714057],[107.912364,12.72016],[107.914643,12.725287],[107.91627,12.732123],[107.913585,12.744167],[107.906505,12.749823],[107.878429,12.760525],[107.872325,12.761054],[107.867605,12.764187],[107.861827,12.77619],[107.863455,12.785102],[107.868663,12.796658],[107.869233,12.806667],[107.858409,12.810899],[107.832774,12.815375],[107.829031,12.827338],[107.830333,12.84455],[107.820811,12.864936],[107.812592,12.869696],[107.805186,12.869696],[107.800548,12.867296],[107.800304,12.864936],[107.784434,12.871649],[107.777436,12.87641],[107.78297,12.878607],[107.78948,12.886583],[107.792979,12.902371],[107.790538,12.913153],[107.779226,12.906521],[107.77296,12.906521],[107.735037,12.924872],[107.714692,12.933865],[107.693126,12.937283],[107.682628,12.946397],[107.675141,12.95954],[107.663097,12.974799],[107.646495,12.985175],[107.6338,12.983995],[107.621186,12.978298],[107.604991,12.974799],[107.563243,12.974799],[107.553315,12.978339],[107.547374,12.98664],[107.543061,12.995917],[107.539073,13.002753],[107.474132,13.043728],[107.470632,13.046658],[107.448416,13.058946],[107.44337,13.060736],[107.441335,13.063788],[107.430675,13.065253],[107.425955,13.067572],[107.422537,13.074897],[107.424734,13.081244],[107.428152,13.086859],[107.429128,13.092108],[107.41627,13.130398],[107.405772,13.146796],[107.391775,13.153591],[107.377371,13.237087]]]}},{"type":"Feature","properties":{"dissolve":"456River","scalerank":7.0,"featurecla":"River","name":"Wu","name_alt":null,"rivernum":456,"note":null,"min_zoom":6.0,"name_en":"Wu","min_label":7.0},"bbox":[104.592459,26.337592,108.505382,29.730292],"geometry":{"type":"MultiLineString","coordinates":[[[106.730886,27.317694],[106.815847,27.317694],[106.822032,27.318712],[106.831554,27.32335],[106.836681,27.32449],[106.842459,27.322455],[106.851573,27.313503],[106.857432,27.311469],[106.862804,27.306667],[106.880382,27.284044],[106.88795,27.276679],[106.907237,27.26907],[106.917735,27.274482],[106.962983,27.33747],[106.975352,27.349921],[106.991466,27.358669],[107.018077,27.359483],[107.036632,27.347032],[107.053966,27.331895],[107.076915,27.32449],[107.097748,27.329047],[107.129893,27.350898],[107.149099,27.358669],[107.189952,27.354275],[107.183197,27.325059],[107.135509,27.263007],[107.129649,27.257188],[107.12379,27.253485],[107.121755,27.249335],[107.128022,27.24254],[107.142589,27.235704],[107.151866,27.238878],[107.160574,27.245673],[107.172862,27.249376],[107.238455,27.251573],[107.327403,27.281521],[107.360444,27.300116],[107.388682,27.32449],[107.398204,27.341335],[107.415131,27.386298],[107.425955,27.403347],[107.434581,27.4112],[107.445079,27.418769],[107.456391,27.424628],[107.480398,27.430691],[107.493256,27.448757],[107.504812,27.454861],[107.516775,27.454942],[107.520763,27.449978],[107.521983,27.442328],[107.525401,27.434353],[107.549083,27.405707],[107.553233,27.403347],[107.561697,27.395819],[107.614675,27.37226],[107.641368,27.372626],[107.667003,27.382839],[107.688731,27.399766],[107.704112,27.420722],[107.684093,27.420722],[107.687511,27.426947],[107.711436,27.441189],[107.723725,27.453477],[107.745128,27.489569],[107.752452,27.489569],[107.770112,27.479031],[107.78655,27.494981],[107.803722,27.530585],[107.813894,27.540473],[107.823985,27.547309],[107.83782,27.550401],[107.86142,27.550849],[107.872488,27.553005],[107.882253,27.557888],[107.892996,27.57392],[107.894054,27.594184],[107.888438,27.636746],[107.898041,27.643419],[107.956716,27.6671],[107.999034,27.702745],[108.015391,27.708075],[108.021658,27.711249],[108.040701,27.725409],[108.049815,27.728583],[108.069021,27.730089],[108.079031,27.732449],[108.087576,27.736029],[108.104991,27.749538],[108.138927,27.794379],[108.161794,27.804958],[108.181163,27.799872],[108.197358,27.791287],[108.210541,27.791287],[108.215912,27.801215],[108.23463,27.864773],[108.246511,27.953477],[108.245372,27.968777],[108.237071,27.984646],[108.19752,28.023993],[108.187022,28.052069],[108.190684,28.078966],[108.202891,28.104071],[108.236095,28.1553],[108.243175,28.172187],[108.245372,28.187852],[108.240245,28.204413],[108.231049,28.215196],[108.220225,28.224473],[108.210541,28.236274],[108.229015,28.25906],[108.251475,28.305609],[108.272553,28.325629],[108.285655,28.330593],[108.296641,28.332709],[108.303966,28.338894],[108.306733,28.356065],[108.301768,28.362331],[108.265717,28.380316],[108.272553,28.392686],[108.28183,28.399522],[108.306733,28.407009],[108.314871,28.40766],[108.323334,28.406806],[108.331472,28.40705],[108.338145,28.410712],[108.359874,28.426337],[108.397634,28.447333],[108.403575,28.451687],[108.407237,28.482367],[108.409923,28.489529],[108.4192,28.493964],[108.447765,28.498358],[108.458263,28.503201],[108.466319,28.514187],[108.472667,28.527411],[108.476654,28.541449],[108.478038,28.554714],[108.483165,28.573839],[108.503429,28.612616],[108.505382,28.639716],[108.484955,28.640245],[108.405772,28.658311],[108.36378,28.677598],[108.3449,28.681952],[108.330089,28.689073],[108.322765,28.705756],[108.320567,28.724962],[108.320404,28.739691],[108.329031,28.7567],[108.367117,28.776923],[108.37558,28.794257],[108.371349,28.815863],[108.361095,28.83039],[108.349701,28.843207],[108.341563,28.859442],[108.340261,28.869167],[108.341319,28.912055],[108.340343,28.919542],[108.30128,29.005927],[108.292084,29.044867],[108.300141,29.086005],[108.290538,29.136542],[108.266694,29.162706],[108.233653,29.18126],[108.19752,29.20893],[108.184825,29.224311],[108.173595,29.242255],[108.165701,29.261583],[108.16269,29.281195],[108.158376,29.292833],[108.149018,29.302069],[108.139659,29.309272],[108.135509,29.315009],[108.128673,29.352891],[108.108328,29.386786],[108.07252,29.396796],[107.952078,29.384792],[107.945404,29.374538],[107.943614,29.349473],[107.938406,29.32628],[107.925385,29.309149],[107.896495,29.284613],[107.891205,29.278754],[107.886811,29.272244],[107.8838,29.265082],[107.882253,29.257351],[107.867279,29.264106],[107.849132,29.276557],[107.833507,29.29206],[107.823985,29.315538],[107.816335,29.321397],[107.805105,29.326036],[107.79184,29.329698],[107.745128,29.339219],[107.72877,29.346137],[107.717703,29.352891],[107.688487,29.377061],[107.679861,29.380194],[107.676524,29.382636],[107.645763,29.397284],[107.634858,29.400458],[107.580577,29.400702],[107.562022,29.409491],[107.526296,29.436591],[107.515717,29.442247],[107.470714,29.518012],[107.478608,29.562852],[107.474864,29.583767],[107.453624,29.592475],[107.431163,29.596625],[107.412364,29.607489],[107.398041,29.622911],[107.388682,29.640937],[107.385671,29.655097],[107.385916,29.666938],[107.388682,29.685329],[107.394054,29.694403],[107.404063,29.703192],[107.409923,29.714301],[107.402436,29.730292]],[[106.730886,27.317694],[106.724132,27.317694]],[[104.592459,26.808295],[104.607432,26.800605],[104.646658,26.769151],[104.654552,26.757392],[104.735769,26.708319],[104.757091,26.699042],[104.764659,26.69892],[104.777924,26.704413],[104.78769,26.705878],[104.798595,26.702704],[104.815929,26.688585],[104.82252,26.685411],[104.837169,26.688056],[104.845225,26.6942],[104.851492,26.701036],[104.860037,26.705878],[104.891368,26.699246],[104.931163,26.687323],[104.935151,26.683946],[104.93629,26.661689],[104.942393,26.646064],[104.956716,26.638251],[104.983653,26.639228],[105.000255,26.64643],[105.020518,26.66002],[105.03769,26.674384],[105.051524,26.692165],[105.066335,26.683865],[105.092784,26.659735],[105.109955,26.648749],[105.127533,26.642279],[105.145763,26.643826],[105.164806,26.656602],[105.184662,26.664374],[105.192556,26.644639],[105.195811,26.598253],[105.216319,26.591417],[105.225841,26.562364],[105.226329,26.556098],[105.231049,26.551947],[105.247081,26.550482],[105.255951,26.548204],[105.275971,26.538438],[105.288097,26.5362],[105.294444,26.539618],[105.314708,26.553982],[105.326182,26.556708],[105.339692,26.552924],[105.346934,26.545518],[105.351085,26.536973],[105.353526,26.529364],[105.353526,26.523993],[105.347179,26.514757],[105.346121,26.508897],[105.348888,26.503607],[105.358409,26.498358],[105.360362,26.492133],[105.362234,26.472602],[105.367279,26.450507],[105.375987,26.429633],[105.387706,26.413357],[105.403331,26.403876],[105.421316,26.39643],[105.436046,26.386298],[105.450776,26.349555],[105.471609,26.340522],[105.496593,26.337714],[105.545665,26.337592],[105.563894,26.340115],[105.578868,26.349148],[105.596772,26.368598],[105.610281,26.376329],[105.675141,26.392849],[105.686697,26.392605],[105.706635,26.387397],[105.716726,26.386013],[105.722585,26.388292],[105.733165,26.398301],[105.737071,26.400255],[105.743175,26.397325],[105.747813,26.392524],[105.751231,26.388007],[105.754242,26.386013],[105.78712,26.387722],[105.803803,26.391913],[105.825857,26.400255],[105.882904,26.429877],[105.90504,26.433783],[105.930186,26.435085],[105.950776,26.438992],[106.075694,26.480984],[106.10963,26.49905],[106.134939,26.5362],[106.150401,26.599433],[106.158783,26.615058],[106.162039,26.626003],[106.157644,26.638617],[106.148692,26.649115],[106.138276,26.65351],[106.132335,26.657335],[106.142345,26.665351],[106.156505,26.672553],[106.162364,26.674018],[106.170665,26.690497],[106.17213,26.708197],[106.1692,26.752509],[106.163097,26.777615],[106.149669,26.793809],[106.135509,26.805691],[106.127452,26.81741],[106.130382,26.838406],[106.14503,26.853583],[106.165619,26.862657],[106.186127,26.86579],[106.196381,26.870063],[106.209727,26.888861],[106.220307,26.893134],[106.238455,26.8935],[106.250418,26.886298],[106.259858,26.878119],[106.264415,26.871527],[106.2706,26.86872],[106.285167,26.872016],[106.290294,26.875678],[106.309255,26.896552],[106.31894,26.899359],[106.339936,26.887397],[106.350352,26.889716],[106.357188,26.89822],[106.358653,26.905707],[106.35849,26.914618],[106.360281,26.927273],[106.366791,26.946072],[106.37794,26.966376],[106.393077,26.982611],[106.437022,26.995958],[106.440033,27.011583],[106.431407,27.029731],[106.422374,27.043972],[106.41212,27.064073],[106.405854,27.083686],[106.402761,27.1046],[106.401866,27.128974],[106.40504,27.141425],[106.412852,27.146918],[106.422944,27.150499],[106.432628,27.156928],[106.446707,27.188056],[106.450206,27.194159],[106.458995,27.196112],[106.481293,27.193142],[106.490652,27.194159],[106.520274,27.222602],[106.607921,27.269884],[106.631277,27.29267],[106.642833,27.298529],[106.714773,27.312364],[106.730886,27.317694]]]}},{"type":"Feature","properties":{"dissolve":"457River","scalerank":7.0,"featurecla":"River","name":"Xiang","name_alt":null,"rivernum":457,"note":null,"min_zoom":6.0,"name_en":"Xiang","min_label":7.0},"bbox":[110.616954,25.48786,113.138194,29.147488],"geometry":{"type":"MultiLineString","coordinates":[[[110.616954,25.48786],[110.624115,25.492621],[110.641368,25.501247],[110.651134,25.508368],[110.665538,25.526435],[110.674327,25.533474],[110.687999,25.536322],[110.689138,25.540635],[110.698009,25.560899],[110.701671,25.567003],[110.706472,25.57807],[110.700857,25.586697],[110.685313,25.597724],[110.678803,25.627997],[110.691987,25.6588],[110.739268,25.713813],[110.753673,25.726874],[110.770763,25.737982],[110.788259,25.745673],[110.804454,25.748562],[110.826915,25.755072],[110.845307,25.771064],[110.859874,25.791287],[110.881765,25.831163],[110.893321,25.843817],[110.943777,25.87226],[110.949718,25.876736],[110.952159,25.882025],[110.95517,25.886501],[110.962169,25.884792],[110.972585,25.878933],[110.994151,25.889716],[111.001475,25.89643],[111.006847,25.906846],[111.014171,25.899441],[111.023367,25.903144],[111.029063,25.901435],[111.033946,25.898627],[111.040945,25.899441],[111.046479,25.904324],[111.046397,25.909776],[111.045421,25.915351],[111.04835,25.920478],[111.059255,25.927558],[111.088634,25.940375],[111.086518,25.95364],[111.087576,25.966824],[111.091075,25.978868],[111.096121,25.988796],[111.097341,25.988796],[111.109874,26.000556],[111.109874,26.001776],[111.117686,26.0067],[111.122162,26.008857],[111.12558,26.007514],[111.1303,26.001776],[111.141124,26.010077],[111.152192,26.015001],[111.160818,26.021104],[111.166515,26.041205],[111.198009,26.092231],[111.253184,26.235175],[111.256358,26.256171],[111.260671,26.265082],[111.283214,26.273139],[111.285655,26.283311],[111.281261,26.294989],[111.273692,26.303494],[111.318126,26.321723],[111.332042,26.32392],[111.365001,26.317572],[111.380056,26.318874],[111.390391,26.331366],[111.39503,26.326361],[111.401785,26.321723],[111.404552,26.317165],[111.413829,26.322821],[111.422862,26.32331],[111.430919,26.318874],[111.438243,26.309638],[111.450694,26.312852],[111.462413,26.311062],[111.472341,26.312079],[111.479747,26.32392],[111.487234,26.32392],[111.490326,26.311835],[111.495942,26.302924],[111.503917,26.296007],[111.514415,26.290391],[111.513438,26.293728],[111.516775,26.298285],[111.52239,26.302273],[111.527436,26.303494],[111.532725,26.301052],[111.536388,26.293809],[111.567882,26.271999],[111.575857,26.268663],[111.588308,26.268744],[111.59075,26.270575],[111.591807,26.275946],[111.599539,26.286689],[111.607188,26.307725],[111.590261,26.350775],[111.592703,26.368598],[111.604015,26.389431],[111.604096,26.407904],[111.595876,26.423163],[111.582123,26.433783],[111.589936,26.445421],[111.607514,26.457953],[111.616954,26.467963],[111.623057,26.480251],[111.63144,26.505886],[111.637299,26.515733],[111.645925,26.522406],[111.6692,26.536322],[111.678315,26.543647],[111.686941,26.555365],[111.691742,26.564561],[111.698416,26.571885],[111.713145,26.577826],[111.713145,26.584662],[111.705496,26.589952],[111.701671,26.596544],[111.701671,26.603827],[111.705658,26.611355],[111.730398,26.586534],[111.739838,26.571601],[111.740326,26.550482],[111.75172,26.556667],[111.752615,26.564724],[111.750987,26.574164],[111.753998,26.584662],[111.765391,26.595893],[111.775483,26.599636],[111.798106,26.598253],[111.80071,26.596259],[111.802664,26.58572],[111.804861,26.581244],[111.811046,26.577908],[111.815522,26.579535],[111.819835,26.582831],[111.825694,26.584662],[111.846609,26.581326],[111.85434,26.584744],[111.863292,26.598253],[111.867117,26.588406],[111.870128,26.556708],[111.869395,26.547553],[111.864513,26.530788],[111.863292,26.519477],[111.868582,26.506456],[111.879649,26.511339],[111.889415,26.522773],[111.890636,26.529364],[111.900645,26.52558],[111.907156,26.518622],[111.911388,26.511908],[111.914806,26.508897],[111.927745,26.501044],[111.951752,26.465115],[111.966319,26.454901],[111.984874,26.454779],[112.023448,26.465155],[112.048839,26.467963],[112.048839,26.474799],[112.043793,26.476182],[112.04127,26.477851],[112.039073,26.479804],[112.034679,26.482204],[112.048595,26.496934],[112.067882,26.500271],[112.11378,26.495876],[112.133067,26.501085],[112.147472,26.513861],[112.172374,26.543647],[112.189382,26.548692],[112.212983,26.548367],[112.229096,26.541205],[112.223643,26.526313],[112.187266,26.501817],[112.180675,26.488552],[112.199148,26.474799],[112.2199,26.472032],[112.249929,26.473741],[112.276866,26.480333],[112.288503,26.492133],[112.290701,26.497423],[112.295665,26.502143],[112.300385,26.508612],[112.302745,26.519477],[112.30071,26.553656],[112.302745,26.564154],[112.316905,26.57685],[112.333507,26.572781],[112.34905,26.562527],[112.360281,26.556708],[112.375662,26.563747],[112.396902,26.593451],[112.411388,26.598253],[112.417491,26.593817],[112.431895,26.57038],[112.441905,26.563829],[112.448741,26.562323],[112.462901,26.564154],[112.474294,26.567328],[112.479015,26.574408],[112.480886,26.581407],[112.483409,26.584662],[112.494233,26.583116],[112.509288,26.577501],[112.5206,26.577826],[112.537608,26.584784],[112.570893,26.606716],[112.619884,26.614203],[112.627533,26.622992],[112.627452,26.638129],[112.630463,26.659735],[112.634776,26.668728],[112.651541,26.694525],[112.663097,26.723334],[112.6692,26.732042],[112.677257,26.75141],[112.657319,26.757392],[112.610606,26.755927],[112.589936,26.768826],[112.583507,26.789578],[112.591563,26.808905],[112.61435,26.81741],[112.637543,26.819932],[112.648692,26.827663],[112.665701,26.858344],[112.63087,26.873643],[112.616466,26.885077],[112.610606,26.903347],[112.61614,26.922634],[112.642507,26.953681],[112.651541,26.975653],[112.653412,27.016059],[112.660574,27.026679],[112.682384,27.0303],[112.697683,27.021918],[112.705658,27.004584],[112.716563,26.989936],[112.740326,26.989325],[112.757498,27.00198],[112.759858,27.021023],[112.75172,27.04206],[112.737234,27.060655],[112.728282,27.082953],[112.748464,27.091742],[112.77589,27.0928],[112.788829,27.091742],[112.807872,27.101915],[112.807709,27.118028],[112.80421,27.133002],[112.813243,27.139512],[112.840017,27.145453],[112.847585,27.160468],[112.844005,27.201606],[112.861095,27.235175],[112.920909,27.286444],[112.93214,27.32449],[112.927257,27.344672],[112.908946,27.385362],[112.904796,27.410183],[112.913503,27.423367],[112.933523,27.43419],[112.973643,27.448594],[112.986908,27.431993],[112.991954,27.413886],[113.00058,27.399359],[113.024669,27.393378],[113.044526,27.399726],[113.043793,27.415351],[113.036143,27.435411],[113.035167,27.454861],[113.063975,27.479275],[113.107188,27.495551],[113.138194,27.517198],[113.131358,27.557888],[113.111827,27.592149],[113.105724,27.612087],[113.103445,27.636746],[113.106456,27.659369],[113.120535,27.694607],[113.124034,27.714911],[113.122488,27.726426],[113.114024,27.745958],[113.11085,27.756456],[113.110769,27.76614],[113.116222,27.782091],[113.117686,27.794379],[113.120942,27.79739],[113.127615,27.802558],[113.134532,27.810411],[113.137625,27.821357],[113.135834,27.832872],[113.13087,27.841132],[113.122488,27.847235],[113.11085,27.852078],[113.090261,27.856757],[113.083018,27.859565],[113.062918,27.852118],[113.016612,27.851426],[112.997325,27.842149],[112.964692,27.814561],[112.944591,27.802802],[112.925304,27.797431],[112.903819,27.800564],[112.891368,27.811306],[112.885671,27.827948],[112.884288,27.848944],[112.893484,27.862331],[112.953217,27.906684],[112.987722,27.952419],[112.99114,27.958441],[112.987885,27.96544],[112.950043,28.007921],[112.939952,28.022895],[112.93214,28.044501],[112.930431,28.068386],[112.935557,28.087592],[112.942393,28.104844],[112.959483,28.201524],[112.960867,28.244656],[112.954275,28.27912],[112.936941,28.3074],[112.870942,28.356635],[112.844005,28.385688],[112.80128,28.452745],[112.766124,28.507514],[112.761485,28.523627],[112.762706,28.545111],[112.771414,28.553168],[112.785492,28.558539],[112.802419,28.572089],[112.810313,28.588935],[112.810802,28.6081],[112.805186,28.626166],[112.795665,28.639716],[112.776541,28.649929],[112.755789,28.651394],[112.734304,28.646999],[112.713634,28.639716],[112.711192,28.674425],[112.748464,28.696804],[112.793875,28.717312],[112.81601,28.746446],[112.826671,28.766628],[112.873627,28.776882],[112.884288,28.794257],[112.892996,28.857978],[112.891694,28.880561],[112.881765,28.915798],[112.879405,28.935248],[112.884288,28.955675],[112.896495,28.971544],[112.949474,29.006863],[112.982188,29.03502],[113.010916,29.068671],[113.018077,29.08865],[113.013438,29.110541],[112.993582,29.147488]]]}},{"type":"Feature","properties":{"dissolve":"458River","scalerank":7.0,"featurecla":"River","name":"Huai","name_alt":null,"rivernum":458,"note":null,"min_zoom":6.0,"name_en":"Huai","min_label":7.0},"bbox":[113.72047,32.241319,116.521414,32.610622],"geometry":{"type":"MultiLineString","coordinates":[[[113.72047,32.416042],[113.727306,32.423448],[113.738048,32.416612],[113.746674,32.417344],[113.754893,32.421169],[113.765147,32.423448],[113.772472,32.422065],[113.796153,32.409776],[113.798432,32.422146],[113.804617,32.425727],[113.823416,32.423448],[113.825776,32.421454],[113.850678,32.409776],[113.856293,32.40294],[113.876882,32.343044],[113.878673,32.330634],[113.883067,32.318874],[113.892345,32.314561],[113.901785,32.311469],[113.905935,32.303331],[113.899099,32.285956],[113.899343,32.276679],[113.930186,32.264716],[113.943126,32.249945],[113.953624,32.241319],[113.968028,32.252143],[113.98406,32.242784],[114.003998,32.241645],[114.021007,32.249945],[114.033621,32.280829],[114.057058,32.301866],[114.062429,32.310167],[114.071788,32.36579],[114.084565,32.39704],[114.104015,32.409776],[114.102957,32.426378],[114.113373,32.44245],[114.130382,32.449815],[114.148692,32.440212],[114.158783,32.426581],[114.163259,32.422146],[114.172293,32.416042],[114.182058,32.410753],[114.193614,32.406928],[114.204682,32.406033],[114.213878,32.409776],[114.237722,32.389472],[114.310069,32.360785],[114.325694,32.348415],[114.341319,32.329901],[114.354991,32.308214],[114.364757,32.286241],[114.382335,32.292426],[114.400483,32.287706],[114.419526,32.280544],[114.44044,32.278835],[114.471283,32.294216],[114.490245,32.300482],[114.5053,32.296495],[114.521902,32.287706],[114.53655,32.292426],[114.552745,32.301703],[114.573741,32.306749],[114.585704,32.30504],[114.595225,32.302558],[114.604096,32.303046],[114.614513,32.310167],[114.622651,32.312567],[114.646902,32.309678],[114.658946,32.313585],[114.659679,32.287421],[114.678233,32.292589],[114.717296,32.31977],[114.737804,32.314236],[114.762787,32.303534],[114.787608,32.29682],[114.806651,32.303331],[114.823253,32.305854],[114.880382,32.292751],[114.899018,32.286241],[114.919688,32.274115],[114.930756,32.270819],[114.94752,32.27265],[114.958018,32.277615],[114.971772,32.292589],[114.981619,32.299913],[115.004649,32.292751],[115.033376,32.29324],[115.060557,32.298774],[115.07724,32.306749],[115.096202,32.352403],[115.108897,32.368598],[115.12558,32.35456],[115.145437,32.359402],[115.165457,32.356472],[115.182628,32.34748],[115.193858,32.334052],[115.199474,32.338446],[115.205333,32.34162],[115.211436,32.341986],[115.217459,32.337755],[115.224864,32.333808],[115.231375,32.337592],[115.237804,32.343817],[115.245128,32.347113],[115.274425,32.348212],[115.288503,32.351345],[115.348643,32.3817],[115.367198,32.397569],[115.351003,32.409776],[115.351003,32.416042],[115.361095,32.421698],[115.371349,32.423285],[115.379893,32.419623],[115.385753,32.409776],[115.392589,32.409776],[115.42628,32.434394],[115.530203,32.401068],[115.564464,32.409776]],[[115.564464,32.402371],[115.585378,32.412299],[115.60906,32.416287],[115.630951,32.413275],[115.646414,32.402371],[115.687104,32.46662],[115.693614,32.491767],[115.726085,32.481147],[115.741628,32.479112],[115.754487,32.498155],[115.768484,32.490994],[115.789806,32.470649],[115.808116,32.503282],[115.843191,32.542426],[115.884288,32.571601],[115.920014,32.574286],[115.961192,32.598944],[115.989268,32.610622],[116.002045,32.604682],[116.009695,32.590928],[116.026866,32.574734],[116.057384,32.553168],[116.076427,32.543728],[116.096121,32.530382],[116.101573,32.527859],[116.107188,32.524441],[116.111908,32.51907],[116.113292,32.512966],[116.112397,32.506619],[116.112071,32.500434],[116.12672,32.478827],[116.136974,32.457587],[116.150971,32.438666],[116.174083,32.429633],[116.242931,32.46072],[116.246674,32.477729],[116.257091,32.496405],[116.271658,32.511786],[116.28948,32.51907],[116.313731,32.512763],[116.346446,32.478583],[116.362315,32.470649],[116.377615,32.465766],[116.421316,32.443142],[116.440929,32.436469],[116.481293,32.445095],[116.505382,32.475043],[116.521414,32.501247]]]}},{"type":"Feature","properties":{"dissolve":"467River","scalerank":7.0,"featurecla":"River","name":"Sapt","name_alt":null,"rivernum":467,"note":null,"min_zoom":6.0,"name_en":"Sapt","min_label":7.0},"bbox":[85.726654,25.244208,87.758311,28.807563],"geometry":{"type":"MultiLineString","coordinates":[[[85.754649,28.551581],[85.750662,28.574774],[85.726654,28.63349],[85.740896,28.651923],[85.763194,28.67418],[85.788666,28.687445],[85.812999,28.678534],[85.83196,28.669135],[85.855724,28.670356],[85.881358,28.67475],[85.905528,28.675116],[85.94752,28.665473],[86.011485,28.651882],[86.044037,28.649929],[86.077403,28.653998],[86.102794,28.66238],[86.121755,28.67532],[86.134044,28.693874],[86.140391,28.732774],[86.146576,28.744696],[86.156342,28.753201],[86.1845,28.760321],[86.195079,28.769639],[86.203705,28.78087],[86.21339,28.790595],[86.239268,28.8039],[86.261974,28.807563],[86.328705,28.803005],[86.354015,28.797553],[86.378673,28.788764],[86.398936,28.776923],[86.413178,28.758368],[86.4192,28.736274],[86.419444,28.69184],[86.427257,28.669501],[86.4463,28.643012],[86.470876,28.619574],[86.495128,28.606228],[86.519949,28.605251],[86.559581,28.622138],[86.580496,28.626736],[86.642345,28.626736],[86.649913,28.624864],[86.652273,28.620714],[86.653901,28.616156],[86.659679,28.613064],[86.751475,28.606228],[86.760509,28.608466],[86.780365,28.618232],[86.792491,28.620469],[86.805105,28.618598],[86.826182,28.609442],[86.837169,28.606228],[86.85906,28.60696],[86.882335,28.610867],[86.904307,28.611518],[86.922862,28.602484],[86.931651,28.599636],[86.979503,28.597764],[86.996755,28.593533],[87.008393,28.592597],[87.036388,28.594306],[87.066417,28.599555],[87.094737,28.608262],[87.118256,28.620469],[87.180919,28.598741],[87.22226,28.614325],[87.273448,28.612087],[87.324474,28.599718],[87.364757,28.585069],[87.392833,28.570421],[87.418386,28.551866],[87.464366,28.506903],[87.475352,28.502061],[87.512462,28.499783],[87.522065,28.492051],[87.55714,28.475206],[87.579112,28.461493],[87.605235,28.441026],[87.614838,28.422471],[87.563406,28.40705],[87.468354,28.337999],[87.465343,28.331732],[87.460948,28.318874],[87.454519,28.282253],[87.450694,28.27379],[87.43214,28.267768],[87.380463,28.272162],[87.357921,28.263617],[87.348643,28.247829],[87.333263,28.198554],[87.330577,28.184434],[87.333995,28.172716],[87.340424,28.162787],[87.344656,28.15351],[87.337169,28.132188],[87.344005,28.120795],[87.364757,28.099148],[87.369558,28.090033],[87.376475,28.068183],[87.378429,28.058173],[87.377371,28.054389],[87.372081,28.043809],[87.371593,28.037665],[87.374522,28.031073],[87.3838,28.019151],[87.385753,28.013129],[87.383556,28.000271],[87.37379,27.978217],[87.371593,27.965033],[87.37379,27.958686],[87.383556,27.948676],[87.385753,27.941474],[87.383393,27.934923],[87.37322,27.919135],[87.371593,27.91413],[87.378429,27.904324],[87.404063,27.883857],[87.413097,27.873155],[87.416921,27.85989],[87.419363,27.830919],[87.422944,27.821357],[87.44394,27.791815],[87.442556,27.774278],[87.423595,27.764024],[87.392019,27.756456],[87.368337,27.754706],[87.362722,27.75019],[87.357921,27.736029],[87.36964,27.708523],[87.372325,27.689805],[87.361339,27.681423],[87.330577,27.599433],[87.311697,27.58157],[87.280935,27.577826],[87.247162,27.553534],[87.214854,27.537136],[87.208425,27.527167],[87.203705,27.513251],[87.192475,27.504096],[87.16684,27.489569],[87.148855,27.472195],[87.140391,27.456122],[87.140717,27.437852],[87.149343,27.413601],[87.166433,27.392157],[87.188406,27.372382],[87.202078,27.350938],[87.19394,27.32449],[87.211843,27.307563],[87.214122,27.248114],[87.23878,27.235134],[87.246674,27.224148],[87.271658,27.171332],[87.27589,27.153144],[87.269054,27.14289],[87.216563,27.09809],[87.205577,27.091173],[87.197276,27.082099],[87.19394,27.067206],[87.195079,27.056423],[87.199718,27.037706],[87.200857,27.026882],[87.197032,27.011908],[87.18808,27.002387],[87.17685,26.993842],[87.16684,26.981879],[87.162608,26.956488],[87.175141,26.903022],[87.169851,26.88288],[87.166108,26.8758],[87.160655,26.854763],[87.159923,26.848456],[87.153819,26.836615],[87.139903,26.826239],[87.112071,26.810574],[87.042247,26.744452],[87.019623,26.735419],[87.003917,26.722968],[86.981212,26.639228],[86.966563,26.617255],[86.961436,26.604804],[86.964366,26.594835],[86.967703,26.587917],[86.969249,26.57685],[86.969493,26.565253],[86.968028,26.556708],[86.960053,26.546413],[86.937918,26.528144],[86.933442,26.516059],[86.931407,26.504462],[86.926036,26.496609],[86.863699,26.460517],[86.754649,26.364936],[86.738373,26.366482],[86.714447,26.35753],[86.691335,26.344753],[86.676768,26.334499],[86.665457,26.329169],[86.650401,26.324652],[86.637299,26.318142],[86.631602,26.306586],[86.626475,26.295478],[86.59075,26.262519],[86.548757,26.205919],[86.542979,26.190497],[86.538992,26.169216],[86.528331,26.154242],[86.461681,26.090644],[86.4463,26.068549],[86.435313,26.02497],[86.418468,25.98961],[86.419444,25.967068],[86.422862,25.961737],[86.435476,25.94892],[86.439952,25.940375],[86.439464,25.930284],[86.436534,25.919704],[86.436046,25.908271],[86.44337,25.896023],[86.453054,25.874091],[86.444021,25.853624],[86.428803,25.833075],[86.419444,25.810614],[86.422293,25.795437],[86.431895,25.78616],[86.443858,25.778632],[86.453624,25.76907],[86.4581,25.757351],[86.462494,25.732856],[86.467214,25.720649],[86.495128,25.700751],[86.523692,25.673611],[86.567149,25.642768],[86.592214,25.629503],[86.636974,25.633572],[86.659679,25.625678],[86.664643,25.619086],[86.680186,25.590888],[86.704031,25.565009],[86.718272,25.552558],[86.73406,25.543077],[86.72934,25.527859],[86.742279,25.522895],[86.759939,25.518581],[86.768972,25.505235],[86.77296,25.493232],[86.783214,25.482449],[86.796641,25.47366],[86.809825,25.467353],[86.821869,25.463894],[86.837576,25.461493],[86.85255,25.462226],[86.861339,25.468044],[86.867605,25.475287],[86.874278,25.474311],[86.881358,25.469916],[86.888682,25.467353],[86.895112,25.46955],[86.907644,25.478868],[86.916026,25.481024],[86.928803,25.47956],[86.974213,25.467353],[86.990489,25.458564],[87.023448,25.431993],[87.036062,25.426459],[87.054291,25.428656],[87.098562,25.446885],[87.187104,25.461208],[87.224213,25.442572],[87.259776,25.434149],[87.296397,25.43948],[87.320242,25.45307],[87.331635,25.455675],[87.474132,25.425482],[87.488292,25.419623],[87.516043,25.411485],[87.540701,25.395372],[87.544932,25.393988],[87.553396,25.384345],[87.55714,25.385443],[87.56837,25.375678],[87.581635,25.371609],[87.608328,25.371161],[87.614187,25.363837],[87.631847,25.331366],[87.64267,25.324042],[87.674246,25.317247],[87.70696,25.299872],[87.735037,25.275987],[87.758311,25.244208]]]}},{"type":"Feature","properties":{"dissolve":"46River","scalerank":2.0,"featurecla":"River","name":"Mekong","name_alt":null,"rivernum":46,"note":null,"min_zoom":2.1,"name_en":"Mekong","min_label":3.1},"bbox":[101.563569,10.004991,106.118663,18.441677],"geometry":{"type":"MultiLineString","coordinates":[[[103.090343,18.13703],[103.088634,18.135037],[103.109874,18.141954],[103.126475,18.152045],[103.138194,18.166856],[103.144786,18.188178],[103.150645,18.221706],[103.156993,18.237169],[103.167898,18.249945],[103.17628,18.255072],[103.184825,18.257921],[103.214773,18.262478],[103.236339,18.270209],[103.273041,18.276231],[103.286143,18.280544],[103.295014,18.28795],[103.29599,18.297065],[103.29005,18.305365],[103.24822,18.332831],[103.239757,18.336208],[103.237722,18.341742],[103.235037,18.345486],[103.233165,18.349473],[103.23349,18.356024],[103.243663,18.380316],[103.260509,18.400417],[103.282156,18.415717],[103.30657,18.425849],[103.386241,18.441677],[103.396251,18.441596],[103.451101,18.425482],[103.469656,18.422187],[103.474294,18.422309],[103.48878,18.424628],[103.497325,18.423936],[103.522878,18.417914],[103.548432,18.415595],[103.606619,18.40058],[103.621023,18.390937],[103.629649,18.383409],[103.638194,18.378201],[103.695242,18.35338],[103.708751,18.349921],[103.766694,18.346869],[103.784272,18.344102],[103.800955,18.338446],[103.816905,18.330593],[103.831716,18.320868],[103.841807,18.309272],[103.848399,18.296576],[103.857432,18.286648],[103.873546,18.283474],[103.88087,18.284613],[103.885509,18.287177],[103.889252,18.291327],[103.893321,18.297431],[103.90976,18.315497],[103.929128,18.327745],[103.950857,18.333197],[103.975027,18.330878],[103.999766,18.318671],[104.018321,18.299343],[104.068126,18.215603],[104.110606,18.114814],[104.122,18.095486],[104.135265,18.079901],[104.197765,18.025743],[104.21046,18.008857],[104.254812,17.915147],[104.263927,17.884833],[104.269949,17.874213],[104.277843,17.864854],[104.287201,17.856879],[104.352306,17.819525],[104.367442,17.800727],[104.389903,17.757392],[104.404552,17.740098],[104.408621,17.733913],[104.411388,17.727566],[104.417491,17.707831],[104.421886,17.699978],[104.451671,17.666124],[104.480886,17.64057],[104.63616,17.56269],[104.654552,17.55622],[104.70224,17.527533],[104.714285,17.515448],[104.733897,17.487128],[104.749278,17.458319],[104.756358,17.450141],[104.764415,17.444648],[104.781261,17.435411],[104.788585,17.429226],[104.792247,17.423692],[104.81601,17.372992],[104.81894,17.361274],[104.819835,17.349066],[104.81601,17.30032],[104.817963,17.240424],[104.813975,17.1942],[104.8095,17.17182],[104.744884,17.02501],[104.740001,17.002753],[104.749278,16.910956],[104.752859,16.90001],[104.762543,16.879218],[104.766043,16.868354],[104.766775,16.856309],[104.765066,16.844835],[104.757904,16.82213],[104.755951,16.810004],[104.756602,16.798651],[104.778087,16.71601],[104.778575,16.705105],[104.777273,16.6942],[104.763194,16.656928],[104.752859,16.615017],[104.748057,16.572089],[104.749034,16.549506],[104.754242,16.52912],[104.76474,16.511542],[104.782319,16.497341],[104.838634,16.467882],[104.855072,16.454291],[104.868582,16.438666],[104.879242,16.422065],[104.887299,16.40412],[104.896658,16.372911],[104.901378,16.362616],[104.907725,16.353583],[104.91684,16.345771],[104.943777,16.331],[104.951752,16.324571],[104.971283,16.304511],[104.979015,16.298855],[105.007091,16.283759],[105.015147,16.276882],[105.025971,16.257839],[105.029307,16.236151],[105.028575,16.191677],[105.032319,16.165473],[105.042247,16.141669],[105.057872,16.121365],[105.078868,16.105658],[105.237071,16.050971],[105.247081,16.049343],[105.288259,16.047634],[105.404552,16.018988],[105.414154,16.015448],[105.421641,16.010077],[105.423432,16.002387],[105.417735,15.99494],[105.406993,15.989081],[105.38616,15.980984],[105.362234,15.955024],[105.360362,15.919542],[105.372081,15.882351],[105.411713,15.799994],[105.422455,15.784044],[105.435313,15.771837],[105.447765,15.765082],[105.462006,15.763007],[105.503184,15.766384],[105.524994,15.763699],[105.568126,15.749579],[105.612641,15.721706],[105.640717,15.682196],[105.650483,15.634833],[105.640391,15.583523],[105.615896,15.52143],[105.611827,15.49962],[105.609955,15.457343],[105.604015,15.439399],[105.587983,15.424018],[105.552419,15.402167],[105.50587,15.387763],[105.485932,15.375067],[105.477061,15.353054],[105.482921,15.334744],[105.49879,15.324815],[105.519054,15.321234],[105.538178,15.321723],[105.593354,15.331855],[105.613862,15.329413],[105.632498,15.320136],[105.648204,15.305854],[105.659679,15.28852],[105.662527,15.279649],[105.66505,15.252387],[105.6692,15.240546],[105.675548,15.229763],[105.766694,15.132921]],[[101.563569,17.820502],[101.570242,17.829128],[101.574799,17.839952],[101.57724,17.853095],[101.57724,17.868272],[101.600027,17.85456],[101.61085,17.865749],[101.619395,17.884833],[101.635834,17.894965],[101.72877,17.91238],[101.732351,17.932196],[101.756602,17.997992],[101.765391,18.040473],[101.773529,18.058783],[101.790131,18.073757],[101.796397,18.073757],[101.805675,18.062567],[101.8449,18.052314],[101.883556,18.031073],[101.903819,18.037299],[102.070893,18.208686],[102.078136,18.214057],[102.153331,18.210313],[102.171641,18.200507],[102.178152,18.186225],[102.181651,18.16946],[102.191173,18.152289],[102.221446,18.131781],[102.22519,18.128363],[102.232839,18.124376],[102.256358,18.094265],[102.306407,18.051622],[102.336192,18.037218],[102.366222,18.039008],[102.384858,18.016221],[102.412039,17.994412],[102.445079,17.977891],[102.481619,17.9713],[102.567312,17.971015],[102.599294,17.95539],[102.611908,17.915473],[102.595225,17.850287],[102.5949,17.84101],[102.608897,17.837226],[102.660248,17.813056],[102.682546,17.810329],[102.682546,17.817572],[102.673106,17.831895],[102.667084,17.850287],[102.672781,17.865546],[102.686534,17.873643],[102.721772,17.881944],[102.737071,17.890652],[102.773529,17.922919],[102.831635,17.953396],[102.837576,17.963935],[102.852306,17.972235],[102.938406,18.009101],[102.9546,18.012315],[102.972585,18.007921],[103.003429,17.988715],[103.02003,17.984402],[103.037608,17.990912],[103.049083,18.005154],[103.057872,18.019477],[103.067882,18.025946],[103.072765,18.035753],[103.064464,18.094265],[103.065929,18.112494],[103.071056,18.125759],[103.079682,18.135037],[103.092296,18.141425]],[[105.781749,15.120551],[105.781505,15.121405],[105.781179,15.122138],[105.780772,15.122748],[105.780203,15.123318],[105.798839,15.111762],[105.8178,15.103135],[105.833914,15.091905],[105.844249,15.072537],[105.850108,15.050808],[105.855072,15.041205],[105.862885,15.032782],[105.890066,15.012966],[105.896983,15.003607],[105.903087,14.981228],[105.896251,14.911892],[105.904307,14.867214],[105.901947,14.834784],[105.903087,14.824042],[105.907481,14.813829],[105.928396,14.788601],[105.933686,14.777777],[105.935476,14.766466],[105.934581,14.75491],[105.931895,14.743191],[105.928152,14.732245],[105.923106,14.721951],[105.916921,14.71247],[105.88323,14.680854],[105.87672,14.671088],[105.873139,14.659451],[105.872488,14.647528],[105.874034,14.623399],[105.873057,14.610704],[105.870209,14.598904],[105.85255,14.55211],[105.849213,14.527777],[105.851329,14.47781],[105.879893,14.35517],[105.880056,14.322211],[105.869884,14.291124],[105.841807,14.230658],[105.837494,14.213324],[105.835948,14.195502],[105.840017,14.172878],[105.840261,14.165391],[105.83782,14.157742],[105.824474,14.137397],[105.820811,14.12934],[105.818126,14.120673],[105.816417,14.11168],[105.815929,14.102891],[105.819347,14.086941],[105.827078,14.07099],[105.837576,14.056993],[105.857595,14.041531],[105.86321,14.035509],[105.872813,14.021023],[105.879405,14.013861],[105.887136,14.010037],[105.920095,14.004503],[105.933523,14.00019],[105.946056,13.99372],[105.968272,13.976508],[105.973074,13.971747],[105.976329,13.966132],[105.977957,13.958035],[105.976573,13.950629],[105.971446,13.935818],[105.97226,13.919745],[105.980479,13.908026],[105.991466,13.897773],[106.000662,13.885932],[106.003347,13.876492],[106.001475,13.868354],[105.98585,13.844428],[105.982351,13.835273],[105.975027,13.797431],[105.97519,13.778632],[105.981293,13.761908],[105.99464,13.749579],[105.995616,13.745551],[106.007091,13.738634],[106.0171,13.727322],[106.031668,13.702094],[106.036713,13.686306],[106.036794,13.671251],[106.032644,13.656602],[106.021007,13.633897],[106.01946,13.625922],[106.017833,13.608995],[106.016368,13.602566],[106.013764,13.597032],[106.006847,13.586534],[105.944265,13.513943],[105.936046,13.496202],[105.929128,13.466661],[105.92571,13.457221],[105.907725,13.423611],[105.904877,13.40644],[105.912364,13.38821],[105.949311,13.350124],[105.956391,13.332587],[105.961029,13.269314],[105.967784,13.248562],[105.981375,13.229275],[106.032156,13.183173],[106.037852,13.174587],[106.042735,13.164903],[106.045909,13.154731],[106.04713,13.144477],[106.04599,13.135077],[106.038097,13.107774],[106.037201,13.085517],[106.0442,13.044379],[106.043061,13.03502],[106.039236,13.02558],[106.0206,12.997423],[106.016612,12.986436],[106.015066,12.945095],[106.011322,12.93183],[106.006765,12.924669],[105.989268,12.907823],[105.983409,12.899726],[105.97462,12.880398],[105.964692,12.851182],[105.960134,12.830634],[105.958914,12.809678],[105.960948,12.788886],[105.965831,12.775092],[105.97405,12.763617],[105.993744,12.74254],[106.002615,12.728542],[106.007335,12.713568],[106.016775,12.598212],[106.014903,12.582831],[106.000011,12.53738],[105.998057,12.523261],[106.000011,12.509467],[106.006928,12.495307],[106.025076,12.468573],[106.032481,12.454617],[106.037527,12.438747],[106.049734,12.345526],[106.048106,12.331122],[106.043956,12.316596],[106.03712,12.301215],[106.027599,12.286648],[106.015636,12.274237],[106.001069,12.265692],[105.983328,12.261746],[105.927826,12.265163],[105.827159,12.254177],[105.808849,12.25495],[105.604096,12.30032],[105.58782,12.299872],[105.572032,12.294053],[105.558442,12.282742],[105.54835,12.26793],[105.541433,12.251166],[105.537201,12.233954],[105.534923,12.207465],[105.536388,12.194281],[105.540131,12.181586],[105.552664,12.162665],[105.55714,12.152615],[105.556651,12.141669],[105.552989,12.135362],[105.541921,12.125027],[105.537608,12.118964],[105.531505,12.097357],[105.529226,12.075751],[105.523692,12.055732],[105.508393,12.038764],[105.488862,12.026801],[105.480479,12.019477],[105.474539,12.009467],[105.472097,11.998358],[105.470225,11.96365],[105.467377,11.953396],[105.463308,11.943793],[105.45753,11.935085],[105.450287,11.927191],[105.430919,11.914578],[105.410492,11.910834],[105.38974,11.91474],[105.346609,11.934882],[105.32545,11.936713],[105.279389,11.928656],[105.254812,11.929145],[105.208018,11.941474],[105.183523,11.940253],[105.173839,11.937079],[105.164236,11.932644],[105.155528,11.926703],[105.148529,11.919257],[105.143972,11.910102],[105.135916,11.87995],[105.121674,11.859646],[105.100841,11.849962],[105.076589,11.84748],[105.027843,11.850165],[105.016124,11.849189],[105.004405,11.845811],[104.993256,11.839464],[104.984386,11.83039],[104.980398,11.819281],[104.983816,11.806952],[104.99407,11.797675],[105.007498,11.789578],[105.018321,11.780341],[105.02003,11.767768],[105.014659,11.758409],[104.959972,11.708279],[104.95224,11.697943],[104.946788,11.685004],[104.947032,11.673611],[104.953624,11.649237],[104.955007,11.63585],[104.952403,11.594997]],[[104.950043,11.592556],[104.951182,11.590481]],[[104.951182,11.590888],[104.951182,11.590481]],[[104.951182,11.590481],[104.956554,11.580675],[104.964366,11.570014],[104.973725,11.561062],[104.985444,11.554145],[105.043793,11.538764],[105.066824,11.527208],[105.088308,11.512763],[105.111095,11.501003],[105.134858,11.491726],[105.157725,11.479519],[105.250418,11.408759],[105.258067,11.397528],[105.263194,11.384101],[105.268321,11.341335],[105.289073,11.260525],[105.290294,11.233018],[105.28183,11.210273],[105.249278,11.175482],[105.236339,11.154893],[105.221934,11.104071],[105.199148,11.05036],[105.193614,11.022284],[105.194021,10.99433],[105.215587,10.845282],[105.219493,10.830186],[105.227468,10.816718],[105.241222,10.805854],[105.257416,10.800849],[105.303722,10.799099],[105.314464,10.797065],[105.324311,10.792914],[105.332774,10.785753],[105.347992,10.764716],[105.35963,10.741523],[105.377045,10.668809],[105.378022,10.657904],[105.375255,10.627468],[105.378022,10.612128],[105.386974,10.599189],[105.402924,10.586941],[105.503998,10.537543],[105.514659,10.529731],[105.523936,10.520372],[105.531749,10.509101],[105.549815,10.474311],[105.557709,10.463935],[105.566335,10.456366],[105.631358,10.41706],[105.644786,10.413194],[105.686046,10.410712],[105.699474,10.407782],[105.711436,10.402289],[105.72169,10.394599],[105.766368,10.344306],[105.782156,10.330675],[105.799734,10.319688],[105.847585,10.301622],[105.897472,10.290229],[105.954682,10.288438],[105.984304,10.284125],[106.072765,10.260565],[106.100352,10.24905],[106.118663,10.237576]],[[104.951182,11.590481],[104.950857,11.587958],[104.949229,11.581895],[104.949229,11.579372],[104.950043,11.576931],[104.953136,11.572781],[104.9546,11.57038],[104.956472,11.564643],[104.956716,11.558783],[104.955496,11.553046],[104.952647,11.547675],[104.9428,11.536322],[104.94044,11.531602],[104.939464,11.526557],[104.940115,11.510443],[104.943289,11.494452],[104.951427,11.48074],[104.963471,11.470771],[104.97934,11.465888],[105.019135,11.464952],[105.037364,11.459499],[105.050385,11.444037],[105.052257,11.43476],[105.049571,11.426825],[105.043875,11.419989],[105.028087,11.407091],[105.020763,11.399115],[105.015636,11.389716],[105.013682,11.378526],[105.019216,11.359727],[105.046641,11.33279],[105.056651,11.316352],[105.057872,11.299018],[105.043956,11.245185],[105.042979,11.23432],[105.042979,11.224677],[105.045665,11.215603],[105.052257,11.20657],[105.064871,11.19363],[105.068777,11.18655],[105.071218,11.176581],[105.071218,11.051093],[105.064382,11.0067],[105.063975,10.995144],[105.065115,10.98432],[105.068614,10.973944],[105.074799,10.964179],[105.083263,10.955919],[105.092052,10.951687],[105.101654,10.949897],[105.113292,10.949042],[105.11321,10.930365],[105.097341,10.898953],[105.100027,10.881049],[105.105724,10.870469],[105.10906,10.861436],[105.108897,10.85224],[105.103445,10.841091],[105.090017,10.823513],[105.086355,10.813829],[105.087983,10.803412],[105.093679,10.794867],[105.122976,10.762274],[105.127859,10.753445],[105.130626,10.743842],[105.13323,10.721544],[105.135265,10.711859],[105.140147,10.703681],[105.148855,10.697333],[105.160818,10.692979],[105.198009,10.684923],[105.214366,10.674343],[105.220225,10.659044],[105.22405,10.622423],[105.230479,10.606309],[105.240815,10.590277],[105.253347,10.575751],[105.266612,10.564399],[105.283295,10.558051],[105.320567,10.553494],[105.334727,10.54503],[105.342459,10.529608],[105.346934,10.477891],[105.34962,10.471503],[105.353038,10.466986],[105.357514,10.463487],[105.410818,10.434597],[105.439138,10.414984],[105.444347,10.409003],[105.460134,10.3817],[105.478038,10.361396],[105.490489,10.350775],[105.495697,10.348212],[105.501557,10.336534],[105.605398,10.228583],[105.663503,10.147732],[105.708995,10.108507],[105.779226,10.064236],[105.810964,10.036892],[105.818289,10.028876],[105.837983,10.004991]]]}},{"type":"Feature","properties":{"dissolve":"473River","scalerank":7.0,"featurecla":"River","name":"Min","name_alt":null,"rivernum":473,"note":null,"min_zoom":6.0,"name_en":"Min","min_label":7.0},"bbox":[117.33546,26.145819,119.093761,27.866319],"geometry":{"type":"MultiLineString","coordinates":[[[117.489187,27.866319],[117.455089,27.791287],[117.44752,27.724433],[117.441417,27.708075],[117.430919,27.699246],[117.423839,27.700141],[117.417003,27.703315],[117.407319,27.701239],[117.39796,27.693956],[117.343435,27.618516],[117.338959,27.60224],[117.33546,27.558051],[117.337901,27.538642],[117.349213,27.530585],[117.357921,27.52265],[117.370372,27.504014],[117.381358,27.482286],[117.393647,27.444037],[117.426524,27.412055],[117.434011,27.396796],[117.437266,27.380561],[117.445811,27.361599],[117.458995,27.348944],[117.475597,27.351833],[117.565359,27.2803],[117.578624,27.263007],[117.586192,27.249945],[117.587006,27.243028],[117.578624,27.222113],[117.576671,27.206],[117.576752,27.182888],[117.580333,27.162177],[117.588878,27.153144],[117.61085,27.142646],[117.627533,27.117947],[117.6421,27.089382],[117.657481,27.067206],[117.675548,27.055609],[117.678152,27.049872],[117.671153,27.040554],[117.667735,27.032538],[117.668875,27.022325],[117.672862,27.013536],[117.691742,27.001573],[117.729503,26.947781],[117.720714,26.934638],[117.729096,26.926581],[117.742768,26.919704],[117.750011,26.910224],[117.750011,26.875759],[117.753429,26.867703],[117.768158,26.853095],[117.771576,26.848456],[117.780854,26.815212],[117.804291,26.791042],[117.835134,26.777533],[117.867198,26.776435],[117.884776,26.788031],[117.894216,26.790066],[117.905528,26.78795],[117.923106,26.778591],[117.946788,26.773383],[117.965912,26.765815],[117.982432,26.755927],[117.989513,26.746039],[117.991954,26.729844],[118.00172,26.707628],[118.003184,26.694525],[117.996674,26.675808],[117.971283,26.648708],[117.962169,26.633083],[117.969168,26.629096],[117.988373,26.623114],[117.996349,26.61876],[118.013438,26.595771],[118.013682,26.591417],[118.071544,26.586859],[118.092459,26.591417],[118.108328,26.600124],[118.143484,26.628241],[118.157725,26.642646],[118.16627,26.638007],[118.236501,26.625596],[118.245372,26.619493],[118.257498,26.60456],[118.264415,26.598253],[118.294688,26.585517],[118.310069,26.575954],[118.329112,26.569607],[118.332774,26.565009],[118.336925,26.558417],[118.358328,26.552558],[118.366791,26.547634],[118.370616,26.539862],[118.37672,26.516669],[118.380463,26.50727],[118.398367,26.487657],[118.401134,26.482733],[118.403738,26.479356],[118.408295,26.468858],[118.410248,26.457831],[118.404796,26.452663],[118.399425,26.44892],[118.392507,26.439805],[118.387299,26.428494],[118.387299,26.417914],[118.408783,26.404079],[118.446788,26.402655],[118.65797,26.417914],[118.671804,26.409369],[118.668549,26.371853],[118.678233,26.363308],[118.6928,26.362738],[118.703868,26.360297],[118.714285,26.355007],[118.726166,26.345893],[118.754893,26.317898],[118.770518,26.306464],[118.799734,26.29918],[118.840424,26.283515],[118.853526,26.273871],[118.842052,26.248725],[118.849132,26.23196],[118.866954,26.220771],[118.887706,26.21247],[118.898204,26.219062],[118.912527,26.219672],[118.942312,26.21247],[118.959727,26.200303],[118.966807,26.198188],[118.993744,26.1942],[119.000987,26.195502],[119.015717,26.200629],[119.024832,26.201036],[119.032481,26.19831],[119.044526,26.188829],[119.057384,26.181179],[119.078868,26.154486],[119.093761,26.145819]]]}},{"type":"Feature","properties":{"dissolve":"476Lake Centerline","scalerank":7.0,"featurecla":"Lake Centerline","name":"Lachlan","name_alt":null,"rivernum":476,"note":null,"min_zoom":6.0,"name_en":"Lachlan","min_label":7.0},"bbox":[148.963796,-34.003757,149.048513,-33.931573],"geometry":{"type":"MultiLineString","coordinates":[[[149.048513,-34.003757],[149.038097,-33.997573],[149.031261,-33.983819],[149.024425,-33.970392],[149.015717,-33.95558],[149.007091,-33.938002],[148.996349,-33.931573],[148.98463,-33.934421],[148.977631,-33.94614],[148.973399,-33.965346],[148.969493,-33.975437],[148.963796,-33.979669]]]}},{"type":"Feature","properties":{"dissolve":"476River","scalerank":7.0,"featurecla":"River","name":"Lachlan","name_alt":null,"rivernum":476,"note":null,"min_zoom":6.0,"name_en":"Lachlan","min_label":7.0},"bbox":[143.221202,-34.746921,149.279063,-33.03338],"geometry":{"type":"MultiLineString","coordinates":[[[148.963796,-33.979669],[148.95696,-33.984877],[148.947195,-33.990574],[148.935557,-33.994073],[148.92335,-33.993341],[148.912608,-33.984796],[148.897227,-33.958022],[148.891694,-33.952325],[148.844005,-33.952325],[148.830984,-33.950616],[148.823253,-33.945733],[148.816417,-33.938979],[148.720714,-33.873549],[148.701182,-33.854832],[148.689708,-33.846124],[148.679454,-33.842462],[148.662201,-33.84116],[148.649994,-33.837254],[148.62794,-33.822117],[148.635753,-33.810235],[148.632904,-33.80047],[148.575694,-33.73089],[148.569021,-33.718927],[148.566417,-33.708836],[148.567312,-33.695001],[148.56837,-33.689467],[148.566824,-33.685886],[148.547374,-33.663263],[148.527843,-33.645033],[148.506358,-33.629408],[148.488048,-33.622735],[148.468354,-33.619968],[148.420339,-33.604018],[148.408783,-33.595554],[148.412608,-33.560398],[148.410655,-33.537937],[148.398692,-33.527765],[148.386811,-33.524591],[148.367686,-33.510593],[148.357514,-33.507257],[148.319021,-33.508803],[148.306407,-33.507257],[148.242768,-33.478204],[148.230724,-33.476251],[148.226329,-33.470229],[148.207042,-33.458022],[148.202729,-33.448663],[148.199718,-33.436212],[148.192882,-33.428155],[148.163097,-33.409519],[148.151866,-33.405206],[148.140636,-33.403823],[148.128184,-33.403741],[148.115326,-33.406183],[148.101492,-33.410821],[148.087983,-33.412937],[148.055431,-33.400079],[148.025401,-33.401381],[147.996104,-33.40838],[147.977468,-33.417901],[147.957774,-33.408217],[147.940522,-33.404474],[147.923757,-33.40838],[147.905365,-33.421319],[147.891124,-33.422052],[147.826671,-33.397393],[147.783295,-33.397393],[147.765391,-33.393731],[147.747813,-33.380385],[147.706554,-33.383803],[147.695567,-33.380548],[147.632335,-33.333998],[147.612885,-33.325209],[147.589854,-33.32171],[147.572276,-33.315444],[147.502615,-33.25506],[147.487804,-33.246433],[147.470144,-33.241062],[147.374441,-33.236261],[147.353608,-33.232354],[147.334483,-33.216485],[147.305593,-33.167494],[147.289073,-33.15724],[147.269216,-33.154148],[147.253184,-33.145929],[147.223237,-33.123061],[147.186046,-33.104181],[147.146251,-33.095392],[146.944347,-33.093438],[146.912852,-33.087335],[146.847097,-33.094252],[146.823985,-33.090509],[146.78297,-33.066908],[146.771414,-33.062677],[146.760834,-33.061049],[146.750011,-33.05755],[146.733653,-33.040216],[146.723074,-33.033705],[146.695567,-33.03338],[146.675141,-33.045831],[146.657156,-33.060724],[146.637706,-33.067885],[146.621104,-33.072117],[146.558523,-33.101983],[146.516694,-33.114679],[146.498057,-33.124526],[146.490245,-33.139581],[146.489187,-33.163995],[146.484874,-33.183526],[146.476329,-33.19907],[146.462332,-33.211847],[146.443777,-33.222182],[146.420421,-33.23032],[146.396658,-33.231622],[146.376964,-33.222101],[146.353933,-33.20672],[146.335134,-33.208347],[146.298432,-33.232354],[146.281505,-33.237644],[146.212494,-33.23919],[146.192312,-33.243015],[146.173106,-33.251967],[146.125662,-33.284519],[146.112641,-33.298679],[146.103445,-33.316583],[146.098155,-33.362807],[146.091889,-33.379327],[146.079275,-33.390151],[146.058849,-33.397393],[146.017345,-33.401381],[145.976492,-33.394952],[145.814138,-33.345392],[145.771495,-33.342299],[145.729991,-33.349054],[145.688406,-33.363295],[145.653819,-33.38128],[145.643972,-33.383803],[145.618907,-33.384129],[145.604991,-33.387221],[145.594168,-33.397312],[145.527924,-33.493097],[145.513194,-33.50506],[145.448171,-33.541436],[145.438487,-33.54282],[145.407725,-33.541436],[145.396658,-33.544366],[145.353119,-33.560886],[145.338145,-33.574233],[145.298757,-33.635268],[145.284434,-33.650567],[145.267182,-33.656915],[145.22047,-33.691339],[145.21339,-33.692234],[145.206391,-33.690118],[145.194835,-33.691746],[145.161143,-33.706476],[145.145844,-33.710626],[145.122976,-33.712254],[145.112885,-33.714369],[145.092784,-33.724135],[145.08196,-33.726414],[145.076834,-33.725274],[145.0678,-33.720147],[145.061697,-33.718927],[145.053803,-33.720229],[145.051687,-33.723565],[145.050304,-33.72796],[145.044688,-33.732599],[145.001964,-33.751642],[144.983165,-33.763849],[144.975108,-33.777683],[144.972585,-33.803725],[144.964854,-33.819838],[144.952159,-33.830987],[144.934825,-33.842462],[144.899669,-33.872003],[144.838471,-33.938409],[144.775971,-33.984714],[144.762543,-33.997491],[144.756602,-34.010675],[144.74822,-34.02044],[144.708344,-34.04754],[144.694591,-34.062188],[144.686697,-34.089858],[144.681651,-34.096368],[144.672374,-34.099623],[144.646088,-34.104506],[144.640636,-34.106622],[144.629405,-34.116632],[144.576182,-34.145359],[144.558116,-34.157729],[144.55714,-34.162042],[144.558849,-34.173842],[144.558116,-34.178237],[144.555186,-34.180108],[144.546886,-34.182794],[144.543793,-34.184503],[144.529226,-34.197117],[144.520274,-34.203058],[144.504893,-34.208836],[144.49171,-34.222996],[144.48585,-34.226088],[144.433849,-34.226088],[144.39088,-34.233575],[144.370616,-34.240655],[144.355724,-34.250339],[144.335704,-34.256199],[144.25587,-34.239109],[144.245372,-34.241713],[144.231049,-34.250665],[144.22169,-34.254083],[144.21046,-34.254408],[144.196218,-34.248386],[144.183849,-34.246596],[144.168956,-34.239435],[144.157481,-34.224135],[144.143158,-34.209812],[144.119884,-34.20558],[144.10491,-34.213067],[144.088959,-34.229181],[144.076671,-34.249688],[144.071381,-34.270847],[144.060557,-34.279718],[144.035492,-34.282078],[143.988862,-34.280694],[143.964122,-34.283868],[143.944591,-34.289076],[143.927419,-34.298191],[143.910167,-34.312026],[143.871104,-34.350763],[143.788097,-34.393894],[143.773204,-34.397963],[143.756847,-34.404718],[143.692393,-34.50099],[143.672781,-34.524347],[143.656179,-34.534601],[143.649018,-34.543634],[143.646251,-34.603448],[143.636811,-34.622003],[143.622325,-34.637628],[143.603608,-34.648451],[143.581716,-34.65252],[143.555268,-34.654148],[143.53712,-34.658136],[143.468028,-34.68198],[143.445242,-34.698093],[143.437104,-34.698419],[143.428315,-34.696629],[143.413503,-34.69907],[143.399099,-34.70558],[143.388113,-34.712254],[143.375662,-34.717462],[143.358328,-34.719578],[143.342459,-34.716648],[143.329845,-34.711765],[143.317475,-34.710789],[143.30364,-34.719578],[143.281993,-34.697686],[143.269949,-34.688328],[143.2553,-34.685968],[143.240733,-34.694675],[143.233816,-34.723647],[143.221202,-34.73325]],[[149.279063,-34.746921],[149.268891,-34.727716],[149.255789,-34.714369],[149.216889,-34.692234],[149.192149,-34.673517],[149.176768,-34.649835],[149.168061,-34.621759],[149.163015,-34.589776],[149.163585,-34.554376],[149.159434,-34.544854],[149.135265,-34.530776],[149.076671,-34.51336],[149.056244,-34.495619],[149.050955,-34.478692],[149.053396,-34.462335],[149.060964,-34.44671],[149.078298,-34.41839],[149.083507,-34.405613],[149.093272,-34.363946],[149.104421,-34.337905],[149.109467,-34.312351],[149.112804,-34.303237],[149.128022,-34.278334],[149.130382,-34.2728],[149.130463,-34.265558],[149.122813,-34.248468],[149.080007,-34.208998],[149.065115,-34.17547],[149.058604,-34.165541],[149.033783,-34.144545],[149.027192,-34.134454],[149.022634,-34.102879],[149.032237,-34.067722],[149.049408,-34.034112],[149.065359,-34.010105],[149.060476,-34.006362],[149.048513,-34.003757]]]}},{"type":"Feature","properties":{"dissolve":"47River","scalerank":2.0,"featurecla":"River","name":"Dihang","name_alt":null,"rivernum":47,"note":null,"min_zoom":2.1,"name_en":"Dihang","min_label":3.1},"bbox":[94.355968,28.002956,95.439138,29.893581],"geometry":{"type":"MultiLineString","coordinates":[[[94.355968,29.309516],[94.416515,29.353787],[94.424815,29.362331],[94.445404,29.392686],[94.462901,29.411933],[94.482595,29.428494],[94.502452,29.438666],[94.540701,29.448269],[94.552419,29.454535],[94.573416,29.476345],[94.582286,29.481798],[94.596283,29.486029],[94.627859,29.489529],[94.654552,29.48904],[94.663666,29.486355],[94.671967,29.481716],[94.680756,29.474799],[94.706554,29.464138],[94.730561,29.469591],[94.754405,29.480292],[94.78004,29.485134],[94.794932,29.484565],[94.806895,29.486151],[94.817312,29.491767],[94.835867,29.511257],[94.843435,29.517279],[94.861746,29.528266],[94.875255,29.540554],[94.924083,29.609565],[94.92628,29.621934],[94.913178,29.627265],[94.885916,29.633083],[94.890147,29.646267],[94.916596,29.668809],[94.911388,29.68419],[94.898692,29.690131],[94.891694,29.697211],[94.903575,29.71601],[94.954845,29.756944],[94.968679,29.758124],[94.996186,29.763617],[95.066335,29.76557],[95.084972,29.763739],[95.105886,29.758653],[95.116222,29.758612],[95.124522,29.764228],[95.127208,29.773546],[95.124115,29.782294],[95.117686,29.789618],[95.099701,29.801093],[95.093842,29.806505],[95.092459,29.813666],[95.107595,29.8581],[95.113048,29.867865],[95.128835,29.880194],[95.150971,29.889024],[95.174897,29.893581],[95.195079,29.89293],[95.206554,29.874091],[95.224132,29.866523],[95.245046,29.865994],[95.275808,29.868476],[95.286388,29.866889],[95.296479,29.863145],[95.303966,29.856798],[95.306895,29.850287],[95.307546,29.843533],[95.305919,29.836941],[95.302257,29.830919],[95.298269,29.82807],[95.287039,29.821845],[95.28419,29.818549],[95.288259,29.811225],[95.299408,29.805121],[95.369151,29.784451],[95.384044,29.771104],[95.386241,29.744412],[95.379975,29.72366],[95.379893,29.717149],[95.382253,29.711249],[95.390717,29.701199],[95.394216,29.695665],[95.396495,29.687812],[95.396414,29.680284],[95.392833,29.657294],[95.393891,29.635077],[95.388682,29.607245],[95.388194,29.594916],[95.393158,29.579779],[95.402192,29.562771],[95.406179,29.557685],[95.42213,29.543565],[95.425955,29.537177],[95.427989,29.529405],[95.428722,29.505561],[95.430919,29.498603],[95.437266,29.485622],[95.439138,29.478787],[95.437266,29.463813],[95.428722,29.450995],[95.31601,29.337266],[95.312511,29.330186],[95.254649,29.288398],[95.242198,29.284613],[95.214854,29.282497],[95.201752,29.278835],[95.154714,29.252265],[95.112315,29.218573],[95.101329,29.211941],[95.064708,29.196316],[95.053966,29.188341],[95.047781,29.18004],[95.044444,29.17654],[95.039154,29.173896],[95.032319,29.173041],[95.017589,29.174425],[95.010509,29.173896],[95.000906,29.16824],[95.000255,29.159735],[95.002859,29.149522],[95.00294,29.138861],[94.997569,29.130439],[94.969819,29.110663],[94.934662,29.07213],[94.916596,29.058905],[94.908702,29.051052],[94.904796,29.041205],[94.905284,29.0362],[94.906749,29.031602],[94.907237,29.026719],[94.904796,29.020941],[94.900645,29.016791],[94.86964,28.997585],[94.86321,28.992011],[94.857188,28.984646],[94.843272,28.96129],[94.837576,28.955634],[94.831147,28.950466],[94.816905,28.942572],[94.805675,28.939765],[94.796153,28.938503],[94.788503,28.934597],[94.783214,28.924018],[94.779714,28.89997],[94.778819,28.875434],[94.773448,28.854438],[94.774669,28.845567],[94.784679,28.841824],[94.785492,28.832546],[94.788097,28.826931],[94.793468,28.824083],[94.899994,28.824571],[94.915457,28.82099],[94.924083,28.811632],[94.924327,28.806423],[94.92213,28.803656],[94.918712,28.801703],[94.915619,28.798774],[94.913585,28.7956],[94.912527,28.793036],[94.912039,28.789862],[94.914073,28.773953],[94.916921,28.763007],[94.921316,28.752509],[94.92685,28.742987],[94.937755,28.733344],[94.965343,28.721015],[94.975597,28.712226],[94.977957,28.70539],[94.976736,28.690009],[94.977306,28.682725],[94.982514,28.675401],[94.990245,28.67536],[94.996755,28.678778],[94.999115,28.681952],[95.021495,28.631374],[95.031993,28.616034],[95.079031,28.567206],[95.097992,28.539374],[95.103526,28.507351],[95.099213,28.488471],[95.093679,28.472235],[95.090424,28.455756],[95.096202,28.418036],[95.092459,28.405788],[95.013438,28.326768],[94.999766,28.309353],[94.992931,28.286444],[94.988699,28.259385],[94.989513,28.250556],[94.992931,28.243109],[94.998139,28.237169],[95.010265,28.226386],[95.019054,28.214545],[95.024913,28.201728],[95.031993,28.173651],[95.037201,28.171658],[95.051768,28.161241],[95.06601,28.15587],[95.098888,28.149359],[95.129893,28.148057],[95.145274,28.150336],[95.160085,28.1553],[95.17335,28.163601],[95.182546,28.170844],[95.190847,28.175727],[95.200125,28.178331],[95.212169,28.178494],[95.22698,28.176622],[95.241466,28.173163],[95.255056,28.168036],[95.268158,28.160956],[95.275971,28.155341],[95.281342,28.149359],[95.284923,28.142157],[95.28948,28.123155],[95.293468,28.114529],[95.305756,28.097683],[95.316173,28.088731],[95.329031,28.081651],[95.355479,28.071153],[95.37672,28.065741],[95.384044,28.062608],[95.393077,28.054389],[95.397472,28.044949],[95.398204,28.03205],[95.396495,28.002956]]]}},{"type":"Feature","properties":{"dissolve":"483River","scalerank":7.0,"featurecla":"River","name":"Sreng","name_alt":null,"rivernum":483,"note":null,"min_zoom":6.0,"name_en":"Sreng","min_label":7.0},"bbox":[103.40325,13.224677,104.264903,14.285834],"geometry":{"type":"MultiLineString","coordinates":[[[104.264903,14.260077],[104.228526,14.280341],[104.192149,14.285834],[104.155284,14.279893],[103.918793,14.177354],[103.85019,14.148383],[103.812755,14.124538],[103.686534,13.995185],[103.672374,13.985948],[103.615896,13.96662],[103.597667,13.957709],[103.554617,13.922919],[103.538585,13.914252],[103.518647,13.909044],[103.479503,13.904812],[103.460541,13.900173],[103.433035,13.887071],[103.420339,13.871934],[103.417491,13.850287],[103.419688,13.806586],[103.416921,13.773708],[103.431407,13.715522],[103.429698,13.697089],[103.418468,13.675727],[103.408702,13.663153],[103.40325,13.648261],[103.405284,13.428168],[103.421886,13.382392],[103.461192,13.35696],[103.47169,13.357449],[103.497651,13.36286],[103.506114,13.362494],[103.514171,13.353542],[103.527192,13.311306],[103.556895,13.278022],[103.597992,13.256944],[103.687429,13.224677]]]}},{"type":"Feature","properties":{"dissolve":"485River","scalerank":7.0,"featurecla":"River","name":"Mamas","name_alt":null,"rivernum":485,"note":null,"min_zoom":6.0,"name_en":"Mamas","min_label":7.0},"bbox":[90.648692,26.192979,91.829112,28.291856],"geometry":{"type":"MultiLineString","coordinates":[[[91.776541,28.291856],[91.77589,28.097724],[91.777761,28.08393],[91.791515,28.043321],[91.796886,28.013454],[91.802257,27.999294],[91.808116,27.991075],[91.820811,27.97663],[91.825776,27.968207],[91.828298,27.959093],[91.829112,27.94953],[91.828136,27.939805],[91.819916,27.910224],[91.811453,27.890489],[91.800222,27.872016],[91.786713,27.855658],[91.758393,27.821601],[91.74822,27.802273],[91.741303,27.779853],[91.741954,27.761298],[91.753184,27.726182],[91.751231,27.708116],[91.747488,27.701728],[91.737315,27.690375],[91.732921,27.684353],[91.729991,27.677069],[91.725027,27.654324],[91.6963,27.592597],[91.690929,27.568061],[91.685313,27.515815],[91.673432,27.495632],[91.658376,27.485175],[91.624766,27.469997],[91.609304,27.460313],[91.579519,27.433214],[91.566987,27.417304],[91.558116,27.399441],[91.556651,27.389919],[91.558523,27.3699],[91.557221,27.358954],[91.529226,27.321804],[91.430756,27.276882],[91.391775,27.243028],[91.384695,27.22602],[91.381928,27.174994],[91.377045,27.15294],[91.368907,27.12877],[91.358002,27.105984],[91.3449,27.087755],[91.32545,27.073432],[91.257742,27.046332],[91.236827,27.031317],[91.219656,27.012641],[91.192312,26.969346],[91.172862,26.905707],[91.162364,26.890448],[91.14503,26.883979],[91.025401,26.879096],[90.97462,26.866482],[90.945242,26.838324],[90.95753,26.787543],[90.955089,26.785509],[90.952403,26.784125],[90.946218,26.782335],[90.936697,26.778347],[90.930431,26.771755],[90.919932,26.754218],[90.908132,26.728135],[90.907319,26.704901],[90.91505,26.653876],[90.910818,26.639919],[90.889659,26.609727],[90.881847,26.594509],[90.859467,26.51203],[90.853119,26.501166],[90.846202,26.492458],[90.84075,26.482733],[90.838634,26.469102],[90.841401,26.458604],[90.853282,26.439154],[90.856375,26.429714],[90.856456,26.41946],[90.854584,26.417792],[90.84962,26.416856],[90.840017,26.408515],[90.822765,26.385199],[90.809255,26.360541],[90.803315,26.339952],[90.799083,26.331081],[90.789806,26.32392],[90.776541,26.320746],[90.750255,26.318712],[90.739675,26.311713],[90.733897,26.299628],[90.730561,26.274726],[90.722667,26.263983],[90.712332,26.258653],[90.677257,26.251288],[90.667898,26.247829],[90.660574,26.243109],[90.655772,26.236192],[90.653575,26.226508],[90.655528,26.20779],[90.654714,26.19892],[90.648692,26.192979]]]}},{"type":"Feature","properties":{"dissolve":"486River","scalerank":7.0,"featurecla":"River","name":"Ou","name_alt":null,"rivernum":486,"note":null,"min_zoom":6.0,"name_en":"Ou","min_label":7.0},"bbox":[101.750662,20.048651,102.769216,22.434149],"geometry":{"type":"MultiLineString","coordinates":[[[101.759288,22.434149],[101.75294,22.421942],[101.750662,22.405788],[101.75294,22.374864],[101.758881,22.3581],[101.789073,22.311306],[101.809825,22.258897],[101.819021,22.210069],[101.814952,22.162706],[101.79599,22.114691],[101.778819,22.070828],[101.775483,22.044989],[101.785167,22.030056],[101.794444,22.030463],[101.800792,22.036485],[101.806082,22.044053],[101.812266,22.049262],[101.823416,22.052843],[101.833588,22.054755],[101.844168,22.054999],[101.868256,22.052069],[101.876394,22.051947],[101.909679,22.061835],[101.949474,22.06212],[101.960867,22.064317],[101.990652,22.078681],[102.014659,22.083767],[102.06544,22.084418],[102.090587,22.089382],[102.139903,22.106553],[102.160167,22.117703],[102.170828,22.122016],[102.182628,22.124132],[102.225841,22.112494],[102.253917,22.080024],[102.311534,21.94477],[102.315359,21.917426],[102.305268,21.89114],[102.28655,21.871772],[102.208425,21.820624],[102.198985,21.812812],[102.191335,21.803738],[102.186697,21.792833],[102.186941,21.777045],[102.203705,21.728827],[102.208751,21.705837],[102.212576,21.695136],[102.219249,21.685167],[102.228445,21.678819],[102.249278,21.670681],[102.257253,21.662706],[102.257823,21.6553],[102.254812,21.646918],[102.252371,21.637478],[102.255056,21.627061],[102.262136,21.621527],[102.292247,21.60989],[102.312999,21.592719],[102.326101,21.573676],[102.33253,21.551581],[102.333263,21.50491],[102.342214,21.451687],[102.343435,21.425564],[102.339936,21.378526],[102.34669,21.352118],[102.353282,21.337755],[102.358979,21.32807],[102.38087,21.304307],[102.386811,21.29328],[102.390554,21.288764],[102.401134,21.28205],[102.412201,21.279405],[102.437022,21.277615],[102.458751,21.26557],[102.468679,21.242947],[102.476654,21.135606],[102.48463,21.106798],[102.497813,21.085313],[102.51588,21.076199],[102.539806,21.073269],[102.66155,21.07453],[102.686127,21.065497],[102.712169,21.046413],[102.734386,21.022732],[102.747813,20.999864],[102.769216,20.910915],[102.768321,20.89114],[102.756114,20.878241],[102.722097,20.858344],[102.716319,20.851874],[102.706716,20.836737],[102.700613,20.830593],[102.691173,20.826606],[102.668061,20.820746],[102.660818,20.816921],[102.652843,20.7921],[102.657725,20.762763],[102.666515,20.732733],[102.670095,20.706122],[102.665945,20.68712],[102.652192,20.652371],[102.6456,20.608507],[102.643321,20.60163],[102.638113,20.592719],[102.630789,20.58515],[102.621104,20.578925],[102.60849,20.574001],[102.600841,20.574571],[102.5949,20.578681],[102.588878,20.58157],[102.580577,20.578559],[102.576671,20.571885],[102.569835,20.541205],[102.570567,20.503119],[102.568126,20.486762],[102.557221,20.470242],[102.466075,20.408962],[102.441173,20.381537],[102.435069,20.365587],[102.432384,20.315253],[102.421316,20.292792],[102.378347,20.268581],[102.359955,20.250556],[102.319021,20.146308],[102.302989,20.119167],[102.279307,20.088731],[102.25172,20.062771],[102.224213,20.048651]]]}},{"type":"Feature","properties":{"dissolve":"487River","scalerank":7.0,"featurecla":"River","name":"Fly","name_alt":null,"rivernum":487,"note":null,"min_zoom":6.0,"name_en":"Fly","min_label":7.0},"bbox":[140.84905,-8.22739,142.138682,-5.355401],"geometry":{"type":"MultiLineString","coordinates":[[[141.755056,-5.355401],[141.750092,-5.369561],[141.749522,-5.388035],[141.755056,-5.424249],[141.747488,-5.483819],[141.749034,-5.49627],[141.757823,-5.509129],[141.777354,-5.553074],[141.780528,-5.568862],[141.775401,-5.579034],[141.76588,-5.589044],[141.756602,-5.601739],[141.752533,-5.620131],[141.757335,-5.651707],[141.754975,-5.665541],[141.742279,-5.671319],[141.745372,-5.681004],[141.745128,-5.726007],[141.741303,-5.739597],[141.715587,-5.760268],[141.699718,-5.769464],[141.682384,-5.777032],[141.664561,-5.782078],[141.646414,-5.783624],[141.628347,-5.781101],[141.611095,-5.773777],[141.562999,-5.815606],[141.552419,-5.822117],[141.549815,-5.828139],[141.560964,-5.858331],[141.563243,-5.869968],[141.556244,-5.882013],[141.533946,-5.902032],[141.529226,-5.914402],[141.523448,-5.923191],[141.509939,-5.930841],[141.492931,-5.936212],[141.477306,-5.938165],[141.45517,-5.951104],[141.470714,-6.007826],[141.442882,-6.020847],[141.439138,-6.024347],[141.440847,-6.041843],[141.439708,-6.048028],[141.433197,-6.05226],[141.41684,-6.05877],[141.411713,-6.0617],[141.398529,-6.093438],[141.388438,-6.103367],[141.370942,-6.09588],[141.357432,-6.110284],[141.341238,-6.123956],[141.324718,-6.130711],[141.310069,-6.123875],[141.301199,-6.12713],[141.292003,-6.132175],[141.284923,-6.138686],[141.278901,-6.160658],[141.271088,-6.163018],[141.251394,-6.157892],[141.244558,-6.160821],[141.230968,-6.174493],[141.220714,-6.178399],[141.208995,-6.178155],[141.198334,-6.175307],[141.188487,-6.170587],[141.179698,-6.164727],[141.177419,-6.188979],[141.163259,-6.186375],[141.14446,-6.172784],[141.128184,-6.164727],[141.118663,-6.170343],[141.117198,-6.183445],[141.117686,-6.198175],[141.114268,-6.208836],[141.082774,-6.232273],[141.076671,-6.239272],[141.077891,-6.254083],[141.086436,-6.2645],[141.09547,-6.272638],[141.097748,-6.280776],[141.089773,-6.285984],[141.062592,-6.288018],[141.056733,-6.29103],[141.052989,-6.299656],[141.043061,-6.302423],[141.018321,-6.301283],[141.01588,-6.30519],[141.019623,-6.314142],[141.020112,-6.323582],[141.007823,-6.329278],[140.987071,-6.329929],[140.972585,-6.33644],[140.963634,-6.347996],[140.958507,-6.368097],[140.953624,-6.37005],[140.952403,-6.373549],[140.954682,-6.379571],[140.964692,-6.387872],[140.966807,-6.393731],[140.962983,-6.404229],[140.955333,-6.411147],[140.950043,-6.418878],[140.952403,-6.431655],[140.941335,-6.430841],[140.930756,-6.431329],[140.92099,-6.43377],[140.91212,-6.438409],[140.922862,-6.439793],[140.929698,-6.444838],[140.932872,-6.453627],[140.932628,-6.465753],[140.948253,-6.465346],[140.952729,-6.480401],[140.949799,-6.498549],[140.943126,-6.507338],[140.927989,-6.509617],[140.920665,-6.51629],[140.918549,-6.527765],[140.917572,-6.553074],[140.914806,-6.558445],[140.909679,-6.561212],[140.901378,-6.561944],[140.89267,-6.565281],[140.896251,-6.572931],[140.903087,-6.581964],[140.904714,-6.589288],[140.890229,-6.599623],[140.873627,-6.603204],[140.858897,-6.608331],[140.850108,-6.623468],[140.864757,-6.630548],[140.865489,-6.649102],[140.856944,-6.682061],[140.851573,-6.69378],[140.84905,-6.702651],[140.850108,-6.712823],[140.857514,-6.723565],[140.87851,-6.74212],[140.884288,-6.753839],[140.882498,-6.760593],[140.872813,-6.773451],[140.870616,-6.778253],[140.874034,-6.789239],[140.882335,-6.798028],[140.901378,-6.812188],[140.906342,-6.828058],[140.90797,-6.849135],[140.915701,-6.862644],[140.939464,-6.856296],[140.943126,-6.888035],[140.961925,-6.897882],[140.986746,-6.895522],[141.007823,-6.890964]],[[141.014578,-6.890964],[141.019786,-6.898858],[141.027436,-6.91546],[141.031993,-6.921726],[141.03948,-6.924493],[141.05364,-6.917657],[141.062266,-6.918308],[141.074229,-6.925714],[141.072846,-6.931573],[141.064952,-6.939304],[141.056733,-6.952488],[141.052013,-6.972182],[141.055431,-6.981785],[141.064464,-6.988702],[141.076671,-7.000828],[141.077647,-7.007338],[141.076182,-7.024591],[141.080089,-7.028171],[141.089366,-7.031183],[141.093435,-7.038425],[141.097748,-7.054864],[141.113862,-7.085138],[141.12322,-7.097507],[141.138113,-7.11004],[141.148936,-7.106378],[141.155691,-7.106378],[141.158621,-7.113458],[141.161062,-7.122735],[141.16684,-7.123875],[141.173757,-7.123956],[141.179698,-7.130548],[141.184581,-7.16017],[141.181244,-7.19435],[141.170095,-7.218764],[141.151785,-7.219903],[141.145518,-7.226739],[141.152273,-7.238621],[141.159109,-7.242364],[141.167898,-7.243585],[141.179698,-7.247247],[141.182709,-7.244561],[141.192393,-7.241876],[141.200043,-7.242852],[141.196788,-7.25099],[141.182546,-7.264093],[141.173757,-7.277032],[141.168224,-7.282403],[141.170095,-7.286065],[141.186453,-7.288751],[141.194021,-7.286798],[141.200043,-7.281183],[141.207612,-7.275893],[141.220714,-7.274591],[141.209483,-7.296808],[141.204845,-7.310073],[141.211518,-7.319268],[141.234304,-7.329767],[141.217865,-7.347019],[141.220714,-7.357843],[141.235362,-7.358087],[141.254812,-7.343438],[141.259044,-7.365574],[141.247,-7.415541],[141.251394,-7.425307],[141.249115,-7.429864],[141.246023,-7.440851],[141.244558,-7.454278],[141.247976,-7.466323],[141.271007,-7.472589],[141.281749,-7.478936],[141.278901,-7.490248],[141.268158,-7.504815],[141.270274,-7.509454],[141.292979,-7.507826],[141.307628,-7.51214],[141.309174,-7.5228],[141.30714,-7.535984],[141.310069,-7.548272],[141.321869,-7.558445],[141.333507,-7.559991],[141.36085,-7.555678],[141.373057,-7.559991],[141.383474,-7.570733],[141.3921,-7.584161],[141.398041,-7.596694],[141.36321,-7.602227],[141.352061,-7.619643],[141.362315,-7.632257],[141.391368,-7.623956],[141.409923,-7.674005],[141.423839,-7.695733],[141.445893,-7.706557],[141.454275,-7.705987],[141.480724,-7.700372],[141.489757,-7.705743],[141.493256,-7.712335],[141.495942,-7.719415],[141.501231,-7.726414],[141.51295,-7.734389],[141.527924,-7.740737],[141.541433,-7.73976],[141.549083,-7.726414],[141.562592,-7.740737],[141.55128,-7.757257],[141.531993,-7.774835],[141.521576,-7.792169],[141.525401,-7.795912],[141.53419,-7.799656],[141.544444,-7.801283],[141.552419,-7.799005],[141.559988,-7.79046],[141.562999,-7.785821],[141.568614,-7.78338],[141.583751,-7.781671],[141.606375,-7.783543],[141.61964,-7.790541],[141.631114,-7.798517],[141.656505,-7.80405],[141.661388,-7.806817],[141.66684,-7.806573],[141.686697,-7.791681],[141.697683,-7.789565],[141.708995,-7.791355],[141.720876,-7.795912],[141.72991,-7.802423],[141.740245,-7.81756],[141.748139,-7.823256],[141.756277,-7.825372],[141.786143,-7.823256],[141.798839,-7.830743],[141.806163,-7.848321],[141.81129,-7.868829],[141.817149,-7.884698],[141.822765,-7.890802],[141.837494,-7.903823],[141.843761,-7.911961],[141.854991,-7.934015],[141.861827,-7.944675],[141.865001,-7.942397],[141.869233,-7.937188],[141.878917,-7.932957],[141.888601,-7.931817],[141.892833,-7.935886],[141.893565,-7.959161],[141.895274,-7.971124],[141.899018,-7.979669],[141.909679,-7.986342],[141.921397,-7.985772],[141.934011,-7.980483],[141.940766,-7.976739]],[[141.938731,-7.973484],[141.940766,-7.976739]],[[141.940766,-7.976739],[141.946788,-7.973484]],[[141.940766,-7.976739],[141.949636,-7.990655],[141.966726,-8.00099],[141.987071,-8.002781],[142.008311,-7.993992],[142.016368,-8.005304],[142.020437,-8.017511],[142.021983,-8.045424],[142.024425,-8.055841],[142.034923,-8.071954],[142.036143,-8.083347],[142.025808,-8.102553],[141.989024,-8.126804],[141.980968,-8.148126],[141.983165,-8.159845],[141.988455,-8.17075],[141.995209,-8.179539],[142.001475,-8.185724],[142.009288,-8.189874],[142.031179,-8.197442],[142.039236,-8.203058],[142.049083,-8.207859],[142.090831,-8.206882],[142.104096,-8.211277],[142.126475,-8.223647],[142.138682,-8.22739]]]}},{"type":"Feature","properties":{"dissolve":"51River","scalerank":2.0,"featurecla":"River","name":"Brahmaputra","name_alt":null,"rivernum":51,"note":null,"min_zoom":2.1,"name_en":"Brahmaputra","min_label":3.1},"bbox":[89.612722,23.461982,95.47169,28.002956],"geometry":{"type":"MultiLineString","coordinates":[[[95.396495,28.002956],[95.401541,27.971991],[95.418956,27.941718],[95.441335,27.915554],[95.461518,27.896796],[95.47169,27.871365],[95.459483,27.843858],[95.437266,27.824815],[95.417003,27.824774],[95.403331,27.809353],[95.38323,27.793809],[95.360281,27.781806],[95.33839,27.776964],[95.330333,27.772406],[95.293468,27.742784],[95.254405,27.730333],[95.217703,27.725287],[95.149425,27.701239],[95.108165,27.696601],[95.098155,27.691352],[95.090831,27.679267],[95.085541,27.653428],[95.081147,27.640448],[95.093435,27.650906],[95.104096,27.666775],[95.116954,27.68122],[95.135753,27.687567],[95.144135,27.680487],[95.148367,27.663764],[95.147065,27.644395],[95.139415,27.629584],[95.102468,27.60989],[95.024913,27.606757],[94.992442,27.599433],[94.954845,27.574652],[94.94394,27.569403],[94.933116,27.569648],[94.92335,27.571641],[94.916596,27.57156],[94.906342,27.561876],[94.88087,27.528591],[94.875662,27.520046],[94.868175,27.502997],[94.850678,27.501044],[94.831391,27.503485],[94.817556,27.499538],[94.761811,27.458319],[94.752208,27.448594],[94.76946,27.435004],[94.757823,27.419257],[94.721446,27.396796],[94.703136,27.382432],[94.66684,27.363796],[94.649832,27.351833],[94.654796,27.349148],[94.664806,27.341498],[94.670095,27.338731],[94.667003,27.334825],[94.665538,27.331407],[94.66448,27.327989],[94.662852,27.32449],[94.646495,27.328152],[94.631847,27.316107],[94.620616,27.29621],[94.615001,27.276679],[94.622813,27.287462],[94.634532,27.29918],[94.648448,27.308417],[94.662852,27.311469],[94.681407,27.305691],[94.684255,27.294949],[94.676687,27.282009],[94.662852,27.269884],[94.658376,27.269599],[94.654307,27.272406],[94.648367,27.273057],[94.631847,27.260606],[94.61964,27.253607],[94.615001,27.249376],[94.60849,27.23725],[94.601329,27.194159],[94.592865,27.199815],[94.587901,27.207587],[94.586355,27.217353],[94.587576,27.228868],[94.571056,27.218085],[94.565359,27.197048],[94.566498,27.150092],[94.565684,27.139838],[94.560313,27.115587],[94.554779,27.101386],[94.542003,27.09988],[94.518891,27.106024],[94.500906,27.096869],[94.471446,27.069525],[94.4546,27.063788],[94.448416,27.059394],[94.445404,27.049018],[94.444347,27.026882],[94.440684,27.016669],[94.432221,27.007758],[94.417003,26.996161],[94.406261,26.985134],[94.399832,26.980536],[94.389171,26.975653],[94.359386,26.969916],[94.351492,26.965155],[94.325287,26.938788],[94.308116,26.927598],[94.286632,26.920437],[94.264578,26.919013],[94.20753,26.927273],[94.196869,26.92418],[94.184255,26.916571],[94.173757,26.906602],[94.169444,26.896552],[94.164643,26.896674],[94.155284,26.883246],[94.147716,26.86872],[94.148936,26.86579],[94.143565,26.862372],[94.121593,26.852159],[94.121186,26.855414],[94.121593,26.86579],[94.114757,26.858344],[94.113292,26.869452],[94.119395,26.883246],[94.135183,26.906806],[94.113455,26.912421],[94.093435,26.901923],[94.076427,26.88703],[94.063487,26.879462],[94.044363,26.875841],[94.0088,26.858466],[93.991222,26.852159],[93.945567,26.841579],[93.927013,26.831651],[93.906505,26.813992],[93.877533,26.778673],[93.863373,26.765937],[93.841075,26.755927],[93.763764,26.739529],[93.751557,26.732042],[93.656668,26.714952],[93.635916,26.718085],[93.61671,26.724799],[93.59905,26.734239],[93.583588,26.746039],[93.567963,26.75198],[93.5053,26.755927],[93.462576,26.766954],[93.439952,26.768093],[93.415701,26.762152],[93.410818,26.759589],[93.406668,26.756049],[93.377452,26.723456],[93.368337,26.718451],[93.357595,26.718451],[93.346202,26.723009],[93.325776,26.734931],[93.313243,26.739773],[93.300222,26.741767],[93.28712,26.740912],[93.274343,26.737128],[93.248057,26.724433],[93.183116,26.674018],[93.141612,26.654568],[93.119151,26.647488],[93.10434,26.649766],[93.086681,26.656195],[93.062511,26.654608],[93.018565,26.646064],[92.898448,26.65351],[92.884207,26.650987],[92.880626,26.644477],[92.879975,26.635443],[92.874522,26.625596],[92.85377,26.612006],[92.833751,26.608344],[92.732595,26.613593],[92.710704,26.611355],[92.67628,26.600206],[92.657156,26.590847],[92.648692,26.581244],[92.644542,26.5692],[92.623139,26.53323],[92.614513,26.52322],[92.594737,26.517524],[92.508067,26.515733],[92.478933,26.519477],[92.429698,26.534695],[92.401541,26.5362],[92.391205,26.53323],[92.353282,26.515733],[92.325125,26.508165],[92.313894,26.502712],[92.302013,26.492133],[92.292735,26.487576],[92.255056,26.474799],[92.249522,26.473944],[92.24464,26.471544],[92.240652,26.468044],[92.237071,26.463568],[92.234386,26.458319],[92.232432,26.452704],[92.230968,26.446885],[92.230235,26.44123],[92.22462,26.44123],[92.202647,26.454617],[92.172781,26.442939],[92.124441,26.403388],[92.110362,26.394843],[92.075776,26.380154],[92.065847,26.372382],[92.063406,26.358751],[92.069265,26.326117],[92.065847,26.309638],[92.056895,26.30329],[92.040701,26.297146],[92.022472,26.292304],[92.007823,26.290391],[91.997081,26.287055],[91.970795,26.272081],[91.952891,26.268663],[91.933523,26.269558],[91.924734,26.268012],[91.915701,26.262885],[91.911876,26.258979],[91.902599,26.246161],[91.897553,26.24197],[91.891205,26.238796],[91.884369,26.236599],[91.878022,26.235378],[91.869884,26.235867],[91.854096,26.239691],[91.846121,26.239325],[91.692393,26.171942],[91.665294,26.166449],[91.619395,26.171332],[91.606944,26.1706],[91.595144,26.16706],[91.542084,26.144843],[91.529063,26.141059],[91.498139,26.139757],[91.39088,26.170437],[91.37558,26.172146],[91.360444,26.171576],[91.329845,26.164008],[91.316417,26.162177],[91.302826,26.162665],[91.288178,26.165595],[91.275076,26.170478],[91.250418,26.183214],[91.198253,26.202826],[91.135509,26.213568],[91.119721,26.211859],[91.062104,26.186835],[91.029552,26.179999],[90.963796,26.17414],[90.932872,26.162543],[90.902843,26.142646],[90.887462,26.134955],[90.869151,26.130886],[90.84962,26.130439],[90.839692,26.1317],[90.831065,26.134711],[90.825125,26.139024],[90.813975,26.149197],[90.807384,26.15351],[90.7942,26.157986],[90.752452,26.160183],[90.739513,26.162787],[90.728282,26.167548],[90.706391,26.180121],[90.682058,26.190009],[90.583018,26.205146],[90.506847,26.228705],[90.490001,26.228868],[90.473888,26.224555],[90.459972,26.214871],[90.434255,26.178249],[90.421479,26.168402],[90.402924,26.161444],[90.364513,26.154568],[90.346121,26.148301],[90.308442,26.125067],[90.294037,26.119737],[90.242442,26.11282],[90.226329,26.106472],[90.1963,26.084499],[90.176768,26.077216],[90.135753,26.067654],[90.045421,26.034044],[89.97519,26.018988],[89.954194,26.010688],[89.936615,25.99433],[89.904063,25.941962],[89.889659,25.926459],[89.859386,25.902167],[89.846446,25.888739],[89.836436,25.871405],[89.812999,25.815741],[89.744884,25.709499],[89.736827,25.69184],[89.722585,25.630927],[89.7046,25.592963],[89.697765,25.572943],[89.697032,25.550727],[89.70696,25.506212],[89.707612,25.483344],[89.698416,25.438788],[89.699229,25.417344],[89.697276,25.399278],[89.691417,25.382025],[89.675385,25.348944],[89.670909,25.324327],[89.678315,25.305243],[89.690929,25.287177],[89.700776,25.265733],[89.702647,25.241767],[89.696707,25.219916],[89.685069,25.200141],[89.662527,25.173367],[89.65797,25.163845],[89.649994,25.130683],[89.626231,25.074774],[89.612722,24.959825],[89.612722,24.94835],[89.614268,24.937079],[89.618093,24.926215],[89.624278,24.915839],[89.647472,24.889838],[89.658132,24.8699],[89.665294,24.848334],[89.670665,24.802924],[89.673595,24.791531],[89.679291,24.780707],[89.7046,24.750556],[89.715831,24.726426],[89.731537,24.651719],[89.759858,24.586982],[89.767996,24.549587],[89.768972,24.53087],[89.767345,24.511176],[89.759288,24.479844],[89.758311,24.442572],[89.749034,24.370551],[89.749034,24.360785],[89.7553,24.322455],[89.754649,24.283271],[89.751475,24.268256],[89.749034,24.26081],[89.734793,24.232733],[89.733165,24.22366],[89.734874,24.216498],[89.741222,24.201199],[89.743175,24.193183],[89.743337,24.183783],[89.739675,24.156684],[89.740326,24.131293],[89.739675,24.122992],[89.734793,24.105984],[89.701671,24.035509],[89.696788,24.016059],[89.695811,23.997016],[89.700287,23.958116],[89.726085,23.884467],[89.744395,23.858669],[89.785655,23.796739],[89.803722,23.779812],[89.843272,23.756049],[89.855072,23.746609],[89.908621,23.67414],[89.920095,23.665229],[89.934011,23.659776],[89.969005,23.652167],[89.985037,23.644355],[90.142589,23.544501],[90.170339,23.520453],[90.19337,23.506903],[90.212901,23.495469],[90.225352,23.483018],[90.235281,23.474392],[90.250092,23.461982]],[[89.755463,24.274441],[89.75644,24.272895],[89.75823,24.271511],[89.763927,24.268012],[89.765717,24.264268],[89.792572,24.237576],[89.803722,24.2296],[89.806651,24.226589],[89.807628,24.221218],[89.808116,24.199327],[89.826101,24.195136],[89.829845,24.185981],[89.827891,24.176825],[89.828868,24.172634],[89.832286,24.166124],[89.828298,24.151801],[89.826427,24.137559],[89.835704,24.131049],[89.8838,24.131049],[89.907156,24.089464],[89.913259,24.08747],[89.922781,24.086778],[89.931244,24.085069],[89.935069,24.079861],[89.936453,24.071804],[89.940033,24.065741],[89.961436,24.039618],[89.970307,24.034857],[89.996349,24.035468],[90.026296,24.030707],[90.038503,24.03087],[90.050955,24.035468],[90.044932,24.021796],[90.066417,24.015082],[90.083507,24.013048],[90.094737,24.005968],[90.103282,23.967719],[90.114675,23.955919],[90.146658,23.939276],[90.148936,23.936713],[90.151296,23.932644],[90.154714,23.928412],[90.160248,23.925605],[90.166108,23.925889],[90.169037,23.932644],[90.174571,23.933051],[90.194591,23.925971],[90.205007,23.920844],[90.212169,23.915635],[90.22698,23.898017],[90.238292,23.880398],[90.246023,23.86046],[90.250418,23.836249],[90.240896,23.797431],[90.222992,23.757188],[90.220225,23.729356],[90.256602,23.727607],[90.276541,23.737413],[90.290701,23.749701],[90.302664,23.756659],[90.315115,23.750556],[90.347179,23.715766],[90.35963,23.706488],[90.378022,23.697821],[90.405284,23.693793],[90.421641,23.686062],[90.466889,23.643866],[90.476329,23.631415],[90.457042,23.625515],[90.458018,23.608507],[90.476329,23.582953]]]}},{"type":"Feature","properties":{"dissolve":"535River","scalerank":7.0,"featurecla":"River","name":"Bhima","name_alt":null,"rivernum":535,"note":null,"min_zoom":6.0,"name_en":"Bhima","min_label":7.0},"bbox":[73.694021,16.41531,77.284679,19.005398],"geometry":{"type":"MultiLineString","coordinates":[[[73.694021,19.005398],[73.753835,18.972032],[73.780772,18.951972],[73.877452,18.848822],[73.885834,18.834093],[73.894135,18.808173],[73.899506,18.799994],[73.908132,18.792914],[73.925792,18.781806],[73.933604,18.77204],[73.937266,18.76199],[73.941417,18.740017],[73.947276,18.731024],[73.965587,18.722764],[73.986501,18.716742],[73.99822,18.705837],[73.988292,18.683295],[74.054291,18.65412],[74.063975,18.638861],[74.074636,18.639431],[74.135916,18.604763],[74.201752,18.621853],[74.246349,18.665473],[74.263194,18.670233],[74.274343,18.664862],[74.27532,18.658271],[74.26946,18.645697],[74.272716,18.636094],[74.280854,18.635281],[74.291026,18.636257],[74.300548,18.632107],[74.309988,18.614569],[74.315684,18.595323],[74.324229,18.579779],[74.342052,18.573432],[74.391368,18.576972],[74.407237,18.573432],[74.421479,18.562771],[74.448009,18.534735],[74.467377,18.52558],[74.471934,18.546251],[74.482595,18.540391],[74.502859,18.51199],[74.503673,18.508328],[74.502696,18.50377],[74.502371,18.499945],[74.50587,18.498318],[74.512136,18.499457],[74.521088,18.504584],[74.526134,18.505723],[74.546641,18.504462],[74.554291,18.501247],[74.557384,18.4949],[74.573741,18.478827],[74.610037,18.464667],[74.64739,18.459581],[74.666596,18.471015],[74.653087,18.47781],[74.668712,18.497016],[74.689382,18.507188],[74.708914,18.504259],[74.721202,18.483995],[74.713145,18.433132],[74.715831,18.407091],[74.739024,18.39586],[74.765554,18.400214],[74.777761,18.400743],[74.790701,18.39586],[74.798432,18.386583],[74.802419,18.36225],[74.807872,18.351182],[74.817963,18.345974],[74.83017,18.343695],[74.84075,18.339219],[74.845307,18.327582],[74.840587,18.3133],[74.828298,18.301215],[74.812429,18.293402],[74.796967,18.292263],[74.796967,18.285997],[74.826427,18.265448],[74.838471,18.258734],[74.855398,18.253607],[74.869721,18.253607],[74.900645,18.258734],[74.915131,18.259101],[74.928803,18.257676],[74.961518,18.251288],[74.969249,18.247382],[74.97698,18.241482],[74.98463,18.237982],[74.992198,18.241319],[74.99822,18.245876],[75.006114,18.24905],[75.014659,18.2508],[75.02296,18.251288],[75.002533,18.21308],[75.005626,18.201117],[75.033214,18.196641],[75.052745,18.20307],[75.07252,18.213894],[75.088959,18.216091],[75.098643,18.196641],[75.09726,18.190009],[75.084483,18.169298],[75.08253,18.159776],[75.084483,18.131781],[75.094005,18.116319],[75.115733,18.1164],[75.139171,18.119818],[75.153901,18.114691],[75.151866,18.095649],[75.131602,18.082384],[75.105968,18.072455],[75.088145,18.063178],[75.069753,18.038398],[75.061046,18.029079],[75.038097,18.012641],[75.029796,18.004828],[75.02003,17.990994],[75.017345,17.977729],[75.02532,17.967841],[75.04713,17.963894],[75.052013,17.967068],[75.062592,17.981228],[75.067556,17.984402],[75.077729,17.987738],[75.10434,18.002021],[75.112315,18.004828],[75.133067,17.995551],[75.174815,17.958116],[75.18808,17.943427],[75.172862,17.936225],[75.151296,17.922471],[75.132416,17.905382],[75.125987,17.888129],[75.138764,17.875352],[75.16212,17.876817],[75.184255,17.881456],[75.194347,17.878241],[75.195811,17.871527],[75.19866,17.865749],[75.199148,17.858262],[75.194347,17.846544],[75.187755,17.839626],[75.172862,17.832302],[75.166921,17.826728],[75.163503,17.820421],[75.161388,17.814073],[75.160085,17.796332],[75.163259,17.787177],[75.170339,17.781928],[75.177419,17.77851],[75.180593,17.775214],[75.188569,17.7685],[75.207449,17.765692],[75.246104,17.765245],[75.268891,17.761176],[75.280528,17.750312],[75.297944,17.717475],[75.312266,17.705756],[75.337901,17.689805],[75.362234,17.679999],[75.373057,17.686469],[75.377859,17.694444],[75.388764,17.694648],[75.407725,17.690131],[75.418956,17.694159],[75.448171,17.710639],[75.447683,17.666612],[75.457123,17.657172],[75.482188,17.648546],[75.488048,17.647773],[75.506765,17.648546],[75.514903,17.645697],[75.516043,17.639757],[75.513194,17.634833],[75.510183,17.634874],[75.510509,17.628363],[75.506358,17.622992],[75.503184,17.61754],[75.506765,17.610704],[75.511974,17.607042],[75.520518,17.604193],[75.524506,17.600775],[75.529389,17.599473],[75.536062,17.600898],[75.541921,17.601345],[75.544363,17.597032],[75.544688,17.589138],[75.545665,17.585639],[75.551768,17.580268],[75.569835,17.558173],[75.577891,17.553005],[75.583507,17.552843],[75.595876,17.558376],[75.602631,17.559841],[75.606456,17.556993],[75.607026,17.543647],[75.611908,17.539374],[75.62379,17.539415],[75.6338,17.54267],[75.643321,17.544216],[75.653575,17.539374],[75.637218,17.520941],[75.624604,17.500352],[75.624034,17.483588],[75.643321,17.47663],[75.659597,17.467149],[75.667003,17.446234],[75.677989,17.42532],[75.704682,17.415839],[75.72991,17.418321],[75.740652,17.415717],[75.75294,17.405585],[75.758556,17.395575],[75.762787,17.385199],[75.769949,17.377265],[75.783946,17.374823],[75.799327,17.386013],[75.815929,17.405829],[75.831716,17.417019],[75.845307,17.402167],[75.870046,17.416205],[75.877533,17.411973],[75.886974,17.394721],[75.890717,17.379259],[75.89267,17.363959],[75.897553,17.35224],[75.910818,17.34752],[75.919688,17.341661],[75.927013,17.331081],[75.936534,17.325954],[75.952078,17.336697],[75.963308,17.342637],[75.996674,17.349311],[76.009858,17.353787],[76.021007,17.346381],[76.046153,17.344184],[76.058197,17.333279],[76.062592,17.324083],[76.064057,17.317979],[76.066905,17.311957],[76.075613,17.302558],[76.082612,17.293077],[76.083914,17.283474],[76.080089,17.274115],[76.071869,17.265652],[76.082449,17.256863],[76.126475,17.243923],[76.136729,17.234198],[76.162201,17.203315],[76.170909,17.196723],[76.199799,17.187364],[76.22698,17.17003],[76.254405,17.160997],[76.28419,17.176215],[76.297862,17.169298],[76.312104,17.168321],[76.325287,17.172146],[76.335704,17.179307],[76.3449,17.181464],[76.351085,17.17121],[76.359304,17.148301],[76.364757,17.147569],[76.382823,17.149278],[76.387218,17.148301],[76.388276,17.138617],[76.383881,17.135321],[76.37672,17.134141],[76.369884,17.130927],[76.361908,17.119208],[76.366466,17.11282],[76.376964,17.105902],[76.387218,17.093085],[76.383067,17.088162],[76.38087,17.082831],[76.3803,17.075995],[76.380382,17.066352],[76.390391,17.077216],[76.416108,17.093085],[76.421397,17.103949],[76.425304,17.117743],[76.435313,17.130154],[76.448416,17.140448],[76.462413,17.148301],[76.470225,17.149604],[76.486501,17.148301],[76.493663,17.152045],[76.500011,17.157172],[76.516205,17.167019],[76.5206,17.168769],[76.535818,17.172309],[76.547455,17.178819],[76.558604,17.182196],[76.572276,17.176215],[76.563569,17.164578],[76.55071,17.141669],[76.541515,17.130927],[76.516856,17.115668],[76.509939,17.105577],[76.510753,17.086859],[76.526459,17.091661],[76.579031,17.093085],[76.570079,17.084011],[76.565847,17.074042],[76.568126,17.065212],[76.579031,17.059597],[76.591889,17.061876],[76.600597,17.071479],[76.608002,17.081977],[76.616791,17.086859],[76.657644,17.086859],[76.662852,17.083197],[76.674897,17.068142],[76.68214,17.066352],[76.689952,17.077582],[76.721446,17.144802],[76.735362,17.152167],[76.75172,17.149726],[76.764659,17.13406],[76.766368,17.122992],[76.763682,17.101589],[76.764659,17.093085],[76.770518,17.082343],[76.806651,17.043647],[76.813731,17.039862],[76.822276,17.038438],[76.830333,17.041368],[76.840912,17.055203],[76.852631,17.059597],[76.852468,17.056993],[76.880056,17.045925],[76.891368,17.044786],[76.90032,17.04621],[76.905854,17.043036],[76.90976,17.0185],[76.914073,17.008409],[76.919851,17.000596],[76.925304,16.997423],[76.930431,16.991563],[76.928396,16.97838],[76.921641,16.956488],[76.922293,16.947211],[76.924408,16.936225],[76.938731,16.895087],[76.921397,16.88935],[76.910737,16.87519],[76.894216,16.839871],[76.90683,16.825466],[76.940196,16.832465],[76.959483,16.822781],[76.975352,16.811062],[77.009695,16.799506],[77.024018,16.791368],[77.050385,16.763373],[77.063487,16.754421],[77.103282,16.748114],[77.120616,16.739691],[77.133718,16.726589],[77.141368,16.709499],[77.131114,16.657172],[77.13087,16.648017],[77.155691,16.645575],[77.164073,16.637519],[77.161876,16.600206],[77.167247,16.576606],[77.190684,16.547471],[77.198171,16.517646],[77.202729,16.51081],[77.20753,16.505723],[77.209727,16.500596],[77.214122,16.500312],[77.236908,16.469916],[77.244151,16.465277],[77.250987,16.46308],[77.257498,16.459174],[77.263682,16.449408],[77.257416,16.449408],[77.284679,16.41531]]]}},{"type":"Feature","properties":{"dissolve":"536River","scalerank":7.0,"featurecla":"River","name":"Tista","name_alt":null,"rivernum":536,"note":null,"min_zoom":6.0,"name_en":"Tista","min_label":7.0},"bbox":[88.434662,25.432644,89.697032,27.695095],"geometry":{"type":"MultiLineString","coordinates":[[[88.591807,27.695095],[88.59962,27.684394],[88.607188,27.663398],[88.612315,27.653428],[88.617931,27.648139],[88.634044,27.637641],[88.639578,27.632921],[88.659923,27.60578],[88.66684,27.589423],[88.667003,27.57156],[88.65919,27.555976],[88.646983,27.549913],[88.612315,27.544216],[88.592865,27.534003],[88.584402,27.530585],[88.551768,27.526638],[88.543956,27.523749],[88.533702,27.508653],[88.527599,27.487657],[88.52296,27.448594],[88.522553,27.441596],[88.523448,27.430854],[88.521576,27.407091],[88.5206,27.401557],[88.502615,27.37755],[88.497813,27.373074],[88.493663,27.368191],[88.48878,27.358669],[88.486095,27.3487],[88.485037,27.332099],[88.481944,27.32449],[88.478038,27.323432],[88.464936,27.325303],[88.460948,27.32449],[88.458995,27.320176],[88.456391,27.308295],[88.450694,27.295844],[88.449474,27.288642],[88.44752,27.282294],[88.44044,27.276679],[88.44044,27.269884],[88.449474,27.263536],[88.462332,27.246161],[88.471446,27.24254],[88.485769,27.24018],[88.495372,27.232937],[88.500662,27.221055],[88.502452,27.204698],[88.510916,27.183621],[88.526378,27.169013],[88.533214,27.154324],[88.516124,27.132676],[88.478282,27.11225],[88.472667,27.106879],[88.466238,27.09516],[88.457123,27.083441],[88.444428,27.07807],[88.434662,27.066596],[88.449474,27.012966],[88.44044,26.996161],[88.44044,26.989325],[88.448416,26.989325],[88.448416,26.981879],[88.442393,26.963324],[88.459727,26.926947],[88.509288,26.858344],[88.612315,26.749091],[88.646088,26.692694],[88.664154,26.663601],[88.675141,26.65058],[88.739187,26.59516],[88.756358,26.568305],[88.763113,26.5362],[88.761974,26.525702],[88.757091,26.507921],[88.756277,26.502061],[88.759044,26.492784],[88.768077,26.477566],[88.769949,26.471381],[88.775076,26.460069],[88.890717,26.342068],[88.937266,26.276679],[89.054454,26.164659],[89.081716,26.153754],[89.093435,26.138495],[89.133067,26.070665],[89.145274,26.034613],[89.157725,26.009467],[89.161062,25.969428],[89.167247,25.954047],[89.2199,25.92654],[89.22934,25.923285],[89.238292,25.912421],[89.290619,25.865831],[89.296397,25.856309],[89.300792,25.846503],[89.307058,25.837592],[89.317963,25.830512],[89.328868,25.829372],[89.353445,25.831366],[89.371186,25.823798],[89.39503,25.820014],[89.399913,25.813747],[89.404714,25.809394],[89.468028,25.773383],[89.483002,25.759792],[89.48935,25.738349],[89.493663,25.728095],[89.50294,25.719591],[89.516612,25.71072],[89.518077,25.705837],[89.531668,25.686143],[89.537852,25.674384],[89.539154,25.668524],[89.538829,25.664333],[89.535492,25.65115],[89.534272,25.642442],[89.534679,25.634101],[89.536632,25.625922],[89.543468,25.609076],[89.551524,25.573554],[89.5595,25.559353],[89.564138,25.552598],[89.570079,25.545925],[89.576264,25.54206],[89.583507,25.539984],[89.636974,25.534369],[89.654063,25.529568],[89.660737,25.525662],[89.666108,25.51907],[89.667491,25.512071],[89.664968,25.49669],[89.664561,25.487372],[89.666108,25.477403],[89.668956,25.467637],[89.672862,25.459011],[89.677664,25.452216],[89.696544,25.435085],[89.696218,25.434394],[89.6963,25.433946],[89.696788,25.433417],[89.697032,25.432644]]]}},{"type":"Feature","properties":{"dissolve":"537River","scalerank":7.0,"featurecla":"River","name":"Kong","name_alt":null,"rivernum":537,"note":null,"min_zoom":6.0,"name_en":"Kong","min_label":7.0},"bbox":[106.03183,13.571234,107.367686,16.230292],"geometry":{"type":"MultiLineString","coordinates":[[[107.367686,16.107449],[107.319835,16.181912],[107.293224,16.209174],[107.259288,16.227607],[107.248546,16.230292],[107.200043,16.222968],[107.154063,16.203925],[107.115001,16.177558],[107.087169,16.148383],[107.096283,16.129177],[107.085541,16.128241],[107.052989,16.140937],[107.058442,16.107693],[107.052257,16.075466],[107.036143,16.046983],[107.011322,16.024848],[106.965831,15.999579],[106.9463,15.982774],[106.929454,15.955919],[106.912039,15.901964],[106.898855,15.878201],[106.874278,15.860378],[106.841075,15.852891],[106.780284,15.848497],[106.7588,15.833075],[106.764089,15.823065],[106.768484,15.809109],[106.771251,15.794216],[106.772472,15.781277],[106.769054,15.766954],[106.757091,15.741075],[106.7588,15.729356],[106.768972,15.725613],[106.804291,15.722357],[106.812104,15.719794],[106.809011,15.691107],[106.814464,15.681993],[106.833263,15.688422],[106.829519,15.67182],[106.799571,15.652615],[106.792247,15.637519],[106.785492,15.548163],[106.789154,15.541815],[106.79713,15.539008],[106.804291,15.534857],[106.805919,15.524604],[106.800792,15.519843],[106.772472,15.510932],[106.75172,15.500271],[106.741628,15.48725],[106.730886,15.448839],[106.735606,15.450873],[106.747162,15.453681],[106.751964,15.455675],[106.754324,15.43891],[106.773855,15.417182],[106.778575,15.404486],[106.779307,15.375271],[106.771983,15.369167],[106.751964,15.360134],[106.725027,15.342353],[106.711518,15.330634],[106.717703,15.317979],[106.721934,15.301785],[106.72934,15.285509],[106.741466,15.278144],[106.765066,15.269843],[106.780365,15.249294],[106.803966,15.186306],[106.806407,15.181912],[106.809011,15.178249],[106.817393,15.161241],[106.825857,15.121039],[106.833263,15.105577],[106.847748,15.095282],[106.876882,15.086208],[106.88795,15.072089],[106.86964,15.05211],[106.878917,14.997992],[106.867442,14.969062],[106.872488,14.965115],[106.881602,14.948594],[106.86085,14.942735],[106.844493,14.928331],[106.83489,14.908759],[106.833263,14.887152],[106.837576,14.878852],[106.844249,14.872504],[106.846934,14.866482],[106.840017,14.859198],[106.828868,14.856147],[106.804128,14.856716],[106.792247,14.852362],[106.817963,14.840766],[106.830089,14.830878],[106.833263,14.818223],[106.826427,14.814561],[106.796886,14.820828],[106.781993,14.814805],[106.75587,14.797919],[106.751964,14.794298],[106.746511,14.76911],[106.744558,14.763617],[106.733002,14.759467],[106.719819,14.759467],[106.708751,14.755683],[106.704112,14.740058],[106.699799,14.732856],[106.679454,14.708197],[106.672455,14.702826],[106.662852,14.702175],[106.652924,14.699734],[106.645274,14.6942],[106.6421,14.68476],[106.637706,14.680854],[106.616222,14.681749],[106.607921,14.681098],[106.594737,14.67536],[106.586843,14.667426],[106.584239,14.658881],[106.586518,14.649929],[106.586518,14.64293],[106.563406,14.635362],[106.556895,14.62405],[106.552419,14.61046],[106.545909,14.599148],[106.526866,14.597724],[106.512136,14.590522],[106.490652,14.571234],[106.483409,14.567694],[106.476654,14.567084],[106.471934,14.564276],[106.470144,14.55447],[106.470714,14.544786],[106.472748,14.537665],[106.477143,14.532823],[106.484386,14.530219],[106.484386,14.523993],[106.469168,14.524929],[106.456391,14.528103],[106.445567,14.529324],[106.436046,14.523993],[106.434011,14.519802],[106.432221,14.512641],[106.433442,14.505927],[106.444835,14.499701],[106.440522,14.492784],[106.433116,14.486843],[106.42921,14.486151],[106.418793,14.466661],[106.393565,14.456326],[106.333018,14.44831],[106.335378,14.435574],[106.338959,14.427354],[106.341319,14.419501],[106.340343,14.407335],[106.336192,14.398627],[106.33017,14.391303],[106.325694,14.3817],[106.326182,14.3664],[106.331065,14.357489],[106.338959,14.349433],[106.345632,14.339464],[106.34669,14.324774],[106.34075,14.312527],[106.331391,14.311632],[106.321056,14.319281],[106.312511,14.332221],[106.298839,14.317939],[106.31544,14.296942],[106.323741,14.289252],[106.333018,14.2838],[106.347341,14.280056],[106.357595,14.279405],[106.365815,14.275824],[106.374522,14.263373],[106.348399,14.245958],[106.369151,14.222846],[106.42921,14.181423],[106.429698,14.158962],[106.415131,14.145535],[106.397472,14.133734],[106.388927,14.116278],[106.386974,14.093126],[106.381358,14.074897],[106.372325,14.05919],[106.349701,14.031765],[106.315929,13.999579],[106.307221,13.983751],[106.308035,13.96601],[106.311697,13.948798],[106.312511,13.934394],[106.302338,13.915839],[106.298839,13.90644],[106.297537,13.885118],[106.295502,13.876492],[106.288585,13.872911],[106.269542,13.845811],[106.250418,13.818305],[106.252208,13.804755],[106.257253,13.797309],[106.260916,13.790107],[106.257823,13.777371],[106.230479,13.742621],[106.215831,13.739122],[106.202566,13.740098],[106.189708,13.738959],[106.175955,13.728949],[106.171397,13.71955],[106.166433,13.693549],[106.162364,13.680487],[106.157644,13.67475],[106.134939,13.653835],[106.07724,13.586493],[106.057709,13.574408],[106.03183,13.571234]]]}},{"type":"Feature","properties":{"dissolve":"538River","scalerank":7.0,"featurecla":"River","name":"Jialing","name_alt":null,"rivernum":538,"note":null,"min_zoom":6.0,"name_en":"Jialing","min_label":7.0},"bbox":[105.688731,29.573269,106.881602,34.207953],"geometry":{"type":"MultiLineString","coordinates":[[[106.881602,34.207953],[106.874766,34.197455],[106.858653,34.196234],[106.826427,34.20421],[106.779714,34.163357],[106.769054,34.15705],[106.757904,34.146999],[106.724132,34.081326],[106.698253,34.061876],[106.687511,34.049099],[106.681733,34.025458],[106.667735,34.000352],[106.6421,33.965196],[106.601492,33.946234],[106.510916,33.924669],[106.47698,33.902533],[106.435557,33.856391],[106.424083,33.834906],[106.411713,33.830024],[106.384858,33.82807],[106.376964,33.824571],[106.362071,33.807318],[106.354015,33.800727],[106.312592,33.795844],[106.306244,33.789903],[106.302989,33.778998],[106.288503,33.755805],[106.285167,33.748969],[106.276296,33.735297],[106.256114,33.739691],[106.223725,33.759141],[106.21046,33.739325],[106.209483,33.7237],[106.213878,33.707953],[106.216889,33.687812],[106.218761,33.682074],[106.22226,33.677314],[106.223888,33.672553],[106.220307,33.666693],[106.205333,33.655626],[106.203217,33.653347],[106.199311,33.651923],[106.175955,33.628852],[106.070079,33.573432],[106.045502,33.546902],[106.022227,33.51496],[106.019786,33.503119],[106.038585,33.474189],[106.044444,33.45893],[106.052419,33.423407],[106.0678,33.378974],[106.081065,33.357856],[106.097179,33.348904],[106.121755,33.345282],[106.136322,33.335761],[106.142345,33.322292],[106.141694,33.306708],[106.136241,33.288764],[106.128184,33.27497],[106.082286,33.22366],[106.068858,33.212104],[106.052419,33.204901],[106.058442,33.186103],[106.060557,33.16295],[106.056895,33.141872],[106.045502,33.129177],[106.085704,33.09101],[106.100841,33.080756],[106.072276,33.00373],[106.059255,32.985175],[105.971609,32.943793],[105.956716,32.933376],[105.953543,32.916205],[105.945079,32.909206],[105.934093,32.904853],[105.922537,32.895819],[105.914561,32.880968],[105.915538,32.870714],[105.919932,32.860216],[105.922537,32.844591],[105.924734,32.840888],[105.933686,32.830634],[105.935802,32.824083],[105.934825,32.816718],[105.930593,32.807725],[105.927175,32.782416],[105.92685,32.771064],[105.929454,32.760321],[105.935802,32.744981],[105.9192,32.746934],[105.910167,32.744452],[105.905365,32.737087],[105.901541,32.724473],[105.901541,32.686632],[105.900483,32.683783],[105.898204,32.679389],[105.895925,32.673448],[105.893077,32.656073],[105.889089,32.651801],[105.884532,32.64879],[105.881114,32.642524],[105.867442,32.591376],[105.865245,32.576483],[105.855479,32.560004],[105.853282,32.54975],[105.861339,32.507676],[105.860606,32.491767],[105.85255,32.470404],[105.836518,32.445828],[105.81544,32.427069],[105.79184,32.423448],[105.795095,32.417426],[105.802013,32.401638],[105.805431,32.395535],[105.76767,32.393093],[105.750662,32.38703],[105.737071,32.375027],[105.709076,32.31977],[105.713634,32.316759],[105.730968,32.308458],[105.737804,32.303778],[105.731375,32.297065],[105.716726,32.286241],[105.715424,32.272732],[105.717784,32.258246],[105.722667,32.245673],[105.729747,32.23786],[105.723888,32.229315],[105.723643,32.223741],[105.727143,32.219184],[105.733409,32.213975],[105.737722,32.205105],[105.731619,32.19892],[105.722585,32.194444],[105.716726,32.190701],[105.688731,32.149115],[105.711681,32.142849],[105.715424,32.12877],[105.712901,32.111029],[105.716726,32.093858],[105.707937,32.092149],[105.7046,32.089871],[105.702078,32.08629],[105.695567,32.080837],[105.70574,32.075019],[105.709239,32.06684],[105.70574,32.058661],[105.695567,32.052924],[105.701915,32.045518],[105.717052,32.037665],[105.723562,32.032416],[105.727143,32.024034],[105.72755,32.010606],[105.733409,32.002021],[105.741222,31.996853],[105.746593,31.995673],[105.749766,31.992377],[105.750662,31.980902],[105.749604,31.971381],[105.744395,31.953721],[105.743337,31.943061],[105.757742,31.950141],[105.768321,31.948432],[105.776785,31.944037],[105.784923,31.943061],[105.794037,31.947292],[105.803966,31.957628],[105.812755,31.964179],[105.820567,31.951687],[105.822846,31.940863],[105.81837,31.931342],[105.805431,31.922553],[105.839692,31.910427],[105.853282,31.908881],[105.845876,31.884711],[105.838878,31.876288],[105.825857,31.874132],[105.825857,31.867947],[105.831716,31.863715],[105.835053,31.860297],[105.835704,31.855577],[105.833425,31.84748],[105.848074,31.850287],[105.85906,31.855292],[105.869151,31.858344],[105.881114,31.854926],[105.873139,31.82335],[105.8921,31.799384],[105.921153,31.789374],[105.943289,31.799628],[105.943858,31.780463],[105.935069,31.763495],[105.933849,31.749091],[105.956716,31.737616],[105.940115,31.723578],[105.938731,31.708564],[105.948171,31.6942],[105.963145,31.6824],[105.956391,31.682929],[105.935802,31.6824],[105.94044,31.67296],[105.943289,31.669298],[105.936941,31.663886],[105.931651,31.657253],[105.928396,31.649604],[105.928803,31.641384],[105.934255,31.635443],[105.942556,31.635932],[105.951264,31.637641],[105.956716,31.635199],[105.961436,31.618516],[105.963145,31.586778],[105.97047,31.573106],[105.982595,31.582465],[105.997976,31.609158],[106.008067,31.614691],[106.052419,31.579901],[106.059255,31.568671],[106.064138,31.552354],[106.060802,31.537787],[106.042084,31.531521],[106.030691,31.525214],[106.021007,31.511339],[106.020112,31.497423],[106.035248,31.491156],[106.038097,31.483751],[106.039806,31.448513],[106.038666,31.436591],[106.024669,31.412624],[106.0206,31.400255],[106.028412,31.394965],[106.034679,31.393866],[106.048106,31.389228],[106.055919,31.388129],[106.065115,31.385199],[106.069265,31.378526],[106.070811,31.371609],[106.073009,31.367703],[106.08839,31.363471],[106.119884,31.358669],[106.134939,31.354031],[106.134939,31.347195],[106.117279,31.337917],[106.114757,31.321723],[106.12322,31.310655],[106.138276,31.316759],[106.151459,31.329454],[106.197032,31.361436],[106.208995,31.336778],[106.210704,31.330105],[106.213878,31.32628],[106.22169,31.326483],[106.230398,31.327582],[106.236827,31.326687],[106.247325,31.318712],[106.258556,31.308173],[106.267345,31.2956],[106.270925,31.281684],[106.267833,31.26789],[106.259939,31.252265],[106.250011,31.23782],[106.240489,31.227118],[106.228038,31.221137],[106.214366,31.216579],[106.211436,31.211249],[106.230479,31.203192],[106.243337,31.207139],[106.249522,31.197292],[106.253673,31.181016],[106.261241,31.165961],[106.287852,31.146552],[106.292003,31.144843],[106.296641,31.131863],[106.307546,31.130194],[106.326182,31.134874],[106.346202,31.120307],[106.346772,31.107042],[106.341319,31.094753],[106.343435,31.083075],[106.351329,31.079942],[106.361746,31.079617],[106.370697,31.077663],[106.374522,31.069688],[106.39503,31.045518],[106.378184,31.033515],[106.355968,31.030219],[106.332937,31.029486],[106.312511,31.02501],[106.325043,31.013617],[106.344656,30.998969],[106.356863,30.985297],[106.34669,30.97663],[106.33253,30.980007],[106.297537,31.003201],[106.279063,31.01142],[106.256114,31.016669],[106.255951,31.013495],[106.257823,31.004584],[106.261729,30.996161],[106.271495,30.992377],[106.270925,30.984076],[106.258311,30.965115],[106.240489,30.962266],[106.200206,30.970404],[106.188406,30.959744],[106.180756,30.912787],[106.172537,30.902167],[106.161143,30.893663],[106.141124,30.852159],[106.131277,30.836697],[106.09962,30.801947],[106.085704,30.780382],[106.079682,30.761257],[106.089122,30.746039],[106.106456,30.728583],[106.115652,30.711249],[106.100841,30.696112],[106.088308,30.709337],[106.072195,30.714138],[106.058442,30.707302],[106.052419,30.685858],[106.057384,30.665717],[106.069835,30.666368],[106.087413,30.672471],[106.107026,30.668769],[106.118907,30.649929],[106.106375,30.634711],[106.083018,30.624701],[106.062999,30.620958],[106.062755,30.61404],[106.069265,30.579535],[106.066742,30.566352],[106.084076,30.571723],[106.093761,30.576361],[106.098399,30.574286],[106.100841,30.559516],[106.096609,30.54914],[106.089366,30.538845],[106.089366,30.531806],[106.107026,30.531602],[106.120046,30.538886],[106.132904,30.549872],[106.145112,30.553494],[106.155365,30.538398],[106.152924,30.532172],[106.141694,30.483181],[106.11378,30.500759],[106.10377,30.499701],[106.090343,30.486884],[106.095307,30.477851],[106.135346,30.455268],[106.148529,30.449652],[106.152761,30.465155],[106.164561,30.463446],[106.177013,30.450466],[106.182872,30.432237],[106.185964,30.413113],[106.19337,30.411566],[106.202566,30.421332],[106.210704,30.435981],[106.224701,30.398301],[106.230479,30.387559],[106.243175,30.375352],[106.254975,30.370063],[106.266775,30.366645],[106.279063,30.360297],[106.250418,30.339789],[106.264903,30.327704],[106.268565,30.305365],[106.264903,30.281562],[106.257823,30.264716],[106.251964,30.270453],[106.241954,30.278144],[106.236827,30.285183],[106.226329,30.250067],[106.220307,30.240505],[106.203217,30.203233],[106.205496,30.189724],[106.211681,30.186794],[106.221283,30.185858],[106.233653,30.178412],[106.235037,30.170844],[106.230072,30.160915],[106.216889,30.14057],[106.22991,30.136908],[106.249522,30.15412],[106.264659,30.154853],[106.263276,30.147528],[106.26295,30.133409],[106.268484,30.124945],[106.285167,30.134345],[106.289561,30.123847],[106.285655,30.114854],[106.277843,30.105414],[106.270925,30.09337],[106.294851,30.091986],[106.309581,30.085557],[106.31544,30.07099],[106.311615,30.03738],[106.309662,30.028388],[106.303152,30.020819],[106.27589,30.01435],[106.271495,30.006537],[106.273204,29.99726],[106.279063,29.989691],[106.285167,29.989691],[106.295828,30.002061],[106.319021,30.002061],[106.337494,29.989325],[106.333018,29.962999],[106.362071,29.946885],[106.379242,29.926622],[106.408702,29.873643],[106.426362,29.853461],[106.509369,29.782294],[106.520112,29.769477],[106.524832,29.753852],[106.523529,29.721381],[106.516694,29.703437],[106.501231,29.695502],[106.470795,29.705878],[106.456391,29.704291],[106.450206,29.685329],[106.452159,29.677598],[106.461029,29.662421],[106.463878,29.654568],[106.462413,29.650702],[106.459402,29.645128],[106.458507,29.637519],[106.463878,29.627265],[106.459239,29.595567],[106.497813,29.577094],[106.550222,29.573269],[106.586843,29.585639]]]}},{"type":"Feature","properties":{"dissolve":"539River","scalerank":7.0,"featurecla":"River","name":"Dong","name_alt":null,"rivernum":539,"note":null,"min_zoom":6.0,"name_en":"Dong","min_label":7.0},"bbox":[113.617768,22.949286,115.741954,25.056505],"geometry":{"type":"MultiLineString","coordinates":[[[115.707937,25.056505],[115.714936,25.044704],[115.731944,25.002794],[115.735037,24.984483],[115.736257,24.981879],[115.738455,24.979844],[115.740815,24.976752],[115.741954,24.970811],[115.739757,24.964911],[115.729991,24.955756],[115.727794,24.950059],[115.724213,24.943305],[115.716319,24.93948],[115.707449,24.936632],[115.700857,24.932969],[115.689382,24.913275],[115.680593,24.892035],[115.680756,24.886094],[115.687266,24.877387],[115.687999,24.871527],[115.684825,24.865017],[115.67571,24.853542],[115.673757,24.847276],[115.673106,24.838894],[115.665294,24.810818],[115.624522,24.730007],[115.595225,24.689724],[115.569347,24.662869],[115.556651,24.654364],[115.517589,24.636501],[115.50587,24.628445],[115.497488,24.616807],[115.48878,24.597764],[115.492686,24.588813],[115.47877,24.56741],[115.474294,24.552802],[115.471283,24.506619],[115.474294,24.494167],[115.428233,24.459418],[115.420421,24.450059],[115.412201,24.444932],[115.394054,24.451524],[115.365245,24.467475],[115.372569,24.430447],[115.36907,24.414862],[115.351003,24.419053],[115.344249,24.41295],[115.322846,24.402208],[115.317393,24.398546],[115.317556,24.389228],[115.328705,24.369412],[115.327403,24.361029],[115.312511,24.35102],[115.268158,24.333523],[115.197032,24.290391],[115.183686,24.278144],[115.177257,24.258897],[115.192556,24.246039],[115.216401,24.234971],[115.235444,24.221055],[115.241954,24.206651],[115.246023,24.187771],[115.248546,24.148464],[115.24407,24.126247],[115.232514,24.109687],[115.200694,24.083279],[115.178152,24.059678],[115.163585,24.047553],[115.149506,24.042304],[115.123546,24.039415],[115.107432,24.031277],[115.096121,24.018337],[115.084727,24.001329],[115.069835,23.989081],[115.065929,23.982204],[115.070974,23.973985],[115.057058,23.957709],[115.00172,23.919704],[114.985281,23.900255],[114.976329,23.890326],[114.96575,23.884223],[114.951915,23.883857],[114.933197,23.891466],[114.912527,23.872382],[114.88323,23.857489],[114.780528,23.821153],[114.747488,23.798448],[114.720225,23.76907],[114.70045,23.733832],[114.676768,23.67536],[114.673106,23.661811],[114.670665,23.641221],[114.652599,23.590399],[114.650076,23.572089],[114.650645,23.554226],[114.656261,23.540595],[114.669444,23.535183],[114.674246,23.527371],[114.686697,23.47309],[114.666515,23.462999],[114.631928,23.42654],[114.607595,23.418524],[114.601736,23.41531],[114.580658,23.394884],[114.57073,23.389472],[114.559825,23.391466],[114.543468,23.398627],[114.522634,23.396348],[114.507823,23.389024],[114.498627,23.375312],[114.495616,23.353624],[114.502208,23.33336],[114.552826,23.272569],[114.556733,23.269884],[114.560964,23.266303],[114.563894,23.26085],[114.552175,23.244412],[114.550304,23.240343],[114.555675,23.232733],[114.564545,23.226142],[114.573985,23.221544],[114.580658,23.219835],[114.587332,23.211697],[114.59433,23.192694],[114.595307,23.171902],[114.583914,23.157782],[114.5831,23.161404],[114.572846,23.165961],[114.559825,23.169949],[114.550304,23.171454],[114.52825,23.160264],[114.514659,23.156073],[114.504812,23.164415],[114.478038,23.181993],[114.466075,23.186306],[114.457286,23.179023],[114.433523,23.125922],[114.426199,23.117499],[114.415619,23.109442],[114.408946,23.108588],[114.296397,23.157782],[114.28419,23.153428],[114.249034,23.15644],[114.233165,23.13642],[114.195079,23.116156],[114.179779,23.099392],[114.138194,23.075873],[114.122813,23.064276],[114.111501,23.057725],[114.098399,23.060329],[114.07724,23.075873],[114.058116,23.09394],[114.047374,23.095486],[114.031993,23.086453],[114.01588,23.080268],[113.996755,23.081895],[113.980886,23.089219],[113.974213,23.100409],[113.905935,23.110663],[113.872,23.101915],[113.856293,23.103217],[113.843516,23.110256]],[[114.636485,23.735948],[114.639089,23.733832],[114.657237,23.723822],[114.671397,23.73017],[114.686534,23.741563],[114.707286,23.746853]],[[113.844005,23.110663],[113.843516,23.110256]],[[113.843516,23.110256],[113.830333,23.117499]],[[113.843516,23.110256],[113.832286,23.100857],[113.812022,23.089382],[113.78948,23.079861],[113.756847,23.07156],[113.617768,22.949286]]]}},{"type":"Feature","properties":{"dissolve":"540River","scalerank":7.0,"featurecla":"River","name":"Yalong","name_alt":null,"rivernum":540,"note":null,"min_zoom":6.0,"name_en":"Yalong","min_label":7.0},"bbox":[97.157237,26.605089,102.016124,34.064236],"geometry":{"type":"MultiLineString","coordinates":[[[97.616628,34.064236],[97.60906,34.046007],[97.591319,34.033718],[97.345714,33.942084],[97.328298,33.931912],[97.313243,33.920478],[97.235769,33.841986],[97.226736,33.834906],[97.216401,33.831732],[97.190847,33.828803],[97.181895,33.824327],[97.172374,33.81745],[97.164643,33.81448],[97.159272,33.809638],[97.157237,33.797065],[97.159434,33.787706],[97.171641,33.759141],[97.217296,33.554145],[97.223562,33.538275],[97.231944,33.524115],[97.243663,33.50906],[97.248057,33.494086],[97.24822,33.474921],[97.251557,33.458319],[97.276378,33.444892],[97.331716,33.373155],[97.344168,33.360907],[97.359386,33.35574],[97.396902,33.352607],[97.417003,33.348171],[97.431651,33.341417],[97.473888,33.358222],[97.518647,33.370063],[97.564545,33.376166],[97.609793,33.375556],[97.672374,33.363634],[97.695404,33.361925],[97.715831,33.368516],[97.749441,33.399766],[97.768077,33.409735],[97.800548,33.402371],[97.840017,33.376573],[97.875662,33.343329],[97.897227,33.313544],[97.899343,33.304145],[97.901378,33.281358],[97.904063,33.272528],[97.911388,33.262966],[97.951264,33.228624],[97.969493,33.22248],[98.045665,33.215115],[98.055431,33.211127],[98.060313,33.205146],[98.065115,33.19599],[98.071056,33.187527],[98.079112,33.183783],[98.116303,33.179755],[98.157807,33.170193],[98.172944,33.158393],[98.186453,33.142442],[98.201915,33.128363],[98.223399,33.122341],[98.237641,33.1164],[98.319753,33.0456],[98.336925,33.014594],[98.364024,32.936794],[98.391612,32.904975],[98.432384,32.888983],[98.521007,32.868476],[98.576427,32.844428],[98.593272,32.841173],[98.60377,32.846544],[98.612234,32.859198],[98.61964,32.873969],[98.627452,32.885565],[98.643891,32.890163],[98.664643,32.883368],[98.761241,32.820665],[98.765636,32.833686],[98.775808,32.832221],[98.788097,32.825019],[98.799083,32.820665],[98.816905,32.817694],[98.822032,32.809516],[98.824229,32.797431],[98.8331,32.782823],[98.851654,32.759345],[98.862397,32.752875],[98.87794,32.755479],[98.904307,32.764472],[98.905284,32.766059],[98.914806,32.76378],[98.925792,32.754503],[98.935964,32.752387],[98.953543,32.754706],[98.981456,32.764431],[98.99407,32.766059],[99.003917,32.762315],[99.04184,32.738105],[99.049734,32.728135],[99.056163,32.703681],[99.062266,32.689765],[99.095876,32.650458],[99.103933,32.635118],[99.089854,32.627753],[99.082123,32.610053],[99.081716,32.589708],[99.090261,32.574286],[99.071544,32.562283],[99.064464,32.539618],[99.065033,32.513699],[99.069591,32.491767],[99.082612,32.456651],[99.082612,32.443915],[99.076752,32.437323],[99.053722,32.423611],[99.043224,32.414862],[99.031505,32.412543],[99.019786,32.408637],[99.014415,32.398953],[99.010265,32.383653],[99.000255,32.37877],[98.988048,32.377143],[98.966563,32.367255],[98.951671,32.365261],[98.938243,32.361151],[98.932546,32.350857],[98.934988,32.338935],[98.952891,32.299913],[98.976573,32.305528],[98.995942,32.299994],[99.013276,32.290961],[99.031505,32.286241],[99.04127,32.285102],[99.062266,32.279975],[99.072765,32.278835],[99.082286,32.282782],[99.106619,32.301052],[99.117442,32.306749],[99.142019,32.308214],[99.203136,32.293077],[99.225515,32.292426],[99.245697,32.289008],[99.264415,32.280626],[99.281993,32.265163],[99.302338,32.231635],[99.32366,32.186957],[99.326671,32.17536],[99.333751,32.170274],[99.340831,32.168321],[99.344005,32.165839],[99.345144,32.150702],[99.348399,32.147162],[99.354747,32.147081],[99.364513,32.142279],[99.39503,32.117621],[99.412201,32.110622],[99.43629,32.108181],[99.455333,32.102973],[99.463878,32.089301],[99.467459,32.046698],[99.471446,32.027899],[99.480479,32.007351],[99.494151,31.99079],[99.511811,31.983995],[99.528575,31.975165],[99.561046,31.932156],[99.576182,31.916327],[99.635834,31.896755],[99.64503,31.885037],[99.647227,31.875352],[99.656668,31.853624],[99.658702,31.844021],[99.656749,31.822577],[99.658376,31.817003],[99.665538,31.806464],[99.68214,31.79088],[99.720714,31.772895],[99.737641,31.762152],[99.752045,31.743435],[99.781668,31.676134],[99.806163,31.651719],[99.841319,31.640937],[99.970225,31.628852],[100.017833,31.616034],[100.060557,31.595567],[100.090017,31.56627],[100.096934,31.545193],[100.102306,31.500596],[100.114024,31.480984],[100.140554,31.460273],[100.155528,31.453681],[100.15919,31.445868],[100.161632,31.436632],[100.165131,31.429145],[100.183116,31.416612],[100.206147,31.405707],[100.226166,31.392117],[100.234793,31.371405],[100.239268,31.349677],[100.268891,31.298774],[100.282319,31.25727],[100.291515,31.191921],[100.305186,31.150458],[100.309825,31.128038],[100.309825,31.064521],[100.306407,31.052314],[100.308604,31.040839],[100.308849,30.959255],[100.307872,30.950792],[100.306244,30.943671],[100.302989,30.936306],[100.278901,30.918728],[100.266205,30.896023],[100.245128,30.888739],[100.199962,30.881659],[100.163829,30.856716],[100.149832,30.821112],[100.152192,30.779893],[100.197032,30.657986],[100.217703,30.626329],[100.248464,30.60045],[100.271983,30.584581],[100.288829,30.570258],[100.316742,30.538398],[100.332774,30.52501],[100.355724,30.514431],[100.382335,30.507392],[100.409434,30.50491],[100.440115,30.463324],[100.453624,30.448798],[100.463145,30.444037],[100.53297,30.438666],[100.562511,30.430528],[100.577403,30.414903],[100.587983,30.420762],[100.594005,30.419786],[100.604584,30.408067],[100.605235,30.405219],[100.604584,30.391303],[100.606456,30.387152],[100.610362,30.387478],[100.614838,30.388861],[100.618256,30.387559],[100.628673,30.374864],[100.63974,30.366807],[100.666108,30.354071],[100.680919,30.34337],[100.69101,30.330634],[100.707042,30.298855],[100.716563,30.285427],[100.728038,30.272325],[100.737722,30.257921],[100.741791,30.240505],[100.750255,30.225898],[100.787364,30.221055],[100.80421,30.193427],[100.822846,30.194037],[100.842865,30.199042],[100.854503,30.19953],[100.863048,30.189724],[100.866222,30.187038],[100.915701,30.196072],[100.936697,30.207587],[100.956635,30.210639],[100.977957,30.209093],[100.995697,30.203233],[101.002208,30.18004],[100.99879,30.157294],[100.991954,30.136013],[100.98821,30.117255],[100.994395,30.11046],[101.006114,30.107001],[101.013194,30.101833],[101.005626,30.089952],[101.001964,30.082221],[101.00351,30.073106],[101.007253,30.063056],[101.009369,30.052436],[101.003022,30.006903],[101.003022,29.981147],[101.012462,29.969835],[101.027192,29.960476],[101.061941,29.916124],[101.070811,29.901557],[101.086925,29.859158],[101.090343,29.839179],[101.08839,29.75377],[101.084402,29.736436],[101.072358,29.712348],[101.070811,29.702338],[101.074148,29.691474],[101.088145,29.671698],[101.091238,29.665107],[101.089936,29.66059],[101.083751,29.647895],[101.081065,29.643988],[101.080089,29.640489],[101.083425,29.629828],[101.084402,29.623847],[101.086681,29.617377],[101.118337,29.575629],[101.125092,29.569892],[101.132253,29.565782],[101.124766,29.52794],[101.152354,29.464667],[101.139659,29.428575],[101.107188,29.399726],[101.087576,29.386054],[101.074229,29.380194],[101.07252,29.378363],[101.058604,29.369656],[101.050304,29.366523],[101.039806,29.367051],[101.030528,29.370673],[101.021088,29.372138],[101.009369,29.366523],[101.009369,29.359727],[101.01588,29.350287],[101.018158,29.345486],[101.015636,29.346055],[101.021495,29.344509],[101.029307,29.345242],[101.035492,29.34809],[101.036062,29.352891],[101.040701,29.342353],[101.042979,29.331977],[101.054617,29.202948],[101.061697,29.1789],[101.074229,29.167914],[101.093761,29.160834],[101.105235,29.143256],[101.118663,29.099677],[101.151378,29.029975],[101.149913,29.013373],[101.142833,29.003363],[101.142182,28.994249],[101.150401,28.966661],[101.160818,28.960476],[101.172455,28.956163],[101.180675,28.948798],[101.184255,28.928005],[101.173839,28.86286],[101.175141,28.796454],[101.180675,28.776923],[101.186046,28.768663],[101.191417,28.764675],[101.196707,28.759874],[101.201101,28.749579],[101.202566,28.739285],[101.201915,28.684923],[101.242117,28.495185],[101.270437,28.415961],[101.279796,28.399115],[101.292979,28.383653],[101.31129,28.374701],[101.331065,28.372138],[101.349864,28.36579],[101.365001,28.345526],[101.366628,28.335761],[101.363292,28.315863],[101.365001,28.304551],[101.369395,28.298163],[101.382742,28.285753],[101.385509,28.280707],[101.384044,28.257351],[101.371755,28.201524],[101.378917,28.166083],[101.408214,28.140937],[101.443126,28.118964],[101.467377,28.092882],[101.478282,28.070746],[101.487315,28.063056],[101.525971,28.065009],[101.540538,28.073676],[101.571056,28.133857],[101.587901,28.149604],[101.608328,28.164618],[101.625418,28.180447],[101.632416,28.198432],[101.634776,28.208441],[101.644542,28.227851],[101.652924,28.284044],[101.652924,28.325629],[101.655772,28.33629],[101.666515,28.36286],[101.674408,28.372138],[101.71046,28.396674],[101.721202,28.407009],[101.746023,28.474392],[101.749115,28.492947],[101.745046,28.534857],[101.74822,28.550401],[101.762787,28.565253],[101.828136,28.594062],[101.84962,28.612087],[101.875987,28.618354],[101.903819,28.621202],[101.919932,28.620469],[101.937999,28.606757],[101.936046,28.592597],[101.925873,28.577582],[101.913829,28.54446],[101.872081,28.482733],[101.864268,28.442694],[101.881928,28.363349],[101.885753,28.325629],[101.883556,28.316514],[101.874278,28.294989],[101.861908,28.277655],[101.86085,28.26907],[101.860932,28.260321],[101.858409,28.249945],[101.848237,28.231716],[101.813731,28.191596],[101.796397,28.160509],[101.791596,28.146308],[101.790538,28.139268],[101.790131,28.130154],[101.786713,28.109483],[101.771983,28.07746],[101.769054,28.058173],[101.773936,28.036811],[101.785574,28.028347],[101.824311,28.023993],[101.845225,28.024237],[101.854503,28.021674],[101.858409,28.013129],[101.853526,28.0067],[101.827159,27.989285],[101.822846,27.980658],[101.839447,27.96251],[101.861257,27.946804],[101.872081,27.944892],[101.868582,27.923774],[101.85963,27.911241],[101.848562,27.900946],[101.837901,27.886176],[101.867442,27.886094],[101.882335,27.876532],[101.885346,27.859809],[101.878917,27.838446],[101.91155,27.82453],[101.924897,27.786241],[101.934255,27.743109],[101.9546,27.714911],[101.977306,27.710883],[101.997081,27.712429],[102.010834,27.707587],[102.016124,27.684516],[102.015147,27.665839],[102.010916,27.642768],[102.002615,27.622626],[101.98878,27.612494],[101.994395,27.603868],[101.99822,27.59573],[102.000499,27.587999],[102.001394,27.580675],[101.997569,27.560126],[101.97877,27.519843],[101.974539,27.496405],[101.97226,27.430487],[101.960867,27.365505],[101.950125,27.337226],[101.937266,27.317003],[101.90325,27.280097],[101.889089,27.257636],[101.871349,27.205349],[101.858409,27.180487],[101.868175,27.176052],[101.874278,27.166693],[101.87672,27.157416],[101.875499,27.153144],[101.875662,27.150946],[101.844737,27.139512],[101.828705,27.128038],[101.815522,27.11461],[101.80657,27.097439],[101.803233,27.074327],[101.797944,27.056098],[101.773692,27.011786],[101.72877,26.968817],[101.708425,26.962022],[101.696788,26.956814],[101.687104,26.947781],[101.699311,26.932156],[101.702729,26.893134],[101.72519,26.848456],[101.732188,26.844672],[101.769054,26.837917],[101.796479,26.817694],[101.836436,26.763454],[101.865245,26.742947],[101.855968,26.732042],[101.824311,26.674018],[101.82366,26.669257],[101.825206,26.65823],[101.824311,26.65351],[101.813406,26.638129],[101.796397,26.605089]]]}},{"type":"Feature","properties":{"dissolve":"542River","scalerank":7.0,"featurecla":"River","name":"Bajang","name_alt":null,"rivernum":542,"note":null,"min_zoom":6.0,"name_en":"Bajang","min_label":7.0},"bbox":[111.37794,2.017157,113.797374,2.708604],"geometry":{"type":"MultiLineString","coordinates":[[[113.797374,2.708604],[113.777843,2.700629],[113.76295,2.681423],[113.743093,2.639228],[113.732595,2.623643],[113.681407,2.57449],[113.662608,2.551581],[113.658946,2.541612],[113.65325,2.539171],[113.553233,2.47724],[113.542247,2.480496],[113.532644,2.484565],[113.511485,2.472846],[113.480886,2.449164],[113.217052,2.316962],[113.189464,2.312567],[113.121755,2.284369],[113.098155,2.270331],[113.083018,2.264228],[113.083018,2.257351],[113.141043,2.248318],[113.151866,2.24433],[113.157319,2.226508],[113.153575,2.206977],[113.143565,2.190538],[113.131358,2.182237],[113.113455,2.192898],[113.090831,2.197374],[113.0713,2.193468],[113.06308,2.178819],[113.061941,2.170233],[113.060557,2.165961],[113.062999,2.161078],[113.072765,2.150946],[113.076427,2.142401],[113.077647,2.12991],[113.076182,2.106513],[113.060802,2.061306],[113.030935,2.034044],[112.991222,2.020697],[112.524343,2.017157],[112.504649,2.02029],[112.471772,2.034451],[112.452403,2.038275],[112.440847,2.037706],[112.411388,2.03144],[112.373546,2.03144],[112.364024,2.034613],[112.345632,2.048692],[112.3331,2.051947],[112.321381,2.052802],[112.295339,2.058132],[112.264089,2.056912],[112.254405,2.058132],[112.247488,2.062201],[112.229503,2.076728],[112.223643,2.079861],[112.187104,2.075303],[112.17213,2.078437],[112.158702,2.092882],[112.156749,2.101386],[112.157725,2.10871],[112.155691,2.116726],[112.144542,2.127021],[112.100108,2.141303],[112.092377,2.138983],[112.083588,2.134833],[112.074474,2.133083],[112.065684,2.137885],[112.056895,2.144314],[112.044932,2.149237],[112.021007,2.154364],[112.007823,2.152371],[111.984955,2.141425],[111.973155,2.141303],[111.959972,2.15058],[111.921641,2.199327],[111.896658,2.212958],[111.862315,2.226101],[111.837983,2.24197],[111.842784,2.264228],[111.837413,2.273139],[111.831391,2.280382],[111.823822,2.286404],[111.814952,2.291531],[111.810313,2.27497],[111.809581,2.256537],[111.806651,2.240302],[111.795014,2.230658],[111.796804,2.250759],[111.789968,2.253241],[111.775076,2.24433],[111.760916,2.250759],[111.753673,2.257595],[111.746593,2.266221],[111.73349,2.277859],[111.720144,2.282497],[111.68214,2.287624],[111.677257,2.289415]],[[111.678315,2.291531],[111.677257,2.289415]],[[111.677257,2.289415],[111.671479,2.291531],[111.668224,2.302354],[111.667003,2.335517],[111.665294,2.346137],[111.642589,2.367703],[111.622325,2.355902],[111.601329,2.334255],[111.575857,2.326239],[111.560802,2.334255],[111.55657,2.345282],[111.553396,2.357123],[111.54184,2.367214],[111.540701,2.36282],[111.525645,2.358425],[111.493337,2.353583]],[[111.677257,2.289415],[111.669037,2.273261],[111.642833,2.237331],[111.637299,2.219794],[111.637625,2.194037],[111.635671,2.183417],[111.630463,2.175401],[111.620535,2.170274],[111.608979,2.1706],[111.59962,2.17768],[111.595795,2.192816],[111.591319,2.200548],[111.580577,2.204535],[111.568126,2.20421],[111.558604,2.199327],[111.554861,2.193468],[111.549897,2.179267],[111.547944,2.175401],[111.543956,2.173611],[111.53183,2.170274],[111.527436,2.167996],[111.509776,2.153591],[111.496104,2.150824],[111.482595,2.160183],[111.466075,2.182237],[111.461192,2.149929],[111.452403,2.139228],[111.435313,2.150946],[111.420828,2.163845],[111.407725,2.166815],[111.37794,2.161811]]]}},{"type":"Feature","properties":{"dissolve":"544River","scalerank":7.0,"featurecla":"River","name":"Mahakam","name_alt":null,"rivernum":544,"note":null,"min_zoom":6.0,"name_en":"Mahakam","min_label":7.0},"bbox":[114.095795,-0.592787,117.441417,1.359809],"geometry":{"type":"MultiLineString","coordinates":[[[114.364757,1.359809],[114.348399,1.353054],[114.330577,1.342882],[114.31601,1.328315],[114.310069,1.308376],[114.303233,1.222683],[114.299327,1.206488],[114.293468,1.195421],[114.276541,1.173896],[114.270112,1.160346],[114.260753,1.130439],[114.252452,1.118232],[114.240489,1.110704],[114.22755,1.105902],[114.215343,1.099189],[114.205496,1.085964],[114.203624,1.071885],[114.211192,1.045356],[114.21046,1.032009],[114.205658,1.024522],[114.185069,1.008612],[114.11378,0.933295],[114.099701,0.904975],[114.095795,0.869167],[114.103282,0.834337],[114.122813,0.809272],[114.153738,0.799831],[114.222667,0.807725],[114.255463,0.804958],[114.269786,0.797146],[114.310069,0.763373],[114.322276,0.769232],[114.331472,0.763292],[114.340017,0.752305],[114.351003,0.742865],[114.361339,0.74018],[114.394054,0.742784],[114.439952,0.73786],[114.462413,0.738593],[114.483897,0.74726],[114.490896,0.75373],[114.504242,0.768907],[114.512136,0.775255],[114.521576,0.779242],[114.541596,0.783637],[114.550955,0.786933],[114.608002,0.830146],[114.732432,0.880723],[114.798432,0.888495],[114.840912,0.898261],[114.861257,0.90058],[114.902436,0.90058],[114.912527,0.896552],[114.940684,0.873236],[114.961925,0.872992],[115.009288,0.881944],[115.025971,0.876654],[115.038503,0.857774],[115.042979,0.836371],[115.04184,0.813788],[115.036794,0.791327],[115.032644,0.785102],[115.026866,0.779731],[115.024099,0.773139],[115.029552,0.763373],[115.03948,0.760769],[115.053233,0.761786],[115.065684,0.759467],[115.070974,0.746649],[115.077078,0.735907],[115.091726,0.72309],[115.12558,0.701931],[115.167572,0.688015],[115.191173,0.683295],[115.210948,0.681464],[115.235769,0.673529],[115.236095,0.654608],[115.226492,0.631863],[115.220632,0.612494],[115.227794,0.59162],[115.243256,0.584011],[115.279307,0.585232],[115.299246,0.58336],[115.31544,0.57807],[115.328054,0.569648],[115.337901,0.558539],[115.343842,0.544379],[115.349539,0.525987],[115.357026,0.510077],[115.368663,0.503282],[115.460867,0.497097],[115.454845,0.480536],[115.455496,0.459784],[115.452729,0.441962],[115.437266,0.434394],[115.425792,0.424425],[115.427257,0.401557],[115.440359,0.35932],[115.44394,0.325954],[115.447765,0.318305],[115.458263,0.317084],[115.469493,0.321967],[115.478282,0.322333],[115.481944,0.307807],[115.481293,0.278266],[115.486908,0.267157],[115.502452,0.256903],[115.524425,0.2508],[115.54184,0.248481],[115.552989,0.241075],[115.557058,0.219062],[115.54835,0.100531],[115.550222,0.091824],[115.558686,0.080634],[115.566173,0.079657],[115.573416,0.083116],[115.581147,0.085557],[115.598399,0.075141],[115.612641,0.050849],[115.622325,0.023301],[115.625987,0.003038],[115.619558,-0.018365],[115.608653,-0.043756],[115.604503,-0.061171],[115.619151,-0.058486],[115.631358,-0.072605],[115.642507,-0.076104],[115.663503,-0.072686],[115.675222,-0.0676],[115.677419,-0.055515],[115.673757,-0.027724],[115.678315,-0.016738],[115.689057,-0.01804],[115.700613,-0.02512],[115.707937,-0.031142],[115.714692,-0.038018],[115.720225,-0.045831],[115.72462,-0.054824],[115.727794,-0.065281],[115.731537,-0.062677],[115.741954,-0.058486],[115.748139,-0.071018],[115.759858,-0.079767],[115.771007,-0.085463],[115.776134,-0.089451],[115.770763,-0.1006],[115.750662,-0.11655],[115.751964,-0.123875],[115.757823,-0.126397],[115.771007,-0.125665],[115.776134,-0.127374],[115.783376,-0.133315],[115.789806,-0.140313],[115.798595,-0.153009],[115.803152,-0.165948],[115.799327,-0.174819],[115.78297,-0.175144],[115.792898,-0.186456],[115.793224,-0.195164],[115.790131,-0.202325],[115.789806,-0.209324],[115.793956,-0.216729],[115.798432,-0.221531],[115.810151,-0.230401],[115.814545,-0.23211],[115.827403,-0.235203],[115.831472,-0.237237],[115.8331,-0.241388],[115.835704,-0.253757],[115.839447,-0.261733],[115.842459,-0.274265],[115.844493,-0.278171],[115.849294,-0.279148],[115.859874,-0.270847],[115.865489,-0.271336],[115.872162,-0.280776],[115.872813,-0.289239],[115.874766,-0.295587],[115.885916,-0.298679],[115.895518,-0.285496],[115.904552,-0.276218],[115.913259,-0.271336],[115.924815,-0.275567],[115.941987,-0.284845],[115.960134,-0.290867],[115.975352,-0.285007],[115.980724,-0.300714],[115.981944,-0.30877],[115.981537,-0.318536],[115.999522,-0.313816],[116.050548,-0.318536],[116.058523,-0.316908],[116.064464,-0.313653],[116.070323,-0.311375],[116.077729,-0.312351],[116.086192,-0.318536],[116.091563,-0.333673],[116.098237,-0.339695],[116.114675,-0.344415],[116.150645,-0.349542],[116.167247,-0.353936],[116.220714,-0.378106],[116.239513,-0.381199],[116.30714,-0.381199],[116.322358,-0.377862],[116.344005,-0.363295],[116.362315,-0.36004],[116.399669,-0.359877],[116.434825,-0.354994],[116.460541,-0.339044],[116.468761,-0.305515],[116.475597,-0.305515],[116.479015,-0.312514],[116.483409,-0.317234],[116.495616,-0.32586],[116.507498,-0.309503],[116.524913,-0.296401],[116.545502,-0.288018],[116.5678,-0.285007],[116.585134,-0.279311],[116.579519,-0.24505],[116.598562,-0.223484],[116.608002,-0.220554],[116.625499,-0.220392],[116.633311,-0.216729],[116.636485,-0.207371],[116.634939,-0.195977],[116.636811,-0.186456],[116.649994,-0.18255],[116.660248,-0.18198],[116.667979,-0.179539],[116.672537,-0.174249],[116.674327,-0.165216],[116.678233,-0.156752],[116.687511,-0.156264],[116.753998,-0.172865],[116.775076,-0.184096],[116.78419,-0.199233],[116.788259,-0.209812],[116.806651,-0.228448],[116.810802,-0.240655],[116.809581,-0.269871],[116.810802,-0.278171],[116.836029,-0.323907],[116.84433,-0.329929],[116.858897,-0.332045],[116.904226,-0.328058],[116.948009,-0.318536],[116.999929,-0.2881],[117.013194,-0.2881],[117.032237,-0.313979],[117.033621,-0.318536],[117.070567,-0.316746],[117.078298,-0.318536],[117.078705,-0.332859],[117.069835,-0.353936],[117.057384,-0.372979],[117.047537,-0.381199],[117.037608,-0.376479],[117.027599,-0.367201],[117.017182,-0.360528],[117.006358,-0.363458],[117.002452,-0.372003],[117.001231,-0.384617],[117.002533,-0.408543],[117.026866,-0.518243],[117.030528,-0.551772],[117.03004,-0.575046],[117.032481,-0.587254],[117.043386,-0.592136],[117.068126,-0.592787],[117.086681,-0.586847],[117.092052,-0.57228],[117.093028,-0.554376],[117.098888,-0.538263],[117.102794,-0.537286],[117.124522,-0.526707],[117.126069,-0.525242],[117.140229,-0.518406],[117.149099,-0.51629],[117.160167,-0.517755],[117.170909,-0.526218],[117.19044,-0.552911],[117.218028,-0.563002],[117.255056,-0.582371],[117.273855,-0.586602],[117.341726,-0.579604],[117.359467,-0.586602],[117.402192,-0.55519],[117.441417,-0.517755]]]}},{"type":"Feature","properties":{"dissolve":"545River","scalerank":7.0,"featurecla":"River","name":"Baliem","name_alt":null,"rivernum":545,"note":null,"min_zoom":6.0,"name_en":"Baliem","min_label":7.0},"bbox":[138.219737,-5.678725,139.377371,-3.87005],"geometry":{"type":"MultiLineString","coordinates":[[[138.219737,-3.889093],[138.286388,-3.889174],[138.320242,-3.893731],[138.349701,-3.904962],[138.368337,-3.915948],[138.384369,-3.923191],[138.401459,-3.926202],[138.423595,-3.924737],[138.473888,-3.91546],[138.49879,-3.915541],[138.522634,-3.924656],[138.531993,-3.935724],[138.538178,-3.945326],[138.554698,-3.948175],[138.56894,-3.952976],[138.583507,-3.955092],[138.601085,-3.950209],[138.602957,-3.942234],[138.624441,-3.933282],[138.631847,-3.931085],[138.650808,-3.928643],[138.659434,-3.926446],[138.668956,-3.921319],[138.714285,-3.882501],[138.730724,-3.873875],[138.748546,-3.87005],[138.768484,-3.87005],[138.788097,-3.873224],[138.805186,-3.879815],[138.832774,-3.893976],[138.851329,-3.905694],[138.859386,-3.91253],[138.866222,-3.920261],[138.886974,-3.950616],[138.896251,-3.959812],[138.904796,-3.972996],[138.91627,-4.008477],[138.925304,-4.020685],[138.966401,-4.047865],[138.97877,-4.061049],[138.982432,-4.072686],[138.982432,-4.085382],[138.984386,-4.102065],[138.989757,-4.113458],[139.006277,-4.135756],[139.012543,-4.148289],[139.034923,-4.239923],[139.043468,-4.252374],[139.058197,-4.265639],[139.066742,-4.277032],[139.071788,-4.29282],[139.073741,-4.309503],[139.072765,-4.323744],[139.060313,-4.354994],[139.062429,-4.368178],[139.08074,-4.376886],[139.093761,-4.37713],[139.120209,-4.372491],[139.1338,-4.372898],[139.137218,-4.386733],[139.148529,-4.39308],[139.177175,-4.396336],[139.19101,-4.400893],[139.214692,-4.41603],[139.228282,-4.422052],[139.237071,-4.449395],[139.254649,-4.471531],[139.324148,-4.520847],[139.351085,-4.546075],[139.371755,-4.574151],[139.377371,-4.599135],[139.370697,-4.601414],[139.367605,-4.60532],[139.365245,-4.609877],[139.360932,-4.61476],[139.340994,-4.624037],[139.330577,-4.631768],[139.323253,-4.639988],[139.306082,-4.672214],[139.304454,-4.676935],[139.303722,-4.68377],[139.304617,-4.690851],[139.306407,-4.694838],[139.309174,-4.698419],[139.312104,-4.703627],[139.317312,-4.717136],[139.319591,-4.727716],[139.317393,-4.762709],[139.318777,-4.772393],[139.323416,-4.781427],[139.33253,-4.790541],[139.340587,-4.809015],[139.339366,-4.834487],[139.328705,-4.876153],[139.294037,-4.963067],[139.287852,-4.992852],[139.288097,-5.010431],[139.289806,-5.022312],[139.288015,-5.03224],[139.277599,-5.044366],[139.254893,-5.059503],[139.244314,-5.068211],[139.240001,-5.078302],[139.239838,-5.09474],[139.238373,-5.106296],[139.234386,-5.115086],[139.226329,-5.123224],[139.181407,-5.143731],[139.158702,-5.15073],[139.143321,-5.167332],[139.129242,-5.187514],[139.110362,-5.205092],[139.105968,-5.194268],[139.100515,-5.193699],[139.083018,-5.205092],[139.045828,-5.223484],[139.038015,-5.228855],[139.029552,-5.236749],[139.019054,-5.244561],[139.007823,-5.250502],[138.982514,-5.25685],[138.975678,-5.266046],[138.971934,-5.277358],[138.966319,-5.287123],[138.952078,-5.296401],[138.939545,-5.295343],[138.924327,-5.290216],[138.900808,-5.287123],[138.903901,-5.297296],[138.876964,-5.355401],[138.873546,-5.379571],[138.878917,-5.398777],[138.886648,-5.417901],[138.890636,-5.441583],[138.887625,-5.451023],[138.879893,-5.451023],[138.869884,-5.44728],[138.859874,-5.444757],[138.84905,-5.448663],[138.854015,-5.45672],[138.864268,-5.464044],[138.869558,-5.465265],[138.873057,-5.473321],[138.876475,-5.475518],[138.878184,-5.47796],[138.876964,-5.486342],[138.856456,-5.493097],[138.853445,-5.501397],[138.849701,-5.515313],[138.848643,-5.528253],[138.856293,-5.538995],[138.857026,-5.55047],[138.856456,-5.571954],[138.853038,-5.577162],[138.8449,-5.582045],[138.829112,-5.5888],[138.821218,-5.589532],[138.812755,-5.588556],[138.804698,-5.588556],[138.798106,-5.592218],[138.780854,-5.60711],[138.777354,-5.609226],[138.768647,-5.612481],[138.758718,-5.619806],[138.746023,-5.62713],[138.72934,-5.630304],[138.598725,-5.623468],[138.588878,-5.619561],[138.565684,-5.601088],[138.554779,-5.595636],[138.539073,-5.594252],[138.500499,-5.598484],[138.48642,-5.60296],[138.472667,-5.614109],[138.44752,-5.644545],[138.431814,-5.657647],[138.415945,-5.664727],[138.362885,-5.678725]]]}},{"type":"Feature","properties":{"dissolve":"546River","scalerank":7.0,"featurecla":"River","name":"Sittong","name_alt":null,"rivernum":546,"note":null,"min_zoom":6.0,"name_en":"Sittong","min_label":7.0},"bbox":[95.786876,17.457384,96.903412,20.218207],"geometry":{"type":"MultiLineString","coordinates":[[[95.786876,20.218207],[95.815847,20.198839],[95.831147,20.193061],[95.852061,20.190945],[95.871593,20.193915],[95.908376,20.205146],[95.930756,20.204617],[95.990896,20.180609],[96.009695,20.176622],[96.014903,20.174628],[96.020112,20.170111],[96.026866,20.165595],[96.037201,20.163601],[96.083018,20.163601],[96.100597,20.161689],[96.121023,20.155951],[96.141775,20.146267],[96.160737,20.132595],[96.167003,20.125352],[96.174571,20.112128],[96.181082,20.105292],[96.189871,20.100531],[96.209402,20.097276],[96.218272,20.094753],[96.240815,20.069037],[96.247081,20.029608],[96.239268,19.943915],[96.241466,19.884141],[96.239268,19.861925],[96.228038,19.839464],[96.225678,19.827826],[96.231944,19.786892],[96.247325,19.76614],[96.282725,19.731269],[96.293956,19.711127],[96.296153,19.688056],[96.292898,19.668565],[96.29184,19.649848],[96.300792,19.629218],[96.27825,19.62287],[96.283214,19.59516],[96.307628,19.536078],[96.290538,19.498847],[96.283214,19.492296],[96.279877,19.477566],[96.279552,19.461534],[96.280284,19.451687],[96.29184,19.402899],[96.302175,19.37995],[96.317882,19.358588],[96.321218,19.350531],[96.316987,19.344428],[96.310802,19.338487],[96.307628,19.330919],[96.309825,19.323513],[96.319021,19.317206],[96.325287,19.299384],[96.334972,19.288031],[96.346446,19.281928],[96.355968,19.286566],[96.411225,19.196967],[96.424327,19.163113],[96.430756,19.158555],[96.435557,19.154242],[96.437999,19.15001],[96.43629,19.143826],[96.431651,19.138617],[96.426768,19.135565],[96.424327,19.135769],[96.424327,19.115302],[96.425955,19.108995],[96.430186,19.108751],[96.434825,19.110134],[96.437999,19.108466],[96.442475,19.088568],[96.437999,19.032742],[96.451589,19.033067],[96.457449,19.014757],[96.45989,18.951768],[96.463145,18.941026],[96.469005,18.93655],[96.477794,18.932929],[96.479991,18.924628],[96.479503,18.909857],[96.498627,18.875922],[96.50058,18.856757],[96.482595,18.848334],[96.459565,18.844509],[96.449311,18.833441],[96.448171,18.815985],[96.45753,18.763251],[96.458507,18.738552],[96.45696,18.731879],[96.452566,18.720771],[96.451671,18.71369],[96.454845,18.692898],[96.46339,18.679551],[96.485769,18.656562],[96.505382,18.620876],[96.520112,18.602078],[96.558442,18.585313],[96.578136,18.565294],[96.593761,18.542548],[96.604991,18.52029],[96.607839,18.517157],[96.615896,18.51199],[96.612641,18.508734],[96.605968,18.501532],[96.602468,18.498318],[96.609304,18.488593],[96.629812,18.471015],[96.63323,18.461127],[96.637218,18.436835],[96.66684,18.375434],[96.671886,18.367621],[96.678233,18.361151],[96.673757,18.3546],[96.670665,18.346381],[96.670665,18.337917],[96.674815,18.330675],[96.684825,18.319363],[96.684581,18.313747],[96.680186,18.308905],[96.678233,18.299669],[96.681733,18.258734],[96.698822,18.196153],[96.705496,18.1824],[96.717052,18.1706],[96.726085,18.17121],[96.73406,18.175076],[96.742686,18.172716],[96.745942,18.165717],[96.739187,18.150662],[96.739024,18.141425],[96.743337,18.137641],[96.750255,18.13642],[96.756765,18.133612],[96.759532,18.125271],[96.757416,18.122626],[96.75294,18.120673],[96.74822,18.116645],[96.746511,18.107856],[96.756358,18.077175],[96.773529,18.058539],[96.780528,18.05329],[96.795014,18.056179],[96.803966,18.053982],[96.807872,18.042751],[96.808686,18.015204],[96.812592,18.004421],[96.821544,17.997992],[96.811941,17.993028],[96.807872,17.991807],[96.807872,17.984402],[96.828298,17.976386],[96.834483,17.960028],[96.835216,17.943874],[96.838634,17.936591],[96.854421,17.939236],[96.857921,17.935655],[96.86321,17.922919],[96.864268,17.914415],[96.86321,17.881944],[96.878673,17.794013],[96.887218,17.775336],[96.889903,17.765245],[96.889578,17.753933],[96.884532,17.734442],[96.883067,17.7237],[96.882253,17.720974],[96.88087,17.711453],[96.881602,17.701199],[96.886485,17.696357],[96.891612,17.693915],[96.897227,17.687812],[96.901785,17.680121],[96.903412,17.672797],[96.902192,17.656765],[96.8838,17.569525],[96.883067,17.457384]]]}},{"type":"Feature","properties":{"dissolve":"547River","scalerank":7.0,"featurecla":"River","name":"Pahang","name_alt":null,"rivernum":547,"note":null,"min_zoom":6.0,"name_en":"Pahang","min_label":7.0},"bbox":[102.317312,3.319932,103.448009,4.520616],"geometry":{"type":"MultiLineString","coordinates":[[[102.790619,4.440009],[102.7081,4.443427],[102.686534,4.447537],[102.677338,4.450792],[102.667084,4.457099],[102.658702,4.467312],[102.650401,4.480984],[102.641124,4.492947],[102.629649,4.498074],[102.607026,4.501044],[102.579845,4.512274],[102.564057,4.511746],[102.533783,4.500312],[102.516775,4.500515],[102.509532,4.515448],[102.504975,4.520616],[102.494721,4.515448],[102.47877,4.501492],[102.47519,4.4914],[102.477794,4.467556],[102.476085,4.457099],[102.468761,4.448554],[102.441173,4.429145],[102.396902,4.374376],[102.388764,4.356391],[102.379242,4.313096],[102.366954,4.19538],[102.358165,4.162869],[102.342377,4.132392],[102.331391,4.115587],[102.321381,4.108222],[102.317312,4.0963],[102.324474,4.025702],[102.332042,4.003607],[102.337494,3.993598],[102.345144,3.984158],[102.355968,3.972968],[102.361501,3.969306],[102.375662,3.970486],[102.396414,3.968085],[102.409923,3.960028],[102.417572,3.945136],[102.427013,3.850938],[102.423757,3.84516],[102.409679,3.832953],[102.406505,3.82335],[102.408702,3.817328],[102.413585,3.814805],[102.418468,3.813178],[102.420828,3.809678],[102.419851,3.802843],[102.417898,3.799994],[102.415457,3.797634],[102.413259,3.792304],[102.403087,3.772732],[102.387218,3.760037],[102.372569,3.745632],[102.366222,3.720649],[102.369151,3.703925],[102.376964,3.690497],[102.422455,3.650092],[102.428803,3.639431],[102.417003,3.63463],[102.407481,3.629259],[102.407156,3.616563],[102.413259,3.590603],[102.411143,3.586737],[102.401866,3.580837],[102.399669,3.576972],[102.402599,3.569892],[102.409434,3.565375],[102.416515,3.56212],[102.420828,3.558946],[102.428233,3.534003],[102.433116,3.499864],[102.433523,3.466335],[102.427013,3.442898],[102.429861,3.432196],[102.425548,3.388251],[102.427013,3.367133],[102.441173,3.360948],[102.441498,3.356024],[102.440115,3.344346],[102.441173,3.339871],[102.449636,3.326524],[102.455658,3.321845],[102.464854,3.319932],[102.470876,3.322089],[102.47991,3.331488],[102.485362,3.333604],[102.491628,3.332465],[102.500987,3.327338],[102.506114,3.326239],[102.515391,3.328925],[102.520437,3.336046],[102.522634,3.346015],[102.526134,3.383246],[102.535167,3.401394],[102.550222,3.415595],[102.593272,3.445502],[102.597992,3.45543],[102.596202,3.4678],[102.598237,3.490668],[102.608002,3.506659],[102.625255,3.517401],[102.645274,3.523505],[102.673106,3.525906],[102.683442,3.525214],[102.691824,3.520372],[102.695242,3.508368],[102.70045,3.500556],[102.712169,3.500271],[102.723888,3.502224],[102.72934,3.501247],[102.740326,3.50141],[102.804454,3.476996],[102.828136,3.487169],[102.84075,3.481147],[102.84962,3.469591],[102.862722,3.463324],[102.870372,3.461534],[102.875499,3.459011],[102.880951,3.459499],[102.900076,3.476996],[102.909679,3.482123],[102.920421,3.484076],[102.934662,3.484442],[102.955984,3.482449],[102.995942,3.472968],[103.012787,3.470811],[103.01767,3.468695],[103.034597,3.457831],[103.040294,3.453152],[103.050955,3.447211],[103.060069,3.451117],[103.0713,3.463324],[103.100678,3.476833],[103.118337,3.482245],[103.136729,3.484442],[103.150076,3.490017],[103.181163,3.516425],[103.194835,3.525417],[103.254649,3.543524],[103.273936,3.545925],[103.283621,3.542751],[103.302013,3.528632],[103.308116,3.525417],[103.319753,3.527533],[103.335378,3.536933],[103.345632,3.539089],[103.359386,3.534939],[103.375092,3.524278],[103.388113,3.509711],[103.393484,3.494086],[103.401866,3.490343],[103.448009,3.50495]]]}},{"type":"Feature","properties":{"dissolve":"548River","scalerank":7.0,"featurecla":"River","name":"You","name_alt":null,"rivernum":548,"note":null,"min_zoom":6.0,"name_en":"You","min_label":7.0},"bbox":[105.257335,22.844346,108.092296,24.448065],"geometry":{"type":"MultiLineString","coordinates":[[[105.257335,24.448065],[105.312429,24.418891],[105.34905,24.409695],[105.387543,24.385362],[105.408214,24.3758],[105.477061,24.372138],[105.493907,24.365587],[105.503429,24.35989],[105.524913,24.352403],[105.535085,24.344794],[105.542491,24.337836],[105.550792,24.332546],[105.560802,24.329047],[105.573253,24.32746],[105.625092,24.329779],[105.631114,24.330268],[105.636648,24.330024],[105.641205,24.328803],[105.644949,24.326606],[105.698416,24.312771],[105.722992,24.298448],[105.737315,24.295478],[105.747488,24.296942],[105.755056,24.300605],[105.780284,24.319688],[105.815359,24.337348],[105.829031,24.351833],[105.836192,24.356798],[105.845144,24.356024],[105.849132,24.352403],[105.862234,24.335232],[105.891368,24.312567],[105.896902,24.296658],[105.886322,24.255561],[105.88795,24.234687],[105.90504,24.217882],[105.958995,24.19241],[105.97047,24.183173],[105.973643,24.170681],[105.980724,24.162462],[105.987804,24.156033],[105.990896,24.148464],[105.993337,24.137478],[105.998953,24.132636],[106.005789,24.129747],[106.011485,24.124823],[106.020925,24.110867],[106.018321,24.096869],[106.014171,24.088813],[106.007904,24.08161],[106.006114,24.072618],[106.014903,24.059353],[106.035818,24.044623],[106.060313,24.031928],[106.082774,24.016913],[106.097179,23.995307],[106.097585,23.985867],[106.089692,23.970649],[106.08839,23.962673],[106.091401,23.956366],[106.096934,23.953192],[106.126475,23.944281],[106.139171,23.941962],[106.152354,23.942572],[106.1692,23.946112],[106.190115,23.945828],[106.199311,23.948065],[106.203217,23.956895],[106.20574,23.960883],[106.219005,23.971218],[106.223725,23.973985],[106.244558,23.975287],[106.262706,23.967312],[106.280365,23.956895],[106.299897,23.951199],[106.322195,23.952094],[106.348399,23.956855],[106.373546,23.965277],[106.392019,23.977118],[106.411632,23.981065],[106.437429,23.971951],[106.456554,23.955919],[106.456554,23.946112]],[[106.456554,23.946112],[106.450206,23.939276],[106.463471,23.933865],[106.504405,23.925605],[106.514089,23.91824],[106.532156,23.899237],[106.545909,23.891466],[106.559662,23.88821],[106.573009,23.888292],[106.613455,23.897528],[106.621023,23.898057],[106.627208,23.896267],[106.632335,23.889919],[106.633556,23.8817],[106.633556,23.872829],[106.634695,23.864122],[106.643972,23.834784],[106.655284,23.810858],[106.673839,23.793077],[106.704112,23.782253],[106.752452,23.775214],[106.777843,23.775173],[106.80071,23.779812],[106.816417,23.779853],[106.831472,23.758653],[106.846772,23.755439],[106.887299,23.761094],[106.90919,23.760565],[106.928152,23.754747],[106.933686,23.746649],[106.930593,23.73668],[106.924734,23.725775],[106.922293,23.714952],[106.92628,23.706081],[106.933686,23.699897],[106.942312,23.694444],[106.949474,23.687527],[106.960948,23.664578],[106.966889,23.657497],[106.989268,23.641547],[107.018647,23.626247],[107.049815,23.614814],[107.141694,23.596625],[107.193126,23.598456],[107.211192,23.596625],[107.244151,23.584337],[107.265717,23.565863],[107.283946,23.545681],[107.306895,23.528388],[107.316498,23.514228],[107.335053,23.495876],[107.357351,23.479926],[107.37794,23.47309],[107.381765,23.470038],[107.409272,23.452663],[107.411388,23.446845],[107.411632,23.432807],[107.415538,23.425971],[107.420421,23.423041],[107.431651,23.42121],[107.437266,23.418524],[107.54005,23.32449],[107.555268,23.314765],[107.561941,23.31269],[107.573009,23.311713],[107.579194,23.310248],[107.581391,23.308417],[107.585541,23.302436],[107.587901,23.300482],[107.591319,23.299994],[107.601329,23.30154],[107.620128,23.297227],[107.6303,23.289089],[107.635265,23.27615],[107.643158,23.229682],[107.64796,23.21955],[107.65919,23.209337],[107.698009,23.182929],[107.704112,23.175157],[107.713308,23.166693],[107.755382,23.153876],[107.768077,23.146552],[107.769054,23.133328],[107.764171,23.120714],[107.763438,23.111274],[107.776866,23.107489],[107.783946,23.108222],[107.790294,23.109687],[107.796397,23.110297],[107.803396,23.108832],[107.810557,23.10456],[107.816742,23.098456],[107.826264,23.08454],[107.827729,23.088568],[107.830333,23.083279],[107.854096,23.065538],[107.85963,23.059109],[107.868663,23.044542],[107.87379,23.038642],[107.880626,23.034491],[107.886322,23.034369],[107.899425,23.04088],[107.940847,23.054389],[107.946869,23.057563],[107.958588,23.065497],[107.964854,23.068305],[107.976166,23.070095],[107.981537,23.066921],[107.981619,23.059678],[107.977306,23.049262],[107.960541,23.020087],[107.956472,23.00434],[107.961436,22.990505],[107.973155,22.98253],[108.026866,22.964179],[108.03419,22.96369],[108.040294,22.961737],[108.045665,22.955105],[108.046804,22.949042],[108.045014,22.935655],[108.045095,22.929307],[108.046397,22.924872],[108.056651,22.904568],[108.058197,22.898546],[108.057058,22.892605],[108.052175,22.884223],[108.049734,22.88227],[108.043549,22.880439],[108.04184,22.878038],[108.042084,22.872178],[108.045095,22.867255],[108.060557,22.854804],[108.0678,22.850898],[108.083263,22.845282],[108.092296,22.844346]],[[106.456554,23.939276],[106.456554,23.946112]]]}},{"type":"Feature","properties":{"dissolve":"549River","scalerank":7.0,"featurecla":"River","name":"Mahi","name_alt":null,"rivernum":549,"note":null,"min_zoom":6.0,"name_en":"Mahi","min_label":7.0},"bbox":[72.907319,22.261501,75.016694,23.914496],"geometry":{"type":"MultiLineString","coordinates":[[[72.907319,22.278632],[72.918224,22.296332],[72.939708,22.286404],[72.965343,22.268175],[72.989024,22.261501],[73.005463,22.270697],[73.024669,22.287665],[73.039806,22.307237],[73.045421,22.324286],[73.045014,22.34573],[73.052745,22.388048],[73.089773,22.49079],[73.104584,22.510199],[73.118907,22.521796],[73.128429,22.531846],[73.136322,22.542914],[73.156179,22.582139],[73.164073,22.591335],[73.205007,22.61461],[73.228445,22.636786],[73.244884,22.663275],[73.251475,22.691677],[73.24464,22.735704],[73.243663,22.759101],[73.252045,22.778022],[73.269623,22.787055],[73.313406,22.788764],[73.33253,22.794989],[73.35906,22.81627],[73.370535,22.829901],[73.376882,22.845079],[73.376475,22.856065],[73.368744,22.875556],[73.367605,22.885525],[73.37379,22.906114],[73.385671,22.920681],[73.416921,22.947821],[73.430431,22.970771],[73.427826,22.987372],[73.422537,23.003445],[73.427826,23.024766],[73.435802,23.033149],[73.444835,23.03559],[73.454682,23.036241],[73.464692,23.039089],[73.516694,23.079372],[73.536388,23.098822],[73.57545,23.181342],[73.593761,23.196641],[73.634207,23.203437],[73.654552,23.213731],[73.66212,23.223578],[73.673106,23.246609],[73.682546,23.25613],[73.691824,23.260281],[73.739024,23.266303],[73.77532,23.265204],[73.79241,23.268256],[73.810313,23.280829],[73.832123,23.31623],[73.851166,23.329698],[73.871349,23.332628],[73.892589,23.331855],[73.913178,23.334744],[73.931244,23.348456],[73.990001,23.414496],[73.998464,23.428738],[73.999766,23.439399],[73.998627,23.449815],[74.000011,23.463162],[74.009939,23.491238],[74.056163,23.567816],[74.073253,23.588935],[74.089854,23.60338],[74.104096,23.619005],[74.114675,23.643663],[74.117931,23.668036],[74.115245,23.712104],[74.116628,23.733954],[74.136811,23.773953],[74.173269,23.793647],[74.216238,23.806016],[74.256602,23.82392],[74.318289,23.869656],[74.35198,23.888861],[74.453136,23.914496],[74.470876,23.913357],[74.475515,23.908149],[74.490733,23.881415],[74.496511,23.878689],[74.510916,23.877753],[74.516531,23.874294],[74.518972,23.866482],[74.516531,23.850531],[74.51767,23.843777],[74.539561,23.815497],[74.547944,23.800727],[74.552013,23.780056],[74.549734,23.756619],[74.542491,23.738145],[74.524913,23.704535],[74.5206,23.681464],[74.519054,23.657904],[74.52003,23.640408],[74.523692,23.634955],[74.529552,23.63227],[74.537201,23.62287],[74.541515,23.61286],[74.546967,23.587755],[74.548106,23.574815],[74.545421,23.561876],[74.530528,23.548122],[74.526541,23.53852],[74.531179,23.522406],[74.568126,23.476752],[74.605479,23.40766],[74.61964,23.393256],[74.654552,23.370307],[74.698253,23.348578],[74.707612,23.342149],[74.712332,23.335883],[74.712901,23.329372],[74.712576,23.323269],[74.714773,23.318061],[74.72047,23.314317],[74.736827,23.306667],[74.745535,23.299831],[74.751964,23.296332],[74.755626,23.29206],[74.75172,23.28616],[74.742768,23.281195],[74.738048,23.277899],[74.73642,23.274482],[74.739675,23.264472],[74.744884,23.255439],[74.758393,23.238105],[74.762625,23.235867],[74.774099,23.234239],[74.777273,23.232489],[74.778738,23.224962],[74.775808,23.211493],[74.775971,23.204291],[74.780528,23.17536],[74.785085,23.160997],[74.794526,23.147406],[74.812266,23.134589],[74.828298,23.131415],[74.868582,23.132107],[74.8838,23.134223],[74.908702,23.148749],[74.922781,23.152289],[74.932221,23.150946],[74.954194,23.144355],[74.964936,23.142361],[75.005382,23.102362],[75.016694,23.016791],[75.008311,22.924099],[74.989268,22.86282],[74.966563,22.832465],[74.959727,22.81684],[74.958507,22.795356],[74.973399,22.729804]]]}},{"type":"Feature","properties":{"dissolve":"54River","scalerank":3.0,"featurecla":"River","name":"Murray","name_alt":null,"rivernum":54,"note":null,"min_zoom":3.0,"name_en":"Murray","min_label":4.0},"bbox":[139.260509,-35.376886,141.92628,-33.986505],"geometry":{"type":"MultiLineString","coordinates":[[[141.92628,-34.116876],[141.904877,-34.126642],[141.887136,-34.130548],[141.84075,-34.130548],[141.816742,-34.126316],[141.770437,-34.107436],[141.748139,-34.103204],[141.70574,-34.11004],[141.665538,-34.126967],[141.630626,-34.149102],[141.60434,-34.170831],[141.581147,-34.202],[141.567556,-34.213881],[141.545909,-34.218683],[141.537039,-34.215834],[141.529307,-34.208673],[141.523855,-34.198744],[141.518565,-34.176609],[141.510509,-34.172214],[141.458995,-34.169285],[141.445893,-34.163995],[141.414968,-34.145847],[141.408702,-34.140802],[141.391612,-34.133722],[141.368337,-34.137384],[141.345632,-34.143731],[141.330577,-34.144871],[141.321381,-34.136244],[141.309174,-34.114272],[141.299408,-34.11004],[141.285492,-34.105808],[141.274506,-34.096368],[141.265554,-34.086928],[141.25823,-34.082696],[141.252452,-34.081394],[141.241466,-34.076104],[141.234304,-34.075209],[141.227957,-34.077569],[141.213878,-34.086928],[141.206472,-34.089532],[141.189871,-34.089288],[141.180919,-34.084405],[141.172781,-34.077081],[141.158621,-34.069024],[141.1338,-34.063979],[141.045339,-34.062188],[141.023855,-34.051283],[140.986908,-34.000909],[140.966807,-33.986505],[140.941824,-33.98919],[140.924734,-34.003757],[140.910655,-34.019871],[140.894786,-34.02752],[140.872813,-34.032647],[140.859793,-34.044448],[140.847992,-34.058282],[140.8296,-34.069024],[140.818126,-34.070326],[140.793468,-34.068048],[140.78183,-34.069024],[140.772878,-34.072931],[140.760346,-34.079929],[140.752859,-34.086602],[140.758311,-34.089532],[140.76116,-34.092299],[140.777843,-34.104506],[140.78183,-34.106622],[140.784679,-34.112481],[140.790131,-34.117608],[140.794363,-34.12241],[140.792654,-34.127374],[140.78183,-34.150323],[140.773204,-34.19378],[140.765636,-34.211765],[140.726573,-34.255873],[140.713145,-34.261651],[140.692963,-34.260186],[140.679454,-34.254815],[140.672944,-34.250421],[140.666433,-34.250828],[140.652192,-34.260186],[140.647227,-34.267511],[140.644216,-34.276788],[140.639252,-34.284845],[140.616628,-34.290704],[140.609304,-34.29754],[140.605479,-34.307306],[140.60434,-34.318536],[140.599294,-34.329278],[140.587983,-34.334649],[140.576182,-34.338311],[140.569591,-34.342706],[140.5678,-34.346694],[140.566905,-34.347182],[140.565684,-34.347101],[140.562673,-34.348972],[140.592703,-34.366143],[140.596772,-34.373468],[140.594656,-34.384698],[140.5831,-34.407892],[140.584239,-34.427748],[140.583018,-34.443211],[140.573416,-34.452],[140.549083,-34.452569],[140.527761,-34.44671],[140.518647,-34.436456],[140.513682,-34.423272],[140.503998,-34.407892],[140.487315,-34.391941],[140.474213,-34.38657],[140.459972,-34.389337],[140.439138,-34.397963],[140.424083,-34.388198],[140.411713,-34.374933],[140.401866,-34.359226],[140.394216,-34.341485],[140.385753,-34.303888],[140.385753,-34.246596],[140.384532,-34.239109],[140.380951,-34.231622],[140.376475,-34.226902],[140.372651,-34.220636],[140.368744,-34.200372],[140.363292,-34.193862],[140.33196,-34.172377],[140.323009,-34.173842],[140.314708,-34.180027],[140.301362,-34.184503],[140.229991,-34.17905],[140.219493,-34.174493],[140.2081,-34.159356],[140.182628,-34.16131],[140.137543,-34.178237],[140.11321,-34.190606],[140.103445,-34.191908],[140.08839,-34.188816],[140.063975,-34.174249],[140.044526,-34.168878],[140.037527,-34.165948],[140.029226,-34.166436],[140.006114,-34.182631],[139.995942,-34.183933],[139.938894,-34.170831],[139.931733,-34.162937],[139.926524,-34.151381],[139.928396,-34.141127],[139.942312,-34.136733],[139.960053,-34.127455],[139.963634,-34.107843],[139.954031,-34.088881],[139.932058,-34.082696],[139.898041,-34.104343],[139.87851,-34.107599],[139.870046,-34.086114],[139.867931,-34.077651],[139.857595,-34.052179],[139.853282,-34.044854],[139.838634,-34.038263],[139.827891,-34.045261],[139.81544,-34.062188],[139.801768,-34.059991],[139.796967,-34.05405],[139.794444,-34.046808],[139.788097,-34.04103],[139.776785,-34.039402],[139.751231,-34.040053],[139.743337,-34.038018],[139.722667,-34.026218],[139.700206,-34.022638],[139.681244,-34.031101],[139.671967,-34.054701],[139.680675,-34.097833],[139.680919,-34.124688],[139.668549,-34.136733],[139.665945,-34.147638],[139.63795,-34.212416],[139.636485,-34.234552],[139.644786,-34.291192],[139.641531,-34.301935],[139.634532,-34.308119],[139.627371,-34.312921],[139.624278,-34.318536],[139.624278,-34.356459],[139.611746,-34.42075],[139.607188,-34.431573],[139.608897,-34.442804],[139.588145,-34.491143],[139.582612,-34.500421],[139.583344,-34.513849],[139.58782,-34.521417],[139.593191,-34.527032],[139.596934,-34.534601],[139.597667,-34.535007],[139.60377,-34.548272],[139.603038,-34.555597],[139.592703,-34.566339],[139.590017,-34.573093],[139.593435,-34.589858],[139.610037,-34.634129],[139.61671,-34.644464],[139.62794,-34.646824],[139.646983,-34.642022],[139.657725,-34.644464],[139.667003,-34.650567],[139.668793,-34.65545],[139.66684,-34.66253],[139.665131,-34.675144],[139.656179,-34.692397],[139.634776,-34.700372],[139.590017,-34.706476],[139.570404,-34.717787],[139.551687,-34.736261],[139.54599,-34.753595],[139.578136,-34.764662],[139.574229,-34.7728],[139.559093,-34.784356],[139.550955,-34.795424],[139.54892,-34.804864],[139.550955,-34.813409],[139.555919,-34.821954],[139.568451,-34.831231],[139.615896,-34.852472],[139.634207,-34.856622],[139.64088,-34.862156],[139.643158,-34.873875],[139.64088,-34.885431],[139.634207,-34.890802],[139.621511,-34.893976],[139.611095,-34.900811],[139.602794,-34.907892],[139.596934,-34.91131],[139.582612,-34.910333],[139.575125,-34.904718],[139.569835,-34.897393],[139.562104,-34.890802],[139.54835,-34.884291],[139.54184,-34.882664],[139.524343,-34.883966],[139.505463,-34.879327],[139.470225,-34.859714],[139.445974,-34.856622],[139.38616,-34.875502],[139.375987,-34.880548],[139.371186,-34.886082],[139.360606,-34.891615],[139.348237,-34.895929],[139.339366,-34.897638],[139.331391,-34.901869],[139.325694,-34.911961],[139.320811,-34.923354],[139.315115,-34.931817],[139.260509,-34.965834],[139.268891,-34.978041],[139.278331,-34.978448],[139.28948,-34.974298],[139.302175,-34.973484],[139.314871,-34.977472],[139.327891,-34.984226],[139.338308,-34.993097],[139.342377,-35.004083],[139.349539,-35.010268],[139.36378,-35.017022],[139.375173,-35.025811],[139.373057,-35.038263],[139.364187,-35.048761],[139.354096,-35.057143],[139.342377,-35.060398],[139.328705,-35.055352],[139.302175,-35.094089],[139.292979,-35.115086],[139.29835,-35.1242],[139.316824,-35.131362],[139.325125,-35.148289],[139.324229,-35.168634],[139.315115,-35.185561],[139.351573,-35.202],[139.399343,-35.217218],[139.440847,-35.23797],[139.458507,-35.27101],[139.451589,-35.290053],[139.434988,-35.295912],[139.414806,-35.298761],[139.397634,-35.308608],[139.393484,-35.318373],[139.393321,-35.340509],[139.390717,-35.350112],[139.384532,-35.358412],[139.362885,-35.376886]]]}},{"type":"Feature","properties":{"dissolve":"550River","scalerank":7.0,"featurecla":"River","name":"Tapi","name_alt":null,"rivernum":550,"note":null,"min_zoom":6.0,"name_en":"Tapi","min_label":7.0},"bbox":[72.728608,21.058661,78.130789,21.821397],"geometry":{"type":"MultiLineString","coordinates":[[[78.130789,21.700792],[78.027843,21.681952],[77.997081,21.68419],[77.951915,21.715888],[77.924327,21.725124],[77.839366,21.724555],[77.811127,21.727647],[77.807546,21.733425],[77.808442,21.760199],[77.807221,21.773301],[77.778412,21.811103],[77.728933,21.821397],[77.395274,21.807725],[77.368663,21.805772],[77.312266,21.808132],[77.296397,21.804796],[77.302013,21.787421],[77.285737,21.777452],[77.239513,21.763454],[77.227794,21.754503],[77.2199,21.747016],[77.211029,21.74018],[77.196869,21.733669],[77.177664,21.729071],[77.115489,21.724066],[77.069347,21.712348],[77.028819,21.693671],[76.91741,21.618191],[76.899669,21.612738],[76.843679,21.613389],[76.813975,21.600165],[76.793712,21.577094],[76.788259,21.546739],[76.771088,21.512722],[76.726003,21.479519],[76.67335,21.453233],[76.634288,21.440131],[76.606863,21.438992],[76.527843,21.453233],[76.492605,21.45128],[76.388276,21.422187],[76.343435,21.399848],[76.234955,21.297553],[76.173757,21.258857],[76.16212,21.248236],[76.143565,21.224392],[76.099701,21.188015],[76.072276,21.171169],[76.067149,21.160834],[76.064952,21.150255],[76.057384,21.139838],[76.000418,21.102403],[75.935802,21.075751],[75.867686,21.060858],[75.799571,21.058661],[75.771495,21.062934],[75.718191,21.082058],[75.692475,21.09455],[75.664561,21.104438],[75.578054,21.117458],[75.440196,21.17003],[75.387706,21.172797],[75.370372,21.170111],[75.31544,21.150336],[75.303152,21.148261],[75.239838,21.149766],[75.225352,21.153347],[75.209076,21.159369],[75.187918,21.174343],[75.177013,21.178778],[75.121593,21.166327],[75.066661,21.170844],[75.014089,21.186306],[74.971772,21.215847],[74.955577,21.220282],[74.948985,21.2237],[74.941661,21.232042],[74.932546,21.245632],[74.923839,21.25377],[74.902599,21.264024],[74.851003,21.273871],[74.827891,21.280951],[74.807221,21.297919],[74.783702,21.34162],[74.762218,21.36046],[74.704112,21.382025],[74.694916,21.388536],[74.688975,21.394843],[74.681244,21.399766],[74.404877,21.444119],[74.383718,21.455512],[74.360281,21.475694],[74.331391,21.506863],[74.313894,21.517157],[74.291921,21.517401],[74.260183,21.511501],[74.226573,21.509548],[74.192882,21.511176],[74.160411,21.516221],[74.134044,21.515937],[73.94101,21.473741],[73.906505,21.461982],[73.884532,21.451687],[73.864757,21.439399],[73.847667,21.424831],[73.806407,21.369818],[73.790131,21.356635],[73.727468,21.324774],[73.713145,21.310655],[73.703624,21.289252],[73.7046,21.280341],[73.708588,21.272325],[73.71046,21.264106],[73.704194,21.254706],[73.691905,21.247382],[73.679454,21.245469],[73.62672,21.249213],[73.524343,21.271796],[73.388438,21.280382],[73.36378,21.279079],[73.341563,21.272406],[73.331472,21.265448],[73.324474,21.257839],[73.316173,21.250922],[73.302175,21.245917],[73.286143,21.244656],[73.252533,21.245917],[73.235362,21.243354],[73.197683,21.228135],[73.183197,21.227322],[73.163503,21.23017],[73.147065,21.234931],[73.132823,21.243842],[73.106049,21.273627],[73.089773,21.285427],[73.071056,21.293769],[73.010671,21.307074],[72.998139,21.308132],[72.981863,21.305284],[72.97169,21.299831],[72.962332,21.29324],[72.92685,21.276964],[72.877452,21.229315],[72.857432,21.227891],[72.819835,21.2508],[72.801768,21.244656],[72.798757,21.230536],[72.812022,21.202094],[72.805186,21.190863],[72.751394,21.155707],[72.728608,21.148057]]]}},{"type":"Feature","properties":{"dissolve":"551River","scalerank":7.0,"featurecla":"River","name":"Sankh","name_alt":null,"rivernum":551,"note":null,"min_zoom":6.0,"name_en":"Sankh","min_label":7.0},"bbox":[83.903412,22.265204,84.668061,23.198065],"geometry":{"type":"MultiLineString","coordinates":[[[83.903412,23.198065],[83.943858,23.178331],[83.963145,23.141913],[83.987722,23.05626],[84.021088,23.021186],[84.073009,22.994493],[84.129324,22.984565],[84.176036,22.999579],[84.188731,23.02851],[84.201182,23.074774],[84.217296,23.11282],[84.241466,23.116767],[84.253835,23.104071],[84.273692,23.072089],[84.284923,23.057888],[84.381114,22.979844],[84.391368,22.967597],[84.398204,22.95364],[84.400076,22.935858],[84.396251,22.922187],[84.390391,22.908881],[84.386485,22.892198],[84.388438,22.818223],[84.419932,22.686347],[84.422862,22.656114],[84.41448,22.627387],[84.393565,22.606269],[84.339936,22.578315],[84.31894,22.556464],[84.309093,22.498725],[84.339936,22.453925],[84.440033,22.392605],[84.511974,22.325385],[84.537364,22.315009],[84.582937,22.320095],[84.607921,22.317939],[84.622081,22.314399],[84.634044,22.306952],[84.653575,22.288642],[84.668061,22.265204]]]}},{"type":"Feature","properties":{"dissolve":"552River","scalerank":7.0,"featurecla":"River","name":"Bei","name_alt":null,"rivernum":552,"note":null,"min_zoom":6.0,"name_en":"Bei","min_label":7.0},"bbox":[112.528819,23.152859,113.580577,25.367133],"geometry":{"type":"MultiLineString","coordinates":[[[112.528819,25.317247],[112.577729,25.322048],[112.673432,25.358832],[112.721609,25.367133],[112.733165,25.364814],[112.755382,25.354356],[112.766775,25.350938],[112.790457,25.348171],[112.798839,25.344916],[112.837332,25.320258],[112.869721,25.306098],[113.016775,25.281562],[113.051768,25.259548],[113.115815,25.234076],[113.150645,25.225124],[113.182709,25.222602],[113.202078,25.23017],[113.234955,25.256863],[113.254893,25.258409],[113.273448,25.246039],[113.28297,25.226182],[113.29241,25.162218],[113.296479,25.153998],[113.316905,25.137071],[113.330333,25.121772],[113.356456,25.075385],[113.366954,25.062567],[113.378184,25.052273],[113.404307,25.038113],[113.414236,25.030056],[113.42099,25.015408],[113.423269,24.996446],[113.422862,24.981024],[113.426362,24.966661],[113.440115,24.950751],[113.44752,24.94599],[113.461436,24.940985],[113.467865,24.937567],[113.491222,24.914618],[113.519542,24.899726],[113.531749,24.891466],[113.54184,24.877875],[113.545909,24.865505],[113.554617,24.825263],[113.559255,24.817328],[113.564138,24.811632],[113.568614,24.805121],[113.5713,24.794867],[113.57073,24.772895],[113.563975,24.751817],[113.550955,24.736436],[113.518077,24.727891],[113.516205,24.71662],[113.521414,24.691026],[113.520112,24.661933],[113.523367,24.631619],[113.53419,24.604031],[113.555756,24.583197],[113.580577,24.543402],[113.56129,24.494981],[113.497325,24.412462],[113.474294,24.370551],[113.461518,24.352729],[113.41448,24.30036],[113.406749,24.280219],[113.413666,24.260769],[113.42213,24.257148],[113.444021,24.256903],[113.451671,24.252631],[113.451671,24.238552],[113.399669,24.113593],[113.387543,24.092963],[113.357432,24.067979],[113.322032,24.053168],[113.292003,24.033026],[113.277354,23.992133],[113.281749,23.947089],[113.280528,23.93183],[113.274913,23.914903],[113.249766,23.868598],[113.247162,23.854071],[113.246755,23.822943],[113.244151,23.807969],[113.228119,23.77265],[113.203298,23.736599],[113.170909,23.711778],[113.119721,23.71129],[113.11142,23.705634],[113.10434,23.697618],[113.094819,23.691759],[113.084076,23.689236],[113.076101,23.688788],[113.035655,23.694159],[113.017182,23.69363],[113.00058,23.687201],[112.984793,23.672227],[112.973888,23.647732],[112.976329,23.625515],[112.982432,23.602729],[112.981619,23.576687],[112.970714,23.549425],[112.953705,23.524237],[112.895437,23.457831],[112.889252,23.439399],[112.887136,23.390204],[112.875011,23.339382],[112.865164,23.314073],[112.810557,23.226345],[112.803966,23.192735],[112.819347,23.152859]]]}},{"type":"Feature","properties":{"dissolve":"55River","scalerank":3.0,"featurecla":"River","name":"Ganges","name_alt":null,"rivernum":55,"note":null,"min_zoom":3.0,"name_en":"Ganges","min_label":4.0},"bbox":[77.990489,21.972276,90.394216,30.888495],"geometry":{"type":"MultiLineString","coordinates":[[[79.84075,30.888495],[79.820323,30.856757],[79.813731,30.840155],[79.813487,30.819607],[79.818451,30.802924],[79.83489,30.768907],[79.84075,30.750678],[79.840261,30.744696],[79.837901,30.740017],[79.836925,30.733954],[79.84075,30.723985],[79.849213,30.714626],[79.868907,30.700751],[79.874929,30.689236],[79.856537,30.684882],[79.847097,30.675564],[79.833914,30.648261],[79.824799,30.637234],[79.807384,30.626654],[79.796397,30.61754],[79.779307,30.595486],[79.753835,30.546576],[79.738292,30.524115],[79.715343,30.508165],[79.684988,30.500108],[79.654714,30.501654],[79.631602,30.514512],[79.593272,30.550645],[79.568777,30.56684],[79.545909,30.573188],[79.522553,30.563992],[79.436046,30.482367],[79.409434,30.439073],[79.388927,30.42239],[79.340831,30.409939],[79.3213,30.398057],[79.31308,30.372097],[79.31308,30.371161],[79.306733,30.345974],[79.290701,30.323188],[79.268891,30.30447],[79.218761,30.2803],[79.205089,30.277167],[79.189545,30.277696],[79.177989,30.282172],[79.170665,30.288926],[79.165701,30.295356],[79.162364,30.298855],[79.136974,30.304307],[79.020274,30.307685],[79.000662,30.306016],[78.903819,30.267849],[78.878347,30.264716],[78.858653,30.25906],[78.803152,30.235907],[78.789073,30.233344],[78.779714,30.238105],[78.770763,30.236355],[78.762462,30.232245],[78.754812,30.229926],[78.741954,30.232489],[78.70989,30.242784],[78.696218,30.244208],[78.687104,30.240017],[78.642589,30.204454],[78.594249,30.145209],[78.582612,30.122138],[78.578868,30.097602],[78.586355,30.072862],[78.537201,30.077338],[78.528575,30.076361],[78.517345,30.073188],[78.46339,30.072862],[78.453054,30.07571],[78.441905,30.081488],[78.433035,30.090603],[78.42213,30.122138],[78.40504,30.132351],[78.384532,30.133897],[78.367198,30.126899],[78.357921,30.13349],[78.34547,30.139106],[78.332123,30.142035],[78.320079,30.14057],[78.285818,30.096503],[78.28004,30.071601],[78.265717,30.054063],[78.230724,30.024482],[78.164073,29.949897],[78.154877,29.925482],[78.156342,29.89997],[78.160737,29.877224],[78.19044,29.79267],[78.197846,29.748236],[78.189057,29.706732],[78.154877,29.675076],[78.107188,29.654568],[78.094737,29.646511],[78.090017,29.642442],[78.084483,29.641059],[78.069347,29.640937],[78.042084,29.634874],[78.018891,29.619208],[78.000987,29.597032],[77.990489,29.572048],[77.991791,29.531073],[78.011241,29.497667],[78.035655,29.467231],[78.052419,29.434841],[78.053722,29.419867],[78.050304,29.389268],[78.052419,29.373969],[78.062104,29.363796],[78.075206,29.35574],[78.082042,29.344672],[78.072358,29.325629],[78.103526,29.27851],[78.117198,29.25141],[78.117686,29.2331],[78.113536,29.222683],[78.115001,29.211859],[78.118744,29.201483],[78.120942,29.192165],[78.115245,29.179755],[78.088471,29.153144],[78.079845,29.140652],[78.076101,29.058051],[78.079519,29.046942],[78.072032,28.991319],[78.072358,28.969306],[78.0949,28.935981],[78.105968,28.913642],[78.10377,28.897325],[78.096202,28.88703],[78.095795,28.877631],[78.098562,28.867865],[78.100352,28.856309],[78.099132,28.851386],[78.094005,28.841986],[78.092784,28.835883],[78.095876,28.828477],[78.103038,28.824164],[78.110362,28.821316],[78.114675,28.818468],[78.118663,28.814317],[78.123057,28.813422],[78.12672,28.811632],[78.128347,28.804796],[78.126964,28.799913],[78.121593,28.788031],[78.120942,28.784369],[78.12379,28.778144],[78.13144,28.770046],[78.134532,28.763861],[78.140229,28.74787],[78.146495,28.738349],[78.165701,28.719184],[78.182709,28.692898],[78.183604,28.67182],[78.177989,28.649848],[78.176036,28.620469],[78.195323,28.570258],[78.264659,28.488796],[78.279063,28.441718],[78.27239,28.43476],[78.267507,28.428168],[78.26474,28.421251],[78.2671,28.419989],[78.271983,28.414984],[78.276866,28.407986],[78.279063,28.400743],[78.275401,28.390448],[78.268321,28.381049],[78.263927,28.372016],[78.268565,28.36286],[78.275483,28.355007],[78.280935,28.344794],[78.284597,28.333441],[78.285818,28.322292],[78.290131,28.306952],[78.300792,28.296169],[78.326752,28.277208],[78.345225,28.251776],[78.353526,28.243109],[78.37379,28.229804],[78.382742,28.221991],[78.406261,28.186103],[78.441417,28.150662],[78.456065,28.12641],[78.46339,28.105902],[78.477061,28.092882],[78.543956,28.045193],[78.556651,28.03974],[78.569591,28.037665],[78.584727,28.032782],[78.595307,28.021186],[78.604096,28.007514],[78.614268,27.996039],[78.62558,27.989936],[78.669526,27.975613],[78.711681,27.96894],[78.720714,27.965033],[78.73878,27.952012],[78.759939,27.945583],[78.806082,27.941474],[78.877045,27.922187],[78.895112,27.913153],[78.939464,27.882839],[78.945893,27.872585],[78.950694,27.848904],[78.956716,27.838446],[78.981212,27.827012],[79.032807,27.83161],[79.055919,27.821357],[79.076264,27.815619],[79.130056,27.827501],[79.155528,27.817939],[79.161388,27.810411],[79.163992,27.802843],[79.165701,27.794257],[79.1692,27.7838],[79.192963,27.735704],[79.195567,27.723985],[79.195567,27.711046],[79.197032,27.699327],[79.203624,27.691352],[79.265391,27.6671],[79.298269,27.649685],[79.33196,27.636827],[79.368582,27.634101],[79.409923,27.646593],[79.443289,27.60696],[79.464692,27.586534],[79.480724,27.577704],[79.493175,27.573432],[79.515717,27.554714],[79.528575,27.550401],[79.546479,27.548163],[79.554779,27.541531],[79.557872,27.530829],[79.561697,27.486884],[79.566417,27.475369],[79.576182,27.46308],[79.598562,27.448594],[79.611095,27.437812],[79.622488,27.417507],[79.626231,27.394843],[79.628429,27.351833],[79.631602,27.340888],[79.636241,27.330512],[79.648936,27.311469],[79.684255,27.276475],[79.689952,27.266425],[79.697765,27.241523],[79.716726,27.225043],[79.765636,27.201606],[79.819021,27.156928],[79.837983,27.145209],[79.850841,27.141059],[79.857595,27.139919],[79.864838,27.139512],[79.91155,27.148383],[79.930186,27.143744],[79.950613,27.119005],[79.990245,27.049628],[80.008311,27.026882],[80.012462,27.017117],[80.010753,27.006415],[80.007253,26.995673],[80.005056,26.985622],[80.009369,26.97073],[80.019949,26.957221],[80.089854,26.896918],[80.107839,26.873725],[80.115001,26.848456],[80.117686,26.8039],[80.121674,26.781358],[80.128184,26.762152],[80.141612,26.742377],[80.162608,26.722602],[80.186127,26.707384],[80.231212,26.69599],[80.245128,26.681952],[80.253184,26.662136],[80.262136,26.62991],[80.290538,26.570095],[80.296886,26.548692],[80.305756,26.541287],[80.317882,26.53738],[80.330658,26.5362],[80.336355,26.530137],[80.343272,26.500067],[80.347748,26.488389],[80.403331,26.441596],[80.414806,26.436225],[80.42628,26.432318],[80.509939,26.381049],[80.525971,26.364936],[80.532725,26.348944],[80.553315,26.262966],[80.553803,26.25198],[80.558849,26.238227],[80.570567,26.232611],[80.584402,26.229071],[80.5949,26.221503],[80.59962,26.210517],[80.599132,26.202216],[80.596446,26.194119],[80.5949,26.183661],[80.597667,26.174587],[80.604584,26.169053],[80.622162,26.160102],[80.673106,26.114814],[80.69044,26.104844],[80.700694,26.103827],[80.718761,26.10989],[80.728282,26.11164],[80.742931,26.110175],[80.750011,26.106024],[80.755626,26.099555],[80.765554,26.091173],[80.788585,26.080634],[80.796886,26.07335],[80.800304,26.060411],[80.797944,26.049099],[80.795095,26.040351],[80.798432,26.034044],[80.813975,26.029731],[80.832449,26.047919],[80.853445,26.058173],[80.877859,26.062812],[80.906342,26.06391],[80.925792,26.066596],[80.961925,26.076972],[80.985281,26.076931],[81.010753,26.071357],[81.032807,26.060981],[81.04835,26.044053],[81.05421,26.018866],[81.065196,26.000312],[81.090424,25.984076],[81.117931,25.972276],[81.135509,25.967068],[81.163178,25.962958],[81.187266,25.955268],[81.204112,25.939276],[81.213878,25.882839],[81.224539,25.868516],[81.243744,25.860378],[81.294444,25.84516],[81.302013,25.840766],[81.358653,25.78616],[81.366791,25.780829],[81.384044,25.777167],[81.392833,25.772162],[81.402761,25.758897],[81.400483,25.749538],[81.392019,25.740424],[81.382498,25.728095],[81.37672,25.704291],[81.382823,25.682074],[81.399994,25.665595],[81.44101,25.654893],[81.464122,25.636094],[81.47877,25.631903],[81.51295,25.631171],[81.515147,25.62873],[81.515636,25.624538],[81.526134,25.60932],[81.530935,25.599718],[81.538992,25.591091],[81.553803,25.584662],[81.566173,25.584011],[81.598888,25.590888],[81.630056,25.586534],[81.639252,25.574246],[81.642833,25.554796],[81.657481,25.529486],[81.663666,25.524482],[81.676768,25.519843],[81.684093,25.515815],[81.704682,25.494696],[81.716889,25.493598],[81.745128,25.495795],[81.75587,25.491278],[81.778331,25.477973],[81.798757,25.480658],[81.841807,25.502143],[81.885753,25.512885],[81.90797,25.511664],[81.917491,25.498399],[81.913097,25.477118],[81.904552,25.45836],[81.898936,25.438341],[81.90325,25.412787],[81.918956,25.376288],[81.937511,25.344509],[81.95045,25.333767],[81.9699,25.32449],[81.991303,25.320909],[82.009369,25.327094],[82.025483,25.335273],[82.042979,25.335557],[82.060069,25.329047],[82.075206,25.316596],[82.082286,25.300808],[82.08253,25.287706],[82.08839,25.278876],[82.112397,25.27558],[82.129161,25.282009],[82.159272,25.310167],[82.181407,25.316596],[82.191661,25.314724],[82.204194,25.309638],[82.214773,25.302069],[82.219249,25.29267],[82.217459,25.280382],[82.213878,25.272284],[82.208995,25.264919],[82.205007,25.255154],[82.196218,25.218817],[82.196218,25.202826],[82.201752,25.189968],[82.216401,25.183702],[82.236501,25.185736],[82.273204,25.193671],[82.264415,25.203559],[82.239024,25.213243],[82.225352,25.220323],[82.243744,25.239936],[82.253917,25.257676],[82.266124,25.270616],[82.290619,25.27558],[82.312429,25.263129],[82.327647,25.215115],[82.348888,25.214179],[82.360362,25.224921],[82.372325,25.253201],[82.383067,25.26199],[82.397227,25.26081],[82.414073,25.252631],[82.430186,25.241482],[82.441417,25.231228],[82.47698,25.186143],[82.496755,25.169867],[82.527192,25.159491],[82.551036,25.157823],[82.578217,25.1612],[82.592784,25.173163],[82.567556,25.2178],[82.585948,25.225043],[82.615245,25.224189],[82.636974,25.220323],[82.684825,25.193671],[82.730072,25.155951],[82.778575,25.124945],[82.835541,25.118598],[82.871023,25.137234],[82.920421,25.194607],[82.961925,25.206732],[82.995942,25.204942],[83.008311,25.21072],[83.019949,25.22781],[83.025076,25.246161],[83.023367,25.262397],[83.016531,25.276679],[83.006277,25.289252],[83.041515,25.323065],[83.134939,25.326443],[83.171397,25.351345],[83.179779,25.378852],[83.177826,25.410264],[83.163097,25.436143],[83.1338,25.446885],[83.123057,25.452216],[83.130463,25.464138],[83.153901,25.484442],[83.161632,25.49494],[83.174327,25.519477],[83.185639,25.529486],[83.212576,25.535224],[83.23349,25.524726],[83.253347,25.509792],[83.290945,25.49787],[83.311697,25.479112],[83.325857,25.47488],[83.342052,25.477851],[83.368337,25.491278],[83.383067,25.494696],[83.409434,25.487006],[83.436697,25.467231],[83.482921,25.423041],[83.507253,25.406928],[83.53004,25.401923],[83.543875,25.411566],[83.54127,25.43948],[83.503184,25.48904],[83.490896,25.517117],[83.510265,25.529486],[83.536388,25.534613],[83.558849,25.547797],[83.59962,25.584052],[83.617117,25.597724],[83.634044,25.604031],[83.664154,25.611436],[83.692963,25.614691],[83.705658,25.608262],[83.711192,25.601345],[83.723155,25.594835],[83.735037,25.586493],[83.740489,25.573839],[83.745128,25.550971],[83.749441,25.537787],[83.75351,25.529486],[83.771983,25.517279],[83.793549,25.515896],[83.839692,25.52204],[83.88087,25.52204],[83.897716,25.523993],[83.904307,25.529568],[83.908376,25.538153],[83.917979,25.549343],[83.981944,25.589382],[84.003429,25.608262],[84.058116,25.673774],[84.143484,25.736274],[84.179779,25.745958],[84.212901,25.728095],[84.217377,25.713568],[84.22047,25.695095],[84.229991,25.681098],[84.253835,25.679714],[84.272472,25.692939],[84.308116,25.738634],[84.326182,25.748562],[84.339773,25.752712],[84.355968,25.760565],[84.372651,25.765163],[84.387625,25.759467],[84.419037,25.73078],[84.437999,25.718777],[84.463959,25.711982],[84.479747,25.703477],[84.486501,25.700751],[84.49879,25.699083],[84.560313,25.701972],[84.577159,25.700019],[84.595795,25.693305],[84.617279,25.702257],[84.668224,25.705919],[84.688975,25.717231],[84.709402,25.737616],[84.728526,25.749701],[84.749278,25.753363],[84.775076,25.748562],[84.853119,25.712429],[84.881358,25.707587],[84.904796,25.711493],[84.949229,25.729519],[84.973888,25.734931],[84.996349,25.73489],[85.058849,25.728095],[85.085948,25.721055],[85.102061,25.703681],[85.124034,25.659206],[85.142833,25.641872],[85.162608,25.638292],[85.182709,25.637641],[85.20989,25.626247],[85.233653,25.619574],[85.237071,25.618232],[85.244721,25.613593],[85.251964,25.603095],[85.261241,25.584662],[85.272472,25.56741],[85.284434,25.554267],[85.299327,25.546007],[85.319591,25.543077],[85.333263,25.537665],[85.369395,25.51378],[85.388113,25.508368],[85.421397,25.517035],[85.456065,25.537787],[85.515066,25.584662],[85.559662,25.523464],[85.576589,25.508368],[85.621349,25.482042],[85.634288,25.471137],[85.651947,25.463446],[85.670909,25.469306],[85.72169,25.504177],[85.737641,25.510688],[85.755951,25.514594],[85.778819,25.515815],[85.830658,25.50495],[85.872081,25.478217],[85.946381,25.412787],[85.997,25.380316],[86.019135,25.359158],[86.028331,25.33393],[86.039154,25.33039],[86.089447,25.331977],[86.104096,25.330186],[86.115896,25.331488],[86.162201,25.326199],[86.176036,25.320258],[86.185802,25.319281],[86.222585,25.329413],[86.241222,25.330186],[86.257904,25.325385],[86.274425,25.317572],[86.290294,25.306708],[86.306163,25.29267],[86.318126,25.292507],[86.377859,25.31037],[86.41505,25.330878],[86.446056,25.361884],[86.470225,25.397773],[86.487722,25.433214],[86.506847,25.462673],[86.534434,25.482856],[86.564382,25.485216],[86.59075,25.461208],[86.578868,25.418769],[86.5796,25.375067],[86.591075,25.334988],[86.611257,25.303534],[86.649669,25.273057],[86.693858,25.256415],[86.739675,25.256374],[86.782481,25.27558],[86.834727,25.325954],[86.85849,25.340644],[86.867931,25.347927],[86.889903,25.349962],[86.920421,25.333319],[86.974213,25.289252],[86.996186,25.278388],[87.046886,25.268907],[87.07724,25.254218],[87.08782,25.255927],[87.098155,25.259792],[87.108409,25.26199],[87.12379,25.25727],[87.147065,25.235175],[87.159923,25.22781],[87.190115,25.230292],[87.217703,25.248358],[87.238536,25.27501],[87.248627,25.303534],[87.282156,25.356147],[87.303722,25.377061],[87.331554,25.387274],[87.342459,25.395819],[87.351085,25.398505],[87.356619,25.397813],[87.372325,25.393337],[87.382091,25.392279],[87.401378,25.394395],[87.443858,25.405951],[87.478282,25.403754],[87.490652,25.399685],[87.501882,25.392279],[87.511974,25.381944],[87.518077,25.371365],[87.529796,25.344509],[87.535737,25.320136],[87.539806,25.316596],[87.549734,25.315253],[87.558116,25.311957],[87.570242,25.303534],[87.581472,25.289984],[87.588634,25.276882],[87.598643,25.26671],[87.659597,25.255154],[87.681163,25.245469],[87.726085,25.251654],[87.749522,25.248318],[87.759776,25.243516],[87.770112,25.237006],[87.778819,25.227607],[87.783702,25.214179],[87.783376,25.200303],[87.779063,25.192003],[87.773204,25.184597],[87.76946,25.173163],[87.768647,25.159288],[87.770437,25.148017],[87.776296,25.124783],[87.776459,25.117987],[87.775076,25.103339],[87.776296,25.096869],[87.780935,25.089911],[87.786876,25.087592],[87.792572,25.086615],[87.797374,25.083808],[87.835541,25.047187],[87.860606,25.030788],[87.885509,25.022325],[87.894054,25.020819],[87.913097,25.00373],[87.91627,25.001899],[87.935313,25.00434],[87.943858,25.000596],[87.954275,24.987616],[87.961192,24.966173],[87.9581,24.944159],[87.948985,24.92414],[87.937022,24.908759],[87.914806,24.889024],[87.908702,24.878363],[87.906668,24.860948],[87.911143,24.844428],[87.92213,24.826524],[87.94752,24.795762],[87.944916,24.755316],[87.959483,24.717231],[88.00587,24.655544],[88.021495,24.645819],[88.040457,24.640652],[88.056733,24.634304],[88.066905,24.613878],[88.081472,24.600124],[88.084727,24.594062],[88.084727,24.541938],[88.085541,24.536933],[88.089692,24.53323],[88.098399,24.522732],[88.111257,24.502061],[88.118907,24.494167],[88.133393,24.482489],[88.151378,24.471706],[88.171153,24.463731],[88.190847,24.460639],[88.225108,24.460639],[88.236257,24.462755],[88.250906,24.472195],[88.259776,24.474311],[88.272227,24.474962],[88.283376,24.477118],[88.292898,24.480577],[88.299734,24.48546],[88.307872,24.486151],[88.316417,24.468451],[88.321707,24.462755],[88.328136,24.460639],[88.379487,24.402289],[88.387218,24.38878],[88.405284,24.37169],[88.426687,24.357001],[88.444428,24.350775],[88.483328,24.352973],[88.506114,24.357978],[88.516124,24.367499],[88.681407,24.334052],[88.714285,24.315619],[88.737071,24.287299],[88.742686,24.247748],[88.744558,24.243679],[88.747081,24.227159],[88.749278,24.223456],[88.746104,24.214219],[88.734386,24.198594],[88.731212,24.190009],[88.732188,24.1824],[88.73585,24.174587],[88.751475,24.152655],[88.758067,24.147406],[88.782481,24.135769],[88.796967,24.126003],[88.804779,24.122097],[88.824474,24.119086],[88.842784,24.123236],[88.907319,24.150987],[88.920909,24.159451],[88.930675,24.171576],[88.941173,24.171942],[88.950694,24.170437],[88.959727,24.16706],[88.969005,24.161973],[88.976736,24.155951],[88.999929,24.127794],[89.022553,24.107204],[89.032725,24.100043],[89.036632,24.095323],[89.040457,24.086046],[89.042491,24.07807],[89.045421,24.070583],[89.05185,24.062323],[89.059255,24.05504],[89.065684,24.047065],[89.069753,24.03795],[89.069753,24.027452],[89.066498,24.014838],[89.065033,24.005316],[89.068126,23.996446],[89.077566,23.985867],[89.088715,23.977159]],[[87.93808,24.805732],[87.920014,24.782009],[87.920421,24.72663],[87.933197,24.635077],[87.940929,24.619452],[88.028087,24.547878],[88.057384,24.515896],[88.051768,24.510321],[88.050385,24.504991],[88.052745,24.49962],[88.065359,24.4831],[88.070567,24.467393],[88.071056,24.464057],[88.077891,24.456163],[88.109304,24.450954],[88.118907,24.446967],[88.120372,24.433214],[88.114757,24.420762],[88.112804,24.409369],[88.125662,24.398546],[88.142182,24.40823],[88.150076,24.405829],[88.152843,24.397244],[88.152924,24.388292],[88.156261,24.37169],[88.164806,24.365587],[88.17685,24.362331],[88.205333,24.346503],[88.212332,24.341417],[88.215017,24.33336],[88.217052,24.324327],[88.222179,24.324164],[88.22877,24.326199],[88.235606,24.323513],[88.23878,24.322699],[88.247325,24.317654],[88.252452,24.311876],[88.245942,24.30919],[88.239024,24.307481],[88.234386,24.302924],[88.231212,24.296454],[88.22877,24.288682],[88.253022,24.27143],[88.260346,24.228135],[88.256602,24.141303],[88.232188,24.070258],[88.220714,24.060655],[88.209727,24.015692],[88.194591,24.001329],[88.220144,23.990261],[88.22877,23.987657],[88.22877,23.980251],[88.203217,23.981147],[88.198741,23.97309],[88.208263,23.949774],[88.209483,23.928168],[88.221283,23.870958],[88.223643,23.840155],[88.22755,23.826768],[88.239024,23.812608],[88.240489,23.79914],[88.237804,23.774766],[88.228119,23.756456],[88.208263,23.761094],[88.200125,23.742214],[88.173595,23.716986],[88.15976,23.699652],[88.153087,23.683214],[88.146902,23.657742],[88.148204,23.634304],[88.163178,23.623969],[88.219005,23.606513],[88.22877,23.606879],[88.222992,23.627061],[88.224132,23.635281],[88.235606,23.637559],[88.239268,23.633165],[88.256602,23.603461],[88.248057,23.589789],[88.252615,23.580919],[88.264171,23.576606],[88.276459,23.576768],[88.288178,23.582099],[88.324962,23.610297],[88.330007,23.592149],[88.321381,23.574286],[88.304454,23.559027],[88.283295,23.548855],[88.294688,23.536444],[88.312999,23.535712],[88.333751,23.538194],[88.352306,23.535183],[88.365001,23.524115],[88.367931,23.511786],[88.356944,23.469346],[88.356537,23.46247],[88.354991,23.456814],[88.341319,23.44123],[88.34075,23.437567],[88.3449,23.433946],[88.352306,23.425971],[88.35906,23.421576],[88.368256,23.419216],[88.376069,23.41413],[88.379487,23.401719],[88.378998,23.390937],[88.377452,23.383612],[88.372081,23.370714],[88.370372,23.36046],[88.370372,23.351752],[88.367198,23.345649],[88.342703,23.340644],[88.340831,23.333808],[88.343679,23.324978],[88.34547,23.316107],[88.34547,23.278184],[88.347748,23.269802],[88.353526,23.26671],[88.360281,23.265163],[88.365896,23.26085],[88.382253,23.225287],[88.392182,23.215766],[88.413097,23.212429],[88.444347,23.217393],[88.457449,23.212429],[88.468272,23.192572],[88.447276,23.154405],[88.447276,23.142361],[88.460948,23.130479],[88.472341,23.126288],[88.483653,23.123887],[88.492198,23.118964],[88.495616,23.107245],[88.491791,23.096991],[88.473643,23.07449],[88.468272,23.062852],[88.481619,23.061835],[88.491954,23.056749],[88.495128,23.049343],[88.48878,23.041124],[88.475027,23.037543],[88.462169,23.039496],[88.450694,23.039089],[88.44044,23.028103],[88.448416,23.021267],[88.431082,23.003526],[88.417735,22.986518],[88.409272,22.967068],[88.406912,22.945502]],[[88.429128,24.35578],[88.421641,24.333279],[88.430105,24.323554],[88.442312,24.314643],[88.453298,24.283393],[88.466238,24.270087],[88.482514,24.264472],[88.499034,24.271674],[88.518077,24.263454],[88.53712,24.229926],[88.539643,24.199246],[88.509288,24.199327],[88.512625,24.188585],[88.518891,24.184516],[88.525645,24.183051],[88.529714,24.18004],[88.531749,24.171983],[88.530854,24.168158],[88.529389,24.164862],[88.529714,24.158393],[88.528738,24.151964],[88.524913,24.148017],[88.523448,24.14411],[88.529714,24.137885],[88.538259,24.136583],[88.555675,24.145819],[88.564545,24.144721],[88.567393,24.139228],[88.568614,24.122423],[88.570811,24.117377],[88.578136,24.114691],[88.584727,24.115749],[88.591238,24.117621],[88.598643,24.117377],[88.619721,24.108466],[88.625906,24.098456],[88.626964,24.086208],[88.632823,24.070258],[88.636322,24.074286],[88.642996,24.078966],[88.646414,24.083279],[88.648529,24.066596],[88.646658,24.036444],[88.641124,24.005723],[88.632823,23.987657],[88.653575,23.983507],[88.67921,23.983669],[88.700613,23.980496],[88.708507,23.966579],[88.746511,23.966742],[88.755382,23.964789],[88.76295,23.960476],[88.769949,23.953559],[88.787201,23.961697],[88.803966,23.953396],[88.821788,23.940009],[88.841889,23.933051],[88.853038,23.92536],[88.862722,23.908026],[88.862885,23.889512],[88.845714,23.878445],[88.858816,23.872097],[88.868663,23.869005],[88.872976,23.870958],[88.871104,23.862372],[88.86614,23.857611],[88.86085,23.854438],[88.858653,23.850531],[88.858653,23.802069],[88.86964,23.713813],[88.869558,23.699652],[88.860444,23.684516],[88.858653,23.682644],[88.855968,23.678046],[88.850027,23.679755],[88.844249,23.683783],[88.841889,23.686062],[88.826915,23.681179],[88.824962,23.669379],[88.832042,23.641303],[88.825776,23.636746],[88.811615,23.630683],[88.796641,23.626532],[88.78712,23.627712],[88.774099,23.633734],[88.764415,23.627061],[88.761729,23.61286],[88.769949,23.596625],[88.750418,23.590644],[88.740164,23.585517],[88.73585,23.579901],[88.740001,23.564276],[88.749522,23.555935],[88.7588,23.549262],[88.767507,23.524522],[88.786143,23.505683],[88.790538,23.497016],[88.793712,23.485216],[88.802257,23.482937],[88.828298,23.486762],[88.831065,23.473741],[88.828136,23.448106],[88.834727,23.429958],[88.86614,23.438992],[88.874441,23.447943],[88.884532,23.461534],[88.895763,23.472439],[88.907237,23.47309],[88.909109,23.465359],[88.906261,23.436143],[88.907237,23.425971],[88.899913,23.424099],[88.892833,23.419501],[88.889415,23.412909],[88.893565,23.404853],[88.899994,23.403266],[88.930675,23.404853],[88.939138,23.396511],[88.938243,23.380194],[88.929454,23.369452],[88.913992,23.377509],[88.90504,23.36225],[88.933035,23.356269],[88.97047,23.358466],[88.989024,23.367255],[88.994884,23.381659],[88.99464,23.388373],[88.985362,23.391181],[88.976329,23.396796],[88.970632,23.401394],[88.967865,23.404853],[88.974376,23.417426],[88.990001,23.410956],[89.006765,23.396511],[89.016368,23.384955],[89.016775,23.380194],[89.014171,23.376532],[89.010753,23.373481],[89.009532,23.370714],[89.012136,23.367255],[89.021088,23.360541],[89.023204,23.357042],[89.022065,23.3487],[89.017507,23.340196],[89.015147,23.283393],[89.019786,23.27143],[89.020763,23.261908],[89.012706,23.251654],[89.002045,23.24197],[88.995942,23.234158],[88.996755,23.222846],[89.003022,23.212836],[89.012706,23.209988],[89.023204,23.219835],[89.027192,23.216579],[89.029796,23.214911],[89.036876,23.212429],[89.040619,23.205186],[89.049571,23.193915],[89.054698,23.183458],[89.047374,23.1789],[89.04127,23.173529],[89.051199,23.161322],[89.074718,23.141384],[89.106212,23.088202],[89.119395,23.075873],[89.097992,23.04739],[89.09075,23.033026],[89.085216,23.014431],[89.078136,22.998969],[89.076427,22.987413],[89.081554,22.976874],[89.093272,22.973009],[89.103526,22.976996],[89.112315,22.978339],[89.119395,22.96662],[89.095225,22.953315],[89.091401,22.949286],[89.093272,22.934272],[89.098155,22.930487],[89.104747,22.931708],[89.112071,22.931912],[89.12379,22.934272],[89.1303,22.930203],[89.136811,22.893622],[89.133393,22.890082],[89.119395,22.897773],[89.116954,22.894355],[89.11671,22.893256],[89.115733,22.892605],[89.112071,22.890245],[89.121755,22.877753],[89.125906,22.870632],[89.126557,22.863959],[89.126231,22.853054],[89.12851,22.837755],[89.134776,22.825995],[89.143565,22.822089],[89.153575,22.830105],[89.160492,22.822618],[89.153331,22.817979],[89.149994,22.811632],[89.15032,22.803778],[89.153575,22.794704],[89.163829,22.800401],[89.174246,22.808376],[89.183604,22.813788],[89.191417,22.812079],[89.193289,22.802802],[89.177745,22.779893],[89.174083,22.767401],[89.180756,22.767401],[89.189464,22.774522],[89.193777,22.768256],[89.196788,22.756456],[89.201264,22.746894],[89.225597,22.736436],[89.242198,22.732204],[89.249766,22.736396],[89.256114,22.736843],[89.270274,22.728135],[89.284434,22.716864],[89.290619,22.709337],[89.295909,22.704657],[89.306082,22.700303],[89.311697,22.692816],[89.304291,22.678656],[89.263438,22.705919],[89.268647,22.681586],[89.279063,22.667792],[89.291921,22.656114],[89.304291,22.637722],[89.295665,22.633124],[89.292491,22.625352],[89.293549,22.615098],[89.293142,22.600124]],[[89.088308,23.978339],[89.088715,23.977159]],[[89.088715,23.977159],[89.11614,23.955756],[89.137462,23.943061],[89.15919,23.933539],[89.186453,23.9289],[89.26946,23.936794],[89.296479,23.935004],[89.321381,23.929877],[89.345144,23.920478],[89.377859,23.89997],[89.467296,23.864854],[89.490001,23.852729],[89.53004,23.819444],[89.555675,23.814805],[89.573171,23.819932],[89.603282,23.837755],[89.61964,23.843695],[89.674897,23.848456],[89.708914,23.856798],[89.723399,23.85574],[89.753673,23.845486],[89.749278,23.848009]],[[89.088715,23.977159],[89.096202,23.956],[89.097179,23.95246],[89.09726,23.948554],[89.098155,23.9442],[89.104503,23.934272],[89.11378,23.926052],[89.156668,23.898464],[89.177419,23.881537],[89.182628,23.873114],[89.184174,23.865058],[89.187592,23.859076],[89.210541,23.853705],[89.2199,23.846503],[89.249522,23.816433],[89.255463,23.806749],[89.255951,23.771674],[89.261974,23.751817],[89.276541,23.739529],[89.311127,23.72016],[89.35255,23.671739],[89.381114,23.673407],[89.397716,23.678087],[89.410737,23.679226],[89.42099,23.674425],[89.480479,23.593044],[89.493093,23.579901],[89.499441,23.570014],[89.503835,23.55744],[89.509776,23.546658],[89.52003,23.54206],[89.525808,23.537421],[89.516531,23.527411],[89.503347,23.517768],[89.496755,23.514106],[89.495616,23.506659],[89.496511,23.499376],[89.499034,23.492621],[89.50294,23.486762],[89.518972,23.508409],[89.548106,23.505683],[89.578705,23.490098],[89.598643,23.47309],[89.607595,23.45307],[89.626475,23.370714],[89.613536,23.376003],[89.609467,23.379421],[89.605968,23.384955],[89.598643,23.384955],[89.597585,23.353054],[89.612315,23.315212],[89.637625,23.288194],[89.667491,23.288764],[89.656261,23.273301],[89.636241,23.255316],[89.627615,23.240343],[89.680919,23.226996],[89.683197,23.209906],[89.680105,23.189236],[89.694835,23.171454],[89.707286,23.17003],[89.716238,23.175605],[89.72462,23.182481],[89.736339,23.185126],[89.750255,23.179796],[89.755951,23.170518],[89.752859,23.161729],[89.740164,23.157782],[89.733816,23.153428],[89.718354,23.133368],[89.710948,23.119086],[89.700776,23.122585],[89.681163,23.137966],[89.680268,23.126736],[89.681733,23.11754],[89.684825,23.109971],[89.689138,23.103827],[89.697765,23.096951],[89.714773,23.093817],[89.722667,23.089545],[89.732514,23.07628],[89.756847,23.028103],[89.77296,23.010321],[89.804861,22.9831],[89.81837,22.96662],[89.82252,22.957302],[89.828136,22.939073],[89.83253,22.931912],[89.838145,22.928005],[89.853282,22.92182],[89.859304,22.91824],[89.879649,22.896511],[89.887218,22.890245],[89.928233,22.870429],[89.942882,22.857286],[89.99879,22.768866],[90.006765,22.750271],[90.010753,22.726426],[90.009939,22.686143],[90.013276,22.667304],[90.024425,22.651313],[90.01588,22.627753],[90.014415,22.596137],[90.017833,22.566352],[90.024425,22.548285],[90.019542,22.538438],[90.011974,22.511094],[90.010183,22.490261]],[[90.087494,23.57864],[90.083507,23.557725],[90.069021,23.527696],[90.067963,23.519843],[90.06894,23.511786],[90.0713,23.503933],[90.079031,23.488552],[90.112397,23.438992],[90.093435,23.427558],[90.082123,23.388699],[90.064708,23.391181],[90.074148,23.377956],[90.095307,23.375067],[90.116466,23.369167],[90.126231,23.346788],[90.127371,23.335273],[90.132335,23.311713],[90.133718,23.298407],[90.129893,23.290595],[90.121104,23.290107],[90.111501,23.294623],[90.105561,23.301825],[90.098888,23.301825],[90.098888,23.26085],[90.105561,23.26085],[90.108002,23.274766],[90.116466,23.280341],[90.128184,23.277899],[90.140554,23.267646],[90.145437,23.253933],[90.143158,23.243272],[90.145437,23.236599],[90.164073,23.234158],[90.180186,23.233913],[90.197358,23.231635],[90.212576,23.225165],[90.22226,23.212429],[90.219819,23.204535],[90.212576,23.191311]],[[90.212576,23.191311],[90.212169,23.190619],[90.201752,23.177354],[90.191742,23.171454],[90.175955,23.173611],[90.171641,23.179226],[90.174571,23.19599],[90.177419,23.199042],[90.184255,23.199978],[90.198416,23.199408],[90.208507,23.197374],[90.212169,23.192816],[90.212576,23.191311]],[[90.212576,23.191311],[90.21339,23.188015],[90.215424,23.185126],[90.235606,23.182644],[90.245942,23.180121],[90.250418,23.175157],[90.254812,23.149726],[90.253184,23.139228],[90.242931,23.130479],[90.242931,23.124294],[90.266612,23.122423],[90.2942,23.116726],[90.318614,23.106024],[90.332123,23.089545],[90.325287,23.089545],[90.331391,23.075303],[90.324718,23.0692],[90.312266,23.065741],[90.301199,23.059109],[90.292084,23.042833],[90.30185,23.041327],[90.317312,23.043484],[90.325287,23.038031],[90.326182,23.020697],[90.325287,23.021267],[90.323741,23.015815],[90.319428,23.010565],[90.317312,23.004584],[90.322032,22.997016],[90.334727,22.988552],[90.346934,22.982489],[90.355968,22.975287],[90.35963,22.962917],[90.364513,22.955024],[90.375011,22.945624],[90.384776,22.933783],[90.387462,22.91824],[90.384695,22.914822],[90.373139,22.906277],[90.370128,22.904568],[90.366466,22.901231],[90.365326,22.84573],[90.36964,22.81684],[90.379324,22.79267],[90.394216,22.774848]],[[88.406912,22.945502],[88.444428,22.945502],[88.455984,22.943427],[88.475597,22.934027],[88.485362,22.931912],[88.495535,22.934272],[88.503917,22.940131],[88.528331,22.968451],[88.53655,22.980292],[88.546397,22.984076],[88.555919,22.985297],[88.565115,22.983181],[88.574474,22.976874],[88.585948,22.971218],[88.598562,22.970404],[88.609386,22.971137],[88.615733,22.970038],[88.620209,22.961127],[88.620616,22.952338],[88.622813,22.944525],[88.632823,22.938747],[88.639252,22.938747],[88.644786,22.94127],[88.649669,22.944363],[88.653819,22.945502],[88.655365,22.945828],[88.668224,22.945868],[88.667003,22.945502],[88.704112,22.946357],[88.724213,22.943305],[88.739268,22.935329],[88.746511,22.920844],[88.750662,22.884345],[88.756277,22.870429],[88.773041,22.855048],[88.788666,22.849189],[88.828298,22.849311],[88.829682,22.845242],[88.838878,22.836859],[88.848643,22.829861],[88.85255,22.830105],[88.854096,22.818427],[88.851736,22.810655],[88.838308,22.794704],[88.84962,22.788845],[88.851003,22.783474],[88.847992,22.777859],[88.845714,22.771104],[88.840587,22.745714],[88.838308,22.739447],[88.830496,22.736599],[88.821544,22.739203],[88.813975,22.739529],[88.810964,22.729844],[88.812999,22.721055],[88.81837,22.715766],[88.825206,22.711534],[88.832042,22.705919],[88.868175,22.663642],[88.879812,22.657538],[88.900483,22.658067],[88.916515,22.662055],[88.929617,22.658759],[88.941905,22.637722],[88.951671,22.612128],[88.956065,22.585232],[88.949799,22.562201],[88.927664,22.548285],[88.958588,22.536973],[88.970632,22.528144],[88.979584,22.491075],[88.997976,22.451483],[89.002208,22.428168],[89.000255,22.420274],[88.991791,22.407172],[88.989024,22.396837],[88.989268,22.38703],[89.000987,22.333848],[89.00644,22.321641],[89.023204,22.29503],[89.008718,22.285834],[89.018321,22.264838],[89.061941,22.211737],[89.070323,22.195014],[89.075776,22.175238],[89.077729,22.151068],[89.060313,22.130642]],[[88.406912,22.945502],[88.403901,22.9171],[88.39796,22.896837],[88.379487,22.856757],[88.365896,22.815782],[88.348155,22.788194],[88.34547,22.778266],[88.348562,22.758002],[88.362804,22.721218],[88.365896,22.698513],[88.364024,22.656073],[88.356944,22.612616],[88.342296,22.57628],[88.317393,22.555121],[88.296886,22.554023],[88.271983,22.55622],[88.251231,22.553656],[88.242442,22.538031],[88.241222,22.526719],[88.237641,22.521796],[88.230072,22.520779],[88.218272,22.521023],[88.206716,22.51671],[88.199799,22.506781],[88.194265,22.495429],[88.187104,22.486843],[88.170909,22.480821],[88.150483,22.475898],[88.133067,22.468695],[88.125662,22.455837],[88.137218,22.418077],[88.139659,22.398871],[88.129242,22.390652],[88.106944,22.383816],[88.101085,22.367214],[88.105235,22.329169],[88.103038,22.314154],[88.099132,22.299384],[88.09669,22.293769],[88.082123,22.271918],[88.080577,22.268826],[88.0796,22.265204],[88.077891,22.248847],[88.075694,22.241278],[88.070893,22.23489]],[[88.406261,22.945502],[88.406912,22.945502]],[[89.293142,22.600124],[89.290619,22.606635],[89.288259,22.616482],[89.281993,22.627387],[89.273367,22.635606],[89.263438,22.637722],[89.257253,22.63349],[89.255056,22.626085],[89.255951,22.606635],[89.259288,22.598253],[89.265636,22.589423],[89.27003,22.580756],[89.266775,22.572537],[89.255626,22.561347],[89.250987,22.553412],[89.249929,22.545518],[89.249766,22.534613],[89.252371,22.512274],[89.261241,22.495185],[89.290619,22.465766],[89.271007,22.458808],[89.258393,22.443671],[89.255056,22.424262],[89.263438,22.404324],[89.251964,22.393337],[89.25294,22.381212],[89.262462,22.368516],[89.277192,22.355902],[89.265717,22.337266],[89.27532,22.31269],[89.295909,22.291083],[89.317963,22.281358],[89.30714,22.260118],[89.305756,22.24197],[89.342296,22.130561],[89.351492,22.127712],[89.358979,22.120795],[89.364024,22.112657],[89.365815,22.106024],[89.368093,22.103624],[89.383556,22.092393],[89.387299,22.086697],[89.385753,22.08393],[89.382091,22.082099],[89.380056,22.079047],[89.376394,22.063788],[89.367198,22.048855],[89.345307,22.020697],[89.350678,22.012274],[89.35255,22.000271],[89.352143,21.972276]],[[89.293142,22.600124],[89.293061,22.597968]],[[89.475678,22.29503],[89.454112,22.317003],[89.444347,22.334052],[89.441498,22.352159],[89.440115,22.398993],[89.431244,22.464708],[89.420665,22.492051],[89.42213,22.503485],[89.427419,22.516303],[89.425548,22.5338],[89.408376,22.562323],[89.393891,22.575629],[89.354015,22.594916],[89.345307,22.602891],[89.330658,22.593451],[89.312592,22.586982],[89.297293,22.589382],[89.293142,22.600124]]]}},{"type":"Feature","properties":{"dissolve":"561River","scalerank":7.0,"featurecla":"River","name":"Penner","name_alt":null,"rivernum":561,"note":null,"min_zoom":6.0,"name_en":"Penner","min_label":7.0},"bbox":[77.266043,13.406806,80.149099,14.963975],"geometry":{"type":"MultiLineString","coordinates":[[[77.572765,13.406806],[77.597179,13.420233],[77.609304,13.434882],[77.613292,13.451768],[77.613699,13.471991],[77.610444,13.477566],[77.596446,13.494005],[77.593272,13.499579],[77.589854,13.51142],[77.582042,13.516384],[77.572846,13.518744],[77.565359,13.522895],[77.561046,13.529568],[77.555431,13.544501],[77.551687,13.550808],[77.532807,13.562364],[77.522227,13.571112],[77.517507,13.581855],[77.514415,13.599555],[77.487071,13.663398],[77.479584,13.694281],[77.473888,13.759955],[77.463878,13.802436],[77.462901,13.82453],[77.471121,13.842231],[77.485281,13.863389],[77.494395,13.884833],[77.487071,13.903347],[77.480968,13.912706],[77.47755,13.935492],[77.473155,13.944932],[77.464692,13.952745],[77.441824,13.969102],[77.429291,13.983995],[77.418712,14.004584],[77.415294,14.027045],[77.434011,14.064276],[77.433523,14.083604],[77.396414,14.179267],[77.390554,14.188259],[77.372651,14.195136],[77.365164,14.211737],[77.347911,14.320828],[77.342784,14.335313],[77.340424,14.339911],[77.338878,14.350165],[77.335948,14.352118],[77.331716,14.35338],[77.319347,14.360134],[77.31544,14.362982],[77.312592,14.367296],[77.311615,14.372341],[77.312022,14.383124],[77.310069,14.391425],[77.306082,14.392442],[77.301199,14.391547],[77.297781,14.393663],[77.283702,14.439561],[77.280528,14.465033],[77.288097,14.476264],[77.307058,14.481553],[77.312592,14.495673],[77.305186,14.537665],[77.285167,14.577501],[77.278087,14.598415],[77.284679,14.61282],[77.271902,14.642442],[77.266043,14.669379],[77.271007,14.692084],[77.291515,14.709011],[77.282156,14.726101],[77.283214,14.739203],[77.288503,14.753363],[77.293061,14.788194],[77.29713,14.801215],[77.310557,14.833075],[77.312022,14.842475],[77.328217,14.866645],[77.365245,14.8758],[77.406749,14.881212],[77.435557,14.893988],[77.442475,14.888048],[77.44866,14.888007],[77.462901,14.893988],[77.465017,14.895941],[77.501964,14.914252],[77.513194,14.914984],[77.53476,14.913845],[77.539561,14.916775],[77.559093,14.935574],[77.572683,14.94184],[77.59547,14.949246],[77.619721,14.952175],[77.63795,14.945136],[77.653087,14.937079],[77.696707,14.932563],[77.716807,14.928087],[77.757091,14.903673],[77.781179,14.898546],[77.791921,14.917548],[77.796886,14.92182],[77.821056,14.927924],[77.829275,14.93183],[77.866954,14.95539],[77.904877,14.962226],[77.930919,14.963975],[77.942556,14.958808],[77.950694,14.945136],[77.969656,14.937527],[78.010916,14.928087],[78.032725,14.915798],[78.052419,14.900824],[78.074229,14.871527],[78.076101,14.866645],[78.085053,14.864447],[78.11085,14.852362],[78.145112,14.853339],[78.154877,14.852362],[78.17685,14.841864],[78.218272,14.810574],[78.240652,14.803982],[78.247813,14.806912],[78.272227,14.821967],[78.277354,14.824042],[78.306407,14.831855],[78.3449,14.861843],[78.356944,14.866645],[78.36378,14.861884],[78.369151,14.850775],[78.372813,14.83808],[78.374034,14.828803],[78.377452,14.823106],[78.401378,14.811387],[78.432872,14.78913],[78.449229,14.780626],[78.466807,14.777289],[78.479421,14.772284],[78.538503,14.736355],[78.549734,14.725043],[78.567149,14.701361],[78.580089,14.688503],[78.594249,14.679755],[78.641612,14.66059],[78.672537,14.63699],[78.685151,14.617703],[78.689464,14.61282],[78.703705,14.604112],[78.716075,14.602607],[78.747651,14.605984],[78.756847,14.602403],[78.761974,14.594306],[78.766043,14.58515],[78.771902,14.57864],[78.778412,14.577257],[78.802664,14.57864],[78.815196,14.574815],[78.832286,14.565863],[78.847341,14.555528],[78.857188,14.543891],[78.878347,14.506659],[78.89088,14.495185],[78.928966,14.468777],[78.941824,14.475775],[78.964854,14.47248],[78.977306,14.476264],[78.991628,14.465888],[79.007498,14.456977],[79.024425,14.45071],[79.042247,14.44831],[79.083507,14.465399],[79.095225,14.472846],[79.105072,14.473334],[79.113699,14.46894],[79.121349,14.461982],[79.12672,14.452989],[79.12851,14.443956],[79.131928,14.435411],[79.141775,14.427802],[79.150076,14.426134],[79.156179,14.428778],[79.162608,14.432685],[79.172862,14.434638],[79.189464,14.442247],[79.206391,14.475653],[79.224376,14.4831],[79.233816,14.479926],[79.243663,14.465766],[79.251069,14.461982],[79.26295,14.462917],[79.273204,14.467068],[79.281993,14.47309],[79.289236,14.479682],[79.306895,14.492499],[79.346121,14.508734],[79.416108,14.547634],[79.426362,14.560858],[79.45045,14.567694],[79.498057,14.571234],[79.539073,14.57864],[79.550141,14.575792],[79.564708,14.566921],[79.570242,14.565009],[79.572276,14.563585],[79.578705,14.55683],[79.582123,14.550157],[79.587169,14.552029],[79.592865,14.555976],[79.597341,14.558173],[79.605561,14.559597],[79.651378,14.582628],[79.669932,14.589219],[79.689382,14.592231],[79.714122,14.592963],[79.735281,14.587673],[79.752208,14.575385],[79.778575,14.550727],[79.819591,14.531317],[79.839692,14.515408],[79.848155,14.492987],[79.916515,14.476264],[79.923269,14.477362],[79.937511,14.482489],[79.943858,14.4831],[79.951915,14.479804],[79.95696,14.474962],[79.963145,14.470649],[79.974864,14.468777],[79.998546,14.4713],[80.01588,14.478339],[80.046153,14.502956],[80.052745,14.509548],[80.060639,14.519477],[80.066661,14.523993],[80.075613,14.527411],[80.092459,14.528022],[80.101329,14.530219],[80.115733,14.539089],[80.1338,14.557237],[80.149099,14.565009]]]}},{"type":"Feature","properties":{"dissolve":"56Lake Centerline","scalerank":3.0,"featurecla":"Lake Centerline","name":"Indus","name_alt":null,"rivernum":56,"note":null,"min_zoom":3.0,"name_en":"Indus","min_label":4.0},"bbox":[72.707042,34.085557,72.852468,34.622504],"geometry":{"type":"MultiLineString","coordinates":[[[72.781668,34.622504],[72.783214,34.61282],[72.802257,34.576768],[72.801524,34.558295],[72.789154,34.52322],[72.788666,34.514228],[72.801524,34.503933],[72.826264,34.498358],[72.836681,34.481024],[72.832449,34.459499],[72.829519,34.440619],[72.826671,34.414903],[72.827891,34.393175],[72.838634,34.375841],[72.845307,34.35456],[72.85019,34.321153],[72.852468,34.287787],[72.842459,34.255072],[72.836681,34.221015],[72.838796,34.194688],[72.8331,34.168321],[72.813731,34.144843],[72.789154,34.127956],[72.760671,34.115831],[72.740001,34.105089],[72.721446,34.09337],[72.707042,34.085557]]]}},{"type":"Feature","properties":{"dissolve":"56River","scalerank":3.0,"featurecla":"River","name":"Indus","name_alt":null,"rivernum":56,"note":null,"min_zoom":3.0,"name_en":"Indus","min_label":4.0},"bbox":[67.532319,23.909491,79.73463,35.842841],"geometry":{"type":"MultiLineString","coordinates":[[[72.70696,34.085517],[72.667491,34.05919],[72.651866,34.043524],[72.645763,34.023261],[72.63323,34.01378],[72.604991,34.013373],[72.509532,34.02265],[72.467459,34.020453],[72.430675,34.011298],[72.398692,33.993191],[72.36671,33.969346],[72.348399,33.961005],[72.254975,33.944403],[72.240326,33.937934],[72.225841,33.901231],[72.241303,33.804796],[72.23406,33.765977],[72.223155,33.774237],[72.210867,33.776475],[72.198253,33.773505],[72.186453,33.765977],[72.171886,33.773057],[72.152599,33.777289],[72.114757,33.779649],[72.087413,33.789903],[72.082937,33.788153],[72.062918,33.765977],[72.052826,33.76085],[72.031749,33.753974],[72.021902,33.746161],[72.010183,33.71601],[72.004893,33.711371],[71.999034,33.703437],[71.97934,33.664496],[71.974132,33.64997],[71.971772,33.598212],[71.953136,33.570502],[71.953054,33.559882],[71.955577,33.547146],[71.953054,33.526435],[71.944753,33.515652],[71.901785,33.488552],[71.897065,33.481635],[71.892507,33.467963],[71.888194,33.461249],[71.879405,33.45185],[71.873546,33.443468],[71.872569,33.434516],[71.87794,33.423407],[71.867768,33.420844],[71.863373,33.41531],[71.859386,33.408759],[71.850597,33.40351],[71.841807,33.402167],[71.812755,33.40351],[71.796804,33.40001],[71.740733,33.375556],[71.723155,33.355251],[71.722341,33.336127],[71.725027,33.318671],[71.716889,33.303575],[71.704682,33.289618],[71.698985,33.272528],[71.703217,33.256537],[71.720876,33.245876],[71.712901,33.245876],[71.726573,33.231147],[71.740733,33.219428],[71.751069,33.20539],[71.754405,33.183783],[71.749522,33.163438],[71.740245,33.14997],[71.729584,33.139716],[71.720876,33.129177],[71.712901,33.110867],[71.710948,33.094306],[71.712901,33.054063],[71.718761,33.037177],[71.718435,33.029405],[71.699474,33.022813],[71.694021,33.015082],[71.690684,33.005968],[71.685476,32.998847],[71.649343,32.978624],[71.611095,32.964057],[71.599539,32.961859],[71.572765,32.960639],[71.549408,32.954169],[71.551687,32.955593],[71.541921,32.952948],[71.533783,32.949083],[71.526947,32.943386],[71.512706,32.920193],[71.506765,32.914822],[71.498139,32.910712],[71.461925,32.897976],[71.448009,32.887274],[71.437511,32.868964],[71.430268,32.842556],[71.426036,32.83454],[71.409109,32.816433],[71.40504,32.808946],[71.403087,32.790107],[71.412852,32.753119],[71.414073,32.734402],[71.411713,32.725653],[71.407725,32.718777],[71.402436,32.713324],[71.396088,32.709011],[71.364187,32.695014],[71.354503,32.68891],[71.340587,32.673692],[71.331472,32.656073],[71.325857,32.636786],[71.322765,32.616482],[71.323416,32.593573],[71.329682,32.574286],[71.348074,32.535264],[71.350841,32.52501],[71.346609,32.432318],[71.340587,32.415107],[71.331472,32.399278],[71.293875,32.356147],[71.283376,32.339911],[71.278738,32.322333],[71.278331,32.302029],[71.276459,32.292589],[71.271902,32.282823],[71.251964,32.254503],[71.247162,32.243516],[71.236501,32.20185],[71.22877,32.181749],[71.215587,32.165473],[71.206716,32.159695],[71.177664,32.147162],[71.167898,32.140815],[71.132091,32.105821],[71.123464,32.094062],[71.117198,32.081122],[71.114675,32.066514],[71.11435,32.047471],[71.112315,32.039008],[71.106944,32.030544],[71.070242,31.999091],[71.054698,31.982204],[71.036876,31.940212],[71.023041,31.925849],[71.007335,31.912909],[70.992768,31.897895],[70.983409,31.879259],[70.973888,31.83869],[70.966807,31.818915],[70.923595,31.744452],[70.905772,31.721462],[70.899343,31.709581],[70.899343,31.695136],[70.904226,31.678819],[70.904714,31.672919],[70.903331,31.663682],[70.826752,31.489447],[70.801036,31.453681],[70.795421,31.440945],[70.791433,31.426337],[70.788178,31.379665],[70.767507,31.263983],[70.768077,31.249823],[70.771495,31.235948],[70.781668,31.209296],[70.784434,31.195136],[70.788829,31.138251],[70.793386,31.125434],[70.814057,31.09162],[70.818614,31.078152],[70.835867,30.977607],[70.835216,30.948269],[70.829031,30.919867],[70.819347,30.883857],[70.814708,30.872667],[70.796886,30.846747],[70.765554,30.813056],[70.757253,30.801703],[70.75172,30.789008],[70.750011,30.774441],[70.751231,30.766425],[70.759939,30.74433],[70.762136,30.736843],[70.765717,30.695095],[70.771414,30.677314],[70.780772,30.661322],[70.814464,30.625434],[70.830333,30.599433],[70.841726,30.57099],[70.848074,30.542019],[70.849701,30.522325],[70.84905,30.502997],[70.84547,30.484076],[70.835541,30.456977],[70.829845,30.416571],[70.815196,30.363959],[70.811046,30.356147],[70.805186,30.349718],[70.785085,30.33747],[70.779552,30.331366],[70.774018,30.315863],[70.775076,30.298448],[70.780528,30.28144],[70.80185,30.237657],[70.812266,30.225653],[70.815929,30.219509],[70.817312,30.210517],[70.816417,30.20246],[70.805431,30.171007],[70.803722,30.162299],[70.80185,30.109442],[70.806163,30.093533],[70.835053,30.053412],[70.838878,30.018378],[70.834239,29.946885],[70.83546,29.938666],[70.843272,29.916571],[70.844737,29.908026],[70.844168,29.89997],[70.830007,29.854763],[70.823741,29.841417],[70.812999,29.829413],[70.805431,29.824978],[70.788503,29.819119],[70.780772,29.814521],[70.775076,29.808905],[70.770763,29.802436],[70.76767,29.795274],[70.763194,29.771674],[70.760509,29.765001],[70.755056,29.758124],[70.728282,29.732123],[70.701182,29.696641],[70.689138,29.686143],[70.668956,29.673367],[70.663097,29.66828],[70.658702,29.661241],[70.653412,29.637274],[70.635346,29.600653],[70.6338,29.591986],[70.633556,29.582465],[70.635753,29.564073],[70.644542,29.545966],[70.659434,29.53738],[70.676768,29.531358],[70.692882,29.521186],[70.700287,29.506049],[70.702159,29.486151],[70.700206,29.448188],[70.701182,29.438422],[70.704112,29.431098],[70.714692,29.416612],[70.718842,29.40823],[70.720307,29.399604],[70.719249,29.390733],[70.716319,29.381456],[70.708751,29.366645],[70.680593,29.32453],[70.67628,29.307644],[70.675385,29.272406],[70.67213,29.254706],[70.668712,29.248074],[70.659434,29.236436],[70.648204,29.215115],[70.649343,29.187283],[70.651947,29.173896],[70.661632,29.14822],[70.667898,29.123603],[70.667898,29.083808],[70.665294,29.070624],[70.660167,29.058783],[70.652192,29.049669],[70.641856,29.043809],[70.630382,29.040351],[70.59075,29.033637],[70.577566,29.029649],[70.565033,29.023261],[70.555268,29.015408],[70.525971,28.975898],[70.476003,28.922675],[70.466075,28.916124],[70.436534,28.911566],[70.404063,28.915595],[70.373627,28.914618],[70.350108,28.895128],[70.34547,28.883409],[70.339122,28.858954],[70.333914,28.84752],[70.326264,28.837958],[70.276378,28.792507],[70.252371,28.777615],[70.156749,28.745429],[70.144135,28.738959],[70.132742,28.728949],[70.107351,28.69241],[70.095795,28.682644],[70.054698,28.666612],[70.043061,28.659247],[70.037364,28.650255],[70.035574,28.639268],[70.03655,28.625922],[70.028575,28.597927],[70.003022,28.586737],[69.940929,28.581651],[69.926768,28.576972],[69.91505,28.569525],[69.893565,28.550116],[69.882498,28.542263],[69.871186,28.538438],[69.82366,28.533515],[69.801768,28.528428],[69.781016,28.520453],[69.762218,28.509101],[69.752533,28.499864],[69.746349,28.489773],[69.724701,28.416083],[69.716563,28.40119],[69.708263,28.391872],[69.678315,28.37462],[69.6692,28.366034],[69.66269,28.355496],[69.652599,28.332384],[69.64503,28.320624],[69.585378,28.258612],[69.573334,28.250271],[69.561127,28.245673],[69.535737,28.239691],[69.523529,28.234971],[69.500011,28.220811],[69.487804,28.21601],[69.473888,28.215399],[69.432709,28.231879],[69.419526,28.232449],[69.410574,28.225775],[69.405691,28.214179],[69.400483,28.189643],[69.395763,28.176052],[69.388764,28.16295],[69.378998,28.152371],[69.365896,28.146308],[69.338308,28.150458],[69.312022,28.164008],[69.288097,28.169745],[69.2671,28.150702],[69.259369,28.138129],[69.25058,28.12934],[69.23935,28.124091],[69.224376,28.121934],[69.194835,28.121894],[69.180756,28.11876],[69.1692,28.110175],[69.162852,28.098497],[69.153331,28.073432],[69.144786,28.062812],[69.131358,28.056179],[69.116954,28.054999],[69.074311,28.064276],[69.06129,28.065619],[69.048432,28.065131],[69.034923,28.06269],[69.036225,28.034939],[69.035574,28.030585],[69.026134,28.001776],[69.021902,27.992499],[69.016124,27.984076],[68.998953,27.972113],[68.980886,27.970974],[68.932872,27.985907],[68.927826,27.986518],[68.922537,27.98432],[68.918712,27.979682],[68.917491,27.974229],[68.918224,27.968451],[68.920421,27.962917],[68.926768,27.952989],[68.942963,27.936143],[68.949636,27.926296],[68.953624,27.915229],[68.955089,27.903754],[68.953543,27.880439],[68.949962,27.868272],[68.943126,27.86164],[68.933197,27.858588],[68.895112,27.853705],[68.882742,27.849433],[68.87322,27.842597],[68.870372,27.837917],[68.862641,27.820014],[68.860932,27.813585],[68.860769,27.807563],[68.863048,27.794989],[68.87794,27.782538],[68.884044,27.782416],[68.890717,27.780219],[68.896088,27.77615],[68.898204,27.770535],[68.917898,27.766425],[68.940684,27.758653],[68.955577,27.745876],[68.951752,27.726426],[68.932628,27.710273],[68.882091,27.691474],[68.835867,27.667996],[68.813406,27.663113],[68.791026,27.666938],[68.768891,27.680732],[68.749929,27.699734],[68.734386,27.721706],[68.717052,27.766872],[68.699229,27.784857],[68.676524,27.790351],[68.65797,27.781684],[68.65211,27.757188],[68.655284,27.732733],[68.653738,27.721137],[68.646576,27.711046],[68.635671,27.705268],[68.623057,27.703192],[68.609955,27.703803],[68.575857,27.710069],[68.565522,27.70954],[68.554698,27.705512],[68.542572,27.696397],[68.522065,27.674262],[68.510671,27.66474],[68.48878,27.662462],[68.468191,27.672187],[68.449718,27.676581],[68.433849,27.658026],[68.424327,27.635443],[68.416596,27.627387],[68.404552,27.623603],[68.37794,27.624538],[68.365164,27.623399],[68.352794,27.617743],[68.344737,27.609646],[68.332612,27.590155],[68.325287,27.581366],[68.29835,27.56448],[68.291108,27.556912],[68.289236,27.534613],[68.326182,27.499294],[68.331472,27.477647],[68.324962,27.464789],[68.305675,27.442328],[68.29835,27.429796],[68.296967,27.418769],[68.300873,27.409532],[68.315684,27.393622],[68.326671,27.374132],[68.316987,27.364081],[68.296641,27.361151],[68.274832,27.362738],[68.247081,27.368354],[68.232921,27.369656],[68.219249,27.367865],[68.20989,27.363105],[68.15325,27.300727],[68.146495,27.27912],[68.162201,27.259792],[68.19752,27.244818],[68.205496,27.235948],[68.206716,27.224677],[68.201671,27.214871],[68.192393,27.207221],[68.182384,27.202257],[68.161388,27.200548],[68.134288,27.201524],[68.108979,27.198757],[68.094168,27.185858],[68.094249,27.175727],[68.099213,27.165473],[68.111746,27.147162],[68.117768,27.133979],[68.120697,27.120632],[68.119558,27.107245],[68.113292,27.094102],[68.074474,27.053412],[68.051036,27.021918],[68.040945,27.013373],[68.000011,26.991563],[67.976085,26.969672],[67.966726,26.964423],[67.955333,26.962348],[67.943858,26.963731],[67.92213,26.972032],[67.913015,26.965644],[67.908702,26.957058],[67.908132,26.947089],[67.917003,26.914374],[67.917084,26.90294],[67.914236,26.891181],[67.904714,26.867051],[67.901785,26.861762],[67.894623,26.852078],[67.892589,26.846544],[67.891694,26.83279],[67.902599,26.794135],[67.905284,26.768256],[67.904714,26.742051],[67.902436,26.717393],[67.900645,26.711127],[67.890554,26.694363],[67.884939,26.681952],[67.881358,26.669867],[67.879405,26.657335],[67.878998,26.643826],[67.88087,26.63349],[67.884858,26.624538],[67.891124,26.616523],[67.911225,26.598253],[67.920421,26.586778],[67.926036,26.573676],[67.927338,26.557929],[67.922862,26.537177],[67.922374,26.530056],[67.924734,26.505723],[67.927013,26.498969],[67.919526,26.471706],[67.918712,26.46129],[67.91684,26.451443],[67.913503,26.442003],[67.908295,26.432929],[67.88974,26.410468],[67.886322,26.401801],[67.889903,26.385688],[67.917084,26.358222],[67.927419,26.34394],[67.931895,26.325548],[67.9345,26.287218],[67.939057,26.26907],[67.952566,26.255194],[67.972341,26.24962],[67.993744,26.246121],[68.012136,26.238145],[68.018565,26.230902],[68.02239,26.222683],[68.02825,26.204861],[68.033214,26.19656],[68.039968,26.190741],[68.047944,26.186713],[68.094168,26.174587],[68.110362,26.166327],[68.124115,26.152371],[68.128998,26.143744],[68.132091,26.134711],[68.133393,26.125271],[68.133311,26.115424],[68.127208,26.088324],[68.127208,26.079291],[68.13616,26.062079],[68.153331,26.047146],[68.207286,26.012519],[68.221446,25.999823],[68.233002,25.98489],[68.241954,25.966173],[68.252533,25.932644],[68.259939,25.916693],[68.271088,25.903266],[68.28655,25.893378],[68.318451,25.878241],[68.331554,25.865505],[68.341401,25.852891],[68.347097,25.847846],[68.35434,25.843573],[68.38323,25.832587],[68.391368,25.82685],[68.397716,25.809597],[68.385753,25.795274],[68.365815,25.784288],[68.349132,25.777289],[68.331391,25.765815],[68.321869,25.750515],[68.322683,25.732937],[68.33489,25.714789],[68.353445,25.702908],[68.396495,25.689276],[68.41627,25.678656],[68.426362,25.661241],[68.416108,25.646837],[68.39739,25.633979],[68.382335,25.621161],[68.378835,25.603461],[68.393972,25.567816],[68.39267,25.54918],[68.380382,25.535346],[68.362397,25.527045],[68.343191,25.520779],[68.325857,25.512885],[68.314464,25.498806],[68.315033,25.48371],[68.327891,25.451036],[68.326264,25.435411],[68.310639,25.409288],[68.309825,25.395331],[68.315522,25.385281],[68.332042,25.371609],[68.339447,25.363593],[68.344168,25.352851],[68.349132,25.279324],[68.347179,25.272081],[68.343516,25.265977],[68.332774,25.25495],[68.313569,25.241482],[68.30836,25.236029],[68.304291,25.228054],[68.301768,25.218329],[68.301199,25.208319],[68.302745,25.19953],[68.311615,25.188178],[68.355561,25.16474],[68.360769,25.160264],[68.365896,25.154812],[68.369884,25.148464],[68.370535,25.141791],[68.366222,25.134833],[68.358002,25.131619],[68.348643,25.130968],[68.32252,25.134955],[68.306651,25.135606],[68.294688,25.129096],[68.28948,25.110622],[68.288666,25.10102],[68.287039,25.093126],[68.283702,25.085801],[68.272553,25.070014],[68.268565,25.06212],[68.266368,25.053656],[68.266531,25.044053],[68.273448,25.00963],[68.273692,24.992743],[68.2671,24.976345],[68.260834,24.969265],[68.253347,24.964545],[68.245128,24.963731],[68.237071,24.968207],[68.231212,24.976426],[68.222585,24.995225],[68.215424,25.002631],[68.197765,25.006374],[68.180593,24.998236],[68.165457,24.98432],[68.142589,24.956488],[68.134776,24.941474],[68.132253,24.925238],[68.136811,24.907416],[68.144135,24.895209],[68.146495,24.888861],[68.145518,24.881619],[68.140636,24.874091],[68.133067,24.869005],[68.123953,24.866278],[68.115001,24.86579],[68.078705,24.875922],[68.060639,24.877305],[68.044037,24.868354],[68.037527,24.853461],[68.042247,24.839138],[68.050222,24.824734],[68.053315,24.809516],[68.047455,24.790717],[68.036062,24.77497],[68.009207,24.746161],[68.001069,24.732245],[67.986827,24.687567],[67.970307,24.656317],[67.968761,24.64114],[67.978445,24.625067],[68.003998,24.601142],[68.010509,24.587348],[68.006765,24.569892],[68.002045,24.562323],[67.996593,24.555976],[67.990245,24.550727],[67.966889,24.53852],[67.960948,24.532823],[67.957937,24.524482],[67.958263,24.516547],[67.967377,24.494167],[67.97169,24.479438],[67.974132,24.464301],[67.974213,24.45657],[67.973074,24.44953],[67.970307,24.442898],[67.966319,24.436306],[67.956716,24.43122],[67.943858,24.432196],[67.920095,24.436713],[67.915294,24.435248],[67.900645,24.427069],[67.877208,24.420681],[67.858897,24.418809],[67.849539,24.416612],[67.843354,24.411892],[67.842052,24.403388],[67.846202,24.396104],[67.858653,24.383857],[67.863536,24.375841],[67.867931,24.366034],[67.870535,24.35578],[67.870046,24.346462],[67.854747,24.333319],[67.830333,24.339138],[67.805431,24.348456],[67.788097,24.3463],[67.784679,24.336046],[67.78769,24.325019],[67.794363,24.314724],[67.801524,24.306667],[67.819021,24.29267],[67.826101,24.284857],[67.830333,24.273871],[67.8296,24.263536],[67.824799,24.255194],[67.816824,24.2508],[67.80657,24.252387],[67.788097,24.266547],[67.778087,24.271308],[67.766531,24.269314],[67.758067,24.261013],[67.755626,24.250271],[67.756358,24.227159],[67.753184,24.20539],[67.749929,24.19477],[67.745209,24.185085],[67.737804,24.17414],[67.729747,24.166571],[67.719819,24.163682],[67.707042,24.166612],[67.687022,24.174872],[67.676768,24.175605],[67.666026,24.171576],[67.659679,24.166124],[67.65504,24.159125],[67.652273,24.15115],[67.651296,24.14289],[67.653331,24.132839],[67.661632,24.114447],[67.663585,24.106431]],[[79.437266,32.738105],[79.422374,32.752712],[79.399343,32.792751],[79.356944,32.850694],[79.336436,32.860419],[79.327403,32.868476],[79.317882,32.908271],[79.308604,32.928168],[79.289236,32.936794],[79.284272,32.94005],[79.273692,32.954617],[79.268891,32.957831],[79.224376,32.970893],[79.181895,32.989325],[79.152354,33.015408],[79.100841,33.080756],[78.955333,33.201239],[78.935802,33.211127],[78.924083,33.212836],[78.91505,33.210395],[78.906993,33.206732],[78.898529,33.204901],[78.797781,33.153103],[78.78655,33.14997],[78.771902,33.149685],[78.760834,33.152289],[78.734386,33.163275],[78.710948,33.165351],[78.592377,33.207872],[78.576671,33.211127],[78.570567,33.216498],[78.559093,33.240424],[78.548757,33.245876],[78.538259,33.247585],[78.511241,33.259548],[78.433523,33.282416],[78.406261,33.299425],[78.366303,33.344062],[78.353038,33.354682],[78.335867,33.360297],[78.3095,33.361925],[78.291026,33.365505],[78.276541,33.374294],[78.25172,33.396674],[78.195811,33.432888],[78.162608,33.461859],[78.152273,33.46894],[78.149099,33.479844],[78.158376,33.525336],[78.157807,33.54796],[78.149832,33.566514],[78.131358,33.574246],[78.100841,33.577826],[78.092459,33.588406],[78.090831,33.605536],[78.079845,33.628852],[78.066987,33.638129],[78.022472,33.659451],[78.007823,33.663601],[77.996511,33.673936],[77.958751,33.722846],[77.942556,33.738715],[77.884207,33.769151],[77.870372,33.773464],[77.858409,33.780382],[77.733897,33.921983],[77.660411,34.029324],[77.593272,34.088162],[77.556163,34.113471],[77.53419,34.124538],[77.5053,34.131212],[77.497569,34.135077],[77.488862,34.136908],[77.466563,34.130439],[77.433604,34.128485],[77.421316,34.129096],[77.339366,34.160183],[77.333751,34.1824],[77.319591,34.196153],[77.299571,34.202989],[77.277354,34.20421],[77.272716,34.202012],[77.269135,34.193386],[77.263682,34.191189],[77.257091,34.19184],[77.252208,34.193915],[77.248057,34.196234],[77.23349,34.20128],[77.217052,34.209906],[77.196788,34.212958],[77.184093,34.216498],[77.172862,34.221991],[77.167979,34.229031],[77.164073,34.237372],[77.154714,34.23725],[77.143484,34.233913],[77.133881,34.232123],[77.112722,34.237576],[77.07073,34.255561],[77.043386,34.26199],[77.036143,34.268866],[77.032481,34.278835],[77.031505,34.290798],[76.990001,34.307888],[76.904307,34.307888],[76.887706,34.311143],[76.842784,34.330349],[76.788585,34.37169],[76.772716,34.389512],[76.770274,34.403428],[76.737722,34.424262],[76.694021,34.44123],[76.6845,34.447821],[76.625092,34.518826],[76.611827,34.54267],[76.600108,34.554267],[76.584402,34.5633],[76.538097,34.574774],[76.523448,34.582628],[76.490245,34.608913],[76.449474,34.631415],[76.435069,34.636827],[76.387462,34.64411],[76.372976,34.649848],[76.372976,34.643622],[76.334239,34.657986],[76.316824,34.667792],[76.300873,34.680854],[76.242686,34.746039],[76.234386,34.752305],[76.220876,34.760321],[76.215343,34.766547],[76.210378,34.777371],[76.203217,34.802558],[76.189871,34.829901],[76.190359,34.853054],[76.195404,34.87519],[76.201671,34.890692],[76.206391,34.897081],[76.218028,34.908515],[76.222748,34.917344],[76.224864,34.931423],[76.221934,34.941026],[76.217459,34.948188],[76.215343,34.954901],[76.210216,34.95893],[76.185802,34.965115],[76.177745,34.968858],[76.15032,34.989285],[76.12322,35.016384],[76.075613,35.051134],[76.06129,35.066474],[76.052664,35.072577],[76.041108,35.075019],[76.038259,35.077012],[76.03655,35.087592],[76.034272,35.092393],[76.027436,35.096055],[76.011241,35.09455],[76.003673,35.096137],[75.957449,35.148261],[75.945323,35.157009],[75.921641,35.165554],[75.914968,35.185614],[75.915619,35.208564],[75.914236,35.225857],[75.90797,35.234442],[75.90089,35.238471],[75.893565,35.241278],[75.886974,35.246365],[75.882498,35.254259],[75.874604,35.275946],[75.859386,35.303046],[75.85377,35.324042],[75.843272,35.341376],[75.817963,35.349392],[75.79713,35.34337],[75.768077,35.31448],[75.746349,35.307807],[75.726492,35.308051],[75.721283,35.311062],[75.712169,35.318386],[75.699962,35.322862],[75.689138,35.319159],[75.67864,35.312323],[75.667247,35.307807],[75.635916,35.314154],[75.486095,35.415595],[75.46933,35.431098],[75.462413,35.448065],[75.451752,35.46015],[75.427175,35.471137],[75.399506,35.476671],[75.379812,35.472276],[75.362804,35.485907],[75.352468,35.505316],[75.347097,35.527859],[75.345714,35.551093],[75.339366,35.575303],[75.323253,35.585639],[75.105479,35.602607],[75.085948,35.601752],[75.080007,35.603583],[75.07073,35.609442],[75.061534,35.618842],[75.055756,35.627875],[75.048269,35.63463],[75.033214,35.637315],[74.989268,35.640082],[74.967296,35.644314],[74.948334,35.650987],[74.938569,35.657172],[74.920502,35.678331],[74.88974,35.701931],[74.872488,35.711737],[74.850108,35.716864],[74.772716,35.717963],[74.76295,35.719306],[74.745209,35.724148],[74.739757,35.728339],[74.742442,35.749701],[74.747488,35.768663],[74.747081,35.777167],[74.72462,35.785997],[74.722911,35.798285],[74.728608,35.822333],[74.726573,35.836371],[74.72462,35.841579],[74.656749,35.842841],[74.638927,35.836371],[74.630463,35.820868],[74.629161,35.802436],[74.632498,35.786933],[74.639171,35.777371],[74.64503,35.77558],[74.648204,35.772895],[74.646902,35.760281],[74.641205,35.759467],[74.629487,35.749538],[74.621674,35.737901],[74.629161,35.732367],[74.635183,35.728705],[74.644054,35.720079],[74.650483,35.710028],[74.649913,35.701931],[74.611339,35.671495],[74.609467,35.660509],[74.611339,35.649522],[74.624278,35.620144],[74.628673,35.613715],[74.631602,35.606228],[74.632498,35.527452],[74.607188,35.495795],[74.564708,35.483669],[74.516694,35.478135],[74.474864,35.466091],[74.459565,35.453559],[74.443614,35.437445],[74.42571,35.423529],[74.403575,35.41767],[74.317882,35.41767],[74.27003,35.427558],[74.246674,35.426703],[74.207042,35.404893],[74.183442,35.402655],[74.15919,35.405341],[74.139659,35.410834],[74.129324,35.417182],[74.10906,35.433539],[74.098155,35.438178],[74.087576,35.437852],[74.046886,35.431342],[74.029796,35.434272],[73.967784,35.458604],[73.923106,35.489691],[73.910818,35.494086],[73.862315,35.492743],[73.836925,35.49726],[73.756114,35.527452],[73.627208,35.543484],[73.563569,35.542304],[73.502371,35.534369],[73.463145,35.558132],[73.439952,35.562201],[73.395925,35.543524],[73.344005,35.548936],[73.323416,35.548041],[73.312429,35.541571],[73.307709,35.533515],[73.303722,35.513251],[73.304128,35.512071],[73.29835,35.486274],[73.296886,35.482856],[73.294688,35.473944],[73.285411,35.453437],[73.283214,35.44123],[73.280284,35.434841],[73.266694,35.414171],[73.262706,35.403998],[73.262706,35.343126],[73.260183,35.337429],[73.251069,35.324978],[73.249034,35.318386],[73.258556,35.306586],[73.276134,35.298163],[73.285411,35.285224],[73.26946,35.260037],[73.250662,35.248725],[73.201915,35.233262],[73.118663,35.184882],[73.053233,35.126532],[73.038829,35.116523],[73.003998,35.099066],[72.988292,35.08869],[72.950857,35.050727],[72.927989,35.034939],[72.90919,35.037787],[72.899506,35.042507],[72.892019,35.036973],[72.887136,35.026679],[72.885265,35.016669],[72.888113,35.008979],[72.893891,35.00198],[72.898855,34.992784],[72.898936,34.978827],[72.891368,34.961859],[72.869395,34.929023],[72.864838,34.906806],[72.872325,34.892035],[72.890636,34.884711],[72.933604,34.87641],[72.969168,34.856553],[72.986339,34.840115],[72.98463,34.824897],[72.975597,34.821885],[72.962901,34.82038],[72.951671,34.817694],[72.946788,34.81155],[72.943777,34.806586],[72.927175,34.787543],[72.919444,34.780829],[72.888113,34.771511],[72.854747,34.769314],[72.824474,34.76081],[72.802745,34.732449],[72.80071,34.717231],[72.809581,34.674099],[72.804861,34.657172],[72.785411,34.637478],[72.781668,34.622504]],[[79.73463,32.443915],[79.719656,32.45246],[79.67628,32.511583],[79.461518,32.707384],[79.429779,32.744981]],[[67.663585,24.106431],[67.661388,24.1081]],[[67.663585,24.106431],[67.664073,24.104763],[67.658132,24.083808],[67.63974,24.070828],[67.616466,24.065212],[67.573171,24.068549],[67.552338,24.066596],[67.532319,24.060492]],[[67.71339,24.066433],[67.701915,24.078559],[67.663585,24.106431]],[[67.71339,24.066433],[67.723725,24.062934],[67.737885,24.056952],[67.753673,24.054145],[67.760183,24.052843]],[[67.925873,23.982449],[67.9428,23.986518],[67.95574,23.994493],[67.954845,24.004421],[67.945079,24.017361],[67.932628,24.045518],[67.924246,24.055976],[67.911143,24.063096],[67.868907,24.076443],[67.853526,24.075466],[67.828298,24.065294],[67.811127,24.062771],[67.794688,24.06623],[67.777924,24.071641],[67.764903,24.071845],[67.759695,24.059353],[67.7671,24.023017],[67.786713,24.002956],[67.815196,23.994737],[67.883311,23.993964],[67.900645,23.990912],[67.913992,23.983954],[67.925548,23.982367],[67.925873,23.982449]],[[67.925873,23.982449],[67.926768,23.984931]],[[68.024506,23.933661],[68.022065,23.949327],[68.016368,23.968085],[68.016612,23.978949],[68.02003,23.994574],[68.018891,24.001492],[68.013927,24.00963],[68.007091,24.015937],[67.999278,24.018744],[67.990733,24.018581],[67.981456,24.015937],[67.973155,24.010932],[67.966726,24.005235],[67.956391,23.999457]],[[67.65089,23.93122],[67.668712,23.943712],[67.707612,23.947455],[67.725515,23.953559],[67.731375,23.965155],[67.728933,23.980333],[67.722667,23.997382],[67.719249,24.015001],[67.719819,24.049994],[67.71339,24.066433]],[[67.857514,23.909491],[67.857514,23.915351],[67.86085,23.9324],[67.862722,23.938015],[67.868175,23.944525],[67.875662,23.949083],[67.884044,23.952175],[67.910167,23.957709],[67.915538,23.960883],[67.919526,23.965115],[67.925873,23.982449]]]}},{"type":"Feature","properties":{"dissolve":"599River","scalerank":7.0,"featurecla":"River","name":"Yong","name_alt":null,"rivernum":599,"note":null,"min_zoom":6.0,"name_en":"Yong","min_label":7.0},"bbox":[108.092296,22.733262,108.928233,22.884101],"geometry":{"type":"MultiLineString","coordinates":[[[108.092296,22.844346],[108.110362,22.844916],[108.118582,22.842353],[108.112234,22.821845],[108.110362,22.803168],[108.116954,22.787177],[108.135509,22.774848],[108.162852,22.772895],[108.183035,22.785264],[108.189464,22.804389],[108.176362,22.822618],[108.176362,22.830105],[108.197765,22.836697],[108.216238,22.836982],[108.232432,22.833035],[108.247651,22.826606],[108.272553,22.815782],[108.311046,22.807644],[108.3296,22.799262],[108.327891,22.787909],[108.327891,22.781684],[108.342459,22.786933],[108.35255,22.788642],[108.379324,22.787055],[108.388276,22.783149],[108.396088,22.781684],[108.399669,22.782538],[108.40919,22.786892],[108.427989,22.792304],[108.452403,22.811591],[108.463796,22.815782],[108.475108,22.81037],[108.481863,22.797553],[108.484793,22.781765],[108.484874,22.767401],[108.498139,22.799343],[108.506847,22.810126],[108.512218,22.794704],[108.544444,22.811957],[108.555675,22.823676],[108.560069,22.839708],[108.568126,22.847195],[108.628917,22.843126],[108.779796,22.863593],[108.833018,22.881374],[108.852061,22.884101],[108.873464,22.880927],[108.8838,22.872138],[108.897634,22.843126],[108.920095,22.816596],[108.928233,22.801459],[108.920665,22.794704],[108.908783,22.791612],[108.904307,22.784776],[108.901134,22.77794],[108.893647,22.774848],[108.885916,22.777452],[108.878835,22.781277],[108.873057,22.779975],[108.869721,22.767401],[108.872325,22.754991],[108.880382,22.745795],[108.897634,22.733262]]]}},{"type":"Feature","properties":{"dissolve":"600River","scalerank":7.0,"featurecla":"River","name":"Brahmani","name_alt":null,"rivernum":600,"note":null,"min_zoom":6.0,"name_en":"Brahmani","min_label":7.0},"bbox":[84.668061,20.611396,86.940115,22.265204],"geometry":{"type":"MultiLineString","coordinates":[[[84.668061,22.265204],[84.679454,22.247097],[84.709402,22.244452],[84.772878,22.252468],[84.796479,22.238593],[84.817312,22.209825],[84.863292,22.098253],[84.867686,22.092353],[84.873546,22.087755],[84.878917,22.082587],[84.881847,22.074571],[84.879812,22.069403],[84.869884,22.062364],[84.867442,22.058905],[84.874034,21.982123],[84.875987,21.973415],[84.885265,21.957831],[84.886974,21.950263],[84.88323,21.937364],[84.876475,21.929633],[84.86907,21.922919],[84.863536,21.913398],[84.862071,21.888983],[84.871674,21.869167],[84.888927,21.853339],[84.91505,21.837348],[84.926199,21.827989],[84.931733,21.82571],[84.938243,21.826931],[84.944428,21.830593],[84.949474,21.834255],[84.952403,21.835761],[84.964773,21.834052],[84.970144,21.832628],[84.973888,21.82746],[84.988292,21.799099],[84.995616,21.778022],[84.999115,21.756903],[84.995209,21.741319],[84.967703,21.729315],[84.931651,21.724921],[84.904307,21.712917],[84.903738,21.677802],[84.925548,21.655341],[84.992768,21.628933],[85.010346,21.603542],[85.009776,21.570421],[85.001231,21.534857],[84.987315,21.5008],[84.970876,21.47252],[84.940115,21.439643],[84.933523,21.423651],[84.939708,21.399522],[84.962576,21.356391],[84.976736,21.339464],[84.997813,21.320014],[85.015066,21.299262],[85.041515,21.250312],[85.057546,21.231716],[85.075206,21.223944],[85.113536,21.21662],[85.129487,21.203884],[85.135753,21.187608],[85.13323,21.172431],[85.126964,21.156806],[85.122162,21.139228],[85.127615,21.107937],[85.149018,21.08751],[85.204112,21.055528],[85.229991,21.029893],[85.243093,21.005805],[85.246349,20.979315],[85.240245,20.926215],[85.24114,20.915798],[85.244884,20.906684],[85.253917,20.898139],[85.275076,20.886664],[85.283376,20.87934],[85.288015,20.870429],[85.291515,20.851996],[85.295014,20.843085],[85.310557,20.825141],[85.331391,20.808783],[85.354503,20.796007],[85.552419,20.741238],[85.580496,20.739936],[85.607839,20.754096],[85.62322,20.773708],[85.631114,20.790961],[85.641368,20.806464],[85.764659,20.875108],[85.812022,20.887152],[85.878022,20.876044],[85.920909,20.868435],[86.073334,20.867743],[86.110769,20.875515],[86.131358,20.873725],[86.197358,20.847602],[86.206391,20.842231],[86.221446,20.826361],[86.22991,20.819892],[86.266124,20.80447],[86.444021,20.683295],[86.47405,20.672797],[86.508881,20.67829],[86.557628,20.700466],[86.571544,20.704291],[86.591889,20.700995],[86.62672,20.68183],[86.647472,20.681505],[86.666921,20.684272],[86.688975,20.683051],[86.710704,20.678168],[86.729096,20.670233],[86.743744,20.658311],[86.749522,20.646104],[86.749278,20.611396],[86.761811,20.621894],[86.773936,20.628933],[86.787039,20.633368],[86.802175,20.636094],[86.810557,20.640733],[86.810639,20.658149],[86.817556,20.66531],[86.8296,20.665961],[86.843028,20.662869],[86.857432,20.661078],[86.872651,20.665717],[86.902354,20.686713],[86.917898,20.695014],[86.940115,20.698025]]]}},{"type":"Feature","properties":{"dissolve":"601River","scalerank":7.0,"featurecla":"River","name":"Sepik","name_alt":null,"rivernum":601,"note":null,"min_zoom":6.0,"name_en":"Sepik","min_label":7.0},"bbox":[140.916108,-5.218764,144.537608,-3.802423],"geometry":{"type":"MultiLineString","coordinates":[[[144.416108,-3.901788],[144.379812,-3.877944],[144.365326,-3.864435],[144.359467,-3.844659],[144.350352,-3.829034],[144.31129,-3.824884],[144.297293,-3.802423]],[[144.416108,-3.901788],[144.437592,-3.897393],[144.444428,-3.886407],[144.446544,-3.862481],[144.451834,-3.838556],[144.468761,-3.827976],[144.47991,-3.834649],[144.489675,-3.850437],[144.495697,-3.868585],[144.496023,-3.883152],[144.489757,-3.88836],[144.455089,-3.903009],[144.479747,-3.916192],[144.501882,-3.898614],[144.537608,-3.848321]],[[141.845876,-5.205743],[141.836681,-5.209405],[141.828136,-5.21087],[141.820079,-5.209812],[141.811697,-5.205743],[141.786062,-5.218764],[141.756114,-5.212416],[141.725841,-5.199233],[141.682058,-5.188653],[141.655365,-5.171401],[141.640636,-5.164727],[141.625011,-5.163018],[141.609955,-5.163507],[141.595714,-5.162042],[141.582123,-5.154474],[141.553803,-5.1242],[141.541515,-5.10711],[141.531749,-5.089288],[141.527924,-5.072931],[141.527354,-5.039239],[141.521902,-5.024102],[141.511811,-5.005711],[141.492931,-4.948175],[141.48585,-4.928155],[141.481293,-4.918878],[141.474701,-4.909845],[141.469168,-4.905125],[141.448822,-4.896173],[141.404877,-4.863458],[141.387543,-4.855483],[141.208914,-4.807794],[141.179698,-4.787449],[141.155772,-4.760756],[141.151785,-4.752618],[141.154796,-4.742527],[141.173106,-4.728204],[141.177419,-4.721612],[141.173106,-4.704767],[141.161632,-4.692885],[141.146007,-4.684421],[141.066905,-4.657159],[141.050304,-4.646498],[141.035167,-4.626642],[141.010509,-4.581964],[140.991954,-4.560968],[140.959239,-4.534031],[140.943777,-4.516046],[140.937266,-4.496433],[140.93629,-4.47739],[140.932546,-4.454604],[140.925955,-4.432794],[140.916108,-4.416925],[140.928396,-4.402683],[140.944021,-4.348565],[140.963878,-4.314467],[140.971446,-4.310479],[140.989675,-4.305597],[140.999441,-4.300226],[141.012543,-4.284356],[141.012543,-4.270522],[140.999441,-4.238702],[140.994151,-4.204604],[141.000987,-4.170424],[141.007416,-4.154962],[141.017019,-4.139825],[141.028738,-4.126316],[141.041921,-4.115248],[141.046886,-4.113132],[141.058523,-4.110203],[141.062266,-4.108412],[141.069265,-4.096531],[141.069835,-4.09474],[141.088796,-4.084649],[141.098399,-4.08172],[141.11085,-4.081069],[141.120128,-4.083673],[141.133393,-4.092787],[141.145518,-4.09474],[141.158783,-4.093683],[141.164154,-4.090834],[141.166921,-4.086602],[141.17213,-4.081069],[141.173757,-4.077651],[141.177745,-4.06463],[141.179698,-4.060561],[141.184255,-4.059747],[141.194916,-4.067397],[141.200206,-4.066827],[141.204031,-4.061537],[141.213878,-4.040704],[141.213878,-4.032647],[141.199229,-4.028009],[141.2046,-4.021824],[141.217784,-4.0145],[141.22755,-4.006687],[141.227957,-3.999688],[141.225678,-3.98976],[141.222748,-3.981296],[141.220714,-3.978692],[141.22755,-3.972589],[141.236827,-3.968601],[141.24464,-3.968764],[141.247976,-3.975274],[141.254242,-3.993585],[141.2671,-3.990411],[141.278087,-3.978692],[141.278901,-3.971856],[141.294851,-3.969578],[141.305431,-3.962823],[141.308604,-3.952162],[141.302664,-3.937839],[141.316335,-3.937351],[141.323009,-3.94256],[141.32724,-3.951186],[141.333995,-3.961358],[141.343435,-3.966241],[141.353119,-3.965183],[141.357026,-3.959649],[141.349701,-3.951349],[141.349701,-3.944513],[141.365245,-3.938002],[141.394216,-3.922052],[141.405528,-3.923354],[141.404063,-3.931329],[141.402843,-3.94614],[141.406342,-3.955011],[141.419363,-3.944513],[141.448416,-3.974298],[141.459483,-3.98032],[141.462332,-3.983575],[141.466726,-3.986017],[141.473888,-3.985528],[141.475027,-3.981134],[141.474294,-3.972182],[141.475352,-3.96323],[141.480724,-3.957533],[141.491222,-3.957696],[141.506114,-3.968927],[141.531342,-3.973647],[141.552013,-3.982354],[141.563243,-3.985528],[141.549083,-3.957533],[141.563243,-3.951349],[141.58489,-3.975763],[141.594493,-3.991713],[141.597341,-4.006687],[141.631114,-3.983901],[141.645274,-3.978692],[141.641368,-3.976088],[141.63144,-3.971856],[141.63144,-3.96502],[141.653494,-3.973077],[141.669688,-3.984063],[141.685639,-3.989109],[141.707286,-3.978692],[141.712494,-3.996433],[141.725597,-4.010756],[141.743175,-4.017511],[141.761974,-4.012872],[141.763438,-4.033705],[141.777599,-4.041355],[141.795665,-4.046726],[141.809662,-4.060561],[141.795095,-4.077],[141.790294,-4.087335],[141.79599,-4.09474],[141.823253,-4.081069],[141.831554,-4.084812],[141.8331,-4.086928],[141.833507,-4.089695],[141.837494,-4.09474],[141.840424,-4.100518],[141.841889,-4.116388],[141.843761,-4.122084],[141.850597,-4.126153],[141.858002,-4.124688],[141.865326,-4.121759],[141.871755,-4.122084],[141.878998,-4.129246],[141.885183,-4.137221],[141.892996,-4.141453],[141.905284,-4.136244],[141.91212,-4.137221],[141.918793,-4.137384],[141.92628,-4.136244],[141.930756,-4.157729],[141.932628,-4.180352],[141.935639,-4.188328],[141.94337,-4.192722],[141.96046,-4.197768],[141.943614,-4.211358],[141.938975,-4.21974],[141.938731,-4.231948],[141.932628,-4.231948],[141.922293,-4.226251],[141.916515,-4.236749],[141.918061,-4.251642],[141.929454,-4.25921],[141.929128,-4.261407],[141.946788,-4.272882],[141.955333,-4.275323],[141.962006,-4.274102],[141.966319,-4.27573],[141.967296,-4.286554],[141.980968,-4.280287],[141.992117,-4.295343],[142.018158,-4.294285],[142.056651,-4.283543],[142.064382,-4.264825],[142.081147,-4.270685],[142.107921,-4.293959],[142.119151,-4.285984],[142.124441,-4.267511],[142.127452,-4.246596],[142.131847,-4.231948],[142.139578,-4.257745],[142.145844,-4.268487],[142.155935,-4.272882],[142.159597,-4.26629],[142.160818,-4.235365],[142.165945,-4.225112],[142.171967,-4.228855],[142.189545,-4.245782],[142.193289,-4.242527],[142.221446,-4.229669],[142.228038,-4.225112],[142.232026,-4.231866],[142.238699,-4.240411],[142.24114,-4.246108],[142.248546,-4.246108],[142.255463,-4.229832],[142.264578,-4.225274],[142.27239,-4.233738],[142.275808,-4.255792],[142.282237,-4.266453],[142.29713,-4.270929],[142.315115,-4.27394],[142.330496,-4.280287],[142.338145,-4.268569],[142.348562,-4.271987],[142.372081,-4.293959],[142.373139,-4.29754],[142.371755,-4.301772],[142.371593,-4.305515],[142.375662,-4.307061],[142.38144,-4.306004],[142.384288,-4.303643],[142.386241,-4.301283],[142.389089,-4.300226],[142.398204,-4.30169],[142.403494,-4.304213],[142.409272,-4.304864],[142.420421,-4.300226],[142.433442,-4.288751],[142.422537,-4.283543],[142.403901,-4.279718],[142.392507,-4.272882],[142.39796,-4.25864],[142.417247,-4.253432],[142.4546,-4.252374],[142.446544,-4.248386],[142.441498,-4.243992],[142.434093,-4.231948],[142.471202,-4.234063],[142.481293,-4.231948],[142.490001,-4.223321],[142.506277,-4.196629],[142.511974,-4.190932],[142.529226,-4.19378],[142.535492,-4.201349],[142.537608,-4.212091],[142.542654,-4.225112],[142.556082,-4.244561],[142.561534,-4.244806],[142.563894,-4.22853],[142.567393,-4.218194],[142.576101,-4.210789],[142.586192,-4.206069],[142.594249,-4.204604],[142.597585,-4.202976],[142.600352,-4.19964],[142.604421,-4.197117],[142.611501,-4.197768],[142.616466,-4.220636],[142.618337,-4.225112],[142.633474,-4.225518],[142.641612,-4.219578],[142.64503,-4.20851],[142.645844,-4.19435],[142.643565,-4.182306],[142.640554,-4.174168],[142.641775,-4.164972],[142.652599,-4.149916],[142.676524,-4.202081],[142.679861,-4.214532],[142.684255,-4.222833],[142.694835,-4.2256],[142.732026,-4.225763],[142.738455,-4.227879],[142.748057,-4.238702],[142.750011,-4.243666],[142.748546,-4.248468],[142.750499,-4.253595],[142.762543,-4.25921],[142.772634,-4.260756],[142.835541,-4.25864],[142.845225,-4.25392],[142.841807,-4.241876],[142.831391,-4.218276],[142.863292,-4.216485],[142.88087,-4.217625],[142.890717,-4.208673],[142.907481,-4.15366],[142.921886,-4.126479],[142.938975,-4.114435],[142.954194,-4.136244],[142.958751,-4.129083],[142.961681,-4.119073],[142.96282,-4.107273],[142.961681,-4.09474],[142.969168,-4.10239],[142.974864,-4.110365],[142.979015,-4.119155],[142.981456,-4.128839],[142.993093,-4.113783],[142.996186,-4.073582],[143.0088,-4.081069],[143.028819,-4.068373],[143.047293,-4.073419],[143.065115,-4.085789],[143.083914,-4.09474],[143.097667,-4.095636],[143.12558,-4.093438],[143.139171,-4.09474],[143.155691,-4.099786],[143.163015,-4.105401],[143.17335,-4.128839],[143.172537,-4.134698],[143.168386,-4.139581],[143.166515,-4.144382],[143.17335,-4.149916],[143.181814,-4.151056],[143.188487,-4.147149],[143.194347,-4.141127],[143.200613,-4.136244],[143.215587,-4.129571],[143.225352,-4.126479],[143.233002,-4.128595],[143.241628,-4.136244],[143.249441,-4.149102],[143.260509,-4.178399],[143.269542,-4.190932],[143.28004,-4.198663],[143.289236,-4.201023],[143.295828,-4.194675],[143.296886,-4.17669],[143.310802,-4.190606],[143.304861,-4.208347],[143.295014,-4.227472],[143.296886,-4.246108],[143.303966,-4.241876],[143.324799,-4.231948],[143.331065,-4.244806],[143.335704,-4.260919],[143.341563,-4.274835],[143.351492,-4.280287],[143.374278,-4.25978],[143.387299,-4.254083],[143.397553,-4.284112],[143.408702,-4.29461],[143.423106,-4.297865],[143.437511,-4.290216],[143.445242,-4.276218],[143.444347,-4.263849],[143.440929,-4.251886],[143.440929,-4.238702],[143.451427,-4.225518],[143.474539,-4.206557],[143.502208,-4.19435],[143.526785,-4.201186],[143.554779,-4.224949],[143.5713,-4.235772],[143.578624,-4.235284],[143.582774,-4.227553],[143.592377,-4.218194],[143.603608,-4.209649],[143.612071,-4.204604],[143.606944,-4.199558],[143.597992,-4.184096],[143.675141,-4.193373],[143.706147,-4.210463],[143.714692,-4.246108],[143.732839,-4.232436],[143.734955,-4.22853],[143.73878,-4.223972],[143.747081,-4.226414],[143.756358,-4.230808],[143.762299,-4.231948],[143.767019,-4.224461],[143.782807,-4.187514],[143.835134,-4.177423],[143.853526,-4.169285],[143.824474,-4.156183],[143.842865,-4.150405],[143.901296,-4.143406],[143.917247,-4.146336],[143.924246,-4.163588],[143.927419,-4.183119],[143.931814,-4.188328],[143.951834,-4.121515],[143.963634,-4.115737],[143.985444,-4.132664],[144.005056,-4.140313],[144.024669,-4.132338],[144.033946,-4.116632],[144.023692,-4.101007],[144.040294,-4.095717],[144.055593,-4.101495],[144.070974,-4.110691],[144.088471,-4.115248],[144.089936,-4.107599],[144.078624,-4.090997],[144.057872,-4.066827],[144.079112,-4.070245],[144.120128,-4.084649],[144.136322,-4.087905],[144.153901,-4.083917],[144.214854,-4.053155],[144.226329,-4.050795],[144.233002,-4.051935],[144.237641,-4.050632],[144.242198,-4.040704],[144.241222,-4.033624],[144.230968,-4.01808],[144.228526,-4.009698],[144.234874,-3.990086],[144.250499,-3.974542],[144.270518,-3.965509],[144.289968,-3.96502],[144.300955,-3.970392],[144.320893,-3.986993],[144.331554,-3.993015],[144.343679,-3.995782],[144.353445,-3.995457],[144.369314,-3.993015],[144.379242,-3.986668],[144.392589,-3.971612],[144.405365,-3.953464],[144.413503,-3.937839],[144.413097,-3.925632],[144.410818,-3.912449],[144.416108,-3.901788]]]}},{"type":"Feature","properties":{"dissolve":"608River","scalerank":7.0,"featurecla":"River","name":"Srepok","name_alt":null,"rivernum":608,"note":null,"min_zoom":6.0,"name_en":"Srepok","min_label":7.0},"bbox":[105.970307,13.237087,107.377371,13.58572],"geometry":{"type":"MultiLineString","coordinates":[[[107.377371,13.237087],[107.369884,13.281114],[107.371104,13.290107],[107.365733,13.294379],[107.356049,13.313096],[107.350841,13.31741],[107.327403,13.317491],[107.316905,13.315619],[107.306895,13.310614],[107.295828,13.32331],[107.282237,13.35517],[107.271983,13.365831],[107.253673,13.369981],[107.244884,13.361274],[107.239513,13.346137],[107.231049,13.331081],[107.20224,13.315294],[107.1421,13.323269],[107.107595,13.310614],[107.090587,13.326768],[107.035248,13.403388],[107.028331,13.417344],[107.023936,13.442654],[107.015229,13.473334],[107.011322,13.481879],[107.005056,13.481879],[106.990733,13.474555],[106.98406,13.486518],[106.979503,13.504828],[106.97047,13.516669],[106.96046,13.513373],[106.950613,13.503241],[106.938487,13.496405],[106.921967,13.502997],[106.921641,13.498318],[106.920665,13.497423],[106.918956,13.497626],[106.915701,13.496161],[106.921641,13.482978],[106.91684,13.479275],[106.908132,13.480414],[106.902192,13.481879],[106.895763,13.485622],[106.893077,13.491726],[106.888601,13.493842],[106.87794,13.485622],[106.874034,13.470038],[106.880626,13.454942],[106.879893,13.442491],[106.85377,13.43476],[106.835053,13.435818],[106.819835,13.442898],[106.809581,13.455146],[106.805919,13.471991],[106.797374,13.478135],[106.778331,13.481269],[106.744558,13.481879],[106.735037,13.479438],[106.715343,13.471015],[106.704112,13.468288],[106.65919,13.468288],[106.643158,13.463162],[106.632253,13.453966],[106.620046,13.450303],[106.600515,13.461371],[106.589366,13.477647],[106.580984,13.51557],[106.564871,13.541287],[106.561534,13.549018],[106.557384,13.555121],[106.549327,13.557644],[106.511729,13.563829],[106.477306,13.560126],[106.475108,13.539089],[106.485932,13.511786],[106.490652,13.489325],[106.487234,13.485704],[106.474213,13.478949],[106.470144,13.475694],[106.468191,13.4678],[106.467784,13.44831],[106.463878,13.440945],[106.445811,13.432237],[106.439138,13.44123],[106.43808,13.456895],[106.436046,13.468288],[106.430593,13.471259],[106.415294,13.473497],[106.408702,13.475694],[106.403819,13.480536],[106.398367,13.492255],[106.39503,13.496161],[106.385509,13.501492],[106.359304,13.510077],[106.349701,13.512803],[106.340343,13.516669],[106.316987,13.529364],[106.279307,13.557685],[106.204275,13.582709],[106.189952,13.58572],[106.151947,13.585557],[106.137706,13.582587],[106.112804,13.5692],[106.061046,13.551825],[106.054128,13.550971],[106.047862,13.55211],[106.043061,13.555854],[106.039643,13.560411],[106.035818,13.564399],[106.029796,13.566474],[106.02296,13.565701],[106.015717,13.562934],[105.987397,13.545844],[105.978526,13.54206],[105.970307,13.541449]]]}},{"type":"Feature","properties":{"dissolve":"621River","scalerank":7.0,"featurecla":"River","name":"Igan","name_alt":null,"rivernum":621,"note":null,"min_zoom":6.0,"name_en":"Igan","min_label":7.0},"bbox":[111.657807,2.291531,111.863292,2.840155],"geometry":{"type":"MultiLineString","coordinates":[[[111.814952,2.291531],[111.828217,2.313585],[111.830984,2.322048],[111.829112,2.333075],[111.824636,2.341824],[111.816905,2.349473],[111.806895,2.35224],[111.795014,2.346137],[111.787852,2.381374],[111.812104,2.403632],[111.844819,2.422919],[111.863292,2.449164],[111.855479,2.45246],[111.848643,2.457221],[111.835378,2.469672],[111.844249,2.486599],[111.848643,2.504421],[111.846609,2.521918],[111.835378,2.537909],[111.841401,2.545274],[111.837169,2.551703],[111.814952,2.565863],[111.833263,2.569281],[111.843272,2.581651],[111.842865,2.596503],[111.829112,2.607449],[111.827403,2.598822],[111.823416,2.588324],[111.822358,2.579535],[111.812022,2.59162],[111.811697,2.605577],[111.822358,2.634792],[111.822683,2.64114],[111.820974,2.656277],[111.822358,2.662055],[111.827403,2.664984],[111.83489,2.66531],[111.841075,2.664008],[111.842784,2.662055],[111.85255,2.682725],[111.850027,2.702826],[111.838634,2.7213],[111.822358,2.737128],[111.812022,2.743842],[111.805675,2.747016],[111.80071,2.752021],[111.786388,2.789903],[111.780284,2.797553],[111.76767,2.805447],[111.755056,2.809149],[111.726573,2.810248],[111.713145,2.812283],[111.697765,2.818142],[111.657807,2.840155]]]}},{"type":"Feature","properties":{"dissolve":"623River","scalerank":7.0,"featurecla":"River","name":"Yu","name_alt":null,"rivernum":623,"note":null,"min_zoom":6.0,"name_en":"Yu","min_label":7.0},"bbox":[108.897634,22.623399,110.089366,23.404853],"geometry":{"type":"MultiLineString","coordinates":[[[108.897634,22.733262],[108.905935,22.723741],[108.909597,22.716376],[108.916921,22.692247],[108.92335,22.680528],[108.929617,22.671983],[108.937429,22.664984],[108.958507,22.653347],[108.965831,22.647284],[108.971609,22.637722],[108.992198,22.65001],[109.010183,22.657782],[109.029307,22.660468],[109.075206,22.652899],[109.095714,22.64704],[109.114024,22.637803],[109.129242,22.623399],[109.135916,22.623399],[109.130463,22.648057],[109.131114,22.659939],[109.139415,22.664984],[109.187511,22.664984],[109.220795,22.652289],[109.232188,22.651313],[109.242605,22.656317],[109.247081,22.663886],[109.252615,22.684841],[109.258881,22.684841],[109.261729,22.679714],[109.265147,22.677029],[109.268972,22.674994],[109.273204,22.67182],[109.277192,22.678168],[109.279552,22.685899],[109.280528,22.695136],[109.28004,22.705919],[109.290131,22.701483],[109.2942,22.698513],[109.302745,22.715644],[109.326182,22.726264],[109.35491,22.731716],[109.389578,22.733344],[109.397553,22.734727],[109.404389,22.738796],[109.410248,22.746894],[109.410167,22.7567],[109.405935,22.789618],[109.410248,22.80211],[109.461518,22.822618],[109.475027,22.824286],[109.50644,22.833848],[109.516531,22.839708],[109.552826,22.872341],[109.561127,22.884101],[109.564464,22.900824],[109.562511,22.916571],[109.562999,22.931464],[109.574229,22.945502],[109.585053,22.935899],[109.600027,22.928168],[109.617605,22.925727],[109.636241,22.931912],[109.636241,22.938747],[109.602061,22.948554],[109.594737,22.952989],[109.589936,22.962226],[109.593191,22.966376],[109.598888,22.969835],[109.602061,22.976874],[109.597748,22.985785],[109.588145,22.986762],[109.578624,22.986111],[109.574229,22.990261],[109.57252,22.996649],[109.561127,23.021267],[109.560802,23.038113],[109.565522,23.055935],[109.573985,23.072781],[109.584727,23.086453],[109.591889,23.092353],[109.598888,23.095526],[109.607432,23.096747],[109.626964,23.097357],[109.721934,23.117499],[109.74114,23.112616],[109.756358,23.090196],[109.773448,23.083319],[109.796397,23.084784],[109.82545,23.100043],[109.845144,23.103827],[109.855398,23.107978],[109.853038,23.117214],[109.848562,23.126288],[109.852306,23.130479],[109.863455,23.128485],[109.87379,23.125108],[109.882742,23.124457],[109.890147,23.130479],[109.891368,23.139919],[109.878022,23.154608],[109.875906,23.165229],[109.882091,23.172878],[109.905528,23.185085],[109.910655,23.188829],[109.920095,23.203152],[109.962413,23.213568],[109.972097,23.230414],[109.973155,23.241238],[109.977061,23.242703],[109.984467,23.243109],[109.996349,23.250922],[110.002208,23.26081],[110.005789,23.271837],[110.010346,23.281846],[110.020518,23.288764],[110.031749,23.287218],[110.059093,23.271552],[110.071707,23.267646],[110.082449,23.271918],[110.085948,23.281928],[110.081554,23.293321],[110.068289,23.301825],[110.057709,23.29324],[110.049408,23.291693],[110.043793,23.296983],[110.040294,23.309272],[110.042735,23.32038],[110.057872,23.336208],[110.064871,23.358751],[110.082042,23.394395],[110.089366,23.404853]]]}},{"type":"Feature","properties":{"dissolve":"636River","scalerank":7.0,"featurecla":"River","name":"Chao Phraya","name_alt":null,"rivernum":636,"note":null,"min_zoom":6.0,"name_en":"Chao Phraya","min_label":7.0},"bbox":[100.010916,13.516669,100.597748,15.70657],"geometry":{"type":"MultiLineString","coordinates":[[[100.140717,15.70657],[100.134044,15.703315],[100.13087,15.702419],[100.12794,15.702094],[100.118337,15.696601],[100.096934,15.654324],[100.104421,15.654324],[100.095632,15.636094],[100.095632,15.622341],[100.098155,15.608954],[100.096934,15.592231],[100.093354,15.587673],[100.077078,15.573025],[100.080333,15.565131],[100.085948,15.562812],[100.092214,15.562079],[100.096934,15.558702],[100.100352,15.5574],[100.10491,15.558702],[100.108897,15.559149],[100.110606,15.554999],[100.108897,15.546576],[100.106944,15.543158],[100.104421,15.54503],[100.10255,15.544053],[100.100108,15.538642],[100.097992,15.532172],[100.096934,15.528022],[100.099132,15.523261],[100.10377,15.520046],[100.108409,15.518256],[100.110606,15.517768],[100.110606,15.463162],[100.125662,15.468207],[100.130789,15.455919],[100.127371,15.436957],[100.117442,15.421495],[100.108002,15.418524],[100.090261,15.420844],[100.083263,15.41474],[100.083588,15.407579],[100.093761,15.388373],[100.096934,15.380561],[100.091238,15.383897],[100.070242,15.386786],[100.070242,15.380561],[100.086843,15.368516],[100.092052,15.353461],[100.088145,15.336534],[100.068289,15.306586],[100.058442,15.287177],[100.059581,15.271674],[100.083263,15.270697],[100.079519,15.263943],[100.078624,15.255886],[100.080333,15.246894],[100.083914,15.237372],[100.115815,15.186957],[100.121511,15.180447],[100.129324,15.176093],[100.141612,15.174506],[100.189708,15.181952],[100.207774,15.181749],[100.227061,15.178778],[100.242198,15.16946],[100.251231,15.142768],[100.268891,15.1199],[100.288666,15.072089],[100.292084,15.074246],[100.299571,15.07685],[100.302989,15.078925],[100.331391,15.014594],[100.333751,15.003241],[100.345714,14.990424],[100.378673,14.913845],[100.384858,14.913845],[100.393565,14.918891],[100.400076,14.908759],[100.404389,14.891913],[100.405935,14.876573],[100.409679,14.866278],[100.418549,14.859483],[100.429698,14.855089],[100.440115,14.852362],[100.440115,14.846218],[100.437999,14.831081],[100.447032,14.763617],[100.447032,14.71894],[100.449229,14.710964],[100.460378,14.686347],[100.464122,14.681098],[100.464447,14.669745],[100.447032,14.544501],[100.450694,14.534125],[100.456147,14.524034],[100.457286,14.512274],[100.447032,14.496772],[100.458263,14.482367],[100.459483,14.466091],[100.452647,14.451443],[100.440115,14.442084],[100.444916,14.42536],[100.439545,14.407782],[100.430919,14.390977],[100.426524,14.376288],[100.430186,14.361925],[100.45045,14.318915],[100.460704,14.304958],[100.468761,14.302314],[100.474294,14.306667],[100.480235,14.308295],[100.488455,14.297471],[100.490489,14.288194],[100.488455,14.253445],[100.490896,14.236925],[100.50294,14.207628],[100.508393,14.188259],[100.512136,14.162706],[100.515229,14.15412],[100.543061,14.123074],[100.543061,14.095771],[100.541026,14.092353],[100.536062,14.090399],[100.531179,14.087714],[100.528819,14.081814],[100.531993,14.074897],[100.539073,14.07038],[100.546316,14.067247],[100.550141,14.064724],[100.552826,14.055609],[100.552989,14.050645],[100.550141,14.037421],[100.546641,14.032335],[100.54127,14.020372],[100.541108,14.008165],[100.571218,13.995307],[100.573985,13.977891],[100.542491,13.837836],[100.528819,13.804633],[100.508393,13.782579],[100.498057,13.767361],[100.494721,13.749376],[100.501231,13.739691],[100.510916,13.727973],[100.512706,13.714911],[100.494721,13.700995],[100.494721,13.69477],[100.508393,13.688422],[100.529307,13.68126],[100.548595,13.681586],[100.556895,13.697862],[100.561127,13.703559],[100.570567,13.707953],[100.580007,13.709093],[100.584239,13.704698],[100.586355,13.70128],[100.590912,13.699571],[100.595714,13.697089],[100.597748,13.691433],[100.59669,13.685329],[100.59433,13.682156],[100.592052,13.679999],[100.590912,13.677069],[100.5831,13.66352],[100.549734,13.657742],[100.543061,13.640204],[100.551768,13.626654],[100.587413,13.616645],[100.597748,13.61225]],[[100.083263,15.237169],[100.075125,15.224677],[100.053966,15.178534],[100.052419,15.163398],[100.043956,15.153144],[100.034109,15.144314],[100.029307,15.1435],[100.024425,15.138251],[100.019054,15.133572],[100.014171,15.130723],[100.01588,15.124945],[100.02003,15.120063],[100.022472,15.1199],[100.023936,15.114122],[100.027273,15.108954],[100.029796,15.102362],[100.029307,15.092597],[100.02239,15.080146],[100.014171,15.073188],[100.010916,15.066596],[100.019054,15.054999],[100.029796,15.049506],[100.041515,15.045844],[100.04713,15.039903],[100.039154,15.027411],[100.024343,15.011257],[100.017833,15.000841],[100.015636,14.99018],[100.024832,14.974229],[100.061941,14.959093],[100.070242,14.938666],[100.073985,14.901313],[100.083263,14.866645],[100.101573,14.835232],[100.104421,14.82571],[100.102061,14.814765],[100.092296,14.803534],[100.090017,14.794298],[100.096934,14.709011],[100.102794,14.69538],[100.114268,14.679389],[100.128429,14.666124],[100.141612,14.66059],[100.147065,14.65058],[100.14796,14.628445],[100.144786,14.592963],[100.121593,14.524115],[100.117442,14.487494],[100.124929,14.44831],[100.136485,14.442735],[100.138601,14.442084],[100.138682,14.437283],[100.137299,14.42536],[100.138601,14.421007],[100.148529,14.408637],[100.155203,14.403347],[100.16212,14.40115],[100.161062,14.391628],[100.144786,14.332221],[100.1456,14.326483],[100.151947,14.32331],[100.152192,14.317939],[100.149425,14.312323],[100.141124,14.302843],[100.138601,14.297471],[100.131847,14.265815],[100.128347,14.232001],[100.117442,14.195624],[100.117442,14.174587],[100.128429,14.159491],[100.131114,14.15412],[100.13144,14.143826],[100.128673,14.127631],[100.131114,14.11994],[100.13795,14.112982],[100.145274,14.110541],[100.152599,14.109198],[100.158946,14.10574],[100.16505,14.100409],[100.167491,14.098904],[100.169037,14.09573],[100.172537,14.085232],[100.177175,14.01378],[100.183523,13.979682],[100.199962,13.975369],[100.214122,13.926866],[100.224132,13.835517],[100.22047,13.82453],[100.211518,13.81977],[100.198253,13.81505],[100.189138,13.806505],[100.193126,13.790351],[100.203054,13.787136],[100.234304,13.789374],[100.240896,13.786933],[100.247488,13.77379],[100.261729,13.773708],[100.275971,13.776923],[100.282481,13.773627],[100.278901,13.754991],[100.269542,13.751573],[100.256277,13.753119],[100.240896,13.749376],[100.237885,13.740994],[100.235606,13.728339],[100.229503,13.721055],[100.214285,13.728949],[100.204845,13.713935],[100.214285,13.708686],[100.240896,13.708441],[100.243256,13.703396],[100.24171,13.695502],[100.243175,13.689032],[100.254649,13.688015],[100.25823,13.691189],[100.260753,13.698025],[100.262136,13.706488],[100.261974,13.714667],[100.27239,13.707587],[100.273448,13.696397],[100.268972,13.684149],[100.261974,13.673692],[100.266612,13.669745],[100.266775,13.669135],[100.26474,13.667426],[100.261974,13.66002],[100.240489,13.666856],[100.230968,13.667507],[100.220876,13.663764],[100.220876,13.655219],[100.226736,13.646023],[100.234793,13.640204],[100.224539,13.634345],[100.22047,13.632758],[100.22047,13.626532],[100.225108,13.624376],[100.229747,13.621039],[100.234793,13.619086],[100.234793,13.61225],[100.22991,13.592353],[100.243907,13.565294],[100.263438,13.537869],[100.274994,13.516669]]]}},{"type":"Feature","properties":{"dissolve":"63River","scalerank":3.0,"featurecla":"River","name":"Shiquan","name_alt":null,"rivernum":63,"note":null,"min_zoom":3.0,"name_en":"Shiquan","min_label":4.0},"bbox":[79.73463,31.389431,81.63974,32.555854],"geometry":{"type":"MultiLineString","coordinates":[[[81.63974,31.449571],[81.638113,31.445176],[81.619395,31.419135],[81.592459,31.403876],[81.555919,31.393256],[81.518484,31.389431],[81.489187,31.394314],[81.477061,31.401882],[81.446056,31.43183],[81.436127,31.442247],[81.420339,31.465766],[81.409597,31.47545],[81.397472,31.480984],[81.385671,31.482937],[81.360932,31.483913],[81.333751,31.491523],[81.314545,31.505927],[81.280203,31.545762],[81.270274,31.553534],[81.250499,31.563341],[81.241954,31.569688],[81.226736,31.586371],[81.217784,31.600694],[81.195893,31.660509],[81.174571,31.699897],[81.165701,31.741034],[81.166108,31.750556],[81.17335,31.762152],[81.180675,31.77086],[81.1845,31.77794],[81.20517,31.840847],[81.226085,31.871121],[81.251475,31.894843],[81.280203,31.916327],[81.361339,31.955593],[81.394135,31.986274],[81.375662,32.018744],[81.36671,32.020779],[81.343842,32.018419],[81.334076,32.018744],[81.307384,32.036729],[81.296886,32.039862],[81.281342,32.048855],[81.273936,32.069444],[81.271658,32.092353],[81.272716,32.108181],[81.281749,32.150946],[81.283295,32.173448],[81.276378,32.183214],[81.254405,32.188096],[81.244395,32.201361],[81.228933,32.286485],[81.212006,32.321072],[81.187918,32.349962],[81.155935,32.375027],[81.13795,32.384304],[81.117686,32.390692],[81.097097,32.394355],[81.078136,32.395535],[81.053966,32.401801],[81.038015,32.416571],[81.024099,32.433905],[81.006358,32.447862],[80.990815,32.452989],[80.90504,32.464138],[80.865326,32.475409],[80.73585,32.53852],[80.69044,32.550889],[80.647553,32.553412],[80.562104,32.547919],[80.476654,32.555854],[80.255382,32.544704],[80.231944,32.547065],[80.213145,32.550889],[80.19573,32.551703],[80.175873,32.544704],[80.135671,32.523017],[80.094656,32.519232],[80.069835,32.503485],[80.024669,32.486029],[80.005056,32.482001],[79.913097,32.482001],[79.888927,32.479356],[79.804861,32.451117],[79.758881,32.444688],[79.73463,32.443915]]]}},{"type":"Feature","properties":{"dissolve":"66Lake Centerline","scalerank":3.0,"featurecla":"Lake Centerline","name":"Huang","name_alt":null,"rivernum":66,"note":null,"min_zoom":3.0,"name_en":"Huang","min_label":4.0},"bbox":[97.072032,34.835476,97.762787,35.08808],"geometry":{"type":"MultiLineString","coordinates":[[[97.762787,35.08808],[97.746104,35.079413],[97.733165,35.055203],[97.720714,34.996853],[97.713634,34.953192],[97.697276,34.919867],[97.617686,34.885077],[97.576264,34.875841],[97.545909,34.876003]],[[97.288178,34.835476],[97.285248,34.843207],[97.259044,34.878933],[97.234304,34.907294],[97.149913,34.936347],[97.12379,34.943427],[97.108165,34.941718],[97.096283,34.937283],[97.085053,34.935248],[97.072032,34.930609]]]}},{"type":"Feature","properties":{"dissolve":"66River","scalerank":3.0,"featurecla":"River","name":"Huang","name_alt":null,"rivernum":66,"note":null,"min_zoom":3.0,"name_en":"Huang","min_label":4.0},"bbox":[96.164154,33.333197,111.463145,40.879706],"geometry":{"type":"MultiLineString","coordinates":[[[96.164154,35.129665],[96.22877,35.111762],[96.249278,35.109198],[96.483165,35.105658],[96.53419,35.096137],[96.654877,35.050116],[96.705496,35.047716],[96.747651,35.053249],[96.81129,35.061347],[96.829275,35.0539],[96.867931,35.0185],[96.889903,35.006781],[96.946707,34.999701],[96.97462,34.991645],[96.986746,34.975694],[96.994884,34.94835],[97.015391,34.937445],[97.042084,34.932807],[97.072032,34.930609]],[[97.762787,35.08808],[97.795909,35.111111],[97.848888,35.11225],[97.951752,35.096137],[97.991628,35.080593],[98.018484,35.049425],[98.042979,35.012315],[98.075857,34.978827],[98.10849,34.953884],[98.124441,34.937038],[98.131277,34.920762],[98.131114,34.91002],[98.132416,34.900255],[98.137299,34.893378],[98.147553,34.890692],[98.161794,34.889228],[98.192149,34.87641],[98.263682,34.860785],[98.275076,34.852159],[98.284679,34.842108],[98.306651,34.835517],[98.34962,34.827989],[98.37794,34.815294],[98.391775,34.79682],[98.396251,34.773627],[98.395763,34.74669],[98.395112,34.719835],[98.402192,34.666775],[98.401459,34.649278],[98.394786,34.634874],[98.380951,34.619167],[98.361908,34.610419],[98.34075,34.606757],[98.326671,34.598171],[98.329845,34.574774],[98.345144,34.563259],[98.394786,34.547431],[98.405528,34.537218],[98.413503,34.526638],[98.452159,34.503282],[98.466319,34.492214],[98.467296,34.488064],[98.46575,34.476874],[98.466319,34.472357],[98.469249,34.468614],[98.478445,34.459744],[98.479991,34.458686],[98.490164,34.424384],[98.497081,34.414008],[98.51474,34.40119],[98.627371,34.357449],[98.641124,34.355048],[98.709727,34.355048],[98.724294,34.368598],[98.724294,34.399522],[98.720714,34.433214],[98.723643,34.454942],[98.733979,34.457872],[98.78297,34.451239],[98.797862,34.455675],[98.836925,34.479193],[98.867931,34.478705],[98.928233,34.45307],[98.952891,34.458686],[98.970876,34.446845],[98.97934,34.439399],[98.986501,34.430772],[99.002045,34.436876],[99.016205,34.432644],[99.04184,34.410264],[99.044688,34.409695],[99.053233,34.410997],[99.056082,34.410264],[99.057221,34.406358],[99.056895,34.397244],[99.062266,34.387152],[99.069591,34.362494],[99.045909,34.321153],[99.037852,34.300645],[99.034923,34.270046],[99.036713,34.253607],[99.041596,34.243516],[99.056082,34.225898],[99.063569,34.213935],[99.067556,34.205024],[99.069347,34.194403],[99.069591,34.177517],[99.070567,34.171088],[99.074962,34.16002],[99.075776,34.153347],[99.073741,34.146186],[99.064382,34.132595],[99.062266,34.125678],[99.060069,34.112901],[99.050792,34.083441],[99.048595,34.071357],[99.048432,34.046007],[99.050385,34.034776],[99.056082,34.019843],[99.067393,33.998847],[99.068777,33.986884],[99.062266,33.971462],[99.081472,33.966824],[99.096772,33.950141],[99.106944,33.929633],[99.110606,33.913398],[99.119233,33.906684],[99.17213,33.875841],[99.248057,33.784369],[99.281993,33.759141],[99.306163,33.746609],[99.322846,33.743232],[99.361095,33.746161],[99.369233,33.74787],[99.376882,33.752753],[99.382335,33.760199],[99.384288,33.769721],[99.386485,33.775417],[99.390147,33.779608],[99.392019,33.783962],[99.384858,33.794257],[99.381114,33.801459],[99.378429,33.809027],[99.378184,33.814399],[99.395274,33.827216],[99.42213,33.82807],[99.480479,33.818468],[99.501231,33.809109],[99.525483,33.802802],[99.531749,33.793077],[99.535492,33.781928],[99.542003,33.773464],[99.569347,33.765977],[99.586436,33.76793],[99.645763,33.765652],[99.658702,33.769721],[99.692475,33.795478],[99.694347,33.800116],[99.697276,33.804796],[99.703298,33.806952],[99.72755,33.806952],[99.771495,33.799994],[99.792247,33.79267],[99.814952,33.778388],[99.837006,33.775662],[99.847341,33.769721],[99.857839,33.761298],[99.875662,33.752753],[99.885916,33.746161],[99.892345,33.73904],[99.901459,33.723415],[99.905772,33.718207],[99.915538,33.713243],[99.92392,33.712104],[99.933035,33.709744],[99.959239,33.690619],[99.999115,33.675645],[100.015636,33.663601],[100.013764,33.663845],[100.015636,33.657335],[100.019135,33.648953],[100.022472,33.643134],[100.048269,33.618354],[100.053152,33.61518],[100.064138,33.610907],[100.070567,33.601508],[100.074962,33.592108],[100.080089,33.587917],[100.124929,33.581651],[100.148692,33.573594],[100.158946,33.574246],[100.16684,33.578681],[100.171397,33.585557],[100.174083,33.591905],[100.175955,33.594672],[100.187266,33.599473],[100.226166,33.623358],[100.237804,33.632514],[100.280691,33.677314],[100.288666,33.691514],[100.286143,33.706488],[100.27589,33.719835],[100.263438,33.732611],[100.254649,33.746161],[100.240896,33.738715],[100.245616,33.760321],[100.267182,33.761908],[100.316742,33.746161],[100.323334,33.757595],[100.357839,33.756415],[100.375011,33.762559],[100.404796,33.786933],[100.421641,33.796739],[100.436697,33.800727],[100.449148,33.806098],[100.479991,33.829535],[100.498546,33.834906],[100.516775,33.837714],[100.564952,33.854804],[100.58074,33.865302],[100.604503,33.889187],[100.632091,33.910468],[100.663992,33.925564],[100.700206,33.930487],[100.766043,33.928168],[100.782237,33.924262],[100.791026,33.912706],[100.801524,33.893826],[100.814545,33.879828],[100.830577,33.883328],[100.836518,33.861518],[100.850352,33.833564],[100.869884,33.807969],[100.8921,33.79328],[100.896983,33.799831],[100.898204,33.802802],[100.899506,33.806952],[100.903901,33.789618],[100.912039,33.78559],[100.920421,33.787136],[100.926199,33.786444],[100.930186,33.77794],[100.928722,33.770941],[100.922374,33.764919],[100.912527,33.759141],[100.958995,33.738064],[100.97991,33.737494],[100.995697,33.751736],[100.99464,33.742743],[100.996104,33.733466],[101.000662,33.726589],[101.009369,33.725043],[101.016531,33.7296],[101.019542,33.73782],[101.021495,33.74726],[101.034434,33.771755],[101.034434,33.791083],[101.028331,33.809841],[101.019054,33.824327],[101.015636,33.831366],[101.01474,33.84044],[101.015636,33.858507],[101.018321,33.871934],[101.025483,33.876899],[101.034597,33.87698],[101.043468,33.875841],[101.063975,33.863796],[101.074229,33.861599],[101.10255,33.862576],[101.111827,33.861599],[101.139089,33.844428],[101.182872,33.786078],[101.236257,33.75963],[101.260753,33.732123],[101.288178,33.711371],[101.323334,33.718207],[101.335541,33.708197],[101.356619,33.703721],[101.376557,33.69713],[101.385509,33.680691],[101.389659,33.676622],[101.399099,33.677843],[101.408376,33.682196],[101.417735,33.694525],[101.42921,33.692165],[101.442963,33.686632],[101.454275,33.684109],[101.46282,33.687323],[101.483897,33.700385],[101.495372,33.704535],[101.508718,33.704779],[101.54005,33.697781],[101.545502,33.694525],[101.563406,33.680447],[101.574229,33.677273],[101.586029,33.675808],[101.606619,33.670193],[101.618907,33.669786],[101.687022,33.682318],[101.737315,33.683458],[101.753673,33.680243],[101.766775,33.672065],[101.820323,33.625067],[101.837576,33.605984],[101.844737,33.584784],[101.851736,33.572943],[101.8838,33.54621],[101.892589,33.526435],[101.891124,33.517524],[101.887625,33.507514],[101.885753,33.497423],[101.889171,33.488552],[101.974539,33.40351],[102.009288,33.376288],[102.052257,33.354356],[102.09669,33.339911],[102.165538,33.333197],[102.174327,33.334581],[102.183197,33.340522],[102.202078,33.358222],[102.211518,33.361925],[102.221121,33.369737],[102.256358,33.413153],[102.266531,33.419013],[102.288992,33.416083],[102.321381,33.406602],[102.333507,33.41352],[102.343191,33.411648],[102.349294,33.40644],[102.35198,33.40351],[102.361257,33.404324],[102.375499,33.408271],[102.385916,33.409735],[102.439382,33.448513],[102.461843,33.457546],[102.458995,33.461493],[102.454194,33.471788],[102.467296,33.469916],[102.471202,33.468695],[102.476085,33.464952],[102.481619,33.464952],[102.465343,33.486274],[102.458507,33.498725],[102.454194,33.512763],[102.452729,33.523261],[102.453298,33.535509],[102.45989,33.541571],[102.476085,33.533271],[102.481619,33.540066],[102.423432,33.576239],[102.413259,33.577948],[102.402599,33.594021],[102.355724,33.60932],[102.345144,33.625759],[102.341889,33.632025],[102.327729,33.646104],[102.324474,33.653347],[102.326427,33.676134],[102.331391,33.697781],[102.336518,33.709174],[102.341889,33.717312],[102.342865,33.725124],[102.334727,33.735622],[102.327403,33.734483],[102.317393,33.726386],[102.304861,33.720242],[102.290457,33.725043],[102.298106,33.734402],[102.305919,33.739936],[102.314545,33.744656],[102.324474,33.751736],[102.314138,33.767442],[102.299327,33.780707],[102.280772,33.789903],[102.259776,33.79328],[102.247081,33.797553],[102.243744,33.806952],[102.248464,33.816352],[102.259776,33.820624],[102.263927,33.826036],[102.257253,33.837999],[102.194347,33.919257],[102.166515,33.945828],[102.132823,33.965196],[102.109955,33.953721],[102.069591,33.968451],[102.050304,33.957831],[102.027192,33.979071],[101.98642,34.000271],[101.943451,34.010565],[101.913097,33.999376],[101.858409,34.03974],[101.829845,34.052069],[101.816417,34.060167],[101.803233,34.075059],[101.785085,34.066189],[101.759532,34.072699],[101.737315,34.088813],[101.72877,34.108588],[101.718435,34.103298],[101.714773,34.10578],[101.712576,34.111518],[101.707612,34.116034],[101.680919,34.12226],[101.646983,34.135932],[101.635753,34.145209],[101.639252,34.15705],[101.630789,34.166042],[101.621755,34.171454],[101.614757,34.178249],[101.611339,34.191189],[101.569591,34.208075],[101.529389,34.218451],[101.517019,34.219306],[101.496104,34.218044],[101.488455,34.218451],[101.480479,34.221625],[101.472748,34.226264],[101.46339,34.230333],[101.425385,34.234239],[101.365001,34.252631],[101.334239,34.256537],[101.323334,34.259467],[101.314952,34.26496],[101.307872,34.27204],[101.299246,34.27794],[101.286143,34.280544],[101.279714,34.283637],[101.265717,34.297309],[101.255789,34.300401],[101.242686,34.299994],[101.233979,34.300727],[101.22934,34.305609],[101.226573,34.327826],[101.222341,34.335273],[101.215017,34.339789],[101.204194,34.341376],[101.197276,34.34516],[101.195567,34.354438],[101.195811,34.36579],[101.194265,34.376166],[101.196056,34.383816],[101.196381,34.38996],[101.194265,34.396023],[101.19044,34.396918],[101.177745,34.395087],[101.173839,34.396023],[101.165701,34.406358],[101.164073,34.410956],[101.165294,34.415839],[101.166433,34.427354],[101.163992,34.443223],[101.149018,34.481635],[101.139659,34.49962],[101.060557,34.505886],[101.052175,34.509304],[101.042491,34.524197],[101.03297,34.527615],[101.020518,34.530097],[101.014089,34.535915],[101.009044,34.542304],[101.001964,34.54682],[100.950694,34.546942],[100.928966,34.551825],[100.919932,34.571641],[100.91684,34.595771],[100.908702,34.613878],[100.885834,34.649848],[100.870616,34.708808],[100.861339,34.718126],[100.835867,34.714911],[100.817556,34.706651],[100.782237,34.684597],[100.763438,34.677843],[100.742931,34.673692],[100.696788,34.670966],[100.674815,34.675727],[100.635671,34.692898],[100.618256,34.691474],[100.573985,34.739814],[100.559093,34.745307],[100.539561,34.758083],[100.522553,34.772773],[100.515229,34.783962],[100.49464,34.805487],[100.447195,34.818956],[100.354503,34.827989],[100.336355,34.833848],[100.327729,34.848253],[100.316742,34.883246],[100.309255,34.892157],[100.2942,34.906928],[100.288666,34.917344],[100.285818,34.929389],[100.288666,34.958319],[100.285818,34.984565],[100.278331,34.999376],[100.254649,35.027208],[100.249034,35.04621],[100.249034,35.089219],[100.240896,35.109198],[100.247651,35.13288],[100.247162,35.173611],[100.238455,35.214911],[100.22047,35.240668],[100.230235,35.253852],[100.241954,35.26203],[100.253347,35.26793],[100.261974,35.274766],[100.272227,35.289496],[100.271251,35.295437],[100.248464,35.302069],[100.2199,35.316433],[100.205333,35.330634],[100.203705,35.349799],[100.214285,35.378445],[100.193126,35.370958],[100.191173,35.402289],[100.168386,35.428656],[100.142345,35.450222],[100.131114,35.466579],[100.135916,35.472113],[100.154796,35.479438],[100.158946,35.483954],[100.15797,35.507839],[100.158946,35.51496],[100.166433,35.532782],[100.174815,35.542344],[100.199962,35.562812],[100.207612,35.574042],[100.240652,35.661689],[100.282481,35.723944],[100.295828,35.751288],[100.296153,35.771674],[100.337169,35.771674],[100.348399,35.774766],[100.360444,35.790961],[100.371186,35.798407],[100.390554,35.800564],[100.411225,35.795722],[100.447032,35.77912],[100.442556,35.800849],[100.444347,35.818183],[100.455089,35.829657],[100.477794,35.833767],[100.497081,35.841579],[100.529226,35.877875],[100.543061,35.888983],[100.554698,35.890448],[100.579275,35.888007],[100.590912,35.888983],[100.601085,35.893866],[100.617931,35.906358],[100.628835,35.908881],[100.637787,35.913113],[100.638927,35.922471],[100.638276,35.931912],[100.6421,35.936143],[100.704112,35.975898],[100.72047,35.989081],[100.72755,36.001288],[100.727631,36.03144],[100.730886,36.052802],[100.74171,36.070868],[100.815929,36.13227],[100.842377,36.140082],[100.900971,36.132758],[100.938406,36.139757],[100.9581,36.140245],[100.992686,36.132636],[101.004893,36.132432],[101.012706,36.134589],[101.029796,36.142279],[101.038015,36.144843],[101.064138,36.14643],[101.0796,36.139675],[101.087576,36.124538],[101.091807,36.100898],[101.105479,36.100938],[101.135183,36.115587],[101.150645,36.119574],[101.16627,36.118476],[101.179861,36.113593],[101.189057,36.103787],[101.191173,36.087592],[101.205496,36.086127],[101.234386,36.092475],[101.249604,36.093207],[101.262136,36.091173],[101.273692,36.087958],[101.327078,36.061591],[101.358816,36.053494],[101.392019,36.051093],[101.427257,36.052924],[101.456472,36.057725],[101.478526,36.065945],[101.631277,36.153998],[101.653819,36.173774],[101.666433,36.181586],[101.681082,36.185655],[101.697195,36.184353],[101.782725,36.146064],[101.789236,36.144965],[101.811941,36.146348],[101.826589,36.144395],[101.839936,36.140652],[101.852306,36.134345],[101.905772,36.088406],[101.913097,36.086982],[101.912852,36.068427],[101.958425,36.053249],[101.947765,36.038601],[101.985606,36.020819],[102.016124,35.991563],[102.036632,35.956122],[102.044037,35.919379],[102.048106,35.912299],[102.066498,35.894721],[102.07073,35.885281],[102.071788,35.864122],[102.073985,35.855251],[102.078136,35.847439],[102.098888,35.830146],[102.121511,35.827094],[102.163585,35.833767],[102.182384,35.840155],[102.225597,35.868272],[102.246104,35.874701],[102.345144,35.874701],[102.41741,35.887722],[102.441498,35.887763],[102.458425,35.882921],[102.489187,35.866889],[102.506277,35.86168],[102.554861,35.857042],[102.604584,35.842108],[102.636485,35.83865],[102.704845,35.839464],[102.716807,35.837348],[102.725597,35.833197],[102.735037,35.830349],[102.749766,35.831977],[102.759532,35.83751],[102.787201,35.859931],[102.837332,35.860663],[102.858897,35.85696],[102.872569,35.846259],[102.899506,35.84988],[103.009207,35.825792],[103.116466,35.778184],[103.133311,35.781114],[103.138194,35.791612],[103.149832,35.798041],[103.164236,35.803656],[103.18629,35.817084],[103.196788,35.820339],[103.219005,35.822333],[103.22934,35.825507],[103.244558,35.839667],[103.253184,35.842841],[103.26767,35.845974],[103.28712,35.853827],[103.30421,35.863878],[103.311453,35.873847],[103.317312,35.885199],[103.359304,35.911689],[103.270518,35.938422],[103.263682,35.941718],[103.250255,35.952012],[103.242931,35.955675],[103.235932,35.956855],[103.221934,35.95661],[103.215261,35.957465],[103.203624,35.961453],[103.194021,35.967393],[103.188731,35.976508],[103.189138,35.989773],[103.194021,35.999335],[103.202403,36.007107],[103.220714,36.020575],[103.250418,36.055487],[103.261322,36.065619],[103.392345,36.131049],[103.422944,36.156073],[103.424734,36.161566],[103.430675,36.165839],[103.446788,36.184638],[103.454845,36.18891],[103.492768,36.184923],[103.502615,36.182074],[103.515147,36.169786],[103.541026,36.134223],[103.554454,36.126817],[103.574636,36.130316],[103.610444,36.145209],[103.634288,36.147895],[103.646251,36.146511],[103.654552,36.143337],[103.667735,36.133653],[103.695567,36.103868],[103.698416,36.098904],[103.748953,36.094672],[103.876475,36.064643],[103.921804,36.060981],[104.012787,36.071967],[104.034679,36.078477],[104.043956,36.088935],[104.045421,36.110053],[104.044688,36.121934],[104.040701,36.123725],[104.047944,36.136501],[104.041433,36.14289],[104.023367,36.147895],[104.018647,36.182237],[104.047944,36.205024],[104.090912,36.22309],[104.126964,36.243516],[104.132335,36.251044],[104.140147,36.277045],[104.157237,36.299994],[104.191498,36.335273],[104.232595,36.368354],[104.259532,36.378689],[104.317312,36.382595],[104.345144,36.390326],[104.364268,36.404364],[104.399018,36.439399],[104.420014,36.450507],[104.445323,36.454128],[104.469819,36.455024],[104.493907,36.459662],[104.517589,36.474677],[104.546153,36.503445],[104.559093,36.51081],[104.592784,36.52143],[104.607921,36.528998],[104.620046,36.542548],[104.631358,36.564154],[104.638927,36.571641],[104.652761,36.579169],[104.684825,36.58865],[104.694916,36.592963],[104.710378,36.606024],[104.713796,36.620795],[104.709239,36.664618],[104.711436,36.669745],[104.716075,36.674831],[104.720714,36.681708],[104.722992,36.692247],[104.719168,36.697333],[104.691905,36.718451],[104.684093,36.721625],[104.681244,36.723334],[104.677175,36.728461],[104.672537,36.73904],[104.668224,36.74376],[104.612804,36.772569],[104.604747,36.792182],[104.600027,36.81505],[104.592459,36.833116],[104.579112,36.839179],[104.560802,36.841579],[104.544363,36.847235],[104.537364,36.863308],[104.527843,36.871934],[104.482026,36.884304],[104.466238,36.890896],[104.44752,36.894884],[104.408702,36.882025],[104.401378,36.890896],[104.393077,36.905829],[104.373953,36.907742],[104.335948,36.900824],[104.330007,36.909857],[104.328705,36.930528],[104.337494,37.006781],[104.332123,37.019843],[104.305186,37.055935],[104.298432,37.067247],[104.298595,37.079657],[104.305186,37.100043],[104.317149,37.122626],[104.328298,37.127794],[104.341726,37.127794],[104.359793,37.134833],[104.351329,37.141425],[104.338796,37.147895],[104.325613,37.152696],[104.305919,37.157009],[104.306163,37.162299],[104.311046,37.16824],[104.31544,37.17239],[104.323985,37.17654],[104.332286,37.174425],[104.339773,37.170478],[104.346121,37.168972],[104.406749,37.194688],[104.438975,37.203437],[104.469656,37.195665],[104.492686,37.208564],[104.578217,37.324083],[104.603119,37.339667],[104.627208,37.343695],[104.678966,37.344102],[104.696218,37.349433],[104.728282,37.366034],[104.745616,37.371121],[104.800955,37.37169],[104.819021,37.377875],[104.83253,37.38821],[104.843435,37.399115],[104.856944,37.407823],[104.877452,37.411404],[104.919363,37.407823],[104.938731,37.408515],[104.95696,37.415391],[104.992605,37.44245],[104.997162,37.452663],[104.995535,37.463324],[104.993663,37.469509],[104.997325,37.473253],[105.011485,37.476833],[105.020112,37.473741],[105.041515,37.456855],[105.052419,37.453559],[105.063243,37.457099],[105.08546,37.469997],[105.096202,37.472724],[105.102061,37.474962],[105.111095,37.484809],[105.11671,37.487006],[105.122976,37.485907],[105.132253,37.481269],[105.137218,37.48017],[105.150971,37.481269],[105.174897,37.485907],[105.188487,37.487006],[105.198171,37.485867],[105.218354,37.48078],[105.229991,37.48017],[105.243256,37.4831],[105.261811,37.492458],[105.274669,37.494452],[105.547862,37.497626],[105.573253,37.500678],[105.62794,37.524522],[105.69394,37.53559],[105.78419,37.568874],[105.857921,37.578721],[105.876069,37.586046],[105.889089,37.598822],[105.917979,37.642279],[105.94044,37.688015],[105.943289,37.695868],[105.946056,37.712429],[105.958995,37.753038],[105.963145,37.774441],[105.961843,37.805976],[105.963145,37.815985],[105.975597,37.842475],[105.977306,37.854193],[105.992686,37.885037],[106.029063,37.922227],[106.071056,37.95364],[106.104015,37.966864],[106.121511,37.971462],[106.139578,37.98253],[106.1692,38.007758],[106.18214,38.022773],[106.202729,38.058295],[106.220632,38.082302],[106.223562,38.091824],[106.223725,38.113959],[106.226329,38.127468],[106.232351,38.136908],[106.239187,38.144395],[106.244151,38.151801],[106.247,38.16059],[106.248464,38.175971],[106.250418,38.185899],[106.270925,38.223822],[106.278087,38.233262],[106.40797,38.36225],[106.49879,38.411729],[106.517019,38.426866],[106.539236,38.474636],[106.564708,38.50434],[106.572765,38.526557],[106.535655,38.535346],[106.521007,38.564399],[106.518565,38.573269],[106.520763,38.584418],[106.540457,38.621446],[106.594249,38.666327],[106.582042,38.680935],[106.575694,38.690253],[106.573416,38.698676],[106.573171,38.710395],[106.577159,38.712958],[106.596934,38.719591],[106.604096,38.720974],[106.607514,38.724799],[106.60849,38.733751],[106.607921,38.751654],[106.648936,38.803534],[106.665538,38.820258],[106.717784,38.858181],[106.840343,38.987616],[106.859386,39.013617],[106.866222,39.043158],[106.85377,39.077216],[106.881602,39.10456],[106.848155,39.163886],[106.836681,39.172797],[106.819591,39.180487],[106.808035,39.19892],[106.80128,39.221625],[106.799083,39.241726],[106.809093,39.309272],[106.802419,39.327094],[106.797781,39.334906],[106.793468,39.352891],[106.788829,39.360907],[106.780365,39.368354],[106.765147,39.378363],[106.7588,39.385077],[106.749929,39.418809],[106.752452,39.465522],[106.77532,39.559272],[106.778575,39.584337],[106.778331,39.595486],[106.773529,39.616563],[106.772472,39.62873],[106.776541,39.652452],[106.783621,39.664333],[106.785085,39.674628],[106.772472,39.693549],[106.767345,39.69599],[106.760509,39.696885],[106.754487,39.698798],[106.751964,39.704169],[106.75294,39.713731],[106.757498,39.729682],[106.7588,39.738593],[106.759939,39.742133],[106.762706,39.747178],[106.765147,39.753933],[106.765636,39.762519],[106.763194,39.772325],[106.754893,39.788357],[106.751964,39.796658],[106.744558,39.854926],[106.739757,39.862738],[106.717377,39.886176],[106.710378,39.898993],[106.738292,39.919501],[106.738455,39.929755],[106.733653,39.93891],[106.730235,39.947781],[106.73463,39.957343],[106.738048,39.971503],[106.733002,39.990302],[106.724539,40.007392],[106.717784,40.016303],[106.709076,40.038113],[106.727143,40.062608],[106.858653,40.179755],[106.870128,40.183621],[106.874278,40.166571],[106.977306,40.241645],[106.999034,40.251085],[107.007091,40.257148],[107.01474,40.269314],[107.02589,40.30268],[107.03183,40.310492],[107.057872,40.33279],[107.06601,40.337836],[107.080984,40.341742],[107.113862,40.345567],[107.128022,40.351508],[107.151541,40.376044],[107.158702,40.402045],[107.154063,40.428331],[107.141694,40.453925],[107.147227,40.462226],[107.163259,40.47724],[107.169688,40.481879],[107.179861,40.486396],[107.20574,40.494412],[107.214366,40.499213],[107.220225,40.512397],[107.20517,40.540229],[107.203868,40.563788],[107.211843,40.582709],[107.224864,40.59516],[107.2553,40.615587],[107.26295,40.625434],[107.266124,40.632921],[107.270763,40.637803],[107.282644,40.639472],[107.309825,40.640082],[107.322195,40.642279],[107.348562,40.652452],[107.380056,40.656684],[107.39503,40.66059],[107.440359,40.701606],[107.466563,40.709906],[107.490245,40.72663],[107.513927,40.739203],[107.539073,40.735053],[107.561453,40.73725],[107.573985,40.746853],[107.583507,40.757432],[107.643972,40.774766],[107.663097,40.776068],[107.694591,40.768866],[107.706635,40.77143],[107.711436,40.786933],[107.706716,40.801581],[107.699636,40.816596],[107.699799,40.829779],[107.717703,40.838731],[107.732432,40.851264],[107.758393,40.859483],[107.862071,40.8699],[107.885183,40.867499],[107.905528,40.85517],[107.91627,40.850165],[107.928315,40.851752],[107.95045,40.858588],[108.011974,40.858588],[108.086681,40.847724],[108.115001,40.851752],[108.1421,40.870551],[108.156749,40.877143],[108.173269,40.879706],[108.178803,40.874579],[108.19752,40.838731],[108.208751,40.827908],[108.224213,40.817939],[108.240815,40.81391],[108.268891,40.826687],[108.283702,40.822943],[108.306733,40.810818],[108.33782,40.810167],[108.404796,40.820583],[108.437755,40.817003],[108.451752,40.808539],[108.467296,40.793321],[108.479747,40.775458],[108.484874,40.758979],[108.492605,40.752509],[108.52825,40.739773],[108.550873,40.717963],[108.576264,40.682725],[108.581065,40.670233],[108.590831,40.661566],[108.612885,40.65412],[108.670421,40.642646],[108.680268,40.632636],[108.687592,40.621039],[108.697195,40.612169],[108.713959,40.609931],[108.748057,40.617987],[108.766124,40.612169],[108.757091,40.58808],[108.763601,40.573188],[108.779796,40.564032],[108.81129,40.551866],[108.820323,40.546739],[108.830007,40.54328],[108.842377,40.54328],[108.848399,40.546942],[108.856456,40.5539],[108.86671,40.560736],[108.879405,40.563788],[108.88323,40.558417],[108.886648,40.546698],[108.891612,40.53498],[108.900401,40.529608],[108.913097,40.531684],[108.921397,40.534695],[108.929454,40.534369],[108.94101,40.526231],[108.950694,40.522162],[108.963796,40.521348],[108.989268,40.522773],[109.000255,40.526313],[109.004405,40.53498],[109.005626,40.556952],[109.015391,40.547431],[109.02589,40.545193],[109.03655,40.548855],[109.046641,40.556952],[109.046397,40.540635],[109.049897,40.528673],[109.057872,40.52501],[109.087332,40.546658],[109.098155,40.547227],[109.122325,40.529608],[109.150076,40.523708],[109.185069,40.520697],[109.207286,40.511908],[109.19752,40.488715],[109.222341,40.492051],[109.286713,40.522773],[109.279552,40.490424],[109.28712,40.488227],[109.335134,40.487331],[109.355479,40.483425],[109.396576,40.468207],[109.413097,40.477362],[109.459483,40.489814],[109.472341,40.502305],[109.460704,40.502305],[109.450043,40.504503],[109.439952,40.508857],[109.430919,40.515326],[109.447032,40.520819],[109.482514,40.524604],[109.499034,40.529608],[109.50587,40.51671],[109.519216,40.52265],[109.53655,40.535509],[109.554454,40.54328],[109.572846,40.542263],[109.582042,40.53913],[109.590831,40.539984],[109.608328,40.550727],[109.665131,40.496772],[109.69044,40.484687],[109.700857,40.477607],[109.71339,40.475287],[109.737641,40.492458],[109.749034,40.497829],[109.762299,40.501166],[109.789561,40.504014],[109.828054,40.515326],[109.883311,40.515326],[109.892507,40.519965],[109.901378,40.52265],[109.910655,40.522773],[109.916026,40.52029],[109.924246,40.512397],[109.931163,40.509141],[109.941498,40.505886],[109.952891,40.503974],[109.963634,40.508124],[109.972097,40.522773],[109.988292,40.511583],[109.999604,40.512803],[110.010183,40.51907],[110.023936,40.522773],[110.039643,40.520575],[110.054779,40.51671],[110.069021,40.515977],[110.08253,40.522773],[110.095225,40.510688],[110.102306,40.505398],[110.109874,40.502305],[110.122813,40.502875],[110.142589,40.512885],[110.153331,40.515326],[110.154307,40.518907],[110.167572,40.540229],[110.175141,40.541571],[110.202566,40.539618],[110.211681,40.537055],[110.223155,40.522773],[110.237804,40.482733],[110.246104,40.474433],[110.286388,40.483913],[110.30364,40.481391],[110.293549,40.461371],[110.306651,40.453192],[110.347097,40.453152],[110.355724,40.450792],[110.362071,40.4442],[110.403412,40.420437],[110.4192,40.398383],[110.430268,40.388495],[110.441417,40.38935],[110.456391,40.397081],[110.467377,40.394599],[110.475027,40.385077],[110.479096,40.372016],[110.486501,40.372016],[110.506847,40.381374],[110.542979,40.360541],[110.58074,40.331855],[110.606049,40.31741],[110.638194,40.32213],[110.658132,40.321804],[110.688487,40.305732],[110.727306,40.296739],[110.746104,40.290066],[110.76588,40.280341],[110.779796,40.276068],[110.814952,40.276435],[110.834402,40.273708],[110.864838,40.258816],[110.879893,40.255316],[110.941335,40.253282],[110.964854,40.262641],[110.987397,40.261664],[110.996593,40.265896],[111.014903,40.283393],[111.034679,40.296902],[111.061046,40.267198],[111.184825,40.208116],[111.209565,40.180447],[111.219737,40.172716],[111.231293,40.168972],[111.254975,40.166775],[111.277192,40.160753],[111.290701,40.159044],[111.302745,40.156073],[111.328298,40.11872],[111.33839,40.110663],[111.361339,40.097968],[111.369884,40.090847],[111.379893,40.062445],[111.380789,40.057318],[111.39739,40.047919],[111.405365,40.025824],[111.411388,39.981553],[111.436534,39.917304],[111.435313,39.90644],[111.423432,39.895941],[111.397227,39.830756],[111.365245,39.777533],[111.359467,39.750434],[111.369884,39.721503],[111.417572,39.683661],[111.420095,39.672431],[111.426768,39.658881],[111.435639,39.646593],[111.445567,39.638983],[111.463145,39.620185],[111.453624,39.617255],[111.425141,39.625312],[111.424246,39.617214],[111.425141,39.535956],[111.420909,39.52204],[111.372488,39.489081],[111.342377,39.444363],[111.316987,39.429389],[111.284109,39.424872],[111.199148,39.427069],[111.163992,39.423163],[111.134288,39.410509],[111.109874,39.385077],[111.118175,39.376044],[111.141205,39.367255],[111.150808,39.357123],[111.16684,39.364691],[111.174571,39.356757],[111.17921,39.342353],[111.184825,39.33043],[111.200206,39.320909],[111.214773,39.316352],[111.22462,39.310492],[111.226573,39.296942],[111.221609,39.283393],[111.158214,39.172797],[111.134207,39.099433],[111.117686,39.067328],[111.088634,39.042507],[111.021902,39.018581],[110.99464,39.00377],[110.972585,38.974189],[110.994151,38.937201],[111.00351,38.916083],[111.003429,38.902533],[110.994151,38.885281],[110.979991,38.816514],[110.969005,38.798855],[110.95753,38.785264],[110.948334,38.771104],[110.9428,38.739366],[110.937511,38.731553],[110.921397,38.717231],[110.91505,38.708441],[110.904307,38.679389],[110.871511,38.621283],[110.87322,38.61168],[110.875255,38.607489],[110.900645,38.58039],[110.901296,38.573676],[110.899018,38.545356],[110.896983,38.535346],[110.890717,38.525092],[110.876475,38.509955],[110.870128,38.501817],[110.865326,38.490302],[110.859467,38.467963],[110.85255,38.457099],[110.833751,38.445828],[110.792084,38.439561],[110.774018,38.426093],[110.755626,38.390408],[110.746104,38.377712],[110.711192,38.356798],[110.705089,38.354438],[110.700694,38.346747],[110.67099,38.316921],[110.659679,38.310004],[110.647472,38.305609],[110.634288,38.30329],[110.60434,38.301378],[110.589854,38.296698],[110.579275,38.287218],[110.568614,38.232204],[110.568614,38.226874],[110.559255,38.216905],[110.54713,38.210883],[110.532807,38.207872],[110.517019,38.207058],[110.510916,38.202094],[110.499604,38.166042],[110.509288,38.144965],[110.509044,38.128038],[110.499604,38.090359],[110.507091,38.011542],[110.507823,38.008653],[110.511648,38.005072],[110.513276,38.001003],[110.513601,37.98253],[110.513276,37.980496],[110.514171,37.97016],[110.51295,37.961249],[110.514903,37.954901],[110.524099,37.952501],[110.545095,37.949652],[110.562511,37.942003],[110.576915,37.93126],[110.588959,37.919013],[110.653087,37.813096],[110.674408,37.796169],[110.728933,37.773546],[110.742686,37.764757],[110.752859,37.745673],[110.743744,37.732449],[110.705089,37.713568],[110.727061,37.700263],[110.778901,37.67829],[110.794444,37.658311],[110.78769,37.652411],[110.770437,37.641181],[110.766612,37.637885],[110.766043,37.623969],[110.771007,37.613349],[110.777192,37.603868],[110.786713,37.573513],[110.788585,37.561347],[110.783702,37.555935],[110.775808,37.551866],[110.76946,37.542344],[110.746104,37.48017],[110.738455,37.469428],[110.715343,37.449774],[110.696218,37.439399],[110.653331,37.433905],[110.636729,37.418158],[110.630056,37.396552],[110.633311,37.379218],[110.646251,37.367703],[110.667898,37.363552],[110.687104,37.357123],[110.687511,37.342108],[110.67099,37.309516],[110.669363,37.301093],[110.670014,37.295722],[110.669688,37.290391],[110.664806,37.282172],[110.660818,37.2803],[110.647634,37.276638],[110.643565,37.274726],[110.64088,37.269639],[110.636729,37.256374],[110.633718,37.250841],[110.568614,37.178534],[110.536794,37.155382],[110.527599,37.144395],[110.516368,37.115017],[110.508718,37.101589],[110.496186,37.095974],[110.489268,37.091824],[110.478933,37.081651],[110.469493,37.069403],[110.465587,37.058783],[110.45989,37.051134],[110.446381,37.044257],[110.417735,37.035183],[110.417735,37.027696],[110.425385,37.027045],[110.445079,37.021511],[110.427257,37.010199],[110.40797,37.014757],[110.389171,37.021837],[110.373057,37.017768],[110.372813,37.00727],[110.3838,36.994981],[110.397878,36.984809],[110.407156,36.980536],[110.417979,36.967231],[110.412527,36.937527],[110.394786,36.906928],[110.369233,36.891181],[110.37672,36.878485],[110.400808,36.861111],[110.410818,36.849555],[110.403819,36.837266],[110.407237,36.829942],[110.414236,36.824001],[110.417735,36.816026],[110.414968,36.805121],[110.409109,36.795762],[110.397227,36.781317],[110.393077,36.780707],[110.385753,36.781033],[110.378998,36.779893],[110.37672,36.775092],[110.379893,36.769965],[110.3921,36.765001],[110.397227,36.76081],[110.399913,36.760525],[110.417735,36.753974],[110.412201,36.753689],[110.413097,36.745307],[110.416108,36.736151],[110.417735,36.733507],[110.439057,36.742255],[110.44101,36.726426],[110.432058,36.703966],[110.421153,36.692572],[110.410574,36.695014],[110.400483,36.698839],[110.392833,36.698554],[110.38974,36.688788],[110.393565,36.682318],[110.482921,36.592882],[110.489757,36.577338],[110.498546,36.524482],[110.499604,36.507595],[110.495942,36.483995],[110.482188,36.448554],[110.476329,36.404853],[110.458751,36.349311],[110.459076,36.327094],[110.470144,36.28616],[110.472992,36.263699],[110.469005,36.243232],[110.450613,36.206855],[110.445079,36.185411],[110.446869,36.141791],[110.497488,35.9796],[110.500662,35.933132],[110.505951,35.911973],[110.507091,35.900824],[110.510753,35.886786],[110.519542,35.885077],[110.530691,35.88703],[110.54127,35.883816],[110.560151,35.849148],[110.57545,35.71247],[110.611339,35.637722],[110.61964,35.597195],[110.602631,35.554226],[110.572765,35.52794],[110.555919,35.50849],[110.558442,35.499579],[110.562755,35.490749],[110.559255,35.470811],[110.552745,35.449897],[110.547455,35.438178],[110.537527,35.427761],[110.523448,35.416571],[110.5088,35.40766],[110.496186,35.403998],[110.468272,35.356024],[110.458751,35.343126],[110.444835,35.335028],[110.437104,35.322333],[110.431651,35.307807],[110.424571,35.294135],[110.417247,35.286404],[110.372569,35.255316],[110.357595,35.238227],[110.335134,35.197943],[110.326182,35.149197],[110.316905,35.125678],[110.310476,35.090888],[110.29184,35.05036],[110.284597,35.00963],[110.268647,34.959418],[110.259369,34.944688],[110.271007,34.913438],[110.272227,34.881456],[110.262706,34.851182],[110.242442,34.824897],[110.237234,34.801337],[110.241628,34.71894],[110.251964,34.663153],[110.269949,34.637274]],[[97.288178,34.835476],[97.301199,34.817979],[97.315929,34.81684],[97.352794,34.821804],[97.406342,34.817939],[97.424815,34.821804],[97.437266,34.828437],[97.484955,34.871283],[97.50172,34.876247],[97.546967,34.876003]]]}},{"type":"Feature","properties":{"dissolve":"671Lake Centerline","scalerank":8.0,"featurecla":"Lake Centerline","name":"Beas","name_alt":null,"rivernum":671,"note":null,"min_zoom":7.0,"name_en":"Beas","min_label":8.0},"bbox":[75.934825,31.88642,76.200206,31.974473],"geometry":{"type":"MultiLineString","coordinates":[[[76.200206,31.88642],[76.168468,31.899482],[76.144054,31.921495],[76.117931,31.941759],[76.084483,31.954657],[76.040619,31.965847],[75.99171,31.974473],[75.9546,31.970771],[75.934825,31.964545]]]}},{"type":"Feature","properties":{"dissolve":"671River","scalerank":8.0,"featurecla":"River","name":"Beas","name_alt":null,"rivernum":671,"note":null,"min_zoom":7.0,"name_en":"Beas","min_label":8.0},"bbox":[75.002696,31.176296,77.214692,32.258857],"geometry":{"type":"MultiLineString","coordinates":[[[77.195079,32.258857],[77.199474,32.240017],[77.203217,32.193915],[77.201915,32.186306],[77.200206,32.180854],[77.198171,32.176093],[77.156668,32.116807],[77.135265,31.99494],[77.120942,31.953233],[77.119395,31.939887],[77.120535,31.929999],[77.123464,31.923896],[77.140066,31.908555],[77.154714,31.891181],[77.160574,31.879747],[77.169037,31.855007],[77.172293,31.849555],[77.184011,31.83454],[77.187592,31.826687],[77.192393,31.807929],[77.195893,31.794379],[77.205984,31.776394],[77.209972,31.765937],[77.214692,31.737616],[77.200206,31.722113],[77.17571,31.715766],[77.105968,31.715522],[77.091319,31.712348],[77.067149,31.700629],[77.059255,31.699246],[77.049815,31.701768],[77.043875,31.706814],[77.038585,31.712348],[77.031505,31.716824],[77.009044,31.720323],[76.988048,31.717108],[76.967296,31.711493],[76.945079,31.707953],[76.939871,31.709011],[76.93629,31.711371],[76.934825,31.713731],[76.934662,31.717963],[76.935313,31.722113],[76.937429,31.729112],[76.938975,31.738796],[76.939464,31.74962],[76.938243,31.759101],[76.936697,31.76321],[76.9345,31.768378],[76.930756,31.772569],[76.856456,31.820909],[76.850597,31.822781],[76.781749,31.836493],[76.777354,31.839871],[76.769542,31.847846],[76.764171,31.855536],[76.760671,31.863389],[76.755951,31.870876],[76.747325,31.877143],[76.682709,31.898261],[76.593842,31.903835],[76.573334,31.894802],[76.554617,31.881619],[76.531668,31.86933],[76.524669,31.862982],[76.521658,31.852322],[76.517996,31.848578],[76.444265,31.808946],[76.422537,31.804267],[76.383067,31.803005],[76.369395,31.799669],[76.337413,31.785956],[76.320811,31.782172],[76.302013,31.784939],[76.29713,31.787421],[76.292491,31.79088],[76.289154,31.795722],[76.28655,31.801215],[76.28297,31.818915],[76.280691,31.824042],[76.276866,31.827908],[76.272065,31.83043],[76.250011,31.837917],[76.245128,31.840888],[76.240896,31.844509],[76.237722,31.848985],[76.235444,31.854438],[76.232188,31.872341],[76.229991,31.878363],[76.226492,31.882636],[76.220876,31.885443],[76.21575,31.886827],[76.200287,31.886339]],[[75.934825,31.964545],[75.917735,31.958523],[75.898204,31.962266],[75.861257,31.982611],[75.801768,32.005683],[75.75294,32.032416],[75.706554,32.049872],[75.687755,32.067328],[75.694591,32.097032],[75.693858,32.105984],[75.688406,32.111762],[75.679291,32.112128],[75.660411,32.104682],[75.642589,32.102159],[75.603526,32.089382],[75.59547,32.085313],[75.588471,32.079779],[75.569021,32.05329],[75.555431,32.038438],[75.549897,32.026923],[75.545095,32.010769],[75.53476,31.940009],[75.537527,31.920478],[75.560313,31.870307],[75.562918,31.858466],[75.561697,31.851264],[75.559011,31.843207],[75.55128,31.828681],[75.548432,31.820339],[75.548757,31.809149],[75.556895,31.792792],[75.559093,31.784206],[75.558035,31.777452],[75.545339,31.765977],[75.54005,31.758124],[75.537852,31.743028],[75.528412,31.711941],[75.395518,31.594021],[75.376069,31.581122],[75.370616,31.575222],[75.35434,31.549262],[75.319916,31.509792],[75.298839,31.503852],[75.293712,31.496853],[75.290701,31.493476],[75.276459,31.483344],[75.240245,31.467637],[75.227143,31.456977],[75.185639,31.397162],[75.174246,31.368964],[75.172944,31.360541],[75.168875,31.346788],[75.162527,31.337999],[75.141368,31.322862],[75.134044,31.315945],[75.128347,31.307807],[75.118256,31.289618],[75.036876,31.198025],[75.002696,31.176296]]]}},{"type":"Feature","properties":{"dissolve":"672Lake Centerline","scalerank":8.0,"featurecla":"Lake Centerline","name":"Tungabhadra","name_alt":null,"rivernum":672,"note":null,"min_zoom":7.0,"name_en":"Tungabhadra","min_label":8.0},"bbox":[75.530772,13.496161,76.319347,15.272528],"geometry":{"type":"MultiLineString","coordinates":[[[75.893891,15.092597],[75.893565,15.102159],[75.892345,15.121161],[75.903575,15.131212],[75.922293,15.134792],[75.948822,15.141425],[75.983002,15.1435],[76.020518,15.147813],[76.063731,15.159613],[76.084239,15.172065],[76.097179,15.191921],[76.123546,15.210801],[76.155528,15.227891],[76.184662,15.229926],[76.22877,15.225409],[76.265391,15.236436],[76.283376,15.250271],[76.304291,15.257107],[76.31837,15.270697],[76.318858,15.271674],[76.319347,15.272528]],[[75.631765,13.712185],[75.580333,13.69477],[75.567149,13.686103],[75.555756,13.676052],[75.551036,13.664984],[75.54713,13.65119],[75.549734,13.636501],[75.562104,13.623562],[75.567149,13.61164],[75.569835,13.595038],[75.573253,13.579372],[75.578136,13.569688],[75.570811,13.558214],[75.55657,13.549099],[75.549734,13.537136],[75.53769,13.510118],[75.530772,13.496161]]]}},{"type":"Feature","properties":{"dissolve":"672River","scalerank":8.0,"featurecla":"River","name":"Tungabhadra","name_alt":null,"rivernum":672,"note":null,"min_zoom":7.0,"name_en":"Tungabhadra","min_label":8.0},"bbox":[75.31837,13.228624,78.236908,15.976426],"geometry":{"type":"MultiLineString","coordinates":[[[76.31837,15.270697],[76.326182,15.284695],[76.331147,15.305528],[76.339285,15.32449],[76.355886,15.33279],[76.421886,15.335313],[76.505626,15.360134],[76.5206,15.369981],[76.536062,15.392524],[76.538097,15.39765],[76.542979,15.402289],[76.568126,15.404812],[76.579031,15.407904],[76.585216,15.415107],[76.589773,15.424669],[76.595714,15.434272],[76.606375,15.441433],[76.617442,15.44245],[76.641856,15.440619],[76.651378,15.445136],[76.678315,15.476915],[76.694835,15.489936],[76.715587,15.496649],[76.759695,15.492458],[76.782237,15.494452],[76.792003,15.507514],[76.795909,15.525214],[76.82545,15.586005],[76.835704,15.62991],[76.844005,15.651719],[76.856049,15.66116],[76.864757,15.665391],[76.875499,15.68419],[76.8838,15.688422],[76.896983,15.690945],[76.902354,15.697374],[76.90797,15.716376],[76.928152,15.747341],[77.073416,15.921088],[77.143891,15.960761],[77.163015,15.967149],[77.226492,15.976426],[77.235362,15.974677],[77.25294,15.965847],[77.263682,15.962185],[77.306163,15.957099],[77.428722,15.955919],[77.492198,15.9383],[77.563243,15.932318],[77.58253,15.928046],[77.641205,15.900662],[77.660574,15.895575],[77.686046,15.893866],[77.749034,15.897569],[77.794851,15.889268],[77.849864,15.893866],[77.857595,15.895575],[77.864757,15.899848],[77.877208,15.911566],[77.88795,15.919135],[77.8956,15.917996],[77.903412,15.912787],[77.914806,15.908149],[77.939952,15.903103],[77.950125,15.899766],[78.087494,15.832953],[78.100352,15.829657],[78.114268,15.839871],[78.123953,15.849921],[78.131928,15.876166],[78.141368,15.888129],[78.153575,15.897162],[78.165701,15.900702],[78.185069,15.908718],[78.213145,15.92768],[78.235281,15.950466],[78.236908,15.969591]],[[75.631765,13.712185],[75.646007,13.719997],[75.654714,13.72252],[75.661143,13.726426],[75.667247,13.735785],[75.664154,13.743923],[75.657237,13.754503],[75.656993,13.760688],[75.674083,13.755642],[75.69573,13.775417],[75.700613,13.788275],[75.701264,13.810858],[75.695242,13.887234],[75.699311,13.939643],[75.695242,13.955512],[75.686941,13.966376],[75.675222,13.978868],[75.664806,13.993354],[75.660411,14.010077],[75.665457,14.030585],[75.677338,14.042833],[75.692882,14.052314],[75.7081,14.064724],[75.714936,14.069119],[75.72047,14.070746],[75.720795,14.073676],[75.712169,14.081814],[75.691173,14.111111],[75.687755,14.112494],[75.685802,14.120958],[75.686046,14.122138],[75.689871,14.122667],[75.698253,14.129584],[75.707123,14.142279],[75.704519,14.147081],[75.695893,14.149278],[75.669932,14.166368],[75.667247,14.17121],[75.666108,14.190985],[75.664073,14.199897],[75.660411,14.208686],[75.673106,14.209255],[75.681651,14.213406],[75.68629,14.221259],[75.687755,14.232611],[75.681244,14.242214],[75.653087,14.243598],[75.646658,14.253445],[75.643158,14.27265],[75.619395,14.338446],[75.618337,14.364285],[75.630463,14.408271],[75.635265,14.439887],[75.63974,14.448025],[75.653738,14.463162],[75.671886,14.481513],[75.678396,14.491726],[75.68157,14.502956],[75.692475,14.495551],[75.699962,14.483466],[75.7081,14.4831],[75.717052,14.48961],[75.72934,14.511786],[75.752533,14.521918],[75.794851,14.548163],[75.805105,14.558173],[75.807384,14.572537],[75.804861,14.582709],[75.800385,14.592597],[75.797537,14.605984],[75.797944,14.620063],[75.803722,14.638739],[75.805105,14.650662],[75.797944,14.673611],[75.780691,14.68476],[75.735444,14.695339],[75.74879,14.715928],[75.75294,14.727118],[75.749766,14.736355],[75.737804,14.739691],[75.72519,14.734198],[75.713634,14.726142],[75.704682,14.722032],[75.700857,14.729356],[75.708425,14.764757],[75.7081,14.777289],[75.695242,14.790107],[75.681733,14.798285],[75.671397,14.810492],[75.667247,14.835313],[75.669851,14.844062],[75.67628,14.853827],[75.691417,14.869737],[75.69573,14.879503],[75.692312,14.891425],[75.68157,14.913845],[75.67685,14.935492],[75.678966,14.945624],[75.687755,14.95539],[75.698416,14.958116],[75.722179,14.953925],[75.732351,14.958808],[75.809255,15.032579],[75.827403,15.041693],[75.864513,15.048651],[75.881277,15.0574],[75.894786,15.070258],[75.89739,15.083848],[75.893891,15.092597]],[[75.31837,13.228624],[75.333751,13.239854],[75.34075,13.246283],[75.342052,13.249132],[75.376475,13.249132],[75.394135,13.251288],[75.455577,13.269599],[75.471121,13.278022],[75.481537,13.289171],[75.487722,13.303534],[75.489675,13.321153],[75.484304,13.34162],[75.47462,13.354926],[75.470714,13.367499],[75.482188,13.386298],[75.490815,13.389024],[75.499929,13.386501],[75.507253,13.38642],[75.510183,13.396267],[75.507904,13.406073],[75.498627,13.426093],[75.496511,13.437812],[75.501231,13.450263],[75.523529,13.484402],[75.530772,13.496161]]]}},{"type":"Feature","properties":{"dissolve":"673Lake Centerline","scalerank":8.0,"featurecla":"Lake Centerline","name":"Mahaweli","name_alt":null,"rivernum":673,"note":null,"min_zoom":7.0,"name_en":"Mahaweli","min_label":8.0},"bbox":[80.656261,7.232774,81.142345,7.999335],"geometry":{"type":"MultiLineString","coordinates":[[[81.142345,7.999335],[81.137136,7.982042],[81.127045,7.955349],[81.105398,7.928738],[81.084727,7.897488],[81.078298,7.878689],[81.06601,7.864569],[81.049083,7.853827],[81.028412,7.844265],[81.009207,7.823798],[80.992117,7.801337]],[[80.656261,7.307929],[80.66505,7.29739],[80.684174,7.280951],[80.701101,7.272895],[80.720225,7.268419],[80.739757,7.26142],[80.754649,7.25906],[80.766368,7.261786],[80.778087,7.257514],[80.795339,7.242377],[80.80714,7.232774]]]}},{"type":"Feature","properties":{"dissolve":"673River","scalerank":8.0,"featurecla":"River","name":"Mahaweli","name_alt":null,"rivernum":673,"note":null,"min_zoom":7.0,"name_en":"Mahaweli","min_label":8.0},"bbox":[80.569347,7.033555,81.416596,8.263373],"geometry":{"type":"MultiLineString","coordinates":[[[81.142345,7.999335],[81.14503,8.005683],[81.146495,8.03323],[81.149832,8.048407],[81.176524,8.082546],[81.187429,8.088731],[81.219493,8.100287],[81.231619,8.109198],[81.233653,8.115994],[81.232188,8.132921],[81.235037,8.140245],[81.24171,8.144395],[81.254405,8.145941],[81.259695,8.150173],[81.269054,8.175971],[81.272553,8.204128],[81.279552,8.231147],[81.299897,8.253852],[81.326915,8.263373],[81.416596,8.253852]],[[80.80714,7.232774],[80.830089,7.196804],[80.866791,7.193915],[80.909679,7.200263],[80.951182,7.19184],[80.963878,7.19953],[80.985281,7.205512],[81.012218,7.230414],[81.013927,7.262803],[80.992117,7.335232],[80.978445,7.567979],[80.997651,7.662299],[80.995535,7.681586],[80.988292,7.704128],[80.992117,7.801337]],[[80.656261,7.033555],[80.656749,7.050971],[80.663666,7.061957],[80.663503,7.069037],[80.642589,7.07453],[80.628429,7.074042],[80.614838,7.071072],[80.601166,7.06977],[80.587413,7.07453],[80.573822,7.086982],[80.569347,7.099921],[80.573171,7.112982],[80.583995,7.126044],[80.587413,7.132148],[80.580496,7.142279],[80.580577,7.150906],[80.584402,7.159857],[80.587494,7.164374],[80.598074,7.17414],[80.606212,7.187771],[80.608897,7.202745],[80.60849,7.235907],[80.614187,7.265204],[80.627208,7.298896],[80.643158,7.319119],[80.656261,7.307929]]]}},{"type":"Feature","properties":{"dissolve":"674Lake Centerline","scalerank":8.0,"featurecla":"Lake Centerline","name":"Ngun","name_alt":null,"rivernum":674,"note":null,"min_zoom":7.0,"name_en":"Ngun","min_label":8.0},"bbox":[102.567149,18.55036,102.780691,18.714911],"geometry":{"type":"MultiLineString","coordinates":[[[102.780691,18.714911],[102.774425,18.697537],[102.745942,18.673936],[102.733409,18.666815],[102.713471,18.650336],[102.700206,18.630683],[102.688731,18.611884],[102.674571,18.592353],[102.642833,18.574652],[102.605235,18.566596],[102.588145,18.562201],[102.576752,18.555203],[102.567149,18.55036]]]}},{"type":"Feature","properties":{"dissolve":"674River","scalerank":8.0,"featurecla":"River","name":"Ngun","name_alt":null,"rivernum":674,"note":null,"min_zoom":7.0,"name_en":"Ngun","min_label":8.0},"bbox":[102.50587,18.120063,103.205007,19.683905],"geometry":{"type":"MultiLineString","coordinates":[[[103.205007,19.683905],[103.174571,19.649359],[103.157725,19.638861],[103.096934,19.620225],[103.080007,19.611355],[103.068126,19.596625],[103.063975,19.57807],[103.062511,19.538398],[103.055593,19.519843],[103.050548,19.515245],[103.036794,19.507432],[103.031342,19.503363],[102.972341,19.424262],[102.95989,19.414089],[102.953705,19.410468],[102.947846,19.407782],[102.930919,19.404486],[102.914073,19.407416],[102.896495,19.415229],[102.877452,19.426337],[102.849701,19.436957],[102.819591,19.438178],[102.790131,19.430935],[102.764252,19.416042],[102.749441,19.390204],[102.742931,19.351996],[102.745942,19.314399],[102.758881,19.290595],[102.793549,19.276313],[102.809174,19.267035],[102.818614,19.251044],[102.817963,19.240424],[102.807709,19.218085],[102.804779,19.206977],[102.805675,19.197821],[102.814952,19.168321],[102.833588,19.137641],[102.859874,19.107611],[102.879975,19.074774],[102.881847,19.035712],[102.874766,19.017442],[102.865326,19.005479],[102.852631,18.996934],[102.813731,18.978217],[102.799571,18.968817],[102.789236,18.956122],[102.779226,18.935655],[102.773367,18.918769],[102.771007,18.87698],[102.761974,18.842597],[102.764252,18.82099],[102.766612,18.817328],[102.776378,18.80504],[102.779389,18.799831],[102.780935,18.713446]],[[102.567149,18.55036],[102.544363,18.526068],[102.526459,18.518744],[102.513438,18.510565],[102.513682,18.484483],[102.533295,18.407782],[102.533621,18.39704],[102.530203,18.375759],[102.531505,18.367458],[102.537364,18.369574],[102.549246,18.371894],[102.559093,18.368272],[102.559011,18.352607],[102.552419,18.345404],[102.532237,18.339219],[102.526134,18.335517],[102.520518,18.324286],[102.521658,18.322455],[102.52825,18.321641],[102.538097,18.313788],[102.55421,18.306667],[102.558197,18.300564],[102.549083,18.290066],[102.538259,18.288438],[102.524099,18.290351],[102.511648,18.289984],[102.50587,18.281684],[102.510753,18.276964],[102.521983,18.27497],[102.533214,18.270575],[102.538015,18.258857],[102.537608,18.241726],[102.539073,18.237413],[102.542247,18.238552],[102.569021,18.233995],[102.577159,18.230292],[102.578543,18.225124],[102.575857,18.208075],[102.578136,18.202216],[102.582937,18.200792],[102.586192,18.202745],[102.588634,18.205349],[102.591075,18.206],[102.62794,18.196479],[102.637218,18.18948],[102.631114,18.173529],[102.62322,18.170762],[102.614268,18.172797],[102.606619,18.17003],[102.603445,18.153022],[102.605398,18.135565],[102.610444,18.134304],[102.617931,18.140163],[102.626069,18.14411],[102.657319,18.149685],[102.668549,18.149685],[102.699718,18.139268],[102.710948,18.139716],[102.716889,18.14407],[102.72169,18.151557],[102.72755,18.158881],[102.737641,18.162624],[102.752371,18.15766],[102.772634,18.131944],[102.785655,18.125434],[102.796641,18.127875],[102.80128,18.134711],[102.804454,18.142768],[102.810639,18.148749],[102.820811,18.151964],[102.848399,18.157294],[102.85019,18.164618],[102.852306,18.17003],[102.855886,18.173692],[102.861501,18.174628],[102.874034,18.173204],[102.879405,18.174506],[102.886811,18.180935],[102.89267,18.187934],[102.899099,18.193915],[102.908946,18.196885],[102.929861,18.192206],[102.973155,18.171454],[102.99464,18.173285],[102.994721,18.179226],[102.989024,18.188056],[102.986827,18.195624],[102.997325,18.197821],[103.010916,18.193915],[103.013194,18.186876],[103.009939,18.177924],[103.007904,18.167996],[103.005382,18.160997],[103.000499,18.154893],[102.996755,18.14765],[102.998139,18.136664],[103.004893,18.125434],[103.013927,18.120063],[103.024425,18.120388],[103.035574,18.126247],[103.047374,18.143988],[103.056651,18.163601],[103.068289,18.167914],[103.086843,18.139716]]]}},{"type":"Feature","properties":{"dissolve":"675Lake Centerline","scalerank":8.0,"featurecla":"Lake Centerline","name":"Macquarie","name_alt":null,"rivernum":675,"note":null,"min_zoom":7.0,"name_en":"Macquarie","min_label":8.0},"bbox":[149.120046,-32.911472,149.245372,-32.655694],"geometry":{"type":"MultiLineString","coordinates":[[[149.120046,-32.655694],[149.129893,-32.6631],[149.134858,-32.67075],[149.150076,-32.688979],[149.164643,-32.709161],[149.174327,-32.725763],[149.178315,-32.741388],[149.178966,-32.758315],[149.187022,-32.772393],[149.202159,-32.783054],[149.234955,-32.796889],[149.24171,-32.809584],[149.242686,-32.832208],[149.242931,-32.855645],[149.239757,-32.8742],[149.230479,-32.899102],[149.236746,-32.905287],[149.245372,-32.911472]]]}},{"type":"Feature","properties":{"dissolve":"675River","scalerank":8.0,"featurecla":"River","name":"Macquarie","name_alt":null,"rivernum":675,"note":null,"min_zoom":7.0,"name_en":"Macquarie","min_label":8.0},"bbox":[147.411794,-33.637058,149.718354,-30.126967],"geometry":{"type":"MultiLineString","coordinates":[[[149.120046,-32.655694],[149.100597,-32.648126],[149.07252,-32.620131],[149.053152,-32.608575],[149.034679,-32.608575],[149.016694,-32.612807],[149.003184,-32.609308],[148.997813,-32.584975],[148.993175,-32.575698],[148.981456,-32.57407],[148.968272,-32.575209],[148.95753,-32.574395],[148.945893,-32.567071],[148.942393,-32.560398],[148.94044,-32.553074],[148.933197,-32.543796],[148.92335,-32.535496],[148.916596,-32.532159],[148.872976,-32.522149],[148.86671,-32.514581],[148.875011,-32.498712],[148.858816,-32.486342],[148.834972,-32.448907],[148.823416,-32.448175],[148.816335,-32.453058],[148.806407,-32.457045],[148.796641,-32.458429],[148.788992,-32.455255],[148.777192,-32.439955],[148.771495,-32.436212],[148.758311,-32.431085],[148.7199,-32.421238],[148.708018,-32.412286],[148.703624,-32.393243],[148.697683,-32.385105],[148.683849,-32.384698],[148.658946,-32.3895],[148.645844,-32.388035],[148.64267,-32.383233],[148.643484,-32.375014],[148.641612,-32.362726],[148.609386,-32.279148],[148.584483,-32.244806],[148.54599,-32.218764],[148.474294,-32.189793],[148.432384,-32.179864],[148.401947,-32.184584],[148.391775,-32.197198],[148.386648,-32.210382],[148.379812,-32.22088],[148.36435,-32.22503],[148.315115,-32.226251],[148.306407,-32.228692],[148.298839,-32.232599],[148.282237,-32.233087],[148.265636,-32.229506],[148.257904,-32.221856],[148.257904,-32.167332],[148.251069,-32.108901],[148.251069,-32.053643],[148.24879,-32.04575],[148.240245,-32.028823],[148.240896,-32.022963],[148.243663,-32.017104],[148.245372,-32.007989],[148.245697,-31.998468],[148.244233,-31.991632],[148.23463,-31.981866],[148.219656,-31.975112],[148.203136,-31.973484],[148.189708,-31.97853],[148.15032,-31.957452],[148.134532,-31.943536],[148.128184,-31.92726],[148.11907,-31.914076],[148.097341,-31.903985],[148.053233,-31.889825],[148.031179,-31.879083],[148.020518,-31.871596],[148.011648,-31.862481],[148.006847,-31.853204],[148.000011,-31.832208],[147.989187,-31.815606],[147.986013,-31.805352],[147.980561,-31.797052],[147.967296,-31.793634],[147.922781,-31.787449],[147.908132,-31.775242],[147.874278,-31.729832],[147.85963,-31.694757],[147.840994,-31.683282],[147.81837,-31.674737],[147.799327,-31.663263],[147.790294,-31.645522],[147.771414,-31.592462],[147.761485,-31.581394],[147.746104,-31.572605],[147.73821,-31.551609],[147.730479,-31.505711],[147.72462,-31.494968],[147.7081,-31.47503],[147.703136,-31.464044],[147.702647,-31.451837],[147.708507,-31.430841],[147.709972,-31.419936],[147.706065,-31.398289],[147.696788,-31.381036],[147.661143,-31.335463],[147.650401,-31.315851],[147.643565,-31.294366],[147.639659,-31.247003],[147.635834,-31.231134],[147.621186,-31.204522],[147.597667,-31.173354],[147.589692,-31.158624],[147.586436,-31.139337],[147.5796,-31.123875],[147.545014,-31.100274],[147.531179,-31.087823],[147.527273,-31.079034],[147.521658,-31.05698],[147.517589,-31.046889],[147.48821,-31.018894],[147.483409,-31.008722],[147.478119,-30.984796],[147.477306,-30.974542],[147.479584,-30.963067],[147.497081,-30.93019],[147.497813,-30.91253],[147.493337,-30.868585],[147.503673,-30.841811],[147.508311,-30.817804],[147.514334,-30.812921],[147.521414,-30.809503],[147.524018,-30.801121],[147.524913,-30.779474],[147.523529,-30.767104],[147.523367,-30.756199],[147.524913,-30.745294],[147.528331,-30.738621],[147.53297,-30.732761],[147.537039,-30.725518],[147.538585,-30.714288],[147.536388,-30.702569],[147.527192,-30.683445],[147.524913,-30.673272],[147.527436,-30.663018],[147.564871,-30.588311],[147.575206,-30.572198],[147.601654,-30.54282],[147.608979,-30.527032],[147.610932,-30.509698],[147.606944,-30.491388],[147.555431,-30.415704],[147.536632,-30.406752],[147.530284,-30.386244],[147.531179,-30.347345],[147.521902,-30.321791],[147.520274,-30.310561],[147.528087,-30.305841],[147.54127,-30.302667],[147.553396,-30.294366],[147.562022,-30.282403],[147.565359,-30.268569],[147.567963,-30.247735],[147.566498,-30.241388],[147.559093,-30.231948],[147.547862,-30.225763],[147.535167,-30.221205],[147.529389,-30.213393],[147.538585,-30.197198],[147.527924,-30.187433],[147.483409,-30.169854],[147.434581,-30.135919],[147.411794,-30.126967]],[[149.718354,-33.637058],[149.706065,-33.633803],[149.695974,-33.629246],[149.67685,-33.61655],[149.65797,-33.608901],[149.653087,-33.605645],[149.651541,-33.601251],[149.652354,-33.595147],[149.651541,-33.587579],[149.646251,-33.579034],[149.635753,-33.575616],[149.607026,-33.572605],[149.601085,-33.565362],[149.605479,-33.554376],[149.614024,-33.547377],[149.619558,-33.540053],[149.614838,-33.527765],[149.619884,-33.5228],[149.629242,-33.507257],[149.620942,-33.50628],[149.608409,-33.501479],[149.601085,-33.499851],[149.60849,-33.487319],[149.606863,-33.476739],[149.5949,-33.458917],[149.5831,-33.423679],[149.577566,-33.414565],[149.553722,-33.402276],[149.497813,-33.403741],[149.474539,-33.393731],[149.471121,-33.389337],[149.466807,-33.380548],[149.464692,-33.376967],[149.459402,-33.374444],[149.455007,-33.375665],[149.452159,-33.374851],[149.450857,-33.366388],[149.446218,-33.354506],[149.434825,-33.349949],[149.421153,-33.347182],[149.409434,-33.342218],[149.402192,-33.333185],[149.385265,-33.30226],[149.382091,-33.290704],[149.38616,-33.281752],[149.407237,-33.2763],[149.41627,-33.267104],[149.402354,-33.255222],[149.40797,-33.236668],[149.425385,-33.219415],[149.447276,-33.211847],[149.489024,-33.212416],[149.50172,-33.202976],[149.504975,-33.177748],[149.503998,-33.164483],[149.502859,-33.162123],[149.499278,-33.164076],[149.491222,-33.164076],[149.469493,-33.159112],[149.447276,-33.15724],[149.438243,-33.153334],[149.430675,-33.144057],[149.419688,-33.126479],[149.41505,-33.123712],[149.409923,-33.122898],[149.398936,-33.123061],[149.394542,-33.120294],[149.394949,-33.113946],[149.396495,-33.106866],[149.395112,-33.101983],[149.375173,-33.092706],[149.338145,-33.082371],[149.323741,-33.071629],[149.315033,-33.067315],[149.292247,-33.068048],[149.282807,-33.064467],[149.278494,-33.056655],[149.274506,-33.034682],[149.272227,-33.02752],[149.263113,-33.02044],[149.251964,-33.016127],[149.242279,-33.010675],[149.237397,-33.000177],[149.240489,-32.993341],[149.248546,-32.986749],[149.258881,-32.981785],[149.268891,-32.979832],[149.283295,-32.969903],[149.284434,-32.947686],[149.276866,-32.92433],[149.265391,-32.910821],[149.257498,-32.909112],[149.244151,-32.909031]]]}},{"type":"Feature","properties":{"dissolve":"676Lake Centerline","scalerank":8.0,"featurecla":"Lake Centerline","name":"Qumar","name_alt":null,"rivernum":676,"note":null,"min_zoom":7.0,"name_en":"Qumar","min_label":8.0},"bbox":[92.067475,35.219346,92.298595,35.235175],"geometry":{"type":"MultiLineString","coordinates":[[[92.298595,35.222968],[92.201915,35.221706],[92.159434,35.225206],[92.141368,35.231147],[92.112234,35.235175],[92.08017,35.230414],[92.067475,35.219346]]]}},{"type":"Feature","properties":{"dissolve":"676River","scalerank":8.0,"featurecla":"River","name":"Qumar","name_alt":null,"rivernum":676,"note":null,"min_zoom":7.0,"name_en":"Qumar","min_label":8.0},"bbox":[90.949229,34.677191,94.965912,35.360785],"geometry":{"type":"MultiLineString","coordinates":[[[90.949229,35.244696],[90.996593,35.23664],[91.158783,35.2449],[91.24171,35.233751],[91.276866,35.216376],[91.298595,35.209296],[91.341889,35.20543],[91.471934,35.208686],[91.601654,35.185574],[91.72226,35.180935],[91.739513,35.184027],[91.773367,35.194281],[91.790457,35.196723],[91.806163,35.19477],[91.846121,35.175808],[91.910655,35.160102],[91.977061,35.154731],[91.992198,35.156195],[92.0053,35.15998],[92.014578,35.1671],[92.017996,35.178982],[92.024913,35.191759],[92.056733,35.20246],[92.067475,35.219346]],[[92.298595,35.222968],[92.31601,35.223456],[92.33489,35.220893],[92.352794,35.215928],[92.367605,35.209296],[92.382823,35.215847],[92.401866,35.217841],[92.453705,35.214545],[92.488292,35.204779],[92.508067,35.202501],[92.573253,35.209296],[92.590017,35.204128],[92.609793,35.181016],[92.624522,35.175808],[92.650076,35.185492],[92.670665,35.206326],[92.694753,35.22545],[92.731212,35.230414],[92.768891,35.217353],[92.785737,35.216742],[92.911143,35.255479],[92.974132,35.260199],[93.011729,35.271348],[93.086192,35.281806],[93.10434,35.288764],[93.120616,35.298774],[93.138764,35.303738],[93.274343,35.310736],[93.31544,35.319037],[93.35434,35.332831],[93.361257,35.33869],[93.369884,35.34809],[93.380382,35.356879],[93.392019,35.360785],[93.402354,35.358669],[93.420421,35.349229],[93.425792,35.347113],[93.438731,35.345323],[93.47047,35.332831],[93.482351,35.331977],[93.506358,35.333604],[93.518321,35.332831],[93.633311,35.296576],[93.675792,35.291856],[93.768647,35.299343],[93.786632,35.295193],[93.826915,35.273505],[93.876475,35.23371],[93.896088,35.221625],[93.919851,35.216742],[94.011729,35.222968],[94.104747,35.216742],[94.129242,35.211982],[94.148367,35.199897],[94.221283,35.140245],[94.244151,35.126492],[94.28419,35.113064],[94.30421,35.096015],[94.321056,35.077582],[94.334483,35.065985],[94.376964,35.052273],[94.534109,35.034003],[94.557628,35.028347],[94.5796,35.020046],[94.597992,35.00727],[94.609386,35.002265],[94.621104,35.005968],[94.642345,35.018175],[94.654307,35.020209],[94.732595,35.017768],[94.752208,35.011257],[94.760265,34.993964],[94.769786,34.979193],[94.814138,34.957872],[94.827891,34.944688],[94.899425,34.9206],[94.929861,34.905137],[94.930186,34.883246],[94.946218,34.862128],[94.958914,34.836615],[94.965912,34.806952],[94.955496,34.718573],[94.944916,34.695014],[94.924083,34.677191]]]}},{"type":"Feature","properties":{"dissolve":"734River","scalerank":8.0,"featurecla":"River","name":"Mun","name_alt":null,"rivernum":734,"note":null,"min_zoom":7.0,"name_en":"Mun","min_label":8.0},"bbox":[102.002452,14.276964,105.503835,15.470893],"geometry":{"type":"MultiLineString","coordinates":[[[102.002452,14.276964],[102.067556,14.355821],[102.068126,14.367051],[102.064871,14.384385],[102.064708,14.400336],[102.074474,14.407335],[102.086355,14.413031],[102.093679,14.426581],[102.097341,14.442572],[102.098643,14.455756],[102.10849,14.450873],[102.112315,14.44831],[102.138113,14.471544],[102.161388,14.503445],[102.177419,14.542019],[102.180593,14.585517],[102.175955,14.602891],[102.162852,14.629096],[102.160167,14.650662],[102.165538,14.66238],[102.191498,14.688747],[102.201101,14.702826],[102.208751,14.736843],[102.208507,14.838731],[102.213145,14.878607],[102.218435,14.898871],[102.22519,14.907579],[102.243175,14.913031],[102.248546,14.927069],[102.249522,14.969062],[102.25587,14.990831],[102.265554,15.009589],[102.277354,15.025255],[102.342052,15.084093],[102.35198,15.099433],[102.366222,15.092597],[102.358165,15.113064],[102.370128,15.129665],[102.372325,15.133572],[102.37379,15.143134],[102.372,15.161078],[102.372325,15.174506],[102.375906,15.189236],[102.382416,15.200385],[102.390717,15.208808],[102.433849,15.237169],[102.446544,15.237494],[102.473643,15.234727],[102.489024,15.237169],[102.502452,15.241767],[102.509532,15.245307],[102.557872,15.285712],[102.585948,15.319159],[102.589773,15.314399],[102.593761,15.311632],[102.596934,15.313341],[102.600515,15.331977],[102.605886,15.332139],[102.612722,15.330024],[102.619395,15.33279],[102.625011,15.342475],[102.634044,15.364366],[102.639903,15.373806],[102.640391,15.367377],[102.641775,15.365994],[102.646007,15.366278],[102.652354,15.372341],[102.660085,15.374335],[102.667735,15.372382],[102.67392,15.366278],[102.699474,15.38581],[102.71339,15.392524],[102.72934,15.394232],[102.737804,15.391628],[102.748139,15.382514],[102.752859,15.380561],[102.763601,15.383816],[102.771251,15.389716],[102.777354,15.392605],[102.783783,15.386786],[102.800222,15.38996],[102.820567,15.387397],[102.837983,15.388983],[102.845307,15.404486],[102.853038,15.404812],[102.899343,15.373806],[102.906749,15.376003],[102.951182,15.380561],[102.953298,15.387641],[102.975108,15.429023],[102.979991,15.429551],[102.981456,15.428046],[102.983328,15.42711],[102.989268,15.421495],[102.995535,15.421495],[103.001475,15.430487],[103.030284,15.448839],[103.03712,15.441433],[103.051768,15.455512],[103.057628,15.463162],[103.059011,15.453925],[103.061697,15.446479],[103.06601,15.440294],[103.0713,15.435167],[103.077159,15.43769],[103.079031,15.437364],[103.080496,15.435981],[103.084972,15.435167],[103.105398,15.448839],[103.100027,15.437771],[103.102468,15.4289],[103.109874,15.421454],[103.11907,15.41474],[103.129812,15.419135],[103.133311,15.421495],[103.133311,15.41474],[103.140147,15.41474],[103.140147,15.421495],[103.146983,15.421495],[103.149669,15.406195],[103.163097,15.380927],[103.167491,15.366278],[103.190929,15.371202],[103.203624,15.3581],[103.211925,15.344021],[103.222667,15.345811],[103.228933,15.345811],[103.232921,15.333116],[103.251964,15.32335],[103.256847,15.311632],[103.269623,15.321845],[103.279063,15.320746],[103.286632,15.315131],[103.294037,15.311632],[103.30364,15.315009],[103.31544,15.329535],[103.321707,15.33279],[103.332286,15.335883],[103.35377,15.349555],[103.36671,15.352647],[103.373627,15.349473],[103.382091,15.343777],[103.391368,15.340644],[103.40089,15.345811],[103.406993,15.345811],[103.406749,15.341254],[103.408376,15.340277],[103.411225,15.340522],[103.414561,15.339626],[103.403087,15.330186],[103.412364,15.321804],[103.42921,15.322333],[103.441173,15.339626],[103.434255,15.339626],[103.434255,15.345811],[103.453868,15.339626],[103.468435,15.33279],[103.469005,15.331081],[103.476003,15.319159],[103.481619,15.31505],[103.486501,15.314073],[103.491222,15.313788],[103.496511,15.311632],[103.498546,15.308173],[103.497569,15.304511],[103.497651,15.301052],[103.502615,15.298041],[103.508881,15.297146],[103.520112,15.298122],[103.523692,15.298041],[103.540945,15.293402],[103.548595,15.290107],[103.557872,15.284369],[103.571218,15.294623],[103.608653,15.308295],[103.626231,15.319159],[103.636974,15.33161],[103.660818,15.373806],[103.670909,15.356391],[103.673839,15.339952],[103.679698,15.334296],[103.698416,15.349229],[103.7081,15.361111],[103.710948,15.365912],[103.716075,15.366726],[103.747651,15.364936],[103.753347,15.36872],[103.75644,15.380561],[103.774913,15.378485],[103.786632,15.392442],[103.795421,15.407335],[103.811697,15.407904],[103.816824,15.415107],[103.817393,15.435614],[103.826589,15.453884],[103.845714,15.462958],[103.87379,15.463162],[103.87851,15.464545],[103.882416,15.468207],[103.887136,15.470893],[103.894216,15.469346],[103.895763,15.465928],[103.89739,15.453437],[103.900401,15.448839],[103.909434,15.443223],[103.916026,15.440497],[103.925222,15.440009],[103.942149,15.441433],[103.935557,15.42654],[103.945079,15.421698],[103.961681,15.423611],[103.976166,15.429023],[103.977061,15.416368],[103.985769,15.410183],[103.999766,15.40823],[104.034109,15.409003],[104.049571,15.407538],[104.060802,15.402126],[104.064952,15.390489],[104.067963,15.375841],[104.076264,15.363837],[104.088308,15.355658],[104.117442,15.349433],[104.128429,15.343533],[104.137706,15.34044],[104.147553,15.345811],[104.153819,15.345811],[104.164806,15.327582],[104.201182,15.303168],[104.208995,15.288113],[104.213796,15.281277],[104.224539,15.276923],[104.235932,15.273749],[104.243093,15.270697],[104.247488,15.261339],[104.250499,15.238796],[104.257416,15.229763],[104.263682,15.229763],[104.277354,15.246894],[104.302338,15.236274],[104.352957,15.201768],[104.35906,15.200995],[104.377208,15.201768],[104.386485,15.196601],[104.384532,15.185085],[104.380626,15.173529],[104.384044,15.16828],[104.449229,15.1435],[104.460704,15.137274],[104.486339,15.141669],[104.524913,15.154079],[104.535085,15.153591],[104.561534,15.148017],[104.675873,15.145575],[104.694347,15.142157],[104.709239,15.133572],[104.720876,15.139919],[104.729503,15.147732],[104.734874,15.157904],[104.736501,15.171454],[104.722992,15.172146],[104.711681,15.174872],[104.702403,15.181952],[104.790457,15.240831],[104.800385,15.242865],[104.815684,15.243435],[104.826101,15.240343],[104.823009,15.233588],[104.813487,15.226589],[104.804779,15.222927],[104.804779,15.21544],[104.821056,15.211941],[104.831716,15.212714],[104.853282,15.222927],[104.92213,15.240302],[104.931163,15.240546],[104.968435,15.25906],[104.973399,15.263943],[104.986339,15.266466],[105.016124,15.279405],[105.126475,15.308702],[105.183116,15.31212],[105.202159,15.310981],[105.217214,15.304267],[105.223155,15.288113],[105.224294,15.278754],[105.22755,15.271796],[105.249766,15.244818],[105.256602,15.239691],[105.266124,15.237901],[105.275645,15.240546],[105.284272,15.246772],[105.291515,15.25495],[105.303966,15.272528],[105.312104,15.278754],[105.322032,15.28266],[105.348155,15.287909],[105.353038,15.289903],[105.356944,15.29267],[105.364187,15.29914],[105.368256,15.300971],[105.36907,15.304145],[105.3803,15.306952],[105.39088,15.30744],[105.400971,15.305528],[105.416596,15.298855],[105.430675,15.290229],[105.444347,15.276964],[105.448416,15.274726],[105.450694,15.27029],[105.454845,15.268907],[105.459483,15.270128],[105.462983,15.27322],[105.464936,15.277899],[105.466563,15.289252],[105.467865,15.294542],[105.472585,15.303575],[105.475678,15.307481],[105.480072,15.310899],[105.485932,15.313503],[105.499278,15.317491],[105.503835,15.320176]]]}},{"type":"Feature","properties":{"dissolve":"735River","scalerank":8.0,"featurecla":"River","name":"Chi","name_alt":null,"rivernum":735,"note":null,"min_zoom":7.0,"name_en":"Chi","min_label":8.0},"bbox":[101.398041,15.188788,104.716075,16.387315],"geometry":{"type":"MultiLineString","coordinates":[[[101.405854,16.373643],[101.398041,16.359198],[101.407237,16.350938],[101.425222,16.347235],[101.444021,16.346381],[101.459402,16.347683],[101.463959,16.346137],[101.474864,16.340155],[101.477143,16.337266],[101.491791,16.323839],[101.495372,16.322781],[101.497569,16.319892],[101.502208,16.316962],[101.506847,16.311713],[101.509044,16.302029],[101.506114,16.293809],[101.492931,16.279812],[101.488455,16.271308],[101.487722,16.253201],[101.492931,16.236925],[101.502615,16.224189],[101.515717,16.216661],[101.531749,16.214464],[101.588145,16.216661],[101.591726,16.206977],[101.585378,16.164252],[101.5949,16.154568],[101.597748,16.152452],[101.600597,16.147773],[101.605561,16.143093],[101.646658,16.134711],[101.65976,16.124376],[101.680675,16.09748],[101.694591,16.08629],[101.683686,16.071397],[101.679454,16.048204],[101.677257,16.017401],[101.678722,16.01085],[101.685313,15.995429],[101.690115,15.977159],[101.687104,15.962185],[101.697765,15.95421],[101.703868,15.938544],[101.708507,15.921088],[101.715017,15.908149],[101.715017,15.900702],[101.711192,15.889268],[101.716563,15.873318],[101.727061,15.859076],[101.738862,15.852891],[101.743663,15.843207],[101.745372,15.823676],[101.751231,15.808458],[101.769054,15.811957],[101.778575,15.802314],[101.788178,15.789578],[101.798595,15.781277],[101.810639,15.784613],[101.814871,15.773627],[101.818858,15.746853],[101.824311,15.736884],[101.830577,15.736884],[101.847748,15.733262],[101.901866,15.678778],[101.926768,15.66116],[101.944265,15.67475],[101.961925,15.684516],[101.979096,15.689399],[101.995616,15.688422],[101.996349,15.695014],[101.997976,15.696357],[102.002452,15.695868],[102.007253,15.692247],[102.018077,15.685899],[102.02296,15.682237],[102.026947,15.67711],[102.032644,15.666612],[102.036632,15.66116],[102.077729,15.631537],[102.084402,15.619574],[102.103282,15.633002],[102.119151,15.647488],[102.124278,15.65412],[102.132823,15.67475],[102.135265,15.676378],[102.139089,15.676785],[102.143077,15.677924],[102.146495,15.682237],[102.146902,15.686876],[102.145518,15.697699],[102.146495,15.702094],[102.158783,15.717393],[102.162364,15.726142],[102.160167,15.736884],[102.175548,15.745388],[102.203298,15.744656],[102.214692,15.750515],[102.208507,15.757351],[102.212413,15.756944],[102.214122,15.758083],[102.214692,15.760565],[102.214692,15.764187],[102.222179,15.750515],[102.240245,15.752712],[102.253184,15.761298],[102.276785,15.784613],[102.307384,15.801581],[102.322683,15.80683],[102.331391,15.805732],[102.336681,15.816718],[102.335948,15.825995],[102.3331,15.836249],[102.331391,15.84988],[102.334565,15.863837],[102.348643,15.880316],[102.35198,15.890815],[102.356293,15.895046],[102.365001,15.908271],[102.371593,15.922187],[102.369233,15.928656],[102.377615,15.953721],[102.379242,15.965888],[102.381847,15.976386],[102.388682,15.982204],[102.406505,15.990098],[102.417898,15.997911],[102.427013,16.005886],[102.456147,16.04328],[102.488699,16.070339],[102.502615,16.093126],[102.507335,16.08393],[102.517182,16.07921],[102.543793,16.072048],[102.536794,16.079454],[102.577891,16.093126],[102.575206,16.100287],[102.583995,16.114203],[102.585948,16.127265],[102.592052,16.124579],[102.598237,16.120429],[102.622976,16.138251],[102.653575,16.167589],[102.673595,16.195583],[102.667084,16.209174],[102.669444,16.220038],[102.674897,16.227362],[102.683523,16.230821],[102.695242,16.230292],[102.692393,16.234158],[102.687755,16.243964],[102.715587,16.2508],[102.737071,16.246405],[102.761811,16.273383],[102.782237,16.310614],[102.794526,16.350653],[102.804454,16.361111],[102.8178,16.368476],[102.831635,16.373643],[102.847585,16.377265],[102.861095,16.377265],[102.893077,16.373643],[102.893077,16.381171],[102.886241,16.381171],[102.886241,16.387315],[102.942149,16.379706],[102.9546,16.373643],[102.9546,16.367499],[102.947765,16.367499],[102.947765,16.360663],[102.964854,16.354356],[102.979015,16.340644],[102.98935,16.323065],[102.995535,16.305447],[103.00294,16.305447],[103.010916,16.311713],[103.016043,16.308539],[103.020274,16.302069],[103.026866,16.298611],[103.041433,16.297431],[103.04713,16.293809],[103.050548,16.287462],[103.080089,16.248074],[103.095307,16.237372],[103.11907,16.236518],[103.112804,16.222846],[103.123464,16.223334],[103.126475,16.222846],[103.126475,16.216661],[103.120616,16.213446],[103.117931,16.210313],[103.116222,16.206855],[103.112804,16.202338],[103.143891,16.19599],[103.167003,16.194648],[103.241303,16.208035],[103.252045,16.211534],[103.263113,16.216661],[103.273855,16.223334],[103.28297,16.227484],[103.2942,16.226182],[103.311453,16.216661],[103.312104,16.223212],[103.310476,16.226386],[103.307546,16.228095],[103.304698,16.230292],[103.326915,16.226142],[103.336192,16.226345],[103.345632,16.230292],[103.35491,16.224148],[103.365733,16.227403],[103.387218,16.243964],[103.387218,16.236518],[103.396658,16.241563],[103.40683,16.238471],[103.414561,16.243964],[103.421316,16.243964],[103.448009,16.209174],[103.450287,16.203721],[103.450857,16.197211],[103.452729,16.191677],[103.458263,16.189317],[103.463145,16.192165],[103.470144,16.205268],[103.476003,16.209174],[103.488862,16.210273],[103.523692,16.209174],[103.533621,16.211982],[103.548269,16.219753],[103.557872,16.222846],[103.566905,16.20539],[103.587901,16.200751],[103.605968,16.205634],[103.606375,16.222846],[103.617442,16.216661],[103.625011,16.207953],[103.630056,16.199897],[103.634288,16.195583],[103.646495,16.194892],[103.654307,16.199042],[103.660492,16.201443],[103.667735,16.195583],[103.674571,16.202338],[103.669932,16.207384],[103.665457,16.213894],[103.660818,16.216661],[103.660818,16.222846],[103.678722,16.221503],[103.686697,16.219916],[103.695079,16.216661],[103.695079,16.230292],[103.701915,16.230292],[103.712413,16.224677],[103.726329,16.221381],[103.738292,16.216417],[103.743337,16.205756],[103.750255,16.198757],[103.76588,16.188341],[103.784272,16.179145],[103.798595,16.175645],[103.798595,16.168891],[103.79241,16.165961],[103.789561,16.163275],[103.784434,16.154568],[103.797781,16.154324],[103.808686,16.149685],[103.815929,16.141628],[103.818614,16.130968],[103.827159,16.121446],[103.865245,16.115546],[103.87379,16.103705],[103.877208,16.096951],[103.893972,16.076931],[103.900401,16.065782],[103.90504,16.051134],[103.907481,16.036404],[103.908376,16.00373],[103.914073,16.00373],[103.925141,16.007921],[103.923839,15.991523],[103.914073,15.959052],[103.911388,15.956732],[103.904877,15.955105],[103.898204,15.95128],[103.894216,15.942328],[103.895112,15.931708],[103.899506,15.921739],[103.906261,15.91352],[103.914073,15.908149],[103.91448,15.929958],[103.92213,15.944037],[103.93629,15.948757],[103.95574,15.942328],[103.968028,15.930487],[103.97934,15.916205],[103.990489,15.908149],[104.003429,15.914984],[104.009776,15.914984],[104.013113,15.898627],[104.020274,15.887966],[104.029063,15.878852],[104.03769,15.867214],[104.027192,15.86286],[104.017833,15.85517],[104.013276,15.846503],[104.0171,15.839219],[104.0171,15.833075],[104.00823,15.828681],[104.003835,15.820502],[104.004242,15.809923],[104.009776,15.798285],[104.030203,15.80504],[104.055431,15.809434],[104.073334,15.82038],[104.071788,15.846747],[104.11142,15.823188],[104.13144,15.787665],[104.135509,15.745469],[104.126964,15.702094],[104.13323,15.702094],[104.144216,15.708279],[104.155365,15.701687],[104.166026,15.687079],[104.194835,15.62873],[104.215831,15.599677],[104.238048,15.558173],[104.239675,15.551296],[104.276947,15.523749],[104.284109,15.521186],[104.286225,15.509711],[104.295502,15.493109],[104.297781,15.47956],[104.30714,15.456244],[104.328705,15.441718],[104.352061,15.442003],[104.36671,15.463162],[104.373546,15.463162],[104.380951,15.44949],[104.382335,15.419867],[104.387218,15.401068],[104.391124,15.396552],[104.411388,15.383653],[104.418224,15.377631],[104.423595,15.37462],[104.428966,15.376899],[104.435557,15.386786],[104.435069,15.371772],[104.438243,15.34988],[104.435557,15.339626],[104.428722,15.325303],[104.444265,15.317898],[104.453624,15.31684],[104.462494,15.318549],[104.476573,15.319159],[104.478282,15.317979],[104.492442,15.312852],[104.500499,15.311632],[104.508311,15.313422],[104.511729,15.317491],[104.513682,15.322089],[104.517507,15.325303],[104.528738,15.328884],[104.541921,15.331081],[104.556407,15.33039],[104.572032,15.325303],[104.582449,15.318305],[104.591807,15.309882],[104.599864,15.304145],[104.606293,15.304877],[104.613048,15.304877],[104.622,15.288601],[104.638194,15.277045],[104.650401,15.265733],[104.647227,15.250271],[104.654552,15.240546],[104.660492,15.238715],[104.662852,15.24254],[104.660818,15.250271],[104.660818,15.256415],[104.674083,15.25377],[104.682872,15.245144],[104.694916,15.222927],[104.693777,15.224392],[104.702403,15.209296],[104.706554,15.204942],[104.711436,15.202257],[104.714936,15.198025],[104.716075,15.188788]]]}},{"type":"Feature","properties":{"dissolve":"738River","scalerank":8.0,"featurecla":"River","name":"Da","name_alt":"Black","rivernum":738,"note":null,"min_zoom":7.0,"name_en":"Black","min_label":8.0},"bbox":[100.612071,20.759467,105.346121,24.748643],"geometry":{"type":"MultiLineString","coordinates":[[[100.612071,24.748643],[100.656505,24.715644],[100.6692,24.70364],[100.677989,24.698106],[100.702159,24.687812],[100.707042,24.682807],[100.720714,24.651801],[100.739268,24.638495],[100.759288,24.629665],[100.775483,24.617499],[100.782237,24.594062],[100.784434,24.589057],[100.789073,24.583848],[100.793712,24.576768],[100.797862,24.551378],[100.802826,24.545193],[100.8095,24.541612],[100.816335,24.535102],[100.824718,24.521186],[100.840831,24.460639],[100.85434,24.454169],[100.8838,24.423367],[100.896495,24.406277],[100.917491,24.349311],[100.923106,24.34394],[100.929128,24.339626],[100.93214,24.329942],[100.934093,24.32038],[100.937022,24.315985],[100.952078,24.310167],[100.95574,24.297065],[100.954112,24.27501],[100.992686,24.239081],[101.009695,24.215928],[101.005626,24.196234],[101.000418,24.186347],[101.002208,24.175157],[101.006847,24.164252],[101.009369,24.1553],[101.014089,24.148546],[101.02532,24.147488],[101.038829,24.147569],[101.050304,24.144721],[101.060802,24.132392],[101.069591,24.113227],[101.07545,24.091905],[101.077647,24.07331],[101.084565,24.055447],[101.11671,24.021064],[101.125987,24.007514],[101.132742,23.966335],[101.137706,23.950263],[101.149913,23.936143],[101.157237,23.919013],[101.15504,23.894721],[101.145925,23.856716],[101.145763,23.788886],[101.149669,23.755194],[101.159597,23.727607],[101.176524,23.696153],[101.186697,23.664822],[101.185069,23.632025],[101.166433,23.596625],[101.181244,23.582628],[101.225352,23.574327],[101.23463,23.565945],[101.237804,23.559434],[101.251964,23.545966],[101.255056,23.538642],[101.25294,23.528754],[101.249929,23.520941],[101.251394,23.514228],[101.262625,23.50788],[101.280203,23.425401],[101.279307,23.411689],[101.282481,23.396064],[101.251231,23.286729],[101.245128,23.274482],[101.244884,23.264838],[101.2588,23.26085],[101.276785,23.259101],[101.290619,23.254421],[101.317149,23.240343],[101.342214,23.232733],[101.34905,23.22602],[101.351329,23.209337],[101.342703,23.16352],[101.337576,23.150987],[101.339692,23.144721],[101.33074,23.124294],[101.367931,23.08808],[101.382091,23.083319],[101.39088,23.08865],[101.427013,23.124294],[101.432628,23.114691],[101.443126,23.109931],[101.467377,23.103827],[101.486908,23.087104],[101.497976,23.075019],[101.51295,23.048367],[101.515717,23.041124],[101.516368,23.036322],[101.515717,23.017849],[101.5088,23.015408],[101.467377,22.986518],[101.477306,22.981024],[101.483653,22.975369],[101.495372,22.959174],[101.506928,22.931179],[101.509044,22.928494],[101.520518,22.905382],[101.522553,22.89407],[101.550548,22.870429],[101.56837,22.860948],[101.586355,22.854438],[101.606049,22.850613],[101.628998,22.849311],[101.645518,22.855292],[101.656993,22.869208],[101.673432,22.897773],[101.700613,22.91588],[101.731619,22.919216],[101.764415,22.908271],[101.796397,22.884101],[101.819591,22.847439],[101.834402,22.830024],[101.854747,22.822618],[101.860444,22.819444],[101.865245,22.812364],[101.871593,22.805284],[101.882335,22.80211],[101.89503,22.803819],[101.904063,22.807725],[101.911794,22.812323],[101.919932,22.815782],[101.927419,22.817694],[101.933604,22.818305],[101.940033,22.817735],[101.947765,22.815782],[101.961436,22.805854],[101.97047,22.801703],[101.974539,22.805243],[101.980398,22.80211],[102.016124,22.767401],[102.036143,22.735622],[102.052257,22.702948],[102.07252,22.673529],[102.104747,22.651313],[102.163992,22.626532],[102.184255,22.623399],[102.226492,22.624132],[102.247081,22.622341],[102.263194,22.616563],[102.276541,22.601426],[102.292979,22.568305],[102.307546,22.561957],[102.379242,22.575629],[102.401785,22.57453],[102.458018,22.561957],[102.508556,22.566759],[102.523204,22.561957],[102.526947,22.557563],[102.537039,22.541693],[102.543793,22.534613],[102.55128,22.531073],[102.560557,22.528388],[102.568289,22.524482],[102.577566,22.50727],[102.644949,22.436225],[102.662852,22.423692],[102.701427,22.414374],[102.737234,22.39289],[102.776785,22.360378],[102.800304,22.330919],[102.817556,22.297065],[102.82545,22.260321],[102.824799,22.252631],[102.823334,22.247911],[102.822846,22.24254],[102.82545,22.232978],[102.828543,22.228339],[102.837332,22.219184],[102.84547,22.20543],[102.860362,22.20539],[102.889659,22.21247],[102.908376,22.202948],[102.916515,22.180732],[102.922374,22.155707],[102.934662,22.137397],[102.951915,22.136176],[103.040294,22.147732],[103.066742,22.140001],[103.095795,22.122178],[103.140147,22.085557],[103.177338,22.087958],[103.264415,22.048041],[103.28419,22.054267],[103.280854,22.057481],[103.273448,22.062771],[103.266124,22.069159],[103.263113,22.075995],[103.266531,22.08157],[103.323985,22.149482],[103.338796,22.157904],[103.360932,22.158067],[103.38323,22.14997],[103.400076,22.136298],[103.406993,22.119981],[103.409679,22.095771],[103.416515,22.081407],[103.441173,22.061632],[103.452159,22.048367],[103.458263,22.031317],[103.460948,22.011583],[103.461681,21.990302],[103.465343,21.985541],[103.473888,21.97956],[103.483979,21.974473],[103.492686,21.972276],[103.497488,21.967841],[103.543956,21.893093],[103.550955,21.876736],[103.555186,21.857733],[103.559662,21.813015],[103.564708,21.794786],[103.58074,21.770046],[103.585867,21.760037],[103.584483,21.759548],[103.585378,21.74376],[103.585867,21.743272],[103.587576,21.739936],[103.596121,21.735378],[103.598888,21.733344],[103.625418,21.689521],[103.642589,21.67239],[103.660818,21.671251],[103.67335,21.665595],[103.67628,21.666815],[103.681407,21.671251],[103.704112,21.661404],[103.749522,21.652208],[103.7671,21.640204],[103.805919,21.58161],[103.811697,21.565131],[103.815115,21.558621],[103.824311,21.553534],[103.853038,21.546983],[103.900401,21.54088],[103.912608,21.533718],[103.921153,21.527045],[103.930593,21.522284],[103.958507,21.517524],[103.967703,21.510321],[103.983653,21.493109],[103.995209,21.498562],[104.003429,21.496772],[104.0171,21.485663],[104.034272,21.463446],[104.03769,21.462104],[104.046479,21.451483],[104.089854,21.438544],[104.105968,21.431667],[104.111501,21.425605],[104.132742,21.397284],[104.150645,21.379828],[104.160085,21.364325],[104.161794,21.33747],[104.167491,21.321845],[104.177989,21.313422],[104.209239,21.295722],[104.223888,21.272325],[104.277354,21.252956],[104.283376,21.246161],[104.290945,21.231228],[104.297781,21.225613],[104.364024,21.213731],[104.381358,21.201361],[104.42864,21.143581],[104.441335,21.133857],[104.459402,21.129991],[104.47226,21.124701],[104.511241,21.089057],[104.515717,21.081407],[104.514415,21.076728],[104.514903,21.073065],[104.524913,21.06863],[104.531749,21.068915],[104.540619,21.071845],[104.54835,21.075629],[104.551524,21.078477],[104.553722,21.083075],[104.558116,21.080675],[104.562592,21.073798],[104.567149,21.053494],[104.57366,21.048204],[104.58253,21.048611],[104.592459,21.054267],[104.618337,21.035712],[104.653901,21.03502],[104.687999,21.047553],[104.709239,21.06863],[104.728038,21.061957],[104.766612,21.053331],[104.781261,21.044053],[104.797537,21.037177],[104.847179,21.036566],[104.866954,21.0338],[104.877615,21.02501],[104.891531,21.008612],[104.903331,20.990302],[104.913259,20.96369],[104.996593,20.877021],[105.003998,20.873074],[105.013438,20.860297],[105.086436,20.813096],[105.09075,20.807318],[105.092784,20.794257],[105.088634,20.792751],[105.081065,20.783026],[105.076752,20.772081],[105.082937,20.766913],[105.093272,20.765733],[105.11671,20.759467],[105.129405,20.761298],[105.136811,20.765448],[105.142019,20.770046],[105.147472,20.773139],[105.178803,20.772732],[105.196544,20.774604],[105.212901,20.784003],[105.228608,20.796698],[105.244233,20.803249],[105.304779,20.810899],[105.324799,20.817572],[105.340017,20.828803],[105.346121,20.845486],[105.343028,20.850653],[105.329275,20.860419],[105.326182,20.865912],[105.332449,20.910264],[105.332612,20.956366],[105.3296,20.981309],[105.322765,20.992255],[105.31544,20.999783],[105.290619,21.038153],[105.284679,21.054267],[105.28655,21.075507],[105.302013,21.104315],[105.305675,21.126573],[105.300548,21.141221],[105.289643,21.154893],[105.28183,21.170681],[105.284679,21.191474],[105.302745,21.209499],[105.326427,21.220974],[105.342784,21.238105],[105.339854,21.273383]]]}},{"type":"Feature","properties":{"dissolve":"740River","scalerank":8.0,"featurecla":"River","name":"Tone","name_alt":null,"rivernum":740,"note":null,"min_zoom":7.0,"name_en":"Tone","min_label":8.0},"bbox":[138.968272,35.732367,140.856944,36.906684],"geometry":{"type":"MultiLineString","coordinates":[[[139.067149,36.906684],[139.067882,36.869818],[139.064708,36.853217],[139.055186,36.838813],[139.024099,36.81863],[138.991466,36.802436],[138.968761,36.779731],[138.968272,36.739936],[138.983165,36.705634],[139.024913,36.643337],[139.041433,36.609931],[139.044932,36.585028],[139.039561,36.565294],[139.031749,36.546576],[139.020925,36.483425],[139.023448,36.474066],[139.036143,36.455837],[139.041433,36.446153],[139.061046,36.384874],[139.072032,36.35989],[139.089285,36.33629],[139.103526,36.324286],[139.133067,36.308905],[139.147227,36.298122],[139.170502,36.27265],[139.181814,36.263129],[139.198416,36.25434],[139.232188,36.242051],[139.303966,36.228135],[139.378347,36.222439],[139.412364,36.211697],[139.443858,36.196234],[139.472748,36.178005],[139.513927,36.192694],[139.562673,36.190863],[139.60963,36.179307],[139.769216,36.109931],[139.801768,36.081814],[139.865733,36.004991],[139.932058,35.938422],[139.96933,35.913886],[140.127045,35.854315],[140.169444,35.844102],[140.189464,35.842841],[140.319591,35.850613],[140.345225,35.855333],[140.367442,35.878363],[140.392507,35.884792],[140.461192,35.892361],[140.551199,35.888454],[140.569347,35.883734],[140.625418,35.853583],[140.670502,35.841579],[140.692393,35.832587],[140.710541,35.819648],[140.755056,35.773953],[140.776541,35.756863],[140.798839,35.74372],[140.824474,35.735297],[140.856944,35.732367]]]}},{"type":"Feature","properties":{"dissolve":"745River","scalerank":8.0,"featurecla":"River","name":"Roper","name_alt":null,"rivernum":745,"note":null,"min_zoom":7.0,"name_en":"Roper","min_label":8.0},"bbox":[132.647634,-14.956231,135.368175,-14.470147],"geometry":{"type":"MultiLineString","coordinates":[[[132.750662,-14.470147],[132.739757,-14.48211],[132.719737,-14.512546],[132.706065,-14.518569],[132.657725,-14.576104],[132.647634,-14.593113],[132.649343,-14.616225],[132.663097,-14.630873],[132.683604,-14.638604],[132.706065,-14.640802],[132.710867,-14.642999],[132.715831,-14.647638],[132.722748,-14.652358],[132.743337,-14.657078],[132.748057,-14.663507],[132.751475,-14.672377],[132.757498,-14.682468],[132.7671,-14.694513],[132.773936,-14.699151],[132.784923,-14.702325],[132.796641,-14.701511],[132.819753,-14.695815],[132.8296,-14.699151],[132.838796,-14.708185],[132.858653,-14.73797],[132.865245,-14.747979],[132.872976,-14.757175],[132.882498,-14.765151],[132.894786,-14.771905],[132.904796,-14.77394],[132.925792,-14.774754],[132.935639,-14.778009],[132.945893,-14.786961],[132.973155,-14.823093],[133.024425,-14.867364],[133.09669,-14.915867],[133.102306,-14.917901],[133.119721,-14.926772],[133.152599,-14.931492],[133.23878,-14.954034],[133.261485,-14.956231],[133.271251,-14.954034],[133.290538,-14.944757],[133.302175,-14.94256],[133.31129,-14.944513],[133.322276,-14.953546],[133.333018,-14.956231],[133.365896,-14.94728],[133.393972,-14.923272],[133.449474,-14.847507],[133.456554,-14.840183],[133.458914,-14.83587],[133.461192,-14.829522],[133.464447,-14.823419],[133.470144,-14.819675],[133.477306,-14.820326],[133.487885,-14.830255],[133.504975,-14.835951],[133.514659,-14.841811],[133.524343,-14.844089],[133.535167,-14.836358],[133.542247,-14.833347],[133.552013,-14.834405],[133.57252,-14.840183],[133.613373,-14.842787],[133.766368,-14.826674],[133.785167,-14.828546],[133.80128,-14.833673],[133.815847,-14.843601],[133.836681,-14.853936],[133.858979,-14.852716],[133.902192,-14.840183],[133.925548,-14.839776],[133.967459,-14.850763],[133.987722,-14.853855],[134.003917,-14.851088],[134.021007,-14.844578],[134.036143,-14.835626],[134.046153,-14.826511],[134.048757,-14.808119],[134.036143,-14.765964],[134.042654,-14.74741],[134.087332,-14.699558],[134.100678,-14.688653],[134.113373,-14.683445],[134.137543,-14.678888],[134.148529,-14.674981],[134.171886,-14.651544],[134.178966,-14.647638],[134.202891,-14.644057],[134.271495,-14.61419],[134.361339,-14.632745],[134.371349,-14.644952],[134.378917,-14.660333],[134.389334,-14.674981],[134.396658,-14.682306],[134.402273,-14.685968],[134.409679,-14.687677],[134.422862,-14.688653],[134.458344,-14.682061],[134.475108,-14.692804],[134.546397,-14.709812],[134.557872,-14.715509],[134.564382,-14.721043],[134.573741,-14.737156],[134.581554,-14.761163],[134.58782,-14.772963],[134.597667,-14.778009],[134.619884,-14.776788],[134.642019,-14.772963],[134.663097,-14.766534],[134.682384,-14.757501],[134.701589,-14.742527],[134.714692,-14.729506],[134.727794,-14.726414],[134.747813,-14.740574],[134.758474,-14.744806],[134.780284,-14.73797],[134.789073,-14.740574],[134.805593,-14.758152],[134.813406,-14.761895],[134.826264,-14.7645],[134.849701,-14.764174],[134.869884,-14.761082],[134.889659,-14.76214],[134.945404,-14.790216],[134.95045,-14.795424],[134.955577,-14.802097],[134.965587,-14.792332],[134.973237,-14.778253],[134.970876,-14.771905],[134.991303,-14.7763],[135.033702,-14.805352],[135.056651,-14.812188],[135.080658,-14.807957],[135.093679,-14.796319],[135.114838,-14.757501],[135.128429,-14.781427],[135.132091,-14.784845],[135.14088,-14.783217],[135.141694,-14.778741],[135.140229,-14.772312],[135.142345,-14.7645],[135.143077,-14.757745],[135.142019,-14.748549],[135.141775,-14.740655],[135.1456,-14.737156],[135.156993,-14.73797],[135.163015,-14.741143],[135.17335,-14.754083],[135.187511,-14.758966],[135.206391,-14.75392],[135.261648,-14.723972],[135.265147,-14.719659],[135.270274,-14.688979],[135.268565,-14.685561],[135.282644,-14.677097],[135.297374,-14.674819],[135.308849,-14.679701],[135.313487,-14.692397],[135.308523,-14.707371],[135.287852,-14.719903],[135.285655,-14.73032],[135.293875,-14.738214],[135.310476,-14.746759],[135.326671,-14.747898],[135.333995,-14.733738],[135.336192,-14.714858],[135.342784,-14.70558],[135.353526,-14.707696],[135.368175,-14.722833]]]}},{"type":"Feature","properties":{"dissolve":"746River","scalerank":8.0,"featurecla":"River","name":"Burdekin","name_alt":null,"rivernum":746,"note":null,"min_zoom":7.0,"name_en":"Burdekin","min_label":8.0},"bbox":[145.548106,-20.644871,147.593272,-19.100925],"geometry":{"type":"MultiLineString","coordinates":[[[145.548106,-19.188328],[145.557384,-19.183038],[145.569916,-19.178562],[145.581065,-19.171889],[145.585948,-19.160496],[145.588145,-19.146661],[145.594249,-19.137221],[145.613292,-19.122898],[145.671397,-19.105971],[145.68214,-19.105808],[145.687429,-19.100925],[145.698985,-19.102553],[145.711681,-19.107761],[145.71933,-19.112644],[145.724539,-19.12241],[145.729015,-19.14544],[145.736013,-19.157078],[145.750173,-19.166681],[145.763682,-19.172865],[145.773855,-19.184096],[145.780365,-19.225274],[145.787039,-19.241632],[145.825206,-19.305597],[145.830089,-19.321303],[145.831716,-19.345392],[145.831716,-19.387058],[145.834565,-19.396498],[145.848562,-19.414239],[145.853526,-19.424493],[145.855561,-19.438409],[145.853526,-19.476007],[145.859793,-19.488214],[145.887625,-19.495619],[145.893891,-19.503351],[145.896251,-19.578953],[145.893891,-19.602716],[145.881847,-19.651056],[145.882823,-19.677097],[145.897227,-19.701593],[145.907237,-19.708347],[145.941742,-19.719415],[145.943614,-19.721531],[145.94573,-19.725274],[145.948985,-19.729343],[145.955333,-19.732924],[145.963145,-19.734389],[145.97047,-19.732924],[145.977143,-19.729832],[145.983165,-19.725518],[145.991222,-19.734877],[145.993093,-19.744317],[145.993582,-19.754815],[145.996755,-19.767104],[146.020844,-19.80462],[146.038829,-19.812433],[146.081716,-19.811375],[146.099864,-19.821791],[146.102957,-19.830418],[146.102143,-19.84881],[146.106619,-19.85589],[146.115245,-19.857924],[146.151134,-19.85589],[146.173513,-19.858575],[146.217377,-19.874444],[146.237071,-19.883803],[146.259532,-19.898777],[146.320567,-19.966811],[146.328624,-19.972019],[146.336925,-19.973321],[146.350027,-19.973158],[146.363048,-19.974542],[146.36964,-19.977879],[146.374278,-19.98211],[146.388764,-19.991225],[146.39267,-19.99448],[146.397227,-19.995131],[146.407156,-19.993097],[146.421397,-19.979181],[146.430919,-19.97267],[146.435069,-19.976251],[146.437999,-19.998061],[146.456065,-20.061944],[146.454519,-20.073663],[146.44394,-20.092706],[146.441905,-20.10296],[146.445079,-20.113946],[146.452403,-20.115167],[146.472992,-20.109796],[146.500499,-20.117201],[146.502615,-20.118504],[146.506277,-20.121515],[146.509288,-20.124933],[146.510753,-20.12713],[146.513194,-20.132338],[146.518484,-20.127862],[146.523367,-20.120619],[146.524425,-20.117201],[146.531993,-20.109063],[146.53419,-20.10003],[146.538259,-20.096043],[146.551768,-20.10296],[146.557058,-20.112156],[146.560802,-20.125909],[146.56601,-20.13836],[146.575613,-20.143894],[146.602143,-20.149591],[146.615652,-20.163588],[146.625418,-20.181492],[146.641124,-20.198582],[146.651866,-20.204929],[146.655528,-20.203302],[146.658783,-20.197768],[146.668468,-20.192315],[146.680431,-20.190281],[146.706065,-20.192315],[146.718435,-20.199233],[146.747976,-20.23089],[146.770844,-20.239435],[146.780528,-20.238295],[146.80071,-20.232354],[146.812511,-20.232761],[146.81837,-20.236993],[146.82252,-20.243829],[146.829275,-20.250339],[146.843435,-20.253106],[146.863373,-20.262058],[146.865733,-20.283217],[146.854015,-20.328953],[146.857514,-20.36655],[146.876231,-20.388523],[146.905772,-20.394382],[146.942149,-20.383477],[146.968028,-20.399835],[146.965831,-20.419122],[146.956147,-20.438653],[146.959239,-20.455499],[146.97462,-20.475112],[146.997325,-20.54103],[147.028087,-20.592625],[147.031505,-20.613458],[147.034434,-20.619643],[147.04184,-20.622979],[147.051687,-20.6242],[147.061615,-20.624363],[147.067475,-20.622247],[147.072032,-20.618585],[147.076671,-20.616713],[147.082774,-20.620538],[147.084239,-20.625421],[147.086192,-20.641534],[147.086192,-20.644871],[147.097992,-20.644464],[147.105154,-20.639337],[147.109955,-20.633477],[147.113373,-20.630548],[147.126557,-20.632826],[147.146658,-20.642592],[147.158214,-20.644871],[147.168224,-20.63714],[147.202891,-20.601007],[147.216401,-20.589532],[147.250906,-20.570489],[147.281993,-20.544854],[147.292898,-20.526788],[147.293793,-20.50685],[147.29127,-20.486179],[147.292247,-20.465997],[147.302745,-20.44728],[147.353608,-20.397149],[147.344819,-20.38006],[147.333507,-20.36419],[147.323741,-20.347019],[147.319591,-20.325128],[147.319591,-20.239435],[147.299408,-20.112481],[147.300385,-20.054539],[147.29835,-20.046889],[147.292247,-20.034031],[147.278331,-20.013686],[147.273692,-20.00392],[147.267182,-19.966323],[147.245535,-19.931655],[147.237641,-19.911147],[147.233979,-19.86712],[147.238373,-19.821791],[147.249034,-19.779962],[147.264252,-19.746026],[147.295665,-19.70851],[147.306244,-19.703058],[147.333018,-19.699721],[147.343761,-19.694757],[147.412039,-19.62005],[147.433604,-19.613946],[147.461029,-19.622003],[147.503917,-19.64422],[147.593272,-19.677748]]]}},{"type":"Feature","properties":{"dissolve":"768River","scalerank":8.0,"featurecla":"River","name":"Ca","name_alt":null,"rivernum":768,"note":null,"min_zoom":7.0,"name_en":"Ca","min_label":8.0},"bbox":[103.832286,18.570136,105.750662,19.899848],"geometry":{"type":"MultiLineString","coordinates":[[[103.832286,19.899848],[103.838471,19.870225],[103.854991,19.855414],[103.900401,19.834052],[103.908621,19.82571],[103.928396,19.793647],[103.938487,19.787665],[103.952159,19.782579],[103.964285,19.775336],[103.96933,19.762641],[103.972179,19.746121],[103.979991,19.732245],[103.99171,19.720893],[104.006602,19.711737],[104.030365,19.702175],[104.100108,19.687201],[104.157807,19.687934],[104.268565,19.71662],[104.327403,19.71837],[104.329112,19.705512],[104.338634,19.68476],[104.341807,19.673611],[104.337901,19.656806],[104.316824,19.628526],[104.315033,19.612738],[104.328136,19.598334],[104.350597,19.591498],[104.455089,19.575954],[104.483409,19.567491],[104.512218,19.553575],[104.5442,19.529812],[104.556163,19.523505],[104.58253,19.517361],[104.595225,19.512641],[104.604991,19.503363],[104.607188,19.480251],[104.592459,19.457953],[104.551524,19.423163],[104.516694,19.405951],[104.511241,19.399848],[104.508881,19.389106],[104.503184,19.379096],[104.478119,19.345974],[104.469493,19.342719],[104.452566,19.341824],[104.437999,19.33751],[104.421153,19.318468],[104.407644,19.31391],[104.412364,19.298611],[104.419444,19.285264],[104.429861,19.275906],[104.445404,19.272284],[104.457042,19.268134],[104.489268,19.249823],[104.500499,19.245632],[104.512299,19.242987],[104.551524,19.225165],[104.566987,19.220974],[104.599294,19.217719],[104.657725,19.204657],[104.667491,19.197089],[104.672537,19.163764],[104.677826,19.156277],[104.709239,19.15001],[104.71339,19.145209],[104.719493,19.132025],[104.722992,19.128282],[104.736339,19.126492],[104.745535,19.129096],[104.753673,19.128038],[104.764415,19.115302],[104.780854,19.11579],[104.85434,19.060818],[104.872569,19.050645],[104.907481,19.043158],[104.938406,19.029079],[104.952891,19.025906],[104.968272,19.024726],[104.973643,19.023383],[104.977794,19.021552],[104.985281,19.012763],[104.987397,19.001247],[104.991303,18.988837],[105.003998,18.977484],[105.024099,18.989122],[105.046641,18.976589],[105.065033,18.952663],[105.073009,18.930284],[105.079194,18.930284],[105.085704,18.949734],[105.098643,18.954535],[105.11378,18.947211],[105.127533,18.930284],[105.1338,18.930284],[105.137218,18.935981],[105.144216,18.94477],[105.147472,18.950751],[105.167491,18.942328],[105.229991,18.930284],[105.257335,18.916612],[105.267345,18.916205],[105.276866,18.917914],[105.286713,18.915595],[105.29835,18.90294],[105.286794,18.904405],[105.276866,18.90294],[105.269135,18.898057],[105.264171,18.88935],[105.276459,18.88703],[105.284679,18.883002],[105.28948,18.875312],[105.291515,18.862006],[105.284597,18.857286],[105.279877,18.853095],[105.277843,18.848334],[105.28004,18.842597],[105.284434,18.838935],[105.289073,18.836453],[105.291515,18.834093],[105.289236,18.817939],[105.287039,18.809272],[105.284679,18.8074],[105.29005,18.802191],[105.302013,18.79621],[105.305675,18.793077],[105.308116,18.792548],[105.316742,18.793647],[105.319347,18.793077],[105.320079,18.790229],[105.318858,18.782416],[105.319347,18.779486],[105.321544,18.774848],[105.326182,18.758979],[105.332286,18.754421],[105.369151,18.732449],[105.40325,18.693956],[105.412039,18.686713],[105.421886,18.683295],[105.433442,18.686957],[105.444265,18.694607],[105.454194,18.69831],[105.46339,18.690131],[105.470225,18.690131],[105.489513,18.703559],[105.508067,18.686347],[105.531749,18.642279],[105.569428,18.621853],[105.575776,18.620876],[105.589122,18.616563],[105.607921,18.613308],[105.610769,18.60753],[105.61085,18.600409],[105.614268,18.593858],[105.639171,18.576768],[105.661632,18.570136],[105.680675,18.577216],[105.695567,18.601345],[105.692963,18.600775],[105.690522,18.60696],[105.688731,18.615424],[105.688731,18.621853],[105.692963,18.6258],[105.700043,18.627387],[105.706391,18.630439],[105.709076,18.638861],[105.714366,18.647732],[105.726573,18.654486],[105.750662,18.662787]]]}},{"type":"Feature","properties":{"dissolve":"769River","scalerank":8.0,"featurecla":"River","name":"Nakdong","name_alt":null,"rivernum":769,"note":null,"min_zoom":7.0,"name_en":"Nakdong","min_label":8.0},"bbox":[128.241466,35.136501,129.098562,37.042019],"geometry":{"type":"MultiLineString","coordinates":[[[129.056814,37.042019],[129.067149,37.029324],[129.085134,36.994005],[129.094249,36.986762],[129.098562,36.979315],[129.089366,36.962836],[129.075857,36.946397],[129.067312,36.938992],[129.042572,36.940375],[129.03655,36.938992],[129.024669,36.932685],[129.02003,36.928046],[129.026296,36.925889],[129.026785,36.91828],[129.021251,36.901435],[129.011322,36.884589],[128.998627,36.876899],[128.983653,36.875271],[128.94337,36.863349],[128.923757,36.853705],[128.915131,36.848212],[128.90797,36.842149],[128.902599,36.835801],[128.899343,36.829128],[128.898367,36.812934],[128.905772,36.780585],[128.906179,36.767646],[128.899343,36.759141],[128.890391,36.75495],[128.887706,36.748603],[128.899343,36.733507],[128.888927,36.729438],[128.878184,36.727403],[128.854747,36.726671],[128.847585,36.722724],[128.846609,36.713935],[128.850597,36.704617],[128.858409,36.699327],[128.858409,36.692572],[128.832449,36.690456],[128.835134,36.672187],[128.849701,36.647813],[128.858409,36.627387],[128.865164,36.603095],[128.874604,36.585557],[128.870942,36.576117],[128.837901,36.575873],[128.803315,36.582872],[128.709076,36.583523],[128.648448,36.597683],[128.627615,36.596259],[128.606944,36.59044],[128.599132,36.590155],[128.580577,36.594102],[128.573416,36.592882],[128.566905,36.587714],[128.556407,36.572211],[128.550792,36.566474],[128.539236,36.562567],[128.527843,36.563096],[128.5053,36.567206],[128.494558,36.565741],[128.474701,36.558702],[128.464285,36.557074],[128.453136,36.549587],[128.402599,36.504177],[128.385753,36.510362],[128.356049,36.532823],[128.321381,36.553738],[128.289236,36.555365],[128.277436,36.543769],[128.269949,36.525702],[128.261811,36.487128],[128.253022,36.466661],[128.251475,36.45661],[128.26295,36.449408],[128.258474,36.442816],[128.249929,36.436103],[128.241466,36.432481],[128.255056,36.414862],[128.274343,36.408026],[128.294851,36.403876],[128.313487,36.394314],[128.316498,36.378282],[128.2942,36.336941],[128.296641,36.315212],[128.302664,36.311835],[128.324311,36.304633],[128.33074,36.30154],[128.336925,36.289659],[128.339854,36.27501],[128.340994,36.257148],[128.352306,36.242296],[128.37322,36.198757],[128.381602,36.175238],[128.385346,36.144477],[128.397227,36.116767],[128.406993,36.047431],[128.399099,35.949001],[128.409923,35.915717],[128.409272,35.907986],[128.404307,35.900499],[128.400483,35.890733],[128.398529,35.880154],[128.399099,35.870144],[128.404796,35.853949],[128.41448,35.845893],[128.429291,35.843126],[128.450613,35.842841],[128.466726,35.83747],[128.482514,35.825751],[128.487641,35.814032],[128.471121,35.808661],[128.436615,35.801337],[128.41212,35.782823],[128.404226,35.758124],[128.419526,35.732367],[128.443451,35.712226],[128.451427,35.69835],[128.437022,35.691962],[128.374766,35.69953],[128.364838,35.69538],[128.370372,35.678534],[128.396576,35.660224],[128.405935,35.643581],[128.404063,35.62519],[128.392507,35.61461],[128.377371,35.606513],[128.364838,35.595771],[128.369314,35.579169],[128.366954,35.5539],[128.367686,35.530788],[128.408946,35.50198],[128.42628,35.486274],[128.430431,35.480414],[128.428233,35.474921],[128.419526,35.466091],[128.410492,35.460883],[128.399425,35.457302],[128.390066,35.452663],[128.385346,35.444363],[128.387787,35.43126],[128.396414,35.424343],[128.40683,35.419786],[128.416108,35.414252],[128.448009,35.385362],[128.465994,35.377509],[128.488373,35.376736],[128.497813,35.379828],[128.516043,35.388983],[128.528819,35.390326],[128.539643,35.387763],[128.555186,35.37873],[128.566742,35.376736],[128.576752,35.377875],[128.596202,35.382921],[128.607514,35.384141],[128.656993,35.381212],[128.667491,35.381863],[128.686615,35.387234],[128.697846,35.388129],[128.709972,35.385443],[128.726329,35.375922],[128.73585,35.373806],[128.742117,35.370795],[128.760509,35.357611],[128.770274,35.35456],[128.782319,35.355577],[128.793793,35.358425],[128.814545,35.367621],[128.850352,35.391303],[128.856293,35.398627],[128.862397,35.403022],[128.87672,35.396267],[128.900645,35.381212],[128.92628,35.376247],[128.947276,35.363837],[128.997813,35.315009],[129.017019,35.290595],[129.025645,35.26321],[129.009369,35.230577],[129.010509,35.217719],[129.009207,35.211615],[129.003998,35.205105],[128.992768,35.195909],[128.98878,35.191107],[128.981456,35.177314],[128.97698,35.165961],[128.977306,35.154486],[128.981944,35.136501]]]}},{"type":"Feature","properties":{"dissolve":"76River","scalerank":3.0,"featurecla":"River","name":"Weir","name_alt":null,"rivernum":76,"note":null,"min_zoom":3.0,"name_en":"Weir","min_label":4.0},"bbox":[150.469656,-29.17075,151.863048,-28.635105],"geometry":{"type":"MultiLineString","coordinates":[[[151.863048,-28.739272],[151.784109,-28.767022],[151.729015,-28.774265],[151.712332,-28.780206],[151.704031,-28.788018],[151.634044,-28.893243],[151.61614,-28.911147],[151.59726,-28.921401],[151.577078,-28.929132],[151.560639,-28.938979],[151.553966,-28.955255],[151.549083,-28.970066],[151.526296,-29.008233],[151.519949,-29.027276],[151.520844,-29.054376],[151.519949,-29.061456],[151.513764,-29.066908],[151.492117,-29.078139],[151.482432,-29.085626],[151.467296,-29.107843],[151.461436,-29.120538],[151.45224,-29.126397],[151.430431,-29.13657],[151.42628,-29.142104],[151.425141,-29.148858],[151.422374,-29.154636],[151.404796,-29.159112],[151.384044,-29.168471],[151.375906,-29.17075],[151.350597,-29.16546],[151.343272,-29.153009],[151.343842,-29.137384],[151.342296,-29.122898],[151.33546,-29.115086],[151.31837,-29.105401],[151.315033,-29.099298],[151.308849,-29.061456],[151.308849,-29.030694],[151.30657,-29.024347],[151.302419,-29.018406],[151.301768,-29.010756],[151.308849,-28.999933],[151.301524,-28.984389],[151.28712,-28.920831],[151.218761,-28.883315],[151.18157,-28.856948],[151.160167,-28.846124],[151.13974,-28.841729],[151.100515,-28.840834],[151.077159,-28.836928],[151.061697,-28.828058],[151.055268,-28.810561],[151.053233,-28.788263],[151.05421,-28.754408],[151.045665,-28.734877],[151.024913,-28.728367],[151.000173,-28.727065],[150.979096,-28.723647],[150.962576,-28.712823],[150.948416,-28.698907],[150.933197,-28.687188],[150.890636,-28.678643],[150.871104,-28.670099],[150.834483,-28.647963],[150.793224,-28.635105],[150.752208,-28.636082],[150.663829,-28.654799],[150.620942,-28.659031],[150.491791,-28.654799],[150.469656,-28.650405]]]}},{"type":"Feature","properties":{"dissolve":"784River","scalerank":8.0,"featurecla":"River","name":"Victoria","name_alt":null,"rivernum":784,"note":null,"min_zoom":7.0,"name_en":"Victoria","min_label":8.0},"bbox":[129.730968,-17.954604,131.238455,-15.188328],"geometry":{"type":"MultiLineString","coordinates":[[[130.148936,-17.820733],[130.207774,-17.820733],[130.24822,-17.813979],[130.285167,-17.802423],[130.317556,-17.798028],[130.3449,-17.813897],[130.374929,-17.866062],[130.379649,-17.879327],[130.386974,-17.889174],[130.46046,-17.948256],[130.475352,-17.954115],[130.567312,-17.954604],[130.58782,-17.951023],[130.605561,-17.937921],[130.609793,-17.930597],[130.615489,-17.912286],[130.619884,-17.903253],[130.657237,-17.865655],[130.672455,-17.843927],[130.677989,-17.823907],[130.672781,-17.757664],[130.674571,-17.69435],[130.675955,-17.684015],[130.680186,-17.671889],[130.685639,-17.660821],[130.695079,-17.64837],[130.696218,-17.637872],[130.698741,-17.632664],[130.704275,-17.628432],[130.72226,-17.621433],[130.729096,-17.608819],[130.72991,-17.601495],[130.728608,-17.594171],[130.729747,-17.581069],[130.732839,-17.572198],[130.74114,-17.555515],[130.742686,-17.549737],[130.750987,-17.536065],[130.80421,-17.484877],[130.83839,-17.442804],[130.848643,-17.437026],[130.861501,-17.427748],[130.907237,-17.368829],[130.965343,-17.334649],[130.9699,-17.325698],[131.04713,-17.240248],[131.064464,-17.206557],[131.091401,-17.098972],[131.098643,-17.080906],[131.108653,-17.065444],[131.139415,-17.030206],[131.167247,-16.971043],[131.183197,-16.958429],[131.206472,-16.944757],[131.227306,-16.928155],[131.236257,-16.906101],[131.238455,-16.843113],[131.236257,-16.820733],[131.227306,-16.786147],[131.215831,-16.758722],[131.210134,-16.750502],[131.20574,-16.74627],[131.203136,-16.740574],[131.199718,-16.705906],[131.196544,-16.694675],[131.191498,-16.686944],[131.149018,-16.636895],[131.136648,-16.62892],[131.128917,-16.620945],[131.099132,-16.573093],[131.063975,-16.550795],[131.057384,-16.539565],[131.058442,-16.521987],[131.062266,-16.4992],[131.062999,-16.479181],[131.054291,-16.470636],[131.052745,-16.462416],[131.100352,-16.393894],[131.105154,-16.375909],[131.105968,-16.33351],[131.15919,-16.253839],[131.152436,-16.228204],[131.13323,-16.183282],[131.132742,-16.173272],[131.134288,-16.152276],[131.13323,-16.142267],[131.129242,-16.136163],[131.115652,-16.120945],[131.106375,-16.097182],[131.104584,-16.086928],[131.116466,-16.064304],[131.110281,-16.058038],[131.092296,-16.052911],[131.080333,-16.034519],[131.074799,-16.017999],[131.077159,-16.002862],[131.088878,-15.987726],[131.093842,-15.971043],[131.077891,-15.902195],[131.075043,-15.856948],[131.076101,-15.83172],[131.081635,-15.816095],[131.10377,-15.805352],[131.112071,-15.798272],[131.109386,-15.788914],[131.095632,-15.775079],[131.089122,-15.766778],[131.08546,-15.758152],[131.085948,-15.738946],[131.095144,-15.724135],[131.11964,-15.69728],[131.126069,-15.681573],[131.123627,-15.671401],[131.105968,-15.648858],[131.124522,-15.639825],[131.135509,-15.628757],[131.138601,-15.613783],[131.13323,-15.593683],[131.125906,-15.581882],[131.116628,-15.576349],[131.055186,-15.570245],[131.043468,-15.566746],[131.009369,-15.546319],[130.995942,-15.540379],[130.981537,-15.538914],[130.958507,-15.538995],[130.954112,-15.541355],[130.941742,-15.551121],[130.937592,-15.553237],[130.927989,-15.552179],[130.910655,-15.547052],[130.903494,-15.545831],[130.894054,-15.547052],[130.883718,-15.552179],[130.876231,-15.553237],[130.865815,-15.550144],[130.850597,-15.535496],[130.841807,-15.532159],[130.823009,-15.531915],[130.80421,-15.528741],[130.789561,-15.519545],[130.783783,-15.501479],[130.776459,-15.486668],[130.759939,-15.488132],[130.741791,-15.497084],[130.729747,-15.504897],[130.75587,-15.532159],[130.717703,-15.59002],[130.691987,-15.610772],[130.660248,-15.61476],[130.630951,-15.601739],[130.619884,-15.601007],[130.609386,-15.606459],[130.5949,-15.624037],[130.582286,-15.627781],[130.5713,-15.620945],[130.553722,-15.589288],[130.5442,-15.580011],[130.523529,-15.578302],[130.50587,-15.584487],[130.493582,-15.596368],[130.488862,-15.611342],[130.47934,-15.622003],[130.457449,-15.620619],[130.434255,-15.613783],[130.420665,-15.607924],[130.386485,-15.573093],[130.373627,-15.532078],[130.367117,-15.489272],[130.351736,-15.44964],[130.340343,-15.436456],[130.293793,-15.398451],[130.288178,-15.389011],[130.283214,-15.376479],[130.276378,-15.365574],[130.266124,-15.360854],[130.251475,-15.364923],[130.24464,-15.374444],[130.240733,-15.385756],[130.235037,-15.395033],[130.217296,-15.403823],[130.194835,-15.407729],[130.149994,-15.408624],[130.140391,-15.413018],[130.122488,-15.431655],[130.115896,-15.435968],[130.105154,-15.433282],[130.071218,-15.41546],[130.049408,-15.410658],[130.026541,-15.409356],[130.004649,-15.413588],[129.962332,-15.44378],[129.943451,-15.446303],[129.926199,-15.437677],[129.906749,-15.422296],[129.892345,-15.416355],[129.874034,-15.412042],[129.858328,-15.405206],[129.851573,-15.391941],[129.848643,-15.346856],[129.817882,-15.242608],[129.800222,-15.217218],[129.789806,-15.195977],[129.783214,-15.190281],[129.769542,-15.189142],[129.745535,-15.194024],[129.730968,-15.188328]]]}},{"type":"Feature","properties":{"dissolve":"785River","scalerank":8.0,"featurecla":"River","name":"Mackenzie","name_alt":null,"rivernum":785,"note":null,"min_zoom":7.0,"name_en":"Mackenzie","min_label":8.0},"bbox":[148.484467,-25.338393,149.673432,-22.875502],"geometry":{"type":"MultiLineString","coordinates":[[[148.853933,-25.338393],[148.848725,-25.313165],[148.842214,-25.292413],[148.832286,-25.273126],[148.816498,-25.25213],[148.770274,-25.202488],[148.758311,-25.180841],[148.751882,-25.160984],[148.745942,-25.12892],[148.74171,-25.070164],[148.735037,-25.053643],[148.724539,-25.041843],[148.691417,-25.014825],[148.673757,-24.995294],[148.660492,-24.973484],[148.655284,-24.951104],[148.658946,-24.928725],[148.707612,-24.828627],[148.714692,-24.809259],[148.717296,-24.786635],[148.714854,-24.723158],[148.717296,-24.701023],[148.72047,-24.690444],[148.72877,-24.671319],[148.730968,-24.660089],[148.729503,-24.646987],[148.719656,-24.626153],[148.717296,-24.615655],[148.709483,-24.599542],[148.655284,-24.563816],[148.639171,-24.53045],[148.631928,-24.506524],[148.638764,-24.495538],[148.642589,-24.484389],[148.630463,-24.4603],[148.607432,-24.42726],[148.600352,-24.411961],[148.592052,-24.386163],[148.590587,-24.362237],[148.604015,-24.351495],[148.614757,-24.340346],[148.618175,-24.314955],[148.617117,-24.287449],[148.614268,-24.269545],[148.608165,-24.257338],[148.590587,-24.230808],[148.586925,-24.217787],[148.586518,-24.201104],[148.587494,-24.193536],[148.607432,-24.173354],[148.574718,-24.138523],[148.564138,-24.12127],[148.560313,-24.101414],[148.55714,-24.098972],[148.544444,-24.081882],[148.542898,-24.077813],[148.545339,-24.072198],[148.503184,-23.971694],[148.496593,-23.942071],[148.486827,-23.921808],[148.484467,-23.909601],[148.485769,-23.898289],[148.489024,-23.890069],[148.498953,-23.871759],[148.50587,-23.851088],[148.509776,-23.830906],[148.511811,-23.786065],[148.507498,-23.767511],[148.498546,-23.752781],[148.49114,-23.736749],[148.491466,-23.714044],[148.496349,-23.704767],[148.518647,-23.686863],[148.530203,-23.662937],[148.542003,-23.647393],[148.545014,-23.637058],[148.54599,-23.614435],[148.542003,-23.601251],[148.532725,-23.597019],[148.521414,-23.595554],[148.511811,-23.590671],[148.515147,-23.56878],[148.605886,-23.540379],[148.635916,-23.515476],[148.62794,-23.50921],[148.651866,-23.477227],[148.655284,-23.471124],[148.65919,-23.468764],[148.683116,-23.433526],[148.67571,-23.42669],[148.683604,-23.41839],[148.702647,-23.402765],[148.70989,-23.392592],[148.710704,-23.381199],[148.707774,-23.369806],[148.708751,-23.361261],[148.720714,-23.357843],[148.731944,-23.361179],[148.739513,-23.368341],[148.744314,-23.375665],[148.747813,-23.37892],[148.759532,-23.376642],[148.785574,-23.364679],[148.807221,-23.368992],[148.826834,-23.376316],[148.845632,-23.378595],[148.864757,-23.368097],[148.871349,-23.347833],[148.853526,-23.30226],[148.853933,-23.282729],[148.863048,-23.2728],[148.872976,-23.270522],[148.8838,-23.270929],[148.895437,-23.269057],[148.926768,-23.251316],[148.933197,-23.248549],[148.943777,-23.245619],[148.948416,-23.238214],[148.950125,-23.228204],[148.950125,-23.217218],[148.954519,-23.210789],[148.976085,-23.200535],[148.984874,-23.193373],[148.993907,-23.167494],[148.985281,-23.152846],[148.971202,-23.142022],[148.963796,-23.128269],[148.969656,-23.107354],[148.984467,-23.097019],[149.025808,-23.08351],[149.043793,-23.068211],[149.053152,-23.062921],[149.083344,-23.056329],[149.090912,-23.052423],[149.107514,-23.046563],[149.176687,-23.04933],[149.196218,-23.042657],[149.213796,-23.031101],[149.226492,-23.015802],[149.231293,-22.998468],[149.234955,-22.990899],[149.266205,-22.967462],[149.271495,-22.966485],[149.282807,-22.966811],[149.286794,-22.964369],[149.286632,-22.958836],[149.285248,-22.952081],[149.28655,-22.946954],[149.306407,-22.91961],[149.318777,-22.890069],[149.323741,-22.881768],[149.343028,-22.875502],[149.368907,-22.883722],[149.393565,-22.898451],[149.409434,-22.912123],[149.416596,-22.926446],[149.428396,-22.971612],[149.430431,-22.991225],[149.43629,-23.014011],[149.450043,-23.025567],[149.465831,-23.032729],[149.478282,-23.042494],[149.482351,-23.05226],[149.485037,-23.08351],[149.502452,-23.117201],[149.504975,-23.128269],[149.502859,-23.139337],[149.493337,-23.158217],[149.491222,-23.169122],[149.493175,-23.184259],[149.49879,-23.188653],[149.507742,-23.189386],[149.534597,-23.200128],[149.54184,-23.205255],[149.546479,-23.2138],[149.546886,-23.223647],[149.543549,-23.237319],[149.535737,-23.249526],[149.522634,-23.254815],[149.514903,-23.25978],[149.511485,-23.271336],[149.511974,-23.284112],[149.51588,-23.292901],[149.523448,-23.304539],[149.524099,-23.315118],[149.519216,-23.337335],[149.514903,-23.348565],[149.509532,-23.354669],[149.508881,-23.360528],[149.519216,-23.371515],[149.526459,-23.375909],[149.534923,-23.378106],[149.556733,-23.37892],[149.577403,-23.385675],[149.589692,-23.402683],[149.606456,-23.471043],[149.61378,-23.490655],[149.62794,-23.504246],[149.653087,-23.50921],[149.657319,-23.512221],[149.673432,-23.532892]]]}},{"type":"Feature","properties":{"dissolve":"786River","scalerank":8.0,"featurecla":"River","name":"Tamar","name_alt":null,"rivernum":786,"note":null,"min_zoom":7.0,"name_en":"Tamar","min_label":8.0},"bbox":[146.921641,-42.177748,147.691824,-41.161065],"geometry":{"type":"MultiLineString","coordinates":[[[147.691824,-42.177748],[147.624278,-42.175795],[147.604503,-42.166518],[147.580333,-42.145522],[147.560151,-42.123386],[147.551687,-42.110365],[147.485932,-42.071954],[147.470307,-42.059096],[147.479747,-42.042494],[147.479747,-42.026056],[147.472341,-42.009698],[147.459727,-41.993666],[147.451101,-41.977553],[147.444916,-41.940851],[147.436127,-41.921889],[147.417572,-41.911147],[147.359793,-41.892918],[147.347341,-41.884454],[147.344249,-41.879571],[147.336925,-41.872003],[147.3296,-41.862237],[147.32252,-41.835626],[147.312592,-41.830011],[147.286062,-41.826511],[147.245046,-41.806655],[147.141368,-41.722833],[147.117768,-41.686049],[147.128998,-41.658217],[147.146576,-41.63006],[147.141368,-41.592299],[147.119314,-41.555352],[147.106293,-41.537937],[147.083507,-41.513686],[147.07724,-41.504734],[147.071544,-41.493992],[147.067312,-41.482273],[147.064545,-41.46974],[147.064057,-41.457452],[147.066742,-41.445652],[147.07252,-41.434747],[147.082286,-41.44142],[147.098725,-41.447768],[147.114024,-41.450209],[147.120942,-41.445326],[147.119721,-41.431817],[147.114675,-41.410658],[147.113373,-41.397475],[147.108165,-41.386733],[147.051768,-41.331964],[147.002371,-41.307957],[146.993582,-41.299493],[146.989838,-41.288263],[146.989268,-41.273858],[146.986013,-41.25685],[146.97877,-41.242608],[146.965994,-41.236749],[146.953136,-41.233819],[146.938894,-41.225925],[146.927013,-41.214858],[146.921641,-41.202569],[146.925141,-41.188897],[146.944021,-41.173517],[146.949636,-41.161065]]]}},{"type":"Feature","properties":{"dissolve":"787River","scalerank":8.0,"featurecla":"River","name":"Blackwood","name_alt":null,"rivernum":787,"note":null,"min_zoom":7.0,"name_en":"Blackwood","min_label":8.0},"bbox":[115.158376,-34.310235,116.828624,-33.218683],"geometry":{"type":"MultiLineString","coordinates":[[[116.743175,-33.218683],[116.767589,-33.244806],[116.78419,-33.267104],[116.795095,-33.293959],[116.803803,-33.308526],[116.814138,-33.314874],[116.828624,-33.33058],[116.828217,-33.366713],[116.815684,-33.442722],[116.806651,-33.450616],[116.804617,-33.458917],[116.805593,-33.467218],[116.809825,-33.475925],[116.810802,-33.482843],[116.810639,-33.504571],[116.806733,-33.51336],[116.79713,-33.527765],[116.80421,-33.545343],[116.80714,-33.56935],[116.807058,-33.591241],[116.804617,-33.602227],[116.795665,-33.606622],[116.785655,-33.606134],[116.774018,-33.603692],[116.759858,-33.602227],[116.747569,-33.605645],[116.741954,-33.614109],[116.736339,-33.637058],[116.727306,-33.656427],[116.716401,-33.671075],[116.701589,-33.680678],[116.681082,-33.68491],[116.658214,-33.682794],[116.635834,-33.674737],[116.619151,-33.66131],[116.613455,-33.643243],[116.595876,-33.654229],[116.581554,-33.653497],[116.570811,-33.654636],[116.564464,-33.671238],[116.564952,-33.682468],[116.570811,-33.703627],[116.571218,-33.712254],[116.567556,-33.71616],[116.550792,-33.726414],[116.550548,-33.729018],[116.544526,-33.744155],[116.543386,-33.74627],[116.538259,-33.741225],[116.523448,-33.732599],[116.527843,-33.754083],[116.530854,-33.760593],[116.523204,-33.760756],[116.514171,-33.762546],[116.506765,-33.765639],[116.503673,-33.77044],[116.501231,-33.780125],[116.496104,-33.784845],[116.490896,-33.78753],[116.488699,-33.790948],[116.427257,-33.808445],[116.379487,-33.837905],[116.372569,-33.84588],[116.372081,-33.86476],[116.372976,-33.872735],[116.393077,-33.890964],[116.379487,-33.897149],[116.387787,-33.911635],[116.39088,-33.924737],[116.384776,-33.93255],[116.365733,-33.931166],[116.371349,-33.938816],[116.371186,-33.942804],[116.368337,-33.946466],[116.365733,-33.952325],[116.34669,-33.937921],[116.335948,-33.932061],[116.324799,-33.931166],[116.316742,-33.938002],[116.304454,-33.961114],[116.293224,-33.965997],[116.282156,-33.963881],[116.264903,-33.954522],[116.259288,-33.952325],[116.24879,-33.955499],[116.243256,-33.96323],[116.240001,-33.972182],[116.236095,-33.979669],[116.225597,-33.992201],[116.217784,-33.998061],[116.2081,-34.000828],[116.197195,-33.997573],[116.181407,-33.982924],[116.170665,-33.979669],[116.158702,-33.977472],[116.135183,-33.968194],[116.122813,-33.965997],[116.110606,-33.967218],[116.087901,-33.972101],[116.077729,-33.972833],[116.066905,-33.971531],[116.057384,-33.968683],[116.049408,-33.964532],[116.043793,-33.959161],[116.040945,-33.951593],[116.03769,-33.930108],[116.033295,-33.921726],[116.024994,-33.913995],[116.018484,-33.910984],[115.983897,-33.909682],[115.977794,-33.906183],[115.974294,-33.899916],[115.967865,-33.890964],[115.903087,-33.839044],[115.882823,-33.830743],[115.865815,-33.840834],[115.844493,-33.870457],[115.789806,-33.910821],[115.783621,-33.918634],[115.77532,-33.933282],[115.769216,-33.938653],[115.688894,-33.958917],[115.673757,-33.965997],[115.660818,-33.974461],[115.654063,-33.98211],[115.639659,-34.007013],[115.6303,-34.015313],[115.605561,-34.030694],[115.598643,-34.04103],[115.601003,-34.049656],[115.61378,-34.066746],[115.612315,-34.075209],[115.60491,-34.077488],[115.5949,-34.074721],[115.584972,-34.070652],[115.578136,-34.069024],[115.552013,-34.08351],[115.529877,-34.102472],[115.514903,-34.104669],[115.509288,-34.069024],[115.48935,-34.07407],[115.470876,-34.075616],[115.435476,-34.072442],[115.405935,-34.069024],[115.255382,-34.067885],[115.220632,-34.075209],[115.189545,-34.098077],[115.18629,-34.126642],[115.20753,-34.191908],[115.209239,-34.209324],[115.208263,-34.228367],[115.204194,-34.245538],[115.197276,-34.257175],[115.166921,-34.281101],[115.158376,-34.296726],[115.164968,-34.310235]]]}},{"type":"Feature","properties":{"dissolve":"823River","scalerank":8.0,"featurecla":"River","name":"Zuo","name_alt":null,"rivernum":823,"note":null,"min_zoom":7.0,"name_en":"Zuo","min_label":8.0},"bbox":[105.902192,22.320502,108.093761,22.933132],"geometry":{"type":"MultiLineString","coordinates":[[[105.902192,22.933132],[105.981944,22.79328],[106.013927,22.758816],[106.032156,22.748806],[106.110362,22.726426],[106.139252,22.72252],[106.14796,22.720486],[106.15683,22.716986],[106.166921,22.711697],[106.178396,22.703884],[106.180756,22.699978],[106.182872,22.689154],[106.187104,22.684638],[106.192149,22.684149],[106.197358,22.686957],[106.201752,22.690253],[106.205089,22.691352],[106.22991,22.68122],[106.290619,22.647162],[106.307384,22.635077],[106.331554,22.60696],[106.374766,22.584011],[106.399343,22.557156],[106.409109,22.552273],[106.41627,22.554796],[106.427989,22.569281],[106.438243,22.571641],[106.447765,22.568183],[106.507416,22.531562],[106.5595,22.486274],[106.626231,22.452582],[106.725597,22.380683],[106.938975,22.320502],[106.961843,22.32449],[106.98406,22.341864],[106.997813,22.363064],[107.002859,22.36876],[107.015554,22.377794],[107.018972,22.376329],[107.019135,22.370958],[107.021983,22.368476],[107.03655,22.373358],[107.044526,22.380561],[107.052013,22.38996],[107.064138,22.40119],[107.081065,22.409613],[107.102061,22.414374],[107.122813,22.414171],[107.138194,22.407823],[107.144623,22.399766],[107.146902,22.391913],[107.147553,22.384711],[107.149669,22.378526],[107.155691,22.367377],[107.155854,22.365098],[107.158214,22.365831],[107.170095,22.363878],[107.213145,22.351426],[107.231619,22.349718],[107.246511,22.355333],[107.252452,22.364325],[107.253998,22.373155],[107.258718,22.381537],[107.320811,22.412421],[107.321788,22.413926],[107.337006,22.425564],[107.337901,22.42475],[107.35255,22.44363],[107.356049,22.454901],[107.358897,22.459906],[107.375418,22.466173],[107.3803,22.468858],[107.41741,22.514268],[107.434662,22.527126],[107.446544,22.522569],[107.492686,22.495144],[107.512706,22.487982],[107.513601,22.49905],[107.520925,22.510281],[107.531342,22.520046],[107.556407,22.534939],[107.565359,22.542304],[107.571544,22.551134],[107.577647,22.563992],[107.585867,22.595649],[107.591319,22.609565],[107.602143,22.618679],[107.611501,22.624457],[107.613048,22.630072],[107.612234,22.63581],[107.615245,22.642157],[107.621023,22.647488],[107.639903,22.659613],[107.671967,22.667914],[107.703543,22.662177],[107.734874,22.651882],[107.780772,22.64407],[107.803966,22.63463],[107.820811,22.634385],[107.854015,22.643988],[107.869884,22.646308],[107.883067,22.64114],[107.889415,22.659857],[107.900971,22.673774],[107.932709,22.695746],[107.934581,22.698798],[107.937266,22.709093],[107.939138,22.712999],[107.943858,22.715155],[107.953298,22.710801],[107.95753,22.712673],[107.961681,22.720649],[107.963634,22.728583],[107.964854,22.737657],[107.972585,22.752753],[107.975108,22.7567],[107.983897,22.762152],[108.001475,22.762519],[108.010346,22.767646],[108.020274,22.786689],[108.021007,22.804755],[108.024343,22.821316],[108.042572,22.835761],[108.027192,22.840196],[108.042084,22.855577],[108.05714,22.849962],[108.073741,22.838243],[108.093761,22.835273],[108.092296,22.844346]]]}},{"type":"Feature","properties":{"dissolve":"824River","scalerank":8.0,"featurecla":"River","name":"Duliu","name_alt":null,"rivernum":824,"note":null,"min_zoom":7.0,"name_en":"Duliu","min_label":8.0},"bbox":[107.597992,25.650743,109.459239,25.996039],"geometry":{"type":"MultiLineString","coordinates":[[[109.459239,25.650743],[109.439871,25.681342],[109.413666,25.702338],[109.401459,25.706895],[109.33253,25.717393],[109.276296,25.717108],[109.195567,25.705756],[109.163259,25.706488],[109.151866,25.718777],[109.156261,25.746934],[109.149913,25.76378],[109.131928,25.772813],[109.055105,25.78498],[109.034109,25.783271],[109.011974,25.771837],[108.973562,25.731513],[108.952078,25.714667],[108.924897,25.709011],[108.898529,25.721137],[108.887299,25.745876],[108.879649,25.773627],[108.864268,25.794989],[108.851736,25.800238],[108.844819,25.79739],[108.838959,25.790798],[108.8296,25.784776],[108.774994,25.769639],[108.746023,25.749864],[108.735606,25.744737],[108.724701,25.742987],[108.710948,25.744452],[108.69101,25.752265],[108.684825,25.763617],[108.682628,25.778022],[108.675548,25.794989],[108.666921,25.802517],[108.655772,25.806749],[108.632091,25.811225],[108.606944,25.831814],[108.598155,25.837348],[108.561046,25.84748],[108.550141,25.855007],[108.542003,25.866645],[108.527924,25.893826],[108.517507,25.902167],[108.500011,25.902615],[108.482595,25.894314],[108.465912,25.883612],[108.449636,25.876736],[108.441824,25.876654],[108.426524,25.880072],[108.419932,25.880316],[108.413178,25.877712],[108.402273,25.868923],[108.396658,25.866767],[108.383718,25.867947],[108.342865,25.879421],[108.313569,25.87698],[108.233165,25.844346],[108.204845,25.840277],[108.175141,25.840766],[108.117279,25.850857],[108.093272,25.86754],[108.083995,25.895697],[108.075613,25.959418],[108.06837,25.974555],[108.060557,25.977891],[108.049815,25.976345],[108.033295,25.976833],[108.025645,25.979315],[108.005382,25.9914],[108.001231,25.993476],[107.996593,25.995063],[107.991628,25.995958],[107.985932,25.996039],[107.932221,25.983669],[107.913829,25.983344],[107.902843,25.985907],[107.895925,25.988471],[107.88795,25.989325],[107.874115,25.986925],[107.814871,25.965399],[107.784597,25.945176],[107.777761,25.924587],[107.780772,25.899237],[107.779552,25.864936],[107.764578,25.82921],[107.735606,25.789984],[107.699229,25.760199],[107.66212,25.753119],[107.647472,25.761054],[107.60906,25.792914],[107.597992,25.806016]]]}},{"type":"Feature","properties":{"dissolve":"82River","scalerank":3.0,"featurecla":"River","name":"Barwon","name_alt":null,"rivernum":82,"note":null,"min_zoom":3.0,"name_en":"Barwon","min_label":4.0},"bbox":[147.414561,-30.124526,150.469656,-28.535007],"geometry":{"type":"MultiLineString","coordinates":[[[150.469656,-28.650405],[150.449229,-28.646417],[150.417491,-28.625828],[150.36142,-28.572931],[150.322195,-28.543634],[150.297862,-28.535007],[150.276378,-28.542413],[150.258067,-28.553155],[150.23585,-28.556085],[150.173106,-28.552179],[150.158214,-28.55462],[150.10434,-28.573907],[150.058116,-28.583998],[150.019542,-28.600112],[150.00294,-28.602472],[149.971446,-28.599298],[149.950694,-28.600112],[149.907319,-28.608901],[149.870209,-28.604669],[149.7588,-28.606948],[149.741466,-28.609714],[149.729747,-28.613783],[149.704112,-28.627455],[149.690684,-28.614109],[149.675141,-28.610691],[149.639089,-28.613783],[149.620616,-28.607843],[149.614513,-28.593764],[149.609874,-28.577651],[149.5949,-28.565362],[149.577566,-28.572605],[149.48406,-28.583917],[149.469168,-28.595066],[149.432058,-28.661065],[149.416026,-28.680841],[149.398936,-28.689467],[149.37672,-28.691827],[149.274913,-28.739272],[149.265391,-28.740737],[149.260753,-28.750014],[149.249604,-28.760105],[149.237071,-28.76808],[149.217296,-28.775323],[149.210378,-28.784601],[149.204275,-28.795831],[149.196544,-28.805597],[149.178315,-28.818292],[149.156993,-28.829115],[149.134288,-28.836847],[149.11142,-28.839776],[149.093272,-28.848484],[149.083344,-28.869155],[149.07366,-28.91546],[149.06308,-28.936375],[149.046316,-28.954115],[149.024099,-28.968113],[148.997813,-28.977553],[148.967459,-29.002455],[148.868175,-29.053237],[148.834076,-29.081964],[148.819591,-29.10003],[148.813487,-29.117527],[148.812999,-29.159112],[148.809093,-29.178562],[148.799246,-29.19614],[148.790294,-29.203058],[148.766043,-29.215997],[148.758311,-29.22267],[148.754975,-29.232924],[148.752452,-29.258966],[148.730968,-29.302586],[148.72877,-29.311944],[148.723237,-29.318048],[148.716401,-29.323907],[148.70989,-29.332533],[148.696218,-29.374851],[148.699718,-29.385186],[148.714122,-29.401707],[148.717296,-29.412042],[148.714692,-29.432061],[148.682384,-29.506362],[148.661062,-29.525567],[148.650645,-29.532159],[148.640147,-29.537286],[148.622081,-29.542006],[148.581635,-29.56878],[148.573009,-29.570489],[148.563569,-29.571303],[148.552826,-29.573419],[148.531993,-29.581394],[148.5171,-29.592299],[148.508067,-29.608412],[148.505056,-29.631768],[148.499034,-29.651707],[148.484467,-29.67254],[148.439871,-29.721612],[148.427175,-29.732599],[148.411388,-29.740737],[148.391531,-29.744073],[148.388113,-29.749444],[148.384207,-29.772882],[148.378184,-29.778253],[148.340587,-29.792494],[148.27239,-29.864597],[148.264903,-29.883152],[148.247162,-29.896987],[148.210134,-29.915948],[148.200043,-29.923517],[148.183604,-29.939955],[148.175955,-29.950128],[148.17213,-29.960463],[148.170828,-29.969171],[148.166108,-29.975274],[148.132416,-29.981866],[148.099701,-30.003839],[148.079845,-30.012221],[147.944265,-30.028171],[147.878998,-30.046238],[147.772472,-30.046889],[147.730479,-30.053155],[147.665131,-30.071303],[147.64446,-30.073663],[147.635509,-30.076837],[147.625499,-30.083998],[147.617198,-30.092218],[147.61378,-30.097996],[147.608409,-30.101088],[147.596121,-30.10239],[147.572765,-30.101576],[147.530284,-30.094659],[147.516124,-30.094903],[147.414561,-30.124526]]]}},{"type":"Feature","properties":{"dissolve":"86River","scalerank":3.0,"featurecla":"River","name":"Darling","name_alt":null,"rivernum":86,"note":null,"min_zoom":3.0,"name_en":"Darling","min_label":4.0},"bbox":[141.910818,-34.116876,147.414561,-29.915948],"geometry":{"type":"MultiLineString","coordinates":[[[147.414561,-30.124526],[147.352794,-30.142511],[147.341563,-30.138523],[147.326264,-30.128351],[147.274669,-30.129815],[147.249278,-30.127618],[147.230072,-30.114679],[147.210867,-30.121433],[147.19573,-30.110691],[147.185964,-30.090834],[147.182384,-30.070245],[147.172374,-30.063816],[147.124034,-30.05462],[147.106537,-30.053155],[147.067556,-30.055108],[147.04713,-30.05047],[147.038259,-30.035821],[147.034923,-30.028009],[147.027354,-30.02752],[147.014171,-30.032159],[147.000011,-30.028334],[146.994151,-30.019382],[146.990489,-30.008152],[146.983653,-29.997979],[146.962901,-29.985365],[146.943289,-29.981948],[146.898367,-29.984308],[146.878673,-29.978448],[146.844737,-29.951349],[146.826182,-29.943292],[146.785574,-29.94907],[146.76116,-29.94907],[146.740652,-29.932306],[146.693126,-29.918634],[146.675222,-29.915948],[146.653331,-29.915948],[146.643891,-29.918145],[146.634288,-29.922865],[146.626475,-29.930352],[146.62322,-29.944757],[146.616954,-29.953546],[146.596446,-29.961928],[146.574718,-29.957371],[146.552664,-29.948256],[146.531261,-29.943292],[146.519949,-29.945164],[146.502045,-29.951186],[146.490245,-29.950128],[146.480724,-29.945489],[146.464122,-29.932468],[146.459239,-29.929701],[146.327566,-29.944838],[146.306733,-29.953464],[146.288178,-29.967218],[146.268484,-29.974786],[146.246593,-29.968601],[146.215912,-29.950128],[146.190033,-29.945652],[146.17571,-29.953546],[146.163585,-29.964858],[146.144216,-29.970636],[146.075125,-29.961114],[146.051524,-29.9638],[146.042003,-29.966485],[146.035085,-29.969415],[146.029389,-29.974786],[146.024099,-29.984308],[146.037608,-30.020359],[146.017589,-30.042494],[145.948985,-30.073663],[145.946544,-30.077488],[145.940033,-30.089858],[145.934825,-30.094171],[145.929128,-30.094252],[145.920095,-30.087742],[145.914236,-30.087335],[145.880626,-30.10003],[145.846202,-30.105971],[145.836436,-30.11712],[145.83196,-30.132338],[145.825043,-30.149428],[145.79713,-30.180678],[145.777599,-30.197117],[145.760671,-30.204034],[145.739513,-30.208673],[145.722585,-30.21974],[145.683035,-30.256768],[145.674897,-30.261651],[145.661632,-30.265476],[145.626069,-30.264581],[145.594249,-30.277765],[145.583344,-30.284356],[145.578543,-30.296238],[145.579519,-30.31756],[145.575694,-30.326349],[145.564871,-30.333836],[145.570974,-30.341485],[145.576671,-30.35296],[145.577403,-30.363295],[145.568614,-30.367852],[145.556082,-30.371108],[145.536794,-30.385756],[145.527273,-30.389011],[145.521983,-30.391778],[145.513764,-30.405287],[145.510265,-30.409519],[145.497325,-30.413507],[145.486095,-30.413751],[145.428396,-30.405938],[145.408946,-30.408624],[145.392345,-30.428888],[145.374034,-30.423761],[145.353282,-30.413995],[145.338308,-30.409519],[145.334239,-30.424819],[145.327647,-30.437026],[145.3178,-30.447442],[145.30421,-30.457208],[145.296641,-30.461277],[145.289806,-30.463311],[145.273448,-30.464044],[145.264903,-30.467299],[145.249929,-30.481948],[145.239675,-30.485203],[145.223643,-30.481948],[145.194835,-30.467299],[145.178152,-30.464044],[145.16741,-30.469171],[145.155772,-30.478855],[145.142345,-30.484389],[145.12672,-30.477716],[145.116628,-30.488214],[145.114838,-30.497003],[145.119233,-30.511895],[145.119233,-30.549493],[145.058442,-30.608087],[145.0171,-30.636244],[144.993175,-30.64422],[144.982595,-30.632013],[144.978445,-30.628839],[144.969005,-30.627618],[144.959483,-30.630385],[144.950287,-30.648126],[144.938569,-30.649428],[144.924897,-30.648126],[144.914236,-30.64894],[144.907237,-30.654474],[144.894135,-30.669854],[144.886322,-30.676935],[144.875173,-30.67962],[144.864268,-30.678237],[144.855724,-30.680597],[144.852306,-30.694024],[144.851166,-30.706069],[144.847585,-30.715753],[144.840017,-30.722345],[144.828136,-30.724786],[144.806407,-30.72381],[144.801199,-30.727553],[144.790945,-30.738458],[144.770274,-30.767267],[144.737722,-30.835138],[144.715017,-30.868097],[144.686046,-30.890476],[144.654063,-30.897963],[144.511729,-30.896661],[144.489268,-30.902276],[144.430268,-30.930597],[144.369314,-30.998468],[144.360037,-31.00392],[144.362641,-31.016046],[144.373057,-31.03631],[144.370128,-31.039727],[144.352061,-31.066827],[144.329194,-31.080987],[144.311046,-31.079441],[144.292084,-31.071629],[144.266368,-31.066827],[144.249766,-31.072605],[144.239675,-31.086765],[144.231619,-31.104669],[144.22169,-31.122003],[144.22169,-31.115167],[144.209483,-31.120619],[144.199229,-31.119317],[144.189952,-31.115737],[144.180105,-31.115167],[144.170828,-31.119643],[144.154796,-31.133477],[144.149994,-31.136244],[144.148529,-31.139662],[144.123057,-31.159601],[144.101166,-31.189467],[144.091889,-31.197117],[144.071218,-31.201186],[144.046153,-31.202569],[144.024994,-31.208917],[144.016205,-31.228448],[144.020112,-31.245782],[144.038585,-31.279636],[144.0442,-31.300714],[144.038097,-31.345392],[144.014334,-31.374933],[143.932872,-31.421075],[143.927745,-31.423191],[143.906342,-31.423679],[143.902599,-31.422377],[143.89267,-31.417169],[143.886485,-31.416192],[143.879324,-31.418796],[143.868663,-31.427911],[143.828543,-31.443048],[143.820974,-31.44728],[143.81129,-31.45086],[143.767833,-31.450698],[143.761648,-31.452],[143.748627,-31.457859],[143.726573,-31.440606],[143.708751,-31.44256],[143.691417,-31.452081],[143.670095,-31.457859],[143.651378,-31.459893],[143.572032,-31.486017],[143.559581,-31.49505],[143.533621,-31.522638],[143.529796,-31.531183],[143.528494,-31.541518],[143.526541,-31.550307],[143.519949,-31.55405],[143.508718,-31.556166],[143.500173,-31.561456],[143.488699,-31.573907],[143.482432,-31.584487],[143.480561,-31.593438],[143.476003,-31.597589],[143.461355,-31.594252],[143.451834,-31.586602],[143.439708,-31.564793],[143.430593,-31.560235],[143.406261,-31.561863],[143.389252,-31.568048],[143.37672,-31.580743],[143.355968,-31.621921],[143.34962,-31.639093],[143.345876,-31.657566],[143.343028,-31.704034],[143.336925,-31.721368],[143.324474,-31.732843],[143.30364,-31.738946],[143.234467,-31.74212],[143.218028,-31.7492],[143.166515,-31.813979],[143.148855,-31.852553],[143.135509,-31.869317],[143.115001,-31.876153],[143.035574,-31.889825],[143.008718,-31.914483],[142.989675,-31.957208],[142.979991,-32.003757],[142.981456,-32.039972],[142.98642,-32.050307],[142.992198,-32.058445],[142.996023,-32.06756],[142.995942,-32.080987],[142.992442,-32.087091],[142.971609,-32.105157],[142.950694,-32.115899],[142.926362,-32.115655],[142.879242,-32.108901],[142.865815,-32.109877],[142.858653,-32.111505],[142.84433,-32.122573],[142.837494,-32.131524],[142.82724,-32.152683],[142.820811,-32.156671],[142.810313,-32.159845],[142.79005,-32.174005],[142.779552,-32.177179],[142.75644,-32.178888],[142.735037,-32.184584],[142.717296,-32.193048],[142.704275,-32.204278],[142.6963,-32.220147],[142.693614,-32.242364],[142.688894,-32.259291],[142.677257,-32.270522],[142.610932,-32.306004],[142.590831,-32.312514],[142.54184,-32.317315],[142.526866,-32.323907],[142.462169,-32.391453],[142.450613,-32.396905],[142.424897,-32.398777],[142.408783,-32.405206],[142.40089,-32.417901],[142.399343,-32.43849],[142.401947,-32.462254],[142.401947,-32.472345],[142.399343,-32.48504],[142.387218,-32.511407],[142.385509,-32.524265],[142.392507,-32.540379],[142.390066,-32.555352],[142.402354,-32.60003],[142.395925,-32.61948],[142.382823,-32.639988],[142.382253,-32.659031],[142.392507,-32.697931],[142.392345,-32.788425],[142.391124,-32.796808],[142.388194,-32.803888],[142.374115,-32.823093],[142.374034,-32.830255],[142.377208,-32.837579],[142.379405,-32.84881],[142.372081,-32.890313],[142.386485,-32.912774],[142.392833,-32.926121],[142.380626,-32.943373],[142.385265,-32.968276],[142.394216,-32.99212],[142.399343,-33.000177],[142.386322,-33.035577],[142.321544,-33.083022],[142.303152,-33.123061],[142.303396,-33.134454],[142.309093,-33.150567],[142.310557,-33.15724],[142.308035,-33.167332],[142.303396,-33.17905],[142.301524,-33.190932],[142.306733,-33.201593],[142.325043,-33.211847],[142.365245,-33.217625],[142.385671,-33.225518],[142.392833,-33.23211],[142.406179,-33.253432],[142.424897,-33.264581],[142.435639,-33.273289],[142.440359,-33.283868],[142.494233,-33.335382],[142.566905,-33.382826],[142.587006,-33.413018],[142.577403,-33.452081],[142.554291,-33.481378],[142.545909,-33.498875],[142.542654,-33.524428],[142.533621,-33.544854],[142.512218,-33.554376],[142.487315,-33.561863],[142.467459,-33.575616],[142.463634,-33.583022],[142.461681,-33.591241],[142.460867,-33.612807],[142.456147,-33.622979],[142.445323,-33.631687],[142.432872,-33.639581],[142.423432,-33.646987],[142.417247,-33.65838],[142.412364,-33.681166],[142.406179,-33.691746],[142.398204,-33.696303],[142.375662,-33.701186],[142.364513,-33.705418],[142.334239,-33.729506],[142.322195,-33.736261],[142.296641,-33.743829],[142.269054,-33.757664],[142.214936,-33.775567],[142.182221,-33.801446],[142.143647,-33.809015],[142.066742,-33.808445],[142.044444,-33.810968],[142.030528,-33.818292],[141.993175,-33.861342],[141.993175,-33.871596],[141.99822,-33.882826],[142.001475,-33.900811],[142.000906,-33.915948],[141.997976,-33.931655],[141.99171,-33.948419],[141.980968,-33.965997],[141.966726,-33.978448],[141.934011,-33.990899],[141.919526,-34.000828],[141.914643,-34.012384],[141.911632,-34.031427],[141.910818,-34.052179],[141.913259,-34.069024],[141.918061,-34.076186],[141.924571,-34.079522],[141.930186,-34.08351],[141.932628,-34.09295],[141.93214,-34.102227],[141.931082,-34.109308],[141.92628,-34.116876]]]}},{"type":"Feature","properties":{"dissolve":"873River","scalerank":8.0,"featurecla":"River","name":"Wei","name_alt":null,"rivernum":873,"note":null,"min_zoom":7.0,"name_en":"Wei","min_label":8.0},"bbox":[104.064952,34.20421,110.293468,35.139228],"geometry":{"type":"MultiLineString","coordinates":[[[104.064952,34.986274],[104.067475,34.995714],[104.069021,35.018663],[104.071788,35.027208],[104.080984,35.033149],[104.094656,35.038398],[104.107351,35.045762],[104.115896,35.066921],[104.124278,35.074774],[104.134288,35.080349],[104.156505,35.086371],[104.166108,35.095567],[104.181651,35.115994],[104.197358,35.127956],[104.23406,35.139228],[104.271983,35.134101],[104.352957,35.109198],[104.373139,35.107001],[104.438569,35.109198],[104.456716,35.104112],[104.503835,35.068183],[104.592459,35.057969],[104.603526,35.048692],[104.668224,35.019802],[104.687999,34.998481],[104.694916,34.992499],[104.705089,34.987413],[104.713878,34.984198],[104.72047,34.979112],[104.725108,34.957628],[104.734386,34.938747],[104.736501,34.927924],[104.735037,34.915635],[104.729503,34.894355],[104.729096,34.883246],[104.750011,34.836941],[104.756358,34.828437],[104.774425,34.81155],[104.784434,34.807196],[104.794932,34.808905],[104.805675,34.812812],[104.815684,34.815009],[104.846446,34.780829],[104.886485,34.757921],[104.93629,34.749457],[104.987641,34.754747],[105.031342,34.773383],[105.041026,34.781928],[105.045339,34.788153],[105.051524,34.792304],[105.066824,34.79446],[105.166026,34.778754],[105.175222,34.773464],[105.183604,34.766628],[105.195811,34.759711],[105.239757,34.752224],[105.340017,34.758409],[105.387706,34.753485],[105.451427,34.734687],[105.473237,34.732449],[105.49114,34.725531],[105.499929,34.711249],[105.509939,34.699001],[105.531749,34.698269],[105.538259,34.702216],[105.547374,34.714464],[105.552175,34.718126],[105.563975,34.720079],[105.627533,34.714423],[105.647227,34.70543],[105.681895,34.684597],[105.723237,34.669013],[105.742686,34.656928],[105.750662,34.640204],[105.761485,34.626736],[105.786388,34.620958],[105.833425,34.615749],[105.85019,34.605292],[105.856619,34.594102],[105.86085,34.581081],[105.870616,34.564805],[105.884695,34.560085],[105.953136,34.554267],[105.976573,34.54796],[105.987315,34.54682],[105.995942,34.550238],[106.011241,34.565131],[106.021658,34.568549],[106.027843,34.560899],[106.048106,34.546088],[106.069591,34.536322],[106.079682,34.543728],[106.088878,34.556912],[106.10906,34.552191],[106.141694,34.5338],[106.161713,34.531562],[106.177257,34.536566],[106.192475,34.543484],[106.210704,34.54682],[106.225841,34.544501],[106.270925,34.527615],[106.307058,34.521674],[106.34669,34.520087],[106.450206,34.520087],[106.475678,34.524115],[106.486257,34.524034],[106.498057,34.520087],[106.510346,34.511094],[106.522065,34.499823],[106.534679,34.490098],[106.549327,34.486029],[106.572683,34.482489],[106.595876,34.472846],[106.613862,34.458604],[106.621023,34.44127],[106.626964,34.419501],[106.641612,34.405626],[106.65976,34.394884],[106.67628,34.382351],[106.764415,34.371365],[106.809093,34.373643],[106.85377,34.382351],[106.8838,34.393378],[106.895274,34.396023],[106.90797,34.396348],[106.926687,34.391181],[106.939708,34.389757],[106.949718,34.391913],[106.968842,34.401313],[106.980724,34.403428],[106.991954,34.401882],[107.03183,34.389757],[107.062266,34.372911],[107.073416,34.36933],[107.084727,34.370632],[107.096202,34.374945],[107.107432,34.377305],[107.137706,34.361396],[107.163585,34.356269],[107.296641,34.355048],[107.319591,34.351996],[107.358897,34.338446],[107.381277,34.33515],[107.429779,34.340766],[107.454845,34.340644],[107.474132,34.331732],[107.488292,34.322781],[107.533621,34.305447],[107.553233,34.300401],[107.604747,34.296658],[107.634369,34.298122],[107.671153,34.310126],[107.694753,34.304023],[107.738292,34.28738],[107.774913,34.284857],[107.786632,34.280544],[107.810964,34.25141],[107.816987,34.246405],[108.00172,34.232123],[108.087576,34.238959],[108.112234,34.232042],[108.135671,34.221869],[108.158946,34.216986],[108.183849,34.225898],[108.19573,34.219672],[108.206065,34.2213],[108.217377,34.225287],[108.231619,34.225898],[108.242686,34.221381],[108.263682,34.207221],[108.276378,34.20421],[108.368744,34.211697],[108.448416,34.208767],[108.467459,34.215115],[108.481944,34.226508],[108.497162,34.233913],[108.515554,34.23782],[108.587576,34.240587],[108.611827,34.245632],[108.622081,34.256049],[108.632823,34.260525],[108.690929,34.307888],[108.731944,34.320909],[108.760265,34.339179],[108.769542,34.341376],[108.782644,34.347032],[108.842377,34.382351],[108.903331,34.403428],[108.955984,34.414659],[108.995372,34.436306],[109.05421,34.45185],[109.074474,34.472357],[109.096446,34.47016],[109.129242,34.458686],[109.172862,34.431952],[109.179128,34.430121],[109.201182,34.430772],[109.211192,34.4324],[109.223074,34.436591],[109.23406,34.442206],[109.242198,34.448106],[109.250092,34.45893],[109.252533,34.467637],[109.253835,34.476142],[109.258881,34.486029],[109.263601,34.489203],[109.286713,34.49962],[109.286713,34.505886],[109.278738,34.509548],[109.273529,34.513861],[109.269949,34.519639],[109.266368,34.527615],[109.305675,34.543077],[109.328624,34.548041],[109.34547,34.543728],[109.361501,34.535712],[109.382335,34.532904],[109.399099,34.538113],[109.403412,34.554267],[109.416026,34.550238],[109.434255,34.548407],[109.450857,34.550401],[109.466075,34.565253],[109.483165,34.558295],[109.499034,34.546698],[109.502859,34.540635],[109.513927,34.538642],[109.553233,34.519843],[109.56837,34.514024],[109.583263,34.511664],[109.598074,34.51435],[109.612071,34.523871],[109.63144,34.549872],[109.643891,34.57099],[109.661713,34.582872],[109.697765,34.58161],[109.725597,34.575466],[109.735606,34.574774],[109.740896,34.578477],[109.742931,34.587104],[109.743907,34.596259],[109.746104,34.602078],[109.755626,34.614366],[109.761241,34.617051],[109.777436,34.608222],[109.784434,34.60989],[109.79005,34.615261],[109.793956,34.622504],[109.815684,34.60456],[109.848399,34.616319],[109.86964,34.602078],[109.878835,34.609158],[109.917491,34.622504],[109.921886,34.628241],[109.923106,34.635281],[109.925792,34.641181],[109.934581,34.643622],[109.95696,34.642849],[109.967459,34.645453],[109.972097,34.653266],[109.976329,34.67121],[109.986746,34.663886],[110.006277,34.636827],[110.021576,34.634955],[110.071707,34.643622],[110.083507,34.647895],[110.104991,34.666693],[110.112722,34.670966],[110.124522,34.66767],[110.15032,34.650824],[110.223888,34.620307],[110.257742,34.614366],[110.293468,34.623155]]]}},{"type":"Feature","properties":{"dissolve":"875River","scalerank":8.0,"featurecla":"River","name":"Za’gya","name_alt":null,"rivernum":875,"note":null,"min_zoom":7.0,"name_en":"Za’gya","min_label":8.0},"bbox":[88.93214,31.936835,91.213145,33.070828],"geometry":{"type":"MultiLineString","coordinates":[[[91.147878,33.070828],[91.150645,33.066474],[91.171804,33.04324],[91.177664,33.032579],[91.179291,33.02204],[91.179861,33.011013],[91.181895,32.998847],[91.207042,32.953681],[91.210053,32.939399],[91.204682,32.924994],[91.182628,32.896593],[91.175792,32.881212],[91.174897,32.867377],[91.178233,32.856635],[91.184825,32.846991],[91.194591,32.836493],[91.201427,32.831244],[91.206391,32.82921],[91.209972,32.825507],[91.212901,32.815009],[91.213145,32.805976],[91.211355,32.798611],[91.132904,32.657416],[91.119395,32.64057],[91.10255,32.626736],[90.943451,32.553656],[90.901947,32.525906],[90.891124,32.532416],[90.881114,32.532782],[90.838471,32.520616],[90.822683,32.51907],[90.804291,32.513373],[90.743175,32.470649],[90.722667,32.443915],[90.723643,32.432563],[90.728282,32.420966],[90.730886,32.409695],[90.726085,32.398953],[90.714122,32.380194],[90.700125,32.33454],[90.687999,32.313585],[90.680593,32.30683],[90.667003,32.298407],[90.661143,32.293077],[90.655772,32.282782],[90.651541,32.271552],[90.644623,32.262641],[90.613292,32.253974],[90.57366,32.230902],[90.55185,32.224189],[90.532237,32.225124],[90.498953,32.235297],[90.479991,32.23786],[90.201915,32.210557],[90.154796,32.211493],[90.139578,32.209418],[90.108897,32.200019],[90.093679,32.197089],[90.074474,32.197048],[90.01767,32.205105],[89.998464,32.204372],[89.971283,32.196641],[89.895437,32.16116],[89.866954,32.156562],[89.780854,32.153388],[89.758556,32.146674],[89.735362,32.13581],[89.694835,32.108181],[89.690522,32.102362],[89.682872,32.084988],[89.677745,32.077094],[89.66627,32.071641],[89.65325,32.073594],[89.6303,32.080837],[89.61378,32.073269],[89.583751,32.039984],[89.567882,32.032416],[89.51295,31.9949],[89.497651,31.988064],[89.473155,31.983018],[89.448253,31.982123],[89.431651,31.987738],[89.423269,31.991726],[89.401947,31.99376],[89.393891,31.998318],[89.389171,32.007839],[89.389171,32.029608],[89.386974,32.039862],[89.374115,32.057196],[89.358328,32.064765],[89.339447,32.063096],[89.317963,32.052924],[89.311127,32.046698],[89.299327,32.031928],[89.290619,32.02558],[89.280528,32.022325],[89.249766,32.02558],[89.2081,32.02558],[89.19752,32.028184],[89.188569,32.031521],[89.179291,32.031765],[89.167247,32.02558],[89.148367,32.041124],[89.124766,32.051947],[89.099539,32.058295],[89.074718,32.06037],[88.996104,32.038357],[88.939138,32.00255],[88.93214,31.989814],[88.954275,31.97781],[88.966238,31.977322],[89.002208,31.980902],[89.000662,31.950303],[89.002208,31.936835]]]}},{"type":"Feature","properties":{"dissolve":"879River","scalerank":8.0,"featurecla":"River","name":"Yurungkax","name_alt":null,"rivernum":879,"note":null,"min_zoom":7.0,"name_en":"Yurungkax","min_label":8.0},"bbox":[79.729747,35.469997,81.506928,37.833075],"geometry":{"type":"MultiLineString","coordinates":[[[81.506928,35.469997],[81.491954,35.514187],[81.49464,35.563544],[81.485606,35.601915],[81.436046,35.612901],[81.374278,35.597032],[81.278738,35.583808],[81.258881,35.576483],[81.247325,35.575385],[81.229747,35.577989],[81.179291,35.596259],[81.161143,35.607367],[81.131928,35.635037],[81.115652,35.647244],[81.091075,35.655097],[81.038503,35.658515],[81.014415,35.668972],[80.985606,35.704698],[80.945242,35.79621],[80.915945,35.831977],[80.901378,35.839464],[80.864757,35.853542],[80.850678,35.863349],[80.822765,35.873114],[80.692475,35.872911],[80.67921,35.877305],[80.6456,35.896511],[80.559662,35.921413],[80.502208,35.951524],[80.480479,35.955512],[80.438975,35.957628],[80.417979,35.961941],[80.401378,35.969794],[80.395112,35.962348],[80.387706,35.969794],[80.369151,35.956],[80.344656,35.954861],[80.295339,35.962348],[80.273204,35.961249],[80.261974,35.962226],[80.220714,35.980292],[80.217052,35.982774],[80.197765,35.979682],[80.176687,35.971625],[80.155772,35.966824],[80.116628,35.982489],[80.061453,35.985419],[80.037608,35.990261],[80.004161,36.010769],[80.002696,36.021064],[80.004405,36.034695],[80.003347,36.046576],[79.977143,36.059353],[79.966726,36.077094],[79.958995,36.097602],[79.949474,36.113145],[79.929861,36.125434],[79.884044,36.143826],[79.836192,36.178656],[79.829682,36.186591],[79.812266,36.216173],[79.800548,36.227118],[79.784597,36.238349],[79.770518,36.25141],[79.764578,36.267686],[79.762787,36.289659],[79.75172,36.333319],[79.744151,36.35338],[79.733409,36.371772],[79.729991,36.380805],[79.729747,36.394355],[79.733816,36.405707],[79.747325,36.421413],[79.754893,36.444892],[79.804291,36.513048],[79.816417,36.52379],[79.832286,36.529731],[79.880056,36.534125],[79.904307,36.543036],[79.92099,36.559841],[79.92213,36.586127],[79.913097,36.599718],[79.899099,36.612982],[79.886322,36.628974],[79.874766,36.671942],[79.873057,36.683458],[79.877208,36.688544],[79.889903,36.690741],[79.900645,36.696641],[79.90919,36.705512],[79.915294,36.716498],[79.916596,36.724189],[79.916433,36.733832],[79.917491,36.745063],[79.92213,36.757432],[79.927745,36.763251],[79.9345,36.7685],[79.940196,36.775987],[79.942556,36.788438],[79.937999,36.810492],[79.926768,36.824246],[79.913259,36.836127],[79.901785,36.853054],[79.893077,36.896918],[79.899913,36.941107],[79.916108,36.982489],[79.9428,37.03087],[79.949474,37.048651],[79.954275,37.069037],[79.959565,37.111029],[79.971202,37.1553],[79.9699,37.175808],[79.934174,37.230984],[79.928315,37.247829],[79.929861,37.286566],[79.934174,37.303005],[79.971121,37.365912],[79.973725,37.374376],[79.979991,37.385688],[79.990489,37.456366],[80.015147,37.485216],[80.126964,37.545111],[80.204112,37.598334],[80.353282,37.672309],[80.371023,37.685981],[80.400971,37.721015],[80.414236,37.740668],[80.422455,37.758002],[80.424083,37.768175],[80.422455,37.802354],[80.424083,37.811347],[80.432221,37.823269],[80.435557,37.833075]]]}},{"type":"Feature","properties":{"dissolve":"882River","scalerank":8.0,"featurecla":"River","name":"Jing","name_alt":null,"rivernum":882,"note":null,"min_zoom":7.0,"name_en":"Jing","min_label":8.0},"bbox":[106.418386,34.45661,109.070974,35.562608],"geometry":{"type":"MultiLineString","coordinates":[[[106.418386,35.434841],[106.493663,35.513495],[106.518565,35.534369],[106.554698,35.552029],[106.597748,35.561632],[106.643972,35.562608],[106.689871,35.554226],[106.752533,35.528917],[106.769054,35.516954],[106.78712,35.508083],[106.861257,35.499579],[107.278575,35.360378],[107.323253,35.350775],[107.367686,35.349392],[107.435069,35.367051],[107.48585,35.372504],[107.553233,35.390326],[107.5831,35.389024],[107.6421,35.373643],[107.685313,35.368232],[107.717865,35.358588],[107.727957,35.35281],[107.736095,35.340155],[107.740489,35.327989],[107.747081,35.318874],[107.786143,35.310126],[107.861827,35.274278],[107.922455,35.266872],[107.937755,35.26142],[107.944835,35.255439],[107.95045,35.240749],[107.95224,35.237331],[107.955089,35.23371],[107.958995,35.229844],[107.964122,35.225857],[107.956065,35.22366],[107.936127,35.211615],[107.941905,35.178494],[107.936697,35.145453],[107.938406,35.116726],[107.964122,35.096137],[107.973725,35.090766],[107.988373,35.092231],[108.002533,35.095567],[108.018891,35.096137],[108.031261,35.090766],[108.066498,35.061347],[108.117931,35.030382],[108.149425,35.016547],[108.176362,35.013536],[108.166433,34.992133],[108.16269,34.986274],[108.175792,34.988064],[108.18214,34.985216],[108.195242,34.963446],[108.199718,34.94538],[108.20753,34.93476],[108.224864,34.921413],[108.264903,34.902533],[108.430268,34.800727],[108.431244,34.801825],[108.445567,34.801378],[108.450206,34.800727],[108.475108,34.788601],[108.482188,34.783637],[108.494721,34.769965],[108.500906,34.760443],[108.509939,34.737616],[108.515636,34.729031],[108.566173,34.686591],[108.604421,34.638007],[108.612804,34.619249],[108.618663,34.615749],[108.627371,34.613593],[108.793386,34.505886],[108.81308,34.500434],[108.861501,34.496649],[108.887706,34.485622],[108.898936,34.48489],[108.920665,34.486029],[108.926524,34.483832],[108.935476,34.474473],[108.94101,34.472357],[108.948009,34.478583],[108.951671,34.4831],[108.951671,34.486029],[108.960948,34.479682],[108.975352,34.464708],[108.98585,34.458686],[108.997325,34.45661],[109.036632,34.458686],[109.048106,34.460761],[109.070974,34.470038]]]}},{"type":"Feature","properties":{"dissolve":"883River","scalerank":8.0,"featurecla":"River","name":"Dam","name_alt":null,"rivernum":883,"note":null,"min_zoom":7.0,"name_en":"Dam","min_label":8.0},"bbox":[92.710704,32.639716,94.31601,34.094997],"geometry":{"type":"MultiLineString","coordinates":[[[94.31601,32.639716],[94.237234,32.688096],[94.236095,32.69241],[94.238048,32.704128],[94.237234,32.708564],[94.232351,32.713894],[94.221121,32.72366],[94.216726,32.729071],[94.198985,32.758124],[94.192963,32.774848],[94.186697,32.783393],[94.182709,32.792344],[94.188975,32.81155],[94.185964,32.823025],[94.180105,32.832953],[94.175141,32.838935],[94.158621,32.847357],[94.108979,32.857937],[94.089773,32.859442],[94.069753,32.86579],[94.036388,32.895697],[94.017507,32.904975],[93.992198,32.904608],[93.949148,32.888617],[93.888194,32.879828],[93.875499,32.881537],[93.852794,32.890326],[93.834239,32.900336],[93.808116,32.922065],[93.731212,33.002794],[93.691335,33.029853],[93.668224,33.039862],[93.645518,33.043769],[93.624115,33.049913],[93.606212,33.064276],[93.590017,33.080512],[93.573985,33.092149],[93.516775,33.107204],[93.501475,33.1164],[93.482432,33.141547],[93.443126,33.181505],[93.390554,33.223212],[93.382335,33.239285],[93.377045,33.260281],[93.36378,33.271064],[93.327078,33.283962],[93.262218,33.322618],[93.255056,33.328681],[93.245942,33.338162],[93.237071,33.343329],[93.227061,33.345567],[93.214122,33.346015],[93.201427,33.348578],[93.194021,33.35456],[93.188731,33.361518],[93.183116,33.367133],[93.148936,33.386664],[93.132416,33.391954],[93.090424,33.396186],[93.071218,33.402411],[93.053722,33.41116],[93.039073,33.421088],[93.013438,33.443468],[92.996593,33.452338],[92.954194,33.460028],[92.937999,33.470323],[92.851654,33.550605],[92.837006,33.558295],[92.818858,33.565294],[92.811615,33.582221],[92.806407,33.622626],[92.80128,33.627265],[92.792898,33.632514],[92.786876,33.63878],[92.789154,33.646552],[92.795339,33.656684],[92.795828,33.667426],[92.792572,33.687812],[92.761974,33.707953],[92.763682,33.711941],[92.759776,33.738634],[92.758556,33.742377],[92.737397,33.899441],[92.731863,33.919379],[92.710704,33.950466],[92.710704,33.971462],[92.721609,33.989325],[92.740001,34.005683],[92.760834,34.018744],[92.778901,34.026679],[92.840343,34.034491],[92.860362,34.03974],[92.878917,34.050605],[92.92921,34.094997]]]}},{"type":"Feature","properties":{"dissolve":"884River","scalerank":8.0,"featurecla":"River","name":"Mytinge","name_alt":null,"rivernum":884,"note":null,"min_zoom":7.0,"name_en":"Mytinge","min_label":8.0},"bbox":[95.987071,21.684638,98.289236,23.366278],"geometry":{"type":"MultiLineString","coordinates":[[[95.987071,21.873725],[95.988373,21.859565],[95.991791,21.843126],[95.99822,21.82807],[96.009044,21.817939],[96.022878,21.814073],[96.031261,21.81745],[96.038585,21.824327],[96.048757,21.831244],[96.068126,21.834784],[96.080577,21.828721],[96.092296,21.812038],[96.09075,21.809109],[96.086843,21.803534],[96.08489,21.796902],[96.088878,21.790635],[96.093761,21.791287],[96.107188,21.801093],[96.112804,21.804307],[96.125092,21.805976],[96.133311,21.803412],[96.139089,21.79682],[96.144216,21.786566],[96.154552,21.772773],[96.163097,21.775417],[96.203543,21.828437],[96.219249,21.837755],[96.239513,21.835313],[96.249278,21.828884],[96.276378,21.802517],[96.309011,21.784491],[96.318614,21.776679],[96.379975,21.703966],[96.392019,21.697374],[96.4546,21.685899],[96.477306,21.684638],[96.497651,21.691514],[96.511811,21.709255],[96.514415,21.730902],[96.510753,21.776882],[96.516205,21.794989],[96.527436,21.804511],[96.594249,21.818915],[96.603608,21.823065],[96.612397,21.832221],[96.623546,21.854071],[96.631928,21.864081],[96.643891,21.872138],[96.684988,21.887763],[96.716563,21.898627],[96.730724,21.906277],[96.743093,21.916531],[96.752045,21.934516],[96.750499,21.974799],[96.754242,21.994412],[96.765391,22.008368],[96.775971,22.006415],[96.801362,21.984971],[96.81601,21.978949],[96.846934,21.971625],[96.894949,21.951361],[96.930431,21.953721],[96.959483,21.971381],[96.973888,22.00373],[96.97755,22.059882],[96.974864,22.11225],[96.964854,22.163845],[96.946788,22.217597],[96.94044,22.253607],[96.953624,22.272976],[96.980724,22.277655],[97.059093,22.256537],[97.081472,22.253241],[97.149018,22.252387],[97.168712,22.247178],[97.189545,22.236111],[97.240164,22.221137],[97.292735,22.233018],[97.331391,22.267524],[97.340587,22.320339],[97.315684,22.386298],[97.305919,22.402533],[97.280854,22.431749],[97.242198,22.524522],[97.238292,22.560248],[97.260346,22.595567],[97.302989,22.617743],[97.354584,22.637397],[97.388764,22.663194],[97.379487,22.703884],[97.377208,22.702948],[97.354991,22.715684],[97.35198,22.71837],[97.325857,22.72602],[97.31544,22.730821],[97.302989,22.740424],[97.287364,22.755642],[97.272716,22.774604],[97.264659,22.795478],[97.268647,22.816596],[97.276541,22.825263],[97.298106,22.839138],[97.306895,22.847195],[97.310964,22.854193],[97.31837,22.873603],[97.322846,22.882148],[97.361827,22.93122],[97.372569,22.949001],[97.379893,22.972276],[97.378835,22.992621],[97.368907,23.035712],[97.375906,23.066026],[97.398692,23.081366],[97.422374,23.092597],[97.432384,23.110297],[97.426768,23.123114],[97.406179,23.146064],[97.401866,23.159206],[97.410167,23.179226],[97.428966,23.193549],[97.45224,23.201036],[97.474132,23.200751],[97.513438,23.193223],[97.555756,23.190009],[97.598155,23.192328],[97.637299,23.201728],[97.800955,23.279893],[97.85906,23.294623],[97.892833,23.295966],[97.925792,23.297431],[97.943614,23.301337],[97.993907,23.320421],[98.032319,23.327175],[98.108979,23.328477],[98.146251,23.334581],[98.217459,23.360175],[98.255463,23.366278],[98.289236,23.356635]]]}},{"type":"Feature","properties":{"dissolve":"885River","scalerank":8.0,"featurecla":"River","name":"Qin","name_alt":null,"rivernum":885,"note":null,"min_zoom":7.0,"name_en":"Qin","min_label":8.0},"bbox":[112.227061,34.967068,113.451589,36.575873],"geometry":{"type":"MultiLineString","coordinates":[[[112.366954,36.575873],[112.358816,36.565863],[112.326264,36.435736],[112.319428,36.424994],[112.30071,36.41706],[112.29184,36.398017],[112.287852,36.351671],[112.282237,36.334418],[112.272553,36.31627],[112.268077,36.310492],[112.264659,36.308295],[112.272227,36.305203],[112.275401,36.298122],[112.273204,36.291042],[112.253917,36.283759],[112.256358,36.274726],[112.265391,36.265204],[112.274832,36.259955],[112.251475,36.251329],[112.25351,36.235907],[112.264415,36.21544],[112.268077,36.191677],[112.258718,36.171983],[112.232188,36.134223],[112.227061,36.109727],[112.250011,36.112494],[112.26588,36.096015],[112.288503,36.055121],[112.325857,36.024034],[112.329275,36.017686],[112.3296,36.002997],[112.3331,35.996772],[112.34075,35.987982],[112.338471,35.982978],[112.332774,35.978054],[112.329275,35.969428],[112.328543,35.958116],[112.32252,35.938422],[112.319428,35.893744],[112.323416,35.882432],[112.321788,35.869249],[112.318126,35.855577],[112.316417,35.842841],[112.317882,35.826606],[112.320893,35.814887],[112.326915,35.80504],[112.336925,35.794379],[112.329275,35.786933],[112.363455,35.777371],[112.366954,35.770372],[112.382498,35.75019],[112.387543,35.745958],[112.402599,35.740058],[112.414643,35.725938],[112.435151,35.69538],[112.452403,35.685329],[112.483816,35.686347],[112.500662,35.678331],[112.509939,35.664252],[112.524506,35.6199],[112.528087,35.602607],[112.528087,35.56505],[112.530284,35.555121],[112.53419,35.54446],[112.536062,35.5338],[112.531505,35.524115],[112.522227,35.516181],[112.519216,35.514675],[112.519949,35.512641],[112.5206,35.503282],[112.518972,35.493435],[112.516531,35.488308],[112.517019,35.48371],[112.53183,35.467312],[112.533295,35.462429],[112.53297,35.458116],[112.534923,35.451768],[112.555919,35.424506],[112.568289,35.384711],[112.579519,35.367743],[112.596283,35.3699],[112.600352,35.36046],[112.598643,35.355251],[112.595795,35.350653],[112.596283,35.343126],[112.608897,35.318712],[112.610606,35.31155],[112.613048,35.309353],[112.617442,35.30329],[112.619395,35.296983],[112.61435,35.294135],[112.605479,35.290839],[112.60377,35.28323],[112.606293,35.274197],[112.610606,35.266872],[112.618093,35.274278],[112.629487,35.263739],[112.639089,35.252265],[112.644786,35.237982],[112.645437,35.219062],[112.662039,35.224677],[112.660085,35.211737],[112.653087,35.193915],[112.65504,35.184882],[112.669363,35.180691],[112.679861,35.170193],[112.700694,35.143337],[112.708425,35.135443],[112.720225,35.125678],[112.735281,35.120469],[112.764659,35.132676],[112.78476,35.137397],[112.805186,35.138251],[112.819428,35.133083],[112.834402,35.125434],[112.891694,35.123399],[112.908946,35.11876],[112.940033,35.10517],[112.956391,35.102362],[112.98878,35.092841],[113.028819,35.05329],[113.06308,35.047716],[113.0796,35.052558],[113.155284,35.047716],[113.169526,35.048407],[113.18157,35.050971],[113.192393,35.056179],[113.203298,35.064765],[113.216319,35.071601],[113.22877,35.071112],[113.241628,35.068305],[113.254893,35.068183],[113.305186,35.08869],[113.334565,35.097032],[113.35434,35.092393],[113.364757,35.087104],[113.376964,35.086493],[113.387218,35.083564],[113.39503,35.063259],[113.401541,35.053656],[113.40504,35.043728],[113.398936,35.034044],[113.404552,35.02143],[113.424246,34.992214],[113.451589,34.967068]]]}},{"type":"Feature","properties":{"dissolve":"886River","scalerank":8.0,"featurecla":"River","name":"Ou","name_alt":null,"rivernum":886,"note":null,"min_zoom":7.0,"name_en":"Ou","min_label":8.0},"bbox":[118.967784,27.788194,120.569591,28.44477],"geometry":{"type":"MultiLineString","coordinates":[[[119.041108,27.788194],[119.000092,27.794298],[118.974539,27.818793],[118.967784,27.853583],[118.983816,27.890489],[119.067475,27.990505],[119.097341,28.047309],[119.112315,28.062201],[119.127371,28.069403],[119.174327,28.079454],[119.190929,28.091091],[119.220225,28.12169],[119.23878,28.130927],[119.277192,28.130072],[119.355235,28.106716],[119.39267,28.107204],[119.402192,28.111192],[119.410655,28.117214],[119.474294,28.182318],[119.501394,28.202704],[119.533783,28.213813],[119.549571,28.213446],[119.591319,28.201443],[119.613048,28.204942],[119.629812,28.217312],[119.658132,28.249823],[119.752452,28.320746],[119.772634,28.34044],[119.832042,28.428534],[119.848725,28.441107],[119.868337,28.44477],[119.891531,28.437201],[119.915294,28.415107],[119.938975,28.361151],[119.958507,28.338446],[119.976085,28.330675],[120.033783,28.32746],[120.065929,28.31977],[120.096121,28.306464],[120.106293,28.297675],[120.123139,28.274441],[120.13323,28.266628],[120.146251,28.262803],[120.15797,28.261339],[120.169688,28.258653],[120.182221,28.251166],[120.192149,28.242051],[120.198822,28.233181],[120.214773,28.202094],[120.22047,28.194648],[120.233653,28.182929],[120.266124,28.156602],[120.276541,28.14997],[120.289561,28.144965],[120.318126,28.140692],[120.333507,28.140937],[120.34669,28.143744],[120.379242,28.160183],[120.391694,28.161811],[120.404389,28.159247],[120.44337,28.1435],[120.460134,28.141059],[120.511648,28.141221],[120.526378,28.138048],[120.569591,28.113389]]]}},{"type":"Feature","properties":{"dissolve":"887River","scalerank":8.0,"featurecla":"River","name":"Wainganga","name_alt":null,"rivernum":887,"note":null,"min_zoom":7.0,"name_en":"Wainganga","min_label":8.0},"bbox":[79.458507,18.826687,80.189708,22.458441],"geometry":{"type":"MultiLineString","coordinates":[[[79.532237,22.013861],[79.523855,22.027859],[79.51474,22.039903],[79.507335,22.055243],[79.501557,22.091824],[79.494558,22.09394],[79.473643,22.088975],[79.470632,22.09455],[79.458507,22.173163],[79.463471,22.191352],[79.491466,22.203803],[79.50294,22.216417],[79.513276,22.233425],[79.521251,22.251492],[79.524669,22.264187],[79.52532,22.269558],[79.524832,22.273953],[79.513194,22.289984],[79.492605,22.304714],[79.472748,22.315131],[79.463959,22.318671],[79.468679,22.338731],[79.481049,22.35871],[79.49879,22.374864],[79.519135,22.383816],[79.532725,22.38585],[79.539643,22.384385],[79.559581,22.370185],[79.577647,22.353705],[79.589122,22.348944],[79.59433,22.359646],[79.599376,22.363227],[79.631602,22.380683],[79.640391,22.389431],[79.644542,22.394477],[79.646495,22.400255],[79.648936,22.41116],[79.649669,22.433621],[79.654552,22.442898],[79.669444,22.452094],[79.681163,22.45661],[79.692149,22.458441],[79.702891,22.456244],[79.714122,22.448676],[79.743175,22.417751],[79.757823,22.405951],[79.778575,22.396837],[79.813487,22.390652],[79.838796,22.379177],[79.851329,22.377631],[79.862234,22.379584],[79.881358,22.388617],[79.892182,22.390652],[79.904226,22.389716],[79.930186,22.383816],[79.941987,22.383368],[79.949474,22.384589],[79.988048,22.398953],[80.000906,22.401801],[80.008311,22.40058],[80.016124,22.396674],[80.027436,22.395779],[80.049571,22.396837],[80.061697,22.393378],[80.067149,22.384833],[80.069591,22.373847],[80.073416,22.363349],[80.078136,22.358262],[80.09075,22.347724],[80.094005,22.342231],[80.093354,22.33629],[80.088145,22.325507],[80.087169,22.322333],[80.094005,22.277655],[80.090424,22.249783],[80.080577,22.235175],[80.065196,22.22366],[80.046153,22.205024],[80.036876,22.18537],[80.035737,22.162177],[80.042491,22.139106],[80.066661,22.104275],[80.087169,22.041205],[80.091726,22.035671],[80.097097,22.030788],[80.102631,22.024278],[80.107514,22.013861],[80.110606,22.0008],[80.107514,21.969184],[80.116222,21.952012],[80.156749,21.918524],[80.169688,21.904608],[80.173269,21.884385],[80.162852,21.818671],[80.166026,21.80919],[80.180186,21.795966],[80.183442,21.784532],[80.189708,21.654161],[80.188569,21.646267],[80.186615,21.639512],[80.182221,21.632595],[80.174815,21.626573],[80.164073,21.621283],[80.108409,21.604315],[80.088634,21.591864],[80.080333,21.571641],[80.005056,21.548407],[79.989675,21.547878],[79.984793,21.548407],[79.97991,21.551215],[79.978608,21.555691],[79.97877,21.559882],[79.977957,21.562038],[79.965343,21.562608],[79.945323,21.556342],[79.933604,21.554551],[79.927013,21.551581],[79.923757,21.543972],[79.922781,21.523546],[79.92392,21.501776],[79.920339,21.494167],[79.880382,21.442572],[79.858165,21.421088],[79.841726,21.409369],[79.80714,21.391872],[79.792979,21.37641],[79.792979,21.373358],[79.779307,21.321316],[79.774913,21.311957],[79.763927,21.296942],[79.753835,21.272325],[79.751964,21.263454],[79.748139,21.257595],[79.73878,21.25373],[79.727468,21.250556],[79.694347,21.235419],[79.689952,21.232449],[79.68808,21.225369],[79.689952,21.209011],[79.680593,21.189276],[79.679454,21.174343],[79.674897,21.161933],[79.637299,21.148627],[79.614024,21.128974],[79.598725,21.104519],[79.600597,21.082221],[79.598237,21.070624],[79.616466,21.0362],[79.621593,21.01671],[79.625906,21.006374],[79.644623,20.986843],[79.648936,20.975775],[79.648041,20.962022],[79.645437,20.951524],[79.634695,20.930772],[79.610606,20.898301],[79.606212,20.879828],[79.623057,20.850531],[79.62672,20.83336],[79.631602,20.824978],[79.647878,20.802924],[79.655772,20.794257],[79.688731,20.767849],[79.817312,20.69127],[79.835053,20.686103],[79.903819,20.68183],[79.924083,20.671698],[79.937022,20.649604],[79.925548,20.585273],[79.923595,20.54975],[79.94044,20.534125],[79.94337,20.515896],[79.939708,20.435167],[79.954275,20.416815],[79.963878,20.40115],[79.959239,20.36579],[79.943858,20.308214],[79.952647,20.282823],[79.972179,20.253119],[79.984386,20.225043],[79.97169,20.204617],[79.959239,20.208279],[79.947765,20.203681],[79.937999,20.194403],[79.930186,20.184109],[79.921886,20.170356],[79.920095,20.161933],[79.922781,20.139431],[79.947358,20.124864],[79.954275,20.122016],[79.960867,20.118354],[79.965587,20.109442],[79.97169,20.088487],[79.975597,20.047919],[79.964773,20.011786],[79.941824,19.98489],[79.909679,19.971788],[79.884939,19.977729],[79.875662,19.996772],[79.868907,20.017035],[79.851329,20.026435],[79.841319,20.030056],[79.830984,20.036729],[79.820404,20.040961],[79.810069,20.036689],[79.778412,20.00788],[79.772472,19.999132],[79.770274,19.979926],[79.773041,19.952216],[79.781668,19.927354],[79.796397,19.916571],[79.798269,19.90705],[79.785167,19.862331],[79.778575,19.848253],[79.773204,19.844509],[79.757498,19.838406],[79.751964,19.834052],[79.747813,19.826687],[79.745616,19.818671],[79.744558,19.797065],[79.747569,19.772406],[79.7553,19.754706],[79.772472,19.724799],[79.783376,19.681993],[79.788829,19.64293],[79.797862,19.607042],[79.86378,19.513617],[79.87851,19.505683],[79.902843,19.502468],[79.919851,19.493516],[79.932384,19.480333],[79.962006,19.434841],[79.969005,19.41588],[79.97169,19.392686],[79.967784,19.373562],[79.96046,19.35517],[79.957042,19.335801],[79.964285,19.31391],[79.942556,19.280341],[79.935639,19.264716],[79.931163,19.249335],[79.929128,19.231024],[79.930593,19.211982],[79.935476,19.191596],[79.943858,19.169257],[79.919363,19.158474],[79.893647,19.137478],[79.872651,19.110378],[79.861827,19.081122],[79.864757,19.048448],[79.881928,19.042019],[79.933604,19.053249],[79.941824,19.038194],[79.954275,18.968451],[79.964854,18.935411],[79.964285,18.885606],[79.960378,18.867214],[79.950125,18.855333],[79.916921,18.826687]]]}},{"type":"Feature","properties":{"dissolve":"889River","scalerank":8.0,"featurecla":"River","name":"Banas","name_alt":null,"rivernum":889,"note":null,"min_zoom":7.0,"name_en":"Banas","min_label":8.0},"bbox":[73.542084,24.867214,76.739513,26.219021],"geometry":{"type":"MultiLineString","coordinates":[[[73.542084,24.867214],[73.57724,24.87877],[73.669037,24.929877],[73.851085,24.968573],[73.871104,24.977851],[73.901296,25.002997],[73.918468,25.013943],[74.048595,25.063178],[74.059011,25.065253],[74.076182,25.065212],[74.085216,25.06155],[74.093435,25.055732],[74.108002,25.048936],[74.140147,25.042589],[74.283702,25.042344],[74.310069,25.047797],[74.411225,25.112331],[74.432384,25.130235],[74.473399,25.178778],[74.491628,25.191189],[74.541596,25.206855],[74.554617,25.209052],[74.580658,25.208319],[74.593761,25.209418],[74.605561,25.214626],[74.623953,25.232693],[74.634044,25.240668],[74.659597,25.248725],[74.678722,25.244412],[74.697276,25.236192],[74.721283,25.23253],[74.823253,25.256049],[74.859874,25.257758],[74.905284,25.246772],[74.919444,25.248236],[74.92628,25.255927],[74.931733,25.265815],[74.941498,25.273993],[74.955333,25.272162],[75.019054,25.248847],[75.039073,25.253689],[75.054861,25.275255],[75.065359,25.302802],[75.06894,25.325303],[75.066987,25.332953],[75.058849,25.349229],[75.056895,25.358018],[75.059174,25.371161],[75.069428,25.39704],[75.069916,25.410224],[75.059174,25.444119],[75.062266,25.456326],[75.077647,25.475857],[75.189138,25.581],[75.216563,25.625312],[75.2199,25.635525],[75.22169,25.644355],[75.224376,25.65294],[75.230479,25.662543],[75.241222,25.672187],[75.252045,25.679023],[75.262462,25.687567],[75.271495,25.701972],[75.274913,25.713243],[75.278901,25.735907],[75.283376,25.74726],[75.383556,25.878119],[75.422537,25.915066],[75.457612,25.92532],[75.461925,25.920762],[75.474864,25.901882],[75.481456,25.89529],[75.490815,25.891954],[75.512787,25.889268],[75.523204,25.88642],[75.543061,25.885443],[75.549734,25.901475],[75.548106,25.92414],[75.543468,25.942939],[75.542003,25.963935],[75.549408,25.981513],[75.564057,25.990424],[75.606212,25.979926],[75.626882,25.985663],[75.64503,25.999132],[75.658946,26.016628],[75.666108,26.057318],[75.656993,26.101182],[75.653738,26.14114],[75.678803,26.170193],[75.691905,26.173651],[75.716807,26.175605],[75.72991,26.181708],[75.763113,26.206122],[75.782156,26.215766],[75.801199,26.218126],[75.818614,26.212755],[75.855886,26.193712],[75.875011,26.186469],[75.928396,26.173163],[75.9428,26.165107],[75.95574,26.149929],[75.964773,26.13406],[75.975678,26.119981],[75.995209,26.110378],[76.020112,26.110134],[76.044851,26.119005],[76.089122,26.143134],[76.17099,26.176337],[76.315684,26.211249],[76.376231,26.190863],[76.411632,26.198594],[76.449229,26.212429],[76.48585,26.219021],[76.581391,26.216173],[76.605968,26.206977],[76.616222,26.190985],[76.613292,26.175116],[76.607188,26.159695],[76.608165,26.145046],[76.617605,26.138129],[76.646251,26.134548],[76.65919,26.127305],[76.665619,26.11697],[76.671316,26.102118],[76.675304,26.086737],[76.676524,26.074734],[76.672537,26.060004],[76.658783,26.029161],[76.656668,26.011908],[76.659923,25.997016],[76.666596,25.985378],[76.67685,25.976426],[76.69044,25.969916],[76.704112,25.960273],[76.722667,25.934434],[76.739513,25.926093]]]}},{"type":"Feature","properties":{"dissolve":"890River","scalerank":8.0,"featurecla":"River","name":"Tel","name_alt":null,"rivernum":890,"note":null,"min_zoom":7.0,"name_en":"Tel","min_label":8.0},"bbox":[82.063487,19.745632,83.951427,20.840155],"geometry":{"type":"MultiLineString","coordinates":[[[82.063487,19.745632],[82.09962,19.765896],[82.122813,19.766791],[82.145763,19.758246],[82.180593,19.750067],[82.220307,19.751899],[82.257498,19.764187],[82.290701,19.784369],[82.372569,19.862372],[82.393077,19.877265],[82.429698,19.896674],[82.461925,19.903022],[82.493663,19.898627],[82.554861,19.877387],[82.583751,19.872992],[82.645763,19.873643],[82.8213,19.909044],[82.863373,19.923611],[82.933197,19.932563],[82.942556,19.938096],[82.948171,19.945136],[82.955333,19.951483],[82.992605,19.967963],[83.007335,19.978583],[83.022065,19.999335],[83.085867,20.123969],[83.111908,20.146308],[83.180675,20.181505],[83.208018,20.199571],[83.262787,20.263048],[83.368663,20.335557],[83.391531,20.35696],[83.428396,20.402167],[83.489268,20.453925],[83.502452,20.461859],[83.513601,20.464871],[83.53712,20.464301],[83.54835,20.466579],[83.562022,20.475043],[83.601085,20.510321],[83.675304,20.551215],[83.719249,20.596747],[83.723155,20.609402],[83.718028,20.631212],[83.719737,20.65351],[83.761485,20.726996],[83.78297,20.784491],[83.802826,20.807807],[83.834076,20.813747],[83.859874,20.813096],[83.894216,20.817165],[83.927989,20.826117],[83.951427,20.840155]]]}},{"type":"Feature","properties":{"dissolve":"891River","scalerank":8.0,"featurecla":"River","name":"Zayü","name_alt":null,"rivernum":891,"note":null,"min_zoom":7.0,"name_en":"Zayü","min_label":8.0},"bbox":[97.083995,28.527615,97.490652,29.438747],"geometry":{"type":"MultiLineString","coordinates":[[[97.148204,29.438747],[97.143077,29.415229],[97.142345,29.392768],[97.146983,29.371283],[97.172293,29.325466],[97.191905,29.263861],[97.206635,29.166693],[97.217703,29.135688],[97.242605,29.109971],[97.262706,29.102362],[97.306407,29.098741],[97.327891,29.092149],[97.342784,29.082953],[97.356619,29.071641],[97.379242,29.047919],[97.397227,29.022528],[97.434011,28.939561],[97.476166,28.875067],[97.486257,28.851386],[97.490652,28.823798],[97.486095,28.801215],[97.469819,28.752468],[97.47226,28.689154],[97.465261,28.669501],[97.435476,28.642524],[97.399913,28.631903],[97.325613,28.626288],[97.267833,28.607489],[97.246755,28.608222],[97.226573,28.612372],[97.212983,28.612982],[97.199962,28.609971],[97.140066,28.584988],[97.108409,28.56037],[97.083995,28.527615]]]}},{"type":"Feature","properties":{"dissolve":"893River","scalerank":8.0,"featurecla":"River","name":"Zhang","name_alt":null,"rivernum":893,"note":null,"min_zoom":7.0,"name_en":"Zhang","min_label":8.0},"bbox":[112.881358,36.191677,115.680593,37.069037],"geometry":{"type":"MultiLineString","coordinates":[[[112.948416,37.069037],[112.937999,36.987413],[112.91505,36.908515],[112.89088,36.861762],[112.881358,36.834418],[112.88795,36.822292],[112.921153,36.823798],[112.936534,36.822781],[112.963634,36.814521],[112.972341,36.812934],[113.011485,36.811957],[113.023448,36.804958],[113.03004,36.791815],[113.034679,36.768988],[113.039561,36.758979],[113.04127,36.754706],[113.042003,36.750556],[113.045502,36.739285],[113.053396,36.731065],[113.069347,36.719835],[113.084483,36.694403],[113.090424,36.687079],[113.096934,36.682888],[113.103119,36.68122],[113.109793,36.680365],[113.116954,36.678249],[113.12851,36.669745],[113.137299,36.656684],[113.142996,36.64171],[113.14503,36.627387],[113.148936,36.621121],[113.17921,36.609971],[113.214447,36.582302],[113.233165,36.562283],[113.241222,36.544501],[113.247162,36.52379],[113.261485,36.509467],[113.295909,36.487128],[113.305105,36.477891],[113.315359,36.465196],[113.323171,36.459174],[113.356456,36.4442],[113.368175,36.435574],[113.379324,36.42182],[113.395437,36.389472],[113.405203,36.374457],[113.421804,36.363349],[113.443858,36.357856],[113.48878,36.355577],[113.507498,36.357937],[113.544932,36.36933],[113.564057,36.37226],[113.578217,36.37169],[113.584565,36.370307],[113.591075,36.367703],[113.596283,36.363471],[113.607514,36.352362],[113.61378,36.349392],[113.621023,36.349677],[113.634044,36.354193],[113.641775,36.353705],[113.648367,36.35045],[113.65919,36.342393],[113.66684,36.340847],[113.674083,36.342312],[113.679861,36.346015],[113.69101,36.35517],[113.697765,36.358913],[113.702729,36.360175],[113.78948,36.340359],[113.808035,36.339301],[113.825125,36.345038],[113.858653,36.362657],[113.867117,36.365261],[113.873057,36.364569],[113.878429,36.361396],[113.892019,36.350409],[113.899099,36.346137],[113.90683,36.344062],[113.915701,36.344997],[113.927989,36.348009],[113.933604,36.348456],[113.953868,36.346544],[113.959727,36.347683],[113.965831,36.350775],[113.975515,36.358262],[113.980886,36.35989],[113.989024,36.358913],[114.004242,36.353217],[114.016694,36.344672],[114.027436,36.333808],[114.037364,36.321479],[114.047781,36.311835],[114.059255,36.308661],[114.072032,36.310411],[114.085948,36.315456],[114.097667,36.32449],[114.108653,36.336127],[114.120535,36.344265],[114.135753,36.342475],[114.146576,36.331814],[114.156993,36.304796],[114.168793,36.296251],[114.200125,36.291083],[114.208914,36.285468],[114.214366,36.278428],[114.223888,36.26321],[114.229991,36.256781],[114.237397,36.253038],[114.261729,36.252021],[114.304291,36.240587],[114.313731,36.240587],[114.332449,36.244005],[114.350597,36.245063],[114.36321,36.251532],[114.371593,36.25434],[114.384369,36.255886],[114.442312,36.253689],[114.449474,36.250556],[114.468028,36.235378],[114.478282,36.233751],[114.489024,36.234402],[114.501882,36.232611],[114.524099,36.222764],[114.541515,36.211778],[114.559581,36.202826],[114.584076,36.199083],[114.596202,36.200141],[114.617442,36.204861],[114.628184,36.205919],[114.639171,36.203803],[114.661225,36.194119],[114.673106,36.191677],[114.693614,36.193305],[114.747162,36.206732],[114.785085,36.229519],[115.091726,36.292751],[115.111908,36.30154],[115.146251,36.328884],[115.180675,36.345974],[115.190115,36.353054],[115.200043,36.358588],[115.221609,36.36164],[115.231619,36.366645],[115.23878,36.373847],[115.245942,36.386746],[115.263276,36.411078],[115.2706,36.432725],[115.274506,36.45657],[115.27589,36.4796],[115.282725,36.487128],[115.288992,36.498806],[115.308849,36.517401],[115.317393,36.528022],[115.320242,36.536729],[115.322765,36.556342],[115.327403,36.565294],[115.343354,36.57453],[115.347748,36.58161],[115.341319,36.592882],[115.341401,36.599677],[115.348399,36.608588],[115.365245,36.624294],[115.399832,36.671576],[115.409679,36.6789],[115.423839,36.686306],[115.44337,36.703396],[115.460867,36.722846],[115.47755,36.753485],[115.499278,36.761583],[115.543956,36.767646],[115.626069,36.793524],[115.664073,36.815212],[115.680593,36.8428]]]}},{"type":"Feature","properties":{"dissolve":"895River","scalerank":8.0,"featurecla":"River","name":"Cagayan","name_alt":null,"rivernum":895,"note":null,"min_zoom":7.0,"name_en":"Cagayan","min_label":8.0},"bbox":[121.395844,16.0987,121.881847,18.313992],"geometry":{"type":"MultiLineString","coordinates":[[[121.395844,16.099921],[121.439138,16.0987],[121.462576,16.101508],[121.481293,16.110541],[121.489675,16.112982],[121.513682,16.113796],[121.518647,16.117011],[121.522227,16.117458],[121.539806,16.140937],[121.566498,16.168891],[121.569835,16.170925],[121.577566,16.173651],[121.58074,16.175645],[121.583425,16.179389],[121.587413,16.188096],[121.591075,16.19245],[121.635916,16.224311],[121.649669,16.236518],[121.658621,16.24962],[121.664968,16.266791],[121.668956,16.286811],[121.670095,16.308865],[121.694591,16.319037],[121.700857,16.322781],[121.703624,16.327338],[121.7046,16.332343],[121.704275,16.343288],[121.705333,16.351345],[121.708425,16.351996],[121.712576,16.350775],[121.718028,16.353217],[121.726573,16.360053],[121.740164,16.366238],[121.745209,16.373643],[121.746593,16.38463],[121.744314,16.409003],[121.748627,16.418728],[121.750662,16.426581],[121.745942,16.451443],[121.745209,16.46308],[121.749522,16.472927],[121.763276,16.488715],[121.766531,16.49376],[121.764659,16.503282],[121.760183,16.513292],[121.754405,16.521308],[121.748627,16.524522],[121.743663,16.526557],[121.737885,16.531317],[121.728282,16.541571],[121.7199,16.547065],[121.714936,16.546088],[121.71046,16.543769],[121.704275,16.544989],[121.686453,16.559434],[121.679291,16.574774],[121.681082,16.592475],[121.690033,16.613878],[121.680431,16.621894],[121.667003,16.637763],[121.65683,16.65705],[121.656668,16.67536],[121.671804,16.687812],[121.71575,16.694892],[121.724864,16.706366],[121.721609,16.714545],[121.715343,16.723497],[121.711192,16.73253],[121.714285,16.74079],[121.724294,16.745225],[121.734874,16.743516],[121.745535,16.739569],[121.755463,16.737372],[121.769135,16.74197],[121.766368,16.753485],[121.764252,16.768866],[121.78004,16.785224],[121.774994,16.798936],[121.78419,16.808783],[121.810476,16.822781],[121.816417,16.833604],[121.825776,16.867865],[121.827159,16.877997],[121.818777,16.905829],[121.804128,16.935004],[121.799246,16.960517],[121.820323,16.977607],[121.831147,16.974473],[121.831716,16.99433],[121.829519,17.019355],[121.830984,17.031602],[121.835867,17.034369],[121.841319,17.040839],[121.845795,17.048855],[121.847667,17.055854],[121.846609,17.060167],[121.840424,17.072374],[121.83782,17.07628],[121.835867,17.082221],[121.839447,17.087348],[121.847667,17.093085],[121.856293,17.123481],[121.861339,17.13406],[121.87558,17.152411],[121.881847,17.163764],[121.878429,17.168769],[121.873057,17.174994],[121.864675,17.199083],[121.857595,17.199815],[121.84547,17.194932],[121.83489,17.198594],[121.826182,17.207221],[121.820323,17.217149],[121.818858,17.227484],[121.823253,17.246365],[121.820323,17.258165],[121.813487,17.26321],[121.80185,17.268378],[121.791026,17.27615],[121.786225,17.288601],[121.781993,17.30504],[121.76588,17.347235],[121.766531,17.367458],[121.790294,17.389106],[121.793956,17.402859],[121.769542,17.409003],[121.759776,17.413682],[121.751069,17.424628],[121.746593,17.43712],[121.748627,17.44656],[121.758311,17.456488],[121.763601,17.463568],[121.779877,17.504706],[121.779877,17.518744],[121.772878,17.532742],[121.758881,17.553005],[121.74879,17.574978],[121.741466,17.583279],[121.728282,17.586493],[121.71282,17.586859],[121.703136,17.588731],[121.695974,17.594062],[121.687266,17.604193],[121.681651,17.624213],[121.690115,17.645453],[121.707449,17.662218],[121.738699,17.672919],[121.737885,17.682196],[121.724864,17.703192],[121.718028,17.711493],[121.705007,17.721503],[121.69752,17.731147],[121.717865,17.737982],[121.710053,17.758124],[121.676362,17.799994],[121.687429,17.800849],[121.699474,17.800238],[121.712332,17.801052],[121.724864,17.80622],[121.716563,17.818671],[121.7046,17.8463],[121.69752,17.854031],[121.682872,17.856024],[121.669037,17.851386],[121.655691,17.844835],[121.642182,17.84101],[121.652924,17.857449],[121.651866,17.871405],[121.645844,17.884589],[121.642182,17.898749],[121.646902,17.935126],[121.646495,17.950629],[121.639171,17.957099],[121.60491,17.970811],[121.601166,18.003526],[121.614024,18.042182],[121.629242,18.073757],[121.660818,18.114203],[121.659679,18.125271],[121.652354,18.138861],[121.649506,18.156846],[121.649669,18.193223],[121.652843,18.210069],[121.667003,18.243109],[121.670095,18.258734],[121.666596,18.271511],[121.642182,18.313992]]]}},{"type":"Feature","properties":{"dissolve":"896River","scalerank":8.0,"featurecla":"River","name":"Derwent","name_alt":null,"rivernum":896,"note":null,"min_zoom":7.0,"name_en":"Derwent","min_label":8.0},"bbox":[146.291596,-42.788751,147.277924,-42.264011],"geometry":{"type":"MultiLineString","coordinates":[[[146.291596,-42.264011],[146.40325,-42.316746],[146.435069,-42.339776],[146.486501,-42.39837],[146.494151,-42.40366],[146.500987,-42.405776],[146.516124,-42.408705],[146.553233,-42.42726],[146.578868,-42.43255],[146.600515,-42.434096],[146.619884,-42.440444],[146.638601,-42.460382],[146.657156,-42.486179],[146.668224,-42.49627],[146.814952,-42.580092],[146.854015,-42.613458],[146.872162,-42.638849],[146.880626,-42.648289],[146.903494,-42.668796],[146.908621,-42.675632],[146.92335,-42.681655],[146.958018,-42.726251],[146.972992,-42.736993],[146.98935,-42.740899],[147.016775,-42.759129],[147.031993,-42.764662],[147.070404,-42.765313],[147.083018,-42.767429],[147.096446,-42.77337],[147.108979,-42.781264],[147.122081,-42.787612],[147.136729,-42.788751],[147.147553,-42.785496],[147.15919,-42.779229],[147.178966,-42.764337],[147.189871,-42.753839],[147.195567,-42.749444],[147.202403,-42.745782],[147.224539,-42.74212],[147.244233,-42.749037],[147.261974,-42.762546],[147.277924,-42.77866]]]}},{"type":"Feature","properties":{"dissolve":"897River","scalerank":8.0,"featurecla":"River","name":"Palar","name_alt":null,"rivernum":897,"note":null,"min_zoom":7.0,"name_en":"Palar","min_label":8.0},"bbox":[77.903738,12.462226,80.149506,13.255316],"geometry":{"type":"MultiLineString","coordinates":[[[77.903738,13.243964],[77.919037,13.238308],[77.930105,13.242784],[77.940684,13.250678],[77.9546,13.255316],[77.965424,13.25377],[77.975597,13.248969],[77.995046,13.237128],[78.026296,13.226508],[78.158376,13.215277],[78.174897,13.209337],[78.189952,13.200954],[78.242279,13.161322],[78.25587,13.147813],[78.2671,13.13227],[78.282319,13.097724],[78.301036,13.056586],[78.323822,13.019802],[78.353119,12.990668],[78.391124,12.972846],[78.413829,12.972724],[78.423595,12.969672],[78.42921,12.958279],[78.425792,12.944851],[78.41448,12.934027],[78.401866,12.924384],[78.394054,12.914252],[78.393158,12.893622],[78.406993,12.829779],[78.404877,12.826524],[78.396251,12.816759],[78.393972,12.810736],[78.395112,12.804226],[78.402436,12.793077],[78.405284,12.787299],[78.416515,12.750312],[78.427664,12.726915],[78.447846,12.705268],[78.472179,12.687608],[78.495616,12.676215],[78.529714,12.672797],[78.56129,12.683458],[78.646658,12.741075],[78.666108,12.762966],[78.702647,12.814399],[78.712901,12.825263],[78.799327,12.878445],[78.878917,12.913031],[78.96339,12.933661],[79.003429,12.936347],[79.081716,12.932929],[79.121186,12.936469],[79.148041,12.946316],[79.17213,12.959784],[79.197032,12.969672],[79.226329,12.968777],[79.250011,12.959255],[79.38616,12.878282],[79.402354,12.873114],[79.5206,12.861843],[79.642182,12.813788],[79.761648,12.776638],[79.778412,12.773505],[79.835053,12.777167],[79.872325,12.769314],[79.912852,12.751003],[79.9463,12.723578],[79.963471,12.688341],[79.962576,12.609402],[79.970225,12.573106],[79.999766,12.534613],[80.047781,12.503445],[80.149506,12.462226]]]}},{"type":"Feature","properties":{"dissolve":"932River","scalerank":8.0,"featurecla":"River","name":"Liu","name_alt":null,"rivernum":932,"note":null,"min_zoom":7.0,"name_en":"Liu","min_label":8.0},"bbox":[109.459483,23.796413,109.731863,24.419989],"geometry":{"type":"MultiLineString","coordinates":[[[109.528575,23.796413],[109.523204,23.824001],[109.521983,23.8487],[109.527273,23.872138],[109.542247,23.89289],[109.560476,23.903103],[109.598888,23.907335],[109.649832,23.928819],[109.663178,23.937364],[109.673595,23.952012],[109.678396,23.972195],[109.67921,23.995307],[109.671479,24.059516],[109.671886,24.072943],[109.67685,24.084784],[109.699718,24.120388],[109.717703,24.182685],[109.728282,24.206366],[109.731863,24.218695],[109.730886,24.231757],[109.720225,24.24787],[109.701427,24.263373],[109.680186,24.275214],[109.661632,24.280463],[109.638927,24.276719],[109.573334,24.244167],[109.548757,24.238105],[109.530772,24.239081],[109.492442,24.254991],[109.478282,24.257432],[109.466319,24.257636],[109.459483,24.263739],[109.459972,24.2838],[109.465343,24.300076],[109.490245,24.346259],[109.501394,24.402859],[109.498464,24.411404],[109.492768,24.419989]]]}},{"type":"Feature","properties":{"dissolve":"933River","scalerank":8.0,"featurecla":"River","name":"Rong","name_alt":null,"rivernum":933,"note":null,"min_zoom":7.0,"name_en":"Rong","min_label":8.0},"bbox":[109.131114,24.311062,109.492768,25.650743],"geometry":{"type":"MultiLineString","coordinates":[[[109.492768,24.419989],[109.484955,24.42239],[109.459239,24.393419],[109.424815,24.379706],[109.413259,24.361274],[109.412608,24.339138],[109.415131,24.318956],[109.41212,24.311062],[109.394135,24.325751],[109.367117,24.359076],[109.351654,24.370469],[109.326264,24.377956],[109.306163,24.388983],[109.306407,24.407782],[109.312022,24.430365],[109.306895,24.452582],[109.284597,24.467556],[109.243256,24.468817],[109.231375,24.489854],[109.232188,24.505398],[109.239757,24.51671],[109.260509,24.537421],[109.269216,24.556993],[109.266124,24.570868],[109.244558,24.600369],[109.239675,24.620063],[109.239757,24.640163],[109.237315,24.658555],[109.22462,24.673651],[109.207042,24.67711],[109.18629,24.675727],[109.167491,24.67768],[109.156179,24.691514],[109.157237,24.703315],[109.171967,24.721462],[109.17571,24.731228],[109.169037,24.748969],[109.139252,24.771837],[109.132253,24.792182],[109.135671,24.801093],[109.142182,24.809109],[109.146902,24.818183],[109.144054,24.830349],[109.131114,24.846747],[109.131602,24.852729],[109.138682,24.86697],[109.151134,24.884589],[109.161713,24.885565],[109.174897,24.879665],[109.195242,24.876492],[109.211925,24.88463],[109.221202,24.902452],[109.229991,24.94241],[109.238048,24.959988],[109.244151,24.969102],[109.243175,24.979315],[109.229503,25.000027],[109.257823,25.019802],[109.26588,25.047309],[109.269949,25.077216],[109.287039,25.104315],[109.305756,25.1164],[109.323253,25.124701],[109.339366,25.134955],[109.354015,25.153022],[109.377615,25.205919],[109.394135,25.262519],[109.403738,25.330349],[109.41212,25.349392],[109.426768,25.371894],[109.432628,25.386827],[109.430593,25.427069],[109.435557,25.466824],[109.466075,25.542751],[109.474539,25.582302],[109.471202,25.615994],[109.459239,25.650743]]]}},{"type":"Feature","properties":{"dissolve":"948River","scalerank":8.0,"featurecla":"River","name":"Luhit","name_alt":null,"rivernum":948,"note":null,"min_zoom":7.0,"name_en":"Luhit","min_label":8.0},"bbox":[95.459483,27.766466,97.083995,28.527615],"geometry":{"type":"MultiLineString","coordinates":[[[97.083995,28.527615],[97.064708,28.484565],[97.050548,28.435004],[97.041108,28.379503],[97.038097,28.323188],[97.052013,28.186347],[97.044363,28.147406],[96.993663,28.047675],[96.987722,28.026964],[96.98463,27.975287],[96.979503,27.958848],[96.959402,27.935818],[96.927989,27.91413],[96.893321,27.899197],[96.864024,27.896267],[96.845795,27.903998],[96.821869,27.9289],[96.807384,27.940009],[96.784434,27.948676],[96.711192,27.965644],[96.685802,27.97956],[96.590831,28.073065],[96.574229,28.085313],[96.552257,28.091905],[96.513682,28.089301],[96.480398,28.073839],[96.453054,28.048407],[96.432872,28.015815],[96.425873,27.983507],[96.423839,27.947333],[96.417247,27.91474],[96.396658,27.8935],[96.377208,27.889919],[96.318614,27.902167],[96.301199,27.902411],[96.250987,27.896023],[96.191173,27.902859],[96.160492,27.906033],[96.14503,27.905951],[96.128998,27.90412],[96.094656,27.895616],[95.91269,27.822048],[95.887625,27.816677],[95.876964,27.817694],[95.869395,27.821072],[95.861339,27.823106],[95.84962,27.819932],[95.79599,27.795356],[95.765229,27.77029],[95.752371,27.766466],[95.739268,27.767524],[95.732921,27.771918],[95.728038,27.777655],[95.720144,27.782782],[95.641124,27.808702],[95.624278,27.810126],[95.568614,27.806952],[95.553315,27.81212],[95.539236,27.818874],[95.520274,27.823432],[95.501394,27.821112],[95.486746,27.816352],[95.476654,27.818142],[95.472179,27.835273],[95.459483,27.843858]]]}},{"type":"Feature","properties":{"dissolve":"956River","scalerank":8.0,"featurecla":"River","name":"Asahan","name_alt":null,"rivernum":956,"note":null,"min_zoom":7.0,"name_en":"Asahan","min_label":8.0},"bbox":[99.148448,2.415635,99.857921,3.011501],"geometry":{"type":"MultiLineString","coordinates":[[[99.148448,2.415635],[99.168875,2.460395],[99.204194,2.498155],[99.316824,2.56863],[99.329845,2.572089],[99.365896,2.57213],[99.371349,2.575792],[99.379893,2.585476],[99.439708,2.607449],[99.472179,2.632025],[99.497813,2.661566],[99.526785,2.687852],[99.569347,2.702989],[99.605968,2.701728],[99.617686,2.702989],[99.626964,2.707628],[99.643321,2.721259],[99.648448,2.724148],[99.662608,2.729356],[99.671804,2.742011],[99.686046,2.771308],[99.697683,2.784003],[99.714366,2.79739],[99.733328,2.807929],[99.751475,2.812283],[99.754893,2.817206],[99.767996,2.846381],[99.774343,2.854844],[99.815115,2.890977],[99.830333,2.908474],[99.840017,2.928412],[99.843679,2.953152],[99.824718,2.976426],[99.823253,2.983588],[99.834483,2.991482],[99.848074,2.991807],[99.857595,2.995063],[99.857921,3.011501]]]}},{"type":"Feature","properties":{"dissolve":"95River","scalerank":3.0,"featurecla":"River","name":"Huang","name_alt":"Yellow","rivernum":95,"note":null,"min_zoom":3.0,"name_en":"Yellow","min_label":4.0},"bbox":[110.269949,34.583604,119.033214,37.830634],"geometry":{"type":"MultiLineString","coordinates":[[[114.837576,35.019802],[114.84726,35.03795],[114.846772,35.081488],[114.864757,35.120469],[114.859874,35.140448],[114.851573,35.159491],[114.851329,35.178046],[114.864024,35.188585],[114.913178,35.208075],[114.930186,35.211615],[114.941417,35.218777],[114.981619,35.266872],[115.002045,35.284735],[115.008881,35.294135],[115.021495,35.324774],[115.025971,35.332343],[115.053722,35.366767],[115.067963,35.379991],[115.091563,35.390326],[115.121755,35.393866],[115.131847,35.397773],[115.13974,35.404608],[115.14446,35.410997],[115.150483,35.415798],[115.162608,35.41767],[115.205577,35.414618],[115.226329,35.416124],[115.248546,35.424506],[115.266043,35.436143],[115.306814,35.475694],[115.316742,35.479356],[115.329194,35.480984],[115.340017,35.485053],[115.344737,35.496161],[115.342377,35.505479],[115.332286,35.523261],[115.330496,35.534369],[115.341319,35.555365],[115.383311,35.55744],[115.392589,35.572211],[115.392589,35.597032],[115.394786,35.615749],[115.402843,35.630479],[115.420421,35.643581],[115.467296,35.663438],[115.491791,35.678087],[115.502452,35.69538],[115.501964,35.716498],[115.503917,35.722724],[115.53655,35.719306],[115.576182,35.722235],[115.617686,35.731147],[115.654714,35.746283],[115.680593,35.767768],[115.729747,35.83043],[115.76116,35.849148],[115.850678,35.858954],[115.873546,35.865505],[115.885916,35.87755],[115.883718,35.887519],[115.874034,35.895046],[115.863373,35.900458],[115.858002,35.904242],[115.857921,35.916327],[115.86321,35.924913],[115.919932,35.967719],[115.943777,35.979682],[115.954275,35.976589],[115.965424,35.985785],[115.990733,35.980821],[116.033295,35.965684],[116.038992,35.976182],[116.064138,36.040839],[116.078298,36.051337],[116.086925,36.059149],[116.091401,36.068142],[116.089936,36.078477],[116.080333,36.098456],[116.077729,36.109727],[116.087494,36.11225],[116.110281,36.113715],[116.119314,36.116523],[116.12851,36.125027],[116.132823,36.134548],[116.135509,36.1435],[116.13974,36.150702],[116.198822,36.172553],[116.269623,36.240058],[116.311941,36.293321],[116.327891,36.30154],[116.347179,36.303656],[116.388113,36.313056],[116.410167,36.315212],[116.41684,36.318549],[116.454275,36.345526],[116.477061,36.355902],[116.530854,36.397732],[116.566417,36.410102],[116.575043,36.414822],[116.586029,36.427598],[116.597585,36.447577],[116.598643,36.467353],[116.578624,36.4796],[116.591319,36.48664],[116.601654,36.494981],[116.605561,36.504421],[116.598562,36.514431],[116.606375,36.524441],[116.633311,36.547919],[116.651134,36.577582],[116.65683,36.582709],[116.673106,36.58869],[116.736339,36.624294],[116.749522,36.643012],[116.768077,36.684882],[116.780772,36.702745],[116.79599,36.712714],[116.858653,36.740343],[116.881114,36.742743],[116.937755,36.733507],[116.943777,36.730496],[116.952647,36.724555],[116.962576,36.720526],[116.972179,36.723253],[116.976654,36.725938],[116.981619,36.726874],[116.992442,36.726671],[116.999604,36.729438],[117.003917,36.735785],[117.006928,36.742703],[117.009939,36.747138],[117.070323,36.783311],[117.088878,36.788764],[117.105724,36.796251],[117.116791,36.813747],[117.133474,36.849555],[117.163585,36.87995],[117.176199,36.898953],[117.181407,36.922187],[117.189464,36.93419],[117.226329,36.961046],[117.235932,36.980536],[117.234386,36.991767],[117.229747,37.000271],[117.226573,37.009141],[117.229747,37.021511],[117.237804,37.031033],[117.257091,37.038275],[117.284923,37.059394],[117.302257,37.062934],[117.345795,37.062527],[117.388113,37.073188],[117.552257,37.149237],[117.570811,37.16413],[117.578624,37.181952],[117.584239,37.200303],[117.597585,37.222357],[117.613373,37.242296],[117.627045,37.254259],[117.648204,37.260118],[117.668468,37.257025],[117.689138,37.2508],[117.712332,37.247423],[117.760509,37.247423],[117.771658,37.249864],[117.805186,37.26789],[117.827403,37.272081],[117.847097,37.269395],[117.867117,37.264431],[117.890554,37.261746],[117.908214,37.26789],[117.962169,37.309516],[117.983165,37.316759],[118.029796,37.327338],[118.06544,37.352078],[118.087006,37.356147],[118.133474,37.357286],[118.182221,37.366482],[118.207042,37.375271],[118.226003,37.387722],[118.229421,37.396308],[118.222992,37.428656],[118.225515,37.438788],[118.231537,37.450222],[118.243337,37.466579],[118.256602,37.478095],[118.281749,37.495144],[118.29127,37.508124],[118.295421,37.524359],[118.299327,37.560574],[118.304779,37.576443],[118.328868,37.596381],[118.365245,37.606879],[118.519135,37.615668],[118.55421,37.626492],[118.585948,37.644639],[118.672862,37.718695],[118.68157,37.733466],[118.710053,37.749823],[118.722585,37.754503],[118.758718,37.760281],[118.78655,37.774726],[118.860362,37.796169],[118.897065,37.824327],[118.917003,37.830634],[118.938894,37.819403],[118.9546,37.808783],[118.978038,37.79975],[119.003429,37.796251],[119.033214,37.802558]],[[110.269949,34.637274],[110.297862,34.621161],[110.335134,34.615749],[110.367686,34.617499],[110.37672,34.615749],[110.387218,34.608222],[110.393321,34.599677],[110.399669,34.592475],[110.410818,34.589057],[110.42213,34.590644],[110.426524,34.595893],[110.429861,34.602729],[110.437592,34.608913],[110.44866,34.61286],[110.459076,34.614854],[110.482921,34.615749],[110.491628,34.613145],[110.500662,34.607001],[110.517019,34.592475],[110.530284,34.583604],[110.539643,34.584296],[110.548839,34.589911],[110.561697,34.595893],[110.584483,34.600857],[110.64739,34.602078],[110.708425,34.620917],[110.718761,34.626288],[110.725841,34.642442],[110.743175,34.654242],[110.765636,34.661241],[110.883474,34.666042],[110.922862,34.685736],[110.910574,34.732449],[110.933116,34.735175],[110.973155,34.716824],[110.989757,34.721869],[111.007253,34.737494],[111.025483,34.747423],[111.109304,34.768622],[111.124278,34.778632],[111.138438,34.819159],[111.157644,34.82213],[111.198416,34.808132],[111.215261,34.800076],[111.222667,34.798529],[111.232595,34.800727],[111.237641,34.806464],[111.240652,34.815701],[111.245616,34.824246],[111.256602,34.827989],[111.268972,34.82449],[111.276541,34.818427],[111.284679,34.816352],[111.307384,34.83157],[111.318858,34.837104],[111.331065,34.840847],[111.342459,34.842312],[111.352794,34.839382],[111.373057,34.825751],[111.383474,34.821804],[111.393972,34.823188],[111.421397,34.835476],[111.444591,34.83747],[111.557384,34.863308],[111.569021,34.868964],[111.572276,34.87405],[111.578298,34.890326],[111.582123,34.896918],[111.586681,34.900458],[111.597179,34.904975],[111.603282,34.909939],[111.610606,34.92121],[111.622,34.94713],[111.630463,34.958319],[111.641368,34.964382],[111.667979,34.97248],[111.678315,34.978827],[111.670339,34.997382],[111.682709,35.007839],[111.704031,35.012519],[111.723074,35.013536],[111.740652,35.018907],[111.763276,35.042344],[111.778331,35.047716],[111.796153,35.051703],[111.807628,35.061306],[111.816905,35.072821],[111.829112,35.082465],[111.845795,35.086982],[111.881847,35.089301],[111.897472,35.096137],[111.915294,35.089911],[111.957449,35.094062],[111.976166,35.085557],[111.99171,35.073757],[112.034679,35.047716],[112.058116,35.033393],[112.12558,35.023953],[112.151378,35.013536],[112.161632,35.000312],[112.178966,34.970811],[112.189138,34.965155],[112.202159,34.962958],[112.218028,34.957709],[112.232351,34.950995],[112.240733,34.944688],[112.256114,34.958035],[112.265066,34.963446],[112.274832,34.965155],[112.281505,34.961534],[112.284679,34.954535],[112.288992,34.947781],[112.299083,34.944688],[112.324474,34.941433],[112.361095,34.924669],[112.384044,34.917344],[112.466726,34.910346],[112.480235,34.906806],[112.490896,34.897976],[112.73406,34.808132],[112.779226,34.797919],[112.823253,34.800605],[112.912364,34.821804],[113.047374,34.831651],[113.089773,34.842312],[113.130382,34.860175],[113.151134,34.866523],[113.175792,34.868964],[113.19752,34.876288],[113.210134,34.893866],[113.22698,34.931667],[113.24879,34.948554],[113.270763,34.951443],[113.292491,34.951931],[113.329275,34.968777],[113.353608,34.972357],[113.497569,34.965155],[113.508718,34.968695],[113.521251,34.975287],[113.534109,34.979519],[113.545665,34.975694],[113.590017,34.944688],[113.665619,34.907538],[113.70574,34.89529],[113.74822,34.890692],[113.759044,34.89171],[113.779877,34.896186],[113.789236,34.896918],[113.800792,34.894395],[113.826915,34.883246],[113.836925,34.882148],[113.856537,34.877509],[113.867768,34.87641],[113.877208,34.878201],[113.89503,34.887152],[113.905935,34.890692],[113.918793,34.891628],[113.930919,34.89114],[113.942393,34.891954],[113.953868,34.896918],[113.963145,34.907294],[113.970795,34.930528],[113.977631,34.94127],[113.997813,34.949083],[114.02239,34.945339],[114.062429,34.931667],[114.085134,34.930772],[114.155284,34.937852],[114.179454,34.935981],[114.303233,34.898464],[114.323741,34.896918],[114.343842,34.901313],[114.378917,34.918484],[114.399425,34.92418],[114.421641,34.924669],[114.493663,34.906073],[114.501394,34.903103],[114.509288,34.901923],[114.52239,34.903673],[114.53183,34.906684],[114.546397,34.914252],[114.556407,34.917344],[114.577403,34.91767],[114.609467,34.902655],[114.631602,34.896918],[114.646007,34.897528],[114.654389,34.901679],[114.65976,34.906602],[114.665619,34.909939],[114.676362,34.910712],[114.698822,34.909247],[114.707286,34.909939],[114.729991,34.920925],[114.745128,34.936347],[114.768891,34.972602],[114.781668,34.985867],[114.83074,35.019802]]]}},{"type":"Feature","properties":{"dissolve":"962River","scalerank":8.0,"featurecla":"River","name":"Fitzroy","name_alt":null,"rivernum":962,"note":null,"min_zoom":7.0,"name_en":"Fitzroy","min_label":8.0},"bbox":[149.673438,-23.622055,150.821381,-23.042494],"geometry":{"type":"MultiLineString","coordinates":[[[149.673438,-23.532892],[149.717092,-23.55185],[149.738098,-23.576124],[149.750256,-23.604493],[149.761063,-23.619353],[149.775923,-23.622055],[149.790783,-23.6153],[149.806994,-23.593686],[149.846171,-23.580177],[149.873189,-23.582878],[149.88832,-23.599591],[149.916419,-23.608546],[149.929928,-23.60044],[149.93263,-23.577475],[149.948841,-23.561264],[149.97721,-23.559913],[150.000175,-23.551807],[149.994772,-23.534245],[149.969104,-23.523438],[149.956946,-23.508578],[149.965029,-23.493536],[149.996123,-23.489665],[150.017737,-23.476156],[150.005579,-23.459945],[149.975859,-23.45319],[149.960999,-23.442383],[149.960999,-23.416716],[149.942086,-23.412663],[149.927226,-23.412663],[149.915068,-23.415365],[149.909664,-23.403207],[149.916419,-23.37889],[149.913717,-23.350521],[149.8894,-23.338363],[149.888049,-23.323503],[149.901559,-23.318099],[149.924524,-23.305941],[149.935331,-23.27622],[149.940735,-23.245149],[149.929928,-23.222184],[149.916419,-23.199218],[149.91627,-23.164076],[149.913097,-23.159194],[149.881847,-23.128757],[149.876069,-23.12127],[149.879975,-23.094252],[149.890636,-23.089288],[149.905691,-23.094252],[149.92335,-23.097101],[149.929861,-23.091323],[149.935313,-23.081476],[149.942475,-23.075128],[149.954682,-23.080092],[149.973155,-23.090671],[149.98878,-23.097101],[150.009288,-23.091729],[150.025076,-23.078139],[150.037364,-23.060479],[150.046804,-23.042494],[150.062104,-23.057061],[150.068858,-23.075128],[150.07724,-23.090671],[150.120209,-23.104425],[150.143565,-23.13714],[150.163503,-23.145522],[150.183686,-23.142022],[150.214366,-23.122247],[150.235281,-23.117608],[150.256114,-23.120619],[150.313731,-23.145522],[150.375662,-23.156671],[150.392507,-23.169122],[150.400645,-23.190932],[150.387299,-23.204929],[150.367442,-23.219089],[150.355154,-23.241143],[150.361013,-23.25978],[150.379649,-23.260431],[150.420095,-23.248549],[150.430186,-23.25978],[150.465017,-23.330499],[150.472097,-23.332371],[150.480968,-23.331069],[150.488699,-23.332208],[150.495128,-23.349786],[150.509776,-23.360854],[150.520518,-23.382013],[150.538503,-23.388686],[150.559011,-23.389337],[150.575043,-23.385186],[150.586436,-23.421889],[150.607839,-23.448256],[150.670665,-23.488783],[150.706554,-23.503106],[150.821381,-23.50921]]]}},{"type":"Feature","properties":{"dissolve":"969River","scalerank":8.0,"featurecla":"River","name":"Kolidam","name_alt":null,"rivernum":969,"note":null,"min_zoom":7.0,"name_en":"Kolidam","min_label":8.0},"bbox":[78.677989,10.84455,79.67628,11.296454],"geometry":{"type":"MultiLineString","coordinates":[[[78.677989,10.869412],[78.717703,10.862331],[78.732351,10.852891],[78.740815,10.850857],[78.785655,10.850857],[78.827159,10.84455],[78.864675,10.84455],[78.885916,10.847683],[78.959239,10.878689],[78.974864,10.882636],[79.014903,10.884955],[79.035574,10.882921],[79.044688,10.885525],[79.068777,10.906928],[79.079275,10.913275],[79.151541,10.937445],[79.194591,10.94184],[79.208507,10.948025],[79.397878,11.073554],[79.413097,11.086982],[79.4428,11.132758],[79.466889,11.144314],[79.511729,11.179145],[79.542491,11.190538],[79.554779,11.197455],[79.570242,11.210761],[79.577729,11.215603],[79.598155,11.222235],[79.607921,11.227566],[79.60963,11.231269],[79.612722,11.244574],[79.614187,11.248074],[79.628429,11.255479],[79.630056,11.253445],[79.635916,11.249864],[79.643077,11.247341],[79.648936,11.248074],[79.651378,11.253241],[79.651378,11.260688],[79.650076,11.267035],[79.648936,11.26911],[79.65504,11.281562],[79.664968,11.291449],[79.67628,11.296454]]]}},{"type":"Feature","properties":{"dissolve":"96River","scalerank":4.0,"featurecla":"River","name":"Xi","name_alt":null,"rivernum":96,"note":null,"min_zoom":4.0,"name_en":"Xi","min_label":5.0},"bbox":[111.301362,22.569403,113.555919,23.480658],"geometry":{"type":"MultiLineString","coordinates":[[[111.301362,23.480658],[111.392833,23.477729],[111.424815,23.471625],[111.455089,23.458035],[111.467052,23.449042],[111.477143,23.438585],[111.485362,23.426622],[111.491628,23.413113],[111.504812,23.369086],[111.511648,23.355414],[111.547537,23.310126],[111.554861,23.293158],[111.553152,23.274359],[111.53476,23.239122],[111.532156,23.219835],[111.538097,23.204413],[111.549246,23.192898],[111.563731,23.18537],[111.596202,23.179633],[111.610932,23.175076],[111.658376,23.151231],[111.668224,23.148139],[111.678233,23.146186],[111.689057,23.145819],[111.710948,23.147569],[111.72169,23.147284],[111.727306,23.145941],[111.743093,23.139024],[111.752533,23.137274],[111.771658,23.137152],[111.800955,23.13227],[111.878429,23.140733],[111.882823,23.139512],[111.885346,23.136786],[111.889659,23.128689],[111.892182,23.125271],[111.898855,23.120673],[111.906342,23.118109],[111.91448,23.117499],[111.934825,23.121365],[111.94044,23.121609],[111.946788,23.120429],[111.952403,23.118109],[111.96282,23.11164],[111.968191,23.109565],[111.974132,23.096951],[111.986095,23.089382],[112.00058,23.085395],[112.052013,23.077704],[112.070404,23.077094],[112.089285,23.081977],[112.100597,23.086534],[112.112315,23.089789],[112.124522,23.09101],[112.137218,23.089708],[112.162039,23.080186],[112.168875,23.078925],[112.174815,23.078721],[112.20517,23.08515],[112.210541,23.087836],[112.225515,23.100206],[112.231456,23.103054],[112.25644,23.126776],[112.284272,23.148017],[112.31544,23.159613],[112.350027,23.154242],[112.374522,23.132392],[112.400645,23.073188],[112.425304,23.052069],[112.444835,23.047309],[112.464854,23.048163],[112.483897,23.053982],[112.501069,23.064073],[112.513682,23.076117],[112.543224,23.11872],[112.5678,23.146308],[112.595795,23.165595],[112.628184,23.175971],[112.664561,23.176866],[112.767996,23.168036],[112.78297,23.163845],[112.795909,23.155788],[112.805919,23.142442],[112.858653,22.972602],[112.927257,22.83572],[112.938975,22.823065],[112.953705,22.813096],[112.970144,22.806586],[113.039968,22.795722],[113.056895,22.790839],[113.0713,22.781806],[113.080984,22.767524],[113.084972,22.750515],[113.086192,22.696357],[113.089122,22.678087],[113.095307,22.660997],[113.106456,22.645819],[113.143647,22.616523],[113.154389,22.604763],[113.161794,22.592108],[113.165538,22.575629]],[[112.804698,23.147895],[112.845144,23.159857],[112.883718,23.148464],[112.917898,23.128241],[112.948334,23.10102],[112.971772,23.072537],[112.97991,23.055365],[112.982026,23.040351]],[[112.97991,23.041124],[112.982026,23.040351]],[[112.982026,23.040351],[112.995942,23.035264],[113.01295,23.034451],[113.029063,23.036892],[113.042003,23.041124],[113.075776,23.056464],[113.089854,23.054307],[113.11085,23.041124],[113.124441,23.059272],[113.137625,23.067328],[113.152843,23.067735],[113.172374,23.062852],[113.208588,23.044501],[113.220144,23.041124],[113.313243,23.055365],[113.323171,23.053168],[113.343354,23.043402],[113.35434,23.041124],[113.391205,23.038275],[113.407481,23.044013],[113.419363,23.062852]],[[112.982026,23.040351],[112.982595,23.036322],[112.982921,22.998481],[112.987315,22.980292],[113.002859,22.952948],[113.024099,22.927029],[113.049327,22.905219],[113.076182,22.890245],[113.096283,22.886176],[113.10906,22.890489],[113.121023,22.898383],[113.137625,22.904568],[113.157807,22.905097],[113.175385,22.902615],[113.192963,22.90294],[113.213308,22.911973]],[[113.082774,22.764268],[113.089773,22.761176],[113.138927,22.745795],[113.151866,22.739447],[113.160655,22.73196],[113.175792,22.709337],[113.186534,22.703803],[113.195242,22.707587],[113.207042,22.720242],[113.232188,22.734483],[113.244233,22.734687],[113.261729,22.726426],[113.303803,22.693223],[113.323171,22.684841],[113.342296,22.680609],[113.361095,22.678656],[113.371349,22.676378],[113.373546,22.670925],[113.373953,22.663926],[113.377859,22.657538],[113.425955,22.624091],[113.439871,22.610378],[113.456716,22.582831],[113.467784,22.573269],[113.487071,22.569403],[113.497081,22.571479],[113.509776,22.580878],[113.518077,22.583075],[113.529796,22.58161],[113.538259,22.57921],[113.546153,22.578803],[113.555919,22.583075]]]}},{"type":"Feature","properties":{"dissolve":"97Lake Centerline","scalerank":4.0,"featurecla":"Lake Centerline","name":"Murray","name_alt":null,"rivernum":97,"note":null,"min_zoom":4.0,"name_en":"Murray","min_label":5.0},"bbox":[146.028087,-36.108087,147.271658,-36.004897],"geometry":{"type":"MultiLineString","coordinates":[[[146.028087,-36.014581],[146.04005,-36.011163],[146.056163,-36.004897],[146.077159,-36.00978],[146.101003,-36.013604],[146.141775,-36.018569],[146.154226,-36.021987],[146.1692,-36.027276],[146.181814,-36.034845],[146.199148,-36.050958],[146.215912,-36.055841]],[[147.043224,-36.108087],[147.056733,-36.108087],[147.074229,-36.085626],[147.083995,-36.07407],[147.100352,-36.05226],[147.118907,-36.031101],[147.140229,-36.026381],[147.167247,-36.038507],[147.194835,-36.045343],[147.220714,-36.044773],[147.251882,-36.046889],[147.271658,-36.049005]]]}},{"type":"Feature","properties":{"dissolve":"97River","scalerank":4.0,"featurecla":"River","name":"Murray","name_alt":null,"rivernum":97,"note":null,"min_zoom":4.0,"name_en":"Murray","min_label":5.0},"bbox":[141.92628,-36.967136,148.216726,-34.112237],"geometry":{"type":"MultiLineString","coordinates":[[[146.028087,-36.014581],[145.991954,-36.016046],[145.983165,-36.014337],[145.973237,-36.006199],[145.969168,-35.996108],[145.965994,-35.986017],[145.959239,-35.976983],[145.939464,-35.966811],[145.917979,-35.964207],[145.895844,-35.967136],[145.8296,-35.983412],[145.786632,-35.979913],[145.744233,-35.964858],[145.572276,-35.843601],[145.536225,-35.829115],[145.493337,-35.829034],[145.45045,-35.839532],[145.37558,-35.872979],[145.333751,-35.87599],[145.291108,-35.869806],[145.250173,-35.857273],[145.217703,-35.851251],[145.120535,-35.851251],[145.008067,-35.867608],[144.992768,-35.874037],[144.976085,-35.887384],[144.970876,-35.894871],[144.962169,-35.953464],[144.938894,-35.987726],[144.933604,-36.005548],[144.944835,-36.025079],[144.960134,-36.039972],[144.977143,-36.060235],[144.985606,-36.080987],[144.975108,-36.097507],[144.955984,-36.099298],[144.910655,-36.081394],[144.88974,-36.076349],[144.871755,-36.083673],[144.830658,-36.118829],[144.810802,-36.131687],[144.766612,-36.136407],[144.740489,-36.134942],[144.72877,-36.127862],[144.727794,-36.11655],[144.724213,-36.111668],[144.717052,-36.110365],[144.70517,-36.110528],[144.705577,-36.106622],[144.697765,-36.097833],[144.681651,-36.083836],[144.662201,-36.078139],[144.619721,-36.075209],[144.602468,-36.066095],[144.492442,-35.959649],[144.45224,-35.947198],[144.435476,-35.932143],[144.422374,-35.913995],[144.375662,-35.814386],[144.353038,-35.77752],[144.323985,-35.754246],[144.312511,-35.751397],[144.288015,-35.750421],[144.276296,-35.747979],[144.26767,-35.741713],[144.253022,-35.724298],[144.237804,-35.717136],[144.218679,-35.70086],[144.214854,-35.696466],[144.210704,-35.689793],[144.201182,-35.686049],[144.189708,-35.683119],[144.180105,-35.679132],[144.150645,-35.650079],[144.099701,-35.586765],[144.064545,-35.569268],[144.019786,-35.563816],[143.998139,-35.555515],[143.980398,-35.52337],[143.960541,-35.513198],[143.898855,-35.491713],[143.858165,-35.470636],[143.83546,-35.451349],[143.826101,-35.445652],[143.815929,-35.440851],[143.794444,-35.436944],[143.788503,-35.43198],[143.784272,-35.425226],[143.776541,-35.41839],[143.733409,-35.401788],[143.65089,-35.389337],[143.595225,-35.360528],[143.585704,-35.35296],[143.578624,-35.342706],[143.576182,-35.329034],[143.580984,-35.32114],[143.587576,-35.314467],[143.590994,-35.305515],[143.590994,-35.286472],[143.588878,-35.267429],[143.581065,-35.249444],[143.564464,-35.233412],[143.546886,-35.226007],[143.459565,-35.209405],[143.437511,-35.199558],[143.417979,-35.188002],[143.406749,-35.178888],[143.383474,-35.145685],[143.363699,-35.107273],[143.349864,-35.065932],[143.342459,-35.006687],[143.333344,-34.979181],[143.331065,-34.962823],[143.332937,-34.955092],[143.341807,-34.935235],[143.344737,-34.924981],[143.343272,-34.918634],[143.339936,-34.911065],[143.337169,-34.902032],[143.337901,-34.890802],[143.341563,-34.887058],[143.348725,-34.882257],[143.355886,-34.875828],[143.358897,-34.866632],[143.357921,-34.859063],[143.353119,-34.84588],[143.351492,-34.835626],[143.358165,-34.817071],[143.360037,-34.806329],[143.355154,-34.801446],[143.327891,-34.784356],[143.313731,-34.782892],[143.296641,-34.791192],[143.282481,-34.792494],[143.276378,-34.770685],[143.268565,-34.75392],[143.250662,-34.747979],[143.231944,-34.743992],[143.221202,-34.73325],[143.156505,-34.703058],[143.142345,-34.69907],[143.049815,-34.692234],[143.012543,-34.672865],[142.995372,-34.668796],[142.988373,-34.682306],[142.981049,-34.690606],[142.964366,-34.681329],[142.933686,-34.658136],[142.921397,-34.658136],[142.914561,-34.661798],[142.908783,-34.667006],[142.880056,-34.679376],[142.878347,-34.674819],[142.868744,-34.661798],[142.864187,-34.65252],[142.859793,-34.629815],[142.85491,-34.620782],[142.846772,-34.614923],[142.817556,-34.603448],[142.806814,-34.591811],[142.799408,-34.585463],[142.789806,-34.582371],[142.778901,-34.584324],[142.756847,-34.593764],[142.745046,-34.596043],[142.725841,-34.603204],[142.716563,-34.620945],[142.707774,-34.665541],[142.704682,-34.670587],[142.699799,-34.675632],[142.695567,-34.681492],[142.693614,-34.689142],[142.6963,-34.705255],[142.69866,-34.712823],[142.700287,-34.712742],[142.694347,-34.730971],[142.687022,-34.735691],[142.676199,-34.733901],[142.659434,-34.73325],[142.63974,-34.734389],[142.630463,-34.736342],[142.628917,-34.743666],[142.632091,-34.761163],[142.643484,-34.778497],[142.642507,-34.787612],[142.625173,-34.795261],[142.608409,-34.781427],[142.594249,-34.777765],[142.578136,-34.777358],[142.556407,-34.774102],[142.547781,-34.770929],[142.536388,-34.765069],[142.526378,-34.757745],[142.522227,-34.750339],[142.523367,-34.727472],[142.522227,-34.719578],[142.494233,-34.665541],[142.471283,-34.643406],[142.467459,-34.63421],[142.468272,-34.6242],[142.469737,-34.617852],[142.470144,-34.611993],[142.467459,-34.603448],[142.458344,-34.591648],[142.394542,-34.546889],[142.385509,-34.53338],[142.371104,-34.444757],[142.372081,-34.424737],[142.37794,-34.403253],[142.397634,-34.373712],[142.406179,-34.356459],[142.396251,-34.338067],[142.382091,-34.335789],[142.364675,-34.340265],[142.344737,-34.342706],[142.327891,-34.334649],[142.304779,-34.317234],[142.284597,-34.297865],[142.272553,-34.28045],[142.265636,-34.27752],[142.258474,-34.272882],[142.255382,-34.264011],[142.253673,-34.240574],[142.248546,-34.218683],[142.238048,-34.196303],[142.234874,-34.191908],[142.22405,-34.190362],[142.199474,-34.192804],[142.190033,-34.188328],[142.17571,-34.171563],[142.163829,-34.162449],[142.149832,-34.158624],[142.128429,-34.157729],[142.122569,-34.159845],[142.104991,-34.168878],[142.094005,-34.170831],[142.077159,-34.136733],[142.050955,-34.116062],[142.024913,-34.112237],[141.970876,-34.123712],[141.960053,-34.124688],[141.949148,-34.124037],[141.937673,-34.121596],[141.92628,-34.116876]],[[147.044526,-36.107599],[147.01588,-36.093113],[147.004975,-36.090183],[146.989838,-36.09002],[146.973562,-36.09474],[146.965994,-36.103041],[146.962006,-36.111749],[146.95574,-36.118015],[146.930756,-36.115737],[146.905772,-36.099623],[146.878429,-36.087579],[146.846609,-36.097507],[146.829031,-36.080011],[146.820404,-36.073663],[146.812511,-36.069513],[146.785085,-36.068862],[146.770844,-36.066908],[146.756114,-36.046319],[146.735606,-36.04339],[146.710704,-36.044122],[146.688894,-36.042332],[146.670421,-36.031589],[146.637706,-36.000339],[146.62379,-35.993829],[146.544932,-35.993829],[146.535085,-35.990167],[146.514252,-35.976902],[146.503917,-35.973972],[146.496349,-35.976007],[146.484386,-35.985365],[146.472992,-35.987644],[146.463796,-35.985203],[146.453054,-35.980645],[146.441905,-35.978692],[146.431651,-35.983901],[146.384776,-36.04754],[146.369151,-36.052748],[146.300873,-36.046075],[146.266205,-36.035089],[146.243256,-36.035333],[146.228933,-36.037774],[146.222585,-36.039483],[146.215912,-36.055841]],[[148.004975,-36.967136],[148.001964,-36.939874],[148.194835,-36.691257],[148.20574,-36.67254],[148.213796,-36.6513],[148.216726,-36.628106],[148.214692,-36.616876],[148.197683,-36.585463],[148.185069,-36.581557],[148.171153,-36.579522],[148.16155,-36.576593],[148.154552,-36.569838],[148.149994,-36.562514],[148.147472,-36.554539],[148.146495,-36.545831],[148.148448,-36.504327],[148.146251,-36.499688],[148.141612,-36.494643],[148.136974,-36.487807],[148.1338,-36.466648],[148.130789,-36.458917],[148.120535,-36.446954],[148.084972,-36.424819],[148.067312,-36.409682],[148.059662,-36.388198],[148.062673,-36.377618],[148.075857,-36.360365],[148.079031,-36.354425],[148.077566,-36.341974],[148.074148,-36.332452],[148.065359,-36.316583],[148.043061,-36.258477],[148.042003,-36.247573],[148.031668,-36.237156],[148.033946,-36.213393],[148.045095,-36.17254],[148.035655,-36.151788],[147.999115,-36.130711],[147.99114,-36.11419],[147.995372,-36.087091],[148.000987,-36.070245],[147.996593,-36.059259],[147.970714,-36.049005],[147.948985,-36.045343],[147.940359,-36.042657],[147.929128,-36.035333],[147.920909,-36.025405],[147.915619,-36.014174],[147.909434,-36.00506],[147.898367,-36.001316],[147.871593,-35.998386],[147.740896,-35.945977],[147.731375,-35.944675],[147.713471,-35.939386],[147.703136,-35.939874],[147.694347,-35.943862],[147.677664,-35.956882],[147.671967,-35.959649],[147.55657,-35.996433],[147.538585,-35.990737],[147.533295,-35.972507],[147.519786,-35.958022],[147.501964,-35.948744],[147.483409,-35.945977],[147.47519,-35.948419],[147.457286,-35.957696],[147.446381,-35.959649],[147.4192,-35.957371],[147.408295,-35.959649],[147.396251,-35.966729],[147.381928,-35.979669],[147.368907,-35.994643],[147.360444,-36.008152],[147.347992,-36.062433],[147.339936,-36.076349],[147.323741,-36.0617],[147.305919,-36.052097],[147.286388,-36.04933],[147.271658,-36.049005]]]}}]}
