{"type":"FeatureCollection","source":{"title":"Natural Earth v5.0.0 1:10m ne_10m_rivers_lake_centerlines","license":"Public domain","terms":"https://www.naturalearthdata.com/about/terms-of-use/","upstreamCommit":"ace5fed0eaf3c6c03c951e75b439ba8fffbc218e","sourceFiles":[{"file":"ne_10m_rivers_lake_centerlines.geojson","sha256":"bb854a900ecbd3b408df46d5e16e3e0f974ba55993f9d8b5c26e855273c0905a","url":"https://github.com/nvkelso/natural-earth-vector/blob/ace5fed0eaf3c6c03c951e75b439ba8fffbc218e/geojson/ne_10m_rivers_lake_centerlines.geojson"}],"geometryPolicy":"Original features, properties and coordinates preserved; cropped only during rasterization","limitations":"Generalized cartography, not a complete drainage or lake inventory. Gameplay widths are exaggerated; fixed nominal lake levels are not current levels or datum conversions.","geographicBoundsWsen":[25.92766489220628,9.622657437998393,70.92766489220628,47.87230949678242],"selectionNotes":"Named permanent River and Lake Centerline features, base-layer scale ranks 0 through 8, whose line geometry intersects the footprint. Intermittent rivers and minor supplements excluded."},"features":[{"type":"Feature","properties":{"dissolve":"111River","scalerank":4.0,"featurecla":"River","name":"Ural","name_alt":null,"rivernum":111,"note":null,"min_zoom":4.0,"name_en":"Ural","min_label":5.0},"bbox":[51.094493,46.943874,59.448416,54.703233],"geometry":{"type":"MultiLineString","coordinates":[[[59.448416,54.703233],[59.434174,54.691026],[59.42392,54.672471],[59.419444,54.644884],[59.421479,54.615058],[59.430186,54.573554],[59.418956,54.548692],[59.418875,54.536241],[59.42628,54.519965],[59.427745,54.499579],[59.423106,54.491523],[59.40919,54.488308],[59.401296,54.484565],[59.379161,54.461005],[59.306733,54.40294],[59.274018,54.383246],[59.269216,54.375678],[59.266612,54.362169],[59.259939,54.354438],[59.232188,54.340888],[59.209972,54.33572],[59.200287,54.331855],[59.190929,54.324327],[59.182384,54.315009],[59.17335,54.307237],[59.162852,54.303982],[59.156505,54.298529],[59.15032,54.274604],[59.136729,54.265245],[59.145763,54.256415],[59.16627,54.242499],[59.177338,54.215644],[59.166026,54.202419],[59.147878,54.192735],[59.138276,54.177029],[59.134044,54.149115],[59.123057,54.135077],[59.107677,54.123847],[59.090424,54.104682],[59.072276,54.070665],[59.067149,54.052069],[59.073741,54.043891],[59.090261,54.038926],[59.109467,54.013454],[59.125255,54.002305],[59.123546,53.985134],[59.143565,53.946967],[59.138276,53.926581],[59.15325,53.915635],[59.207774,53.892442],[59.197032,53.873847],[59.181163,53.861355],[59.163097,53.850775],[59.145763,53.837836],[59.134044,53.818223],[59.137625,53.803778],[59.143484,53.791042],[59.138276,53.776394],[59.152843,53.758857],[59.174083,53.755316],[59.197358,53.754584],[59.217703,53.745388],[59.220225,53.738105],[59.22169,53.71837],[59.224539,53.714301],[59.234386,53.711737],[59.240245,53.705105],[59.254649,53.671576],[59.259207,53.655829],[59.262462,53.621853],[59.254975,53.609931],[59.236908,53.594428],[59.215424,53.584093],[59.165538,53.595526],[59.129405,53.579169],[59.063243,53.532782],[59.025645,53.518988],[59.017589,53.509711],[59.016043,53.488349],[59.021414,53.461493],[59.022227,53.450507],[59.021576,53.439643],[59.01946,53.429796],[59.015147,53.420844],[59.008556,53.412665],[59.015554,53.401679],[59.032481,53.381049],[59.035818,53.368232],[59.030284,53.339789],[59.032481,53.328477],[59.060557,53.32038],[59.085378,53.32038],[59.11142,53.309394],[59.13144,53.290107],[59.164154,53.248969],[59.170014,53.243476],[59.167979,53.23782],[59.156016,53.224555],[59.149506,53.221381],[59.141531,53.220526],[59.134858,53.218207],[59.132091,53.210883],[59.131358,53.204901],[59.129324,53.199571],[59.125987,53.19477],[59.121755,53.190131],[59.11435,53.186713],[59.097667,53.188544],[59.090424,53.186713],[59.085704,53.180121],[59.082774,53.164659],[59.077403,53.159451],[59.057872,53.155544],[59.039073,53.156033],[59.022472,53.152899],[59.008556,53.138292],[59.022227,53.125922],[59.02239,53.108222],[58.964854,52.979844],[58.956716,52.970649],[58.926036,52.953966],[58.910737,52.941107],[58.897065,52.923611],[58.894542,52.90766],[58.912364,52.899359],[58.912364,52.892524],[58.888682,52.879991],[58.881602,52.878241],[58.873627,52.875067],[58.870535,52.867987],[58.871186,52.860948],[58.875092,52.857733],[58.89088,52.853949],[58.903819,52.844306],[58.913503,52.831081],[58.9192,52.816759],[58.920421,52.804511],[58.9192,52.751573],[58.922374,52.741238],[58.936534,52.726182],[58.939708,52.717475],[58.937592,52.709499],[58.934093,52.701117],[58.932546,52.69245],[58.936534,52.683661],[58.949718,52.673651],[58.979991,52.661241],[58.994233,52.652289],[59.004975,52.63935],[58.999115,52.634345],[58.987641,52.62877],[58.981212,52.614447],[58.976654,52.598944],[58.967784,52.586778],[58.962332,52.575629],[58.967459,52.562934],[58.975515,52.558417],[58.997569,52.553778],[59.008556,52.549262],[59.015636,52.542507],[59.028331,52.523627],[59.035818,52.515163],[59.049246,52.530219],[59.062429,52.533718],[59.074962,52.528754],[59.087006,52.518581],[59.099132,52.514675],[59.117442,52.512315],[59.133311,52.507148],[59.138276,52.494656],[59.130626,52.486599],[59.117198,52.483466],[59.104421,52.478217],[59.098562,52.463935],[59.099132,52.449164],[59.098155,52.442247],[59.094493,52.439399],[59.087901,52.438544],[59.079682,52.436306],[59.072846,52.433051],[59.070079,52.42947],[59.05836,52.407294],[59.031261,52.394477],[59.000418,52.385443],[58.97755,52.374579],[58.974376,52.367377],[58.977794,52.361274],[58.982026,52.355902],[58.981212,52.350653],[58.974864,52.346625],[58.959239,52.340603],[58.954031,52.336982],[58.94573,52.326443],[58.940684,52.316677],[58.940522,52.304999],[58.946544,52.289171],[58.925385,52.287543],[58.914643,52.285427],[58.906261,52.281806],[58.897716,52.273871],[58.895274,52.266669],[58.893647,52.259589],[58.875418,52.236436],[58.867605,52.223456],[58.857026,52.213243],[58.833751,52.195746]],[[58.63087,51.695095],[58.625011,51.607367],[58.627696,51.593451],[58.634532,51.59162],[58.64446,51.592475],[58.655691,51.586615],[58.658376,51.582058],[58.659434,51.577094],[58.659109,51.566107],[58.661713,51.558295],[58.667979,51.556708],[58.674897,51.557237],[58.680268,51.555528],[58.685069,51.551296],[58.695404,51.546576],[58.700694,51.542548],[58.701752,51.538357],[58.699962,51.526557],[58.700694,51.52204],[58.719656,51.491807],[58.724213,51.487331],[58.742931,51.480658],[58.754161,51.463975],[58.759939,51.44184],[58.763276,51.370632],[58.757823,51.335232],[58.740733,51.30744],[58.646576,51.233995],[58.628429,51.22724],[58.603038,51.224799],[58.501882,51.202908],[58.415538,51.199286],[58.398448,51.194119],[58.336925,51.158311],[58.313731,51.152615],[58.267589,51.134833],[58.244884,51.130968],[58.223399,51.123358],[58.210948,51.105251],[58.201915,51.083686],[58.190196,51.065782],[58.167084,51.055447],[58.140147,51.056912],[58.11321,51.065497],[58.090587,51.076361],[58.089285,51.079901],[58.089366,51.085883],[58.08839,51.092231],[58.083751,51.096869],[58.076752,51.098171],[58.001069,51.090033],[57.988048,51.087714],[57.95989,51.077745],[57.949718,51.079454],[57.933604,51.094265],[57.924734,51.09988],[57.911876,51.103705],[57.857188,51.103705],[57.841319,51.106065],[57.795828,51.123562],[57.747325,51.117377],[57.713471,51.105414],[57.703054,51.103705],[57.679291,51.109198],[57.666921,51.122423],[57.656505,51.138251],[57.638682,51.151475],[57.58253,51.165839],[57.454112,51.173285],[57.372081,51.203803],[57.35255,51.214911],[57.333018,51.230292],[57.310964,51.240668],[57.226573,51.247667],[57.20224,51.257432],[57.183197,51.270819],[57.148041,51.305732],[57.12794,51.32099],[57.10491,51.33043],[57.080333,51.335273],[57.004405,51.334255],[56.986908,51.336453],[56.940929,51.34866],[56.902761,51.352729],[56.872976,51.365668],[56.856537,51.370551],[56.840017,51.37287],[56.832774,51.372382],[56.82252,51.370551],[56.816905,51.367865],[56.805756,51.359402],[56.79835,51.35753],[56.493582,51.377468],[56.498627,51.387885],[56.500499,51.397162],[56.498953,51.4053],[56.493582,51.412177],[56.480561,51.418524],[56.470714,51.415107],[56.461029,51.408393],[56.449474,51.404731],[56.311127,51.42182],[56.301768,51.425238],[56.295014,51.431098],[56.279877,51.449286],[56.277436,51.453152],[56.243175,51.465155],[56.214936,51.471503],[56.207286,51.481065],[56.201427,51.492255],[56.191905,51.500922],[56.168224,51.505479],[56.141368,51.506659],[56.119151,51.512722],[56.109955,51.531602],[56.104096,51.538642],[56.090261,51.541815],[56.061697,51.542548],[56.04599,51.544745],[56.032725,51.550645],[56.007498,51.5692],[55.961355,51.623603],[55.942393,51.631293],[55.895274,51.628201],[55.876394,51.629503],[55.856619,51.637478],[55.817882,51.659369],[55.794444,51.668524],[55.741791,51.675238],[55.671153,51.700141],[55.66627,51.70071],[55.655284,51.699246],[55.650645,51.700141],[55.646902,51.703152],[55.638194,51.712185],[55.636974,51.713813],[55.624522,51.71955],[55.605968,51.720038],[55.584972,51.709825],[55.573171,51.705837],[55.568126,51.71015],[55.565196,51.723985],[55.557628,51.729519],[55.511974,51.73546],[55.452159,51.733588],[55.435313,51.737413],[55.41505,51.750556],[55.392589,51.754706],[55.368256,51.752631],[55.331065,51.744412],[55.286632,51.728583],[55.27589,51.72663],[55.092377,51.732367],[55.001475,51.771796],[54.951101,51.782091],[54.926036,51.78144],[54.914643,51.779324],[54.903901,51.775255],[54.880626,51.751329],[54.87322,51.747341],[54.852468,51.75255],[54.834972,51.762966],[54.815033,51.770819],[54.787852,51.7685],[54.781179,51.76435],[54.773855,51.757758],[54.76474,51.751288],[54.753184,51.747341],[54.737885,51.746527],[54.724213,51.748358],[54.711436,51.752387],[54.698416,51.758165],[54.679698,51.758002],[54.583995,51.717597],[54.560639,51.711249],[54.461681,51.700141],[54.45574,51.697943],[54.453136,51.692979],[54.451182,51.688178],[54.447765,51.685858],[54.423839,51.687323],[54.41741,51.685858],[54.370372,51.65766],[54.341401,51.644477],[54.328624,51.648383],[54.323741,51.675076],[54.310557,51.683295],[54.290945,51.68004],[54.253673,51.668769],[54.204519,51.662909],[54.178396,51.653835],[54.167491,51.651719],[54.140717,51.650214],[54.061046,51.631293],[54.054454,51.630805],[54.039154,51.632636],[54.033132,51.631293],[54.026296,51.610785],[54.015066,51.608995],[54.00587,51.609687],[53.997325,51.613308],[53.98878,51.620429],[53.969656,51.625678],[53.944916,51.618191],[53.861908,51.579128],[53.838634,51.572089],[53.787527,51.566759],[53.745128,51.556912],[53.69101,51.556342],[53.678396,51.559149],[53.643647,51.583808],[53.629893,51.589301],[53.619151,51.586615],[53.609304,51.576483],[53.602468,51.57099],[53.594493,51.568915],[53.581391,51.5692],[53.572195,51.57156],[53.548432,51.58043],[53.533376,51.582831],[53.519216,51.581],[53.488373,51.5692],[53.433604,51.5692],[53.425222,51.56623],[53.40325,51.542548],[53.380382,51.529649],[53.369721,51.521796],[53.361501,51.508368],[53.321869,51.495551],[53.306895,51.494086],[53.231863,51.500922],[53.225597,51.499783],[53.220144,51.496772],[53.213634,51.495063],[53.2046,51.497504],[53.198253,51.502753],[53.194753,51.508328],[53.190033,51.512763],[53.180675,51.514594],[53.165457,51.514838],[53.152843,51.512966],[53.148204,51.505072],[53.156749,51.487331],[53.036632,51.490058],[52.998464,51.480414],[52.985362,51.472968],[52.972748,51.463813],[52.959402,51.456122],[52.943777,51.453152],[52.928803,51.455634],[52.902924,51.465277],[52.882335,51.467393],[52.896007,51.485622],[52.875906,51.490424],[52.820323,51.487331],[52.810557,51.491034],[52.789154,51.505072],[52.779307,51.508368],[52.764252,51.505561],[52.756847,51.498236],[52.752208,51.490749],[52.745209,51.487331],[52.721121,51.485419],[52.708995,51.482286],[52.70045,51.477078],[52.691824,51.468695],[52.679291,51.459296],[52.668061,51.45539],[52.663259,51.46369],[52.574474,51.467393],[52.566417,51.451768],[52.55714,51.438788],[52.54599,51.428005],[52.53297,51.419013],[52.504893,51.4053],[52.497651,51.396104],[52.504975,51.384223],[52.491303,51.365017],[52.473155,51.367133],[52.4546,51.377794],[52.440196,51.384223],[52.435802,51.385565],[52.429861,51.388739],[52.425222,51.392279],[52.423106,51.394802],[52.42099,51.398993],[52.415945,51.397162],[52.410167,51.393256],[52.405772,51.391059],[52.383393,51.385606],[52.372813,51.386054],[52.368337,51.394802],[52.359467,51.407172],[52.33839,51.407579],[52.313406,51.40412],[52.292735,51.404731],[52.284434,51.408962],[52.265391,51.425238],[52.251964,51.431708],[52.238048,51.435411],[52.22405,51.435899],[52.210867,51.432685],[52.22047,51.416124],[52.217377,51.398017],[52.204845,51.383409],[52.18629,51.377468],[52.174815,51.381659],[52.162364,51.400458],[52.15211,51.404731],[52.140636,51.403754],[52.120046,51.399482],[52.108409,51.398505],[52.066498,51.39997],[52.053152,51.398505],[52.045502,51.395209],[52.039236,51.390408],[52.031505,51.386054],[52.018972,51.384223],[51.975027,51.395941],[51.954031,51.395453],[51.937022,51.377468],[51.938487,51.369452],[51.942556,51.357978],[51.943289,51.347724],[51.93336,51.343288],[51.923432,51.340115],[51.903575,51.325995],[51.891694,51.322821],[51.876394,51.322455],[51.865245,51.32038],[51.855479,51.315294],[51.844005,51.305732],[51.8331,51.301622],[51.806651,51.303249],[51.795828,51.29918],[51.779714,51.28852],[51.770925,51.284003],[51.765147,51.281806],[51.745372,51.281033],[51.742442,51.286241],[51.744151,51.294379],[51.737804,51.302314],[51.721446,51.302517],[51.690196,51.279893],[51.669526,51.27501],[51.667735,51.264594],[51.659272,51.248481],[51.648204,51.23371],[51.638601,51.22724],[51.624278,51.232367],[51.614757,51.243272],[51.602468,51.252956],[51.580089,51.254503],[51.587413,51.231024],[51.562755,51.22309],[51.49822,51.220404],[51.473888,51.20421],[51.457937,51.184516],[51.439952,51.17418],[51.409597,51.186225],[51.388113,51.172065],[51.376231,51.166693],[51.36435,51.164496],[51.353445,51.132514],[51.346772,51.123562],[51.362804,51.112982],[51.366628,51.097846],[51.358897,51.085273],[51.340587,51.082587],[51.340587,51.076361],[51.348562,51.07392],[51.357514,51.069363],[51.364838,51.062934],[51.367768,51.055284],[51.364187,51.045478],[51.355724,51.040961],[51.346609,51.038601],[51.340587,51.035427],[51.337983,51.027289],[51.338308,51.009589],[51.333751,51.000678],[51.326752,50.997382],[51.317882,50.996772],[51.30836,50.994696],[51.299571,50.987006],[51.30836,50.971462],[51.302257,50.954169],[51.275808,50.92182],[51.267019,50.916571],[51.24114,50.9112],[51.230724,50.905056],[51.231863,50.901313],[51.235606,50.895128],[51.237071,50.887966],[51.230724,50.880886],[51.221609,50.877305],[51.212494,50.876654],[51.204112,50.879014],[51.196544,50.884589],[51.184174,50.873114],[51.17335,50.856513],[51.168061,50.839179],[51.175792,50.816759],[51.171153,50.808905],[51.164561,50.801866],[51.161876,50.795193],[51.166108,50.786811],[51.179454,50.775173],[51.182384,50.771023],[51.185802,50.768622],[51.206554,50.74372],[51.209972,50.734442],[51.205089,50.725898],[51.186127,50.709418],[51.18214,50.707384],[51.177745,50.70661],[51.172374,50.706488],[51.169363,50.704413],[51.167491,50.693956],[51.165294,50.689073],[51.163097,50.680854],[51.16627,50.670478],[51.176199,50.651882],[51.165619,50.64879],[51.140636,50.645331],[51.131358,50.640937],[51.12672,50.630683],[51.12851,50.617947],[51.132823,50.604763],[51.135183,50.592882],[51.135753,50.578721],[51.138194,50.570421],[51.144054,50.564887],[51.154877,50.558702],[51.16627,50.55036],[51.167491,50.543402],[51.164154,50.535468],[51.161876,50.523993],[51.163666,50.487372],[51.161876,50.479315],[51.154063,50.476508],[51.129975,50.476386],[51.12086,50.4737],[51.107432,50.451361],[51.114513,50.428331],[51.141856,50.39114],[51.124766,50.386664],[51.105235,50.377305],[51.094493,50.368028],[51.116954,50.3581],[51.117686,50.34455],[51.102794,50.301825],[51.09962,50.286078],[51.102794,50.273057],[51.117442,50.267646],[51.14739,50.269599],[51.154877,50.267646],[51.160655,50.260688],[51.161713,50.244249],[51.165294,50.236599],[51.187918,50.213162],[51.213634,50.19245],[51.243663,50.17768],[51.294037,50.169379],[51.310557,50.162706],[51.325206,50.153754],[51.333751,50.14411],[51.336029,50.130968],[51.329356,50.125312],[51.299571,50.117377],[51.312755,50.105658],[51.340912,50.088162],[51.35434,50.075222],[51.311697,50.065131],[51.309581,50.058417],[51.335053,50.035346],[51.340587,50.027411],[51.337006,50.006537],[51.323985,49.984809],[51.319265,49.969184],[51.340587,49.96662],[51.340587,49.959093],[51.329682,49.955756],[51.321544,49.950141],[51.315929,49.942003],[51.312592,49.93122],[51.325694,49.926337],[51.337983,49.926866],[51.36435,49.93122],[51.379161,49.924913],[51.384939,49.897162],[51.407644,49.886013],[51.45045,49.856716],[51.458263,49.843044],[51.464122,49.82807],[51.471609,49.815375],[51.484467,49.808295],[51.478282,49.799384],[51.470225,49.793728],[51.460704,49.78852],[51.45045,49.781033],[51.465587,49.761176],[51.475352,49.751085],[51.487885,49.746894],[51.508556,49.746894],[51.518809,49.745185],[51.523204,49.739203],[51.526134,49.726386],[51.525971,49.718777],[51.523448,49.71308],[51.520274,49.707872],[51.518809,49.70185],[51.520925,49.693956],[51.525483,49.689032],[51.530284,49.685411],[51.532319,49.681708],[51.538097,49.662543],[51.538829,49.650702],[51.532319,49.63703],[51.542491,49.63406],[51.56308,49.632676],[51.573985,49.630805],[51.601166,49.618232],[51.633718,49.611884],[51.630056,49.600653],[51.600027,49.575548],[51.629893,49.548204],[51.645112,49.538398],[51.665701,49.534613],[51.684988,49.527777],[51.693614,49.511176],[51.699474,49.49079],[51.70989,49.47252],[51.727957,49.462226],[51.743175,49.458808],[51.747813,49.452826],[51.734386,49.434638],[51.72698,49.419542],[51.737559,49.413764],[51.800059,49.409613],[51.806407,49.406317],[51.813487,49.396796],[51.813487,49.38642],[51.808197,49.375271],[51.807546,49.366278],[51.820323,49.362657],[51.856049,49.36225],[51.861339,49.359239],[51.857514,49.349433],[51.84905,49.346747],[51.83961,49.346218],[51.834076,49.3428],[51.836355,49.327094],[51.84905,49.30976],[51.866954,49.299384],[51.899669,49.309841],[51.90919,49.295762],[51.91627,49.275173],[51.92335,49.260281],[51.914561,49.233669],[51.924408,49.209093],[51.94394,49.187852],[51.963796,49.170844],[51.956147,49.160264],[51.937266,49.147244],[51.929617,49.136746],[51.942556,49.121894],[51.949474,49.105048],[51.948985,49.094672],[51.922455,49.108344],[51.90919,49.099189],[51.90032,49.082465],[51.895518,49.069037],[51.898936,49.053412],[51.896983,49.044867],[51.884858,49.041124],[51.875255,49.043647],[51.865245,49.047471],[51.857188,49.047187],[51.853933,49.037421],[51.856456,49.020209],[51.861339,49.007025],[51.86435,48.994452],[51.861339,48.979071],[51.855724,48.97248],[51.848643,48.969591],[51.842784,48.965522],[51.840343,48.95543],[51.840343,48.920722],[51.836681,48.889838],[51.842214,48.883002],[51.861339,48.876654],[51.879975,48.882514],[51.890717,48.882514],[51.895518,48.873236],[51.893321,48.863715],[51.884044,48.847724],[51.881847,48.838813],[51.875418,48.830105],[51.844656,48.812283],[51.834076,48.800971],[51.844819,48.783393],[51.835053,48.74079],[51.847667,48.719021],[51.812918,48.70893],[51.806082,48.704698],[51.805431,48.695624],[51.808849,48.684272],[51.813569,48.674628],[51.816661,48.6706],[51.819753,48.665229],[51.820567,48.65351],[51.817475,48.641791],[51.809825,48.636501],[51.786388,48.632595],[51.772878,48.628445],[51.765147,48.623399],[51.762299,48.602729],[51.766124,48.582384],[51.761648,48.566921],[51.722179,48.558621],[51.70045,48.54918],[51.68629,48.547065],[51.658946,48.547716],[51.644786,48.545925],[51.635346,48.540229],[51.634207,48.531033],[51.641368,48.524766],[51.647227,48.51789],[51.641612,48.5067],[51.63616,48.505316],[51.620209,48.507676],[51.61435,48.5067],[51.608979,48.502509],[51.591889,48.482856],[51.573985,48.454901],[51.572765,48.451972],[51.570242,48.450222],[51.567556,48.447333],[51.566498,48.44123],[51.569916,48.437323],[51.587169,48.438747],[51.593761,48.437812],[51.598237,48.437079],[51.609955,48.43891],[51.61435,48.437812],[51.615245,48.432725],[51.613292,48.42536],[51.610037,48.419135],[51.607514,48.417344],[51.61435,48.403673],[51.61907,48.402655],[51.642019,48.403673],[51.648692,48.400499],[51.648692,48.393419],[51.64267,48.38642],[51.631765,48.383165],[51.618907,48.381903],[51.605886,48.378038],[51.594656,48.37169],[51.586925,48.362738],[51.58546,48.34866],[51.590831,48.334825],[51.597585,48.322862],[51.600027,48.314276],[51.592784,48.300645],[51.582774,48.296332],[51.5713,48.294135],[51.560313,48.287055],[51.554779,48.277045],[51.561453,48.274237],[51.574148,48.272732],[51.586925,48.266547],[51.5949,48.256415],[51.596934,48.246609],[51.59075,48.238145],[51.573985,48.232367],[51.573985,48.239814],[51.562755,48.227647],[51.568858,48.212348],[51.593761,48.184638],[51.582042,48.185981],[51.570811,48.18419],[51.561046,48.179226],[51.552826,48.170966],[51.561534,48.163845],[51.5713,48.159125],[51.582042,48.156765],[51.593761,48.156684],[51.593761,48.149848],[51.579194,48.140001],[51.568614,48.12877],[51.570567,48.119574],[51.608165,48.112128],[51.623953,48.102322],[51.636485,48.08808],[51.641612,48.07099],[51.635346,48.057481],[51.62322,48.053005],[51.615245,48.044745],[51.621104,48.020087],[51.630382,48.007188],[51.657725,47.98196],[51.669526,47.964911],[51.664236,47.959499],[51.65211,47.94953],[51.645763,47.940985],[51.637462,47.934597],[51.635346,47.930732],[51.636974,47.926622],[51.646251,47.923407],[51.648448,47.920478],[51.649343,47.911322],[51.650808,47.905585],[51.650971,47.899726],[51.648448,47.889757],[51.631114,47.885606],[51.622325,47.880439],[51.624522,47.872382],[51.640554,47.846055],[51.636241,47.822862],[51.628917,47.799628],[51.635346,47.773057],[51.618093,47.748481],[51.610606,47.734727],[51.607514,47.721503],[51.615001,47.719184],[51.628998,47.705756],[51.636648,47.690782],[51.615164,47.67768],[51.609955,47.663357],[51.607514,47.632839],[51.612804,47.620714],[51.636241,47.600287],[51.641612,47.591824],[51.64796,47.584581],[51.689382,47.553982],[51.691335,47.548204],[51.693126,47.53205],[51.696218,47.526679],[51.708263,47.522081],[51.716238,47.525214],[51.721121,47.530707],[51.724213,47.533515],[51.746593,47.519843],[51.777599,47.471747],[51.799246,47.464626],[51.794688,47.478949],[51.803233,47.483588],[51.816661,47.478787],[51.827159,47.464626],[51.822195,47.454372],[51.827159,47.443549],[51.847667,47.423651],[51.854584,47.420966],[51.86378,47.419623],[51.871593,47.41588],[51.875011,47.406277],[51.87322,47.398383],[51.867279,47.383979],[51.868175,47.3758],[51.875092,47.368354],[51.897878,47.351508],[51.902354,47.341742],[51.896007,47.325792],[51.870535,47.313666],[51.861339,47.300116],[51.879975,47.297431],[51.897227,47.293036],[51.911876,47.285468],[51.92335,47.273383],[51.927745,47.26081],[51.928233,47.244696],[51.923757,47.230821],[51.912527,47.225043],[51.907725,47.219428],[51.917003,47.206326],[51.930268,47.191433],[51.937022,47.180284],[51.935313,47.174343],[51.92335,47.149237],[51.919526,47.12405],[51.915945,47.11518],[51.905691,47.102973],[51.894786,47.098578],[51.882416,47.095567],[51.868175,47.087836],[51.857921,47.075385],[51.846934,47.045111],[51.837169,47.029812],[51.810069,47.00434],[51.724213,46.943874]]]}},{"type":"Feature","properties":{"dissolve":"116Lake Centerline","scalerank":4.0,"featurecla":"Lake Centerline","name":"Dnipro","name_alt":"Dnieper","rivernum":116,"note":null,"min_zoom":4.0,"name_en":"Dnieper","min_label":5.0},"bbox":[30.467784,46.831244,35.165294,51.217312],"geometry":{"type":"MultiLineString","coordinates":[[[30.507498,51.217312],[30.507498,51.207953],[30.515066,51.198065],[30.530203,51.187771],[30.531179,51.180203],[30.530528,51.172065],[30.512625,51.116645],[30.510997,51.107978],[30.505789,51.04975],[30.506358,51.024726],[30.510671,50.97838],[30.507335,50.939765],[30.484955,50.855902],[30.467784,50.799994],[30.471934,50.738471],[30.479584,50.685858],[30.482351,50.65705],[30.514903,50.602607],[30.514659,50.596625]],[[31.439871,50.000067],[31.469168,49.979356],[31.480072,49.950263],[31.492931,49.910468],[31.483979,49.866767],[31.457286,49.810574],[31.45045,49.774848],[31.467296,49.754177]],[[33.19394,49.09394],[33.164154,49.113715],[33.141856,49.130154],[33.038015,49.18183],[32.788585,49.261664],[32.730235,49.275417],[32.663097,49.294379],[32.599539,49.309638],[32.503835,49.337226],[32.431163,49.36933],[32.380056,49.394355],[32.12794,49.475165],[32.059011,49.500108],[31.990001,49.532253],[31.924734,49.551337],[31.88795,49.55447],[31.886485,49.554714]],[[34.570323,48.562283],[34.540294,48.586697],[34.528901,48.593817],[34.488373,48.613593],[34.477468,48.620673],[34.472585,48.624783],[34.468028,48.630805],[34.460867,48.643378],[34.455496,48.648627],[34.438569,48.655137],[34.400971,48.658271],[34.383556,48.663682],[34.331554,48.69713],[34.316905,48.704291],[34.27003,48.715766],[34.24171,48.732693],[34.192393,48.773464],[34.161713,48.784288],[34.109467,48.790066],[34.092703,48.794623],[34.086436,48.797553],[34.074636,48.804958],[34.068614,48.80744],[34.061534,48.807969],[34.047293,48.806464],[34.04005,48.807685],[33.927745,48.859931],[33.9192,48.865749],[33.899506,48.886176],[33.891856,48.891669],[33.875662,48.897325],[33.858979,48.899522],[33.824718,48.899929],[33.80714,48.903388],[33.766694,48.929999],[33.748139,48.936143],[33.71046,48.94005],[33.65797,48.951606],[33.53712,49.002021]],[[33.539968,46.831244],[33.568858,46.835761],[33.603282,46.853461],[33.61614,46.875922],[33.630789,46.898383],[33.643809,46.921454],[33.65325,46.948269],[33.675548,46.99376],[33.705577,47.028144],[33.799734,47.102973],[33.827891,47.135443],[33.866466,47.172227],[33.91269,47.205349],[33.943451,47.229315],[33.964936,47.255194],[33.984874,47.288194],[33.997488,47.317572],[34.003347,47.346869],[34.007416,47.372423],[34.003998,47.399604],[34.002452,47.432318],[34.008393,47.463243],[34.058035,47.480577],[34.157319,47.473822],[34.203543,47.478298],[34.319265,47.505154],[34.445811,47.522773],[34.583507,47.567084],[34.59433,47.568549],[34.644216,47.563503],[34.729747,47.539089],[34.832449,47.525743],[34.898041,47.523139],[34.996593,47.503485],[35.062918,47.504706],[35.113536,47.524359],[35.147878,47.554633],[35.163097,47.596137],[35.165294,47.646999],[35.162527,47.69184],[35.157725,47.729315],[35.148936,47.763943],[35.125418,47.796698],[35.106863,47.826768],[35.105235,47.840155],[35.105561,47.840888],[35.105724,47.841579]]]}},{"type":"Feature","properties":{"dissolve":"116River","scalerank":4.0,"featurecla":"River","name":"Dnipro","name_alt":"Dnieper","rivernum":116,"note":null,"min_zoom":4.0,"name_en":"Dnieper","min_label":5.0},"bbox":[30.010997,46.649604,35.198171,55.010443],"geometry":{"type":"MultiLineString","coordinates":[[[33.390636,54.917182],[33.338796,54.927761],[33.322276,54.925971],[33.277273,54.91352],[33.24114,54.937283],[33.231619,54.940782],[33.212413,54.944648],[33.198253,54.953315],[33.186127,54.96251],[33.173595,54.968085],[33.154389,54.967353],[33.135753,54.963162],[33.118175,54.962266],[33.10198,54.971869],[33.0949,54.976915],[33.086436,54.980007],[33.056895,54.982978],[33.051768,54.986151],[33.048432,54.990546],[33.043224,54.995429],[33.015554,55.008612],[32.989757,55.010443],[32.961681,55.003119],[32.917247,54.985948],[32.874766,54.975775],[32.865245,54.978624],[32.856619,54.965399],[32.837657,54.957384],[32.803722,54.948188],[32.8095,54.932481],[32.799083,54.92947],[32.769542,54.934597],[32.752859,54.93244],[32.739838,54.927761],[32.705577,54.900946],[32.69573,54.895535],[32.689382,54.887274],[32.687022,54.869452],[32.645518,54.851996],[32.645518,54.84455],[32.654307,54.840115],[32.661713,54.83336],[32.67335,54.817898],[32.666596,54.803656],[32.661143,54.79739],[32.573171,54.762315],[32.547293,54.745795],[32.534109,54.727484],[32.550548,54.714871],[32.537852,54.704901],[32.52296,54.696723],[32.508393,54.690741],[32.49586,54.687567],[32.499929,54.67768],[32.501964,54.673896],[32.49586,54.66706],[32.487559,54.667792],[32.461681,54.659613],[32.467865,54.673896],[32.444916,54.674262],[32.405284,54.685248],[32.385997,54.687567],[32.344249,54.681667],[32.323334,54.682685],[32.331472,54.693793],[32.331472,54.701239],[32.316661,54.710639],[32.292491,54.737657],[32.276134,54.74905],[32.25058,54.742011],[32.211355,54.749783],[32.175222,54.765082],[32.141368,54.800605],[32.051036,54.791083],[32.016124,54.797431],[31.986501,54.784206],[31.719168,54.761786],[31.680268,54.74905],[31.598237,54.706651],[31.510997,54.669704],[31.501475,54.66706],[31.489513,54.665473],[31.434581,54.6706],[31.418549,54.679389],[31.384532,54.707139],[31.379893,54.706488],[31.371674,54.701239],[31.333995,54.713162],[31.291759,54.711249],[31.207286,54.687567],[31.203054,54.681423],[31.198741,54.676947],[31.193777,54.673896],[31.188731,54.673285],[31.178233,54.674262],[31.128184,54.66706],[31.020437,54.673936],[30.955089,54.66706],[30.929779,54.66706],[30.916433,54.66531],[30.885753,54.652777],[30.765636,54.637966],[30.734386,54.619249],[30.708588,54.59101],[30.692475,54.581407],[30.6692,54.577704],[30.657481,54.579372],[30.648367,54.581855],[30.639252,54.581407],[30.610932,54.560736],[30.584483,54.54682],[30.580007,54.54328],[30.573741,54.539822],[30.562429,54.536689],[30.539643,54.535997],[30.527436,54.537136],[30.522065,54.539822],[30.516531,54.55683],[30.503184,54.561103],[30.487234,54.5574],[30.473643,54.55036],[30.412201,54.498847],[30.407807,54.488145],[30.388682,54.474189],[30.384288,54.464708],[30.387136,54.452908],[30.39796,54.43891],[30.398529,54.426825],[30.391612,54.4112],[30.378347,54.395697],[30.362559,54.383816],[30.34726,54.379096],[30.338471,54.373358],[30.296153,54.331855],[30.282156,54.308295],[30.275483,54.291083],[30.274994,54.276638],[30.282156,54.266547],[30.30836,54.240912],[30.316661,54.235053],[30.316661,54.228217],[30.305268,54.224066],[30.29892,54.220771],[30.296153,54.218329],[30.297944,54.208686],[30.303152,54.208441],[30.309662,54.210517],[30.316661,54.20779],[30.327159,54.194932],[30.333425,54.184678],[30.343842,54.159288],[30.366791,54.127712],[30.371186,54.118354],[30.369884,54.102973],[30.366791,54.092353],[30.369395,54.084418],[30.384288,54.07746],[30.375011,54.051947],[30.388927,53.992743],[30.384288,53.967597],[30.405528,53.964952],[30.423839,53.956366],[30.437755,53.943061],[30.4463,53.926581],[30.448253,53.908881],[30.440359,53.901394],[30.323497,53.899278],[30.316905,53.896918],[30.29599,53.885565],[30.288666,53.879421],[30.281993,53.86933],[30.280528,53.862372],[30.282481,53.84809],[30.283132,53.826483],[30.282237,53.815294],[30.278819,53.810492],[30.278087,53.804999],[30.26474,53.782579],[30.261322,53.779812],[30.266856,53.764716],[30.290619,53.731553],[30.296153,53.717719],[30.290131,53.647406],[30.277761,53.611355],[30.254487,53.598212],[30.26295,53.588243],[30.267507,53.578437],[30.265636,53.568183],[30.254487,53.556667],[30.257823,53.5456],[30.255789,53.527126],[30.261322,53.516303],[30.268647,53.512641],[30.299571,53.502021],[30.304698,53.498847],[30.312755,53.491767],[30.317393,53.484727],[30.312918,53.481513],[30.313406,53.478217],[30.330333,53.45364],[30.328217,53.440497],[30.322032,53.424872],[30.32073,53.411892],[30.333751,53.40644],[30.345144,53.399237],[30.361501,53.364325],[30.371186,53.351833],[30.367768,53.343329],[30.361746,53.33629],[30.343842,53.32392],[30.350352,53.315294],[30.371186,53.296576],[30.373057,53.278266],[30.374929,53.270128],[30.378673,53.261786],[30.360362,53.261298],[30.309174,53.248155],[30.271902,53.247667],[30.256602,53.244574],[30.24822,53.235175],[30.238862,53.203884],[30.264903,53.151882],[30.261322,53.125312],[30.271495,53.125678],[30.279796,53.124538],[30.296153,53.118476],[30.288097,53.117621],[30.268809,53.111029],[30.274994,53.104804],[30.240815,53.084662],[30.199311,53.087226],[30.156179,53.103705],[30.117279,53.125312],[30.108328,53.113837],[30.076427,53.108588],[30.063243,53.081488],[30.018077,53.046454],[30.010997,53.026557],[30.022553,53.014512],[30.039561,53.007107],[30.049083,53.001166],[30.045828,52.999457],[30.038666,52.99376],[30.031749,52.986029],[30.028575,52.978135],[30.032319,52.971747],[30.041026,52.966254],[30.055919,52.96015],[30.055919,52.953966],[30.052175,52.950385],[30.047537,52.944403],[30.043875,52.937323],[30.042247,52.93004],[30.045421,52.921332],[30.059581,52.911444],[30.062755,52.902452],[30.064138,52.873847],[30.068289,52.861762],[30.076427,52.850898],[30.055919,52.850898],[30.055919,52.844102],[30.077566,52.834011],[30.088634,52.818386],[30.097097,52.801947],[30.110606,52.789496],[30.108653,52.785671],[30.10849,52.784857],[30.107677,52.784613],[30.104421,52.78266],[30.12086,52.768419],[30.127859,52.759141],[30.130951,52.748481],[30.128673,52.737006],[30.122325,52.735785],[30.115164,52.740994],[30.110606,52.748481],[30.104421,52.748481],[30.104096,52.736274],[30.10906,52.727607],[30.124766,52.713731],[30.130951,52.721259],[30.131602,52.716376],[30.132823,52.713324],[30.134858,52.710639],[30.138438,52.706895],[30.160167,52.716661],[30.178803,52.69831],[30.195323,52.672309],[30.210216,52.659125],[30.222585,52.655382],[30.254161,52.637803],[30.261322,52.631863],[30.260671,52.626654],[30.256114,52.621649],[30.252696,52.614691],[30.254487,52.603868],[30.258718,52.603624],[30.282481,52.597724],[30.273204,52.585313],[30.268565,52.581122],[30.261322,52.577216],[30.273204,52.563788],[30.282481,52.549262],[30.247488,52.555243],[30.241222,52.549262],[30.24822,52.529405],[30.2553,52.521511],[30.261974,52.518256],[30.266856,52.512763],[30.268809,52.498114],[30.302989,52.48786],[30.302013,52.47956],[30.306651,52.473009],[30.31544,52.468817],[30.326915,52.467353],[30.338145,52.464179],[30.344656,52.457099],[30.349132,52.450019],[30.354503,52.446845],[30.372651,52.44005],[30.367605,52.42475],[30.343842,52.399034],[30.404796,52.377997],[30.412201,52.377021],[30.436046,52.377997],[30.440196,52.374376],[30.43808,52.35696],[30.439464,52.350653],[30.462169,52.337226],[30.492117,52.32864],[30.556163,52.322699],[30.556163,52.316474],[30.537039,52.301703],[30.533621,52.265408],[30.514659,52.261298],[30.514659,52.255072],[30.524425,52.248847],[30.543224,52.232367],[30.556163,52.227118],[30.567882,52.242377],[30.576671,52.233262],[30.581147,52.21601],[30.580089,52.206651],[30.595307,52.201036],[30.606375,52.18769],[30.624522,52.158881],[30.633881,52.153103],[30.665294,52.140692],[30.676036,52.138373],[30.698985,52.137071],[30.701671,52.132595],[30.696218,52.124335],[30.69337,52.11168],[30.70224,52.101752],[30.718028,52.089301],[30.729259,52.074897],[30.724132,52.059597],[30.725841,52.053778],[30.740245,52.038438],[30.737804,52.035346],[30.732188,52.033393],[30.737315,52.028998],[30.747,52.024441],[30.754893,52.021674],[30.763682,52.022773],[30.782237,52.030056],[30.789561,52.02851],[30.791515,52.021348],[30.77711,52.007636],[30.779063,51.998114],[30.786062,51.986925],[30.793875,51.966091],[30.802664,51.953437],[30.801524,51.943874],[30.802013,51.935858],[30.804698,51.929633],[30.810069,51.925482],[30.810069,51.918647],[30.796641,51.907009],[30.78769,51.900906],[30.779063,51.898139],[30.749278,51.899848],[30.741222,51.898139],[30.737315,51.891872],[30.736827,51.882514],[30.733979,51.873969],[30.713471,51.867255],[30.707042,51.860622],[30.70224,51.854071],[30.696788,51.85102],[30.69394,51.84748],[30.672293,51.829901],[30.665945,51.822699],[30.66155,51.819648],[30.661876,51.815863],[30.6692,51.80626],[30.670014,51.790798],[30.652273,51.779364],[30.629975,51.77029],[30.617686,51.761583],[30.637625,51.755398],[30.6456,51.754747],[30.6456,51.747341],[30.634532,51.739936],[30.63144,51.728298],[30.630056,51.715888],[30.624522,51.706366],[30.613292,51.703152],[30.582286,51.702582],[30.569835,51.700141],[30.57545,51.686632],[30.563894,51.665595],[30.569835,51.651719],[30.562999,51.647528],[30.554698,51.640082],[30.549327,51.637478],[30.552257,51.633612],[30.556163,51.623847],[30.543224,51.620388],[30.514659,51.603949],[30.514659,51.596503],[30.533946,51.586127],[30.542572,51.582831],[30.542572,51.576687],[30.534679,51.575303],[30.530528,51.573594],[30.527273,51.57156],[30.522065,51.5692],[30.522065,51.563015],[30.533702,51.553534],[30.566905,51.547553],[30.583507,51.542548],[30.575857,51.531358],[30.570893,51.526679],[30.562429,51.52204],[30.574474,51.516303],[30.58489,51.50963],[30.589122,51.502265],[30.583507,51.494086],[30.58839,51.482042],[30.596772,51.474555],[30.607026,51.47016],[30.617686,51.467393],[30.617686,51.459988],[30.604259,51.461493],[30.593028,51.459174],[30.585541,51.452094],[30.583507,51.439521],[30.587332,51.427598],[30.595144,51.425238],[30.605479,51.424831],[30.617686,51.419013],[30.622081,51.412421],[30.631928,51.384223],[30.636974,51.378852],[30.644054,51.372992],[30.64503,51.367743],[30.631928,51.364366],[30.637706,51.336127],[30.609955,51.317816],[30.579356,51.303982],[30.576671,51.289252],[30.558849,51.269599],[30.556163,51.267605],[30.554698,51.24372],[30.550059,51.237087],[30.535574,51.234931],[30.522716,51.235541],[30.517589,51.233913],[30.512462,51.228827],[30.509939,51.223944],[30.507498,51.217312]],[[31.439871,50.000067],[31.405772,50.009589],[31.36435,50.01203],[31.323497,50.005642],[31.235037,49.971869],[31.207123,49.968329],[31.179128,49.971869],[31.166515,49.976752],[31.130626,49.995225],[31.115245,49.999538],[31.067963,50.002997],[31.039806,50.008612],[31.014659,50.020453],[30.967784,50.053087],[30.915457,50.10871],[30.894542,50.121772],[30.829112,50.140489],[30.747569,50.177069],[30.727061,50.194892],[30.693289,50.24079],[30.672293,50.253974],[30.66155,50.27912],[30.643565,50.308417],[30.622081,50.332628],[30.600597,50.342719],[30.583914,50.356716],[30.580984,50.418158],[30.573253,50.432156],[30.535737,50.466254],[30.529796,50.475898],[30.52589,50.487657],[30.522065,50.514024],[30.523204,50.515163],[30.527354,50.531358],[30.528331,50.538275],[30.524099,50.54328],[30.515147,50.545722],[30.505951,50.54682],[30.501557,50.548163],[30.500418,50.557725],[30.502696,50.564236],[30.510997,50.577094],[30.514659,50.589301],[30.514659,50.596625]],[[31.88795,49.55447],[31.823985,49.562852],[31.800548,49.575385],[31.774669,49.604356],[31.757823,49.618435],[31.738048,49.630561],[31.72405,49.636298],[31.710053,49.639716],[31.668712,49.642117],[31.658621,49.643866],[31.649099,49.64765],[31.60906,49.673122],[31.560802,49.690945],[31.549571,49.698188],[31.51767,49.72956],[31.505056,49.738227],[31.499441,49.740668],[31.481537,49.745063],[31.476654,49.747626],[31.467296,49.754177],[31.462413,49.7567]],[[33.53712,49.002021],[33.365001,49.074042],[33.330007,49.080146],[33.219249,49.085395],[33.213796,49.086697],[33.19394,49.09394]],[[35.105235,47.840155],[35.11671,47.885932],[35.118582,47.901068],[35.118256,47.915351],[35.110281,47.943671],[35.109386,47.953559],[35.116222,47.96955],[35.128673,47.983181],[35.138682,47.997585],[35.138194,48.015937],[35.129405,48.028266],[35.079356,48.064276],[35.074799,48.069037],[35.057872,48.096259],[35.056082,48.102566],[35.063406,48.117784],[35.080658,48.125678],[35.101085,48.128607],[35.117931,48.128974],[35.12851,48.127997],[35.155854,48.119737],[35.16448,48.119005],[35.173432,48.120876],[35.180593,48.125759],[35.182709,48.134141],[35.180431,48.139594],[35.170339,48.150255],[35.166433,48.155829],[35.164073,48.164374],[35.164561,48.172797],[35.167735,48.181016],[35.173269,48.189032],[35.191824,48.205512],[35.196218,48.212958],[35.198171,48.222927],[35.197195,48.233181],[35.194021,48.243191],[35.189871,48.252265],[35.174408,48.273627],[35.158783,48.290961],[35.146658,48.310126],[35.142345,48.336982],[35.144216,48.360419],[35.143565,48.372016],[35.138927,48.380479],[35.132904,48.383979],[35.117768,48.388617],[35.111257,48.391913],[35.105398,48.396674],[35.10019,48.402452],[35.096202,48.408962],[35.093354,48.416042],[35.088959,48.440945],[35.084076,48.450629],[35.072683,48.458075],[35.049327,48.464179],[35.023936,48.478054],[35.015717,48.479438],[34.99171,48.475775],[34.982188,48.476752],[34.954356,48.483995],[34.874034,48.491645],[34.866222,48.491482],[34.827078,48.482978],[34.796804,48.485297],[34.769542,48.495876],[34.716726,48.523301],[34.582937,48.556342],[34.570323,48.562283]],[[32.645518,46.649604],[32.685964,46.665473],[32.740001,46.679145],[32.794526,46.684516],[33.000011,46.757839],[33.006358,46.758572],[33.011729,46.757636],[33.029714,46.751288],[33.056651,46.748847],[33.080496,46.754421],[33.156505,46.786485],[33.170909,46.789984],[33.186615,46.791327],[33.20045,46.790229],[33.212901,46.78738],[33.236908,46.777452],[33.262462,46.768134],[33.289317,46.764268],[33.316824,46.765489],[33.343354,46.77143],[33.371349,46.782986],[33.397065,46.798651],[33.407156,46.808173],[33.41505,46.817939],[33.424246,46.826728],[33.438406,46.83336],[33.467214,46.839423],[33.480968,46.839423],[33.528575,46.832099],[33.539968,46.831244]]]}},{"type":"Feature","properties":{"dissolve":"120River","scalerank":4.0,"featurecla":"River","name":"Dicle","name_alt":null,"rivernum":120,"note":null,"min_zoom":4.0,"name_en":"Dicle","min_label":5.0},"bbox":[39.173106,37.062527,42.376557,38.518907],"geometry":{"type":"MultiLineString","coordinates":[[[39.173106,38.424425],[39.190684,38.421739],[39.212657,38.424384],[39.240896,38.434434],[39.265636,38.448106],[39.288178,38.467068],[39.35255,38.480821],[39.402599,38.503445],[39.463471,38.518907],[39.509044,38.516872],[39.518972,38.503445],[39.528819,38.492296],[39.538829,38.486355],[39.578624,38.484239],[39.600352,38.477973],[39.62086,38.462958],[39.633067,38.448106],[39.646658,38.43183],[39.643077,38.415595],[39.645518,38.407091],[39.651459,38.402289],[39.667491,38.396552],[39.671886,38.393988],[39.674571,38.391181],[39.679698,38.383979],[39.684337,38.379706],[39.689382,38.377021],[39.720225,38.370307],[39.729747,38.369818],[39.73935,38.370917],[39.793712,38.386664],[39.814871,38.38703],[39.856456,38.37873],[39.91505,38.378607],[39.956472,38.384874],[39.969819,38.38349],[39.984467,38.376817],[40.002371,38.363349],[40.018484,38.347724],[40.026947,38.33865],[40.030365,38.333279],[40.03183,38.327582],[40.031261,38.322781],[40.029063,38.318712],[40.023204,38.311103],[40.0206,38.299506],[40.026378,38.291571],[40.077078,38.265937],[40.108002,38.259711],[40.117768,38.256619],[40.125987,38.251085],[40.156505,38.221015],[40.172537,38.208808],[40.191173,38.200222],[40.180919,38.190253],[40.18214,38.169989],[40.170665,38.166042],[40.168549,38.148871],[40.141043,38.122748],[40.139659,38.113959],[40.158295,38.107611],[40.205333,38.109809],[40.22519,38.103949],[40.245372,38.092719],[40.266856,38.083523],[40.256602,38.070828],[40.253998,38.054877],[40.253184,38.02143],[40.24114,37.997585],[40.238862,37.991034],[40.24114,37.984076],[40.250662,37.975531],[40.253184,37.966864],[40.252208,37.956732],[40.247,37.939521],[40.245697,37.928982],[40.24822,37.921698],[40.258718,37.906928],[40.259369,37.898546],[40.253347,37.89171],[40.244151,37.890326],[40.235769,37.886908],[40.232026,37.874335],[40.23406,37.866807],[40.239268,37.860053],[40.246104,37.85456],[40.253184,37.850775],[40.247,37.842475],[40.256847,37.838935],[40.341889,37.829657],[40.41505,37.808417],[40.436941,37.809149],[40.518484,37.835517],[40.677175,37.843777],[40.699229,37.837348],[40.738048,37.813585],[40.759207,37.806708],[40.780772,37.808865],[40.821544,37.826361],[40.843272,37.830837],[40.872081,37.826687],[40.968679,37.800482],[41.00351,37.787421],[41.021007,37.775173],[41.03476,37.771674],[41.049734,37.773749],[41.079519,37.78144],[41.088471,37.78144],[41.093842,37.77912],[41.105479,37.770046],[41.111501,37.767401],[41.117198,37.76614],[41.140717,37.764716],[41.164073,37.767401],[41.175385,37.767157],[41.187022,37.762763],[41.207042,37.747585],[41.217459,37.742947],[41.223155,37.742947],[41.226736,37.744696],[41.230235,37.74726],[41.234874,37.749538],[41.239757,37.7508],[41.243175,37.751003],[41.285737,37.739814],[41.296967,37.738837],[41.30185,37.739814],[41.311046,37.74433],[41.315522,37.745673],[41.320893,37.745673],[41.37379,37.736599],[41.503429,37.743842],[41.547293,37.740668],[41.561941,37.743232],[41.612315,37.76321],[41.662201,37.770819],[41.672944,37.769599],[41.683197,37.765692],[41.702566,37.754177],[41.712657,37.749538],[41.730235,37.748847],[41.747569,37.753241],[41.764252,37.755316],[41.780365,37.747504],[41.786143,37.740505],[41.81601,37.686143],[41.826101,37.638699],[41.8331,37.626044],[41.843191,37.617865],[41.851329,37.612982],[41.857351,37.606269],[41.860444,37.592841],[41.861501,37.56977],[41.859874,37.559027],[41.832774,37.497016],[41.827566,37.469835],[41.833914,37.443874],[41.84962,37.426622],[41.86964,37.419501],[41.891612,37.419623],[41.929291,37.427558],[42.015066,37.433295],[42.027761,37.431749],[42.043712,37.425482],[42.089285,37.398261],[42.12322,37.384589],[42.128184,37.384101],[42.139415,37.385565],[42.143809,37.384589],[42.148367,37.37991],[42.158132,37.363552],[42.184988,37.353868],[42.192312,37.34988],[42.196869,37.344184],[42.206309,37.329169],[42.222097,37.314236],[42.223237,37.302598],[42.22169,37.29267],[42.222667,37.288398],[42.236339,37.286566],[42.266694,37.274726],[42.272227,37.276964],[42.278819,37.282538],[42.285248,37.286729],[42.291596,37.285346],[42.295909,37.279975],[42.300873,37.270209],[42.305186,37.264838],[42.339447,37.242865],[42.346202,37.240017],[42.352631,37.227322],[42.33489,37.171454],[42.346202,37.158718],[42.354015,37.152615],[42.355968,37.138495],[42.356619,37.110297],[42.36321,37.098415],[42.370616,37.088202],[42.376231,37.076972],[42.376557,37.062527]]]}},{"type":"Feature","properties":{"dissolve":"135River","scalerank":4.0,"featurecla":"River","name":"Tigris","name_alt":null,"rivernum":135,"note":null,"min_zoom":4.0,"name_en":"Tigris","min_label":5.0},"bbox":[42.376557,31.018826,47.455658,37.062527],"geometry":{"type":"MultiLineString","coordinates":[[[42.376557,37.062527],[42.383718,37.040717],[42.397472,37.017117],[42.414561,36.995632],[42.452647,36.965522],[42.47047,36.954861],[42.488048,36.955146],[42.507498,36.97309],[42.507823,36.957953],[42.503184,36.937852],[42.503998,36.921739],[42.5206,36.918484],[42.513194,36.896552],[42.515554,36.887315],[42.523936,36.87991],[42.534923,36.863227],[42.508718,36.861843],[42.503998,36.851386],[42.51474,36.84337],[42.534923,36.849555],[42.56601,36.836615],[42.582937,36.826606],[42.596446,36.796088],[42.612397,36.789374],[42.654714,36.788764],[42.659597,36.790798],[42.663829,36.795274],[42.669363,36.79975],[42.678233,36.801785],[42.690359,36.799628],[42.699229,36.794298],[42.729584,36.766791],[42.747162,36.753974],[42.75644,36.750271],[42.764578,36.74962],[42.772472,36.747667],[42.781261,36.740343],[42.758881,36.733425],[42.749604,36.727484],[42.747162,36.719835],[42.753998,36.711534],[42.764415,36.712226],[42.799734,36.726386],[42.808035,36.725898],[42.822276,36.719835],[42.8296,36.714626],[42.83489,36.708116],[42.843272,36.692572],[42.851654,36.704657],[42.861095,36.710517],[42.872651,36.712348],[42.887462,36.712429],[42.8921,36.706163],[42.888194,36.692328],[42.877452,36.671454],[42.905528,36.66352],[42.904389,36.646674],[42.886485,36.635443],[42.863862,36.64411],[42.857351,36.643093],[42.83961,36.64411],[42.831147,36.643093],[42.830496,36.640204],[42.831554,36.63585],[42.829112,36.630479],[42.822765,36.623847],[42.818614,36.617214],[42.818126,36.610216],[42.822276,36.602566],[42.79599,36.59516],[42.771902,36.577012],[42.753998,36.552273],[42.747162,36.524685],[42.751069,36.505439],[42.761648,36.498603],[42.794932,36.5008],[42.832774,36.498603],[42.863862,36.493272],[42.921886,36.493272],[42.935557,36.490668],[42.972341,36.476833],[42.979991,36.470038],[42.977794,36.462673],[42.968516,36.45246],[42.966319,36.44245],[42.968761,36.433417],[42.974701,36.426947],[43.000662,36.409288],[43.03183,36.399685],[43.048839,36.390937],[43.061615,36.397406],[43.08196,36.399197],[43.123953,36.397732],[43.117117,36.380154],[43.125499,36.367051],[43.138438,36.356391],[43.14503,36.345893],[43.148529,36.343085],[43.166026,36.333808],[43.172293,36.328884],[43.17628,36.320746],[43.185964,36.287869],[43.172293,36.287869],[43.178803,36.277655],[43.196218,36.256415],[43.199718,36.250596],[43.205007,36.238389],[43.216401,36.229804],[43.227957,36.223009],[43.233165,36.216498],[43.237315,36.204861],[43.247,36.197821],[43.258311,36.19241],[43.267182,36.185411],[43.272472,36.169379],[43.274669,36.164984],[43.28712,36.15001],[43.288259,36.150702],[43.292491,36.148383],[43.299246,36.145697],[43.302989,36.141384],[43.295421,36.128445],[43.294526,36.121283],[43.295909,36.091824],[43.298595,36.08157],[43.303722,36.073432],[43.326264,36.049994],[43.336192,36.033067],[43.340017,36.01435],[43.336192,35.993679],[43.345876,35.979926],[43.346202,35.970811],[43.341401,35.961046],[43.333995,35.938666],[43.331065,35.932481],[43.329112,35.926052],[43.329356,35.918524],[43.334565,35.910956],[43.343191,35.907823],[43.351492,35.906521],[43.356619,35.904242],[43.36085,35.880683],[43.34962,35.861111],[43.331635,35.85281],[43.315684,35.863308],[43.315684,35.807563],[43.309093,35.794908]],[[43.309093,35.794908],[43.298757,35.795722],[43.290457,35.78913],[43.288097,35.776719],[43.287608,35.74372],[43.288259,35.735419],[43.29184,35.729275],[43.318451,35.712958],[43.32252,35.708767],[43.318614,35.694281],[43.308686,35.689805],[43.295339,35.68891],[43.280854,35.685167],[43.273367,35.677558],[43.258311,35.655585],[43.241303,35.644639],[43.24822,35.630194],[43.267182,35.606024],[43.26588,35.597032],[43.262787,35.589911],[43.254324,35.575954],[43.248953,35.569688],[43.244395,35.568915],[43.241466,35.56623],[43.240652,35.554226],[43.249278,35.530463],[43.265636,35.500312],[43.275971,35.471503],[43.267182,35.451768],[43.271902,35.442572],[43.271251,35.436957],[43.268809,35.431098],[43.267182,35.421088],[43.26946,35.411566],[43.274018,35.406317],[43.278738,35.403388],[43.280854,35.400906],[43.285818,35.393378],[43.31129,35.370429],[43.32252,35.362413],[43.350597,35.352973],[43.364838,35.345079],[43.37086,35.332343],[43.369884,35.329535],[43.367117,35.328437],[43.363536,35.32746],[43.360037,35.325222],[43.356863,35.319037],[43.358979,35.315131],[43.362397,35.311957],[43.363536,35.307807],[43.359874,35.293158],[43.356619,35.286973],[43.350515,35.280463],[43.401541,35.273383],[43.422455,35.265448],[43.418712,35.246365],[43.410085,35.2414],[43.398692,35.238389],[43.388927,35.233425],[43.384532,35.22248],[43.388276,35.213568],[43.397065,35.200995],[43.407237,35.189765],[43.41505,35.184882],[43.480724,35.126532],[43.493744,35.110704],[43.52003,35.100694],[43.54005,35.088975],[43.53476,35.068183],[43.562104,35.052924],[43.577159,35.041571],[43.583914,35.030626],[43.580658,35.013739],[43.572765,34.996894],[43.562511,34.983995],[43.552257,34.978827],[43.542572,34.970282],[43.530284,34.951483],[43.522065,34.932725],[43.52532,34.92418],[43.539236,34.917344],[43.540701,34.901068],[43.53948,34.881781],[43.545665,34.865831],[43.55364,34.861151],[43.558849,34.860053],[43.561697,34.856757],[43.564464,34.83572],[43.568614,34.827175],[43.576427,34.815009],[43.577566,34.804877],[43.576182,34.795925],[43.577403,34.789496],[43.594737,34.78559],[43.600515,34.78205],[43.611095,34.773383],[43.619884,34.771186],[43.628835,34.770779],[43.635753,34.767401],[43.638438,34.756659],[43.640229,34.743679],[43.644786,34.742296],[43.651378,34.743964],[43.658946,34.739814],[43.668224,34.727362],[43.675873,34.712836],[43.676768,34.699774],[43.665131,34.691474],[43.671479,34.68183],[43.688569,34.669053],[43.693777,34.66352],[43.695893,34.654893],[43.693777,34.626288],[43.696788,34.614447],[43.71046,34.596788],[43.713471,34.585273],[43.714122,34.56269],[43.716238,34.553656],[43.720876,34.54682],[43.739187,34.538357],[43.756765,34.535997],[43.769786,34.529731],[43.774994,34.509589],[43.78183,34.372748],[43.785085,34.363878],[43.799083,34.350775],[43.802257,34.345079],[43.803803,34.337104],[43.820567,34.298896],[43.824636,34.29328],[43.827729,34.286404],[43.8296,34.273057],[43.828868,34.263495],[43.823985,34.247423],[43.822765,34.235541],[43.829356,34.223009],[43.860362,34.195828],[43.870616,34.184353],[43.886729,34.144558],[43.894786,34.132839],[43.92864,34.10578],[43.971446,34.085395],[43.987885,34.081326],[44.055431,34.075059],[44.092865,34.071804],[44.148529,34.059678],[44.186046,34.057563],[44.194916,34.055976],[44.203624,34.05268],[44.209972,34.048367],[44.221283,34.038031],[44.22755,34.033759],[44.233653,34.032294],[44.239187,34.033718],[44.249278,34.04031],[44.270518,34.046739],[44.291433,34.041693],[44.331147,34.019599],[44.37794,34.001329],[44.427989,33.963568],[44.439952,33.951036],[44.447683,33.935492],[44.450857,33.916327],[44.450125,33.89765],[44.444021,33.880154],[44.409923,33.835517],[44.391205,33.792751],[44.389415,33.783637],[44.389171,33.774482],[44.391612,33.765448],[44.396902,33.757025],[44.403575,33.749864],[44.423432,33.7331],[44.425873,33.729031],[44.425792,33.724677],[44.411713,33.706081],[44.407807,33.698757],[44.391043,33.637559],[44.385346,33.62991],[44.377452,33.625434],[44.366222,33.62462],[44.35434,33.625434],[44.342865,33.624823],[44.332042,33.621365],[44.322683,33.613471],[44.319753,33.603461],[44.328298,33.584499],[44.326182,33.574164],[44.313243,33.561103],[44.310069,33.555854],[44.308604,33.550116],[44.30836,33.532172],[44.305268,33.514716],[44.304861,33.508816],[44.305268,33.503119],[44.311127,33.481065],[44.313243,33.476182],[44.316335,33.471788],[44.320323,33.468085],[44.336843,33.459337],[44.341726,33.455634],[44.348399,33.445258],[44.348725,33.434434],[44.343028,33.411729],[44.342865,33.404853],[44.344656,33.39879],[44.347748,33.393337],[44.352631,33.388495],[44.362397,33.381781],[44.36671,33.377956],[44.369884,33.37287],[44.376394,33.34866],[44.390391,33.325507],[44.383556,33.32213],[44.378429,33.317003],[44.37558,33.310411],[44.375906,33.302761],[44.379649,33.294745],[44.385997,33.289252],[44.393809,33.285915],[44.402354,33.284288],[44.412364,33.284247],[44.417084,33.28502],[44.434581,33.291327],[44.438975,33.291815],[44.447846,33.28913],[44.451915,33.282904],[44.455089,33.266221],[44.458263,33.260688],[44.462494,33.256415],[44.467784,33.253241],[44.473643,33.250841],[44.483816,33.24376],[44.48935,33.233018],[44.491222,33.220404],[44.489757,33.207628],[44.488699,33.205024],[44.485932,33.200548],[44.484955,33.198025],[44.483409,33.185818],[44.484386,33.178778],[44.486827,33.173122],[44.491222,33.169053],[44.497976,33.166815],[44.508718,33.166287],[44.512136,33.165595],[44.516043,33.164089],[44.52711,33.157742],[44.550548,33.136176],[44.556244,33.128933],[44.560802,33.121039],[44.568614,33.09809],[44.570811,33.083564],[44.572846,33.077989],[44.576427,33.072943],[44.581065,33.06977],[44.586925,33.070095],[44.591401,33.07331],[44.595144,33.077582],[44.599132,33.081122],[44.604503,33.082058],[44.612234,33.077216],[44.618256,33.067816],[44.626882,33.048204],[44.632091,33.03913],[44.638682,33.031806],[44.646414,33.025824],[44.655691,33.020575],[44.665701,33.016181],[44.677257,33.013129],[44.688569,33.012722],[44.698985,33.016181],[44.71046,33.024115],[44.714936,33.025702],[44.72047,33.026435],[44.727143,33.026679],[44.733653,33.025824],[44.738536,33.023261],[44.74114,33.013739],[44.736095,33.003119],[44.728608,32.99254],[44.724213,32.983425],[44.724864,32.977973],[44.727957,32.974229],[44.732839,32.972032],[44.738292,32.971137],[44.744395,32.971747],[44.749034,32.974189],[44.757091,32.982123],[44.766856,32.988064],[44.776296,32.986518],[44.784923,32.980414],[44.806651,32.959784],[44.814382,32.957343],[44.822683,32.962104],[44.8296,32.97016],[44.833751,32.97248],[44.839366,32.972113],[44.844656,32.969021],[44.848155,32.964219],[44.85255,32.952948],[44.858165,32.943183],[44.865815,32.93712],[44.875418,32.934272],[44.896983,32.932644],[44.907237,32.928819],[44.917003,32.923285],[44.925792,32.916938],[44.934093,32.908555],[44.94866,32.889594],[44.95753,32.881456],[44.969168,32.876003],[44.980561,32.875067],[44.992117,32.877712],[45.031505,32.898057],[45.041515,32.900336],[45.050792,32.899237],[45.060069,32.894843],[45.065684,32.887559],[45.064382,32.877997],[45.056082,32.870958],[45.033702,32.864081],[45.026378,32.856757],[45.026947,32.846706],[45.034434,32.837185],[45.09075,32.792751],[45.097097,32.789089],[45.103526,32.786322],[45.110362,32.785346],[45.117442,32.787136],[45.130463,32.793769],[45.136974,32.79446],[45.144949,32.792019],[45.163666,32.781195],[45.170502,32.778591],[45.17864,32.777126],[45.267345,32.774278],[45.278819,32.766221],[45.279226,32.752021],[45.273529,32.736192],[45.257498,32.709052],[45.254405,32.700873],[45.255789,32.693427],[45.261974,32.689236],[45.270437,32.688829],[45.286632,32.692328],[45.293875,32.692898],[45.300059,32.69184],[45.306082,32.689154],[45.311697,32.684882],[45.316905,32.679633],[45.320323,32.67414],[45.324962,32.661404],[45.329112,32.653428],[45.334727,32.647976],[45.341889,32.64586],[45.350515,32.647976],[45.357921,32.651313],[45.364757,32.652777],[45.371511,32.651923],[45.378917,32.64822],[45.389659,32.638048],[45.397065,32.625678],[45.415701,32.58454],[45.419851,32.578315],[45.42628,32.573554],[45.435313,32.57038],[45.440196,32.569688],[45.444753,32.570258],[45.447765,32.571845],[45.450206,32.574164],[45.4546,32.579454],[45.462169,32.584581],[45.502696,32.595526],[45.507335,32.595811],[45.511729,32.595242],[45.513682,32.59455],[45.515636,32.593451],[45.518647,32.590277],[45.519786,32.589545],[45.520437,32.589301],[45.521007,32.589301],[45.522472,32.588975],[45.524994,32.586249],[45.526866,32.583279],[45.529307,32.576728],[45.528819,32.567206],[45.520112,32.550157],[45.520518,32.54088],[45.526296,32.534369],[45.53476,32.53205],[45.544037,32.532986],[45.552175,32.5362],[45.566824,32.548651],[45.574636,32.553819],[45.584402,32.555487],[45.589366,32.553575],[45.592784,32.549628],[45.595795,32.544949],[45.599213,32.54088],[45.605479,32.537909],[45.61321,32.536689],[45.621104,32.536933],[45.627696,32.538357],[45.6338,32.541938],[45.647878,32.558661],[45.654307,32.56269],[45.660574,32.563992],[45.692475,32.558621],[45.698253,32.555976],[45.706147,32.54796],[45.717296,32.528835],[45.725352,32.521511],[45.730724,32.518866],[45.735769,32.517524],[45.740815,32.51789],[45.779307,32.531684],[45.785167,32.532335],[45.791108,32.531358],[45.79599,32.528632],[45.799571,32.524726],[45.804779,32.515204],[45.807628,32.508612],[45.809093,32.502224]],[[43.309093,35.794908],[43.308849,35.794379],[43.315684,35.794379],[43.309093,35.794908]],[[45.806895,32.510932],[45.812104,32.505927],[45.818858,32.506415],[45.831554,32.512478],[45.840912,32.525336],[45.851492,32.536485],[45.863862,32.545233],[45.893158,32.554755],[45.900645,32.555732],[45.907319,32.554714],[45.913666,32.55211],[45.919526,32.550401],[45.925222,32.551134],[45.930675,32.555854],[45.932872,32.560329],[45.936941,32.575303],[45.941173,32.585232],[45.947683,32.595526],[45.955658,32.604438],[45.964773,32.610175],[45.976573,32.613389],[46.030854,32.622178],[46.036062,32.625108],[46.047781,32.636542],[46.052826,32.639472],[46.095795,32.653144],[46.10434,32.654568],[46.140636,32.650173],[46.161876,32.640896],[46.176524,32.629828],[46.206472,32.583441],[46.219005,32.572374],[46.233816,32.565212],[46.249766,32.560858],[46.296967,32.554511],[46.312022,32.550157],[46.335948,32.533026],[46.348888,32.528266],[46.398367,32.523953],[46.465261,32.530707],[46.481619,32.529364],[46.497081,32.52558],[46.555431,32.504218],[46.635671,32.492458],[46.651459,32.486396],[46.663178,32.479356],[46.673106,32.47073],[46.747813,32.367214],[46.749522,32.358222],[46.747569,32.34988],[46.740652,32.343777],[46.723643,32.33747],[46.716075,32.333035],[46.710053,32.32571],[46.70696,32.318183],[46.705577,32.31037],[46.706065,32.302517],[46.708425,32.294704],[46.717865,32.276679],[46.721609,32.267361],[46.721772,32.25727],[46.719249,32.248603],[46.714854,32.241156],[46.708914,32.23489],[46.701915,32.229356],[46.693614,32.220811],[46.691905,32.211371],[46.695079,32.201239],[46.711192,32.174587],[46.71339,32.168565],[46.714122,32.16352],[46.714285,32.148139],[46.71575,32.137559],[46.719493,32.12877],[46.726085,32.121772],[46.735362,32.1164],[46.757335,32.10932],[46.767182,32.104112],[46.774425,32.095486],[46.781016,32.08157],[46.78419,32.077826],[46.789073,32.075141],[46.794444,32.074246],[46.799897,32.07453],[46.823741,32.079535],[46.830089,32.079372],[46.836925,32.077826],[46.843842,32.075303],[46.856456,32.068305],[46.862804,32.062079],[46.86671,32.054755],[46.893647,31.961941],[46.899343,31.948554],[46.906342,31.936835],[46.948334,31.893175],[46.954845,31.877875],[46.965587,31.869249],[46.989268,31.86225],[47.012787,31.863105],[47.023692,31.877875],[47.034434,31.878974],[47.083914,31.890652],[47.098725,31.89586],[47.10963,31.88288],[47.12322,31.874538],[47.134776,31.863837],[47.13974,31.844021],[47.137625,31.832953],[47.128347,31.819607],[47.126069,31.809882],[47.12794,31.797227],[47.132091,31.788031],[47.136729,31.780341],[47.13974,31.772325],[47.143972,31.729275],[47.149832,31.711371],[47.18336,31.695339],[47.191661,31.675482],[47.194347,31.641384],[47.205496,31.629503],[47.221283,31.620673],[47.23585,31.609442],[47.242198,31.59044],[47.283702,31.531521],[47.29241,31.527452],[47.314708,31.521918],[47.324148,31.5185],[47.336029,31.51081],[47.355479,31.487738],[47.374522,31.47252],[47.379975,31.463894],[47.376231,31.453315],[47.369558,31.441352],[47.369558,31.430121],[47.37558,31.419379],[47.386811,31.408637],[47.400076,31.400499],[47.414154,31.394151],[47.42628,31.386746],[47.434011,31.375108],[47.435151,31.355821],[47.427989,31.343858],[47.418549,31.334662],[47.414073,31.323594],[47.426036,31.284613],[47.437266,31.263251],[47.441173,31.247504],[47.442556,31.230902],[47.441417,31.216824],[47.426524,31.180935],[47.427745,31.169623],[47.441417,31.156317],[47.453868,31.153428],[47.455658,31.149197],[47.437592,31.131456],[47.423106,31.108913],[47.420909,31.10696],[47.421967,31.097724],[47.426687,31.093614],[47.431651,31.090277],[47.434011,31.083075],[47.428722,31.050482],[47.427989,31.034857],[47.434011,31.018826]]]}},{"type":"Feature","properties":{"dissolve":"143River","scalerank":4.0,"featurecla":"River","name":"Gharraf Canal","name_alt":null,"rivernum":143,"note":null,"min_zoom":4.0,"name_en":"Gharraf Canal","min_label":5.0},"bbox":[45.805186,30.963568,46.420339,32.502224],"geometry":{"type":"MultiLineString","coordinates":[[[45.809093,32.502224],[45.809337,32.495673],[45.805186,32.476508],[45.805268,32.470526],[45.807221,32.464382],[45.815684,32.455512],[45.827566,32.45071],[45.872325,32.443915],[45.890391,32.436103],[45.912201,32.423204],[45.931244,32.406846],[45.940522,32.388699],[45.938487,32.373155],[45.923595,32.35102],[45.920177,32.337755],[45.923595,32.323188],[45.929617,32.311591],[45.930756,32.300157],[45.920177,32.286241],[45.932628,32.2685],[45.943858,32.248074],[45.957612,32.231228],[45.999522,32.216335],[46.011322,32.196845],[46.016124,32.172309],[46.015717,32.149115],[46.008881,32.127061],[45.986339,32.085395],[45.981456,32.070014],[45.978445,32.064805],[45.971609,32.05744],[45.964773,32.047878],[45.961681,32.03616],[45.96461,32.026231],[45.978119,32.01081],[45.981456,31.998318],[45.97877,31.99079],[45.96575,31.966376],[45.955984,31.94123],[45.957449,31.935248],[45.981863,31.905707],[45.991954,31.898627],[46.049815,31.888454],[46.075857,31.862982],[46.090343,31.822821],[46.122813,31.526313],[46.129324,31.501776],[46.153575,31.483262],[46.162852,31.464871],[46.188731,31.388373],[46.206147,31.353705],[46.228038,31.322577],[46.272716,31.27558],[46.289561,31.262722],[46.309093,31.254462],[46.334483,31.251573],[46.346202,31.243842],[46.361095,31.225165],[46.370372,31.202663],[46.365164,31.183295],[46.385183,31.16946],[46.404796,31.167833],[46.418468,31.161892],[46.420339,31.134874],[46.41627,31.116238],[46.409679,31.099473],[46.401785,31.085069],[46.393077,31.073432],[46.383311,31.066107],[46.37322,31.061225],[46.36614,31.055447],[46.365164,31.045518],[46.371104,31.039252],[46.392996,31.034776],[46.399343,31.031846],[46.399994,31.01671],[46.392019,30.998236],[46.366222,30.963568]]]}},{"type":"Feature","properties":{"dissolve":"170Lake Centerline","scalerank":5.0,"featurecla":"Lake Centerline","name":"Syr  Darya","name_alt":null,"rivernum":170,"note":null,"min_zoom":4.7,"name_en":"Syr  Darya","min_label":5.7},"bbox":[61.562429,40.267686,70.363292,46.109565],"geometry":{"type":"MultiLineString","coordinates":[[[61.760183,46.021104],[61.751394,46.031562],[61.733165,46.047553],[61.70045,46.056098],[61.66505,46.063666],[61.562429,46.109565]],[[68.45574,41.106757],[68.435476,41.113105],[68.383311,41.105658],[68.354747,41.103949],[68.318777,41.103135],[68.263438,41.104763],[68.2046,41.111884],[68.079031,41.137152],[68.045502,41.152777],[67.990896,41.207465],[67.972585,41.234971],[67.964936,41.24962]],[[70.354991,40.43537],[70.363292,40.405463],[70.359467,40.380683],[70.346609,40.367499],[70.326101,40.357123],[70.306244,40.349799],[70.158702,40.322618],[70.028087,40.303738],[69.983328,40.29267],[69.937511,40.278876],[69.90504,40.272244],[69.854421,40.267686],[69.834483,40.270209],[69.827078,40.27265]]]}},{"type":"Feature","properties":{"dissolve":"170River","scalerank":5.0,"featurecla":"River","name":"Syr  Darya","name_alt":null,"rivernum":170,"note":null,"min_zoom":4.7,"name_en":"Syr  Darya","min_label":5.7},"bbox":[60.87794,40.208116,69.827078,46.137315],"geometry":{"type":"MultiLineString","coordinates":[[[61.562022,46.109727],[61.545502,46.116807],[61.538992,46.120714],[61.533783,46.124823],[61.51295,46.131049],[61.486746,46.123358],[61.441661,46.101589],[61.387218,46.093451],[61.358165,46.084988],[61.34547,46.070176],[61.333018,46.06391],[61.256602,46.038845],[61.164968,46.03144],[61.118663,46.035468],[61.077403,46.046332],[61.055675,46.061794],[61.025971,46.100165],[61.006602,46.107774],[60.954845,46.103624],[60.929291,46.10517],[60.901947,46.117987],[60.88323,46.134589],[60.87794,46.137315]],[[67.964936,41.24962],[67.964366,41.27501],[67.971772,41.290066],[67.985037,41.299994],[68.002696,41.303656],[68.0206,41.305284],[68.03769,41.310899],[68.046641,41.32156],[68.040131,41.338406],[68.057709,41.346625],[68.084727,41.354071],[68.104015,41.364773],[68.098888,41.382839],[68.087332,41.404731],[68.094737,41.422187],[68.108409,41.438788],[68.115896,41.458197],[68.107839,41.477729],[68.073334,41.503119],[68.068126,41.523383],[68.075776,41.533393],[68.087901,41.538926],[68.09433,41.546251],[68.08489,41.561225],[68.067149,41.578559],[68.058849,41.588813],[68.053803,41.599066],[68.065929,41.608262],[68.062104,41.623236],[68.040131,41.653673],[68.047455,41.675645],[68.047862,41.706244],[68.042979,41.734646],[68.034109,41.749864],[68.034109,41.75613],[68.058035,41.756903],[68.071544,41.766384],[68.098888,41.814765],[68.10434,41.829128],[68.101573,41.844753],[68.087901,41.865994],[68.105561,41.880439],[68.111339,41.899766],[68.108979,41.938015],[68.11321,41.951728],[68.122976,41.954413],[68.135265,41.954047],[68.146658,41.958808],[68.152843,41.966905],[68.163666,41.996365],[68.172862,42.00963],[68.176768,42.018256],[68.177989,42.030463],[68.174897,42.041775],[68.165538,42.061632],[68.167084,42.068671],[68.208751,42.065253],[68.214854,42.070665],[68.229015,42.096625],[68.232595,42.105536],[68.236746,42.11286],[68.24114,42.118435],[68.241303,42.124538],[68.232595,42.13349],[68.222667,42.138454],[68.211436,42.140082],[68.187918,42.139716],[68.162527,42.143988],[68.154063,42.153998],[68.161632,42.165595],[68.184174,42.174506],[68.197032,42.174506],[68.206554,42.171454],[68.215261,42.169949],[68.225841,42.174506],[68.232026,42.182888],[68.242686,42.208319],[68.254649,42.227078],[68.258393,42.244818],[68.263276,42.252997],[68.274913,42.260199],[68.283702,42.261501],[68.288178,42.264594],[68.287852,42.277533],[68.284272,42.286933],[68.277354,42.295762],[68.267996,42.302273],[68.256602,42.304796],[68.246755,42.30976],[68.249034,42.320828],[68.259858,42.338935],[68.259939,42.351996],[68.258393,42.358913],[68.259939,42.365424],[68.270112,42.377143],[68.27711,42.387519],[68.27589,42.394843],[68.272716,42.402777],[68.273529,42.414659],[68.26588,42.420478],[68.257823,42.424669],[68.249034,42.427314],[68.239513,42.42829],[68.239513,42.435126],[68.252533,42.448757],[68.241303,42.471991],[68.201589,42.513699],[68.190847,42.529568],[68.198009,42.537136],[68.211355,42.541449],[68.218272,42.547797],[68.220144,42.550238],[68.229503,42.559841],[68.232595,42.565497],[68.232595,42.573106],[68.226492,42.586046],[68.225841,42.592149],[68.232432,42.60517],[68.252533,42.617458],[68.259858,42.62698],[68.260834,42.641303],[68.25587,42.653673],[68.249441,42.663886],[68.246349,42.671332],[68.247651,42.696845],[68.247,42.710395],[68.242931,42.719428],[68.235606,42.730902],[68.235932,42.742621],[68.239024,42.755683],[68.239513,42.770941],[68.230235,42.76671],[68.2199,42.763983],[68.209076,42.762803],[68.197765,42.763495],[68.206635,42.775255],[68.220144,42.783026],[68.230968,42.791205],[68.232595,42.80447],[68.228933,42.808173],[68.214854,42.811835],[68.208751,42.815294],[68.20224,42.823839],[68.203136,42.828396],[68.20574,42.832343],[68.205333,42.839219],[68.207123,42.843329],[68.208018,42.854438],[68.205007,42.86225],[68.194753,42.856269],[68.186453,42.847602],[68.180431,42.843817],[68.173839,42.843614],[68.163666,42.845486],[68.156016,42.849799],[68.143077,42.864081],[68.124929,42.869167],[68.116466,42.874213],[68.102143,42.88703],[68.141531,42.901679],[68.160411,42.911933],[68.160655,42.925157],[68.158621,42.940294],[68.166026,42.957139],[68.169037,42.970771],[68.153819,42.976386],[68.107026,42.97488],[68.09547,42.976386],[68.084402,42.983832],[68.079194,42.992865],[68.072846,43.000515],[68.057628,43.00373],[68.046886,43.002631],[68.037201,42.999701],[68.019786,42.990058],[68.021983,42.994452],[68.027273,43.010565],[68.021251,43.011786],[68.011811,43.015977],[68.006114,43.017401],[68.010834,43.021796],[68.015391,43.028347],[68.019786,43.031033],[68.019786,43.037218],[68.000662,43.040595],[67.983002,43.035264],[67.968516,43.036404],[67.958263,43.058946],[67.934255,43.046454],[67.927257,43.044623],[67.917491,43.046658],[67.911388,43.051134],[67.907319,43.055976],[67.903738,43.058946],[67.886974,43.062812],[67.877696,43.061632],[67.867686,43.057318],[67.848399,43.05154],[67.835541,43.073269],[67.83839,43.09162],[67.850597,43.107978],[67.865733,43.123847],[67.870697,43.134955],[67.86671,43.14407],[67.859467,43.152452],[67.855235,43.161322],[67.865652,43.183295],[67.865164,43.19005],[67.848399,43.18183],[67.845225,43.197292],[67.860444,43.218207],[67.855235,43.229031],[67.842784,43.233181],[67.811615,43.232978],[67.800141,43.236518],[67.800141,43.243272],[67.824229,43.251654],[67.827891,43.253852],[67.826182,43.262722],[67.821544,43.263251],[67.815196,43.261664],[67.808116,43.263739],[67.800792,43.266872],[67.791515,43.269355],[67.783621,43.273301],[67.780203,43.281114],[67.783621,43.290961],[67.791515,43.291571],[67.800792,43.291287],[67.808116,43.297919],[67.807709,43.329779],[67.780691,43.338935],[67.746674,43.343207],[67.725515,43.360622],[67.735444,43.360175],[67.743663,43.361192],[67.759695,43.366807],[67.746349,43.375515],[67.732188,43.376085],[67.718191,43.370551],[67.705089,43.360622],[67.69752,43.348497],[67.684581,43.312852],[67.684011,43.305365],[67.670095,43.311225],[67.664561,43.325303],[67.664073,43.356879],[67.659109,43.375312],[67.646576,43.377509],[67.630951,43.377021],[67.616222,43.387274],[67.631765,43.395819],[67.637706,43.406846],[67.632904,43.416815],[67.616222,43.422065],[67.606863,43.419257],[67.576752,43.405341],[67.561046,43.401557],[67.582042,43.429267],[67.587901,43.442898],[67.577729,43.448757],[67.56308,43.444525],[67.536062,43.425971],[67.51946,43.422065],[67.526296,43.433783],[67.533946,43.442979],[67.539806,43.451972],[67.540538,43.462999],[67.512625,43.497138],[67.500418,43.502794],[67.491628,43.50434],[67.48642,43.507392],[67.485362,43.517646],[67.48878,43.525092],[67.496104,43.531521],[67.503022,43.539374],[67.506358,43.551134],[67.499522,43.571112],[67.482839,43.589057],[67.451182,43.613837],[67.443126,43.622748],[67.431244,43.639472],[67.423269,43.648017],[67.397716,43.661811],[67.389089,43.668484],[67.393891,43.672919],[67.398855,43.679267],[67.402761,43.682156],[67.362234,43.711127],[67.347911,43.727891],[67.341319,43.751044],[67.33074,43.741563],[67.320893,43.738837],[67.310964,43.742051],[67.300304,43.751044],[67.293468,43.76203],[67.293468,43.771511],[67.294932,43.780829],[67.292898,43.791327],[67.286143,43.801947],[67.276866,43.810818],[67.265554,43.816921],[67.252533,43.819281],[67.240245,43.815985],[67.230398,43.809678],[67.219493,43.80626],[67.204112,43.811835],[67.213959,43.829169],[67.215017,43.842597],[67.209076,43.854438],[67.197846,43.867051],[67.205496,43.886176],[67.196869,43.89411],[67.174083,43.897813],[67.171479,43.903754],[67.170095,43.918728],[67.167247,43.921698],[67.135834,43.929145],[67.122081,43.939521],[67.115326,43.942206],[67.10491,43.941718],[67.09669,43.938585],[67.088471,43.9383],[67.077566,43.945868],[67.064952,43.957465],[67.054454,43.964464],[67.025971,43.976345],[67.039561,44.002143],[67.028331,44.016059],[67.009369,44.019639],[66.999441,44.014472],[66.988536,44.002712],[66.964447,43.999945],[66.940684,44.006293],[66.929779,44.021674],[66.927745,44.029731],[66.923757,44.019232],[66.921153,44.005561],[66.923595,44.004218],[66.913259,43.987576],[66.907237,43.982693],[66.8956,43.976345],[66.893972,43.9737],[66.894135,43.969835],[66.893565,43.965928],[66.889578,43.962673],[66.883718,43.96247],[66.874604,43.968614],[66.868907,43.97016],[66.86085,43.968085],[66.854015,43.965196],[66.845795,43.964789],[66.834239,43.97016],[66.823416,43.945909],[66.801768,43.944281],[66.775645,43.955593],[66.751557,43.97016],[66.72519,43.956122],[66.699229,43.960557],[66.673757,43.968817],[66.63144,43.963813],[66.624766,43.975287],[66.62086,43.990058],[66.611908,43.997382],[66.598399,43.993964],[66.587494,43.985297],[66.579356,43.973985],[66.574148,43.962673],[66.568614,43.973415],[66.569347,43.982245],[66.572276,43.99079],[66.574148,44.0008],[66.569347,44.010565],[66.558116,44.010118],[66.545502,44.006781],[66.536225,44.007636],[66.524669,44.024522],[66.514903,44.057644],[66.50587,44.06627],[66.514578,44.071723],[66.518484,44.075873],[66.517833,44.080024],[66.512706,44.085557],[66.532237,44.097113],[66.54005,44.09988],[66.53297,44.110541],[66.521251,44.114569],[66.508556,44.116523],[66.498464,44.120917],[66.498464,44.127143],[66.5053,44.129503],[66.51116,44.133857],[66.516124,44.140082],[66.519542,44.148261],[66.505626,44.149441],[66.493093,44.146511],[66.483165,44.139187],[66.477957,44.127143],[66.448009,44.141303],[66.439545,44.150824],[66.443858,44.161933],[66.430919,44.165147],[66.425385,44.164822],[66.416433,44.161933],[66.423839,44.199286],[66.425304,44.220893],[66.423269,44.237006],[66.416433,44.246365],[66.407237,44.252265],[66.399425,44.259955],[66.396007,44.274848],[66.38974,44.277777],[66.348237,44.27794],[66.353119,44.299343],[66.337494,44.304551],[66.316905,44.304389],[66.30657,44.309027],[66.300873,44.319932],[66.287364,44.336493],[66.271414,44.352159],[66.25823,44.360541],[66.25823,44.367377],[66.270763,44.369208],[66.277924,44.376736],[66.280203,44.388129],[66.278738,44.401475],[66.257904,44.395372],[66.238373,44.387234],[66.230072,44.409695],[66.224864,44.414008],[66.200776,44.415961],[66.197683,44.419257],[66.19573,44.426459],[66.186534,44.439032],[66.175873,44.443386],[66.165538,44.439236],[66.156342,44.4324],[66.148936,44.428778],[66.143484,44.431667],[66.124929,44.445176],[66.114268,44.449897],[66.118582,44.455024],[66.124034,44.464708],[66.12851,44.469794],[66.117686,44.475531],[66.105724,44.474921],[66.092377,44.471706],[66.077566,44.469794],[66.056163,44.479926],[66.046397,44.477322],[66.046479,44.456122],[66.015636,44.469265],[65.945893,44.481757],[65.91627,44.497097],[65.927257,44.497829],[65.937755,44.497382],[65.947846,44.495185],[65.957123,44.490912],[65.956635,44.500556],[65.951264,44.516913],[65.950287,44.52501],[65.949148,44.524197],[65.946788,44.526719],[65.944591,44.530951],[65.943451,44.535264],[65.94573,44.541083],[65.955007,44.550116],[65.957123,44.556016],[65.953298,44.563829],[65.944835,44.565985],[65.934662,44.566596],[65.926768,44.569688],[65.923432,44.575873],[65.92571,44.580146],[65.929454,44.58336],[65.930431,44.586493],[65.91627,44.60696],[65.915457,44.610541],[65.91627,44.62405],[65.914643,44.627753],[65.910818,44.62755],[65.906342,44.62641],[65.902599,44.627468],[65.901378,44.625434],[65.896658,44.623114],[65.890636,44.622016],[65.885265,44.62405],[65.88087,44.629706],[65.882742,44.632514],[65.886729,44.634589],[65.888927,44.638007],[65.882823,44.649278],[65.868175,44.660956],[65.850027,44.670437],[65.833588,44.675238],[65.824962,44.673041],[65.808197,44.662177],[65.799571,44.662177],[65.792247,44.668402],[65.787852,44.677314],[65.788503,44.68537],[65.796153,44.68891],[65.807546,44.696234],[65.812511,44.713162],[65.810151,44.731757],[65.799571,44.744086],[65.796316,44.742865],[65.78655,44.732978],[65.779063,44.729804],[65.766694,44.729926],[65.746104,44.735785],[65.698171,44.740058],[65.679617,44.744412],[65.662364,44.751573],[65.643158,44.739691],[65.622162,44.738308],[65.600841,44.743516],[65.554861,44.760443],[65.512136,44.785102],[65.508393,44.794623],[65.513194,44.811306],[65.512136,44.820502],[65.506847,44.827663],[65.478038,44.8546],[65.413259,44.882148],[65.402273,44.884711],[65.391612,44.896511],[65.344737,44.922797],[65.333995,44.932807],[65.331716,44.937812],[65.326915,44.945502],[65.321869,44.95543],[65.316498,44.9796],[65.308686,44.982449],[65.298757,44.982611],[65.288992,44.987413],[65.274343,44.988349],[65.199962,44.970038],[65.192312,44.973334],[65.189057,44.980577],[65.184662,44.98786],[65.172537,44.991156],[65.13795,44.987087],[65.12794,44.991156],[65.130951,45.002875],[65.107921,45.001532],[65.059581,44.991156],[65.035085,44.998643],[65.015147,45.013495],[64.993337,45.023993],[64.96339,45.018419],[64.957286,45.012641],[64.940522,44.991767],[64.929861,44.98371],[64.917247,44.979315],[64.903331,44.97724],[64.874766,44.977484],[64.799815,44.995225],[64.77239,44.997992],[64.778087,45.028876],[64.760183,45.036444],[64.702729,45.032172],[64.6928,45.036322],[64.662527,45.059394],[64.639415,45.068183],[64.624766,45.071723],[64.610606,45.073065],[64.593516,45.06684],[64.584076,45.065009],[64.579845,45.069363],[64.578543,45.076768],[64.574636,45.082384],[64.569021,45.086046],[64.562511,45.087348],[64.528331,45.078437],[64.511485,45.07628],[64.504161,45.083604],[64.493582,45.105292],[64.469005,45.12462],[64.441498,45.136176],[64.422293,45.134548],[64.40919,45.142035],[64.413178,45.146755],[64.422293,45.161811],[64.397553,45.164496],[64.378429,45.177558],[64.369151,45.196357],[64.374441,45.216498],[64.364024,45.220893],[64.353526,45.22309],[64.330089,45.223944],[64.326671,45.229682],[64.332612,45.242743],[64.347179,45.264919],[64.33839,45.261339],[64.333507,45.258083],[64.316661,45.265245],[64.265147,45.271674],[64.248627,45.276923],[64.232026,45.286078],[64.225108,45.296698],[64.237315,45.306464],[64.232432,45.319281],[64.227143,45.341417],[64.212169,45.361396],[64.209239,45.371365],[64.20753,45.382148],[64.203136,45.395209],[64.206472,45.394802],[64.210053,45.399848],[64.210948,45.40587],[64.206554,45.408881],[64.19866,45.408555],[64.19337,45.409003],[64.19044,45.411933],[64.189464,45.419135],[64.186046,45.429307],[64.17864,45.428656],[64.171641,45.420681],[64.168956,45.408881],[64.161062,45.413398],[64.156342,45.418402],[64.154714,45.425482],[64.155284,45.436225],[64.133311,45.429389],[64.12558,45.4383],[64.122488,45.454779],[64.11435,45.470893],[64.099864,45.476996],[64.081391,45.475653],[64.045421,45.463446],[64.019216,45.48432],[63.987641,45.489447],[63.918468,45.483995],[63.890066,45.496894],[63.867686,45.525255],[63.862071,45.553656],[63.884044,45.566514],[63.899913,45.56977],[63.91505,45.57864],[63.92392,45.591824],[63.921886,45.6081],[63.910248,45.620469],[63.859874,45.649115],[63.756847,45.682481],[63.737722,45.703721],[63.752208,45.702704],[63.767507,45.704047],[63.781505,45.708686],[63.792247,45.717353],[63.795828,45.724555],[63.797293,45.733669],[63.793468,45.7414],[63.781668,45.744656],[63.689138,45.751532],[63.665457,45.746202],[63.624034,45.722724],[63.603119,45.717353],[63.576589,45.714382],[63.497325,45.690701],[63.483653,45.688096],[63.456065,45.685981],[63.442149,45.683173],[63.402843,45.665351],[63.3803,45.659532],[63.35491,45.645453],[63.331391,45.638699],[63.322032,45.630398],[63.313731,45.621039],[63.304291,45.614325],[63.281668,45.611192],[63.224376,45.611396],[63.196707,45.600043],[63.183604,45.599189],[63.145112,45.602484],[63.140066,45.607774],[63.122976,45.656317],[63.113699,45.665473],[63.096446,45.668972],[63.0831,45.674384],[63.05657,45.698269],[63.041515,45.703721],[62.976654,45.703721],[62.967052,45.712999],[62.957937,45.726508],[62.946056,45.73371],[62.928233,45.724189],[62.908621,45.733262],[62.896658,45.736884],[62.887218,45.737169],[62.873464,45.729682],[62.866791,45.718817],[62.861746,45.707099],[62.85255,45.696845],[62.82724,45.690009],[62.804861,45.696234],[62.785818,45.704535],[62.770518,45.703721],[62.77532,45.695258],[62.776947,45.685818],[62.773529,45.678412],[62.763113,45.676378],[62.754812,45.6824],[62.743175,45.704901],[62.733002,45.709906],[62.697195,45.714464],[62.661388,45.724189],[62.643158,45.734076],[62.641531,45.744208],[62.641856,45.757025],[62.622569,45.789618],[62.617605,45.820136],[62.606619,45.834052],[62.597585,45.827012],[62.587169,45.813422],[62.579356,45.806098],[62.568289,45.799669],[62.544363,45.789333],[62.534434,45.782253],[62.526378,45.779405],[62.474213,45.769965],[62.462901,45.764919],[62.441661,45.751532],[62.43214,45.757921],[62.415294,45.773749],[62.407481,45.778835],[62.39446,45.781195],[62.385509,45.778428],[62.37794,45.774237],[62.369558,45.771999],[62.335704,45.748318],[62.309093,45.735622],[62.290701,45.737169],[62.297537,45.746283],[62.303315,45.769232],[62.298432,45.784003],[62.273692,45.768581],[62.254405,45.763129],[62.201671,45.777045],[62.180919,45.778835],[62.184581,45.7567],[62.168224,45.743272],[62.143891,45.739936],[62.123464,45.748114],[62.105072,45.751044],[62.023855,45.731635],[62.027843,45.726101],[62.033295,45.715359],[62.037527,45.709906],[62.013601,45.705268],[62.004161,45.701483],[61.996593,45.696845],[61.989268,45.687567],[61.985362,45.678534],[61.979503,45.671658],[61.965587,45.668972],[61.955333,45.673285],[61.934825,45.692572],[61.91269,45.700466],[61.907319,45.708767],[61.904389,45.717882],[61.900401,45.724189],[61.882253,45.731024],[61.836192,45.736762],[61.772878,45.73782],[61.75172,45.741889],[61.73585,45.751532],[61.730235,45.760199],[61.720876,45.782009],[61.714854,45.792426],[61.699311,45.803819],[61.691417,45.811957],[61.687999,45.823188],[61.692556,45.841254],[61.704519,45.861843],[61.720144,45.88113],[61.73585,45.895535],[61.757091,45.907579],[61.778331,45.913642],[61.828298,45.915961],[61.843761,45.92536],[61.84669,45.946723],[61.841401,45.969916],[61.832123,45.984931],[61.822276,45.98668],[61.80836,45.986274],[61.795909,45.987616],[61.790538,45.994818],[61.78712,46.002794],[61.779063,46.009385],[61.760183,46.021104]],[[69.827078,40.27265],[69.81837,40.279893],[69.810476,40.299018],[69.801768,40.303738],[69.798839,40.30036],[69.791108,40.292996],[69.78004,40.285712],[69.767589,40.282579],[69.756602,40.285468],[69.749278,40.291571],[69.742605,40.298448],[69.733409,40.303738],[69.723155,40.305365],[69.666515,40.302558],[69.65504,40.303412],[69.636974,40.31155],[69.626231,40.3074],[69.615733,40.300482],[69.596609,40.292182],[69.589936,40.281195],[69.584483,40.2685],[69.578624,40.258734],[69.567475,40.252021],[69.554698,40.249701],[69.527354,40.249091],[69.477468,40.24197],[69.384858,40.212917],[69.363048,40.209296],[69.339285,40.208116],[69.315522,40.214545],[69.277436,40.242703],[69.257091,40.249091],[69.231944,40.251899],[69.177989,40.276435],[69.177826,40.294542],[69.158702,40.308417],[69.116466,40.331],[69.134858,40.345974],[69.134776,40.372748],[69.150645,40.386298],[69.108979,40.386298],[69.116628,40.395616],[69.135265,40.405341],[69.143891,40.413601],[69.133067,40.417914],[69.121186,40.420356],[69.108653,40.42121],[69.095876,40.420437],[69.099864,40.429145],[69.105398,40.436591],[69.119558,40.450792],[69.12379,40.459499],[69.122081,40.468451],[69.118582,40.477159],[69.116466,40.485297],[69.110281,40.491645],[69.099701,40.499294],[69.097667,40.507392],[69.116466,40.515326],[69.107432,40.520535],[69.097585,40.523139],[69.086843,40.523749],[69.07545,40.522773],[69.086925,40.558702],[69.096446,40.572537],[69.121593,40.581244],[69.121186,40.588324],[69.114838,40.595323],[69.105886,40.598578],[69.096283,40.594346],[69.085704,40.586127],[69.075776,40.580634],[69.068126,40.584296],[69.068451,40.591661],[69.08489,40.603705],[69.088471,40.612169],[69.083588,40.621609],[69.06544,40.633246],[69.05364,40.65823],[69.035085,40.659369],[68.992931,40.653144],[69.008881,40.673448],[69.012706,40.683621],[69.003184,40.687934],[68.987885,40.684027],[68.97405,40.676866],[68.959972,40.673407],[68.944591,40.680487],[68.957774,40.693671],[68.955577,40.707099],[68.944347,40.719306],[68.930919,40.728868],[68.923757,40.73078],[68.916596,40.729926],[68.909679,40.730089],[68.902924,40.735053],[68.902192,40.739529],[68.903901,40.751166],[68.902924,40.755561],[68.89267,40.771755],[68.887299,40.776923],[68.876231,40.783515],[68.84962,40.793809],[68.842784,40.797797],[68.83546,40.805447],[68.823741,40.822455],[68.814871,40.831326],[68.799815,40.839626],[68.778087,40.846991],[68.755951,40.849962],[68.739757,40.844916],[68.73642,40.86225],[68.73349,40.868964],[68.729096,40.868842],[68.720225,40.863837],[68.714936,40.8664],[68.712494,40.873725],[68.711192,40.897488],[68.707937,40.907538],[68.699962,40.916287],[68.648204,40.952338],[68.633311,40.968207],[68.643891,40.975287],[68.665457,40.978135],[68.670014,40.985216],[68.66155,40.994208],[68.643484,41.002631],[68.634044,41.003119],[68.622976,41.002387],[68.613292,41.00434],[68.609386,41.012803],[68.615326,41.023464],[68.615001,41.028428],[68.605968,41.030544],[68.58782,41.027655],[68.572032,41.022162],[68.556895,41.019232],[68.541026,41.023708],[68.529552,41.032538],[68.518321,41.045193],[68.509776,41.059678],[68.506358,41.074286],[68.498546,41.074408],[68.480968,41.082628],[68.462332,41.094672],[68.45574,41.106757]]]}},{"type":"Feature","properties":{"dissolve":"171River","scalerank":5.0,"featurecla":"River","name":"Naryn","name_alt":null,"rivernum":171,"note":null,"min_zoom":4.7,"name_en":"Naryn","min_label":5.7},"bbox":[70.353445,40.43537,78.060557,41.900743],"geometry":{"type":"MultiLineString","coordinates":[[[77.737234,41.879665],[77.778575,41.870225],[77.82252,41.865994],[77.846202,41.869452],[77.935069,41.895697],[77.965424,41.900458],[77.976736,41.900743],[77.988699,41.897773],[78.009776,41.888983],[78.021495,41.887071],[78.044526,41.880561],[78.057872,41.865058],[78.060557,41.846747],[78.052419,41.831855],[77.980886,41.80154],[77.961192,41.77619],[77.901134,41.749864],[77.865164,41.729926],[77.849132,41.718207],[77.817149,41.6883],[77.776541,41.664008],[77.731537,41.617703],[77.721121,41.601182],[77.716807,41.581732],[77.627371,41.562079],[77.587576,41.5362],[77.56601,41.525458],[77.542003,41.521104],[77.47877,41.528673],[77.456065,41.528591],[77.431651,41.52379],[77.387462,41.509792],[77.363292,41.506863],[77.341563,41.509101],[77.298269,41.518907],[77.277354,41.521104],[77.254405,41.516791],[77.213308,41.498114],[77.192475,41.49376],[77.007335,41.500596],[76.965912,41.506863],[76.960053,41.503119],[76.945567,41.485663],[76.935313,41.48017],[76.917084,41.479926],[76.777436,41.494574],[76.661632,41.487616],[76.649343,41.485378],[76.628917,41.475531],[76.616791,41.473334],[76.606212,41.476142],[76.583507,41.489366],[76.572276,41.49376],[76.560802,41.4949],[76.524425,41.49376],[76.498546,41.504828],[76.486501,41.506863],[76.091563,41.449286],[76.009858,41.44599],[75.812022,41.462755],[75.712169,41.443305],[75.691417,41.431098],[75.653575,41.399848],[75.631847,41.389919],[75.605072,41.38349],[75.551768,41.37934],[75.505463,41.382188],[75.479747,41.386542],[75.462413,41.393622],[75.455577,41.386176],[75.432628,41.397162],[75.376964,41.407294],[75.279714,41.43769],[75.256358,41.448269],[75.249522,41.440863],[75.229015,41.448065],[74.81129,41.420966],[74.80071,41.424994],[74.776296,41.438056],[74.766368,41.440863],[74.738862,41.437567],[74.666596,41.41352],[74.641694,41.409451],[74.621023,41.411444],[74.603282,41.418972],[74.588145,41.43122],[74.571056,41.439561],[74.546479,41.442694],[74.495372,41.440863],[74.470225,41.435248],[74.428233,41.417344],[74.403575,41.41352],[74.393972,41.410427],[74.375499,41.396755],[74.369395,41.393622],[74.305268,41.383328],[74.281179,41.375027],[74.26946,41.372504],[74.257335,41.372911],[74.225108,41.37934],[74.219656,41.381619],[74.202078,41.391384],[74.190929,41.393622],[74.156749,41.392524],[74.145925,41.393622],[74.0796,41.417507],[74.029796,41.423855],[74.011485,41.431423],[73.94752,41.483181],[73.936941,41.501899],[73.943858,41.52029],[73.953624,41.537543],[73.953217,41.557969],[73.94044,41.599066],[73.939708,41.605658],[73.941417,41.61872],[73.94044,41.62641],[73.926199,41.653673],[73.875092,41.713446],[73.868256,41.718695],[73.782807,41.729438],[73.757498,41.737738],[73.687266,41.777208],[73.601166,41.795722],[73.584076,41.804511],[73.567312,41.801093],[73.528412,41.801052],[73.508556,41.797065],[73.495697,41.790066],[73.483653,41.781195],[73.469493,41.773627],[73.45045,41.770372],[73.297862,41.775987]],[[72.653738,41.667426],[72.630789,41.633857],[72.597585,41.617296],[72.561615,41.604356],[72.412364,41.509711],[72.375011,41.51496],[72.324636,41.494737],[72.276866,41.464871],[72.247813,41.440863],[72.242931,41.43419],[72.239513,41.426825],[72.23406,41.407294],[72.230724,41.369452],[72.206147,41.33747],[72.193289,41.315619],[72.186453,41.297431],[72.188406,41.293484],[72.192963,41.288153],[72.197846,41.284003],[72.200125,41.283759],[72.199148,41.277289],[72.194753,41.267646],[72.190196,41.251532],[72.181895,41.232367],[72.180186,41.225409],[72.175873,41.220404],[72.156668,41.210639],[72.152354,41.204657],[72.15032,41.190863],[72.144786,41.181586],[72.13616,41.174384],[72.070567,41.13642],[72.054779,41.11046],[71.899669,40.99018],[71.797781,40.936794],[71.778575,40.923774],[71.75823,40.91295],[71.644054,40.889919],[71.505463,40.879503],[71.43629,40.885932],[71.423839,40.884955],[71.400971,40.880683],[71.388194,40.879706],[71.377045,40.882392],[71.356619,40.892849],[71.343435,40.893378],[71.332123,40.889228],[71.318614,40.877143],[71.309255,40.87226],[71.280854,40.866645],[71.25058,40.865424],[71.227631,40.858954],[71.200857,40.846259],[71.175141,40.837226],[71.154552,40.841864],[71.137787,40.851508],[71.113536,40.858913],[71.086843,40.862006],[71.062429,40.858588],[71.052175,40.855089],[71.04241,40.849718],[71.038503,40.841132],[71.045665,40.827908],[71.056163,40.814236],[71.062266,40.799506],[71.059174,40.785956],[71.042491,40.776068],[71.015391,40.816189],[70.971283,40.802191],[70.884207,40.742499],[70.871023,40.741156],[70.843028,40.743272],[70.8296,40.742499],[70.812755,40.736396],[70.801687,40.72724],[70.792491,40.716986],[70.781749,40.707831],[70.740245,40.687934],[70.736746,40.683865],[70.734955,40.679145],[70.731537,40.675238],[70.715261,40.672431],[70.706716,40.669257],[70.692393,40.66059],[70.677419,40.650092],[70.61671,40.612169],[70.581635,40.578966],[70.568858,40.570624],[70.553722,40.565253],[70.539073,40.56212],[70.524994,40.557318],[70.511485,40.547065],[70.487641,40.515815],[70.477468,40.505723],[70.467784,40.502753],[70.398936,40.490424],[70.369151,40.475775],[70.353445,40.456366],[70.354991,40.43537]]]}},{"type":"Feature","properties":{"dissolve":"17River","scalerank":1.0,"featurecla":"River","name":"El Bahr el Abyad","name_alt":"White Nile","rivernum":17,"note":null,"min_zoom":2.0,"name_en":"White Nile","min_label":3.0},"bbox":[31.124766,9.343126,32.810557,15.634548],"geometry":{"type":"MultiLineString","coordinates":[[[31.124766,9.432481],[31.28297,9.391547],[31.327891,9.38642],[31.349132,9.37995],[31.358165,9.367377],[31.36614,9.359483],[31.384369,9.35163],[31.404877,9.345526],[31.419526,9.343126],[31.463959,9.348944],[31.509695,9.364447],[31.551362,9.386501],[31.583995,9.412055],[31.612804,9.44831],[31.626231,9.471259],[31.631847,9.490546],[31.634939,9.495795],[31.649099,9.508979],[31.652354,9.51789],[31.649425,9.527208],[31.635753,9.543728],[31.631847,9.555447],[31.635834,9.575019],[31.660167,9.599148],[31.669037,9.620063],[31.67685,9.623155],[31.697276,9.624335],[31.704845,9.629096],[31.720632,9.658474],[31.739675,9.670274],[31.760509,9.676378],[31.806895,9.678982],[31.828136,9.684272],[31.920502,9.751492],[31.939952,9.758368],[31.96461,9.76085],[31.975678,9.767524],[31.986339,9.783149],[32.002452,9.816107],[32.025401,9.845649],[32.092214,9.889106],[32.125255,9.919135],[32.155284,9.957465],[32.168386,9.979031],[32.176524,10.007636],[32.183523,10.015245],[32.19337,10.019965],[32.204112,10.021552],[32.212169,10.025336],[32.218354,10.034532],[32.238536,10.089301],[32.246593,10.104112],[32.259044,10.110297],[32.266205,10.119818],[32.280365,10.16706],[32.28297,10.185411],[32.278575,10.20307],[32.259858,10.231716],[32.253429,10.249864],[32.244151,10.268378],[32.241954,10.278835],[32.243175,10.28974],[32.247976,10.311062],[32.248139,10.323188],[32.24586,10.334499],[32.235037,10.364203],[32.233409,10.376532],[32.235037,10.408555],[32.231537,10.429633],[32.220876,10.440863],[32.203705,10.445339],[32.133311,10.44477],[32.108653,10.451443],[32.098074,10.470323],[32.100678,10.51142],[32.104991,10.529893],[32.111746,10.54914],[32.135834,10.584784],[32.241954,10.680121],[32.300792,10.749091],[32.336436,10.779608],[32.372325,10.79621],[32.382253,10.796495],[32.403819,10.794501],[32.413259,10.79621],[32.425304,10.804551],[32.490733,10.892401],[32.505382,10.918972],[32.516205,10.933539],[32.523204,10.939561],[32.558686,10.951483],[32.572683,10.967231],[32.612804,10.98664],[32.625499,10.994818],[32.646902,11.034003],[32.652761,11.071357],[32.652924,11.244656],[32.650808,11.254096],[32.641531,11.274034],[32.639252,11.28559],[32.64088,11.309109],[32.645518,11.330634],[32.67628,11.39586],[32.680756,11.416287],[32.687022,11.501899],[32.707042,11.574897],[32.722341,11.608913],[32.741628,11.638495],[32.761241,11.678819],[32.768565,11.72838],[32.76588,11.779405],[32.755382,11.824042],[32.724376,11.908718],[32.722179,11.957628],[32.749115,11.995307],[32.746674,12.028022],[32.728526,12.10456],[32.730072,12.202257],[32.721202,12.221259],[32.723074,12.25491],[32.729259,12.292182],[32.740977,12.327419],[32.767507,12.367987],[32.772878,12.385321],[32.778738,12.440456],[32.796886,12.495632],[32.80364,12.566962],[32.755382,12.769965],[32.754893,12.78795],[32.759044,12.801622],[32.764903,12.814805],[32.769542,12.831407],[32.769786,12.850287],[32.76588,12.870225],[32.752208,12.906806],[32.755626,12.930935],[32.797862,12.991523],[32.810557,13.016384],[32.810069,13.036729],[32.802745,13.049018],[32.79241,13.058621],[32.783214,13.07099],[32.774425,13.122423],[32.766205,13.136176],[32.760346,13.143622],[32.75351,13.159857],[32.748546,13.167182],[32.740733,13.17182],[32.725027,13.173407],[32.718028,13.17711],[32.666515,13.215033],[32.628673,13.249579],[32.619395,13.262234],[32.613292,13.278103],[32.604991,13.313259],[32.576589,13.357042],[32.570811,13.393622],[32.577729,13.468288],[32.587332,13.502509],[32.614024,13.569525],[32.619395,13.605414],[32.612559,13.62641],[32.596609,13.630479],[32.57724,13.629828],[32.560639,13.636501],[32.550304,13.644884],[32.522227,13.662624],[32.509532,13.673692],[32.481863,13.709581],[32.475352,13.722113],[32.472667,13.740058],[32.474376,13.782294],[32.47169,13.794053],[32.384288,13.860622],[32.358002,13.887234],[32.340261,13.916368],[32.330007,13.947577],[32.325125,13.980902],[32.323985,14.016628],[32.3213,14.029893],[32.30714,14.064276],[32.292247,14.088324],[32.282807,14.124823],[32.276134,14.140448],[32.23406,14.192003],[32.215587,14.221381],[32.200613,14.283881],[32.167735,14.347032],[32.159434,14.379421],[32.162364,14.409044],[32.184011,14.475165],[32.197032,14.503526],[32.201915,14.531521],[32.185069,14.590359],[32.179861,14.619656],[32.184011,14.650702],[32.194265,14.687812],[32.208507,14.722683],[32.22462,14.746853],[32.304698,14.820868],[32.323985,14.852362],[32.336436,14.885932],[32.344493,14.900173],[32.358002,14.913845],[32.410818,14.946357],[32.423595,14.962226],[32.428152,14.987901],[32.419851,15.050564],[32.420177,15.078925],[32.436697,15.145453],[32.475108,15.241807],[32.483409,15.274685],[32.489024,15.346137],[32.482514,15.381863],[32.454112,15.443549],[32.44752,15.476142],[32.452566,15.508328],[32.476166,15.571357],[32.484793,15.623358],[32.490164,15.634548]]]}},{"type":"Feature","properties":{"dissolve":"195River","scalerank":5.0,"featurecla":"River","name":"Panj","name_alt":null,"rivernum":195,"note":null,"min_zoom":4.7,"name_en":"Panj","min_label":5.7},"bbox":[68.212006,36.6789,72.657319,38.473944],"geometry":{"type":"MultiLineString","coordinates":[[[72.657319,37.029079],[72.508311,37.011339],[72.47462,36.997667],[72.405528,37.00788],[72.360606,37.000556],[72.259288,36.967597],[72.219819,36.945828],[72.20989,36.936835],[72.195567,36.919216],[72.186453,36.911648],[72.152436,36.895941],[72.126231,36.872911],[71.836192,36.699408],[71.797293,36.686347],[71.748139,36.6789],[71.699636,36.6789],[71.652761,36.687201],[71.610769,36.705105],[71.576915,36.733507],[71.563487,36.750922],[71.552419,36.769802],[71.544932,36.790229],[71.538178,36.836371],[71.528087,36.856391],[71.471283,36.930284],[71.462576,36.94831],[71.459483,36.969997],[71.459483,37.011013],[71.456065,37.022773],[71.438894,37.044379],[71.432872,37.054999],[71.430756,37.067247],[71.432872,37.12755],[71.440684,37.168728],[71.446381,37.183865],[71.453298,37.192816],[71.449718,37.216905],[71.486746,37.267279],[71.487641,37.295233],[71.493337,37.307725],[71.496186,37.328803],[71.494395,37.370917],[71.486827,37.409369],[71.489838,37.423611],[71.501231,37.446072],[71.510834,37.486151],[71.496755,37.566759],[71.501231,37.610541],[71.504649,37.616278],[71.516856,37.629462],[71.521576,37.637885],[71.524343,37.647976],[71.529063,37.678819],[71.540538,37.709988],[71.542084,37.719794],[71.539968,37.73078],[71.530772,37.75198],[71.529063,37.761339],[71.537364,37.779324],[71.574229,37.798285],[71.589854,37.815985],[71.593842,37.834011],[71.594656,37.857733],[71.593028,37.879584],[71.589854,37.89171],[71.597341,37.898546],[71.566905,37.92829],[71.536713,37.944648],[71.500662,37.946479],[71.378835,37.913153],[71.360444,37.902289],[71.34075,37.893581],[71.319347,37.900824],[71.281505,37.925238],[71.270763,37.926378],[71.263113,37.924628],[71.257823,37.926703],[71.254161,37.939521],[71.255382,37.950141],[71.265391,37.972764],[71.272227,37.998236],[71.30185,38.042548],[71.315522,38.083523],[71.334076,38.111884],[71.340587,38.141181],[71.358653,38.184353],[71.363862,38.207058],[71.357595,38.251492],[71.334076,38.28087],[71.299734,38.298896],[71.217296,38.326117],[71.155528,38.37641],[71.116954,38.39879],[71.088878,38.41002],[71.076671,38.412462],[71.064464,38.412055],[71.056651,38.409247],[71.049327,38.408881],[71.039073,38.415595],[71.032644,38.423896],[71.024099,38.442165],[71.018158,38.450019],[71.008067,38.458808],[70.997651,38.465888],[70.98642,38.471137],[70.973643,38.473944],[70.950287,38.473334],[70.942963,38.466173],[70.9463,38.443468],[70.935802,38.433173],[70.911713,38.437852],[70.870535,38.453437],[70.858897,38.451931],[70.853282,38.447699],[70.849213,38.443061],[70.842703,38.440375],[70.833588,38.440782],[70.817475,38.445258],[70.808523,38.446601],[70.776785,38.446723],[70.760753,38.443793],[70.753917,38.436632],[70.741303,38.419704],[70.682872,38.414822],[70.66448,38.405626],[70.66448,38.39879],[70.684255,38.386908],[70.67628,38.37519],[70.64088,38.354438],[70.631765,38.350409],[70.608897,38.351426],[70.59962,38.347276],[70.59547,38.338446],[70.595225,38.327989],[70.596202,38.317816],[70.596202,38.309434],[70.58253,38.275255],[70.57252,38.271308],[70.559011,38.268378],[70.546804,38.262885],[70.537364,38.238308],[70.508067,38.192735],[70.482026,38.137641],[70.4699,38.120714],[70.459565,38.112494],[70.425548,38.100898],[70.414968,38.094753],[70.370697,38.058539],[70.325776,38.011542],[70.317475,38.006537],[70.293468,37.996365],[70.288259,37.991034],[70.283376,37.982123],[70.272227,37.97838],[70.260509,37.976671],[70.253673,37.97366],[70.250011,37.964382],[70.249604,37.955837],[70.253347,37.947618],[70.26116,37.939521],[70.237722,37.932644],[70.214285,37.929511],[70.191824,37.933132],[70.171641,37.946357],[70.160085,37.920925],[70.164806,37.890163],[70.178803,37.861029],[70.195567,37.840196],[70.207042,37.835883],[70.239838,37.827826],[70.246755,37.819403],[70.249441,37.80504],[70.256114,37.79206],[70.265147,37.78144],[70.274669,37.774441],[70.269135,37.762885],[70.271251,37.748887],[70.281505,37.719794],[70.282725,37.705024],[70.28004,37.696316],[70.276541,37.688259],[70.274669,37.675727],[70.262136,37.661078],[70.257335,37.658311],[70.253022,37.654853],[70.253429,37.646796],[70.254812,37.637722],[70.253673,37.631049],[70.247813,37.623603],[70.245697,37.621446],[70.240489,37.617377],[70.237234,37.618354],[70.218028,37.617703],[70.215912,37.617377],[70.201589,37.588243],[70.198985,37.579535],[70.192393,37.576239],[70.157319,37.541612],[70.128835,37.532538],[70.098643,37.536811],[70.068777,37.545478],[70.04127,37.549099],[70.047455,37.541612],[70.016531,37.54621],[70.007091,37.549099],[69.998139,37.555854],[69.994151,37.562445],[69.989024,37.567572],[69.976085,37.569607],[69.954845,37.575751],[69.944021,37.589952],[69.934825,37.605902],[69.918468,37.617377],[69.894786,37.618435],[69.852794,37.601508],[69.832449,37.596869],[69.822683,37.593126],[69.812266,37.586046],[69.801768,37.581732],[69.791433,37.58629],[69.783946,37.590644],[69.761811,37.596055],[69.753917,37.596869],[69.72934,37.594346],[69.686941,37.579861],[69.664561,37.576443],[69.52825,37.586249],[69.508311,37.579291],[69.490815,37.537218],[69.46933,37.520372],[69.424897,37.494452],[69.421316,37.489773],[69.415294,37.47781],[69.411225,37.472724],[69.403738,37.467108],[69.389252,37.459052],[69.384044,37.453559],[69.37794,37.43769],[69.375906,37.419135],[69.376557,37.380927],[69.37851,37.377387],[69.387787,37.375312],[69.39088,37.370917],[69.390554,37.365546],[69.388194,37.36404],[69.385346,37.363349],[69.384044,37.360419],[69.384369,37.351142],[69.385916,37.341742],[69.389089,37.333197],[69.394216,37.32628],[69.402599,37.311347],[69.409272,37.276923],[69.417491,37.26789],[69.409434,37.245917],[69.426362,37.239691],[69.444835,37.23664],[69.441661,37.223822],[69.407237,37.17768],[69.39088,37.164862],[69.350515,37.144395],[69.334239,37.129259],[69.323416,37.121202],[69.311615,37.117743],[69.285248,37.113145],[69.265229,37.105658],[69.245372,37.104112],[69.150645,37.155219],[69.145437,37.157253],[69.123139,37.169379],[69.113862,37.177761],[69.095876,37.213324],[69.078054,37.225409],[69.055186,37.237372],[69.035411,37.251817],[69.020763,37.288194],[69.004975,37.305772],[68.984874,37.320624],[68.964936,37.329372],[68.896902,37.336208],[68.893158,37.337348],[68.887462,37.338406],[68.884695,37.335028],[68.889903,37.323106],[68.896251,37.316718],[68.912527,37.306993],[68.917247,37.30268],[68.920665,37.288194],[68.915457,37.279242],[68.904307,37.276923],[68.889903,37.282172],[68.876557,37.296332],[68.867686,37.312364],[68.856375,37.325141],[68.835378,37.329372],[68.813406,37.323676],[68.809825,37.312323],[68.821707,37.282172],[68.824229,37.26085],[68.819916,37.251166],[68.808035,37.251817],[68.770925,37.270941],[68.759288,37.275499],[68.746104,37.276435],[68.725515,37.274726],[68.686534,37.279242],[68.668468,37.27851],[68.657156,37.26789],[68.662364,37.263983],[68.66505,37.25963],[68.670828,37.247423],[68.648204,37.244574],[68.635916,37.230089],[68.6303,37.214057],[68.626475,37.206488],[68.608409,37.204372],[68.570893,37.194932],[68.551036,37.192816],[68.546153,37.188503],[68.532237,37.169257],[68.523448,37.164862],[68.51295,37.164252],[68.465424,37.155585],[68.403331,37.151882],[68.417572,37.128485],[68.411143,37.113593],[68.391368,37.10574],[68.365489,37.103461],[68.345632,37.107123],[68.326182,37.113308],[68.307058,37.114529],[68.287852,37.103461],[68.280284,37.086859],[68.281179,37.066718],[68.287852,37.024604],[68.277354,37.010321],[68.253429,37.010443],[68.212006,37.021511]]]}},{"type":"Feature","properties":{"dissolve":"199River","scalerank":5.0,"featurecla":"River","name":"Amu  Darya","name_alt":null,"rivernum":199,"note":null,"min_zoom":4.7,"name_en":"Amu  Darya","min_label":5.7},"bbox":[58.314464,36.925482,68.212006,44.426337],"geometry":{"type":"MultiLineString","coordinates":[[[59.098562,43.291693],[59.097911,43.325303],[59.093842,43.335395],[59.083588,43.346381],[59.052013,43.367865],[59.040457,43.37991],[59.031749,43.419745],[59.020925,43.431016],[58.988699,43.448757],[58.973237,43.466986],[58.972179,43.482937],[58.977631,43.499864],[58.981212,43.521064],[58.97934,43.531928],[58.976329,43.536648],[58.976654,43.540351],[58.989268,43.552843],[58.999604,43.569363],[59.00172,43.575995],[59.005056,43.59809],[59.014415,43.609687],[59.042735,43.627509],[59.05714,43.643826],[59.060557,43.656521],[59.056407,43.685574],[59.052175,43.701931],[59.042003,43.710964],[59.030691,43.718288],[58.992117,43.76907],[58.959239,43.799913],[58.918956,43.822211],[58.813406,43.845974],[58.763601,43.87287],[58.729421,43.878852],[58.594168,43.878689],[58.567556,43.888454],[58.550385,43.91824],[58.5442,43.942206],[58.5442,43.964545],[58.549083,43.983181],[58.55657,44.000556],[58.550304,44.025417],[58.542979,44.041531],[58.542979,44.060126],[58.549083,44.076239],[58.560313,44.094916],[58.575206,44.109727],[58.577647,44.127143],[58.563975,44.142035],[58.552826,44.154486],[58.541596,44.169379],[58.523041,44.189276],[58.494395,44.209052],[58.475841,44.240098],[58.470795,44.261257],[58.457286,44.273627],[58.432384,44.298448],[58.401378,44.320828],[58.377696,44.33572],[58.357921,44.3581],[58.335541,44.374213],[58.319428,44.392768],[58.314464,44.410183],[58.315684,44.426337]],[[68.212006,37.021511],[68.185964,37.018581],[68.167491,37.006374],[68.151459,36.992987],[68.133067,36.986762],[68.120616,36.980536],[68.054454,36.934882],[68.044363,36.92947],[68.032237,36.925482],[68.019786,36.925889],[68.010671,36.931098],[68.005626,36.93891],[68.001557,36.947699],[67.995697,36.956081],[67.961355,36.99018],[67.952566,36.996446],[67.928966,37.006456],[67.917979,37.014106],[67.901947,37.034613],[67.891612,37.052273],[67.877696,37.064643],[67.83253,37.07335],[67.807628,37.083523],[67.785085,37.096788],[67.772553,37.110297],[67.771576,37.12519],[67.780203,37.189073],[67.775645,37.207831],[67.763682,37.221137],[67.746349,37.2296],[67.725515,37.233832],[67.689871,37.232489],[67.677175,37.233832],[67.666026,37.238227],[67.644135,37.251492],[67.632742,37.254259],[67.621511,37.253201],[67.602306,37.248562],[67.591807,37.247423],[67.585704,37.242865],[67.579519,37.232937],[67.571788,37.223415],[67.561046,37.22016],[67.544526,37.231757],[67.525645,37.273139],[67.502696,37.282172],[67.481944,37.277655],[67.463634,37.266466],[67.430675,37.240017],[67.410737,37.228095],[67.390717,37.219794],[67.36907,37.214911],[67.344737,37.213324],[67.319021,37.208686],[67.281016,37.18891],[67.2588,37.18537],[67.236339,37.192694],[67.225027,37.207953],[67.217459,37.226508],[67.20753,37.24372],[67.187429,37.258409],[67.143077,37.272081],[67.122813,37.282172],[67.113536,37.297431],[67.097097,37.340847],[67.084565,37.34988],[67.063731,37.354804],[67.023692,37.377753],[67.005463,37.384589],[66.957286,37.385443],[66.865245,37.368232],[66.73463,37.363552],[66.724132,37.360419],[66.704194,37.346747],[66.693614,37.343695],[66.666596,37.34455],[66.654307,37.346381],[66.588308,37.36872],[66.564138,37.370917],[66.538585,37.369412],[66.519135,37.364366],[66.502452,37.355902],[66.484793,37.343695],[66.469656,37.330024],[66.460948,37.324652],[66.450694,37.323106],[66.438243,37.328152],[66.423269,37.345974],[66.413097,37.34988],[66.389171,37.347439],[66.320323,37.329372],[66.293956,37.331407],[66.273936,37.343533],[66.257335,37.357042],[66.241466,37.363552],[66.232026,37.365587],[66.218191,37.375027],[66.207449,37.377143],[66.174327,37.375759],[66.162608,37.377143],[66.142589,37.385321],[66.125255,37.398953],[66.097585,37.428656],[66.079194,37.441107],[65.854747,37.508124],[65.835704,37.519355],[65.828705,37.525906],[65.820567,37.535468],[65.803803,37.565538],[65.796153,37.569607],[65.776134,37.573106],[65.710704,37.596869],[65.6692,37.599921],[65.648692,37.603787],[65.631602,37.613959],[65.601492,37.638536],[65.55185,37.664862],[65.536713,37.669298],[65.520437,37.67182],[65.501557,37.672634],[65.485362,37.676378],[65.458507,37.693956],[65.402843,37.711208],[65.307058,37.708564],[65.265147,37.72724],[65.255382,37.742743],[65.239024,37.787624],[65.22755,37.805732],[65.213308,37.82156],[65.146251,37.943549],[65.118256,37.981269],[65.086436,38.007758],[65.025076,38.044216],[65.007823,38.049384],[64.954112,38.092475],[64.936127,38.103949],[64.897716,38.119818],[64.876964,38.124823],[64.854096,38.124457],[64.676036,38.179714],[64.608002,38.209174],[64.583263,38.213202],[64.568858,38.218573],[64.538097,38.244656],[64.518484,38.254218],[64.470876,38.26435],[64.451427,38.271796],[64.370535,38.327216],[64.353933,38.343573],[64.306733,38.412543],[64.281261,38.44123],[64.177826,38.507514],[64.154389,38.531928],[64.097341,38.648871],[64.072032,38.681586],[64.038585,38.707302],[63.997081,38.730902],[63.977794,38.747097],[63.969737,38.765326],[63.966889,38.829372],[63.962901,38.844509],[63.952647,38.859727],[63.911388,38.902533],[63.906749,38.911322],[63.90325,38.934109],[63.897472,38.943427],[63.879324,38.956977],[63.859874,38.967353],[63.848399,38.97016],[63.823416,38.971381],[63.812022,38.974189],[63.78419,38.992947],[63.774913,38.995307],[63.754893,39.003689],[63.739024,39.023301],[63.716401,39.062934],[63.686127,39.09101],[63.647716,39.110541],[63.558197,39.138699],[63.522227,39.159695],[63.468761,39.220038],[63.428396,39.241726],[63.416108,39.243842],[63.391694,39.245429],[63.379975,39.248562],[63.373546,39.253974],[63.364675,39.263007],[63.35434,39.27143],[63.320079,39.281765],[63.278819,39.312934],[63.257091,39.323676],[63.236095,39.325385],[63.1963,39.317816],[63.175304,39.31623],[63.138601,39.323594],[63.120209,39.331732],[63.109386,39.329901],[63.09905,39.325873],[63.08961,39.323676],[63.049815,39.331],[63.022472,39.350165],[62.982921,39.406195],[62.993663,39.433783],[62.997325,39.480251],[62.995616,39.52558],[62.990245,39.550157],[62.974213,39.559638],[62.94866,39.570828],[62.924897,39.584337],[62.914561,39.601101],[62.909923,39.622341],[62.897472,39.640082],[62.879893,39.652777],[62.859386,39.6588],[62.773936,39.6588],[62.753673,39.666938],[62.738699,39.686225],[62.715831,39.728339],[62.70696,39.739529],[62.702403,39.743598],[62.695404,39.748155],[62.683523,39.752997],[62.653819,39.76085],[62.634939,39.771267],[62.625011,39.774766],[62.616791,39.78087],[62.613536,39.793524],[62.612315,39.804714],[62.609386,39.812323],[62.599213,39.82453],[62.552338,39.85578],[62.544688,39.868598],[62.5442,39.890082],[62.541921,39.907294],[62.535737,39.92296],[62.524099,39.940009],[62.452403,40.009467],[62.441661,40.0362],[62.42392,40.092353],[62.421153,40.115302],[62.425304,40.136908],[62.433604,40.155097],[62.439138,40.173163],[62.435476,40.194444],[62.404714,40.245551],[62.400645,40.265896],[62.399669,40.292344],[62.396088,40.312283],[62.38795,40.33039],[62.362071,40.3699],[62.355968,40.388373],[62.352794,40.430691],[62.343272,40.439643],[62.260346,40.475938],[62.212983,40.486843],[62.191417,40.499213],[62.184988,40.508124],[62.17685,40.530829],[62.17099,40.540229],[62.133718,40.57807],[62.120209,40.599189],[62.09962,40.66059],[62.088308,40.674628],[62.055268,40.702012],[62.044363,40.715277],[62.036388,40.736518],[62.024913,40.782172],[61.993337,40.866075],[61.982351,40.885932],[61.989757,40.893378],[61.984874,40.908149],[61.982351,40.978705],[61.978933,40.99905],[61.97047,41.015652],[61.896983,41.109076],[61.877452,41.125271],[61.653901,41.24962],[61.566905,41.278022],[61.469493,41.297431],[61.432709,41.300605],[61.410248,41.292263],[61.396658,41.271267],[61.387136,41.235948],[61.35906,41.238715],[61.311615,41.263943],[61.28712,41.270128],[61.278087,41.277655],[61.256602,41.331],[61.243907,41.345486],[61.190929,41.38996],[61.171967,41.398261],[61.114187,41.406765],[61.091563,41.41352],[61.060639,41.434516],[61.024832,41.464952],[61.013113,41.47073],[61.000499,41.474718],[60.975108,41.478705],[60.738292,41.639431],[60.70574,41.66706],[60.680105,41.701483],[60.663097,41.740343],[60.651785,41.756781],[60.635916,41.763536],[60.587983,41.764716],[60.567149,41.768663],[60.549734,41.777208],[60.535655,41.790635],[60.507742,41.828315],[60.496674,41.853949],[60.469656,41.884955],[60.461518,41.900743],[60.462169,41.945909],[60.458751,41.966498],[60.444428,41.975206],[60.395112,41.979275],[60.344819,41.988837],[60.334239,41.993191],[60.303966,42.010606],[60.286632,42.027533],[60.276134,42.044379],[60.271088,42.063829],[60.269786,42.088813],[60.264903,42.111436],[60.252859,42.129218],[60.052013,42.266303],[60.004812,42.287177],[59.968516,42.296088],[59.929128,42.318793],[59.906668,42.325263],[59.88323,42.324327],[59.841726,42.313666],[59.821056,42.310981],[59.794688,42.312323],[59.771902,42.316352],[59.642345,42.366523],[59.606456,42.385321],[59.512218,42.47956],[59.493337,42.492987],[59.449474,42.512885],[59.433116,42.524522],[59.428233,42.534003],[59.419444,42.565497],[59.410655,42.56741],[59.396983,42.567003],[59.383393,42.564887],[59.365001,42.558295],[59.352468,42.563544],[59.341807,42.572943],[59.337494,42.582302],[59.33074,42.589301],[59.299571,42.59573],[59.289806,42.599636],[59.286388,42.618109],[59.299083,42.63349],[59.315684,42.648139],[59.323822,42.664496],[59.330089,42.708075],[59.329112,42.730007],[59.317556,42.749823],[59.275076,42.768256],[59.231049,42.771308],[59.204519,42.785997],[59.213959,42.839219],[59.222585,42.85224],[59.226329,42.861029],[59.227631,42.873358],[59.224213,42.885118],[59.210867,42.904486],[59.207774,42.9112],[59.16627,42.976386],[59.157725,42.981716],[59.138927,42.988796],[59.132091,42.996283],[59.128673,43.006171],[59.12794,43.017646],[59.131765,43.027045],[59.1421,43.031033],[59.157725,43.041571],[59.163503,43.065985],[59.162852,43.093573],[59.159434,43.113593],[59.140229,43.168647],[59.138276,43.192084],[59.133067,43.214667],[59.120535,43.224392],[59.104747,43.23078],[59.090424,43.243272],[59.084076,43.268663],[59.09726,43.2838],[59.115815,43.295111],[59.125255,43.308783],[59.124522,43.330349],[59.121349,43.344753],[59.06601,43.435736],[59.057546,43.444932],[59.046153,43.448757],[59.040945,43.452094],[59.035248,43.460313],[59.031016,43.470649],[59.029063,43.480048],[59.03183,43.494574],[59.038666,43.50141],[59.047537,43.506903],[59.056407,43.517646],[59.057384,43.525906],[59.054128,43.544745],[59.056407,43.551134],[59.065847,43.55329],[59.095714,43.550482],[59.133311,43.539089],[59.154796,43.541287],[59.173432,43.551215],[59.193451,43.565456],[59.253022,43.591376],[59.262462,43.602973],[59.269216,43.644599],[59.267507,43.65705],[59.2588,43.677558],[59.255626,43.688992],[59.256765,43.704169],[59.264659,43.73904],[59.262462,43.75788],[59.254324,43.770372],[59.221446,43.805609],[59.153819,43.843695],[59.146495,43.842963],[59.130626,43.844062],[59.115164,43.852118],[59.109386,43.872382],[59.069835,43.923448],[59.055593,43.94835],[59.064138,43.965766],[59.082937,43.984402],[59.102794,44.002997],[59.126394,44.009223],[59.131358,44.016669],[59.147472,44.032782],[59.15976,44.039008],[59.178396,44.042751],[59.208263,44.050157],[59.231863,44.063829],[59.257904,44.077501],[59.28769,44.082465],[59.313894,44.080024],[59.343679,44.081244],[59.375906,44.082465],[59.403087,44.086208],[59.434174,44.091132],[59.465261,44.101101],[59.486339,44.113471],[59.513601,44.123399],[59.526134,44.132148],[59.541026,44.148261]]]}},{"type":"Feature","properties":{"dissolve":"19River","scalerank":1.0,"featurecla":"River","name":"Rosetta Branch","name_alt":null,"rivernum":19,"note":null,"min_zoom":2.0,"name_en":"Rosetta Branch","min_label":3.0},"bbox":[30.398529,30.123847,31.236908,31.443386],"geometry":{"type":"MultiLineString","coordinates":[[[31.236908,30.123847],[31.23406,30.133368],[31.228445,30.141059],[31.218516,30.146104],[31.179454,30.150092],[31.16627,30.15587],[31.145274,30.17532],[31.117931,30.188992],[31.093272,30.206651],[31.081147,30.211697],[31.067556,30.221503],[31.059581,30.223741],[31.050792,30.221747],[31.036876,30.212266],[31.029226,30.209418],[31.008718,30.209662],[30.990977,30.215196],[30.978608,30.225653],[30.973888,30.240505],[30.972748,30.262885],[30.969737,30.273301],[30.96339,30.277696],[30.962169,30.280219],[30.95045,30.28498],[30.939138,30.28795],[30.929698,30.291042],[30.926768,30.291693],[30.919932,30.305691],[30.917979,30.315782],[30.918224,30.326972],[30.916759,30.336046],[30.909272,30.339789],[30.882416,30.34573],[30.851085,30.326117],[30.832937,30.333686],[30.826427,30.347846],[30.833018,30.361599],[30.879324,30.372748],[30.872813,30.383897],[30.844249,30.401231],[30.841401,30.415554],[30.844249,30.429958],[30.848643,30.442939],[30.851085,30.45307],[30.849132,30.46365],[30.844168,30.474962],[30.830496,30.497423],[30.837983,30.506781],[30.845225,30.518256],[30.850108,30.531358],[30.851085,30.545844],[30.843028,30.548367],[30.83546,30.547146],[30.829031,30.54682],[30.823741,30.552069],[30.820893,30.56037],[30.821056,30.568468],[30.826101,30.575263],[30.837413,30.579372],[30.837413,30.586859],[30.816905,30.595526],[30.804454,30.613349],[30.798106,30.637519],[30.795909,30.680121],[30.793468,30.694444],[30.788178,30.70539],[30.779063,30.709744],[30.774099,30.716335],[30.781179,30.730496],[30.791108,30.743598],[30.796397,30.74726],[30.792247,30.763495],[30.78183,30.763739],[30.768321,30.759955],[30.754893,30.76435],[30.753022,30.775417],[30.760265,30.788886],[30.770112,30.800482],[30.77589,30.805976],[30.802257,30.81212],[30.814871,30.817572],[30.816173,30.827012],[30.806651,30.833279],[30.792491,30.832546],[30.761729,30.827012],[30.784923,30.84101],[30.789561,30.846869],[30.792898,30.856716],[30.793549,30.868191],[30.789806,30.877712],[30.779063,30.881659],[30.756847,30.88581],[30.759858,30.896267],[30.773367,30.909613],[30.782156,30.922634],[30.777273,30.939073],[30.75351,30.970893],[30.751475,30.97663],[30.763438,30.983466],[30.753184,30.998399],[30.736095,31.013007],[30.72755,31.018826],[30.724701,31.027371],[30.727957,31.042182],[30.72755,31.052314],[30.723074,31.06212],[30.709239,31.078477],[30.706309,31.083075],[30.699148,31.091986],[30.651866,31.114366],[30.605886,31.172797],[30.597911,31.179999],[30.586925,31.183295],[30.581065,31.186225],[30.569916,31.19949],[30.562429,31.203192],[30.554698,31.202663],[30.550792,31.199897],[30.547537,31.197048],[30.542572,31.196357],[30.54241,31.195868],[30.525157,31.196357],[30.52532,31.202094],[30.519216,31.229315],[30.514659,31.237901],[30.507823,31.237901],[30.507823,31.230496],[30.501557,31.230496],[30.499278,31.233507],[30.498953,31.234727],[30.498057,31.235663],[30.494151,31.237901],[30.494151,31.244167],[30.505626,31.254421],[30.514252,31.270209],[30.52003,31.289333],[30.522065,31.309638],[30.521007,31.320095],[30.518077,31.327989],[30.513601,31.334296],[30.507823,31.339708],[30.503835,31.342353],[30.495372,31.346788],[30.490977,31.350613],[30.483165,31.354438],[30.477468,31.350124],[30.474213,31.343329],[30.473643,31.339708],[30.46461,31.342841],[30.458018,31.347927],[30.454031,31.355007],[30.452566,31.364569],[30.448334,31.374945],[30.439138,31.379421],[30.429861,31.381456],[30.425873,31.384711],[30.426524,31.409491],[30.424571,31.428982],[30.41505,31.440945],[30.398529,31.443386]]]}},{"type":"Feature","properties":{"dissolve":"209Lake Centerline","scalerank":6.0,"featurecla":"Lake Centerline","name":"Suez Canal","name_alt":null,"rivernum":209,"note":null,"min_zoom":5.0,"name_en":"Suez Canal","min_label":6.0},"bbox":[32.359467,30.180691,32.560964,30.424262],"geometry":{"type":"MultiLineString","coordinates":[[[32.560964,30.180691],[32.560802,30.181098],[32.560802,30.181505],[32.554698,30.209296],[32.538015,30.242621],[32.506928,30.266425],[32.459402,30.273546],[32.430675,30.29031],[32.397472,30.337917],[32.35963,30.423936],[32.359467,30.424262]]]}},{"type":"Feature","properties":{"dissolve":"209River","scalerank":6.0,"featurecla":"River","name":"Suez Canal","name_alt":null,"rivernum":209,"note":null,"min_zoom":5.0,"name_en":"Suez Canal","min_label":6.0},"bbox":[32.296641,30.01142,32.577729,31.272732],"geometry":{"type":"MultiLineString","coordinates":[[[32.359874,30.423611],[32.336355,30.505154],[32.322765,30.540635],[32.296641,30.566352],[32.303477,30.593044],[32.334076,30.644965],[32.34433,30.720567],[32.341563,30.744696],[32.3178,30.812771],[32.303477,31.244167],[32.302664,31.256537],[32.308849,31.267686],[32.313894,31.272732]],[[32.560802,30.181505],[32.577729,30.01142]]]}},{"type":"Feature","properties":{"dissolve":"20River","scalerank":1.0,"featurecla":"River","name":"Damietta Branch","name_alt":null,"rivernum":20,"note":null,"min_zoom":2.0,"name_en":"Damietta Branch","min_label":3.0},"bbox":[31.055756,30.17532,31.844737,31.525336],"geometry":{"type":"MultiLineString","coordinates":[[[31.145274,30.17532],[31.134207,30.19241],[31.115245,30.215359],[31.111095,30.226833],[31.11085,30.254991],[31.107921,30.270819],[31.100597,30.277696],[31.104015,30.322292],[31.103608,30.332343],[31.092784,30.34394],[31.066824,30.360541],[31.055756,30.374579],[31.077729,30.369981],[31.086925,30.370144],[31.097341,30.374579],[31.106537,30.382392],[31.107432,30.388536],[31.104747,30.394355],[31.103608,30.401231],[31.103445,30.412706],[31.101085,30.416205],[31.10198,30.415717],[31.111095,30.414903],[31.11907,30.410956],[31.122325,30.40412],[31.125011,30.402655],[31.131602,30.414903],[31.134939,30.428412],[31.134369,30.437852],[31.135753,30.446234],[31.145274,30.456488],[31.154552,30.461249],[31.171316,30.463935],[31.179454,30.46955],[31.180593,30.474962],[31.17921,30.482001],[31.178966,30.488064],[31.183116,30.490587],[31.184174,30.491726],[31.199799,30.497423],[31.227794,30.51793],[31.227794,30.524115],[31.222097,30.531562],[31.220144,30.541856],[31.221934,30.55211],[31.227794,30.559516],[31.233409,30.558376],[31.240001,30.552191],[31.248953,30.547797],[31.261811,30.552069],[31.250987,30.564968],[31.25351,30.588243],[31.268647,30.633979],[31.270274,30.660915],[31.258393,30.706855],[31.255056,30.733954],[31.25294,30.7414],[31.24822,30.743476],[31.243663,30.744086],[31.241466,30.74726],[31.23463,30.771796],[31.230724,30.81391],[31.221202,30.822781],[31.216319,30.829861],[31.213634,30.836941],[31.218761,30.841173],[31.241466,30.846869],[31.248139,30.850409],[31.252452,30.850775],[31.254487,30.853583],[31.255056,30.864325],[31.252859,30.868191],[31.247325,30.873318],[31.240733,30.878241],[31.23463,30.881659],[31.242198,30.882839],[31.246349,30.884467],[31.249766,30.886542],[31.255056,30.888495],[31.241628,30.899115],[31.245046,30.90705],[31.2553,30.914171],[31.261811,30.922634],[31.260997,30.935248],[31.256358,30.943142],[31.252859,30.950995],[31.255056,30.963568],[31.263276,30.973741],[31.274018,30.976589],[31.285737,30.977973],[31.296804,30.984076],[31.299083,30.988471],[31.305593,31.016913],[31.310639,31.019477],[31.317149,31.020535],[31.323334,31.02501],[31.330496,31.034369],[31.337332,31.041205],[31.345876,31.046739],[31.358165,31.052314],[31.365001,31.053656],[31.389171,31.052314],[31.394542,31.054796],[31.396251,31.060736],[31.396658,31.067694],[31.399099,31.073432],[31.437022,31.128933],[31.453705,31.14171],[31.453705,31.147976],[31.45045,31.156562],[31.457612,31.163845],[31.468028,31.171983],[31.474864,31.183295],[31.488536,31.176825],[31.504893,31.172675],[31.514659,31.173896],[31.508311,31.183295],[31.508311,31.189521],[31.512299,31.191352],[31.513113,31.192084],[31.513113,31.193183],[31.515147,31.196357],[31.545665,31.187608],[31.581554,31.186469],[31.613373,31.195421],[31.631847,31.216824],[31.630951,31.230658],[31.625092,31.238959],[31.625418,31.243028],[31.642507,31.244167],[31.661713,31.248603],[31.676036,31.258857],[31.677745,31.27029],[31.65919,31.278266],[31.661876,31.285997],[31.663585,31.289578],[31.666026,31.292548],[31.672862,31.292548],[31.681163,31.286485],[31.689545,31.286444],[31.692882,31.290961],[31.686534,31.298774],[31.686534,31.30622],[31.708018,31.331244],[31.716889,31.346259],[31.720632,31.364569],[31.719656,31.367214],[31.717459,31.36933],[31.715343,31.372504],[31.714366,31.378241],[31.716889,31.381781],[31.723074,31.381415],[31.72991,31.380235],[31.734874,31.381293],[31.747813,31.391628],[31.752045,31.397488],[31.755382,31.408637],[31.768565,31.403754],[31.783132,31.408271],[31.810557,31.422227],[31.810557,31.429145],[31.801524,31.442003],[31.804617,31.458075],[31.814871,31.471747],[31.827403,31.477484],[31.824799,31.484076],[31.830658,31.498887],[31.844737,31.525336]]]}},{"type":"Feature","properties":{"dissolve":"210River","scalerank":6.0,"featurecla":"River","name":"Ismailiya Canal","name_alt":null,"rivernum":210,"note":null,"min_zoom":5.0,"name_en":"Ismailiya Canal","min_label":6.0},"bbox":[31.237559,30.120673,32.303477,30.593044],"geometry":{"type":"MultiLineString","coordinates":[[[31.237559,30.120673],[31.243907,30.122178],[31.269623,30.12287],[31.296967,30.131415],[31.312918,30.153917],[31.322195,30.185126],[31.404796,30.326239],[31.410737,30.331163],[31.451427,30.356879],[31.514659,30.382148],[31.718679,30.536729],[32.254649,30.578884],[32.303477,30.593044]]]}},{"type":"Feature","properties":{"dissolve":"229Lake Centerline","scalerank":6.0,"featurecla":"Lake Centerline","name":"Jordan","name_alt":null,"rivernum":229,"note":null,"min_zoom":5.0,"name_en":"Jordan","min_label":6.0},"bbox":[35.422862,31.325385,35.598888,32.899726],"geometry":{"type":"MultiLineString","coordinates":[[[35.598888,32.899726],[35.597179,32.87934],[35.595876,32.857937],[35.597179,32.800849],[35.594168,32.766669],[35.591075,32.74372],[35.576915,32.720282]],[[35.422862,31.325385],[35.426524,31.341864],[35.434581,31.360867],[35.452403,31.401068],[35.456309,31.423692],[35.4581,31.491807],[35.457612,31.492133],[35.458263,31.491767],[35.458588,31.492133],[35.458507,31.493028],[35.458263,31.494656],[35.463796,31.568793],[35.479584,31.641384],[35.52711,31.735297],[35.556733,31.751532],[35.559011,31.765489]]]}},{"type":"Feature","properties":{"dissolve":"229River","scalerank":6.0,"featurecla":"River","name":"Jordan","name_alt":null,"rivernum":229,"note":null,"min_zoom":5.0,"name_en":"Jordan","min_label":6.0},"bbox":[35.395274,31.230496,35.863862,33.596381],"geometry":{"type":"MultiLineString","coordinates":[[[35.863862,33.596381],[35.85019,33.587755],[35.837332,33.577663],[35.825776,33.565985],[35.816335,33.552843],[35.803396,33.511501],[35.795177,33.505316],[35.779307,33.500067],[35.761241,33.476996],[35.730724,33.466579],[35.716401,33.454291],[35.695567,33.430854],[35.676687,33.411241],[35.664968,33.389024],[35.638682,33.311835],[35.633067,33.269639],[35.628184,33.254462],[35.596772,33.197537],[35.593354,33.181342],[35.583995,32.995917],[35.598237,32.92418],[35.598888,32.899726]],[[35.576915,32.720282],[35.566824,32.711208],[35.564708,32.70543],[35.566173,32.70071],[35.572032,32.697211],[35.560476,32.69245],[35.558116,32.68126],[35.561127,32.667792],[35.565196,32.656195],[35.565684,32.652371],[35.564952,32.649766],[35.565196,32.648749],[35.560069,32.64114],[35.559581,32.63288],[35.563569,32.625678],[35.572032,32.621446],[35.572032,32.615261],[35.565196,32.615261],[35.565196,32.607774],[35.570811,32.598741],[35.573822,32.573025],[35.579519,32.560614],[35.575287,32.555203],[35.573822,32.554633],[35.573334,32.556993],[35.572032,32.560614],[35.569591,32.557074],[35.565196,32.546332],[35.559011,32.553168],[35.562429,32.532253],[35.565196,32.525906],[35.551362,32.525906],[35.551362,32.51907],[35.556733,32.519558],[35.560802,32.519355],[35.567963,32.510443],[35.570079,32.506293],[35.579519,32.497911],[35.579519,32.491767],[35.570404,32.489447],[35.564464,32.484158],[35.560802,32.477362],[35.559011,32.470649],[35.562592,32.46837],[35.564952,32.466579],[35.567556,32.465196],[35.572032,32.464423],[35.572032,32.456977],[35.565684,32.453315],[35.559011,32.450751],[35.565196,32.443915],[35.551362,32.436469],[35.553722,32.434678],[35.555675,32.435004],[35.557384,32.434353],[35.559011,32.429633],[35.551362,32.429633],[35.551362,32.423448],[35.557628,32.41824],[35.558686,32.414171],[35.554291,32.411404],[35.544688,32.409776],[35.549083,32.398749],[35.551362,32.395535],[35.556407,32.39114],[35.560476,32.384955],[35.563487,32.377265],[35.565196,32.368232],[35.559011,32.368232],[35.559011,32.375027],[35.551362,32.375027],[35.551362,32.368232],[35.556895,32.358466],[35.556163,32.328437],[35.565196,32.313585],[35.560639,32.301866],[35.560313,32.282904],[35.564057,32.263861],[35.572032,32.252143],[35.566987,32.249783],[35.563406,32.247097],[35.560557,32.243354],[35.559011,32.23786],[35.572032,32.23786],[35.554698,32.174628],[35.559011,32.162787],[35.559011,32.155341],[35.550792,32.151719],[35.546153,32.147244],[35.546153,32.141791],[35.551362,32.135443],[35.534679,32.111029],[35.534109,32.099433],[35.544688,32.087022],[35.527843,32.075263],[35.52239,32.058051],[35.524099,32.011908],[35.535167,31.988471],[35.537201,31.977851],[35.537852,31.964179],[35.539561,31.955837],[35.545421,31.94477],[35.544688,31.936835],[35.540131,31.932237],[35.533214,31.930487],[35.526947,31.927558],[35.524099,31.91946],[35.548595,31.839382],[35.537852,31.826972],[35.537852,31.819525],[35.559011,31.765489]],[[35.423432,31.324815],[35.421804,31.303249],[35.407725,31.282253],[35.395274,31.25788],[35.400645,31.230496]]]}},{"type":"Feature","properties":{"dissolve":"231Lake Centerline","scalerank":6.0,"featurecla":"Lake Centerline","name":"Dniester","name_alt":null,"rivernum":231,"note":null,"min_zoom":5.0,"name_en":"Dniester","min_label":6.0},"bbox":[30.249278,46.101142,30.478282,46.320014],"geometry":{"type":"MultiLineString","coordinates":[[[30.478282,46.101142],[30.461355,46.118191],[30.447358,46.127468],[30.427257,46.149115],[30.405528,46.17239],[30.391612,46.195583],[30.36378,46.223415],[30.340587,46.242011],[30.308116,46.25434],[30.280284,46.260565],[30.255463,46.277615],[30.249278,46.293036],[30.253917,46.306952],[30.268809,46.320014]]]}},{"type":"Feature","properties":{"dissolve":"231River","scalerank":6.0,"featurecla":"River","name":"Dniester","name_alt":null,"rivernum":231,"note":null,"min_zoom":5.0,"name_en":"Dniester","min_label":6.0},"bbox":[22.846609,46.084174,30.498464,49.58515],"geometry":{"type":"MultiLineString","coordinates":[[[22.904226,49.21955],[22.874766,49.233669],[22.847179,49.252956],[22.846609,49.267035],[22.850515,49.278876],[22.859304,49.288275],[22.88087,49.301825],[22.903982,49.308132],[22.936209,49.313178],[22.96461,49.321845],[22.97698,49.339057],[22.982351,49.341986],[23.00587,49.350694],[23.011729,49.355821],[23.0088,49.368964],[22.99879,49.378526],[22.986339,49.38703],[22.97698,49.396796],[22.991384,49.405951],[23.004893,49.417304],[23.010753,49.427191],[23.015554,49.438666],[23.022716,49.448106],[23.035655,49.452012],[23.058035,49.454535],[23.082286,49.460639],[23.121023,49.47252],[23.174246,49.49669],[23.209158,49.502468],[23.280447,49.52558],[23.31837,49.533271],[23.361339,49.537218],[23.379568,49.544379],[23.415782,49.568142],[23.451915,49.582587],[23.490408,49.58515],[23.530935,49.579169],[23.646658,49.539008],[23.703868,49.531317],[23.725027,49.524482],[23.764578,49.499823],[23.829112,49.493964],[23.840343,49.49669],[23.850597,49.505683],[23.87379,49.508572],[23.958263,49.503607],[23.972179,49.495429],[23.97755,49.476264],[23.985769,49.468207],[24.038992,49.452012],[24.039317,49.450263],[24.040782,49.446112],[24.043386,49.441433],[24.046397,49.438341],[24.051036,49.437567],[24.062022,49.438992],[24.066905,49.438341],[24.093516,49.426215],[24.104503,49.42475],[24.114431,49.426825],[24.133962,49.436225],[24.145763,49.438341],[24.157644,49.437038],[24.167166,49.433661],[24.199636,49.413398],[24.241384,49.36518],[24.249685,49.34809],[24.255626,49.339057],[24.259939,49.328315],[24.257009,49.319403],[24.252452,49.310981],[24.252452,49.301825],[24.273367,49.289862],[24.275401,49.287543],[24.282156,49.2838],[24.290782,49.264716],[24.295909,49.256863],[24.307628,49.249335],[24.322195,49.244737],[24.386729,49.231757],[24.405528,49.230658],[24.433116,49.241034],[24.462576,49.230048],[24.477794,49.232937],[24.487722,49.226874],[24.49822,49.22488],[24.5088,49.226874],[24.518809,49.232937],[24.534109,49.222357],[24.542654,49.210964],[24.552175,49.201931],[24.570323,49.198188],[24.588796,49.196479],[24.597097,49.193427],[24.600759,49.1883],[24.603282,49.178412],[24.609793,49.17414],[24.617686,49.171658],[24.625255,49.167426],[24.640066,49.156846],[24.716238,49.135443],[24.728201,49.130072],[24.738536,49.123074],[24.746023,49.112413],[24.753835,49.096137],[24.758067,49.081244],[24.755544,49.074652],[24.771739,49.072089],[24.788503,49.065253],[24.801524,49.055528],[24.806733,49.044257],[24.820893,49.028754],[24.853119,49.023139],[24.887787,49.025458],[24.90919,49.033718],[24.941905,49.025092],[24.950125,49.020697],[24.956147,49.01378],[24.958018,49.00788],[24.959076,49.001532],[24.963796,48.992743],[24.977957,48.976996],[24.992279,48.96955],[25.009776,48.968451],[25.05128,48.974189],[25.066824,48.972357],[25.119395,48.95128],[25.128673,48.944281],[25.129405,48.934353],[25.122081,48.91767],[25.122651,48.907538],[25.128347,48.898057],[25.152354,48.872911],[25.165294,48.865424],[25.173432,48.871527],[25.177826,48.883979],[25.179698,48.89529],[25.182872,48.90351],[25.188894,48.910671],[25.197195,48.91767],[25.219249,48.929307],[25.231049,48.931993],[25.245616,48.93126],[25.245616,48.923855],[25.235362,48.911811],[25.226492,48.886664],[25.221934,48.859646],[25.225108,48.841905],[25.249929,48.85932],[25.273448,48.858913],[25.327566,48.841905],[25.306244,48.828192],[25.249929,48.817572],[25.23878,48.800971],[25.250662,48.775092],[25.276947,48.781317],[25.327566,48.814561],[25.343028,48.81623],[25.350841,48.812852],[25.353933,48.813788],[25.355479,48.828233],[25.353526,48.840766],[25.351085,48.849473],[25.355968,48.854519],[25.375987,48.856228],[25.388438,48.853949],[25.400808,48.849555],[25.414317,48.846869],[25.430593,48.849392],[25.432628,48.853787],[25.431082,48.860663],[25.431407,48.867011],[25.440196,48.869818],[25.446707,48.868679],[25.462169,48.863593],[25.470876,48.862372],[25.462494,48.848253],[25.457123,48.841579],[25.449799,48.83572],[25.460948,48.825263],[25.482026,48.813829],[25.505382,48.804755],[25.522716,48.800971],[25.548106,48.798936],[25.565359,48.793321],[25.595144,48.774237],[25.622813,48.763617],[25.629161,48.759955],[25.639903,48.74494],[25.638682,48.73904],[25.632823,48.736029],[25.629161,48.72956],[25.628184,48.720038],[25.627452,48.718126],[25.630138,48.716661],[25.639659,48.708441],[25.646088,48.697211],[25.64267,48.689399],[25.636974,48.683539],[25.635997,48.678046],[25.648529,48.671332],[25.67099,48.667182],[25.714854,48.664374],[25.722748,48.658962],[25.730968,48.635077],[25.742117,48.629665],[25.753184,48.632514],[25.757253,48.639594],[25.759776,48.648708],[25.766368,48.657538],[25.793386,48.669989],[25.808686,48.660956],[25.820811,48.644965],[25.83839,48.636501],[25.859386,48.618598],[25.86321,48.612576],[25.862397,48.603461],[25.862804,48.600694],[25.911388,48.58808],[25.927664,48.586737],[25.943858,48.58869],[25.959972,48.5963],[25.973562,48.616278],[25.985362,48.623399],[26.010183,48.615343],[26.019623,48.615912],[26.024506,48.621283],[26.028738,48.637641],[26.033214,48.643256],[26.048839,48.647528],[26.05836,48.641791],[26.062104,48.628241],[26.060557,48.609158],[26.060557,48.615912],[26.051362,48.582953],[26.052338,48.571601],[26.063975,48.557644],[26.0796,48.547187],[26.098888,48.540717],[26.116954,48.541815],[26.129487,48.554511],[26.113699,48.57038],[26.105561,48.580756],[26.102061,48.592108],[26.102061,48.606472],[26.104747,48.611029],[26.132904,48.609158],[26.1456,48.596259],[26.14446,48.567898],[26.149343,48.539496],[26.180675,48.526638],[26.23878,48.534003],[26.25644,48.533311],[26.268809,48.530097],[26.293956,48.519802],[26.326427,48.51142],[26.354747,48.510037],[26.380382,48.517035],[26.403819,48.534003],[26.42213,48.529649],[26.470307,48.53795],[26.488862,48.530341],[26.515066,48.514757],[26.521983,48.506781],[26.539643,48.478827],[26.552664,48.465644],[26.566173,48.457302],[26.582937,48.452826],[26.605479,48.451483],[26.621674,48.458197],[26.606863,48.492255],[26.615489,48.5067],[26.627045,48.508246],[26.634369,48.503241],[26.639171,48.496446],[26.643321,48.492458],[26.653819,48.491238],[26.687511,48.492458],[26.708751,48.496772],[26.705007,48.506903],[26.688243,48.518256],[26.670665,48.526638],[26.633067,48.533311],[26.614268,48.540107],[26.612315,48.550808],[26.632498,48.562323],[26.654796,48.558702],[26.691173,48.540229],[26.706065,48.536078],[26.721609,48.535102],[26.733897,48.541083],[26.739024,48.557644],[26.734793,48.563788],[26.715912,48.577663],[26.711681,48.585273],[26.717052,48.594672],[26.72877,48.595038],[26.740326,48.588813],[26.745697,48.578437],[26.749522,48.561469],[26.759288,48.550482],[26.772553,48.550889],[26.787364,48.568183],[26.789073,48.578315],[26.782807,48.593329],[26.787364,48.601671],[26.797374,48.607856],[26.807872,48.608995],[26.818614,48.606513],[26.829031,48.601671],[26.82252,48.581122],[26.827729,48.561225],[26.841238,48.54621],[26.858979,48.540229],[26.884776,48.543524],[26.898855,48.551703],[26.909434,48.563015],[26.924571,48.575019],[26.945079,48.581326],[26.966807,48.580634],[27.003347,48.575019],[27.017019,48.56448],[27.023204,48.560736],[27.027436,48.562527],[27.031668,48.566189],[27.037608,48.568183],[27.049734,48.567247],[27.069835,48.562567],[27.11321,48.55919],[27.122569,48.560736],[27.129161,48.565253],[27.141124,48.578925],[27.146658,48.581855],[27.181163,48.581855],[27.191905,48.579617],[27.213959,48.570095],[27.226166,48.568183],[27.237315,48.568712],[27.247325,48.57038],[27.255382,48.574327],[27.260346,48.581855],[27.261648,48.595649],[27.2553,48.599799],[27.245209,48.600857],[27.23585,48.605414],[27.234304,48.618354],[27.254649,48.621039],[27.294444,48.615912],[27.304291,48.610785],[27.312429,48.604763],[27.321707,48.600775],[27.33489,48.601671],[27.3449,48.607489],[27.35849,48.624335],[27.370209,48.629665],[27.409597,48.620673],[27.437999,48.602403],[27.458263,48.577216],[27.472667,48.547065],[27.494151,48.482123],[27.503429,48.472602],[27.544526,48.472602],[27.556651,48.474636],[27.58253,48.486274],[27.604259,48.484402],[27.606456,48.458075],[27.626557,48.451483],[27.751394,48.452216],[27.78476,48.441759],[27.849376,48.409939],[27.86435,48.399197],[27.896251,48.367458],[27.903901,48.362738],[27.925873,48.339667],[27.966401,48.329169],[28.055431,48.321723],[28.075857,48.315212],[28.092296,48.302314],[28.097911,48.284369],[28.078136,48.245185],[28.092703,48.237657],[28.115164,48.237006],[28.130463,48.239814],[28.161632,48.257432],[28.177989,48.259101],[28.185151,48.242621],[28.188894,48.223334],[28.199311,48.211982],[28.216563,48.208441],[28.239757,48.211859],[28.261241,48.220242],[28.27711,48.229356],[28.293956,48.236762],[28.339936,48.240302],[28.357188,48.238837],[28.367686,48.230902],[28.369558,48.211859],[28.362885,48.19127],[28.351654,48.182156],[28.337413,48.175808],[28.321707,48.163438],[28.315033,48.149604],[28.316905,48.135606],[28.328136,48.127265],[28.34905,48.12995],[28.364513,48.141791],[28.375092,48.156928],[28.388194,48.168809],[28.411143,48.170966],[28.426768,48.163642],[28.436453,48.150092],[28.435151,48.134955],[28.418549,48.122504],[28.446869,48.083035],[28.458914,48.074774],[28.479096,48.065253],[28.489513,48.065741],[28.493175,48.075059],[28.493663,48.092108],[28.500499,48.113105],[28.517182,48.120876],[28.537527,48.120144],[28.555105,48.115749],[28.583018,48.101996],[28.60849,48.095893],[28.620209,48.095242],[28.629405,48.091986],[28.632253,48.08454],[28.63087,48.07099],[28.627045,48.063259],[28.617931,48.06391],[28.606619,48.067328],[28.59669,48.067328],[28.589366,48.062608],[28.562511,48.040595],[28.543224,48.029161],[28.532481,48.020046],[28.527843,48.009304],[28.537527,47.994005],[28.559337,47.998481],[28.610037,48.029486],[28.618744,48.032823],[28.63087,48.033759],[28.635753,48.030219],[28.64267,48.023546],[28.651459,48.019395],[28.681407,48.030951],[28.697846,48.02265],[28.719005,47.998969],[28.753673,47.979112],[28.784679,47.982774],[28.812918,47.965399],[28.83017,47.941026],[28.828868,47.91706],[28.86085,47.899726],[28.980235,47.875515],[29.018077,47.853542],[29.017507,47.826931],[28.980235,47.765652],[28.975515,47.743476],[28.980235,47.687445],[28.987885,47.660753],[28.990245,47.656358],[28.995372,47.650946],[28.993582,47.638943],[28.989024,47.627143],[28.98642,47.62226],[28.992931,47.604763],[29.015636,47.582058],[29.020518,47.571072],[29.021251,47.550238],[29.024669,47.533067],[29.03297,47.518622],[29.048595,47.506171],[29.092784,47.487372],[29.10377,47.478217],[29.110444,47.463975],[29.107026,47.454169],[29.090017,47.437323],[29.082449,47.40644],[29.105072,47.390815],[29.138927,47.376044],[29.164643,47.347927],[29.153901,47.336249],[29.139089,47.329372],[29.122569,47.329291],[29.087983,47.351589],[29.078624,47.347927],[29.080007,47.332546],[29.093272,47.310655],[29.163178,47.23078],[29.178966,47.197089],[29.163097,47.191921],[29.14446,47.162909],[29.111908,47.149929],[29.094168,47.134874],[29.078298,47.116889],[29.069021,47.101508],[29.084402,47.098904],[29.098562,47.092231],[29.124278,47.074164],[29.129975,47.081814],[29.147878,47.096544],[29.156016,47.113593],[29.166759,47.112657],[29.179128,47.109565],[29.189138,47.111762],[29.193777,47.123847],[29.187592,47.134833],[29.179698,47.145331],[29.178966,47.156114],[29.187592,47.162869],[29.200206,47.163153],[29.212657,47.158149],[29.22047,47.149237],[29.226654,47.149237],[29.23642,47.162421],[29.249522,47.158515],[29.263927,47.148261],[29.277924,47.142442],[29.290701,47.140448],[29.292247,47.135443],[29.290945,47.12873],[29.294932,47.122016],[29.304698,47.116482],[29.329112,47.108344],[29.371186,47.078721],[29.377452,47.070746],[29.381928,47.041815],[29.380626,47.028876],[29.370046,47.03323],[29.36378,47.03323],[29.36907,47.018093],[29.37322,47.011542],[29.377452,47.012763],[29.372488,47.004259],[29.370128,47.002794],[29.366466,47.002997],[29.340831,46.992011],[29.324636,46.988349],[29.308849,46.988349],[29.294932,46.992255],[29.302989,46.974962],[29.315929,46.958767],[29.332042,46.945421],[29.34962,46.937038],[29.37558,46.935167],[29.396658,46.942735],[29.415619,46.952663],[29.435557,46.957465],[29.459483,46.953396],[29.470632,46.941596],[29.473643,46.923204],[29.473643,46.899115],[29.476166,46.889716],[29.488292,46.872667],[29.493663,46.861884],[29.495128,46.849229],[29.493907,46.83808],[29.494558,46.82864],[29.501069,46.820909],[29.497651,46.801622],[29.511648,46.787177],[29.530365,46.782782],[29.542003,46.793647],[29.548839,46.793647],[29.562266,46.787177],[29.576427,46.802761],[29.589773,46.82392],[29.600352,46.834581],[29.602957,46.835557],[29.605072,46.837714],[29.608409,46.839871],[29.61435,46.840847],[29.617768,46.837958],[29.618337,46.832099],[29.616222,46.827175],[29.610932,46.827175],[29.61435,46.823432],[29.616303,46.818915],[29.619884,46.815131],[29.627696,46.813503],[29.646658,46.814643],[29.651866,46.813503],[29.664317,46.801215],[29.679291,46.76435],[29.689382,46.748603],[29.697683,46.727891],[29.689138,46.707302],[29.666108,46.676337],[29.685313,46.677029],[29.695323,46.675889],[29.699636,46.673204],[29.703054,46.664903],[29.711029,46.664903],[29.72047,46.66828],[29.727631,46.670111],[29.748627,46.665717],[29.758311,46.6588],[29.775401,46.629177],[29.761729,46.624701],[29.747488,46.617621],[29.735037,46.607611],[29.727631,46.594346],[29.742442,46.593207],[29.775401,46.580756],[29.786388,46.583035],[29.823171,46.601264],[29.830089,46.588568],[29.839854,46.582546],[29.852306,46.580756],[29.867198,46.580756],[29.870209,46.576728],[29.890147,46.558417],[29.898204,46.553412],[29.901378,46.531073],[29.915538,46.51911],[29.959727,46.506293],[29.961518,46.50373],[29.966563,46.494086],[29.9699,46.492011],[29.976492,46.493476],[29.988699,46.498969],[29.994558,46.498847],[30.002452,46.494452],[30.008881,46.488349],[30.021088,46.470893],[30.013438,46.462266],[30.0595,46.437079],[30.076427,46.423122],[30.086436,46.429145],[30.101573,46.430976],[30.117686,46.428982],[30.130951,46.423122],[30.138682,46.41828],[30.145518,46.41828],[30.152354,46.42239],[30.158946,46.429877],[30.167572,46.42536],[30.178233,46.430772],[30.190359,46.439236],[30.203298,46.443549],[30.21933,46.442003],[30.236095,46.436876],[30.249278,46.427314],[30.254487,46.412543],[30.257335,46.394151],[30.264089,46.386054],[30.273041,46.380194],[30.282481,46.368476],[30.288259,46.352159],[30.289073,46.336046],[30.283132,46.324083],[30.268809,46.320014]],[[30.478282,46.101142],[30.498464,46.084174]]]}},{"type":"Feature","properties":{"dissolve":"25River","scalerank":2.0,"featurecla":"River","name":"Danube","name_alt":null,"rivernum":25,"note":null,"min_zoom":2.1,"name_en":"Danube","min_label":3.1},"bbox":[17.206472,43.650336,28.747,48.061103],"geometry":{"type":"MultiLineString","coordinates":[[[17.206472,48.061103],[17.242931,48.041327],[17.256521,48.028103],[17.261729,48.009304],[17.272227,48.005561],[17.337413,47.998969],[17.36907,47.981472],[17.471446,47.889106],[17.481456,47.882921],[17.49171,47.880072],[17.516856,47.876532],[17.526134,47.872382],[17.559825,47.838243],[17.572032,47.829779],[17.582449,47.830024],[17.59254,47.833441],[17.60377,47.834499],[17.618582,47.829535],[17.639415,47.819444],[17.657888,47.807563],[17.665782,47.797309],[17.676036,47.789415],[17.741466,47.765652],[17.825206,47.750271],[18.112234,47.762722],[18.235362,47.754177],[18.272472,47.756456],[18.347341,47.776964],[18.552013,47.793158],[18.596934,47.79088],[18.633311,47.780097],[18.663097,47.77619],[18.692393,47.778184],[18.716726,47.788357],[18.749766,47.813829],[18.7671,47.822577],[18.789806,47.826606],[18.882253,47.825954],[18.898123,47.823798],[18.911143,47.819607],[18.915294,47.815863],[18.922781,47.805976],[18.927908,47.802802],[18.948497,47.803087],[19.013845,47.828966],[19.039073,47.83043],[19.063243,47.826483],[19.085948,47.817206],[19.106863,47.802843],[19.123057,47.775458],[19.128347,47.736396],[19.124034,47.693427],[19.11199,47.65412],[19.054454,47.540391],[19.050548,47.506171],[19.053722,47.49669],[19.062266,47.485419],[19.06422,47.478217],[19.062266,47.468451],[19.052745,47.454047],[19.050548,47.447821],[19.046804,47.425564],[19.036388,47.412543],[19.002126,47.396308],[18.974376,47.379462],[18.952566,47.357001],[18.934988,47.328477],[18.920177,47.29328],[18.907644,47.237494],[18.886974,47.208197],[18.881358,47.189643],[18.878917,47.169013],[18.879161,47.149237],[18.889171,47.110419],[18.896902,47.090277],[18.903087,47.08161],[18.918712,47.074042],[18.968028,47.03323],[18.966726,47.023749],[18.962087,47.017198],[18.95696,47.011746],[18.954356,47.005316],[18.955089,46.994737],[18.96046,46.977484],[18.96697,46.935858],[18.966563,46.917304],[18.958018,46.909044],[18.948904,46.903917],[18.938975,46.891791],[18.930919,46.877224],[18.927501,46.865017],[18.926036,46.835273],[18.927501,46.827175],[18.933116,46.820583],[18.950613,46.807156],[18.954356,46.803534],[18.958425,46.800849],[18.975352,46.784003],[18.978526,46.779975],[18.984793,46.775662],[18.986827,46.765489],[18.987559,46.753974],[18.989024,46.745185],[18.998953,46.723212],[19.00172,46.708523],[18.996349,46.694892],[18.981619,46.676337],[18.952891,46.656195],[18.885265,46.635321],[18.858165,46.614854],[18.877208,46.591173],[18.907644,46.531806],[18.920177,46.498847],[18.922781,46.468695],[18.898936,46.414374],[18.892263,46.378445],[18.895518,46.362901],[18.910085,46.342963],[18.913341,46.330634],[18.914968,46.195258],[18.903575,46.173041],[18.872325,46.183458],[18.825206,46.141547],[18.813406,46.126166],[18.794119,46.116726],[18.789806,46.111518],[18.785167,46.11225],[18.775157,46.102973],[18.762462,46.087266],[18.700369,46.044786],[18.691661,46.0185],[18.721609,45.984931],[18.806163,45.923611],[18.831472,45.895535],[18.832449,45.891059],[18.830577,45.879503],[18.831472,45.875067],[18.835216,45.873481],[18.841319,45.873969],[18.847423,45.873155],[18.85198,45.868191],[18.853933,45.859239],[18.85198,45.830349],[18.849864,45.82449],[18.846202,45.820258],[18.844493,45.815945],[18.848155,45.809841],[18.863536,45.798774],[18.870616,45.790229],[18.899669,45.765163],[18.904307,45.750067],[18.908458,45.719672],[18.916759,45.706855],[18.930431,45.699083],[18.947683,45.692328],[18.962087,45.683295],[18.968028,45.668972],[18.962413,45.660346],[18.934825,45.633612],[18.923839,45.627997],[18.911876,45.619452],[18.907725,45.600653],[18.906505,45.581895],[18.903087,45.57331],[18.91155,45.568427],[18.93157,45.545762],[18.941335,45.539252],[18.959646,45.539374],[18.972667,45.546495],[18.982677,45.554999],[19.000173,45.561469],[19.008718,45.565741],[19.017589,45.567572],[19.026622,45.562812],[19.032725,45.554877],[19.035899,45.54975],[19.040294,45.545274],[19.050548,45.539252],[19.067312,45.533637],[19.081798,45.53144],[19.094493,45.526313],[19.105724,45.511908],[19.076589,45.491889],[19.009044,45.498887],[18.99586,45.474066],[19.002452,45.455593],[19.031016,45.43419],[19.036794,45.422553],[19.028087,45.412421],[18.975352,45.395209],[18.988292,45.379462],[19.003184,45.3664],[19.020518,45.357489],[19.040212,45.354275],[19.081554,45.354275],[19.091319,45.350287],[19.094737,45.340766],[19.095714,45.329413],[19.098318,45.320136],[19.124278,45.298407],[19.16155,45.285264],[19.362722,45.248481],[19.406749,45.248969],[19.490896,45.264268],[19.529552,45.266872],[19.557628,45.255805],[19.571707,45.236599],[19.580496,45.23078],[19.598562,45.227851],[19.658132,45.234442],[19.698497,45.24669],[19.741954,45.245063],[19.784923,45.237494],[19.810802,45.227851],[19.817068,45.231716],[19.831716,45.238145],[19.838145,45.242133],[19.846609,45.250556],[19.855642,45.265082],[19.862478,45.272813],[19.88087,45.282294],[19.898611,45.279364],[19.914317,45.268907],[19.927501,45.255805],[19.949392,45.218695],[19.965587,45.198554],[19.985606,45.189765],[20.04241,45.177761],[20.064708,45.175482],[20.184988,45.185004],[20.222423,45.175482],[20.257009,45.156765],[20.28948,45.13227],[20.345876,45.073065],[20.356944,45.034491],[20.333263,45.010565],[20.303966,44.993964],[20.298106,44.977484],[20.290701,44.977484],[20.303233,44.954657],[20.318858,44.934394],[20.396902,44.864569],[20.408458,44.857042],[20.455089,44.840277],[20.514171,44.836859],[20.545909,44.839789],[20.580333,44.857367],[20.594981,44.857978],[20.623709,44.8546],[20.636404,44.849433],[20.638601,44.837348],[20.628184,44.788601],[20.62794,44.777045],[20.633311,44.765204],[20.64446,44.755805],[20.671886,44.743964],[20.684825,44.733507],[20.720388,44.696234],[20.741954,44.679226],[20.763682,44.668402],[20.826427,44.660956],[20.88323,44.672675],[20.989513,44.716824],[21.07781,44.726508],[21.102794,44.740668],[21.112234,44.744818],[21.125662,44.745632],[21.15089,44.744086],[21.163829,44.74787],[21.172293,44.756903],[21.179454,44.768093],[21.188894,44.778266],[21.222423,44.796698],[21.26946,44.813666],[21.319102,44.825059],[21.360118,44.826687],[21.37794,44.816921],[21.395274,44.790473],[21.411632,44.785102],[21.496593,44.778266],[21.557872,44.781846],[21.577566,44.777899],[21.594981,44.766181],[21.603689,44.750312],[21.609793,44.732204],[21.619151,44.714179],[21.655691,44.687934],[21.7046,44.677273],[21.756277,44.677517],[21.801199,44.684149],[21.83782,44.695421],[21.854991,44.698757],[21.871511,44.696234],[21.961843,44.662543],[21.993826,44.6588],[22.003835,44.651719],[22.031668,44.603583],[22.039317,44.577094],[22.044688,44.569403],[22.055186,44.562364],[22.06658,44.557481],[22.075694,44.550971],[22.086436,44.52204],[22.10377,44.509874],[22.12615,44.502956],[22.147716,44.501166],[22.171641,44.505642],[22.184581,44.515408],[22.298513,44.661933],[22.304454,44.677598],[22.319265,44.685614],[22.360606,44.692328],[22.380056,44.700751],[22.414968,44.728095],[22.425548,44.733913],[22.450125,44.733222],[22.468435,44.730414],[22.483165,44.724229],[22.552745,44.66946],[22.586925,44.649604],[22.620616,44.637722],[22.699474,44.630886],[22.714285,44.623358],[22.764822,44.583075],[22.7588,44.564887],[22.74114,44.55211],[22.718923,44.544623],[22.699474,44.5421],[22.677989,44.545722],[22.641531,44.5633],[22.620616,44.569403],[22.599783,44.570095],[22.579845,44.565741],[22.565115,44.555732],[22.559337,44.539008],[22.556163,44.521674],[22.547862,44.51199],[22.534923,44.507758],[22.499929,44.506659],[22.490489,44.504462],[22.483572,44.500027],[22.479259,44.490668],[22.476573,44.47724],[22.476492,44.464179],[22.479503,44.456081],[22.500499,44.442165],[22.504893,44.435248],[22.50587,44.427802],[22.503429,44.411933],[22.504649,44.404324],[22.522227,44.375312],[22.548757,44.349229],[22.582286,44.328681],[22.620616,44.31623],[22.662039,44.311957],[22.681082,44.305528],[22.688975,44.291938],[22.684744,44.243923],[22.690115,44.229193],[22.905935,44.123114],[22.942149,44.111762],[22.987559,44.107245],[23.030528,44.093329],[23.039561,44.062608],[23.022472,44.031846],[22.987559,44.01789],[22.96575,44.015733],[22.926036,44.006415],[22.905284,44.004218],[22.885427,43.994737],[22.874197,43.972276],[22.850027,43.897244],[22.850515,43.874579],[22.862966,43.855658],[22.888194,43.839789],[22.919119,43.834499],[23.131358,43.848212],[23.161388,43.857611],[23.196462,43.862982],[23.233897,43.877509],[23.324555,43.886827]],[[23.324555,43.886827],[23.326427,43.88703],[23.319591,43.88703],[23.324555,43.886827]],[[23.324555,43.886827],[23.484141,43.880805],[23.592052,43.837673],[23.635509,43.832384],[23.720225,43.846055],[23.742198,43.842963],[23.79949,43.818712],[24.158865,43.753201],[24.357677,43.760281],[24.374929,43.764106],[24.430593,43.794379],[24.46575,43.80268],[24.499685,43.79975],[24.705089,43.743964],[24.752126,43.739081],[24.963145,43.749864],[25.081065,43.719184],[25.210704,43.712104],[25.251882,43.704901],[25.288178,43.689276],[25.322358,43.669949],[25.358979,43.654486],[25.402599,43.650336],[25.425385,43.654608],[25.466889,43.667996],[25.488292,43.670762],[25.533295,43.668972],[25.556082,43.670681],[25.574636,43.677598],[25.593354,43.680935],[25.615977,43.688015],[25.637462,43.697577],[25.653087,43.708319],[25.670909,43.717597],[25.739024,43.719184],[25.780528,43.732245],[25.803966,43.760199],[25.805756,43.763943],[25.838796,43.788642],[25.868744,43.801134],[25.916026,43.844591],[25.924083,43.858913],[25.933523,43.870551],[26.053722,43.934597],[26.061127,43.950019],[26.078868,43.969265],[26.115733,43.999091],[26.150157,44.012722],[26.230886,44.027777],[26.309988,44.052843],[26.613699,44.08515],[26.647227,44.093614],[26.667247,44.095323],[26.67685,44.097357],[26.696788,44.106309],[26.708263,44.108344],[26.753184,44.108344],[26.788992,44.116238],[26.883556,44.156806],[27.001069,44.165351],[27.026947,44.177314],[27.09962,44.144721],[27.205007,44.129462],[27.226166,44.120917],[27.266612,44.137763],[27.292247,44.151435],[27.444753,44.133979],[27.461029,44.137641],[27.481619,44.145697],[27.499278,44.155788],[27.506765,44.165351],[27.51588,44.172553],[27.568777,44.195421],[27.607839,44.205349],[27.691661,44.204413],[27.732677,44.209744],[27.753022,44.218695],[27.788585,44.239691],[27.933849,44.265937],[27.967296,44.280382],[27.993256,44.304267],[28.047944,44.398057],[28.057058,44.405707],[28.098562,44.430243],[28.109955,44.44245],[28.108816,44.457709],[28.10198,44.478339],[28.093191,44.496649],[28.085867,44.504503],[28.066824,44.507025],[28.042491,44.513373],[28.020112,44.522162],[28.006928,44.531846],[28.003673,44.53974],[28.015066,44.543158],[28.021251,44.552314],[28.021088,44.587836],[28.027843,44.59809],[28.033376,44.621649],[28.034434,44.630805],[28.030528,44.636908],[27.977794,44.679145],[27.960053,44.686306],[27.935069,44.68891],[27.916108,44.694363],[27.898448,44.707953],[27.884288,44.725898],[27.87672,44.744086],[27.883311,44.756903],[27.877371,44.765326],[27.863292,44.769965],[27.845714,44.77143],[27.828868,44.77912],[27.81837,44.795966],[27.814708,44.812771],[27.818777,44.820502],[27.833995,44.830878],[27.859386,44.855048],[27.878835,44.882107],[27.87672,44.90115],[27.889252,44.926215],[27.894216,44.956977],[27.890554,44.985867],[27.87672,45.004828],[27.907237,45.053168],[27.911388,45.069363],[27.917572,45.08161],[27.944916,45.11282],[27.951752,45.128363],[27.950206,45.137152],[27.941173,45.153347],[27.93808,45.161811],[27.93808,45.20657],[27.941661,45.224229],[28.006358,45.324815],[28.010346,45.333808],[28.018077,45.343126],[28.028819,45.387478],[28.034434,45.402045],[28.048595,45.413764],[28.066987,45.422553],[28.087169,45.428046],[28.106619,45.429999],[28.127533,45.426785],[28.169526,45.414984],[28.185151,45.415635],[28.193614,45.423163],[28.201671,45.443142],[28.212413,45.450466],[28.237071,45.452338],[28.266368,45.440741],[28.285818,45.421983],[28.280772,45.402045],[28.310313,45.34809],[28.329682,45.323106],[28.352631,45.31269],[28.369721,45.309516],[28.404714,45.295356],[28.493663,45.27912],[28.576589,45.248358],[28.709483,45.22724],[28.747,45.23074]]]}},{"type":"Feature","properties":{"dissolve":"260Lake Centerline","scalerank":6.0,"featurecla":"Lake Centerline","name":"Atbara","name_alt":null,"rivernum":260,"note":null,"min_zoom":5.0,"name_en":"Atbara","min_label":6.0},"bbox":[35.891368,14.619656,35.935476,14.935574],"geometry":{"type":"MultiLineString","coordinates":[[[35.901541,14.935574],[35.895112,14.88227],[35.896088,14.861151],[35.902843,14.840033],[35.924083,14.821845],[35.935476,14.803575],[35.932384,14.782742],[35.927745,14.763292],[35.92628,14.746283],[35.921967,14.724962],[35.90089,14.682807],[35.891368,14.659776],[35.895437,14.619656]]]}},{"type":"Feature","properties":{"dissolve":"260River","scalerank":6.0,"featurecla":"River","name":"Atbara","name_alt":null,"rivernum":260,"note":null,"min_zoom":5.0,"name_en":"Atbara","min_label":6.0},"bbox":[33.984793,14.935574,35.996511,17.665961],"geometry":{"type":"MultiLineString","coordinates":[[[35.585704,16.00373],[35.587169,15.986925],[35.595876,15.976752],[35.606619,15.968126],[35.613536,15.955919],[35.612234,15.948188],[35.602143,15.929023],[35.599213,15.92121],[35.599701,15.911444],[35.605235,15.894395],[35.606619,15.884304],[35.599864,15.871405],[35.587006,15.865343],[35.5796,15.858466],[35.589366,15.842963],[35.595144,15.830024],[35.623139,15.703681],[35.626069,15.666205],[35.61671,15.637519],[35.621837,15.619656],[35.675059,15.531358],[35.707286,15.501532],[35.715912,15.490424],[35.709076,15.469672],[35.71046,15.46308],[35.714122,15.461005],[35.718761,15.459744],[35.723399,15.455675],[35.728282,15.449246],[35.747,15.432074],[35.763682,15.405951],[35.762462,15.34748],[35.771088,15.319159],[35.78297,15.305528],[35.808035,15.284206],[35.81894,15.270697],[35.825857,15.256537],[35.843516,15.208686],[35.853038,15.200385],[35.868093,15.192979],[35.881847,15.184109],[35.893158,15.15644],[35.906261,15.146064],[35.921967,15.137315],[35.935639,15.127305],[35.956472,15.099718],[35.965831,15.082546],[35.97405,15.052436],[35.992198,15.018622],[35.996511,15.003241],[35.98406,14.969346],[35.920502,14.964423],[35.901541,14.935574]],[[35.583425,16.000027],[35.569265,16.023057],[35.515636,16.07864],[35.50587,16.09516],[35.464366,16.208441],[35.450694,16.230536],[35.426362,16.246527],[35.399669,16.258124],[35.3803,16.27029],[35.36435,16.287421],[35.27532,16.416693],[35.264903,16.450629],[35.2671,16.471544],[35.271495,16.490668],[35.27296,16.509955],[35.266205,16.531195],[35.246837,16.558783],[35.199148,16.611599],[35.161876,16.673122],[35.143809,16.695258],[35.097667,16.738471],[35.070079,16.772488],[35.0053,16.882839],[34.971934,16.916612],[34.95989,16.934272],[34.954356,16.959662],[34.957612,17.005723],[34.9546,17.026679],[34.940684,17.048285],[34.92099,17.062771],[34.899913,17.069281],[34.855235,17.075954],[34.835053,17.08279],[34.778087,17.113308],[34.732921,17.146186],[34.654714,17.227729],[34.606863,17.253852],[34.587413,17.256944],[34.546641,17.257636],[34.526785,17.260769],[34.247162,17.408759],[34.215912,17.436062],[34.201427,17.467841],[34.207286,17.517401],[34.203705,17.533271],[34.187022,17.563422],[34.168386,17.585517],[34.145925,17.600613],[34.083263,17.623969],[34.016124,17.662177],[33.984793,17.665961]]]}},{"type":"Feature","properties":{"dissolve":"277Lake Centerline","scalerank":6.0,"featurecla":"Lake Centerline","name":"Don","name_alt":null,"rivernum":277,"note":null,"min_zoom":5.0,"name_en":"Don","min_label":6.0},"bbox":[42.109793,47.601752,44.003835,49.506659],"geometry":{"type":"MultiLineString","coordinates":[[[42.109793,47.601752],[42.141856,47.614203],[42.205089,47.630316],[42.241222,47.643175],[42.329112,47.670681],[42.371511,47.689887],[42.436941,47.714911],[42.556651,47.752143],[42.609874,47.77558],[42.69337,47.799913],[42.793549,47.817735],[42.857839,47.845079],[42.919363,47.959418],[42.962413,48.013943],[42.99171,48.070258],[43.003347,48.12934],[43.032644,48.182156],[43.070323,48.2237],[43.10906,48.272081],[43.134939,48.309353],[43.166596,48.34394],[43.243256,48.400946],[43.29005,48.422309],[43.340912,48.452094],[43.367605,48.465277],[43.393077,48.479438],[43.416596,48.495876],[43.4428,48.51789],[43.460704,48.537421],[43.471446,48.558905],[43.489757,48.576239],[43.507335,48.589911],[43.526541,48.608344],[43.542084,48.629665],[43.53948,48.646064],[43.528412,48.656928],[43.509044,48.674343],[43.48878,48.688015],[43.473562,48.703803],[43.460053,48.721503],[43.45989,48.741238],[43.465017,48.767401],[43.479096,48.785102],[43.506114,48.797227],[43.534923,48.808051],[43.561941,48.817084],[43.578298,48.82807],[43.59905,48.847032],[43.607921,48.856798],[43.617768,48.873399],[43.624034,48.892768],[43.633718,48.911566],[43.648855,48.927558],[43.675222,48.934516],[43.707286,48.938747],[43.744721,48.937812],[43.78419,48.93126],[43.814545,48.931708],[43.841319,48.938747],[43.867605,48.946641],[43.89088,48.961127],[43.91212,48.981391],[43.930675,49.0008],[43.935476,49.01911],[43.935639,49.043036],[43.933604,49.064561],[43.930675,49.081488],[43.9428,49.099311],[43.96046,49.112494],[43.966075,49.122748],[43.967865,49.138617],[43.975597,49.152899],[43.992686,49.163398],[44.003835,49.172146],[44.002533,49.180772],[43.992686,49.193671],[43.964122,49.201931],[43.8921,49.215522],[43.865326,49.215196],[43.837494,49.209337],[43.815929,49.199001],[43.795339,49.185818],[43.770763,49.181586],[43.751882,49.189521],[43.712169,49.210557],[43.699229,49.225287],[43.704682,49.246609],[43.703217,49.265204],[43.686046,49.276394],[43.680186,49.288031],[43.695404,49.317816],[43.703543,49.332221],[43.703054,49.35102],[43.696056,49.367011],[43.66627,49.410468],[43.649669,49.430487],[43.6303,49.451443],[43.610362,49.471137],[43.586843,49.489936],[43.563731,49.500596],[43.549083,49.506659]]]}},{"type":"Feature","properties":{"dissolve":"277River","scalerank":6.0,"featurecla":"River","name":"Don","name_alt":null,"rivernum":277,"note":null,"min_zoom":5.0,"name_en":"Don","min_label":6.0},"bbox":[38.306163,47.101752,43.549083,54.063788],"geometry":{"type":"MultiLineString","coordinates":[[[39.101166,52.014838],[39.097341,52.039578],[39.10906,52.059597],[39.129975,52.068427],[39.162852,52.05622],[39.168468,52.063788],[39.170828,52.075303],[39.170177,52.083767],[39.16505,52.089667],[39.148855,52.101508],[39.14267,52.11168],[39.139089,52.121405],[39.139415,52.130805],[39.143158,52.138943],[39.149669,52.145209],[39.138438,52.159491],[39.12379,52.165798],[39.088145,52.171942],[39.071056,52.178575],[39.056082,52.187567],[38.936697,52.281806],[38.945811,52.293321],[38.964773,52.297187],[39.008718,52.296007],[39.026134,52.300971],[39.020437,52.31212],[39.002696,52.323757],[38.985037,52.330186],[38.856619,52.32807],[38.813243,52.336982],[38.796479,52.345649],[38.778087,52.359483],[38.771251,52.372341],[38.789561,52.377997],[38.809662,52.373358],[38.8296,52.36404],[38.850841,52.356716],[38.875255,52.3581],[38.892019,52.368476],[38.899994,52.384955],[38.902436,52.405829],[38.902599,52.42947],[38.909109,52.445095],[38.922374,52.453233],[38.932709,52.462348],[38.930593,52.480984],[38.921886,52.491523],[38.896576,52.51081],[38.888927,52.521999],[38.88795,52.53852],[38.892996,52.555935],[38.909434,52.590847],[38.938569,52.631944],[38.943614,52.645453],[38.938487,52.65587],[38.92628,52.661648],[38.912364,52.666124],[38.902599,52.672797],[38.895437,52.689968],[38.89503,52.706814],[38.899994,52.721991],[38.909434,52.734239],[38.917572,52.739325],[38.935802,52.744249],[38.943614,52.748481],[38.948985,52.755805],[38.9581,52.775255],[38.964773,52.78266],[39.010671,52.794867],[39.019216,52.803168],[39.014903,52.817572],[39.000255,52.829413],[38.970795,52.844102],[38.970795,52.850898],[38.985362,52.853705],[39.016531,52.850857],[39.026134,52.857733],[39.025645,52.863227],[39.020763,52.867865],[39.008718,52.875108],[39.003429,52.883734],[39.009695,52.888292],[39.026134,52.892524],[39.050059,52.909491],[39.10434,52.931423],[39.129161,52.94656],[39.088145,52.967597],[39.095144,52.979071],[39.110444,52.985785],[39.14267,52.99494],[39.14267,52.987494],[39.157237,53.010525],[39.164806,53.050971],[39.177013,53.070014],[39.171397,53.077745],[39.170828,53.08629],[39.175059,53.093573],[39.1845,53.097357],[39.1845,53.104804],[39.176199,53.115994],[39.168386,53.121446],[39.128673,53.138943],[39.125418,53.14289],[39.127208,53.150946],[39.129161,53.169989],[39.124522,53.182888],[39.117605,53.194892],[39.118907,53.203721],[39.159923,53.211371],[39.164561,53.221747],[39.159109,53.235134],[39.149669,53.248155],[39.137218,53.270697],[39.133718,53.293036],[39.135997,53.34101],[39.139089,53.356228],[39.144542,53.366889],[39.146576,53.376573],[39.129405,53.403266],[39.126475,53.41706],[39.132498,53.429633],[39.149669,53.439968],[39.131277,53.453152],[39.082774,53.461778],[39.063731,53.4713],[39.043549,53.477118],[39.018321,53.474311],[38.997651,53.474311],[38.991303,53.488349],[38.996837,53.494574],[39.026134,53.516303],[39.029796,53.523749],[39.03183,53.531806],[39.03297,53.553249],[39.025157,53.560614],[38.986339,53.583848],[38.970795,53.590766],[38.948334,53.590928],[38.898204,53.581244],[38.870046,53.590155],[38.846202,53.590928],[38.836681,53.598334],[38.806407,53.611274],[38.78655,53.631781],[38.784597,53.636339],[38.784679,53.641791],[38.784109,53.647488],[38.779063,53.652859],[38.771576,53.654486],[38.755056,53.652655],[38.733328,53.666327],[38.713634,53.669786],[38.669851,53.672716],[38.654714,53.678494],[38.615652,53.701606],[38.607839,53.711208],[38.596283,53.718777],[38.542735,53.71894],[38.52589,53.721137],[38.504893,53.756212],[38.519135,53.79206],[38.541921,53.824897],[38.546316,53.851508],[38.531342,53.862982],[38.487397,53.881863],[38.478038,53.888983],[38.473643,53.891547],[38.45574,53.908759],[38.454112,53.912909],[38.450125,53.918158],[38.450125,53.953884],[38.440196,53.965522],[38.390147,54.002875],[38.36671,54.008165],[38.36142,54.012274],[38.357921,54.019232],[38.323741,54.055487],[38.316905,54.060004],[38.306163,54.063788]],[[43.549083,49.506659],[43.490733,49.506659],[43.479503,49.502875],[43.460704,49.485175],[43.452891,49.480007],[43.421479,49.481228],[43.387218,49.490098],[43.353119,49.493964],[43.32252,49.480007],[43.312999,49.460273],[43.308197,49.408393],[43.295177,49.383734],[43.285574,49.377509],[43.271902,49.373318],[43.225352,49.367743],[43.212983,49.362006],[43.148692,49.321397],[43.122162,49.310614],[43.110281,49.31863],[43.089854,49.355821],[43.077647,49.364285],[43.066335,49.36579],[43.042003,49.362657],[43.015391,49.364203],[43.013194,49.370469],[43.021658,49.384141],[43.027761,49.40766],[43.017589,49.427517],[42.993744,49.428738],[42.94573,49.417304],[42.931651,49.419379],[42.907156,49.428819],[42.894542,49.430935],[42.883881,49.434272],[42.862885,49.448757],[42.842703,49.455756],[42.83489,49.464464],[42.828298,49.473822],[42.822276,49.480007],[42.81129,49.481757],[42.78297,49.482123],[42.773855,49.486151],[42.771983,49.496039],[42.77711,49.507514],[42.786876,49.516954],[42.79835,49.520941],[42.799408,49.524685],[42.785167,49.543728],[42.781261,49.551622],[42.783376,49.564399],[42.786632,49.573554],[42.785167,49.581163],[42.773855,49.589219],[42.761729,49.59162],[42.74879,49.589545],[42.683116,49.565009],[42.660574,49.56212],[42.641368,49.571845],[42.620128,49.586005],[42.596446,49.589423],[42.493582,49.575873],[42.375906,49.583564],[42.267589,49.605414],[42.103526,49.596015],[42.045177,49.603461],[42.033621,49.606553],[42.014252,49.620225],[42.003917,49.623358],[41.979747,49.617255],[41.944021,49.589545],[41.924734,49.581814],[41.912527,49.58515],[41.899913,49.592963],[41.886811,49.597968],[41.87322,49.592597],[41.864024,49.587226],[41.852468,49.58393],[41.828543,49.581814],[41.774425,49.586493],[41.748546,49.593126],[41.725515,49.603461],[41.719249,49.609809],[41.716075,49.616278],[41.709972,49.621365],[41.695079,49.623358],[41.684825,49.621202],[41.667084,49.611843],[41.654063,49.609687],[41.510834,49.625515],[41.493907,49.624213],[41.483002,49.61994],[41.474701,49.61286],[41.451182,49.5987],[41.441905,49.596015],[41.416515,49.592841],[41.361501,49.578721],[41.335704,49.575548],[41.309093,49.581895],[41.274669,49.610134],[41.247488,49.620429],[41.241791,49.629706],[41.240896,49.640733],[41.246349,49.65001],[41.257091,49.653428],[41.288829,49.654486],[41.301687,49.657497],[41.288829,49.681993],[41.271983,49.694932],[41.252696,49.704535],[41.232677,49.71894],[41.226654,49.729275],[41.220795,49.751532],[41.212169,49.759874],[41.19866,49.763536],[41.149994,49.767361],[41.071869,49.797878],[41.040131,49.80154],[40.978282,49.792182],[40.94752,49.791042],[40.924815,49.80154],[40.939708,49.812445],[40.940359,49.823065],[40.934662,49.834011],[40.909923,49.904568],[40.899669,49.913357],[40.883311,49.921942],[40.865164,49.928575],[40.828217,49.935167],[40.826101,49.945339],[40.830333,49.959052],[40.828624,49.973456],[40.804698,49.981513],[40.771251,49.964789],[40.735606,49.940212],[40.705089,49.924994],[40.686453,49.923163],[40.663097,49.923611],[40.64088,49.927191],[40.625987,49.934923],[40.618907,49.948188],[40.623546,49.957709],[40.633556,49.966986],[40.643077,49.9796],[40.624604,49.990302],[40.598725,50.026557],[40.580984,50.041083],[40.558116,50.051134],[40.54835,50.057644],[40.546316,50.068793],[40.546804,50.092882],[40.540538,50.102566],[40.512706,50.103827],[40.50644,50.113715],[40.504161,50.118964],[40.485362,50.14411],[40.473888,50.154242],[40.454356,50.167304],[40.432709,50.174831],[40.414236,50.16828],[40.385346,50.138251],[40.386811,50.122911],[40.414806,50.091986],[40.417572,50.085964],[40.415294,50.079861],[40.407237,50.072089],[40.363048,50.054755],[40.339854,50.058661],[40.312104,50.083564],[40.279796,50.09162],[40.257823,50.10102],[40.246104,50.103135],[40.233897,50.10163],[40.211436,50.096015],[40.198009,50.0963],[40.132823,50.077582],[40.112315,50.075222],[40.013276,50.084093],[40.006114,50.085801],[39.999441,50.089464],[39.992442,50.096462],[39.986827,50.10574],[39.986501,50.113959],[39.995616,50.117377],[40.009207,50.125067],[40.019786,50.14289],[40.04127,50.197089],[40.045014,50.21308],[40.042084,50.228054],[40.03004,50.243476],[39.980886,50.275214],[39.971446,50.287462],[39.971121,50.314317],[39.988699,50.327582],[40.009695,50.337226],[40.019786,50.353298],[40.024994,50.371894],[40.050873,50.414415],[40.060802,50.42532],[40.08489,50.433173],[40.094493,50.43948],[40.091563,50.449164],[40.083018,50.453152],[40.047293,50.459418],[40.026866,50.468329],[40.019786,50.477403],[40.024425,50.489447],[40.039643,50.507188],[39.969005,50.54324],[39.94752,50.548163],[39.921886,50.550238],[39.898448,50.556667],[39.878347,50.567491],[39.862234,50.582953],[39.876069,50.595404],[39.914073,50.600409],[39.923595,50.617051],[39.921886,50.628852],[39.915538,50.62991],[39.903087,50.623887],[39.890636,50.624335],[39.882253,50.623643],[39.874034,50.62462],[39.862234,50.630154],[39.83782,50.651557],[39.762706,50.698432],[39.751882,50.712836],[39.746104,50.733751],[39.747813,50.7508],[39.754405,50.769843],[39.763682,50.78616],[39.773448,50.795193],[39.793061,50.797187],[39.83961,50.793402],[39.855968,50.802069],[39.84726,50.82099],[39.766043,50.898261],[39.779714,50.913438],[39.786388,50.918158],[39.759532,50.933295],[39.76474,50.944281],[39.784434,50.957628],[39.80071,50.98017],[39.786388,50.987006],[39.761485,50.967475],[39.721446,50.953803],[39.676362,50.946397],[39.636241,50.946072],[39.394135,50.977118],[39.36435,50.988593],[39.293712,51.000678],[39.282807,50.995307],[39.276134,50.986518],[39.271414,50.977851],[39.266368,50.972724],[39.254893,50.971462],[39.233002,50.978217],[39.177338,50.984402],[39.156505,50.990668],[39.14267,51.000678],[39.140391,51.007758],[39.142507,51.01378],[39.146251,51.018378],[39.149669,51.021104],[39.138438,51.036078],[39.12794,51.044257],[39.12558,51.053656],[39.139415,51.072618],[39.143077,51.081081],[39.14267,51.088894],[39.144135,51.094591],[39.153087,51.096869],[39.159109,51.097683],[39.16684,51.099799],[39.174571,51.102891],[39.180675,51.106798],[39.208425,51.120144],[39.272878,51.138292],[39.293712,51.158311],[39.277599,51.176337],[39.255382,51.19184],[39.227468,51.202663],[39.19394,51.206732],[39.16741,51.218085],[39.168468,51.243842],[39.185069,51.271755],[39.204845,51.289252],[39.204845,51.296088],[39.191173,51.30032],[39.180186,51.297309],[39.156505,51.281806],[39.150971,51.294298],[39.158946,51.303412],[39.170909,51.311143],[39.177013,51.319688],[39.170828,51.331163],[39.156179,51.334052],[39.139089,51.334784],[39.125662,51.339871],[39.12086,51.342393],[39.103119,51.348822],[39.090017,51.351996],[39.086681,51.356879],[39.084565,51.363471],[39.080658,51.370551],[39.062511,51.392442],[39.051036,51.399766],[39.03297,51.404731],[39.038178,51.414618],[39.038585,51.422553],[39.03297,51.439521],[39.030203,51.443549],[39.01588,51.45657],[39.012136,51.462429],[39.013682,51.465196],[39.019216,51.467393],[39.022878,51.476142],[39.046641,51.508368],[39.054454,51.51203],[39.063731,51.51321],[39.071544,51.515448],[39.074636,51.52204],[39.0713,51.530626],[39.063894,51.535834],[39.046641,51.542548],[39.029796,51.552273],[39.018321,51.560981],[38.99879,51.582831],[39.00587,51.598171],[39.013276,51.605251],[39.021983,51.609687],[39.03297,51.617011],[39.045177,51.629421],[39.05128,51.640204],[39.053233,51.650743],[39.053396,51.662299],[39.027761,51.700019],[39.029552,51.706366],[39.039968,51.710517],[39.052989,51.720893],[39.065522,51.734198],[39.074636,51.747341],[39.062755,51.761054],[39.065929,51.77619],[39.117686,51.864447],[39.149099,51.897081],[39.152843,51.909451],[39.142996,51.921332],[39.106456,51.95246],[39.102957,51.960028],[39.101166,51.973904],[39.107921,51.989569],[39.108816,51.999538],[39.101166,52.008083]],[[42.109793,47.601752],[42.086436,47.592841],[42.043712,47.566352],[42.006114,47.558539],[41.988536,47.548774],[41.983165,47.546495],[41.970795,47.547309],[41.945242,47.553982],[41.891043,47.556098],[41.862071,47.561835],[41.84962,47.577908],[41.844493,47.586127],[41.832774,47.586453],[41.811697,47.581244],[41.795339,47.582709],[41.786143,47.586208],[41.778575,47.590847],[41.7671,47.595526],[41.721934,47.602891],[41.513927,47.601752],[41.500255,47.604682],[41.474376,47.614081],[41.462657,47.616034],[41.434093,47.611762],[41.417084,47.600653],[41.403087,47.58515],[41.383393,47.567654],[41.360362,47.55744],[41.336843,47.556098],[41.28419,47.560818],[41.271576,47.558661],[41.249766,47.549099],[41.239513,47.546495],[41.220714,47.548367],[41.212169,47.555203],[41.207042,47.564643],[41.197846,47.57449],[41.174897,47.582587],[41.156261,47.576768],[41.137136,47.566352],[41.112559,47.560818],[41.068126,47.562567],[41.053966,47.560818],[41.028331,47.550076],[41.017182,47.549831],[41.006114,47.560818],[41.018484,47.593858],[41.009207,47.614203],[40.984955,47.618109],[40.952159,47.601752],[40.945323,47.59809],[40.926036,47.585883],[40.899343,47.573065],[40.887136,47.569119],[40.85198,47.563422],[40.780203,47.533515],[40.635671,47.525173],[40.58839,47.512397],[40.523855,47.470567],[40.475841,47.459988],[40.465587,47.446967],[40.458018,47.402533],[40.444347,47.38699],[40.399425,47.363389],[40.38974,47.35163],[40.382253,47.333197],[40.363699,47.318793],[40.307384,47.292548],[40.288585,47.279853],[40.264903,47.269151],[40.253998,47.262519],[40.250092,47.259223],[40.247813,47.255683],[40.242768,47.243232],[40.235932,47.235175],[40.227957,47.2296],[40.218761,47.225775],[40.199718,47.2213],[40.191987,47.221259],[40.1845,47.223009],[40.176687,47.226833],[40.160818,47.232042],[40.143972,47.232123],[40.078217,47.215155],[40.062104,47.21308],[40.047537,47.216905],[40.033621,47.224921],[40.019786,47.23078],[40.005789,47.233222],[39.990326,47.230536],[39.961355,47.219916],[39.937999,47.213975],[39.925792,47.21247],[39.914154,47.212592],[39.876964,47.221747],[39.864187,47.222276],[39.793224,47.212592],[39.761974,47.199978],[39.751231,47.197821],[39.718679,47.19831],[39.711029,47.197211],[39.689871,47.189968],[39.580007,47.170111],[39.570404,47.166449],[39.563569,47.161444],[39.551199,47.148301],[39.54184,47.140937],[39.530284,47.135565],[39.517833,47.132025],[39.505789,47.130316],[39.483328,47.130561],[39.478282,47.129665],[39.465261,47.12519],[39.459402,47.117458],[39.447195,47.11164],[39.411225,47.101752],[39.399913,47.102566],[39.388764,47.105821],[39.37794,47.110785]]]}},{"type":"Feature","properties":{"dissolve":"305River","scalerank":6.0,"featurecla":"River","name":"Helmand","name_alt":null,"rivernum":305,"note":null,"min_zoom":5.0,"name_en":"Helmand","min_label":6.0},"bbox":[61.604096,30.164984,68.489268,34.571641],"geometry":{"type":"MultiLineString","coordinates":[[[68.489268,34.571641],[68.470714,34.558173],[68.450694,34.548936],[68.370697,34.525417],[68.361746,34.520087],[68.358002,34.512641],[68.354584,34.501085],[68.348888,34.490587],[68.338471,34.486029],[68.319753,34.490017],[68.287364,34.508328],[68.266694,34.513292],[68.211843,34.512966],[68.035655,34.497097],[68.013113,34.492458],[67.995697,34.482611],[67.977794,34.466254],[67.959402,34.453315],[67.939708,34.443712],[67.917979,34.437567],[67.739187,34.410264],[67.677257,34.385932],[67.650401,34.379218],[67.63087,34.365587],[67.619395,34.362494],[67.596772,34.360297],[67.574718,34.355048],[67.530284,34.33515],[67.430675,34.252631],[67.353608,34.216335],[67.331065,34.211697],[67.313487,34.205634],[67.296316,34.191026],[67.266205,34.15705]],[[67.266205,34.163194],[67.230072,34.11046],[67.221609,34.101833],[67.216075,34.091335],[67.229991,34.068142],[67.2588,34.033515],[67.261648,34.013617],[67.243337,33.977362],[67.238292,33.954372],[67.168224,33.954291],[67.149506,33.950954],[67.133718,33.939561],[67.091401,33.89289],[67.073416,33.881537],[67.029389,33.865749],[67.01295,33.855333],[66.928966,33.762803],[66.8956,33.738715],[66.875499,33.729926],[66.855235,33.72602],[66.776866,33.725369],[66.768891,33.721625],[66.752859,33.70421],[66.742686,33.695868],[66.731212,33.691514],[66.692312,33.705756],[66.671886,33.708808],[66.65504,33.684109],[66.616466,33.65823],[66.54005,33.62405],[66.51474,33.606879],[66.496674,33.603461],[66.488536,33.598415],[66.465587,33.573757],[66.45753,33.56741],[66.423269,33.546902],[66.412364,33.546088],[66.388194,33.547675],[66.378917,33.543484],[66.360037,33.52851],[66.319916,33.503974],[66.30657,33.492255],[66.297293,33.473944],[66.291026,33.450954],[66.286143,33.406602],[66.273529,33.403388],[66.196707,33.40351],[66.162201,33.388861],[66.054861,33.296942],[66.050222,33.290391],[66.046479,33.280056],[66.052989,33.2567],[66.053315,33.243964],[66.025401,33.230658],[66.011729,33.212104],[65.991303,33.170193],[65.968028,33.139228],[65.950287,33.12226],[65.933604,33.114936],[65.922781,33.106798],[65.895518,33.070176],[65.875255,33.060248],[65.866466,33.060126],[65.842296,33.06505],[65.832612,33.067003],[65.823009,33.067165],[65.81308,33.064236],[65.802989,33.057196],[65.76474,33.016628],[65.751069,33.005683],[65.723074,32.990587],[65.589366,32.942247],[65.576671,32.933376],[65.569347,32.930691],[65.551768,32.931912],[65.545665,32.929958],[65.53948,32.920518],[65.540619,32.914415],[65.544444,32.909369],[65.545665,32.903266],[65.539561,32.885606],[65.538829,32.879014],[65.535737,32.869981],[65.528901,32.864569],[65.521983,32.861192],[65.518972,32.858222],[65.511241,32.852403],[65.495616,32.845038],[65.483165,32.833035],[65.484874,32.813259],[65.478038,32.813259],[65.489757,32.791531],[65.485769,32.77086],[65.464366,32.731309],[65.449229,32.691026],[65.336192,32.52029],[65.319753,32.511583],[65.326671,32.503485],[65.327566,32.496405],[65.32366,32.489366],[65.316661,32.481513],[65.312999,32.473415],[65.314871,32.46601],[65.31837,32.458604],[65.319753,32.450751],[65.314138,32.416205],[65.307628,32.401557],[65.28769,32.390408],[65.277436,32.378201],[65.268647,32.363389],[65.261322,32.33808],[65.251964,32.330837],[65.224132,32.31977],[65.209483,32.323269],[65.195567,32.3192],[65.18214,32.317328],[65.169444,32.327257],[65.153819,32.318468],[65.107432,32.299913],[65.104991,32.325751],[65.090261,32.333116],[65.073741,32.328152],[65.056407,32.303982],[65.011729,32.282253],[64.997569,32.27265],[64.966401,32.206855],[64.953543,32.186957],[64.934988,32.168402],[64.874766,32.128607],[64.84905,32.10163],[64.792084,31.991482],[64.750662,31.937201],[64.744395,31.91946],[64.73585,31.908149],[64.682221,31.881619],[64.624929,31.833319],[64.582286,31.821885],[64.559093,31.809394],[64.43214,31.720811],[64.398529,31.68769],[64.378673,31.672471],[64.353933,31.663113]],[[61.604096,31.204413],[61.61435,31.182807],[61.629975,31.143134],[61.636811,31.117743],[61.667003,31.065985],[61.690684,31.038031],[61.717865,31.022895],[61.746349,31.011298],[61.773448,30.994005],[61.792247,30.973456],[61.799815,30.961697],[61.804128,30.949978],[61.807872,30.881659],[61.80185,30.87877],[61.799408,30.871649],[61.797862,30.853705],[61.799327,30.852607],[61.80185,30.847235],[61.803966,30.840033],[61.804128,30.833279],[61.80071,30.829901],[61.794037,30.825873],[61.787201,30.820421],[61.783702,30.812771],[61.785167,30.805609],[61.797862,30.778632],[61.790538,30.771796],[61.819347,30.738308],[61.824718,30.733954],[61.824718,30.709744],[61.819265,30.687812],[61.81837,30.679307],[61.832123,30.559516],[61.814057,30.467475],[61.811534,30.432237],[61.854503,30.357367],[61.860932,30.350653],[61.886729,30.339789],[61.903901,30.327826],[61.916515,30.316921],[61.932384,30.308783],[61.969005,30.3039],[61.996593,30.291368],[62.011648,30.289333],[62.05185,30.291368],[62.09905,30.283067],[62.21575,30.229926],[62.427989,30.169989],[62.474539,30.164984],[62.558849,30.168524],[62.781749,30.234198],[62.821707,30.239691],[62.855072,30.253445],[62.873057,30.25788],[62.958995,30.25788],[62.984793,30.269232],[62.996511,30.271511],[63.0088,30.269721],[63.028331,30.260565],[63.038097,30.25788],[63.062592,30.261664],[63.101329,30.285671],[63.116954,30.291368],[63.134288,30.300645],[63.170177,30.345079],[63.188975,30.360297],[63.23349,30.366523],[63.2553,30.373887],[63.270925,30.401964],[63.301199,30.428168],[63.366303,30.467556],[63.415457,30.505683],[63.432384,30.515326],[63.45574,30.524115],[63.49464,30.533718],[63.515147,30.54267],[63.524099,30.555772],[63.535248,30.56505],[63.58839,30.583686],[63.606537,30.586859],[63.628673,30.581977],[63.675385,30.563585],[63.775076,30.549018],[63.808604,30.537665],[63.847585,30.530951],[63.886729,30.528917],[63.911388,30.53498],[63.924408,30.543809],[63.9546,30.556505],[63.969737,30.566352],[63.979747,30.576199],[64.010509,30.625271],[64.022716,30.65412],[64.024913,30.665351],[64.02825,30.674384],[64.035655,30.675605],[64.044526,30.674425],[64.051687,30.676215],[64.05714,30.683458],[64.063406,30.698432],[64.077159,30.717475],[64.097179,30.770535],[64.101492,30.787462],[64.103282,30.80504],[64.100108,30.819607],[64.10434,30.823432],[64.107351,30.829291],[64.107839,30.836208],[64.103526,30.843533],[64.095714,30.853135],[64.095307,30.859402],[64.098074,30.865302],[64.10198,30.887397],[64.106619,30.90119],[64.114187,30.914374],[64.124034,30.925727],[64.14088,30.950222],[64.16505,31.009833],[64.182628,31.031846],[64.165131,31.068142],[64.163015,31.086493],[64.171967,31.103868],[64.184662,31.122667],[64.187104,31.139757],[64.186453,31.156928],[64.189464,31.175849],[64.210216,31.211371],[64.22405,31.229926],[64.233897,31.237901],[64.271414,31.298774],[64.333507,31.35696],[64.35963,31.390692],[64.374441,31.429145],[64.377045,31.442939],[64.377452,31.448554],[64.367605,31.463894],[64.360362,31.471706],[64.35377,31.474677],[64.34905,31.479926],[64.347179,31.494574],[64.346772,31.624457],[64.350597,31.647244],[64.360769,31.663113]]]}},{"type":"Feature","properties":{"dissolve":"315River","scalerank":6.0,"featurecla":"River","name":"Chenab","name_alt":null,"rivernum":315,"note":null,"min_zoom":5.0,"name_en":"Chenab","min_label":6.0},"bbox":[70.639171,29.028266,77.435557,33.383002],"geometry":{"type":"MultiLineString","coordinates":[[[77.435557,32.293077],[77.417247,32.299831],[77.374115,32.3074],[77.356456,32.316718],[77.297781,32.368232],[77.133881,32.456977],[77.097911,32.488349],[77.078705,32.500434],[77.055268,32.50491],[77.012706,32.506781],[76.992198,32.512803],[76.975841,32.525173],[76.968191,32.541612],[76.962901,32.57807],[76.955089,32.59455],[76.949474,32.599799],[76.922293,32.615058],[76.905528,32.620429],[76.897553,32.62405],[76.880951,32.635443],[76.875092,32.638699],[76.849701,32.647732],[76.836436,32.650458],[76.808849,32.652859],[76.730479,32.673407],[76.714447,32.680447],[76.646576,32.733751],[76.627371,32.744737],[76.60906,32.750596],[76.477061,32.754462],[76.444347,32.768256],[76.428233,32.799628],[76.428233,32.822862],[76.433035,32.842312],[76.441417,32.858588],[76.452159,32.872178],[76.461518,32.889594],[76.462413,32.908759],[76.457123,32.92768],[76.448741,32.9442],[76.443289,32.949774],[76.437266,32.953721],[76.431895,32.95954],[76.428233,32.970893],[76.428233,32.980292],[76.433604,32.99726],[76.435069,33.009101],[76.433116,33.032904],[76.427013,33.049506],[76.416433,33.062079],[76.354747,33.115912],[76.342459,33.122341],[76.334239,33.124335],[76.323985,33.129014],[76.315196,33.134589],[76.311534,33.139106],[76.307628,33.148871],[76.29835,33.152696],[76.277354,33.155829],[76.245535,33.178982],[76.19866,33.242458],[76.167491,33.265692],[76.136485,33.275458],[76.126475,33.280056],[76.118744,33.286566],[76.103282,33.30329],[76.096202,33.306708],[76.079519,33.310492],[76.042491,33.328559],[76.024099,33.334581],[76.014252,33.335395],[75.998139,33.334174],[75.963878,33.339179],[75.832612,33.377265],[75.770763,33.383002],[75.752371,33.379503],[75.736339,33.36697],[75.727468,33.350857],[75.72519,33.334744],[75.729584,33.319037],[75.740489,33.304063],[75.790619,33.249538],[75.808442,33.216864],[75.811127,33.18126],[75.800141,33.162055],[75.780935,33.156114],[75.758718,33.158637],[75.714122,33.170844],[75.702729,33.170966],[75.690196,33.16767],[75.647472,33.148139],[75.632091,33.143866],[75.599539,33.141425],[75.499929,33.149685],[75.407725,33.136013],[75.385671,33.136501],[75.363536,33.139919],[75.342784,33.146267],[75.324636,33.155829],[75.314871,33.169745],[75.304861,33.190619],[75.292003,33.209581],[75.273367,33.217882],[75.252208,33.221869],[75.233409,33.231757],[75.198416,33.25727],[75.183523,33.26557],[75.16269,33.273057],[75.14267,33.274359],[75.129975,33.263943],[75.128673,33.254096],[75.129649,33.244086],[75.129161,33.234442],[75.123546,33.225775],[75.095876,33.21072],[75.083507,33.201117],[75.078217,33.187283],[75.075857,33.174099],[75.069428,33.165961],[75.059581,33.162543],[75.046641,33.163438],[74.997569,33.177802],[74.980724,33.177924],[74.903575,33.168321],[74.879161,33.175076],[74.847667,33.187567],[74.81837,33.193386],[74.80071,33.17947],[74.800873,33.172878],[74.806163,33.152411],[74.807546,33.143988],[74.793712,33.079169],[74.79184,33.056708],[74.795421,33.035264],[74.807872,33.015896],[74.808523,33.001899],[74.783295,32.936794],[74.782807,32.931912],[74.78419,32.920966],[74.783295,32.916287],[74.779796,32.911973],[74.776785,32.911648],[74.773529,32.911892],[74.760671,32.902859],[74.739675,32.892117],[74.735606,32.885565],[74.72462,32.873155],[74.653087,32.854804],[74.603282,32.818712],[74.580333,32.810126],[74.564708,32.796454],[74.542247,32.790391],[74.533376,32.783067],[74.496104,32.726426],[74.468679,32.701117],[74.377533,32.64407],[74.354503,32.622341],[74.33839,32.611518],[74.31601,32.602566],[74.271658,32.591376],[74.219819,32.564643],[74.207042,32.554999],[74.201752,32.542914],[74.193126,32.53616],[74.154552,32.528428],[74.145925,32.522488],[74.13323,32.500312],[74.103526,32.476833],[74.069347,32.461615],[74.043468,32.464423],[74.010346,32.428778],[73.991303,32.419257],[73.964366,32.416042],[73.921153,32.416856],[73.90504,32.413153],[73.867931,32.392279],[73.85255,32.388495],[73.814057,32.388699],[73.790538,32.38288],[73.778087,32.369208],[73.769135,32.353583],[73.756114,32.341498],[73.737722,32.337958],[73.676687,32.347113],[73.661225,32.339911],[73.62794,32.305243],[73.612234,32.293077],[73.602143,32.290717],[73.580333,32.289333],[73.570567,32.286241],[73.565196,32.280585],[73.552419,32.262763],[73.540619,32.255683],[73.522065,32.241156],[73.512218,32.23786],[73.420421,32.236192],[73.400483,32.227362],[73.384695,32.190009],[73.32545,32.133002],[73.290538,32.107286],[73.283214,32.097276],[73.278901,32.072699],[73.267345,32.061225],[73.227957,32.046698],[73.214122,32.035102],[73.203298,32.017686],[73.196381,31.996649],[73.193858,31.974392],[73.187755,31.94953],[73.172944,31.931993],[73.139171,31.902126],[73.129405,31.883246],[73.118093,31.845526],[73.108165,31.830105],[73.092784,31.819037],[73.073985,31.810858],[73.001394,31.792263],[72.992768,31.78738],[72.975515,31.774929],[72.970876,31.772325],[72.95989,31.763495],[72.933035,31.72252],[72.919444,31.710273],[72.908376,31.708035],[72.879161,31.710273],[72.865652,31.707587],[72.838145,31.698554],[72.804779,31.694444],[72.741954,31.676134],[72.672293,31.671902],[72.655935,31.666205],[72.647716,31.659939],[72.618337,31.645087],[72.608165,31.637641],[72.594005,31.621894],[72.583588,31.614691],[72.573741,31.612006],[72.552989,31.611599],[72.542735,31.607856],[72.536143,31.601508],[72.529389,31.591986],[72.524343,31.582587],[72.522227,31.576524],[72.5171,31.5692],[72.505056,31.563788],[72.480886,31.556342],[72.470225,31.550889],[72.446381,31.531521],[72.388194,31.505561],[72.361339,31.488064],[72.35019,31.460476],[72.342865,31.449164],[72.251231,31.364569],[72.254649,31.309638],[72.253022,31.294053],[72.23406,31.220242],[72.229991,31.215155],[72.210216,31.210273],[72.203136,31.206895],[72.190196,31.19831],[72.138601,31.183295]],[[72.138764,31.183295],[72.140391,31.102891],[72.139252,31.094062],[72.132823,31.086778],[72.110037,31.067328],[72.096446,31.059027],[72.090831,31.052314],[72.088145,31.041938],[72.091319,31.023871],[72.087413,31.015082],[72.083425,31.008816],[72.078217,30.994737],[72.073416,30.987494],[72.066987,30.98196],[72.052664,30.97248],[72.045909,30.966986],[72.039643,30.962999],[72.025645,30.958319],[72.018484,30.953396],[72.011648,30.94363],[72.001475,30.919867],[71.99464,30.908962],[71.98585,30.885688],[71.964366,30.871283],[71.942475,30.861029],[71.932628,30.850287],[71.927257,30.832302],[71.913829,30.8192],[71.87794,30.799099],[71.857921,30.772895],[71.850597,30.697862],[71.836925,30.661933],[71.831635,30.657294],[71.809011,30.641466],[71.793875,30.622911],[71.785167,30.616563],[71.771495,30.614122],[71.746511,30.609198],[71.736827,30.59748],[71.729747,30.583848],[71.712901,30.573188],[71.692556,30.573798],[71.668224,30.577094],[71.647716,30.572455],[71.638927,30.548936],[71.629487,30.533474],[71.608328,30.521023],[71.569347,30.50491],[71.559174,30.495225],[71.545502,30.473009],[71.535248,30.463324],[71.527843,30.459174],[71.521007,30.457139],[71.504649,30.456488],[71.493582,30.45421],[71.489838,30.448432],[71.488536,30.440619],[71.48406,30.432237],[71.452729,30.389106],[71.434988,30.372667],[71.40504,30.360297],[71.414073,30.334499],[71.398204,30.324042],[71.375499,30.320665],[71.363862,30.31623],[71.362641,30.291449],[71.358653,30.273505],[71.352306,30.258979],[71.343435,30.244208],[71.335704,30.225938],[71.323009,30.182725],[71.312511,30.165107],[71.308849,30.155544],[71.309988,30.132636],[71.305675,30.123806],[71.297862,30.115749],[71.295421,30.109809],[71.293956,30.103217],[71.288992,30.09337],[71.262706,30.062527],[71.251882,30.044298],[71.245046,29.999538],[71.239268,29.984442],[71.232514,29.971462],[71.226736,29.956163],[71.225597,29.944892],[71.226085,29.93476],[71.225108,29.925157],[71.2199,29.915229],[71.210053,29.910183],[71.196381,29.907253],[71.184174,29.902289],[71.17685,29.88642],[71.173432,29.876003],[71.173839,29.865424],[71.182546,29.860663],[71.187999,29.855292],[71.202159,29.82921],[71.205658,29.819648],[71.206065,29.79328],[71.199229,29.772244],[71.179128,29.736436],[71.175222,29.724799],[71.171641,29.688747],[71.167491,29.680243],[71.153901,29.663886],[71.140636,29.639838],[71.116222,29.620917],[71.087901,29.606024],[71.053803,29.596503],[71.04892,29.587592],[71.048757,29.562364],[71.044688,29.548529],[71.034597,29.539984],[71.021414,29.53498],[71.007742,29.531684],[71.017345,29.516669],[71.023692,29.497748],[71.027192,29.477729],[71.028087,29.459337],[71.03004,29.450507],[71.034272,29.441026],[71.045665,29.424872],[71.043712,29.419786],[71.027761,29.402289],[71.021983,29.393866],[71.017996,29.380398],[71.015636,29.367377],[71.012625,29.314032],[71.003673,29.293321],[70.980398,29.277777],[70.948822,29.266221],[70.946218,29.256415],[70.9463,29.2331],[70.938894,29.219184],[70.921479,29.216417],[70.847585,29.227851],[70.83017,29.224677],[70.822765,29.212673],[70.822683,29.190985],[70.820323,29.173611],[70.812022,29.159369],[70.794851,29.147488],[70.777354,29.156806],[70.757416,29.150499],[70.745942,29.135769],[70.753917,29.119493],[70.747081,29.106472],[70.738292,29.099392],[70.728526,29.09394],[70.719737,29.086005],[70.71339,29.075303],[70.69866,29.037624],[70.694347,29.034532],[70.682384,29.029486],[70.663666,29.028266],[70.639171,29.036811]]]}},{"type":"Feature","properties":{"dissolve":"340River","scalerank":6.0,"featurecla":"River","name":"Setit","name_alt":null,"rivernum":340,"note":null,"min_zoom":5.0,"name_en":"Setit","min_label":6.0},"bbox":[35.854259,13.871609,37.816661,14.619656],"geometry":{"type":"MultiLineString","coordinates":[[[37.816661,13.875312],[37.812755,13.872911],[37.806651,13.873358],[37.795665,13.878485],[37.789073,13.879747],[37.781261,13.877468],[37.77296,13.873318],[37.763927,13.871609],[37.754649,13.876329],[37.73406,13.896796],[37.725841,13.903103],[37.720795,13.902899],[37.716401,13.90058],[37.710378,13.900214],[37.674246,13.9112],[37.660574,13.921495],[37.65504,13.937812],[37.651378,13.953966],[37.642589,13.966417],[37.621511,13.988959],[37.615896,13.998481],[37.607921,14.023139],[37.607351,14.02794],[37.608653,14.038926],[37.607921,14.043647],[37.604747,14.046983],[37.595876,14.052558],[37.594249,14.054226],[37.580577,14.081814],[37.578868,14.096747],[37.573497,14.101264],[37.564952,14.101915],[37.553233,14.10574],[37.535167,14.117051],[37.524913,14.129014],[37.520274,14.145616],[37.519054,14.17121],[37.516043,14.180732],[37.50823,14.1883],[37.498057,14.193305],[37.487804,14.195095],[37.475027,14.199774],[37.469005,14.211005],[37.463878,14.236029],[37.456472,14.254828],[37.452159,14.26081],[37.411713,14.293809],[37.397227,14.301947],[37.39446,14.312567],[37.394949,14.335313],[37.393565,14.350206],[37.389659,14.358344],[37.374522,14.373236],[37.336518,14.426581],[37.317556,14.437323],[37.293224,14.457587],[37.279552,14.455634],[37.257823,14.44831],[37.183849,14.449734],[37.149099,14.442084],[37.120616,14.421007],[37.105398,14.399359],[37.09726,14.379706],[37.093842,14.35932],[37.093272,14.335313],[37.090343,14.314399],[37.082937,14.297919],[37.072195,14.285468],[37.059825,14.276964],[37.052013,14.275499],[37.033702,14.277696],[37.025645,14.276964],[37.010997,14.265245],[37.005056,14.263373],[36.994884,14.264268],[36.986257,14.266954],[36.978282,14.271308],[36.970307,14.276964],[36.95224,14.301134],[36.946544,14.304958],[36.913259,14.30919],[36.848155,14.327948],[36.815929,14.332221],[36.747569,14.332221],[36.737885,14.329942],[36.721609,14.320176],[36.713145,14.317939],[36.668061,14.317939],[36.648041,14.314765],[36.617117,14.300645],[36.603282,14.297471],[36.582042,14.296902],[36.565196,14.293077],[36.552664,14.282904],[36.545177,14.263373],[36.525971,14.263739],[36.514252,14.256293],[36.504405,14.245551],[36.490652,14.236029],[36.47405,14.233507],[36.430919,14.238878],[36.414806,14.242865],[36.398448,14.249335],[36.388764,14.256781],[36.3803,14.265815],[36.367117,14.276964],[36.361501,14.279853],[36.34669,14.2838],[36.321056,14.295762],[36.319265,14.297471],[36.288015,14.297634],[36.260265,14.287624],[36.202566,14.256537],[36.168468,14.242865],[36.14796,14.222357],[36.037852,14.220974],[36.017182,14.22366],[36.000255,14.232611],[35.976329,14.251654],[35.962332,14.259955],[35.934581,14.268378],[35.921397,14.280829],[35.912039,14.296576],[35.908376,14.311469],[35.903087,14.325995],[35.890147,14.336208],[35.859955,14.348985],[35.854259,14.359971],[35.882091,14.390245],[35.884369,14.40766],[35.881847,14.422227],[35.885509,14.438788],[35.898448,14.469062],[35.897553,14.485216],[35.887462,14.499091],[35.880951,14.514187],[35.904877,14.555121],[35.905284,14.575385],[35.895437,14.619656]]]}},{"type":"Feature","properties":{"dissolve":"377River","scalerank":7.0,"featurecla":"River","name":"Atshan","name_alt":null,"rivernum":377,"note":null,"min_zoom":6.0,"name_en":"Atshan","min_label":7.0},"bbox":[44.786143,31.281684,45.234874,31.463894],"geometry":{"type":"MultiLineString","coordinates":[[[44.786143,31.463894],[44.808035,31.463324],[44.816661,31.46129],[44.823985,31.457058],[44.835948,31.438788],[44.842865,31.418402],[44.853119,31.401801],[44.875255,31.394965],[44.90211,31.393337],[44.966726,31.375108],[45.012462,31.369208],[45.033621,31.361436],[45.042491,31.343451],[45.050385,31.332302],[45.068777,31.322577],[45.089366,31.315741],[45.109874,31.312323],[45.125011,31.30622],[45.138438,31.316107],[45.15919,31.302029],[45.178152,31.283962],[45.186453,31.281684],[45.189464,31.305121],[45.198741,31.316759],[45.213878,31.32213],[45.234874,31.326687]]]}},{"type":"Feature","properties":{"dissolve":"442River","scalerank":7.0,"featurecla":"River","name":"Evros","name_alt":"Maritsa","rivernum":442,"note":null,"min_zoom":6.0,"name_en":"Maritsa","min_label":7.0},"bbox":[23.675955,40.735785,26.63616,42.325385],"geometry":{"type":"MultiLineString","coordinates":[[[23.675955,42.277533],[23.690929,42.289659],[23.724783,42.309638],[23.740977,42.321885],[23.756114,42.325385],[23.826671,42.318427],[23.858084,42.319892],[23.867686,42.318427],[23.874197,42.314236],[23.886485,42.300849],[23.891856,42.29796],[23.901134,42.2956],[23.908702,42.28974],[23.913585,42.282009],[23.917735,42.264716],[23.924001,42.258572],[24.003103,42.225369],[24.022227,42.222235],[24.035574,42.223578],[24.048106,42.226833],[24.070567,42.235907],[24.088634,42.242377],[24.094168,42.243354],[24.108572,42.242011],[24.134044,42.232123],[24.145763,42.229763],[24.207449,42.229763],[24.230724,42.225409],[24.377208,42.166449],[24.388438,42.157416],[24.404714,42.150092],[24.480724,42.150702],[24.505138,42.146552],[24.535574,42.159451],[24.93336,42.160834],[24.936534,42.161729],[24.938406,42.163886],[24.94101,42.166083],[24.946788,42.16706],[24.952403,42.164984],[24.958263,42.160468],[24.96282,42.156033],[24.963796,42.153998],[24.973562,42.154853],[24.986827,42.160183],[24.997976,42.160834],[25.010346,42.156928],[25.019786,42.151068],[25.029714,42.149237],[25.059581,42.166571],[25.095714,42.172553],[25.115245,42.18126],[25.126069,42.172065],[25.142019,42.16706],[25.152924,42.160468],[25.149425,42.146552],[25.16741,42.14407],[25.193289,42.124579],[25.214447,42.1199],[25.225515,42.123725],[25.241954,42.137763],[25.24879,42.136583],[25.257416,42.132758],[25.293386,42.13349],[25.308523,42.131415],[25.365164,42.113064],[25.386811,42.114081],[25.398204,42.113105],[25.406016,42.10932],[25.417084,42.10163],[25.42864,42.099677],[25.439545,42.099962],[25.449799,42.098741],[25.501557,42.069363],[25.522716,42.065253],[25.601166,42.072089],[25.634288,42.067328],[25.739024,42.023627],[25.755951,42.021674],[25.810802,42.023627],[25.820242,42.026882],[25.841075,42.040961],[25.852061,42.044135],[25.862315,42.040839],[25.874034,42.033067],[25.884044,42.023993],[25.88974,42.016791],[25.895518,41.997585],[25.898936,41.977566],[25.905365,41.961778],[25.920665,41.95539],[25.92921,41.947862],[25.95696,41.912421],[25.971772,41.900743],[25.990733,41.894843],[26.00644,41.892849],[26.043468,41.893337],[26.062266,41.887641],[26.077891,41.874335],[26.102061,41.845526],[26.108897,41.840847],[26.126557,41.831732],[26.136322,41.824408],[26.141531,41.821723],[26.152843,41.820421],[26.156749,41.818793],[26.158376,41.813747],[26.157319,41.799831],[26.160167,41.794013],[26.190522,41.773749],[26.198253,41.766425],[26.203054,41.758083],[26.211355,41.7508],[26.225597,41.749864],[26.233979,41.746121],[26.260509,41.723334],[26.273448,41.715155],[26.294444,41.710557],[26.35906,41.715155],[26.376964,41.710883],[26.403901,41.692165],[26.442312,41.68476],[26.459972,41.679023],[26.475678,41.675971],[26.491954,41.681016],[26.491466,41.674018],[26.493663,41.670844],[26.497081,41.669379],[26.499441,41.667344],[26.534272,41.666571],[26.560802,41.654812],[26.580496,41.635688],[26.5949,41.612738],[26.594737,41.605251],[26.595795,41.597846],[26.598155,41.591091],[26.601817,41.585395],[26.597341,41.573513],[26.601166,41.547553],[26.5949,41.537665],[26.605561,41.523261],[26.610444,41.505968],[26.615489,41.468777],[26.631765,41.419989],[26.635834,41.399848],[26.63616,41.37873],[26.631277,41.357733],[26.622081,41.340644],[26.609304,41.331],[26.59075,41.329535],[26.569021,41.333808],[26.550222,41.341986],[26.539643,41.352078],[26.488862,41.311103],[26.478282,41.309841],[26.47405,41.306586],[26.471446,41.302191],[26.465912,41.297431],[26.437918,41.283759],[26.41155,41.265937],[26.394542,41.259223],[26.331147,41.254421],[26.320079,41.246446],[26.33546,41.229193],[26.325125,41.207221],[26.320567,41.187852],[26.323741,41.170111],[26.33546,41.152777],[26.316824,41.130683],[26.316824,41.122504],[26.331716,41.11933],[26.338959,41.114773],[26.321869,41.088813],[26.324636,41.074286],[26.338634,41.051785],[26.347179,41.041205],[26.373627,41.031358],[26.374522,41.019639],[26.367605,41.007921],[26.35906,41.002631],[26.344168,41.001288],[26.33546,40.997382],[26.332612,40.990994],[26.33546,40.982123],[26.345876,40.971951],[26.355724,40.96837],[26.35849,40.964911],[26.348643,40.954779],[26.334483,40.946479],[26.305919,40.936225],[26.293956,40.926866],[26.296804,40.922634],[26.302826,40.915717],[26.303477,40.909288],[26.290131,40.906358],[26.281668,40.907497],[26.274669,40.910509],[26.269542,40.915066],[26.266043,40.920681],[26.259776,40.920681],[26.25172,40.900824],[26.24586,40.891669],[26.23878,40.885932],[26.231863,40.885932],[26.230561,40.890001],[26.225597,40.899604],[26.225841,40.889024],[26.22462,40.883857],[26.22047,40.881537],[26.211355,40.879706],[26.210704,40.874945],[26.211925,40.873358],[26.214773,40.873114],[26.218191,40.87226],[26.208263,40.868598],[26.205333,40.865261],[26.204519,40.858588],[26.211436,40.847724],[26.157725,40.812364],[26.142507,40.794013],[26.134044,40.767361],[26.111827,40.74726],[26.081065,40.735785],[26.043956,40.738471]]]}},{"type":"Feature","properties":{"dissolve":"463River","scalerank":7.0,"featurecla":"River","name":"Donets","name_alt":null,"rivernum":463,"note":null,"min_zoom":6.0,"name_en":"Donets","min_label":7.0},"bbox":[36.332774,47.58808,41.081716,50.98017],"geometry":{"type":"MultiLineString","coordinates":[[[36.949962,50.98017],[36.929617,50.972968],[36.887787,50.965684],[36.870697,50.95661],[36.860769,50.940212],[36.840424,50.89411],[36.829845,50.884589],[36.820811,50.878974],[36.731537,50.804511],[36.716563,50.795193],[36.722179,50.774604],[36.706716,50.759833],[36.685964,50.748155],[36.67571,50.736884],[36.670502,50.717841],[36.633881,50.664862],[36.616222,50.610907],[36.603282,50.592882],[36.60019,50.576239],[36.608328,50.554063],[36.627859,50.52029],[36.663097,50.480414],[36.668061,50.462836],[36.676524,50.452704],[36.730235,50.432156],[36.778738,50.384345],[36.795665,50.376899],[36.799408,50.373318],[36.802826,50.364814],[36.805105,50.354804],[36.80714,50.331488],[36.810639,50.323554],[36.847341,50.288275],[36.852306,50.278917],[36.853608,50.264228],[36.850515,50.258368],[36.843516,50.253607],[36.836436,50.247178],[36.833263,50.236599],[36.833263,50.199327],[36.825857,50.161729],[36.812104,50.12169],[36.803396,50.080878],[36.812104,50.041083],[36.827159,50.024522],[36.86085,50.003485],[36.872976,49.975653],[36.886241,49.963935],[36.948171,49.92003],[36.964122,49.904893],[36.966889,49.894232],[36.955496,49.879014],[36.936453,49.844428],[36.921967,49.828803],[36.861908,49.813056],[36.745128,49.85989],[36.696056,49.849311],[36.69866,49.832587],[36.683686,49.81623],[36.661143,49.802761],[36.641368,49.794623],[36.629893,49.793402],[36.605235,49.795844],[36.593679,49.794623],[36.582286,49.788886],[36.552013,49.759874],[36.538259,49.741563],[36.528901,49.724311],[36.51767,49.709499],[36.498057,49.698432],[36.486257,49.695828],[36.465343,49.694159],[36.456554,49.691677],[36.447765,49.685818],[36.433116,49.67121],[36.422293,49.664333],[36.406016,49.670681],[36.380463,49.675482],[36.356944,49.673896],[36.34669,49.660915],[36.343679,49.643378],[36.332774,49.604438],[36.332937,49.589219],[36.343191,49.57685],[36.361908,49.563422],[36.382742,49.552598],[36.398448,49.548204],[36.417735,49.54621],[36.465587,49.534288],[36.484386,49.527167],[36.515066,49.507636],[36.536062,49.501654],[36.575206,49.517157],[36.596609,49.505316],[36.633881,49.47252],[36.6456,49.468533],[36.682384,49.465684],[36.692963,49.461127],[36.715424,49.447943],[36.748057,49.439643],[36.771495,49.413194],[36.792247,49.404242],[36.812266,49.409247],[36.828624,49.422553],[36.8449,49.430935],[36.863862,49.421007],[36.88144,49.408637],[36.898367,49.406562],[36.916026,49.407497],[36.93629,49.404242],[36.970876,49.390326],[36.989675,49.385565],[37.038666,49.382025],[37.059011,49.376736],[37.076671,49.367987],[37.093272,49.355821],[37.107677,49.340155],[37.11378,49.335313],[37.12379,49.332221],[37.135265,49.330756],[37.144542,49.32746],[37.148529,49.31863],[37.146088,49.306464],[37.139252,49.29914],[37.129405,49.295356],[37.117198,49.294379],[37.107514,49.291693],[37.096609,49.27851],[37.086436,49.273871],[37.001069,49.298774],[36.956147,49.304389],[36.949962,49.280097],[36.925792,49.275824],[36.917003,49.261501],[36.920502,49.246202],[36.943858,49.231553],[36.933849,49.215033],[36.917003,49.198757],[36.908295,49.191962],[36.916108,49.177191],[36.935313,49.17121],[36.991791,49.169786],[37.021983,49.164008],[37.034272,49.166693],[37.049815,49.177354],[37.059825,49.17829],[37.082937,49.156195],[37.093272,49.150987],[37.138276,49.157172],[37.17213,49.140163],[37.179291,49.138129],[37.209972,49.150987],[37.247569,49.158718],[37.255382,49.16946],[37.257823,49.195095],[37.263438,49.215033],[37.276378,49.213202],[37.290457,49.199571],[37.299327,49.184516],[37.300548,49.149726],[37.306244,49.131171],[37.322846,49.123074],[37.364268,49.123074],[37.389903,49.115505],[37.401785,49.115668],[37.411388,49.106147],[37.420421,49.099799],[37.464366,49.080024],[37.470714,49.074652],[37.474132,49.067654],[37.475108,49.053412],[37.47755,49.047309],[37.498464,49.029893],[37.524913,49.02204],[37.551687,49.025336],[37.566824,49.033718],[37.579519,49.042914],[37.599864,49.047553],[37.621837,49.04621],[37.638601,49.037421],[37.651134,49.020331],[37.645925,49.01557],[37.630951,49.013943],[37.614675,49.006415],[37.614675,49.00019],[37.619151,48.99669],[37.624034,48.989691],[37.628347,48.985907],[37.614187,48.974677],[37.607921,48.972235],[37.607921,48.965399],[37.659597,48.95954],[37.713634,48.959255],[37.751231,48.93126],[37.754893,48.920762],[37.757335,48.9088],[37.761811,48.897813],[37.77239,48.890326],[37.802175,48.901475],[37.885265,48.886908],[37.922537,48.890326],[37.929128,48.89586],[37.939871,48.911485],[37.95045,48.91767],[37.961436,48.917792],[37.971934,48.913153],[37.981944,48.907335],[37.991466,48.903998],[38.010265,48.90587],[38.024425,48.914171],[38.04599,48.937445],[38.170909,48.931952],[38.20989,48.923855],[38.218354,48.929755],[38.223562,48.936957],[38.230968,48.951768],[38.234955,48.953396],[38.240815,48.952989],[38.246837,48.953884],[38.251557,48.959255],[38.252208,48.966254],[38.249522,48.970079],[38.24586,48.972602],[38.24407,48.975653],[38.241466,49.010932],[38.248953,49.022162],[38.271983,49.027533],[38.308849,49.020046],[38.343516,48.998969],[38.512218,48.862372],[38.568858,48.830024],[38.584483,48.817979],[38.625011,48.777126],[38.641856,48.767401],[38.680675,48.760199],[38.706147,48.75849],[38.72991,48.770331],[38.756928,48.765937],[38.799571,48.753119],[38.820404,48.751044],[38.885509,48.753119],[38.897227,48.751044],[38.916921,48.741645],[38.92685,48.739529],[38.961681,48.747138],[38.970795,48.746365],[38.983653,48.732856],[38.989513,48.714423],[38.997325,48.698106],[39.01588,48.691107],[39.026134,48.660956],[39.030772,48.651557],[39.042084,48.646308],[39.055675,48.643988],[39.067149,48.643256],[39.108653,48.650092],[39.11671,48.655951],[39.133393,48.67414],[39.139415,48.678046],[39.160655,48.681505],[39.19044,48.698554],[39.211029,48.704698],[39.229991,48.700141],[39.240489,48.700466],[39.245128,48.708441],[39.247325,48.718533],[39.256765,48.736762],[39.258881,48.742947],[39.267507,48.751166],[39.287201,48.759101],[39.309174,48.765082],[39.324311,48.767401],[39.335053,48.761013],[39.360932,48.730007],[39.368093,48.719021],[39.36964,48.711778],[39.369151,48.703315],[39.370128,48.694159],[39.37558,48.684882],[39.381928,48.681342],[39.409679,48.6706],[39.468272,48.659044],[39.51588,48.636501],[39.522227,48.631049],[39.526785,48.607123],[39.529552,48.601671],[39.531993,48.600165],[39.536388,48.592149],[39.54005,48.58869],[39.545177,48.588162],[39.554779,48.594591],[39.560557,48.595486],[39.615815,48.586534],[39.669688,48.58869],[39.689545,48.59394],[39.808604,48.584011],[39.834972,48.573798],[39.854503,48.556342],[39.862234,48.530341],[39.863292,48.523017],[39.865652,48.517361],[39.867931,48.513129],[39.86907,48.510199],[39.864757,48.501776],[39.855479,48.49962],[39.846202,48.500067],[39.841726,48.499294],[39.844249,48.48371],[39.85377,48.475694],[39.864187,48.470038],[39.8956,48.42414],[39.906342,48.398627],[39.913992,48.384955],[39.923595,48.37641]],[[39.923595,48.368964],[40.091563,48.368964],[40.102957,48.365831],[40.128917,48.351996],[40.143321,48.348456],[40.156749,48.349677],[40.183523,48.355414],[40.198009,48.355292],[40.209402,48.352078],[40.226654,48.34337],[40.257335,48.337022],[40.300548,48.31505],[40.321544,48.307481],[40.366303,48.310248],[40.37672,48.307481],[40.382416,48.295844],[40.377208,48.286566],[40.37086,48.278388],[40.372976,48.269884],[40.382742,48.265977],[40.396007,48.265204],[40.421153,48.266547],[40.43214,48.264472],[40.441498,48.259345],[40.458018,48.245429],[40.471772,48.236151],[40.490001,48.229071],[40.50587,48.232733],[40.512706,48.255968],[40.513601,48.269802],[40.516368,48.277045],[40.53004,48.290473],[40.541026,48.295111],[40.549246,48.286892],[40.555593,48.274482],[40.561046,48.266547],[40.567882,48.259101],[40.592377,48.267768],[40.613699,48.214545],[40.632823,48.214952],[40.6421,48.219591],[40.665294,48.223944],[40.718761,48.252875],[40.744151,48.252021],[40.753673,48.240546],[40.75294,48.201687],[40.750662,48.190212],[40.739268,48.167182],[40.73585,48.155097],[40.728038,48.150173],[40.719005,48.147813],[40.711925,48.143622],[40.699799,48.119005],[40.711355,48.111029],[40.734304,48.108018],[40.756602,48.098578],[40.766531,48.095649],[40.781261,48.094672],[40.794688,48.092231],[40.80071,48.085273],[40.814952,48.054267],[40.830577,48.033881],[40.84669,48.02379],[40.867442,48.020453],[40.897227,48.020087],[40.91684,48.01203],[40.966401,47.958075],[40.98585,47.942206],[40.996593,47.927598],[41.013601,47.889757],[41.018809,47.882025],[41.023041,47.878485],[41.025808,47.873725],[41.026541,47.862413],[41.024343,47.850409],[41.020763,47.84394],[41.020112,47.838202],[41.026541,47.828315],[41.061453,47.817206],[41.068289,47.814032],[41.067963,47.802029],[41.059988,47.791327],[41.040131,47.773057],[41.03004,47.753038],[41.038097,47.748806],[41.081716,47.75255],[41.062592,47.716254],[41.049734,47.698676],[41.03712,47.691189],[41.017345,47.69477],[41.002452,47.700792],[40.98878,47.701972],[40.972667,47.691189],[40.967296,47.709011],[40.954519,47.709011],[40.940196,47.700059],[40.930919,47.691189],[40.942312,47.673163],[40.941173,47.656358],[40.929779,47.643337],[40.909923,47.636542],[40.896658,47.62995],[40.890554,47.621039],[40.890066,47.609198],[40.89503,47.602729],[40.915294,47.594265],[40.924815,47.58808]]]}},{"type":"Feature","properties":{"dissolve":"481River","scalerank":7.0,"featurecla":"River","name":"Kiz?lirmak","name_alt":null,"rivernum":481,"note":null,"min_zoom":6.0,"name_en":"Kiz?lirmak","min_label":7.0},"bbox":[33.395112,38.738959,37.660818,41.646267],"geometry":{"type":"MultiLineString","coordinates":[[[37.660818,39.879747],[37.47877,39.869005],[37.174734,39.79796],[37.139578,39.793769],[37.002371,39.75255],[36.918468,39.712104],[36.909109,39.708808],[36.899994,39.708564],[36.890636,39.713324],[36.887218,39.719916],[36.885183,39.726915],[36.880626,39.732733],[36.860769,39.737657],[36.837901,39.733425],[36.814138,39.726264],[36.791515,39.72252],[36.752696,39.722439],[36.735037,39.719509],[36.694591,39.705512],[36.635265,39.697699],[36.613862,39.691433],[36.59905,39.682318],[36.570567,39.657009],[36.535574,39.636786],[36.463959,39.609483],[36.434011,39.585964],[36.408621,39.556952],[36.403575,39.547634],[36.395274,39.523261],[36.384288,39.507392],[36.371511,39.494737],[36.253022,39.409776],[36.202891,39.38288],[36.16212,39.352362],[36.111908,39.325263],[36.096609,39.312527],[36.065684,39.27619],[36.049408,39.265815],[35.992931,39.248725],[35.975678,39.240343],[35.961681,39.231147],[35.955496,39.225287],[35.951182,39.217719],[35.95045,39.209052],[35.95574,39.19599],[35.955577,39.188585],[35.947358,39.174628],[35.934825,39.165798],[35.858653,39.133979],[35.846121,39.126166],[35.8331,39.114325],[35.811453,39.087348],[35.798595,39.075751],[35.790131,39.072211],[35.769949,39.068793],[35.760997,39.065863],[35.753835,39.060574],[35.740489,39.047675],[35.732921,39.043077],[35.690359,39.034451],[35.560639,39.041327],[35.549408,39.01199],[35.526296,38.987006],[35.49586,38.971462],[35.463634,38.970242],[35.427013,38.976142],[35.390147,38.976386],[35.356456,38.971137],[35.318126,38.957953],[35.29127,38.93537],[35.292247,38.902167],[35.279796,38.895087],[35.253998,38.890896],[35.241466,38.886908],[35.230968,38.87934],[35.205577,38.853787],[35.161876,38.828559],[35.091563,38.799506],[35.047944,38.770209],[35.024343,38.758572],[35.00587,38.755072],[34.969819,38.756049],[34.949962,38.75198],[34.920014,38.741645],[34.905365,38.738959],[34.87086,38.73961],[34.807384,38.752143],[34.762625,38.774766],[34.750662,38.778022],[34.726492,38.780707],[34.656993,38.773139],[34.634288,38.773708],[34.613292,38.778917],[34.593516,38.787624],[34.542491,38.821397],[34.529226,38.82807],[34.368744,38.863227],[34.355479,38.86872],[34.346202,38.87755],[34.3296,38.898953],[34.317149,38.908393],[34.274832,38.928168],[34.23463,38.955512],[34.219005,38.962592],[34.20224,38.966376],[34.194265,38.969306],[34.187592,38.974799],[34.184174,38.9831],[34.182872,39.0008],[34.178396,39.009101],[34.156342,39.022569],[34.104259,39.028591],[34.079194,39.036444],[34.022553,39.063788],[33.991466,39.069444],[33.961436,39.062934],[33.946788,39.069892],[33.929779,39.091498],[33.917735,39.101386],[33.901785,39.105902],[33.845144,39.104926],[33.8095,39.109931],[33.673432,39.170356],[33.542003,39.274726],[33.518158,39.298855],[33.504649,39.308702],[33.464936,39.320176],[33.455496,39.32685],[33.450857,39.341498],[33.453217,39.372748],[33.444753,39.387397],[33.433686,39.393012],[33.408132,39.399482],[33.398529,39.407335],[33.395112,39.425849],[33.407237,39.495185],[33.406016,39.50373],[33.403819,39.510321],[33.403087,39.51793],[33.406016,39.529731],[33.42099,39.558661],[33.424815,39.568915],[33.433116,39.603339],[33.440196,39.619493],[33.452403,39.631781],[33.478282,39.639716],[33.48878,39.646348],[33.488862,39.6588],[33.480886,39.659532],[33.461436,39.669542],[33.4463,39.681179],[33.451427,39.686713],[33.463634,39.692491],[33.473399,39.706977],[33.47991,39.725938],[33.485444,39.779568],[33.464447,39.79682],[33.461681,39.803412],[33.46461,39.808458],[33.479503,39.817165],[33.482188,39.82453],[33.47877,39.82807],[33.463878,39.837022],[33.44337,39.852484],[33.428966,39.860134],[33.418061,39.871202],[33.413829,39.892849],[33.417491,39.908637],[33.42392,39.920844],[33.425222,39.932725],[33.413829,39.947455],[33.43157,39.960761],[33.441905,39.980984],[33.446869,40.005723],[33.451182,40.063096],[33.460704,40.08336],[33.477631,40.09809],[33.5442,40.134833],[33.563487,40.153103],[33.571544,40.176459],[33.574474,40.200507],[33.583425,40.21955],[33.598643,40.235134],[33.619884,40.249091],[33.619884,40.255316],[33.612397,40.255316],[33.612397,40.262152],[33.620697,40.266425],[33.625987,40.27265],[33.62794,40.280544],[33.626069,40.290066],[33.638927,40.285753],[33.651378,40.294379],[33.659679,40.311062],[33.660248,40.331],[33.675873,40.330634],[33.699718,40.336859],[33.715424,40.337836],[33.754812,40.330634],[33.824311,40.33869],[33.852143,40.346869],[33.865652,40.358954],[33.887462,40.352118],[33.911062,40.357367],[33.934174,40.359931],[33.955089,40.345282],[33.98878,40.358262],[34.000255,40.366075],[34.009776,40.379462],[34.031993,40.400824],[34.036876,40.411322],[34.030203,40.420437],[34.053966,40.431464],[34.112804,40.481879],[34.120046,40.478827],[34.121837,40.476386],[34.122651,40.47663],[34.127045,40.481879],[34.171886,40.480821],[34.199962,40.48489],[34.22698,40.48432],[34.240896,40.486192],[34.269623,40.498358],[34.353038,40.552802],[34.404796,40.568549],[34.452078,40.596015],[34.492198,40.610663],[34.502859,40.616034],[34.52239,40.629177],[34.532644,40.634345],[34.544932,40.636908],[34.617117,40.636827],[34.632253,40.639757],[34.646251,40.645779],[34.654226,40.652533],[34.665131,40.668647],[34.672374,40.676296],[34.706472,40.694281],[34.720307,40.707099],[34.716075,40.721462],[34.724376,40.732123],[34.750092,40.748725],[34.765066,40.755561],[34.777599,40.769843],[34.804779,40.790351],[34.809988,40.796454],[34.814057,40.803168],[34.819835,40.808621],[34.829031,40.810818],[34.843761,40.81684],[34.855561,40.831814],[34.863373,40.850694],[34.866222,40.868842],[34.861908,40.878445],[34.85255,40.87995],[34.843191,40.879421],[34.838878,40.882839],[34.842052,40.891547],[34.849539,40.898017],[34.866222,40.906358],[34.861095,40.908515],[34.857188,40.911404],[34.854421,40.915351],[34.85255,40.920681],[34.856456,40.93126],[34.853038,40.947374],[34.84433,40.96369],[34.832774,40.975287],[34.814708,40.98196],[34.797781,40.984158],[34.781261,40.988715],[34.765554,41.002387],[34.746104,40.987331],[34.727306,40.985541],[34.462657,41.100531],[34.444591,41.112494],[34.437266,41.126532],[34.450694,41.141181],[34.47047,41.147162],[34.492442,41.147406],[34.553152,41.139716],[34.742442,41.144599],[34.754649,41.148871],[34.764903,41.156684],[34.769135,41.159003],[34.774018,41.160346],[34.784109,41.161689],[34.788829,41.163194],[34.808035,41.175238],[34.858409,41.220811],[34.876069,41.2331],[34.880626,41.238593],[34.883393,41.246161],[34.885265,41.262885],[34.888113,41.269843],[34.903901,41.27912],[34.926687,41.288031],[34.941824,41.299872],[34.934581,41.317939],[34.943858,41.326036],[34.953705,41.329901],[34.979096,41.331],[34.991222,41.334906],[35.023936,41.358913],[35.076752,41.374376],[35.102468,41.385321],[35.113292,41.399848],[35.124034,41.391913],[35.132823,41.377143],[35.138601,41.359158],[35.140636,41.341498],[35.147227,41.332221],[35.162852,41.323554],[35.195811,41.311103],[35.184825,41.299099],[35.194347,41.293484],[35.239757,41.289252],[35.248057,41.285834],[35.265391,41.271267],[35.296316,41.258328],[35.339854,41.254503],[35.383067,41.260199],[35.413178,41.275702],[35.436941,41.313666],[35.451915,41.324897],[35.476654,41.320583],[35.496593,41.309394],[35.505951,41.30744],[35.519542,41.309841],[35.556082,41.321967],[35.573497,41.330349],[35.613292,41.359727],[35.626231,41.364325],[35.695811,41.371772],[35.743337,41.368923],[35.759044,41.371039],[35.773204,41.376899],[35.783132,41.386176],[35.798106,41.410224],[35.807058,41.420925],[35.827729,41.432237],[35.840912,41.437079],[35.846934,41.434638],[35.846934,41.440863],[35.841075,41.447211],[35.842214,41.450792],[35.845714,41.454657],[35.846934,41.461941],[35.846121,41.462917],[35.841319,41.476874],[35.840017,41.482367],[35.841726,41.500027],[35.845876,41.513861],[35.896658,41.587104],[35.911225,41.615831],[35.915294,41.646267]]]}},{"type":"Feature","properties":{"dissolve":"48River","scalerank":2.0,"featurecla":"River","name":"Bratul Chillia","name_alt":null,"rivernum":48,"note":null,"min_zoom":2.1,"name_en":"Bratul Chillia","min_label":3.1},"bbox":[28.747,45.179999,29.671804,45.444119],"geometry":{"type":"MultiLineString","coordinates":[[[29.658702,45.216498],[29.663585,45.223456],[29.665945,45.230902],[29.66448,45.238105],[29.658702,45.244412],[29.671804,45.27322],[29.666596,45.31212],[29.649669,45.346381],[29.627696,45.361111],[29.615815,45.365587],[29.569347,45.395209],[29.430105,45.430609],[29.353282,45.436225],[29.343354,45.438422],[29.332449,45.44241],[29.321707,45.444119],[29.312429,45.439561],[29.30657,45.434394],[29.298757,45.429145],[29.289968,45.424872],[29.281342,45.422553],[29.260346,45.422309],[29.24407,45.424425],[29.22755,45.424018],[29.206147,45.415635],[29.191173,45.406521],[29.182628,45.399237],[29.178966,45.392117],[29.173839,45.389228],[29.149669,45.388129],[29.141368,45.385321],[29.127045,45.374783],[29.109874,45.36933],[29.069021,45.361111],[29.017589,45.331081],[29.004161,45.326361],[28.981944,45.325751],[28.973237,45.32392],[28.966075,45.320136],[28.959972,45.311591],[28.95696,45.292304],[28.952403,45.285346],[28.929291,45.279364],[28.909434,45.287665],[28.893158,45.300076],[28.880382,45.306464],[28.857677,45.309353],[28.831309,45.322537],[28.815684,45.326361],[28.789317,45.321641],[28.788097,45.3074],[28.789643,45.292304],[28.76116,45.282091],[28.759044,45.274441],[28.761974,45.265326],[28.766694,45.258083],[28.773855,45.253526],[28.802175,45.244412],[28.790945,45.235216],[28.77825,45.231309],[28.747,45.23074],[28.754812,45.222113],[28.794688,45.202826],[28.797455,45.197089],[28.795421,45.190294],[28.795502,45.184678],[28.805186,45.182318],[28.808849,45.184394],[28.821218,45.193915],[28.828868,45.196601],[28.847341,45.196479],[28.862315,45.192165],[28.883067,45.179999]]]}},{"type":"Feature","properties":{"dissolve":"490River","scalerank":7.0,"featurecla":"River","name":"Atrek","name_alt":"Atrak","rivernum":490,"note":null,"min_zoom":6.0,"name_en":"Atrak","min_label":7.0},"bbox":[53.90504,37.123725,58.909272,38.015245],"geometry":{"type":"MultiLineString","coordinates":[[[58.909272,37.123969],[58.892507,37.129747],[58.866954,37.159613],[58.850352,37.17239],[58.808686,37.186347],[58.785818,37.191026],[58.765554,37.192816],[58.737722,37.192003],[58.720876,37.188503],[58.708588,37.18004],[58.693289,37.164862],[58.622813,37.127224],[58.538503,37.123725],[58.452647,37.140815],[58.37794,37.164862],[58.361501,37.172675],[58.341319,37.185248],[58.323822,37.198839],[58.316417,37.209906],[58.241466,37.261746],[58.202566,37.271104],[58.191335,37.274237],[58.182058,37.278428],[58.175548,37.284125],[58.173106,37.291815],[58.164806,37.30622],[58.146007,37.322211],[58.046153,37.379706],[57.552745,37.486355],[57.543956,37.489854],[57.535655,37.494452],[57.530203,37.500841],[57.523936,37.510037],[57.515717,37.518256],[57.48878,37.528388],[57.432628,37.569607],[57.386322,37.623318],[57.367198,37.631049],[57.341238,37.6317],[57.329356,37.634711],[57.307058,37.647773],[57.294363,37.647162],[57.28297,37.644395],[57.274425,37.644639],[57.264903,37.651679],[57.253998,37.66706],[57.247081,37.672634],[57.237315,37.675645],[57.212901,37.678534],[57.031993,37.665147],[57.004975,37.669704],[56.98585,37.680732],[56.968191,37.694403],[56.946056,37.706732],[56.904389,37.716742],[56.689138,37.720079],[56.651459,37.739814],[56.589773,37.754503],[56.576752,37.763617],[56.538829,37.805732],[56.52296,37.817003],[56.478608,37.832465],[56.388601,37.848944],[56.377452,37.854193],[56.367768,37.86933],[56.325694,37.880154],[56.296397,37.920193],[56.251231,37.933214],[56.200694,37.934841],[56.164561,37.925238],[56.145925,37.933905],[55.947358,37.915839],[55.90325,37.901719],[55.811534,37.892524],[55.787852,37.884223],[55.779714,37.889106],[55.771983,37.891221],[55.753673,37.89171],[55.746593,37.893988],[55.742768,37.899522],[55.739187,37.906317],[55.732514,37.912177],[55.717865,37.916449],[55.679861,37.92296],[55.643891,37.942328],[55.607432,37.952012],[55.540701,37.960028],[55.497325,37.957709],[55.486827,37.960028],[55.472341,37.968817],[55.448741,37.990017],[55.435313,37.994086],[55.417491,37.997423],[55.385753,38.011908],[55.366303,38.015245],[55.295502,38.007758],[55.250011,37.995632],[55.228445,37.986029],[55.219249,37.970242],[55.207042,37.966376],[55.149099,37.957709],[55.129893,37.952501],[55.121349,37.944932],[55.110362,37.926703],[55.103282,37.919013],[55.092377,37.915798],[55.078298,37.913926],[55.066173,37.908637],[55.060964,37.895128],[55.053152,37.88463],[55.006358,37.843329],[54.856049,37.761339],[54.826182,37.735541],[54.813243,37.718858],[54.807709,37.702989],[54.803233,37.683173],[54.786876,37.652126],[54.787852,37.631049],[54.791433,37.625596],[54.803233,37.617214],[54.807709,37.610541],[54.809011,37.603583],[54.807709,37.579535],[54.804698,37.565253],[54.791026,37.540147],[54.787852,37.524929],[54.783214,37.517646],[54.757904,37.5008],[54.710378,37.475938],[54.697846,37.466579],[54.67335,37.477118],[54.646088,37.478949],[54.561941,37.467353],[54.512218,37.449774],[54.461925,37.441718],[54.401459,37.422471],[54.372569,37.418158],[54.260265,37.418158],[54.242686,37.408718],[54.220876,37.404486],[54.198822,37.406358],[54.171967,37.419867],[54.152924,37.424872],[54.142996,37.431749],[54.137299,37.440538],[54.129405,37.45954],[54.122569,37.466579],[54.074636,37.471788],[54.007416,37.457587],[53.943777,37.432725],[53.90504,37.406317]]]}},{"type":"Feature","properties":{"dissolve":"49River","scalerank":2.0,"featurecla":"River","name":"Bratul Sfintu Gheorghe","name_alt":null,"rivernum":49,"note":null,"min_zoom":2.1,"name_en":"Bratul Sfintu Gheorghe","min_label":3.1},"bbox":[28.883067,44.888129,29.610932,45.179999],"geometry":{"type":"MultiLineString","coordinates":[[[28.883067,45.179999],[28.89088,45.175482],[28.931244,45.159125],[28.96282,45.14057],[29.028087,45.118679],[29.052257,45.114691],[29.107432,45.084662],[29.139415,45.073269],[29.158376,45.087348],[29.150645,45.088324],[29.137625,45.092353],[29.130382,45.093573],[29.130382,45.10102],[29.153575,45.113227],[29.168712,45.116767],[29.182384,45.111274],[29.2046,45.091864],[29.207042,45.083767],[29.206147,45.065619],[29.194916,45.063178],[29.190847,45.058621],[29.1963,45.049831],[29.20224,45.045762],[29.209972,45.042263],[29.217459,45.039862],[29.268809,45.035224],[29.281342,45.038926],[29.279307,45.036404],[29.276134,45.033881],[29.274506,45.032172],[29.280691,45.026068],[29.28297,45.022162],[29.286143,45.019884],[29.294932,45.018419],[29.290538,45.008612],[29.288178,45.004828],[29.295014,45.002265],[29.30185,44.99726],[29.30714,44.990017],[29.312511,44.970242],[29.320242,44.972683],[29.329031,44.979926],[29.335378,44.98371],[29.342865,44.980658],[29.351654,44.971869],[29.360362,44.970038],[29.365001,44.97252],[29.371349,44.977891],[29.379975,44.982733],[29.391856,44.98371],[29.383718,44.973741],[29.379161,44.96251],[29.381602,44.953396],[29.394949,44.94953],[29.400808,44.952257],[29.425304,44.970038],[29.44101,44.97309],[29.456065,44.970323],[29.524099,44.9442],[29.610932,44.888129]]]}},{"type":"Feature","properties":{"dissolve":"4Lake Centerline","scalerank":1.0,"featurecla":"Lake Centerline","name":"Nile","name_alt":null,"rivernum":4,"note":null,"min_zoom":2.0,"name_en":"Nile","min_label":3.0},"bbox":[31.090587,21.609198,32.94573,23.987657],"geometry":{"type":"MultiLineString","coordinates":[[[32.879405,23.987657],[32.877859,23.976833],[32.876231,23.954779],[32.872325,23.930732],[32.863292,23.893826],[32.871186,23.867865],[32.888438,23.839179],[32.900971,23.809516],[32.918549,23.785183],[32.918468,23.748725],[32.88974,23.661811],[32.872976,23.6317],[32.866222,23.599718],[32.86085,23.557196],[32.856375,23.538926],[32.865652,23.526475],[32.882335,23.510362],[32.894054,23.491767],[32.900971,23.454535],[32.898692,23.425808],[32.91212,23.396186],[32.938731,23.362494],[32.94573,23.335313],[32.9428,23.306749],[32.929617,23.289374],[32.881114,23.250922],[32.866466,23.225613],[32.841401,23.205024],[32.800873,23.196601],[32.781749,23.164008],[32.75294,23.109687],[32.72226,23.079617],[32.70517,23.055528],[32.68336,22.994574],[32.667572,22.971625],[32.647716,22.949083],[32.634044,22.936835],[32.622081,22.93126],[32.608002,22.921942],[32.592296,22.910264],[32.582042,22.888454],[32.584972,22.856024],[32.583263,22.822618],[32.577566,22.794379],[32.570811,22.771755],[32.555919,22.760443],[32.529796,22.751899],[32.50294,22.737413],[32.479015,22.722032],[32.454194,22.708564],[32.437999,22.696072],[32.421153,22.672309],[32.40325,22.643866],[32.394216,22.626532],[32.373464,22.620307],[32.340424,22.619696],[32.31129,22.626532],[32.291515,22.634101],[32.275401,22.653835],[32.273448,22.682685],[32.253022,22.709662],[32.216563,22.738064],[32.184662,22.750678],[32.135346,22.745469],[32.102794,22.735704],[32.074474,22.725857],[32.032156,22.704698],[31.99407,22.681912],[31.934093,22.627143],[31.914154,22.601671],[31.896251,22.572943],[31.883067,22.539618],[31.87794,22.50019],[31.860769,22.473822],[31.827566,22.454291],[31.784923,22.440253],[31.757335,22.428534],[31.724132,22.401801],[31.602306,22.312567],[31.530772,22.241034],[31.487071,22.203192],[31.441335,22.168565],[31.418875,22.149766],[31.394623,22.113552],[31.375418,22.075303],[31.363292,22.021064],[31.353038,21.957384],[31.343354,21.923122],[31.316987,21.880439],[31.295421,21.84988],[31.247325,21.820868],[31.222667,21.797309],[31.200857,21.766669],[31.194021,21.750067],[31.191498,21.722276],[31.184174,21.695502],[31.176362,21.672797],[31.159434,21.655707],[31.131277,21.647528],[31.10963,21.63463],[31.097911,21.617743],[31.090587,21.609198]]]}},{"type":"Feature","properties":{"dissolve":"4River","scalerank":1.0,"featurecla":"River","name":"Nile","name_alt":null,"rivernum":4,"note":null,"min_zoom":2.0,"name_en":"Nile","min_label":3.0},"bbox":[30.298839,15.634548,33.989268,30.123847],"geometry":{"type":"MultiLineString","coordinates":[[[32.879405,23.987657],[32.880056,24.008246],[32.872651,24.07331],[32.875499,24.090155],[32.886241,24.126247],[32.885671,24.144721],[32.872651,24.186306],[32.870535,24.199042],[32.872651,24.230984],[32.877371,24.245185],[32.899506,24.283474],[32.906749,24.303005],[32.908702,24.323676],[32.907237,24.410468],[32.910167,24.419501],[32.917003,24.428982],[32.924246,24.442003],[32.918549,24.448025],[32.899343,24.453192],[32.877859,24.489854],[32.88323,24.529853],[32.920421,24.610867],[32.930105,24.648953],[32.934011,24.688585],[32.927257,24.76911],[32.914154,24.809272],[32.877533,24.87287],[32.865245,24.905056],[32.864838,24.927558],[32.881358,24.956855],[32.885671,24.977647],[32.882091,25.01496],[32.872651,25.05032],[32.857188,25.082628],[32.836192,25.104926],[32.741222,25.154161],[32.686453,25.195339],[32.616222,25.231553],[32.583425,25.253445],[32.559581,25.283149],[32.550548,25.324042],[32.557384,25.402208],[32.553722,25.42414],[32.544526,25.440863],[32.523204,25.467353],[32.497813,25.508653],[32.482839,25.549831],[32.487885,25.585964],[32.523204,25.612006],[32.571544,25.624376],[32.59547,25.63642],[32.666026,25.758124],[32.68214,25.775417],[32.704112,25.782742],[32.727061,25.783881],[32.74879,25.789333],[32.764415,25.801703],[32.769542,25.823676],[32.762462,25.839179],[32.734793,25.865668],[32.728526,25.882025],[32.731619,25.906317],[32.739757,25.920844],[32.762787,25.94713],[32.780528,25.982733],[32.785818,26.006619],[32.779796,26.025987],[32.770518,26.04503],[32.768077,26.090888],[32.762787,26.11164],[32.750662,26.125067],[32.731619,26.138536],[32.711681,26.149034],[32.678152,26.159776],[32.664561,26.172309],[32.649099,26.180487],[32.625499,26.173692],[32.617198,26.165391],[32.613048,26.155463],[32.610281,26.146064],[32.605724,26.139594],[32.596446,26.137315],[32.569753,26.133857],[32.564057,26.12873],[32.552257,26.121121],[32.452159,26.117051],[32.434093,26.11164],[32.416921,26.100165],[32.395925,26.080634],[32.374604,26.068305],[32.358979,26.07392],[32.343761,26.083808],[32.323985,26.084337],[32.307221,26.070583],[32.30071,26.052354],[32.291108,26.036485],[32.26588,26.029731],[32.248139,26.035671],[32.241791,26.050605],[32.239757,26.070502],[32.235037,26.091173],[32.227061,26.102362],[32.212657,26.115912],[32.196707,26.127305],[32.183686,26.132148],[32.165701,26.142646],[32.132091,26.207872],[32.117117,26.218329],[32.101329,26.222113],[32.060476,26.221503],[32.057058,26.209499],[32.052989,26.185899],[32.041515,26.169949],[32.016124,26.180528],[32.009207,26.197699],[32.018077,26.240505],[32.012706,26.258734],[31.963878,26.30622],[31.89267,26.350694],[31.885753,26.361843],[31.877452,26.381049],[31.858409,26.394802],[31.83782,26.404853],[31.824229,26.413357],[31.811127,26.451199],[31.80836,26.541327],[31.790131,26.564154],[31.775808,26.566718],[31.768321,26.564643],[31.748546,26.550482],[31.735444,26.544949],[31.72519,26.543036],[31.703868,26.543647],[31.698253,26.555976],[31.714366,26.625596],[31.702647,26.641181],[31.682628,26.641181],[31.660655,26.637722],[31.642507,26.642646],[31.635671,26.649766],[31.632498,26.656358],[31.631847,26.664618],[31.631847,26.67711],[31.628347,26.690741],[31.619395,26.699897],[31.597097,26.714952],[31.545177,26.768826],[31.523367,26.799384],[31.508311,26.831081],[31.491628,26.88699],[31.481537,26.906806],[31.467865,26.925238],[31.381602,26.991889],[31.352794,27.023749],[31.30364,27.098578],[31.297374,27.137559],[31.279796,27.157904],[31.252533,27.165595],[31.217296,27.166815],[31.198497,27.174384],[31.187755,27.191026],[31.181244,27.207709],[31.17628,27.215277],[31.169444,27.216864],[31.163829,27.219102],[31.157319,27.218573],[31.141694,27.20657],[31.133067,27.203559],[31.123546,27.202012],[31.114513,27.201606],[31.112804,27.211493],[31.113048,27.256863],[31.111095,27.269884],[31.096934,27.276313],[31.05421,27.279161],[31.035411,27.283515],[31.02296,27.293158],[31.007742,27.318956],[30.995046,27.331326],[30.966238,27.346788],[30.963145,27.355902],[30.973888,27.37226],[30.940929,27.384101],[30.907319,27.401068],[30.878184,27.420762],[30.857921,27.441189],[30.848888,27.459784],[30.852306,27.470771],[30.860281,27.481635],[30.864757,27.499538],[30.861501,27.519355],[30.85019,27.554389],[30.851085,27.577704],[30.857514,27.597113],[30.875418,27.631903],[30.878917,27.65001],[30.882253,27.6553],[30.889171,27.661078],[30.896251,27.66824],[30.899425,27.67768],[30.897553,27.687567],[30.888682,27.710761],[30.885753,27.722357],[30.885753,27.801134],[30.88144,27.806342],[30.862234,27.815538],[30.857921,27.821357],[30.856375,27.829901],[30.848237,27.843288],[30.844249,27.852078],[30.841563,27.870469],[30.844249,27.886908],[30.848643,27.902167],[30.851085,27.917263],[30.849132,27.973904],[30.842377,28.006537],[30.840424,28.027777],[30.837413,28.037665],[30.832612,28.043565],[30.819021,28.056708],[30.816173,28.061591],[30.808849,28.071397],[30.761729,28.105902],[30.752859,28.118964],[30.746349,28.133246],[30.742442,28.150214],[30.741222,28.171169],[30.742117,28.179389],[30.744233,28.18948],[30.747651,28.197943],[30.75644,28.207546],[30.752452,28.221055],[30.741222,28.243109],[30.737885,28.262152],[30.741222,28.322292],[30.743337,28.327216],[30.748057,28.331895],[30.752696,28.338568],[30.756358,28.357245],[30.759858,28.366156],[30.764578,28.374294],[30.769054,28.380316],[30.816905,28.41531],[30.823741,28.424994],[30.825776,28.430447],[30.835216,28.447781],[30.837413,28.458808],[30.836192,28.471055],[30.832937,28.477159],[30.828298,28.481798],[30.823741,28.489529],[30.819835,28.507636],[30.822765,28.52322],[30.827729,28.538153],[30.830496,28.554714],[30.831065,28.564032],[30.832612,28.573065],[30.835704,28.58157],[30.840831,28.588894],[30.844493,28.597602],[30.842052,28.606024],[30.837983,28.615302],[30.837413,28.626736],[30.844493,28.641425],[30.855968,28.654242],[30.86671,28.669623],[30.873627,28.708116],[30.879649,28.719346],[30.899425,28.743435],[30.907319,28.759955],[30.908946,28.77619],[30.906261,28.81505],[30.910085,28.829657],[30.9192,28.846381],[30.939708,28.873725],[31.010509,28.941962],[31.029226,28.969306],[31.042735,29.008328],[31.052989,29.028754],[31.066417,29.037624],[31.077647,29.04206],[31.117931,29.072333],[31.148529,29.11282],[31.159434,29.123114],[31.170909,29.139512],[31.173269,29.14407],[31.174815,29.157294],[31.178233,29.164171],[31.182872,29.168728],[31.216401,29.221991],[31.220876,29.2331],[31.212006,29.348212],[31.213471,29.359727],[31.216889,29.365343],[31.22226,29.371121],[31.226817,29.379706],[31.227794,29.393866],[31.225352,29.405341],[31.21575,29.417426],[31.213471,29.428575],[31.215343,29.437079],[31.220144,29.442898],[31.22698,29.44831],[31.23463,29.455919],[31.244151,29.473171],[31.261811,29.531684],[31.267833,29.53795],[31.274669,29.541693],[31.280284,29.547187],[31.28297,29.558946],[31.271251,29.587714],[31.268647,29.599921],[31.270437,29.62519],[31.277273,29.644558],[31.288503,29.658718],[31.30364,29.668809],[31.280365,29.69656],[31.271983,29.712592],[31.268647,29.733425],[31.272472,29.754177],[31.290131,29.784369],[31.296804,29.805365],[31.296479,29.843329],[31.288666,29.884955],[31.275971,29.922675],[31.261811,29.948798],[31.236339,29.974433],[31.225352,29.989366],[31.220876,30.007758],[31.237397,30.11461],[31.236908,30.123847]],[[33.693044,18.489],[33.685069,18.500922],[33.683849,18.521755],[33.701427,18.594265],[33.699962,18.653388],[33.695079,18.673529],[33.688243,18.690985],[33.67213,18.715522],[33.667491,18.720038],[33.660248,18.724229],[33.649994,18.725531],[33.636648,18.725409],[33.624929,18.727322],[33.619884,18.734727],[33.615001,18.738145],[33.581716,18.738552],[33.570242,18.741482],[33.563243,18.749213],[33.559581,18.760037],[33.557872,18.77204],[33.558686,18.778428],[33.563894,18.796332],[33.564708,18.8074],[33.562266,18.81745],[33.550385,18.844672],[33.553152,18.906684],[33.557872,18.923448],[33.574636,18.953437],[33.578298,18.964423],[33.579845,18.976589],[33.577159,19.141425],[33.561615,19.178982],[33.533946,19.206977],[33.478282,19.234483],[33.4428,19.260688],[33.424815,19.26911],[33.421641,19.276679],[33.420665,19.296495],[33.418386,19.309434],[33.412852,19.318793],[33.400157,19.334337],[33.391531,19.355902],[33.379649,19.423163],[33.350597,19.443671],[33.318451,19.461737],[33.284272,19.476182],[33.084972,19.526801],[33.057709,19.529161],[33.035574,19.525336],[33.016612,19.516059],[32.999278,19.502265],[32.993337,19.494656],[32.98585,19.47724],[32.97877,19.4678],[32.969656,19.461249],[32.962006,19.460883],[32.953543,19.462999],[32.940929,19.464057],[32.898692,19.455512],[32.869558,19.436103],[32.824799,19.375922],[32.8213,19.368516],[32.820079,19.363145],[32.817882,19.358913],[32.810557,19.354844],[32.810069,19.351142],[32.80714,19.346055],[32.796886,19.334337],[32.773936,19.341579],[32.757823,19.325954],[32.745046,19.304307],[32.720795,19.285427],[32.712413,19.266425],[32.700694,19.225165],[32.683116,19.18891],[32.656749,19.165107],[32.620046,19.152533],[32.571544,19.15001],[32.525401,19.154364],[32.508718,19.147528],[32.501964,19.12519],[32.500011,19.101386],[32.494395,19.08865],[32.475352,19.06684],[32.465587,19.040107],[32.461681,19.032742],[32.451915,19.024115],[32.428152,19.01081],[32.416759,19.002021],[32.383393,18.96247],[32.358002,18.923448],[32.355398,18.913601],[32.355072,18.904405],[32.353038,18.896267],[32.34433,18.88935],[32.334076,18.887966],[32.320404,18.889757],[32.308604,18.893866],[32.303477,18.899237],[32.294526,18.913031],[32.273529,18.913682],[32.191987,18.89171],[32.159434,18.87226],[32.090587,18.820421],[32.053722,18.798651],[32.036713,18.784776],[32.029714,18.768907],[32.034109,18.748114],[32.044363,18.734442],[32.055756,18.723415],[32.063894,18.710557],[32.066661,18.661322],[32.046479,18.619249],[32.011241,18.588487],[31.968272,18.573432],[31.955333,18.572292],[31.942393,18.572781],[31.930268,18.575385],[31.919851,18.580878],[31.88795,18.571641],[31.878917,18.567206],[31.873139,18.560167],[31.862397,18.538926],[31.819835,18.48668],[31.803722,18.456244],[31.786143,18.410427],[31.77825,18.366156],[31.766368,18.350613],[31.728038,18.327582],[31.703705,18.303656],[31.691661,18.28795],[31.686534,18.276068],[31.679698,18.251492],[31.663259,18.232489],[31.625011,18.196641],[31.58546,18.135281],[31.562999,18.108181],[31.528819,18.080593],[31.49171,18.059516],[31.450694,18.044216],[31.407807,18.036648],[31.365001,18.039008],[31.342214,18.042751],[31.325206,18.042589],[31.309093,18.037421],[31.207286,17.984402],[31.171886,17.999335],[31.153901,18.003445],[31.135265,18.004828],[31.114675,18.008653],[31.095714,18.01789],[31.063406,18.039008],[31.044037,18.046698],[31.026541,18.048529],[30.98406,18.046454],[30.961518,18.053819],[30.945893,18.071316],[30.926036,18.107856],[30.893077,18.130398],[30.807546,18.144395],[30.769054,18.169298],[30.757742,18.186794],[30.737804,18.235134],[30.734386,18.25495],[30.729096,18.269477],[30.706065,18.306098],[30.700206,18.327582],[30.701915,18.348497],[30.712006,18.383572],[30.714447,18.405544],[30.713145,18.429307],[30.709402,18.449652],[30.702729,18.467556],[30.69337,18.483995],[30.682384,18.497138],[30.624034,18.546658],[30.586925,18.593451],[30.576671,18.615587],[30.559174,18.709174],[30.535737,18.752143],[30.515391,18.823269],[30.504812,18.834093],[30.491628,18.841824],[30.485362,18.86046],[30.480479,18.90294],[30.466889,18.95543],[30.466807,18.971259],[30.485037,19.029486],[30.487885,19.049831],[30.487885,19.204657],[30.490977,19.222113],[30.486501,19.236518],[30.479259,19.250352],[30.473643,19.266059],[30.473074,19.279853],[30.477957,19.323798],[30.490001,19.352322],[30.48878,19.370632],[30.483328,19.388861],[30.477061,19.40294],[30.471934,19.420111],[30.466807,19.478339],[30.455577,19.506659],[30.439464,19.532335],[30.403738,19.570014],[30.398529,19.584174],[30.398529,19.663357],[30.395274,19.681708],[30.371186,19.724799],[30.368175,19.745225],[30.368907,19.760037],[30.365652,19.772732],[30.350678,19.786892],[30.334239,19.793972],[30.318858,19.798163],[30.307384,19.80683],[30.302989,19.827501],[30.312022,19.867214],[30.336029,19.8817],[30.368663,19.886501],[30.404796,19.896755],[30.442882,19.923651],[30.459972,19.930854],[30.480235,19.934516],[30.539154,19.930854],[30.56544,19.942979],[30.587169,19.972439],[30.601003,20.008328],[30.604015,20.040107],[30.59962,20.053982],[30.576671,20.094753],[30.566335,20.132351],[30.562429,20.170111],[30.563731,20.187445],[30.567475,20.20539],[30.587494,20.258409],[30.586843,20.272244],[30.569835,20.300808],[30.547374,20.330919],[30.523204,20.347276],[30.493175,20.354071],[30.453136,20.355414],[30.418224,20.348904],[30.401947,20.349921],[30.388276,20.361884],[30.358165,20.423692],[30.330577,20.523139],[30.312918,20.550889],[30.298839,20.582058],[30.306163,20.615668],[30.324718,20.646837],[30.352306,20.682074],[30.362397,20.699001],[30.370128,20.717149],[30.371186,20.732204],[30.361746,20.745795],[30.348074,20.756944],[30.338308,20.769558],[30.340424,20.787421],[30.348888,20.801622],[30.360281,20.814236],[30.374441,20.82099],[30.409679,20.814643],[30.473643,20.828396],[30.509288,20.831081],[30.542572,20.838324],[30.566987,20.857856],[30.576671,20.896999],[30.577647,20.974921],[30.580658,20.979682],[30.593761,20.989122],[30.597911,20.997016],[30.599864,21.018012],[30.604015,21.027615],[30.627533,21.042182],[30.699229,21.073594],[30.714447,21.092475],[30.70517,21.126166],[30.688243,21.149848],[30.678966,21.17296],[30.69337,21.205146],[30.716319,21.226386],[30.769542,21.25788],[30.792979,21.277126],[30.809093,21.285712],[30.845795,21.284776],[30.861339,21.290798],[30.875499,21.301093],[30.905854,21.31741],[30.919932,21.328681],[30.959727,21.370225],[30.972585,21.380927],[30.987397,21.396348],[30.993582,21.413194],[30.961925,21.453681],[30.979991,21.481391],[31.035411,21.520453],[31.054291,21.538398],[31.069591,21.56037],[31.090587,21.609198]],[[33.693044,18.489],[33.693289,18.489814]],[[33.790538,18.352403],[33.774099,18.375027],[33.712169,18.424669],[33.695323,18.443468],[33.686941,18.465644],[33.693044,18.489]],[[32.490164,15.634548],[32.498953,15.652696],[32.501964,15.667996],[32.503347,15.685411],[32.510997,15.720282],[32.526947,15.765937],[32.530284,15.781114],[32.53004,15.798285],[32.519054,15.829454],[32.518484,15.844306],[32.549897,15.882839],[32.550304,15.919135],[32.536876,15.990098],[32.536876,16.114773],[32.540294,16.137803],[32.5442,16.14529],[32.547293,16.166449],[32.550548,16.175645],[32.556733,16.183783],[32.581554,16.205756],[32.592052,16.220282],[32.598725,16.235948],[32.607921,16.251044],[32.625499,16.26378],[32.667084,16.273627],[32.681407,16.282904],[32.687022,16.305447],[32.689545,16.326606],[32.697276,16.335761],[32.728526,16.346381],[32.72991,16.371609],[32.741791,16.386054],[32.779796,16.411892],[32.785167,16.420437],[32.793549,16.439032],[32.831065,16.46308],[32.862559,16.498969],[32.973888,16.544704],[32.995209,16.547878],[33.01295,16.541571],[33.028331,16.53144],[33.047374,16.525417],[33.068858,16.523057],[33.091807,16.524522],[33.12672,16.53498],[33.153901,16.552598],[33.252452,16.64171],[33.278575,16.659613],[33.392019,16.686387],[33.426199,16.700792],[33.454845,16.716905],[33.481049,16.737087],[33.497162,16.746894],[33.513194,16.751044],[33.557221,16.75377],[33.580577,16.757921],[33.598725,16.764716],[33.62379,16.790229],[33.680756,16.895087],[33.706554,16.926703],[33.729503,16.963568],[33.74171,17.003852],[33.735362,17.045925],[33.726817,17.05919],[33.715587,17.072333],[33.705984,17.086778],[33.701915,17.103949],[33.70696,17.129706],[33.719168,17.145697],[33.73463,17.160427],[33.749034,17.18244],[33.753184,17.201443],[33.749034,17.268744],[33.752859,17.293524],[33.763194,17.313788],[33.778575,17.331244],[33.827159,17.374701],[33.852306,17.405788],[33.872325,17.441921],[33.886241,17.484076],[33.893647,17.531684],[33.902354,17.556505],[33.917247,17.567247],[33.939871,17.574246],[33.959727,17.591376],[33.97462,17.613471],[33.982432,17.634874],[33.983653,17.65705],[33.975597,17.720567],[33.977306,17.742703],[33.989268,17.80622],[33.97405,18.023546],[33.927989,18.264716],[33.897227,18.317084],[33.852061,18.313992],[33.852061,18.320176],[33.817475,18.318061],[33.791596,18.351142],[33.75644,18.451483],[33.751069,18.462429],[33.742768,18.471015],[33.731944,18.474799],[33.707774,18.476671],[33.698497,18.480902],[33.693044,18.489]]]}},{"type":"Feature","properties":{"dissolve":"50River","scalerank":2.0,"featurecla":"River","name":"Bratul Sulina","name_alt":null,"rivernum":50,"note":null,"min_zoom":2.1,"name_en":"Bratul Sulina","min_label":3.1},"bbox":[28.882742,45.14879,29.68214,45.196601],"geometry":{"type":"MultiLineString","coordinates":[[[28.882742,45.179796],[28.89088,45.182318],[28.945811,45.195339],[28.969493,45.196601],[28.980235,45.193305],[28.999441,45.178778],[29.010997,45.175482],[29.483653,45.169257],[29.49171,45.171332],[29.505463,45.180284],[29.510997,45.182318],[29.516043,45.183458],[29.52532,45.188585],[29.531505,45.189765],[29.539561,45.187852],[29.543468,45.183458],[29.545665,45.178738],[29.548839,45.175482],[29.580089,45.168891],[29.655284,45.160997],[29.68214,45.14879]]]}},{"type":"Feature","properties":{"dissolve":"52River","scalerank":2.0,"featurecla":"River","name":"Borcea","name_alt":null,"rivernum":52,"note":null,"min_zoom":2.1,"name_en":"Borcea","min_label":3.1},"bbox":[27.292247,44.151435,27.938894,44.744086],"geometry":{"type":"MultiLineString","coordinates":[[[27.292247,44.151435],[27.327566,44.185492],[27.34905,44.195421],[27.359874,44.196357],[27.379324,44.194363],[27.390147,44.195421],[27.396983,44.198676],[27.40325,44.203477],[27.410818,44.207831],[27.460948,44.21369],[27.640147,44.270046],[27.650157,44.274848],[27.653412,44.275336],[27.684011,44.315456],[27.690196,44.321601],[27.698009,44.326361],[27.733979,44.335395],[27.806163,44.342841],[27.835704,44.360541],[27.855561,44.392361],[27.869395,44.408271],[27.886974,44.415147],[27.908621,44.419989],[27.927664,44.433132],[27.938894,44.452663],[27.93808,44.47663],[27.934093,44.485378],[27.928233,44.491807],[27.919851,44.495714],[27.907725,44.497097],[27.895925,44.502305],[27.898529,44.513739],[27.906749,44.524604],[27.911388,44.528428],[27.913178,44.531765],[27.921886,44.540351],[27.925222,44.545478],[27.925059,44.551825],[27.922293,44.558295],[27.917572,44.565985],[27.920502,44.575385],[27.923595,44.582221],[27.928722,44.587755],[27.93808,44.593329],[27.930105,44.603868],[27.926362,44.61225],[27.925222,44.620429],[27.925222,44.630805],[27.934825,44.639675],[27.936941,44.645331],[27.92864,44.647895],[27.926687,44.649278],[27.907725,44.658759],[27.903819,44.664496],[27.899913,44.677598],[27.897065,44.682685],[27.864268,44.717556],[27.863292,44.7296],[27.87672,44.744086]]]}},{"type":"Feature","properties":{"dissolve":"554River","scalerank":7.0,"featurecla":"River","name":"Prut","name_alt":null,"rivernum":554,"note":null,"min_zoom":6.0,"name_en":"Prut","min_label":7.0},"bbox":[24.553396,45.450466,28.246837,48.583319],"geometry":{"type":"MultiLineString","coordinates":[[[24.583995,48.291815],[24.583995,48.336493],[24.581065,48.350775],[24.576834,48.35696],[24.571707,48.361111],[24.568614,48.365994],[24.57073,48.374538],[24.577566,48.381049],[24.597911,48.389228],[24.60613,48.394355],[24.61671,48.415229],[24.599783,48.420844],[24.573171,48.420722],[24.555186,48.42414],[24.553396,48.444403],[24.570974,48.467597],[24.610362,48.505479],[24.613292,48.512519],[24.617198,48.526394],[24.622325,48.532823],[24.640636,48.542426],[24.705333,48.550727],[24.827403,48.580349],[24.871023,48.583319],[24.899913,48.582139],[24.928722,48.577704],[24.956147,48.568956],[24.981456,48.554958],[25.013276,48.528266],[25.017589,48.525336],[25.020518,48.524726],[25.02296,48.523749],[25.02589,48.519599],[25.026866,48.51557],[25.027436,48.5067],[25.029552,48.502956],[25.049246,48.494005],[25.074718,48.493679],[25.122081,48.499294],[25.192963,48.482367],[25.227143,48.4678],[25.257498,48.462348],[25.288015,48.460883],[25.307058,48.465155],[25.342784,48.453559],[25.464773,48.465155],[25.49879,48.458319],[25.516856,48.452663],[25.523448,48.451728],[25.536388,48.451483],[25.550873,48.449164],[25.565359,48.443223],[25.59075,48.426337],[25.644623,48.377143],[25.673595,48.364325],[25.715912,48.366319],[25.751557,48.378445],[25.764171,48.380805],[25.778331,48.380154],[25.79005,48.37641],[25.812755,48.364569],[25.824474,48.36046],[25.857921,48.357042],[25.870372,48.354071],[25.878917,48.349392],[25.896495,48.336005],[25.908376,48.330146],[25.944428,48.321845],[25.979096,48.307644],[26.074474,48.250352],[26.097341,48.245388],[26.144623,48.248725],[26.167735,48.24494],[26.211192,48.226915],[26.233165,48.221381],[26.275401,48.220242],[26.311127,48.210028],[26.329845,48.208767],[26.34669,48.212348],[26.379975,48.223415],[26.396983,48.226426],[26.444265,48.227973],[26.460704,48.230658],[26.586925,48.249579],[26.665294,48.274482],[26.68808,48.27501],[26.711029,48.261542],[26.721934,48.260037],[26.732514,48.271023],[26.743663,48.255886],[26.763194,48.252997],[26.804454,48.258612],[26.8213,48.252794],[26.844249,48.233507],[26.854991,48.238105],[26.897227,48.209174],[26.903412,48.201687],[26.907481,48.18476],[26.917084,48.188259],[26.928477,48.199286],[26.937592,48.205105],[26.950125,48.197781],[26.95517,48.186225],[26.962657,48.175605],[26.997081,48.166815],[26.997081,48.15823],[26.985606,48.150702],[26.966075,48.149848],[26.966075,48.143622],[26.993337,48.132676],[27.012218,48.128363],[27.024506,48.135321],[27.033214,48.132636],[27.042247,48.12755],[27.047455,48.122504],[27.046886,48.116767],[27.036225,48.107611],[27.033783,48.101996],[27.041108,48.077501],[27.058686,48.058295],[27.082774,48.043972],[27.108897,48.033759],[27.108897,48.026313],[27.08839,48.020087],[27.089447,48.015937],[27.090831,48.012071],[27.092784,48.008734],[27.095225,48.005886],[27.121023,48.013454],[27.134044,48.000678],[27.143158,47.987128],[27.156749,47.992214],[27.168386,47.983262],[27.1692,47.973985],[27.162364,47.965277],[27.150483,47.958075],[27.171479,47.946723],[27.177745,47.944403],[27.177745,47.938178],[27.160167,47.921983],[27.171153,47.912869],[27.193777,47.904324],[27.211925,47.889757],[27.211029,47.885281],[27.21282,47.854356],[27.211925,47.848212],[27.22226,47.842882],[27.234386,47.84044],[27.245372,47.836859],[27.25294,47.828315],[27.218761,47.814032],[27.230561,47.807318],[27.244395,47.792833],[27.255626,47.777777],[27.260346,47.769355],[27.264171,47.764757],[27.28183,47.755927],[27.287039,47.75255],[27.290538,47.742703],[27.289073,47.732001],[27.294444,47.724677],[27.294444,47.718451],[27.271495,47.715196],[27.280691,47.693223],[27.303477,47.666815],[27.368663,47.608507],[27.396576,47.589382],[27.427826,47.581244],[27.435313,47.560167],[27.438487,47.553982],[27.439708,47.55036],[27.439545,47.541205],[27.441498,47.536892],[27.445567,47.535102],[27.456309,47.534125],[27.458914,47.533515],[27.466238,47.506619],[27.472667,47.492011],[27.483165,47.485704],[27.491954,47.484809],[27.497,47.482693],[27.500987,47.48017],[27.506765,47.478217],[27.532481,47.477647],[27.534109,47.478217],[27.547537,47.474555],[27.562592,47.468614],[27.57545,47.460639],[27.58253,47.450954],[27.574311,47.44656],[27.568777,47.438788],[27.564952,47.428534],[27.562022,47.416815],[27.579845,47.406277],[27.571788,47.375434],[27.585948,47.368964],[27.599539,47.360948],[27.623464,47.321723],[27.636485,47.306952],[27.644216,47.304267],[27.671153,47.300116],[27.681895,47.295478],[27.689464,47.291083],[27.697358,47.287787],[27.72226,47.283555],[27.732839,47.275906],[27.753184,47.251654],[27.751964,47.239203],[27.762462,47.226589],[27.787852,47.204535],[27.799897,47.177191],[27.801524,47.176581],[27.804291,47.168769],[27.807221,47.162665],[27.805431,47.158474],[27.794037,47.156114],[27.805919,47.144843],[27.849376,47.12877],[27.849376,47.122016],[27.843272,47.11461],[27.847748,47.11164],[27.857188,47.109565],[27.866466,47.104926],[27.897065,47.08161],[27.925385,47.068956],[27.937918,47.061347],[27.93808,47.04682],[27.962657,47.043647],[27.985932,47.033474],[28.007823,47.026557],[28.027436,47.03323],[28.03655,47.01671],[28.068614,46.988796],[28.082123,46.971747],[28.101817,46.93537],[28.104991,46.917914],[28.096446,46.902899],[28.11321,46.895046],[28.113862,46.883612],[28.112722,46.871649],[28.123627,46.861884],[28.123627,46.854438],[28.121104,46.83454],[28.137299,46.806464],[28.177745,46.758857],[28.177419,46.740058],[28.23349,46.662665],[28.243663,46.635606],[28.246837,46.621121],[28.246593,46.607449],[28.240001,46.596625],[28.229991,46.584093],[28.224864,46.56977],[28.23349,46.553412],[28.224213,46.548936],[28.220632,46.541449],[28.218516,46.503974],[28.220632,46.496039],[28.23349,46.478339],[28.237559,46.475857],[28.241954,46.476752],[28.245372,46.475857],[28.246593,46.467475],[28.246674,46.436469],[28.245535,46.428087],[28.239675,46.4206],[28.225515,46.415595],[28.232677,46.402045],[28.228119,46.396308],[28.219168,46.393622],[28.212413,46.388983],[28.206635,46.358425],[28.201915,46.354193],[28.189871,46.351386],[28.187429,46.344062],[28.191417,46.323798],[28.192393,46.311469],[28.190847,46.308051],[28.177257,46.287299],[28.165294,46.27912],[28.155772,46.275662],[28.144216,46.27322],[28.134695,46.269599],[28.130463,46.262641],[28.133881,46.245551],[28.131602,46.240098],[28.120209,46.238105],[28.10849,46.234402],[28.110606,46.225898],[28.128835,46.204901],[28.135183,46.199083],[28.141043,46.192247],[28.144216,46.183458],[28.132742,46.160224],[28.126882,46.135565],[28.100352,46.082221],[28.092296,46.078559],[28.08961,46.073594],[28.089854,46.068305],[28.095876,46.065294],[28.096446,46.060004],[28.083914,46.024848],[28.082123,46.01496],[28.085704,46.0008],[28.109955,45.950751],[28.111908,45.93948],[28.114268,45.933458],[28.120209,45.92654],[28.124522,45.918647],[28.122325,45.911078],[28.118256,45.903388],[28.116791,45.895535],[28.11964,45.888129],[28.128673,45.875352],[28.130463,45.871649],[28.127696,45.866645],[28.11435,45.859971],[28.109955,45.854519],[28.112804,45.825548],[28.128347,45.795233],[28.145925,45.77143],[28.154552,45.76203],[28.163178,45.661729],[28.161225,45.645697],[28.167491,45.632676],[28.15325,45.627753],[28.120209,45.627997],[28.107188,45.62462],[28.09075,45.616238],[28.074229,45.605089],[28.061615,45.593858],[28.117442,45.572943],[28.140391,45.560492],[28.157237,45.539252],[28.161062,45.532986],[28.163503,45.530829],[28.164968,45.52851],[28.165457,45.494818],[28.172455,45.484646],[28.212413,45.450466]]]}},{"type":"Feature","properties":{"dissolve":"557River","scalerank":7.0,"featurecla":"River","name":"Kuban","name_alt":null,"rivernum":557,"note":"Version 1.2 edit in N. America and Europe","min_zoom":6.0,"name_en":"Kuban","min_label":7.0},"bbox":[37.374522,43.24254,42.135834,45.433702],"geometry":{"type":"MultiLineString","coordinates":[[[42.07252,43.24254],[42.039561,43.256374],[42.0171,43.268744],[42.009369,43.279161],[42.00823,43.300889],[41.996104,43.382676],[41.99822,43.41002],[42.016124,43.427517],[42.048595,43.445583],[42.067556,43.460395],[42.085704,43.474473],[42.098725,43.494208],[42.102306,43.504706],[42.101085,43.520941],[42.105724,43.536689],[42.133067,43.582058],[42.135834,43.596381],[42.131602,43.613959],[42.118256,43.633734],[42.10019,43.646308],[42.079031,43.652899],[41.982188,43.662462],[41.945242,43.673285],[41.933686,43.67947],[41.924734,43.687079],[41.918468,43.696397],[41.916921,43.709093],[41.916433,43.727403],[41.914236,43.743923],[41.902436,43.756537],[41.911713,43.768622],[41.925059,43.780219],[41.93157,43.784491],[41.931163,43.793769],[41.927175,43.79975],[41.921886,43.804999],[41.918468,43.811835],[41.917084,43.821357],[41.918468,43.843126],[41.913097,43.87877],[41.903087,43.913153],[41.897472,43.947577],[41.905691,43.983344],[42.046886,44.231269],[42.048839,44.237006],[42.04713,44.253038],[42.027761,44.29914],[42.052664,44.311062],[42.059337,44.327338],[42.052826,44.345649],[42.038015,44.363959],[42.018077,44.3758],[41.97226,44.385077],[41.952729,44.394639],[41.944591,44.40294],[41.942393,44.409247],[41.941905,44.416693],[41.938975,44.428778],[41.921153,44.462958],[41.918468,44.473212],[41.921804,44.485948],[41.935802,44.505316],[41.938975,44.515082],[41.936127,44.602973],[41.927175,44.624864],[41.888601,44.642686],[41.829112,44.696357],[41.817963,44.710761],[41.809093,44.728705],[41.803233,44.748481],[41.801199,44.768337],[41.80421,44.777777],[41.809581,44.784735],[41.811697,44.792019],[41.788178,44.826036],[41.780772,44.833523],[41.736908,44.852973],[41.691173,44.852403],[41.595144,44.840277],[41.421153,44.842149],[41.397227,44.847195],[41.341319,44.882921],[41.2942,44.893988],[41.28004,44.908271],[41.268647,44.926337],[41.253184,44.943386],[41.162852,44.992947],[41.148529,45.014594],[41.116466,45.084296],[41.107514,45.096055],[41.098888,45.10102],[41.091319,45.102118],[41.079112,45.106757],[41.071707,45.107856],[41.065359,45.111436],[41.06544,45.119696],[41.067556,45.128689],[41.068289,45.134548],[41.028575,45.173651],[41.015391,45.197943],[41.031668,45.233466],[41.031993,45.249945],[41.026541,45.285346],[41.028087,45.289578],[41.032156,45.292914],[41.034272,45.296902],[41.030284,45.303046],[41.015636,45.312079],[41.013601,45.31269],[41.009858,45.31863],[41.005382,45.32453],[41.001394,45.331488],[40.999278,45.340603],[41.002533,45.358751],[41.008393,45.372016],[41.008067,45.384874],[40.992442,45.402045],[40.978119,45.410102],[40.924815,45.429999],[40.903331,45.433702],[40.83546,45.422553],[40.820893,45.423285],[40.780203,45.429999],[40.767833,45.427598],[40.75644,45.423651],[40.745128,45.422919],[40.732432,45.429999],[40.710948,45.422919],[40.663666,45.430976],[40.646658,45.426296],[40.639578,45.421088],[40.631114,45.417792],[40.622,45.416124],[40.589854,45.417182],[40.584076,45.415391],[40.574718,45.408881],[40.571788,45.403388],[40.570323,45.39529],[40.5678,45.387152],[40.561046,45.381537],[40.550385,45.381374],[40.54127,45.386298],[40.532807,45.392361],[40.523529,45.395209],[40.505382,45.390448],[40.487722,45.3817],[40.470714,45.377265],[40.435802,45.395697],[40.414561,45.393866],[40.393972,45.385199],[40.37672,45.374783],[40.365245,45.362494],[40.357432,45.356228],[40.348725,45.354275],[40.342459,45.359442],[40.340017,45.37755],[40.331472,45.381537],[40.311697,45.377305],[40.298595,45.367377],[40.287201,45.356024],[40.273041,45.347439],[40.252208,45.344265],[40.170665,45.347439],[40.13974,45.336249],[40.069591,45.334093],[40.039643,45.326361],[40.028412,45.317206],[40.017182,45.305935],[40.002696,45.296251],[39.981944,45.292182],[39.961029,45.290391],[39.946707,45.28498],[39.934174,45.275458],[39.920177,45.261501],[39.911225,45.236843],[39.909923,45.234158],[39.905691,45.230821],[39.875255,45.237576],[39.862885,45.23196],[39.84075,45.214057],[39.824718,45.210273],[39.786632,45.207384],[39.715587,45.183539],[39.696869,45.182929],[39.677257,45.189765],[39.634858,45.193549],[39.612071,45.192979],[39.597179,45.182644],[39.563975,45.182318],[39.557384,45.178778],[39.54005,45.155626],[39.49114,45.125515],[39.45989,45.098456],[39.429698,45.082587],[39.387462,45.050971],[39.369395,45.042344],[39.351329,45.038926],[39.344493,45.035224],[39.336843,45.026435],[39.330496,45.01614],[39.327729,45.00788],[39.324229,45.001288],[39.315196,44.99905],[39.223643,44.987657],[39.190684,44.973904],[39.168956,44.976589],[39.147065,44.982001],[39.129161,44.98371],[39.11671,44.979193],[39.094249,44.966417],[39.077647,44.963813],[39.042247,44.96601],[39.028901,44.971015],[39.01588,44.980577],[39.008718,44.98371],[38.992686,44.982367],[38.985037,44.98371],[38.980072,44.988471],[38.973643,45.001247],[38.970795,45.004828],[38.953298,45.008857],[38.933686,45.01081],[38.920909,45.016547],[38.923106,45.032172],[38.90797,45.039822],[38.892589,45.034003],[38.877696,45.023871],[38.864757,45.018419],[38.861339,45.014228],[38.859874,45.004828],[38.855724,44.995429],[38.844249,44.991156],[38.832123,44.989773],[38.816173,44.984198],[38.806407,44.98371],[38.770112,44.997626],[38.723888,45.046983],[38.683523,45.059394],[38.639089,45.052924],[38.613048,45.052924],[38.592052,45.072211],[38.511241,45.093858],[38.502533,45.094672],[38.49171,45.093573],[38.474132,45.082221],[38.463145,45.078152],[38.4581,45.083604],[38.448985,45.099921],[38.427175,45.107856],[38.381847,45.114691],[38.358165,45.125027],[38.293061,45.169257],[38.276785,45.158881],[38.266856,45.160834],[38.257742,45.168647],[38.24407,45.175482],[38.225352,45.174384],[38.197765,45.153998],[38.174815,45.146674],[38.16212,45.136908],[38.155854,45.134548],[38.142589,45.135688],[38.13616,45.13996],[38.132742,45.145128],[38.12851,45.14879],[38.112804,45.152411],[38.043224,45.145616],[38.018972,45.131537],[38.001557,45.128363],[37.981619,45.130805],[37.947195,45.140896],[37.930105,45.142035],[37.872651,45.130154],[37.850597,45.128363],[37.835053,45.123358],[37.820811,45.114081],[37.806651,45.108466],[37.792084,45.114691],[37.794363,45.137763],[37.765391,45.147569],[37.693289,45.14879],[37.584483,45.132107],[37.546397,45.142035],[37.503429,45.169867],[37.484386,45.175482],[37.421153,45.18537],[37.405528,45.193183],[37.381358,45.212348],[37.376069,45.220404],[37.374522,45.234158],[37.375418,45.274522],[37.382091,45.307969]]]}},{"type":"Feature","properties":{"dissolve":"56River","scalerank":3.0,"featurecla":"River","name":"Indus","name_alt":null,"rivernum":56,"note":null,"min_zoom":3.0,"name_en":"Indus","min_label":4.0},"bbox":[67.532319,23.909491,79.73463,35.842841],"geometry":{"type":"MultiLineString","coordinates":[[[72.70696,34.085517],[72.667491,34.05919],[72.651866,34.043524],[72.645763,34.023261],[72.63323,34.01378],[72.604991,34.013373],[72.509532,34.02265],[72.467459,34.020453],[72.430675,34.011298],[72.398692,33.993191],[72.36671,33.969346],[72.348399,33.961005],[72.254975,33.944403],[72.240326,33.937934],[72.225841,33.901231],[72.241303,33.804796],[72.23406,33.765977],[72.223155,33.774237],[72.210867,33.776475],[72.198253,33.773505],[72.186453,33.765977],[72.171886,33.773057],[72.152599,33.777289],[72.114757,33.779649],[72.087413,33.789903],[72.082937,33.788153],[72.062918,33.765977],[72.052826,33.76085],[72.031749,33.753974],[72.021902,33.746161],[72.010183,33.71601],[72.004893,33.711371],[71.999034,33.703437],[71.97934,33.664496],[71.974132,33.64997],[71.971772,33.598212],[71.953136,33.570502],[71.953054,33.559882],[71.955577,33.547146],[71.953054,33.526435],[71.944753,33.515652],[71.901785,33.488552],[71.897065,33.481635],[71.892507,33.467963],[71.888194,33.461249],[71.879405,33.45185],[71.873546,33.443468],[71.872569,33.434516],[71.87794,33.423407],[71.867768,33.420844],[71.863373,33.41531],[71.859386,33.408759],[71.850597,33.40351],[71.841807,33.402167],[71.812755,33.40351],[71.796804,33.40001],[71.740733,33.375556],[71.723155,33.355251],[71.722341,33.336127],[71.725027,33.318671],[71.716889,33.303575],[71.704682,33.289618],[71.698985,33.272528],[71.703217,33.256537],[71.720876,33.245876],[71.712901,33.245876],[71.726573,33.231147],[71.740733,33.219428],[71.751069,33.20539],[71.754405,33.183783],[71.749522,33.163438],[71.740245,33.14997],[71.729584,33.139716],[71.720876,33.129177],[71.712901,33.110867],[71.710948,33.094306],[71.712901,33.054063],[71.718761,33.037177],[71.718435,33.029405],[71.699474,33.022813],[71.694021,33.015082],[71.690684,33.005968],[71.685476,32.998847],[71.649343,32.978624],[71.611095,32.964057],[71.599539,32.961859],[71.572765,32.960639],[71.549408,32.954169],[71.551687,32.955593],[71.541921,32.952948],[71.533783,32.949083],[71.526947,32.943386],[71.512706,32.920193],[71.506765,32.914822],[71.498139,32.910712],[71.461925,32.897976],[71.448009,32.887274],[71.437511,32.868964],[71.430268,32.842556],[71.426036,32.83454],[71.409109,32.816433],[71.40504,32.808946],[71.403087,32.790107],[71.412852,32.753119],[71.414073,32.734402],[71.411713,32.725653],[71.407725,32.718777],[71.402436,32.713324],[71.396088,32.709011],[71.364187,32.695014],[71.354503,32.68891],[71.340587,32.673692],[71.331472,32.656073],[71.325857,32.636786],[71.322765,32.616482],[71.323416,32.593573],[71.329682,32.574286],[71.348074,32.535264],[71.350841,32.52501],[71.346609,32.432318],[71.340587,32.415107],[71.331472,32.399278],[71.293875,32.356147],[71.283376,32.339911],[71.278738,32.322333],[71.278331,32.302029],[71.276459,32.292589],[71.271902,32.282823],[71.251964,32.254503],[71.247162,32.243516],[71.236501,32.20185],[71.22877,32.181749],[71.215587,32.165473],[71.206716,32.159695],[71.177664,32.147162],[71.167898,32.140815],[71.132091,32.105821],[71.123464,32.094062],[71.117198,32.081122],[71.114675,32.066514],[71.11435,32.047471],[71.112315,32.039008],[71.106944,32.030544],[71.070242,31.999091],[71.054698,31.982204],[71.036876,31.940212],[71.023041,31.925849],[71.007335,31.912909],[70.992768,31.897895],[70.983409,31.879259],[70.973888,31.83869],[70.966807,31.818915],[70.923595,31.744452],[70.905772,31.721462],[70.899343,31.709581],[70.899343,31.695136],[70.904226,31.678819],[70.904714,31.672919],[70.903331,31.663682],[70.826752,31.489447],[70.801036,31.453681],[70.795421,31.440945],[70.791433,31.426337],[70.788178,31.379665],[70.767507,31.263983],[70.768077,31.249823],[70.771495,31.235948],[70.781668,31.209296],[70.784434,31.195136],[70.788829,31.138251],[70.793386,31.125434],[70.814057,31.09162],[70.818614,31.078152],[70.835867,30.977607],[70.835216,30.948269],[70.829031,30.919867],[70.819347,30.883857],[70.814708,30.872667],[70.796886,30.846747],[70.765554,30.813056],[70.757253,30.801703],[70.75172,30.789008],[70.750011,30.774441],[70.751231,30.766425],[70.759939,30.74433],[70.762136,30.736843],[70.765717,30.695095],[70.771414,30.677314],[70.780772,30.661322],[70.814464,30.625434],[70.830333,30.599433],[70.841726,30.57099],[70.848074,30.542019],[70.849701,30.522325],[70.84905,30.502997],[70.84547,30.484076],[70.835541,30.456977],[70.829845,30.416571],[70.815196,30.363959],[70.811046,30.356147],[70.805186,30.349718],[70.785085,30.33747],[70.779552,30.331366],[70.774018,30.315863],[70.775076,30.298448],[70.780528,30.28144],[70.80185,30.237657],[70.812266,30.225653],[70.815929,30.219509],[70.817312,30.210517],[70.816417,30.20246],[70.805431,30.171007],[70.803722,30.162299],[70.80185,30.109442],[70.806163,30.093533],[70.835053,30.053412],[70.838878,30.018378],[70.834239,29.946885],[70.83546,29.938666],[70.843272,29.916571],[70.844737,29.908026],[70.844168,29.89997],[70.830007,29.854763],[70.823741,29.841417],[70.812999,29.829413],[70.805431,29.824978],[70.788503,29.819119],[70.780772,29.814521],[70.775076,29.808905],[70.770763,29.802436],[70.76767,29.795274],[70.763194,29.771674],[70.760509,29.765001],[70.755056,29.758124],[70.728282,29.732123],[70.701182,29.696641],[70.689138,29.686143],[70.668956,29.673367],[70.663097,29.66828],[70.658702,29.661241],[70.653412,29.637274],[70.635346,29.600653],[70.6338,29.591986],[70.633556,29.582465],[70.635753,29.564073],[70.644542,29.545966],[70.659434,29.53738],[70.676768,29.531358],[70.692882,29.521186],[70.700287,29.506049],[70.702159,29.486151],[70.700206,29.448188],[70.701182,29.438422],[70.704112,29.431098],[70.714692,29.416612],[70.718842,29.40823],[70.720307,29.399604],[70.719249,29.390733],[70.716319,29.381456],[70.708751,29.366645],[70.680593,29.32453],[70.67628,29.307644],[70.675385,29.272406],[70.67213,29.254706],[70.668712,29.248074],[70.659434,29.236436],[70.648204,29.215115],[70.649343,29.187283],[70.651947,29.173896],[70.661632,29.14822],[70.667898,29.123603],[70.667898,29.083808],[70.665294,29.070624],[70.660167,29.058783],[70.652192,29.049669],[70.641856,29.043809],[70.630382,29.040351],[70.59075,29.033637],[70.577566,29.029649],[70.565033,29.023261],[70.555268,29.015408],[70.525971,28.975898],[70.476003,28.922675],[70.466075,28.916124],[70.436534,28.911566],[70.404063,28.915595],[70.373627,28.914618],[70.350108,28.895128],[70.34547,28.883409],[70.339122,28.858954],[70.333914,28.84752],[70.326264,28.837958],[70.276378,28.792507],[70.252371,28.777615],[70.156749,28.745429],[70.144135,28.738959],[70.132742,28.728949],[70.107351,28.69241],[70.095795,28.682644],[70.054698,28.666612],[70.043061,28.659247],[70.037364,28.650255],[70.035574,28.639268],[70.03655,28.625922],[70.028575,28.597927],[70.003022,28.586737],[69.940929,28.581651],[69.926768,28.576972],[69.91505,28.569525],[69.893565,28.550116],[69.882498,28.542263],[69.871186,28.538438],[69.82366,28.533515],[69.801768,28.528428],[69.781016,28.520453],[69.762218,28.509101],[69.752533,28.499864],[69.746349,28.489773],[69.724701,28.416083],[69.716563,28.40119],[69.708263,28.391872],[69.678315,28.37462],[69.6692,28.366034],[69.66269,28.355496],[69.652599,28.332384],[69.64503,28.320624],[69.585378,28.258612],[69.573334,28.250271],[69.561127,28.245673],[69.535737,28.239691],[69.523529,28.234971],[69.500011,28.220811],[69.487804,28.21601],[69.473888,28.215399],[69.432709,28.231879],[69.419526,28.232449],[69.410574,28.225775],[69.405691,28.214179],[69.400483,28.189643],[69.395763,28.176052],[69.388764,28.16295],[69.378998,28.152371],[69.365896,28.146308],[69.338308,28.150458],[69.312022,28.164008],[69.288097,28.169745],[69.2671,28.150702],[69.259369,28.138129],[69.25058,28.12934],[69.23935,28.124091],[69.224376,28.121934],[69.194835,28.121894],[69.180756,28.11876],[69.1692,28.110175],[69.162852,28.098497],[69.153331,28.073432],[69.144786,28.062812],[69.131358,28.056179],[69.116954,28.054999],[69.074311,28.064276],[69.06129,28.065619],[69.048432,28.065131],[69.034923,28.06269],[69.036225,28.034939],[69.035574,28.030585],[69.026134,28.001776],[69.021902,27.992499],[69.016124,27.984076],[68.998953,27.972113],[68.980886,27.970974],[68.932872,27.985907],[68.927826,27.986518],[68.922537,27.98432],[68.918712,27.979682],[68.917491,27.974229],[68.918224,27.968451],[68.920421,27.962917],[68.926768,27.952989],[68.942963,27.936143],[68.949636,27.926296],[68.953624,27.915229],[68.955089,27.903754],[68.953543,27.880439],[68.949962,27.868272],[68.943126,27.86164],[68.933197,27.858588],[68.895112,27.853705],[68.882742,27.849433],[68.87322,27.842597],[68.870372,27.837917],[68.862641,27.820014],[68.860932,27.813585],[68.860769,27.807563],[68.863048,27.794989],[68.87794,27.782538],[68.884044,27.782416],[68.890717,27.780219],[68.896088,27.77615],[68.898204,27.770535],[68.917898,27.766425],[68.940684,27.758653],[68.955577,27.745876],[68.951752,27.726426],[68.932628,27.710273],[68.882091,27.691474],[68.835867,27.667996],[68.813406,27.663113],[68.791026,27.666938],[68.768891,27.680732],[68.749929,27.699734],[68.734386,27.721706],[68.717052,27.766872],[68.699229,27.784857],[68.676524,27.790351],[68.65797,27.781684],[68.65211,27.757188],[68.655284,27.732733],[68.653738,27.721137],[68.646576,27.711046],[68.635671,27.705268],[68.623057,27.703192],[68.609955,27.703803],[68.575857,27.710069],[68.565522,27.70954],[68.554698,27.705512],[68.542572,27.696397],[68.522065,27.674262],[68.510671,27.66474],[68.48878,27.662462],[68.468191,27.672187],[68.449718,27.676581],[68.433849,27.658026],[68.424327,27.635443],[68.416596,27.627387],[68.404552,27.623603],[68.37794,27.624538],[68.365164,27.623399],[68.352794,27.617743],[68.344737,27.609646],[68.332612,27.590155],[68.325287,27.581366],[68.29835,27.56448],[68.291108,27.556912],[68.289236,27.534613],[68.326182,27.499294],[68.331472,27.477647],[68.324962,27.464789],[68.305675,27.442328],[68.29835,27.429796],[68.296967,27.418769],[68.300873,27.409532],[68.315684,27.393622],[68.326671,27.374132],[68.316987,27.364081],[68.296641,27.361151],[68.274832,27.362738],[68.247081,27.368354],[68.232921,27.369656],[68.219249,27.367865],[68.20989,27.363105],[68.15325,27.300727],[68.146495,27.27912],[68.162201,27.259792],[68.19752,27.244818],[68.205496,27.235948],[68.206716,27.224677],[68.201671,27.214871],[68.192393,27.207221],[68.182384,27.202257],[68.161388,27.200548],[68.134288,27.201524],[68.108979,27.198757],[68.094168,27.185858],[68.094249,27.175727],[68.099213,27.165473],[68.111746,27.147162],[68.117768,27.133979],[68.120697,27.120632],[68.119558,27.107245],[68.113292,27.094102],[68.074474,27.053412],[68.051036,27.021918],[68.040945,27.013373],[68.000011,26.991563],[67.976085,26.969672],[67.966726,26.964423],[67.955333,26.962348],[67.943858,26.963731],[67.92213,26.972032],[67.913015,26.965644],[67.908702,26.957058],[67.908132,26.947089],[67.917003,26.914374],[67.917084,26.90294],[67.914236,26.891181],[67.904714,26.867051],[67.901785,26.861762],[67.894623,26.852078],[67.892589,26.846544],[67.891694,26.83279],[67.902599,26.794135],[67.905284,26.768256],[67.904714,26.742051],[67.902436,26.717393],[67.900645,26.711127],[67.890554,26.694363],[67.884939,26.681952],[67.881358,26.669867],[67.879405,26.657335],[67.878998,26.643826],[67.88087,26.63349],[67.884858,26.624538],[67.891124,26.616523],[67.911225,26.598253],[67.920421,26.586778],[67.926036,26.573676],[67.927338,26.557929],[67.922862,26.537177],[67.922374,26.530056],[67.924734,26.505723],[67.927013,26.498969],[67.919526,26.471706],[67.918712,26.46129],[67.91684,26.451443],[67.913503,26.442003],[67.908295,26.432929],[67.88974,26.410468],[67.886322,26.401801],[67.889903,26.385688],[67.917084,26.358222],[67.927419,26.34394],[67.931895,26.325548],[67.9345,26.287218],[67.939057,26.26907],[67.952566,26.255194],[67.972341,26.24962],[67.993744,26.246121],[68.012136,26.238145],[68.018565,26.230902],[68.02239,26.222683],[68.02825,26.204861],[68.033214,26.19656],[68.039968,26.190741],[68.047944,26.186713],[68.094168,26.174587],[68.110362,26.166327],[68.124115,26.152371],[68.128998,26.143744],[68.132091,26.134711],[68.133393,26.125271],[68.133311,26.115424],[68.127208,26.088324],[68.127208,26.079291],[68.13616,26.062079],[68.153331,26.047146],[68.207286,26.012519],[68.221446,25.999823],[68.233002,25.98489],[68.241954,25.966173],[68.252533,25.932644],[68.259939,25.916693],[68.271088,25.903266],[68.28655,25.893378],[68.318451,25.878241],[68.331554,25.865505],[68.341401,25.852891],[68.347097,25.847846],[68.35434,25.843573],[68.38323,25.832587],[68.391368,25.82685],[68.397716,25.809597],[68.385753,25.795274],[68.365815,25.784288],[68.349132,25.777289],[68.331391,25.765815],[68.321869,25.750515],[68.322683,25.732937],[68.33489,25.714789],[68.353445,25.702908],[68.396495,25.689276],[68.41627,25.678656],[68.426362,25.661241],[68.416108,25.646837],[68.39739,25.633979],[68.382335,25.621161],[68.378835,25.603461],[68.393972,25.567816],[68.39267,25.54918],[68.380382,25.535346],[68.362397,25.527045],[68.343191,25.520779],[68.325857,25.512885],[68.314464,25.498806],[68.315033,25.48371],[68.327891,25.451036],[68.326264,25.435411],[68.310639,25.409288],[68.309825,25.395331],[68.315522,25.385281],[68.332042,25.371609],[68.339447,25.363593],[68.344168,25.352851],[68.349132,25.279324],[68.347179,25.272081],[68.343516,25.265977],[68.332774,25.25495],[68.313569,25.241482],[68.30836,25.236029],[68.304291,25.228054],[68.301768,25.218329],[68.301199,25.208319],[68.302745,25.19953],[68.311615,25.188178],[68.355561,25.16474],[68.360769,25.160264],[68.365896,25.154812],[68.369884,25.148464],[68.370535,25.141791],[68.366222,25.134833],[68.358002,25.131619],[68.348643,25.130968],[68.32252,25.134955],[68.306651,25.135606],[68.294688,25.129096],[68.28948,25.110622],[68.288666,25.10102],[68.287039,25.093126],[68.283702,25.085801],[68.272553,25.070014],[68.268565,25.06212],[68.266368,25.053656],[68.266531,25.044053],[68.273448,25.00963],[68.273692,24.992743],[68.2671,24.976345],[68.260834,24.969265],[68.253347,24.964545],[68.245128,24.963731],[68.237071,24.968207],[68.231212,24.976426],[68.222585,24.995225],[68.215424,25.002631],[68.197765,25.006374],[68.180593,24.998236],[68.165457,24.98432],[68.142589,24.956488],[68.134776,24.941474],[68.132253,24.925238],[68.136811,24.907416],[68.144135,24.895209],[68.146495,24.888861],[68.145518,24.881619],[68.140636,24.874091],[68.133067,24.869005],[68.123953,24.866278],[68.115001,24.86579],[68.078705,24.875922],[68.060639,24.877305],[68.044037,24.868354],[68.037527,24.853461],[68.042247,24.839138],[68.050222,24.824734],[68.053315,24.809516],[68.047455,24.790717],[68.036062,24.77497],[68.009207,24.746161],[68.001069,24.732245],[67.986827,24.687567],[67.970307,24.656317],[67.968761,24.64114],[67.978445,24.625067],[68.003998,24.601142],[68.010509,24.587348],[68.006765,24.569892],[68.002045,24.562323],[67.996593,24.555976],[67.990245,24.550727],[67.966889,24.53852],[67.960948,24.532823],[67.957937,24.524482],[67.958263,24.516547],[67.967377,24.494167],[67.97169,24.479438],[67.974132,24.464301],[67.974213,24.45657],[67.973074,24.44953],[67.970307,24.442898],[67.966319,24.436306],[67.956716,24.43122],[67.943858,24.432196],[67.920095,24.436713],[67.915294,24.435248],[67.900645,24.427069],[67.877208,24.420681],[67.858897,24.418809],[67.849539,24.416612],[67.843354,24.411892],[67.842052,24.403388],[67.846202,24.396104],[67.858653,24.383857],[67.863536,24.375841],[67.867931,24.366034],[67.870535,24.35578],[67.870046,24.346462],[67.854747,24.333319],[67.830333,24.339138],[67.805431,24.348456],[67.788097,24.3463],[67.784679,24.336046],[67.78769,24.325019],[67.794363,24.314724],[67.801524,24.306667],[67.819021,24.29267],[67.826101,24.284857],[67.830333,24.273871],[67.8296,24.263536],[67.824799,24.255194],[67.816824,24.2508],[67.80657,24.252387],[67.788097,24.266547],[67.778087,24.271308],[67.766531,24.269314],[67.758067,24.261013],[67.755626,24.250271],[67.756358,24.227159],[67.753184,24.20539],[67.749929,24.19477],[67.745209,24.185085],[67.737804,24.17414],[67.729747,24.166571],[67.719819,24.163682],[67.707042,24.166612],[67.687022,24.174872],[67.676768,24.175605],[67.666026,24.171576],[67.659679,24.166124],[67.65504,24.159125],[67.652273,24.15115],[67.651296,24.14289],[67.653331,24.132839],[67.661632,24.114447],[67.663585,24.106431]],[[79.437266,32.738105],[79.422374,32.752712],[79.399343,32.792751],[79.356944,32.850694],[79.336436,32.860419],[79.327403,32.868476],[79.317882,32.908271],[79.308604,32.928168],[79.289236,32.936794],[79.284272,32.94005],[79.273692,32.954617],[79.268891,32.957831],[79.224376,32.970893],[79.181895,32.989325],[79.152354,33.015408],[79.100841,33.080756],[78.955333,33.201239],[78.935802,33.211127],[78.924083,33.212836],[78.91505,33.210395],[78.906993,33.206732],[78.898529,33.204901],[78.797781,33.153103],[78.78655,33.14997],[78.771902,33.149685],[78.760834,33.152289],[78.734386,33.163275],[78.710948,33.165351],[78.592377,33.207872],[78.576671,33.211127],[78.570567,33.216498],[78.559093,33.240424],[78.548757,33.245876],[78.538259,33.247585],[78.511241,33.259548],[78.433523,33.282416],[78.406261,33.299425],[78.366303,33.344062],[78.353038,33.354682],[78.335867,33.360297],[78.3095,33.361925],[78.291026,33.365505],[78.276541,33.374294],[78.25172,33.396674],[78.195811,33.432888],[78.162608,33.461859],[78.152273,33.46894],[78.149099,33.479844],[78.158376,33.525336],[78.157807,33.54796],[78.149832,33.566514],[78.131358,33.574246],[78.100841,33.577826],[78.092459,33.588406],[78.090831,33.605536],[78.079845,33.628852],[78.066987,33.638129],[78.022472,33.659451],[78.007823,33.663601],[77.996511,33.673936],[77.958751,33.722846],[77.942556,33.738715],[77.884207,33.769151],[77.870372,33.773464],[77.858409,33.780382],[77.733897,33.921983],[77.660411,34.029324],[77.593272,34.088162],[77.556163,34.113471],[77.53419,34.124538],[77.5053,34.131212],[77.497569,34.135077],[77.488862,34.136908],[77.466563,34.130439],[77.433604,34.128485],[77.421316,34.129096],[77.339366,34.160183],[77.333751,34.1824],[77.319591,34.196153],[77.299571,34.202989],[77.277354,34.20421],[77.272716,34.202012],[77.269135,34.193386],[77.263682,34.191189],[77.257091,34.19184],[77.252208,34.193915],[77.248057,34.196234],[77.23349,34.20128],[77.217052,34.209906],[77.196788,34.212958],[77.184093,34.216498],[77.172862,34.221991],[77.167979,34.229031],[77.164073,34.237372],[77.154714,34.23725],[77.143484,34.233913],[77.133881,34.232123],[77.112722,34.237576],[77.07073,34.255561],[77.043386,34.26199],[77.036143,34.268866],[77.032481,34.278835],[77.031505,34.290798],[76.990001,34.307888],[76.904307,34.307888],[76.887706,34.311143],[76.842784,34.330349],[76.788585,34.37169],[76.772716,34.389512],[76.770274,34.403428],[76.737722,34.424262],[76.694021,34.44123],[76.6845,34.447821],[76.625092,34.518826],[76.611827,34.54267],[76.600108,34.554267],[76.584402,34.5633],[76.538097,34.574774],[76.523448,34.582628],[76.490245,34.608913],[76.449474,34.631415],[76.435069,34.636827],[76.387462,34.64411],[76.372976,34.649848],[76.372976,34.643622],[76.334239,34.657986],[76.316824,34.667792],[76.300873,34.680854],[76.242686,34.746039],[76.234386,34.752305],[76.220876,34.760321],[76.215343,34.766547],[76.210378,34.777371],[76.203217,34.802558],[76.189871,34.829901],[76.190359,34.853054],[76.195404,34.87519],[76.201671,34.890692],[76.206391,34.897081],[76.218028,34.908515],[76.222748,34.917344],[76.224864,34.931423],[76.221934,34.941026],[76.217459,34.948188],[76.215343,34.954901],[76.210216,34.95893],[76.185802,34.965115],[76.177745,34.968858],[76.15032,34.989285],[76.12322,35.016384],[76.075613,35.051134],[76.06129,35.066474],[76.052664,35.072577],[76.041108,35.075019],[76.038259,35.077012],[76.03655,35.087592],[76.034272,35.092393],[76.027436,35.096055],[76.011241,35.09455],[76.003673,35.096137],[75.957449,35.148261],[75.945323,35.157009],[75.921641,35.165554],[75.914968,35.185614],[75.915619,35.208564],[75.914236,35.225857],[75.90797,35.234442],[75.90089,35.238471],[75.893565,35.241278],[75.886974,35.246365],[75.882498,35.254259],[75.874604,35.275946],[75.859386,35.303046],[75.85377,35.324042],[75.843272,35.341376],[75.817963,35.349392],[75.79713,35.34337],[75.768077,35.31448],[75.746349,35.307807],[75.726492,35.308051],[75.721283,35.311062],[75.712169,35.318386],[75.699962,35.322862],[75.689138,35.319159],[75.67864,35.312323],[75.667247,35.307807],[75.635916,35.314154],[75.486095,35.415595],[75.46933,35.431098],[75.462413,35.448065],[75.451752,35.46015],[75.427175,35.471137],[75.399506,35.476671],[75.379812,35.472276],[75.362804,35.485907],[75.352468,35.505316],[75.347097,35.527859],[75.345714,35.551093],[75.339366,35.575303],[75.323253,35.585639],[75.105479,35.602607],[75.085948,35.601752],[75.080007,35.603583],[75.07073,35.609442],[75.061534,35.618842],[75.055756,35.627875],[75.048269,35.63463],[75.033214,35.637315],[74.989268,35.640082],[74.967296,35.644314],[74.948334,35.650987],[74.938569,35.657172],[74.920502,35.678331],[74.88974,35.701931],[74.872488,35.711737],[74.850108,35.716864],[74.772716,35.717963],[74.76295,35.719306],[74.745209,35.724148],[74.739757,35.728339],[74.742442,35.749701],[74.747488,35.768663],[74.747081,35.777167],[74.72462,35.785997],[74.722911,35.798285],[74.728608,35.822333],[74.726573,35.836371],[74.72462,35.841579],[74.656749,35.842841],[74.638927,35.836371],[74.630463,35.820868],[74.629161,35.802436],[74.632498,35.786933],[74.639171,35.777371],[74.64503,35.77558],[74.648204,35.772895],[74.646902,35.760281],[74.641205,35.759467],[74.629487,35.749538],[74.621674,35.737901],[74.629161,35.732367],[74.635183,35.728705],[74.644054,35.720079],[74.650483,35.710028],[74.649913,35.701931],[74.611339,35.671495],[74.609467,35.660509],[74.611339,35.649522],[74.624278,35.620144],[74.628673,35.613715],[74.631602,35.606228],[74.632498,35.527452],[74.607188,35.495795],[74.564708,35.483669],[74.516694,35.478135],[74.474864,35.466091],[74.459565,35.453559],[74.443614,35.437445],[74.42571,35.423529],[74.403575,35.41767],[74.317882,35.41767],[74.27003,35.427558],[74.246674,35.426703],[74.207042,35.404893],[74.183442,35.402655],[74.15919,35.405341],[74.139659,35.410834],[74.129324,35.417182],[74.10906,35.433539],[74.098155,35.438178],[74.087576,35.437852],[74.046886,35.431342],[74.029796,35.434272],[73.967784,35.458604],[73.923106,35.489691],[73.910818,35.494086],[73.862315,35.492743],[73.836925,35.49726],[73.756114,35.527452],[73.627208,35.543484],[73.563569,35.542304],[73.502371,35.534369],[73.463145,35.558132],[73.439952,35.562201],[73.395925,35.543524],[73.344005,35.548936],[73.323416,35.548041],[73.312429,35.541571],[73.307709,35.533515],[73.303722,35.513251],[73.304128,35.512071],[73.29835,35.486274],[73.296886,35.482856],[73.294688,35.473944],[73.285411,35.453437],[73.283214,35.44123],[73.280284,35.434841],[73.266694,35.414171],[73.262706,35.403998],[73.262706,35.343126],[73.260183,35.337429],[73.251069,35.324978],[73.249034,35.318386],[73.258556,35.306586],[73.276134,35.298163],[73.285411,35.285224],[73.26946,35.260037],[73.250662,35.248725],[73.201915,35.233262],[73.118663,35.184882],[73.053233,35.126532],[73.038829,35.116523],[73.003998,35.099066],[72.988292,35.08869],[72.950857,35.050727],[72.927989,35.034939],[72.90919,35.037787],[72.899506,35.042507],[72.892019,35.036973],[72.887136,35.026679],[72.885265,35.016669],[72.888113,35.008979],[72.893891,35.00198],[72.898855,34.992784],[72.898936,34.978827],[72.891368,34.961859],[72.869395,34.929023],[72.864838,34.906806],[72.872325,34.892035],[72.890636,34.884711],[72.933604,34.87641],[72.969168,34.856553],[72.986339,34.840115],[72.98463,34.824897],[72.975597,34.821885],[72.962901,34.82038],[72.951671,34.817694],[72.946788,34.81155],[72.943777,34.806586],[72.927175,34.787543],[72.919444,34.780829],[72.888113,34.771511],[72.854747,34.769314],[72.824474,34.76081],[72.802745,34.732449],[72.80071,34.717231],[72.809581,34.674099],[72.804861,34.657172],[72.785411,34.637478],[72.781668,34.622504]],[[79.73463,32.443915],[79.719656,32.45246],[79.67628,32.511583],[79.461518,32.707384],[79.429779,32.744981]],[[67.663585,24.106431],[67.661388,24.1081]],[[67.663585,24.106431],[67.664073,24.104763],[67.658132,24.083808],[67.63974,24.070828],[67.616466,24.065212],[67.573171,24.068549],[67.552338,24.066596],[67.532319,24.060492]],[[67.71339,24.066433],[67.701915,24.078559],[67.663585,24.106431]],[[67.71339,24.066433],[67.723725,24.062934],[67.737885,24.056952],[67.753673,24.054145],[67.760183,24.052843]],[[67.925873,23.982449],[67.9428,23.986518],[67.95574,23.994493],[67.954845,24.004421],[67.945079,24.017361],[67.932628,24.045518],[67.924246,24.055976],[67.911143,24.063096],[67.868907,24.076443],[67.853526,24.075466],[67.828298,24.065294],[67.811127,24.062771],[67.794688,24.06623],[67.777924,24.071641],[67.764903,24.071845],[67.759695,24.059353],[67.7671,24.023017],[67.786713,24.002956],[67.815196,23.994737],[67.883311,23.993964],[67.900645,23.990912],[67.913992,23.983954],[67.925548,23.982367],[67.925873,23.982449]],[[67.925873,23.982449],[67.926768,23.984931]],[[68.024506,23.933661],[68.022065,23.949327],[68.016368,23.968085],[68.016612,23.978949],[68.02003,23.994574],[68.018891,24.001492],[68.013927,24.00963],[68.007091,24.015937],[67.999278,24.018744],[67.990733,24.018581],[67.981456,24.015937],[67.973155,24.010932],[67.966726,24.005235],[67.956391,23.999457]],[[67.65089,23.93122],[67.668712,23.943712],[67.707612,23.947455],[67.725515,23.953559],[67.731375,23.965155],[67.728933,23.980333],[67.722667,23.997382],[67.719249,24.015001],[67.719819,24.049994],[67.71339,24.066433]],[[67.857514,23.909491],[67.857514,23.915351],[67.86085,23.9324],[67.862722,23.938015],[67.868175,23.944525],[67.875662,23.949083],[67.884044,23.952175],[67.910167,23.957709],[67.915538,23.960883],[67.919526,23.965115],[67.925873,23.982449]]]}},{"type":"Feature","properties":{"dissolve":"619River","scalerank":7.0,"featurecla":"River","name":"Hindiyah Channel","name_alt":null,"rivernum":619,"note":null,"min_zoom":6.0,"name_en":"Hindiyah Channel","min_label":7.0},"bbox":[44.353933,31.614691,44.63144,32.240994],"geometry":{"type":"MultiLineString","coordinates":[[[44.353933,32.240994],[44.358816,32.210395],[44.373953,32.180772],[44.377696,32.159044],[44.384939,32.14171],[44.401785,32.12405],[44.433035,32.100694],[44.497325,32.079128],[44.512299,32.066596],[44.521576,32.060899],[44.531016,32.053087],[44.535411,32.04328],[44.536388,32.029853],[44.53948,32.020697],[44.549734,32.005723],[44.556407,31.999457],[44.577159,31.984198],[44.583751,31.97781],[44.588878,31.965155],[44.588308,31.954657],[44.58546,31.944607],[44.583751,31.933132],[44.597341,31.905463],[44.598562,31.891181],[44.601329,31.883328],[44.611095,31.867947],[44.61435,31.866156],[44.621186,31.863552],[44.62794,31.85989],[44.63144,31.854926],[44.628998,31.850653],[44.615489,31.844346],[44.611095,31.840644],[44.606537,31.834296],[44.602306,31.829779],[44.598888,31.822943],[44.597341,31.809882],[44.60198,31.789252],[44.609386,31.774929],[44.610932,31.761786],[44.597341,31.745063],[44.572276,31.724799],[44.566824,31.712755],[44.562592,31.674994],[44.563243,31.614691]]]}},{"type":"Feature","properties":{"dissolve":"620River","scalerank":7.0,"featurecla":"River","name":"Shatt al Hillah","name_alt":null,"rivernum":620,"note":null,"min_zoom":6.0,"name_en":"Shatt al Hillah","min_label":7.0},"bbox":[44.268484,31.381293,45.316824,32.731309],"geometry":{"type":"MultiLineString","coordinates":[[[44.268484,32.731309],[44.281016,32.717841],[44.315929,32.693915],[44.3296,32.663601],[44.341807,32.653144],[44.348155,32.643175],[44.337413,32.628241],[44.347667,32.622178],[44.363048,32.60574],[44.37086,32.601589],[44.381277,32.605292],[44.392345,32.612372],[44.401378,32.613227],[44.404877,32.598171],[44.407644,32.578803],[44.437999,32.484646],[44.458588,32.452094],[44.488699,32.427436],[44.529063,32.409776],[44.666026,32.394395],[44.686697,32.395535],[44.695323,32.400662],[44.7046,32.4088],[44.715261,32.413886],[44.727794,32.409776],[44.734304,32.399359],[44.733653,32.37519],[44.737885,32.364529],[44.78297,32.299913],[44.792084,32.292914],[44.809093,32.288194],[44.817149,32.278835],[44.805431,32.261054],[44.807628,32.233466],[44.823985,32.176378],[44.824229,32.152167],[44.809662,32.070014],[44.825694,32.057074],[44.896088,32.030219],[44.953054,31.97781],[44.959727,31.974555],[44.966726,31.974311],[44.971934,31.971503],[44.974132,31.960761],[44.974701,31.944037],[44.976654,31.937038],[44.980968,31.929389],[44.955984,31.880683],[44.94337,31.864529],[44.940684,31.848985],[44.951182,31.830919],[44.974132,31.806464],[44.98406,31.788845],[44.988048,31.771552],[44.987885,31.727362],[44.99407,31.714708],[45.024913,31.679267],[45.036225,31.669298],[45.045828,31.664822],[45.063487,31.659125],[45.070323,31.655626],[45.076589,31.646755],[45.081147,31.635199],[45.087983,31.62519],[45.114757,31.614569],[45.163585,31.567491],[45.174571,31.551785],[45.180186,31.545762],[45.19101,31.539171],[45.213308,31.529649],[45.274669,31.486396],[45.29005,31.4713],[45.298269,31.456651],[45.316824,31.402411],[45.279226,31.382921],[45.262218,31.381293],[45.250011,31.385443],[45.237722,31.392198],[45.223725,31.39529],[45.207042,31.388129]]]}},{"type":"Feature","properties":{"dissolve":"62River","scalerank":3.0,"featurecla":"River","name":"Euphrates","name_alt":null,"rivernum":62,"note":null,"min_zoom":3.0,"name_en":"Euphrates","min_label":4.0},"bbox":[40.992605,30.881659,47.468516,34.521552],"geometry":{"type":"MultiLineString","coordinates":[[[40.992605,34.428494],[41.006114,34.430772],[41.045828,34.406846],[41.057628,34.403428],[41.066417,34.398139],[41.092784,34.37462],[41.105724,34.36933],[41.161225,34.374132],[41.191824,34.38227],[41.219005,34.396023],[41.219005,34.403428],[41.178152,34.417751],[41.178152,34.423936],[41.191661,34.429999],[41.223888,34.449164],[41.239513,34.451239],[41.249929,34.441514],[41.257091,34.426093],[41.26767,34.416327],[41.288015,34.423936],[41.292003,34.431098],[41.290131,34.43891],[41.287039,34.44599],[41.288015,34.451239],[41.296967,34.456814],[41.303315,34.456081],[41.308686,34.452908],[41.315196,34.451239],[41.328298,34.450466],[41.343679,34.446804],[41.358409,34.440253],[41.369721,34.430772],[41.380789,34.446112],[41.397227,34.437079],[41.415538,34.423163],[41.431895,34.423936],[41.42921,34.435818],[41.41269,34.447699],[41.403819,34.459784],[41.424408,34.472357],[41.434174,34.465155],[41.445567,34.458686],[41.43808,34.451239],[41.451101,34.428168],[41.464854,34.422187],[41.500092,34.430772],[41.501069,34.43183],[41.503835,34.43419],[41.507904,34.43655],[41.513927,34.437567],[41.517589,34.435492],[41.523204,34.430772],[41.527354,34.426134],[41.527436,34.423936],[41.539236,34.426093],[41.545502,34.429958],[41.549408,34.434272],[41.554779,34.437567],[41.565929,34.439521],[41.574636,34.43891],[41.58196,34.439521],[41.588878,34.445014],[41.590017,34.45364],[41.585053,34.461534],[41.583588,34.469794],[41.595144,34.479193],[41.611339,34.479519],[41.670909,34.458686],[41.690847,34.453884],[41.71339,34.456488],[41.735362,34.466905],[41.763194,34.486029],[41.769542,34.491767],[41.772878,34.500556],[41.773936,34.51671],[41.780284,34.521552],[41.794851,34.514472],[41.818289,34.495917],[41.834076,34.478217],[41.842052,34.474555],[41.856456,34.472357],[41.881765,34.478787],[41.89739,34.480658],[41.91505,34.467068],[41.967784,34.471706],[41.986827,34.458686],[41.979421,34.451239],[42.012625,34.407904],[42.030365,34.389268],[42.055105,34.36933],[42.125255,34.332465],[42.130951,34.324815],[42.130056,34.297309],[42.144542,34.279242],[42.176768,34.287299],[42.229503,34.314073],[42.244721,34.314887],[42.249278,34.314154],[42.246837,34.290798],[42.251964,34.273546],[42.263927,34.266791],[42.277599,34.271267],[42.288503,34.28738],[42.282725,34.305609],[42.286225,34.327989],[42.296886,34.346991],[42.311697,34.355048],[42.323009,34.353705],[42.335704,34.349636],[42.345714,34.342393],[42.349864,34.331732],[42.384044,34.320909],[42.387787,34.308214],[42.385346,34.290107],[42.37794,34.273953],[42.366954,34.266913],[42.344819,34.264594],[42.325125,34.25727],[42.313406,34.244574],[42.315196,34.225898],[42.327403,34.214219],[42.348399,34.202948],[42.37086,34.194525],[42.387462,34.191189],[42.382091,34.181952],[42.384044,34.116034],[42.3803,34.109809],[42.374441,34.103868],[42.370046,34.097113],[42.371023,34.088162],[42.377452,34.084296],[42.399669,34.076931],[42.404552,34.071357],[42.406179,34.05329],[42.412039,34.032904],[42.424571,34.016954],[42.446056,34.012397],[42.456309,34.017279],[42.480479,34.038153],[42.493907,34.047187],[42.505626,34.037421],[42.510346,34.025702],[42.513601,34.012885],[42.5206,33.999376],[42.530528,33.990343],[42.549083,33.98078],[42.555919,33.971462],[42.561046,33.947699],[42.556244,33.925727],[42.542491,33.907782],[42.5206,33.896308],[42.528412,33.889187],[42.533214,33.881944],[42.533376,33.875067],[42.528087,33.869005],[42.53655,33.859931],[42.551687,33.852566],[42.568614,33.84809],[42.582612,33.847968],[42.599132,33.856635],[42.605072,33.870144],[42.608409,33.88463],[42.61671,33.896308],[42.644054,33.901679],[42.679454,33.895616],[42.733409,33.875841],[42.759288,33.853461],[42.752859,33.836453],[42.733165,33.821845],[42.719249,33.806952],[42.7199,33.79088],[42.729421,33.780382],[42.740733,33.773017],[42.747162,33.765977],[42.747488,33.746649],[42.738862,33.736518],[42.725841,33.729275],[42.712413,33.718207],[42.718842,33.712429],[42.726736,33.707221],[42.747162,33.697781],[42.762136,33.704535],[42.778412,33.692694],[42.801768,33.663601],[42.850027,33.635769],[42.863862,33.622626],[42.887462,33.578233],[42.926768,33.548163],[42.930756,33.542304],[42.93214,33.529853],[42.937266,33.528754],[42.963145,33.529568],[42.973725,33.526435],[42.990652,33.536078],[43.010997,33.532579],[43.030772,33.521674],[43.065684,33.493842],[43.075694,33.501044],[43.083588,33.518337],[43.097179,33.533271],[43.118744,33.536973],[43.139578,33.53144],[43.168875,33.518988],[43.234467,33.4737],[43.24879,33.460313],[43.264659,33.449164],[43.284679,33.444444],[43.308035,33.449042],[43.341319,33.46837],[43.356619,33.471788],[43.365164,33.468614],[43.37794,33.456],[43.384532,33.45128],[43.389903,33.451117],[43.395274,33.453192],[43.398529,33.455919],[43.398204,33.457546],[43.404307,33.454779],[43.412039,33.446316],[43.41505,33.444444],[43.423106,33.446885],[43.430919,33.45071],[43.436697,33.450466],[43.439138,33.440741],[43.444347,33.428005],[43.456065,33.425116],[43.4699,33.425727],[43.480724,33.423407],[43.480724,33.430854],[43.486908,33.430854],[43.480479,33.415107],[43.483897,33.407009],[43.494884,33.403998],[43.511241,33.40351],[43.52711,33.405097],[43.536143,33.409247],[43.555268,33.423407],[43.559093,33.410346],[43.566417,33.400824],[43.575287,33.397569],[43.583914,33.40351],[43.597341,33.397406],[43.606619,33.388007],[43.610606,33.37934],[43.607677,33.375556],[43.630463,33.373481],[43.641043,33.379218],[43.644623,33.396674],[43.668956,33.388292],[43.693451,33.372097],[43.714285,33.352647],[43.727143,33.334581],[43.73463,33.334581],[43.736746,33.34394],[43.74114,33.351508],[43.747325,33.354315],[43.754487,33.348904],[43.757335,33.337836],[43.75587,33.311306],[43.761322,33.300482],[43.766612,33.299587],[43.77825,33.306098],[43.785248,33.303575],[43.789561,33.298774],[43.79241,33.291571],[43.799897,33.278266],[43.803966,33.259955],[43.808523,33.252061],[43.815929,33.252061],[43.815929,33.25727],[43.817393,33.258328],[43.815929,33.265692],[43.836681,33.260688],[43.842296,33.244208],[43.841401,33.223253],[43.843272,33.204901],[43.860932,33.182807],[43.878998,33.181749],[43.88795,33.192247],[43.878022,33.204901],[43.90683,33.212185],[43.922944,33.193671],[43.93629,33.168524],[43.956147,33.155829],[43.964122,33.157904],[43.971934,33.167344],[43.980479,33.170193],[43.988862,33.169501],[43.995616,33.16706],[44.000662,33.164496],[44.004405,33.163275],[44.019623,33.160427],[44.05364,33.146755],[44.069835,33.142198],[44.069835,33.136013],[44.047944,33.139228],[44.040294,33.13703],[44.035655,33.129177],[44.048106,33.127305],[44.059093,33.121161],[44.066905,33.112982],[44.069835,33.104926],[44.07545,33.099392],[44.102143,33.089423],[44.11085,33.080756],[44.097179,33.080756],[44.124522,33.054063],[44.138438,33.030829],[44.146414,33.025743],[44.158621,33.032335],[44.174408,33.00141],[44.178396,32.986274],[44.179698,32.964057],[44.174897,32.944607],[44.175304,32.934353],[44.183116,32.929958],[44.195242,32.929023],[44.202159,32.925605],[44.205496,32.918402],[44.206472,32.906317],[44.214936,32.888617],[44.253022,32.879462],[44.261648,32.865058],[44.264252,32.846747],[44.270925,32.831814],[44.289561,32.799628],[44.278819,32.785183],[44.2706,32.75963],[44.26588,32.735297],[44.265066,32.724473],[44.255626,32.716173],[44.220307,32.607693],[44.222585,32.570258],[44.239187,32.536322],[44.295421,32.466579],[44.302419,32.446479],[44.292979,32.426581],[44.288015,32.410102],[44.295421,32.389228],[44.316335,32.35456],[44.333588,32.295844],[44.340424,32.286241],[44.35434,32.274604],[44.353933,32.248236],[44.343516,32.203721],[44.344656,32.182929],[44.357188,32.118028],[44.360932,32.112006],[44.388113,32.088487],[44.3921,32.076036],[44.394949,32.062323],[44.398204,32.052924],[44.430593,32.021267],[44.446707,32.001899],[44.453298,31.980902],[44.454845,31.97248],[44.458263,31.96369],[44.463634,31.955024],[44.47047,31.946804],[44.477794,31.935655],[44.479421,31.925645],[44.479096,31.915066],[44.485444,31.878852],[44.487559,31.816433],[44.491303,31.799343],[44.498953,31.78323],[44.504161,31.765937],[44.501231,31.745063],[44.496511,31.740302],[44.479015,31.726833],[44.473888,31.717719],[44.474213,31.704454],[44.484874,31.686306],[44.487559,31.672716],[44.494233,31.659247],[44.510509,31.644599],[44.549734,31.620917],[44.614024,31.600124],[44.624604,31.59044],[44.626882,31.577419],[44.632416,31.571641],[44.640147,31.568468],[44.648692,31.562852],[44.679291,31.525336],[44.6928,31.516181],[44.739757,31.495225],[44.758556,31.491156],[44.764659,31.486884],[44.769786,31.478827],[44.776541,31.468126],[44.786143,31.463894],[44.789154,31.463894],[44.798757,31.476833],[44.81544,31.486029],[44.834727,31.490994],[44.851736,31.491156],[44.864024,31.485867],[44.875255,31.476142],[44.892833,31.457058],[44.905772,31.445665],[44.919526,31.43655],[44.934988,31.430691],[44.953054,31.429145],[44.960867,31.431667],[44.976736,31.441474],[44.987885,31.443386],[44.997,31.440945],[45.002696,31.436062],[45.007091,31.43122],[45.011729,31.429145],[45.019542,31.427069],[45.035737,31.418077],[45.045909,31.416083],[45.054698,31.41706],[45.070811,31.421332],[45.11614,31.428087],[45.132498,31.428005],[45.165538,31.411648],[45.184581,31.408311],[45.200287,31.401801],[45.21046,31.37641],[45.237641,31.327663]],[[45.237641,31.327663],[45.249278,31.331814],[45.257416,31.333564],[45.269054,31.333523],[45.301524,31.327501],[45.336436,31.325507],[45.409272,31.309841],[45.440359,31.298774],[45.451264,31.300645],[45.466889,31.305203]],[[45.237641,31.327663],[45.237804,31.327338],[45.234874,31.326687],[45.237641,31.327663]],[[45.463145,31.305203],[45.474539,31.30744],[45.48463,31.302517],[45.493175,31.296454],[45.503429,31.293565],[45.525645,31.292548],[45.531993,31.287787],[45.531668,31.276231],[45.529226,31.262722],[45.529063,31.251573],[45.549571,31.210639],[45.566661,31.203233],[45.578298,31.20128],[45.583751,31.206895],[45.593761,31.213813],[45.616791,31.206163],[45.666515,31.1789],[45.687429,31.162177],[45.706472,31.173407],[45.724701,31.177924],[45.743175,31.176378],[45.762462,31.169623],[45.766205,31.166042],[45.77825,31.157823],[45.790701,31.152859],[45.796641,31.1588],[45.802257,31.16238],[45.814952,31.16116],[45.86085,31.148301],[45.873546,31.143134],[45.878998,31.138292],[45.883718,31.130642],[45.894542,31.128689],[45.90797,31.129014],[45.920177,31.128038],[45.943858,31.121894],[45.97462,31.121365],[45.985444,31.119452],[45.99586,31.114366],[46.000987,31.122016],[46.008556,31.125841],[46.029307,31.128038],[46.040538,31.126288],[46.049571,31.121609],[46.056244,31.116726],[46.060313,31.114366],[46.086518,31.09044],[46.095225,31.076239],[46.104421,31.071885],[46.168549,31.055284],[46.251964,31.04446],[46.283783,31.02501],[46.302989,31.003241],[46.310476,30.997097],[46.363048,30.965399],[46.427175,30.949978],[46.467377,30.901801],[46.47877,30.894721],[46.489757,30.892686],[46.511485,30.883653],[46.523448,30.881659],[46.536143,30.884304],[46.547374,30.890408],[46.564464,30.902167],[46.74822,30.961778],[46.95045,30.959825],[46.972097,30.962185],[46.992279,30.973497],[47.009044,30.979315],[47.031749,30.978298],[47.117931,30.964952],[47.163259,30.963568],[47.233897,30.9713],[47.25587,30.970404],[47.266531,30.965888],[47.286143,30.952094],[47.297374,30.949978],[47.307058,30.954901],[47.314708,30.972724],[47.320893,30.97663],[47.336436,30.979926],[47.410574,31.011013],[47.43336,31.016425],[47.453217,31.01496],[47.461925,31.0008],[47.462413,30.991645],[47.463634,30.983222],[47.468516,30.968451]]]}},{"type":"Feature","properties":{"dissolve":"65Lake Centerline","scalerank":3.0,"featurecla":"Lake Centerline","name":"Firat","name_alt":null,"rivernum":65,"note":null,"min_zoom":3.0,"name_en":"Firat","min_label":4.0},"bbox":[38.326915,37.483954,39.073334,39.078437],"geometry":{"type":"MultiLineString","coordinates":[[[38.767833,38.812812],[38.771983,38.816962],[38.77532,38.830268],[38.778087,38.845038],[38.786143,38.854763],[38.812592,38.875027],[38.777843,38.904975],[38.774994,38.918565],[38.773855,38.936469],[38.780284,38.952216],[38.78476,38.966986],[38.78655,38.981269],[38.783295,38.992377],[38.780854,38.99787],[38.779714,38.999864],[38.7671,39.018866],[38.764415,39.029161],[38.742442,39.068061],[38.739513,39.078437]],[[38.471283,38.74079],[38.478038,38.72545],[38.472667,38.707546],[38.46046,38.69245],[38.446707,38.686225],[38.42213,38.682685],[38.402436,38.673448],[38.387136,38.660346],[38.37558,38.645209],[38.370372,38.634589],[38.36378,38.616319],[38.348888,38.595649],[38.351329,38.58869],[38.357677,38.582587],[38.36142,38.573269],[38.364675,38.556464],[38.373546,38.536566],[38.386648,38.518744],[38.402924,38.508083],[38.414154,38.516791],[38.425548,38.512519],[38.443289,38.494412],[38.456554,38.484971],[38.468679,38.479275],[38.481619,38.47602],[38.539806,38.470486],[38.566661,38.464667],[38.571381,38.462348],[38.587657,38.449897],[38.594656,38.450263],[38.600597,38.453152],[38.607839,38.453437],[38.688975,38.420762],[38.717703,38.418728],[38.778901,38.436957],[38.810476,38.440375],[38.834402,38.426093],[38.826915,38.418728],[38.852794,38.404731],[38.860932,38.39879],[38.8838,38.369005],[38.885509,38.364081],[38.911143,38.360704],[38.927826,38.352362],[38.957286,38.330512],[38.992198,38.326117],[39.073334,38.347968]],[[38.982677,37.899359],[38.989187,37.878038],[38.982677,37.865505],[38.970795,37.850775],[38.976166,37.845893],[38.979096,37.838487],[38.977957,37.830268],[38.970795,37.822821],[38.965343,37.823188],[38.945404,37.828884],[38.936697,37.829657],[38.921397,37.825141],[38.908376,37.81684],[38.897878,37.804714],[38.888927,37.788682],[38.903412,37.791815],[38.930593,37.807563],[38.943614,37.809149],[38.953868,37.801378],[38.952566,37.775255],[38.964773,37.761339],[38.944835,37.756944],[38.922293,37.75613],[38.901866,37.752753],[38.888927,37.740912],[38.89796,37.735663],[38.923106,37.713568],[38.916433,37.709052],[38.908214,37.706244],[38.899669,37.706244],[38.882416,37.714911],[38.875011,37.710476],[38.869233,37.703152],[38.864757,37.699286],[38.861095,37.698188],[38.856049,37.695665],[38.849376,37.693305],[38.841238,37.69245],[38.835948,37.69477],[38.822765,37.704535],[38.82073,37.706732],[38.800385,37.697048],[38.818451,37.680935],[38.868337,37.651475],[38.6456,37.624213],[38.597341,37.583523],[38.587901,37.579535],[38.575287,37.56155],[38.515391,37.511094],[38.494884,37.500678],[38.372325,37.483954],[38.340831,37.494452],[38.326915,37.490302]]]}},{"type":"Feature","properties":{"dissolve":"65River","scalerank":3.0,"featurecla":"River","name":"Firat","name_alt":null,"rivernum":65,"note":null,"min_zoom":3.0,"name_en":"Firat","min_label":4.0},"bbox":[37.840587,36.835639,41.455496,40.180203],"geometry":{"type":"MultiLineString","coordinates":[[[41.455496,40.180203],[41.445242,40.172227],[41.417572,40.11872],[41.366303,40.074327],[41.35491,40.06037],[41.328217,40.016303],[41.319021,40.00495],[41.30714,39.99372],[41.292979,39.985053],[41.276947,39.981553],[41.026541,39.961046],[40.910655,39.925116],[40.870209,39.919501],[40.802745,39.926581],[40.790701,39.930365],[40.768565,39.940619],[40.747162,39.936225],[40.711925,39.919501],[40.688975,39.920722],[40.652843,39.936103],[40.468516,39.95364],[40.458588,39.951483],[40.436615,39.942084],[40.427664,39.940009],[40.391856,39.942084],[40.382904,39.940009],[40.382904,39.933783],[40.351329,39.944403],[40.302989,39.940375],[40.179128,39.907986],[40.160411,39.89997],[40.146414,39.889106],[40.136811,39.870225],[40.140147,39.855658],[40.163829,39.830756],[40.223155,39.790473],[40.251069,39.763617],[40.259369,39.728339],[40.253835,39.717393],[40.24171,39.701361],[40.227306,39.686876],[40.198985,39.673774],[40.192149,39.657986],[40.190684,39.639594],[40.191173,39.625312],[40.189545,39.6081],[40.183686,39.592556],[40.171967,39.581244],[40.139903,39.573798],[40.101817,39.560126],[40.081309,39.556993],[39.994395,39.565009],[39.909923,39.584337],[39.749278,39.645046],[39.731212,39.649278],[39.669363,39.655463],[39.615815,39.680487],[39.575125,39.693956],[39.535655,39.700507],[39.450694,39.701036],[39.408946,39.693956],[39.381928,39.679063],[39.327729,39.638983],[39.306407,39.630683],[39.28419,39.626654],[39.242117,39.625312],[39.231456,39.623155],[39.211355,39.613796],[39.201182,39.61164],[39.156505,39.617865],[39.047944,39.616075],[39.033295,39.611518],[39.004975,39.597968],[38.976003,39.591864],[38.906749,39.585883],[38.875255,39.57685],[38.865815,39.582221],[38.853038,39.576117],[38.826915,39.556993],[38.815847,39.554226],[38.772227,39.550157],[38.755626,39.545274],[38.748139,39.539252],[38.742768,39.530056],[38.731944,39.515448],[38.720225,39.503974],[38.711518,39.500312],[38.680675,39.501776],[38.66684,39.504218],[38.639903,39.512803],[38.632335,39.51203],[38.621023,39.506212],[38.583914,39.496609],[38.570811,39.49494],[38.560964,39.490058],[38.522472,39.457384],[38.510183,39.452704],[38.4581,39.453966],[38.402924,39.426093],[38.392182,39.417914],[38.383556,39.409125],[38.374115,39.402126],[38.36142,39.399359],[38.36671,39.388699],[38.368175,39.371446],[38.38795,39.357001],[38.425059,39.318468],[38.462006,39.306464],[38.473725,39.296495],[38.49171,39.275214],[38.50294,39.266954],[38.58074,39.224921],[38.599701,39.206081],[38.607839,39.183376],[38.619884,39.171698],[38.683035,39.171007],[38.711436,39.165961],[38.714773,39.154731],[38.712983,39.12877],[38.71461,39.121283],[38.735606,39.105251],[38.740164,39.09573],[38.739513,39.078477]],[[38.767833,38.812812],[38.743256,38.803005],[38.716401,38.780463],[38.692393,38.773546],[38.677013,38.764594],[38.666433,38.762519],[38.654226,38.766547],[38.642345,38.781684],[38.635753,38.781765],[38.631602,38.775743],[38.633067,38.762478],[38.631765,38.752305],[38.618663,38.748318],[38.569021,38.752143],[38.508881,38.756863],[38.48349,38.753119],[38.471283,38.74079]],[[39.073334,38.347968],[39.114838,38.343573],[39.132416,38.329698],[39.14503,38.307929],[39.148529,38.284247],[39.114838,38.192735],[39.141368,38.178656],[39.221934,38.205105],[39.252533,38.179714],[39.256358,38.153144],[39.248546,38.130439],[39.224701,38.090359],[39.23463,38.076117],[39.224864,38.063788],[39.149913,38.020779],[39.08961,38.007025],[39.072276,37.999579],[39.060313,37.987901],[39.055675,37.973212],[39.050385,37.939765],[39.040457,37.925238],[39.027273,37.918036],[38.978282,37.906033],[38.982677,37.899359]],[[38.326915,37.490302],[38.282644,37.476996],[38.271983,37.476426],[38.265717,37.454454],[38.249929,37.448554],[38.206716,37.453559],[38.198009,37.448025],[38.196788,37.435818],[38.197195,37.423651],[38.193126,37.418158],[38.190033,37.417182],[38.188243,37.415066],[38.185639,37.412909],[38.180186,37.411933],[38.176687,37.413764],[38.175059,37.422634],[38.170177,37.425605],[38.125499,37.433783],[38.108409,37.440945],[38.094493,37.453559],[38.065522,37.436876],[38.054128,37.436469],[38.039968,37.446072],[38.02296,37.443468],[38.005951,37.445258],[37.989675,37.44477],[37.974376,37.435492],[37.930105,37.390815],[37.896414,37.363837],[37.885509,37.350653],[37.878917,37.325141],[37.872813,37.320909],[37.865001,37.317694],[37.857677,37.312934],[37.852143,37.303819],[37.840587,37.26789],[37.85491,37.260037],[37.866791,37.249376],[37.874115,37.234402],[37.874766,37.213324],[37.867931,37.213324],[37.861746,37.224636],[37.85255,37.226508],[37.844249,37.219306],[37.840587,37.20307],[37.843516,37.186632],[37.850678,37.173407],[37.867931,37.151882],[37.874278,37.140082],[37.876231,37.130886],[37.874766,37.106879],[37.868175,37.077663],[37.869395,37.065212],[37.881602,37.054999],[37.893809,37.060167],[37.903819,37.055365],[37.912852,37.047146],[37.922537,37.042019],[37.930756,37.043524],[37.954356,37.052802],[37.967459,37.054999],[37.97877,37.050116],[37.976573,37.038438],[37.964122,37.014106],[37.963878,36.998847],[37.966889,36.990424],[37.981212,36.976833],[38.007904,36.957099],[38.011811,36.949246],[38.013113,36.923692],[38.015147,36.91352],[38.018647,36.904161],[38.036062,36.888739],[38.040538,36.880479],[38.029307,36.876899],[38.021088,36.871121],[38.019054,36.858018],[38.021088,36.844184],[38.025808,36.835639]]]}},{"type":"Feature","properties":{"dissolve":"667Lake Centerline","scalerank":8.0,"featurecla":"Lake Centerline","name":"Awash","name_alt":null,"rivernum":667,"note":null,"min_zoom":7.0,"name_en":"Awash","min_label":8.0},"bbox":[39.010509,8.386664,41.652436,11.592963],"geometry":{"type":"MultiLineString","coordinates":[[[41.651378,11.522569],[41.652436,11.540595],[41.65211,11.551296],[41.649913,11.570014],[41.635509,11.585395],[41.623057,11.5928],[41.621674,11.592963]],[[41.577078,11.367296],[41.595307,11.402859]],[[39.010509,8.400336],[39.020925,8.391466],[39.048432,8.386664],[39.0713,8.393134],[39.087413,8.416693],[39.09962,8.448065],[39.110362,8.460801],[39.138682,8.470079]]]}},{"type":"Feature","properties":{"dissolve":"667River","scalerank":8.0,"featurecla":"River","name":"Awash","name_alt":null,"rivernum":667,"note":null,"min_zoom":7.0,"name_en":"Awash","min_label":8.0},"bbox":[38.075206,8.383165,41.683849,11.740831],"geometry":{"type":"MultiLineString","coordinates":[[[41.595307,11.402859],[41.616303,11.430447],[41.632498,11.462836],[41.644135,11.497504],[41.651378,11.522406]],[[41.576752,11.367011],[41.557709,11.345323],[41.538829,11.335069],[41.527599,11.320746],[41.532237,11.286566],[41.554291,11.242214],[41.585053,11.218085],[41.624604,11.206814],[41.683849,11.199652]],[[38.075206,8.970649],[38.102794,8.994737],[38.115815,9.003852],[38.127859,9.009589],[38.150971,9.008857],[38.182709,8.999457],[38.212006,8.985216],[38.264252,8.928087],[38.381847,8.872178],[38.418061,8.826199],[38.417491,8.821885],[38.414968,8.815701],[38.413015,8.808173],[38.413992,8.800116],[38.418468,8.79446],[38.432384,8.786811],[38.437755,8.78205],[38.453868,8.746446],[38.490815,8.710557],[38.50172,8.705146],[38.511322,8.70543],[38.543468,8.714911],[38.55836,8.715277],[38.570323,8.71369],[38.586681,8.70657],[38.627696,8.665107],[38.659434,8.64997],[38.732514,8.631537],[38.75823,8.60753],[38.761811,8.586249],[38.737559,8.473415],[38.738536,8.460801],[38.743337,8.447618],[38.755463,8.423896],[38.762218,8.384833],[38.779063,8.383165],[38.822846,8.398261],[38.83961,8.395331],[38.858653,8.389106],[38.877208,8.386013],[38.892589,8.392524],[38.915538,8.406846],[38.947276,8.414415],[38.979096,8.413398],[39.010509,8.400336]],[[39.138682,8.470079],[39.192149,8.471462],[39.22755,8.454779],[39.29713,8.403754],[39.331309,8.388454],[39.35019,8.384223],[39.368093,8.385606],[39.376964,8.393378],[39.377859,8.403754],[39.383311,8.412543],[39.456554,8.426337],[39.493907,8.455837],[39.528087,8.491319],[39.568614,8.520209],[39.622651,8.548529],[39.671316,8.584744],[39.680105,8.594591],[39.694753,8.617377],[39.703298,8.62755],[39.721446,8.638699],[39.759858,8.647732],[39.779063,8.654568],[39.80128,8.66946],[39.826915,8.69127],[39.849701,8.715766],[39.864024,8.738349],[39.869395,8.758246],[39.875662,8.800645],[39.883556,8.820502],[39.90089,8.842556],[39.922537,8.856798],[39.947846,8.863959],[39.975597,8.864691],[39.987804,8.858995],[39.993093,8.8487],[40.00058,8.839301],[40.019786,8.836493],[40.039073,8.842963],[40.10019,8.884711],[40.120128,8.904364],[40.182872,9.018622],[40.182709,9.040839],[40.106537,9.202704],[40.083507,9.280097],[40.086029,9.298651],[40.099864,9.309841],[40.150401,9.329413],[40.157725,9.339464],[40.149669,9.379462],[40.16627,9.44241],[40.269949,9.532091],[40.296967,9.592312],[40.301199,9.624864],[40.299327,9.638251],[40.290538,9.653591],[40.280691,9.663113],[40.258393,9.677843],[40.248546,9.687934],[40.239838,9.704291],[40.232921,9.725206],[40.225841,9.765896],[40.228526,9.800401],[40.239513,9.835557],[40.256277,9.869167],[40.276459,9.89879],[40.285248,9.907823],[40.314545,9.927069],[40.351085,9.965277],[40.36378,9.97366],[40.375418,9.975898],[40.385346,9.974311],[40.406342,9.967231],[40.417491,9.966864],[40.451182,9.974962],[40.460541,9.974311],[40.480235,9.970771],[40.48935,9.971259],[40.501475,9.976426],[40.519216,9.99197],[40.553966,10.013739],[40.580007,10.040473],[40.600027,10.071804],[40.605886,10.10102],[40.60255,10.113227],[40.59669,10.122911],[40.58782,10.130235],[40.575694,10.135321],[40.567149,10.142035],[40.561534,10.153673],[40.552826,10.178005],[40.546886,10.20893],[40.572358,10.251899],[40.572765,10.28323],[40.541596,10.368923],[40.539561,10.38642],[40.545421,10.441718],[40.511729,10.590684],[40.501475,10.617255],[40.464285,10.658067],[40.44752,10.701524],[40.437429,10.747097],[40.435557,10.777777],[40.451671,10.8935],[40.449636,10.964138],[40.454356,10.98664],[40.482188,11.033759],[40.523692,11.070339],[40.57366,11.094794],[40.671804,11.112901],[40.714366,11.129096],[40.727306,11.132148],[40.753347,11.134548],[40.766043,11.140326],[40.775401,11.149604],[40.796316,11.182563],[40.81601,11.200019],[40.838308,11.215522],[40.857921,11.233995],[40.86964,11.260118],[40.870046,11.269599],[40.867605,11.287909],[40.868175,11.296983],[40.882742,11.319119],[40.932221,11.352484],[40.947032,11.37462],[40.946381,11.383083],[40.939545,11.404893],[40.938406,11.415147],[40.94044,11.42414],[40.946544,11.442165],[40.947846,11.451239],[40.937755,11.529975],[40.942963,11.559841],[40.95517,11.602851],[40.958914,11.624579],[40.959972,11.647406],[40.956554,11.681464],[40.95753,11.697455],[40.964854,11.711737],[41.003835,11.725287],[41.004893,11.725898],[41.005626,11.726671],[41.006358,11.727566],[41.009776,11.735663],[41.013194,11.739122],[41.02003,11.740831],[41.024506,11.737982],[41.039073,11.724189],[41.045421,11.720038],[41.053803,11.719428],[41.073009,11.72252],[41.08253,11.721951],[41.093516,11.717637],[41.128998,11.698676],[41.149425,11.683173],[41.176524,11.642279],[41.199229,11.626776],[41.218191,11.621405],[41.243175,11.617458],[41.2671,11.617743],[41.282725,11.625515],[41.300059,11.638251],[41.320567,11.637519],[41.341726,11.628485],[41.420502,11.571967],[41.442882,11.562323],[41.47698,11.559149],[41.511974,11.564399],[41.600108,11.592882],[41.610932,11.594184],[41.623057,11.5928]]]}},{"type":"Feature","properties":{"dissolve":"670River","scalerank":8.0,"featurecla":"River","name":"Southern Bug","name_alt":"Pivd. Buh","rivernum":670,"note":"Version 1.2 edit in N. America and Europe","min_zoom":7.0,"name_en":"Southern Bug","min_label":8.0},"bbox":[26.501882,47.259101,31.767345,49.621161],"geometry":{"type":"MultiLineString","coordinates":[[[26.501882,49.621161],[26.589854,49.584052],[26.660818,49.559678],[26.684174,49.544542],[26.708995,49.537421],[26.730072,49.525987],[26.739024,49.510077],[26.743744,49.504828],[26.755951,49.501085],[26.791026,49.496853],[26.821544,49.493598],[27.047374,49.410346],[27.175304,49.383572],[27.31837,49.376288],[27.325694,49.380194],[27.342296,49.404242],[27.376475,49.42475],[27.400157,49.432644],[27.42571,49.435858],[27.450613,49.431586],[27.472667,49.417304]],[[27.690359,49.474555],[27.698009,49.47252],[27.7081,49.484076],[27.719493,49.500596],[27.72877,49.517646],[27.732677,49.53087],[27.737804,49.535346],[27.749522,49.533515],[27.770518,49.527167],[27.779714,49.529649],[27.807872,49.548204],[27.827647,49.55622],[27.847667,49.557807],[27.935069,49.55504],[27.949474,49.552191],[27.955007,49.544989],[27.9581,49.535915],[27.966075,49.527167],[27.981944,49.524237],[28.029714,49.523261],[28.044932,49.517157],[28.059662,49.508246],[28.0796,49.506049],[28.123627,49.506659],[28.144216,49.502265],[28.180675,49.488959],[28.333995,49.47366],[28.343354,49.469102],[28.347911,49.455146],[28.358897,49.435655],[28.373139,49.418484],[28.387218,49.411078],[28.390391,49.406806],[28.395763,49.388048],[28.401134,49.383734],[28.408783,49.382025],[28.486827,49.335313],[28.486827,49.329169],[28.469737,49.316433],[28.461518,49.298936],[28.459076,49.27851],[28.460053,49.232693],[28.458914,49.22545],[28.438975,49.184516],[28.366303,49.143581],[28.352306,49.137966],[28.295014,49.102607],[28.302826,49.089423],[28.313406,49.059353],[28.321707,49.047309],[28.33253,49.04328],[28.3838,49.033718],[28.474132,49.032823],[28.500499,49.020697],[28.517345,49.030463],[28.533214,49.022732],[28.54835,49.008816],[28.562511,49.00019],[28.579194,49.002143],[28.624441,49.017035],[28.64796,49.020697],[28.658132,49.01203],[28.648367,48.974066],[28.66155,48.965399],[28.664643,48.954413],[28.649913,48.930121],[28.623464,48.896552],[28.663015,48.875596],[28.67864,48.869818],[28.702729,48.869818],[28.706554,48.868354],[28.711355,48.86518],[28.717865,48.862494],[28.727061,48.862372],[28.746186,48.873725],[28.761974,48.890937],[28.779063,48.900906],[28.802175,48.890326],[28.812266,48.878282],[28.82545,48.856879],[28.836355,48.849392],[28.849132,48.846055],[28.957774,48.834093],[28.98935,48.836005],[28.98642,48.849392],[28.98642,48.856228],[29.000662,48.856635],[29.023204,48.854193],[29.03476,48.856228],[29.046479,48.862901],[29.053803,48.870632],[29.061697,48.876247],[29.075857,48.876654],[29.10377,48.856228],[29.127208,48.834825],[29.13795,48.828233],[29.13795,48.821397],[29.116791,48.818712],[29.10198,48.809149],[29.097341,48.798896],[29.107188,48.794135],[29.11085,48.791042],[29.111339,48.784206],[29.108002,48.777371],[29.100108,48.774237],[29.089936,48.773627],[29.062266,48.767401],[29.070567,48.753689],[29.082449,48.742865],[29.098725,48.735785],[29.129975,48.731391],[29.140147,48.726833],[29.148367,48.721015],[29.151459,48.715603],[29.156016,48.705024],[29.165538,48.707384],[29.175059,48.714789],[29.178966,48.719021],[29.196056,48.716335],[29.216401,48.709255],[29.233328,48.699286],[29.240326,48.688015],[29.289806,48.655951],[29.301768,48.643256],[29.304128,48.634467],[29.302175,48.621405],[29.301768,48.609158],[29.30071,48.604926],[29.297862,48.600369],[29.295421,48.594997],[29.294932,48.58869],[29.307058,48.581407],[29.309174,48.578437],[29.315522,48.565619],[29.36378,48.534003],[29.369151,48.526435],[29.376394,48.512641],[29.3838,48.5067],[29.393077,48.503363],[29.485362,48.491156],[29.53712,48.495063],[29.657807,48.483466],[29.672455,48.480333],[29.685151,48.474921],[29.740652,48.435004],[29.747488,48.42414],[29.741222,48.421658],[29.736908,48.41824],[29.732921,48.414171],[29.727631,48.409939],[29.737559,48.384141],[29.745697,48.373358],[29.758311,48.368964],[29.776134,48.367987],[29.795828,48.364122],[29.8095,48.355821],[29.8095,48.34162],[29.851817,48.327216],[29.863536,48.321723],[29.874766,48.3133],[29.882091,48.30626],[29.890391,48.300076],[29.90504,48.293809],[29.921153,48.290717],[29.935802,48.289984],[29.948741,48.287909],[29.959727,48.280788],[29.969005,48.267279],[29.983653,48.237982],[30.01295,48.199246],[30.027599,48.174669],[30.047537,48.155097],[30.083263,48.143622],[30.322195,48.134548],[30.330333,48.136176],[30.334727,48.141954],[30.341319,48.159735],[30.34726,48.163438],[30.501557,48.163438],[30.559337,48.108222],[30.583588,48.102973],[30.593761,48.101996],[30.597748,48.106065],[30.593191,48.115261],[30.586355,48.124701],[30.583507,48.12995],[30.60255,48.139512],[30.620128,48.128363],[30.635671,48.111029],[30.648692,48.101996],[30.661388,48.098985],[30.702566,48.082709],[30.714447,48.074774],[30.716401,48.067898],[30.718191,48.047146],[30.720632,48.040595],[30.765391,48.033759],[30.771007,48.030463],[30.79005,48.015937],[30.799408,48.012641],[30.810476,48.013861],[30.817475,48.017035],[30.840017,48.03323],[30.843842,48.037543],[30.847667,48.039862],[30.857921,48.040595],[30.946381,48.027655],[30.980724,48.012641],[31.008556,47.995185],[31.02589,47.976996],[31.080658,47.893012],[31.090587,47.882921],[31.117931,47.869249],[31.121837,47.859687],[31.12086,47.852566],[31.118256,47.846869],[31.117931,47.841986],[31.12672,47.823594],[31.135183,47.817654],[31.146902,47.815212],[31.165619,47.807196],[31.17864,47.795193],[31.183849,47.780544],[31.190033,47.715399],[31.196381,47.70954],[31.24464,47.696967],[31.2553,47.692694],[31.268647,47.683702],[31.263927,47.676296],[31.248953,47.663845],[31.231212,47.656358],[31.228119,47.654405],[31.226654,47.644232],[31.224376,47.639594],[31.188975,47.608344],[31.179454,47.595526],[31.200776,47.578192],[31.289317,47.560818],[31.328624,47.539618],[31.344493,47.533515],[31.385183,47.525336],[31.399099,47.519843],[31.407481,47.51435],[31.433197,47.489122],[31.458751,47.461859],[31.532319,47.401313],[31.556244,47.388454],[31.590831,47.383246],[31.583995,47.383246],[31.599864,47.37995],[31.613048,47.372748],[31.635265,47.35163],[31.648529,47.342963],[31.700694,47.32807],[31.740001,47.309434],[31.751964,47.306952],[31.762218,47.300238],[31.767345,47.285102],[31.764089,47.268907],[31.748546,47.259101]]]}},{"type":"Feature","properties":{"dissolve":"67Lake Centerline","scalerank":3.0,"featurecla":"Lake Centerline","name":"Abay","name_alt":null,"rivernum":67,"note":null,"min_zoom":3.0,"name_en":"Abay","min_label":4.0},"bbox":[37.111827,11.63227,37.387218,11.926947],"geometry":{"type":"MultiLineString","coordinates":[[[37.113048,11.855007],[37.113048,11.855048],[37.111827,11.872097],[37.130382,11.897284],[37.162852,11.906806],[37.213145,11.914659],[37.258067,11.926947],[37.298106,11.901638],[37.345714,11.858344],[37.365652,11.810126],[37.381114,11.751044],[37.385265,11.703437],[37.377533,11.665107],[37.376475,11.65119],[37.386729,11.633979],[37.386811,11.633124],[37.387218,11.63227]]]}},{"type":"Feature","properties":{"dissolve":"67River","scalerank":3.0,"featurecla":"River","name":"Abay","name_alt":null,"rivernum":67,"note":null,"min_zoom":3.0,"name_en":"Abay","min_label":4.0},"bbox":[36.963471,11.035753,37.20224,11.855048],"geometry":{"type":"MultiLineString","coordinates":[[[37.178966,11.035753],[37.162364,11.04324],[37.134695,11.076117],[37.110362,11.083564],[37.098888,11.092719],[37.087983,11.113593],[37.073334,11.151801],[37.062429,11.171658],[37.045665,11.190375],[37.024018,11.200141],[36.997651,11.192816],[36.994558,11.21369],[36.969656,11.243923],[36.963471,11.265408],[36.966563,11.275824],[36.972179,11.286933],[36.976166,11.297431],[36.970795,11.31505],[36.973155,11.325466],[36.978445,11.335639],[36.983979,11.343614],[37.011322,11.362616],[37.018158,11.371527],[37.018321,11.382676],[37.013601,11.393744],[37.010183,11.404853],[37.01474,11.416287],[37.0171,11.43244],[36.998546,11.47602],[36.997651,11.494452],[37.002208,11.501532],[37.012706,11.509833],[37.018158,11.51557],[37.021576,11.525417],[37.021576,11.534206],[37.024425,11.540473],[37.035655,11.542833],[37.043468,11.550727],[37.067963,11.587226],[37.073334,11.59809],[37.0678,11.612087],[37.058849,11.625108],[37.061453,11.634711],[37.089854,11.638495],[37.099701,11.641425],[37.109793,11.648301],[37.117442,11.65644],[37.120616,11.66295],[37.122162,11.678046],[37.126557,11.683905],[37.133067,11.687038],[37.141124,11.693671],[37.148692,11.707628],[37.154389,11.715766],[37.162201,11.721625],[37.171153,11.721544],[37.18808,11.712592],[37.1963,11.714179],[37.20224,11.721462],[37.199718,11.726182],[37.193777,11.730089],[37.189464,11.734687],[37.175222,11.769395],[37.162364,11.778876],[37.152436,11.780137],[37.142019,11.78266],[37.127452,11.796088],[37.115489,11.809149],[37.114757,11.82335],[37.113048,11.855048]]]}},{"type":"Feature","properties":{"dissolve":"68River","scalerank":3.0,"featurecla":"River","name":"Volga","name_alt":null,"rivernum":68,"note":null,"min_zoom":3.0,"name_en":"Volga","min_label":4.0},"bbox":[32.596446,45.766059,50.17571,58.113145],"geometry":{"type":"MultiLineString","coordinates":[[[38.300873,57.571601],[38.312918,57.585801],[38.319591,57.591661],[38.327159,57.596381],[38.360037,57.623358],[38.397878,57.697943],[38.423432,57.737006],[38.481863,57.801825],[38.493744,57.824042],[38.490489,57.845893],[38.484386,57.866278],[38.488699,57.884101],[38.496674,57.904649],[38.489838,57.922187],[38.463796,57.949286],[38.453705,57.964382],[38.445811,57.981391],[38.440033,57.999376],[38.437022,58.017524]],[[40.007091,57.566677],[39.951427,57.58336],[39.932384,57.594916],[39.913259,57.610419],[39.90032,57.625312],[39.8803,57.654079],[39.862234,57.668077],[39.821381,57.688666],[39.802013,57.702826],[39.793875,57.719916],[39.795177,57.755072],[39.793224,57.775336],[39.786388,57.792263],[39.757335,57.80976],[39.690359,57.796576],[39.660167,57.808946],[39.625255,57.848904],[39.605479,57.866645],[39.581554,57.880316],[39.487234,57.913275],[39.460867,57.932196],[39.427257,57.948554],[39.344819,57.955512],[39.248627,58.011786],[39.169932,58.034369],[38.845307,58.0633],[38.766043,58.081488],[38.704031,58.113145]],[[41.343679,57.493109],[41.479584,57.479031],[41.633067,57.432074],[41.653901,57.431464],[41.737071,57.44713],[41.758393,57.445828],[41.820323,57.432196],[41.839285,57.4324],[41.857432,57.437079],[41.910167,57.468817],[42.027436,57.506781],[42.039073,57.507839],[42.062511,57.50613],[42.100515,57.495429],[42.10906,57.494005],[42.112804,57.486843],[42.120535,57.478949],[42.136241,57.46662],[42.16448,57.45071],[42.182872,57.446234],[42.201915,57.447211],[42.303722,57.474962],[42.324799,57.475531],[42.473888,57.442979],[42.49407,57.43537],[42.503184,57.429063],[42.518809,57.415473],[42.529063,57.411729],[42.539154,57.410956],[42.575776,57.415473]],[[32.598237,57.250352],[32.596446,57.232733],[32.60198,57.170518],[32.608816,57.151313],[32.666921,57.099921],[32.680756,57.079047],[32.687104,57.053087],[32.683686,57.030626],[32.677013,57.009223],[32.67335,56.986274],[32.680105,56.979926],[32.69337,56.973578],[32.702566,56.965115],[32.697276,56.952094],[32.702647,56.94477],[32.748057,56.931098],[32.819591,56.921454],[32.83782,56.921983],[32.893565,56.944159],[32.906505,56.945339],[32.952891,56.924587],[32.968191,56.921983],[32.990245,56.924831],[33.030203,56.937934],[33.050792,56.941921],[33.067475,56.93948],[33.096609,56.92532],[33.112804,56.921983],[33.129893,56.925849],[33.14446,56.932196],[33.159272,56.934272],[33.177338,56.925116],[33.188243,56.918036],[33.213145,56.905707],[33.224864,56.897162],[33.241222,56.889757],[33.259695,56.890977],[33.296479,56.900336],[33.315196,56.901679],[33.331065,56.900336],[33.345225,56.895697],[33.359304,56.887274],[33.370128,56.87641],[33.378673,56.865261],[33.388438,56.856635],[33.403331,56.853095],[33.47226,56.851589],[33.503184,56.845486],[33.592052,56.805365],[33.631114,56.800238],[33.651459,56.794216],[33.660248,56.781114],[33.663259,56.773993],[33.670828,56.771186],[33.687918,56.771186],[33.692963,56.769477],[33.712901,56.741889],[33.716401,56.728949],[33.718679,56.715399],[33.72226,56.702338],[33.745128,56.678534],[33.775808,56.676459],[33.809581,56.678005],[33.841807,56.664415],[33.882823,56.630316],[33.911388,56.59455],[33.920909,56.585639],[34.002533,56.544257],[34.026785,56.527289],[34.032156,56.515733],[34.027761,56.50495],[34.016694,56.498481],[33.985606,56.503241],[33.967214,56.498481],[33.904063,56.471381],[33.873139,56.462104],[33.845307,56.458075],[33.83839,56.455268],[33.827403,56.444688],[33.823497,56.437812],[33.828136,56.434841],[33.839285,56.430609],[33.862885,56.412299],[33.889659,56.404608],[33.934011,56.380194],[33.939545,56.375678],[33.949229,56.363593],[33.955089,56.359687],[33.966238,56.357937],[34.00351,56.359687],[34.02003,56.357978],[34.040294,56.353461],[34.057628,56.344428],[34.064952,56.328966],[34.085704,56.30976],[34.132742,56.306179],[34.215831,56.311876],[34.235362,56.309516],[34.25172,56.305691],[34.267182,56.29975],[34.284109,56.290798],[34.305675,56.274604],[34.319347,56.266791],[34.334972,56.263495],[34.338634,56.261339],[34.341238,56.256659],[34.345144,56.25198],[34.352306,56.249823],[34.361257,56.251736],[34.368256,56.255194],[34.375906,56.256903],[34.40797,56.246161],[34.454031,56.241278],[34.47519,56.236151],[34.510753,56.214545],[34.524099,56.208848],[34.583507,56.206488],[34.592459,56.19831],[34.610769,56.18948],[34.65211,56.198432],[34.722911,56.22248],[34.776378,56.231879],[34.792491,56.242947],[34.784434,56.263495],[34.823497,56.262274],[34.841401,56.266181],[34.85255,56.277777],[34.827078,56.291815],[34.839447,56.307196],[34.890147,56.335761],[34.923106,56.360622],[34.927745,56.369656],[34.919037,56.380927],[34.878673,56.384833],[34.866222,56.393826],[34.872976,56.414496],[34.895763,56.439521],[34.923432,56.460639],[34.945079,56.46955],[34.965261,56.481228],[34.951752,56.506781],[34.914073,56.544704],[34.927338,56.566962],[34.961355,56.581977],[35.000662,56.590399],[35.030772,56.593044],[35.044688,56.589789],[35.075125,56.575263],[35.092784,56.571967],[35.183035,56.589464],[35.1963,56.595282],[35.222585,56.612901],[35.255463,56.642849],[35.281016,56.65119],[35.291596,56.6612],[35.308849,56.684882],[35.319753,56.692735],[35.348888,56.702826],[35.360362,56.708564],[35.365815,56.716864],[35.367686,56.72602],[35.371023,56.733425],[35.38087,56.736436],[35.421153,56.736436],[35.432058,56.734402],[35.44101,56.731024],[35.450287,56.729682],[35.462413,56.733018],[35.492117,56.747992],[35.532481,56.755072],[35.574229,56.768907],[35.60377,56.790473],[35.599213,56.818427],[35.624278,56.836493],[35.663992,56.851386],[35.7046,56.857611],[35.745209,56.845567],[35.761648,56.846625],[35.777436,56.850938],[35.788015,56.856513],[35.802257,56.86164],[35.941498,56.875759],[35.976166,56.869818],[36.03297,56.831407],[36.067149,56.815497],[36.103282,56.803778],[36.283621,56.787421],[36.334402,56.775458],[36.34669,56.76911],[36.354096,56.756903],[36.350515,56.746283],[36.342865,56.730007],[36.340017,56.715033],[36.350352,56.708564],[36.374522,56.706366]],[[37.148204,56.752387],[37.209239,56.774237],[37.239187,56.780829],[37.252533,56.78913],[37.275483,56.808783],[37.28769,56.815375],[37.324718,56.825222],[37.340343,56.832058],[37.390391,56.86754],[37.418875,56.881619],[37.450206,56.887274],[37.473155,56.898057],[37.484386,56.923611],[37.486827,56.953233],[37.484386,56.97663],[37.479747,56.989203],[37.476003,56.996121],[37.474701,57.003607],[37.47755,57.017605],[37.482514,57.031073],[37.490001,57.044786],[37.50823,57.069159],[37.533214,57.088324],[37.621511,57.127468],[37.639089,57.147569],[37.651866,57.172227],[37.666515,57.193061],[37.714447,57.211615],[37.727061,57.234687],[37.736095,57.26199],[37.751231,57.284491],[37.755951,57.28795],[37.760997,57.290839]],[[43.432384,56.674994],[43.511974,56.620917],[43.518565,56.61404],[43.53476,56.587958],[43.542572,56.580349],[43.566824,56.567735],[43.574636,56.560899],[43.586843,56.547309],[43.593272,56.541571],[43.621349,56.526313],[43.629812,56.519965],[43.65089,56.494656],[43.65919,56.487738],[43.668956,56.483344],[43.670177,56.477973],[43.67571,56.476752],[43.679779,56.468817],[43.687104,56.463446],[43.704519,56.455675],[43.731619,56.436835],[43.740001,56.433295],[43.790538,56.421658],[43.819347,56.419257],[43.884044,56.402167],[43.891531,56.399237],[43.898367,56.395046],[43.918386,56.377509],[43.92571,56.373114],[43.933849,56.370795],[43.935069,56.365424],[43.9428,56.360419],[43.956147,56.34866],[43.963959,56.343777],[43.979015,56.337348],[43.986746,56.33515],[44.078705,56.329657],[44.088145,56.327582],[44.15211,56.303575],[44.19044,56.273301],[44.194591,56.268337],[44.203054,56.244696],[44.21339,56.230536],[44.218028,56.222276],[44.220876,56.211697],[44.220714,56.202704],[44.217865,56.193712],[44.212983,56.183661],[44.22169,56.179226],[44.27589,56.176296],[44.304128,56.179389],[44.368663,56.174506],[44.393484,56.16767],[44.413259,56.155137],[44.446381,56.128445],[44.469168,56.117458],[44.516368,56.113715],[44.539806,56.106147],[44.588796,56.069892],[44.606375,56.061713],[44.62322,56.058417],[44.639578,56.058417],[44.673269,56.063056],[44.716401,56.063829],[44.724376,56.065497],[44.779063,56.08393],[44.847667,56.098415],[44.932628,56.101833],[44.999441,56.093858],[45.067393,56.095038],[45.083751,56.097032],[45.099701,56.101264],[45.194835,56.142117]],[[47.462983,56.156765],[47.829031,56.145372],[47.871023,56.135932],[47.905203,56.113878],[47.927419,56.073065],[47.937104,56.031073],[47.9428,56.029853],[47.956635,55.999701],[47.972748,55.973212],[47.994151,55.951728],[48.023936,55.936632],[48.193858,55.885932],[48.285085,55.846015],[48.359467,55.828192],[48.674327,55.808783],[48.747976,55.793972],[48.829356,55.789659],[48.983653,55.763048],[49.009369,55.743964],[49.015391,55.70661],[49.003673,55.625922],[49.006928,55.59866],[49.026134,55.540717],[49.059011,55.482693]],[[49.904796,53.456732],[49.932628,53.457221],[49.988292,53.470649],[50.016368,53.4737],[50.046886,53.471259],[50.062429,53.467963],[50.076264,53.462714],[50.087901,53.453966],[50.095632,53.443305],[50.108979,53.419379],[50.131765,53.397081],[50.149099,53.373969],[50.152761,53.365831],[50.154226,53.354804],[50.153819,53.332546],[50.156505,53.321641],[50.161225,53.313788],[50.172374,53.30036],[50.17571,53.291327],[50.175304,53.27322],[50.168712,53.256944],[50.15683,53.243923],[50.141368,53.235175],[50.089122,53.222235],[50.06308,53.209988],[50.052013,53.190131],[50.038585,53.176947],[50.008311,53.171413],[49.975597,53.171088],[49.95574,53.173692],[49.860606,53.2178],[49.832449,53.226182],[49.804698,53.226752],[49.750418,53.214667],[49.615489,53.157579],[49.482351,53.133612],[49.455577,53.132107],[49.429291,53.136664],[49.411388,53.14822],[49.387299,53.179877],[49.343761,53.213568],[49.288666,53.225857],[49.044688,53.235175],[49.018077,53.232245],[48.808197,53.164374],[48.737234,53.156928],[48.661632,53.138292]],[[47.768972,52.074042],[47.752208,52.06391],[47.735606,52.049018],[47.712169,52.037055],[47.687022,52.036078],[47.583018,52.050116],[47.552745,52.057563],[47.533783,52.066107],[47.495209,52.073432],[47.437999,52.060858],[47.382498,52.038886],[47.340261,52.014228],[47.30421,52.008083],[47.293061,52.003933],[47.243663,51.978135],[47.180105,51.953437],[47.112315,51.940741],[47.091889,51.932929],[47.073497,51.919745],[47.045177,51.889838],[47.030528,51.877712],[47.019786,51.865302],[46.969737,51.841986],[46.941661,51.821112],[46.870046,51.791449],[46.85377,51.789008],[46.848399,51.787055],[46.834076,51.777615],[46.829112,51.775458],[46.828136,51.77143],[46.814708,51.762641],[46.776541,51.741156]],[[45.663585,50.222276],[45.622651,50.202704],[45.541433,50.146104],[45.47047,50.117255],[45.448497,50.10456],[45.43214,50.088568],[45.419932,50.069281],[45.376231,49.97838],[45.361339,49.958564],[45.360932,49.946316],[45.356619,49.924994],[45.347911,49.896308],[45.34669,49.887559],[45.347667,49.870307],[45.34547,49.838813],[45.34669,49.831977],[45.358653,49.804267],[45.359955,49.796495],[45.358979,49.789374],[45.355235,49.783271],[45.293712,49.727322],[45.270437,49.688666],[45.259369,49.677802],[45.231944,49.657091],[45.194591,49.621161],[45.152924,49.590033],[45.143809,49.579698],[45.123546,49.543647],[45.091401,49.50141],[45.083425,49.484809],[45.074962,49.448269],[45.068858,49.440375],[45.050873,49.429714],[45.043061,49.422716],[45.039073,49.42182],[45.033621,49.413153],[44.996349,49.313422],[44.96933,49.278144],[44.961681,49.259345],[44.968272,49.237494],[44.970876,49.232774],[44.975027,49.219306],[44.982351,49.207221],[44.983897,49.20246],[44.981049,49.176703],[44.968761,49.155219],[44.869884,49.064724],[44.843191,49.023993],[44.827647,49.005439],[44.785411,48.977851],[44.748464,48.945868],[44.728608,48.934638],[44.718516,48.922309],[44.63144,48.768744],[44.621837,48.759589],[44.518484,48.688788],[44.511322,48.682237],[44.496674,48.659695],[44.460053,48.623399],[44.449474,48.603705],[44.460948,48.584906],[44.522472,48.534247],[44.53297,48.527411],[44.544444,48.523505],[44.563243,48.526638],[44.576427,48.525743],[44.587169,48.528022],[44.60434,48.534003],[44.618175,48.535712],[44.655528,48.534003],[44.672455,48.528632],[44.708588,48.502021],[44.727794,48.492458],[44.999034,48.425971],[45.025401,48.42414],[45.050548,48.427191],[45.118175,48.451483],[45.142507,48.456814],[45.172862,48.459906],[45.202403,48.457872],[45.224376,48.448065],[45.245535,48.433621],[45.26767,48.426215],[45.367605,48.404731],[45.392182,48.406358],[45.41684,48.420762],[45.426768,48.440009],[45.431163,48.461982],[45.44101,48.477851],[45.467703,48.478827],[45.488862,48.469672],[45.503184,48.458319],[45.519216,48.448757],[45.594819,48.439399],[45.638276,48.42414],[45.698334,48.382392],[45.717784,48.37641],[45.806163,48.373725],[45.831309,48.368964],[45.84726,48.359198],[45.861746,48.345486],[45.879893,48.333197],[45.906505,48.327948],[45.933197,48.326931],[45.956554,48.322333],[45.975352,48.312038],[45.988292,48.293809],[45.990489,48.283474],[45.990896,48.262519],[45.99586,48.252875],[46.006602,48.246121],[46.02239,48.242133],[46.077159,48.235663],[46.095225,48.225369],[46.15976,48.16824],[46.16684,48.148871],[46.156261,48.126288],[46.143158,48.110785],[46.134288,48.095893],[46.128673,48.078315],[46.12322,47.984442],[46.142182,47.935655],[46.149099,47.930732],[46.158132,47.92829],[46.20517,47.900662],[46.225597,47.891913],[46.248139,47.885443],[46.301768,47.881537],[46.326671,47.8758],[46.346121,47.863349],[46.358897,47.841986],[46.358816,47.801785],[46.363862,47.781684],[46.411632,47.761542],[46.423757,47.759385],[46.475027,47.765652],[46.503184,47.765245],[46.524506,47.759101],[46.542491,47.746894],[46.561046,47.72838],[46.593272,47.703192],[46.597911,47.694281],[46.59962,47.685655],[46.60849,47.662909],[46.612234,47.656358],[46.6421,47.633328],[46.662364,47.621202],[46.677013,47.616034],[46.688894,47.609442],[46.762706,47.538113],[46.80714,47.475165],[46.838145,47.450954],[46.859386,47.442898],[46.88323,47.438829],[46.96461,47.433905],[46.984467,47.424831],[47.080577,47.336941],[47.0949,47.301622],[47.085053,47.251654],[47.077159,47.23074],[47.075694,47.213324],[47.086518,47.201483],[47.115896,47.197089],[47.146414,47.195828],[47.170502,47.191474],[47.192312,47.183051],[47.33074,47.092719],[47.379405,47.047919],[47.402599,47.031684],[47.428315,47.02029],[47.456309,47.015408],[47.491954,47.017686],[47.503835,47.014838],[47.561046,46.981228],[47.580333,46.975613],[47.589122,46.971381],[47.602061,46.953884],[47.598562,46.934149],[47.573334,46.897488],[47.564138,46.872748],[47.572358,46.85456],[47.592296,46.842393],[47.618663,46.836046],[47.642507,46.837714],[47.687104,46.854275],[47.710541,46.85871],[47.729584,46.854682],[47.740896,46.843329],[47.759369,46.795844],[47.766612,46.784125],[47.775645,46.774115],[47.826915,46.738593],[47.841563,46.734931]],[[47.841563,46.734931],[47.85906,46.73904],[47.940196,46.717719],[47.958751,46.721015],[47.981049,46.729926],[48.009776,46.725043],[48.05836,46.704291],[48.12558,46.683865],[48.143809,46.673204],[48.154552,46.668972],[48.19866,46.670111],[48.204682,46.666042],[48.217784,46.644843],[48.230561,46.617947],[48.234467,46.600165],[48.23585,46.55683],[48.238048,46.548163],[48.243582,46.539171],[48.251231,46.530463],[48.260183,46.522406],[48.268158,46.511013],[48.266694,46.500434],[48.256358,46.478339],[48.254975,46.460761],[48.257498,46.44005],[48.265554,46.422878],[48.280284,46.415595],[48.289236,46.413275],[48.298839,46.407416],[48.314952,46.392646],[48.326752,46.385281],[48.339447,46.384141],[48.352794,46.384711],[48.366222,46.382148],[48.387787,46.369086],[48.408946,46.353095],[48.431733,46.339423],[48.458995,46.333686],[48.463145,46.328315],[48.482351,46.293321],[48.5171,46.266059],[48.509776,46.249457],[48.515391,46.236029],[48.525401,46.22309],[48.534923,46.19241],[48.553722,46.171983],[48.565033,46.133816],[48.583018,46.111111],[48.607514,46.094428],[48.626964,46.087266]],[[47.841563,46.734931],[47.848155,46.725409],[47.870616,46.69949],[47.87558,46.689805],[47.882904,46.669623],[47.894216,46.646552],[47.901785,46.617377],[47.909434,46.603461],[47.93157,46.58039],[47.95045,46.565456],[47.996104,46.545925],[48.012462,46.527045],[48.015066,46.50434],[48.002859,46.489569],[47.985362,46.477322],[47.972097,46.461859],[47.971121,46.44245],[47.982677,46.428005],[48.013682,46.402899],[48.021088,46.383734],[48.017996,46.363959],[48.007335,46.345771],[47.992198,46.331814],[47.976736,46.321153],[47.970632,46.315131],[47.964854,46.306749],[47.951427,46.277126],[47.899669,46.214219],[47.825694,46.155951],[47.814464,46.149359],[47.809337,46.144395],[47.793956,46.111518],[47.785737,46.104926],[47.767507,46.099921],[47.756765,46.094753],[47.740815,46.074734],[47.742931,46.054755],[47.747325,46.034776],[47.739024,46.01496],[47.718191,46.000434],[47.674083,45.98432],[47.653738,45.970567],[47.643647,45.961249],[47.641612,45.955512],[47.640066,45.943915],[47.640636,45.938178],[47.646414,45.935085],[47.647472,45.929633],[47.646088,45.924384],[47.641124,45.912055],[47.640066,45.906073],[47.636322,45.901964],[47.629487,45.891221],[47.625418,45.880154],[47.629812,45.875067],[47.637218,45.869737],[47.639252,45.857611],[47.637625,45.84394],[47.63323,45.834052],[47.603445,45.822455],[47.563975,45.818671],[47.538666,45.806993],[47.555756,45.766059]]]}},{"type":"Feature","properties":{"dissolve":"69Lake Centerline","scalerank":3.0,"featurecla":"Lake Centerline","name":"Al Furat","name_alt":null,"rivernum":69,"note":null,"min_zoom":3.0,"name_en":"Al Furat","min_label":4.0},"bbox":[38.058116,35.858751,38.561127,36.342475],"geometry":{"type":"MultiLineString","coordinates":[[[38.561127,35.862616],[38.560557,35.862982],[38.559988,35.863308],[38.556407,35.868476],[38.530365,35.871039],[38.49464,35.859687],[38.460053,35.858751],[38.430919,35.874132],[38.39503,35.886908],[38.338959,35.901882],[38.300059,35.916815],[38.174897,35.972968],[38.134939,35.999864],[38.134288,36.000515],[38.121593,36.0185],[38.108409,36.032253],[38.094005,36.044135],[38.08489,36.054226],[38.075776,36.068549],[38.063487,36.098334],[38.059581,36.114366],[38.058116,36.126654],[38.059581,36.133897],[38.061941,36.140815],[38.065684,36.147569],[38.087657,36.175238],[38.100027,36.198676],[38.109304,36.212917],[38.119884,36.225043],[38.13087,36.234565],[38.136485,36.238227],[38.153087,36.245795],[38.175548,36.255968],[38.189382,36.264919],[38.194591,36.284044],[38.189382,36.312364],[38.185151,36.330349],[38.183849,36.342475]]]}},{"type":"Feature","properties":{"dissolve":"69River","scalerank":3.0,"featurecla":"River","name":"Al Furat","name_alt":null,"rivernum":69,"note":null,"min_zoom":3.0,"name_en":"Al Furat","min_label":4.0},"bbox":[38.025808,34.428494,40.992605,36.835639],"geometry":{"type":"MultiLineString","coordinates":[[[38.025808,36.835639],[38.033132,36.821804],[38.032725,36.809434],[38.030691,36.796698],[38.032481,36.781317],[38.038829,36.771186],[38.046804,36.763861],[38.050873,36.75495],[38.04599,36.740343],[38.051199,36.740749],[38.061453,36.740058],[38.066498,36.740343],[38.062429,36.729193],[38.062022,36.718126],[38.066661,36.709581],[38.077403,36.706163],[38.083588,36.701972],[38.091319,36.683173],[38.097585,36.6789],[38.142019,36.672553],[38.169037,36.664822],[38.190847,36.651475],[38.195811,36.65058],[38.206716,36.650946],[38.21046,36.648139],[38.215017,36.634711],[38.217296,36.630479],[38.228119,36.622138],[38.233409,36.617011],[38.286388,36.535915],[38.293061,36.528022],[38.2671,36.512274],[38.256114,36.462836],[38.22755,36.452338],[38.203136,36.438829],[38.192882,36.407294],[38.183849,36.342475]],[[38.559988,35.863308],[38.571544,35.856879],[38.583018,35.859809],[38.594819,35.866156],[38.607839,35.870144],[38.625011,35.867621],[38.647553,35.853054],[38.659597,35.849677],[38.721446,35.849677],[38.740896,35.853217],[38.747651,35.862087],[38.750499,35.873236],[38.759207,35.883816],[38.750987,35.89171],[38.746593,35.894314],[38.743337,35.893134],[38.73878,35.890001],[38.734793,35.902208],[38.742931,35.910264],[38.757498,35.915351],[38.772227,35.918524],[38.780203,35.918036],[38.793386,35.911811],[38.799571,35.911689],[38.80421,35.915839],[38.810802,35.928656],[38.813243,35.931586],[38.834483,35.932725],[38.906016,35.92475],[39.008718,35.931586],[39.034272,35.929267],[39.057546,35.921413],[39.076101,35.906602],[39.088145,35.883816],[39.098399,35.888617],[39.108328,35.888739],[39.116466,35.884874],[39.122325,35.87755],[39.141205,35.886298],[39.158946,35.881049],[39.177013,35.870469],[39.197358,35.863308],[39.22991,35.863471],[39.244233,35.859687],[39.262706,35.846259],[39.277599,35.830756],[39.283376,35.82921],[39.324311,35.829169],[39.334239,35.831977],[39.350841,35.841579],[39.367117,35.836005],[39.377208,35.838406],[39.396088,35.849677],[39.40089,35.835883],[39.398204,35.823065],[39.399832,35.811469],[39.416515,35.801215],[39.435476,35.799343],[39.472585,35.807929],[39.492279,35.808661],[39.509939,35.802761],[39.538829,35.784613],[39.553722,35.780788],[39.556651,35.782904],[39.56129,35.787624],[39.568126,35.792304],[39.577891,35.794379],[39.591075,35.792914],[39.593028,35.789089],[39.58961,35.783637],[39.582123,35.765815],[39.583751,35.761501],[39.594737,35.760281],[39.602957,35.763007],[39.60963,35.768988],[39.614187,35.776557],[39.615815,35.783881],[39.622325,35.794623],[39.637462,35.789862],[39.666596,35.773953],[39.696218,35.762478],[39.720307,35.741563],[39.742605,35.731757],[39.766043,35.753445],[39.805268,35.735175],[39.814382,35.726142],[39.835541,35.681749],[39.834239,35.67414],[39.828136,35.657904],[39.828136,35.633979],[39.832286,35.625596],[39.841563,35.616563],[39.851085,35.605007],[39.855968,35.588935],[39.862234,35.588935],[39.868337,35.594102],[39.875418,35.595486],[39.882416,35.593573],[39.889415,35.588935],[39.878022,35.577989],[39.877533,35.569363],[39.885509,35.563747],[39.899425,35.561632],[39.911713,35.534044],[39.91684,35.527452],[39.922374,35.526435],[39.929291,35.526882],[39.936046,35.52851],[39.948497,35.534776],[39.953624,35.530626],[39.957286,35.524115],[39.961192,35.520697],[39.973155,35.517646],[39.987804,35.510525],[40.000255,35.502387],[40.005463,35.496161],[40.007904,35.489203],[40.013601,35.487494],[40.0206,35.487738],[40.026541,35.486599],[40.031749,35.48253],[40.036876,35.475165],[40.039643,35.472276],[40.059337,35.461046],[40.06544,35.453721],[40.067556,35.44123],[40.07724,35.418077],[40.096121,35.407091],[40.109304,35.395331],[40.101817,35.3699],[40.134695,35.360053],[40.143321,35.356228],[40.148529,35.350409],[40.160737,35.332628],[40.167247,35.328925],[40.170177,35.326606],[40.202566,35.318061],[40.208263,35.318386],[40.218354,35.312201],[40.226654,35.308946],[40.231944,35.302802],[40.232026,35.287909],[40.260753,35.305365],[40.266856,35.307807],[40.271658,35.298936],[40.267589,35.288601],[40.253184,35.266872],[40.26588,35.266059],[40.277843,35.26793],[40.287364,35.272732],[40.293549,35.280463],[40.320811,35.27086],[40.327647,35.266872],[40.334239,35.257921],[40.335704,35.249457],[40.335948,35.242011],[40.338471,35.236396],[40.354421,35.230089],[40.404226,35.218614],[40.417735,35.211615],[40.420421,35.198757],[40.41269,35.193142],[40.402436,35.190009],[40.397227,35.184882],[40.400401,35.174262],[40.414561,35.163642],[40.419688,35.144802],[40.428722,35.135321],[40.430675,35.126532],[40.428966,35.092353],[40.430675,35.082465],[40.438569,35.06684],[40.443614,35.067979],[40.448985,35.07453],[40.458018,35.075019],[40.471121,35.066718],[40.471121,35.061794],[40.4546,35.051134],[40.444591,35.039374],[40.444428,35.034857],[40.44866,35.033393],[40.451182,35.030626],[40.455577,35.037787],[40.465017,35.030707],[40.478526,35.013536],[40.482188,35.006374],[40.486827,34.991563],[40.492198,34.986274],[40.503022,34.985622],[40.516612,34.988471],[40.528331,34.989325],[40.536388,34.977484],[40.551036,34.966986],[40.556407,34.958075],[40.565684,34.958604],[40.567882,34.954901],[40.566905,34.936632],[40.571707,34.919745],[40.575776,34.895087],[40.580984,34.883246],[40.589773,34.872504],[40.597585,34.870714],[40.622569,34.883246],[40.621104,34.871894],[40.617117,34.856309],[40.616303,34.845649],[40.618256,34.833564],[40.627371,34.820909],[40.629405,34.81155],[40.638276,34.79682],[40.658783,34.784776],[40.681895,34.778428],[40.698253,34.780829],[40.728526,34.7567],[40.732432,34.749823],[40.738862,34.751044],[40.752696,34.738389],[40.76474,34.723497],[40.766531,34.718126],[40.779226,34.713894],[40.79005,34.713975],[40.797781,34.71894],[40.80071,34.729031],[40.80421,34.728827],[40.821788,34.70543],[40.828624,34.698269],[40.828624,34.691474],[40.821218,34.688178],[40.808116,34.680243],[40.80071,34.677191],[40.807872,34.670437],[40.838878,34.649848],[40.852061,34.655056],[40.86085,34.66474],[40.86964,34.670437],[40.88323,34.66352],[40.887706,34.652208],[40.887787,34.638739],[40.891694,34.627305],[40.927175,34.618476],[40.928803,34.608018],[40.922374,34.593777],[40.917979,34.578192],[40.92213,34.568183],[40.940359,34.541571],[40.944753,34.527615],[40.938487,34.519843],[40.927257,34.51203],[40.922293,34.5008],[40.938406,34.475775],[40.930593,34.468329],[40.934662,34.461778],[40.940929,34.457953],[40.952403,34.454698],[40.958995,34.451239],[40.980398,34.433661],[40.992605,34.428494]]]}},{"type":"Feature","properties":{"dissolve":"731River","scalerank":8.0,"featurecla":"River","name":"Tekeze","name_alt":null,"rivernum":731,"note":null,"min_zoom":7.0,"name_en":"Tekeze","min_label":8.0},"bbox":[37.816661,11.905951,39.266368,13.889106],"geometry":{"type":"MultiLineString","coordinates":[[[39.266368,11.97488],[39.135997,11.940131],[39.076671,11.916531],[39.043224,11.910671],[38.933686,11.920233],[38.929128,11.918036],[38.91505,11.90823],[38.906016,11.905951],[38.892996,11.906928],[38.881847,11.909695],[38.871511,11.914171],[38.860932,11.920233],[38.8331,11.944892],[38.826915,11.954413],[38.825857,11.964952],[38.827159,11.978583],[38.825694,11.990343],[38.808035,12.000759],[38.798269,12.024115],[38.789561,12.029486],[38.768809,12.029486],[38.762218,12.031602],[38.759776,12.036322],[38.759207,12.043158],[38.746674,12.041693],[38.727631,12.032416],[38.717703,12.029486],[38.708263,12.030097],[38.685313,12.035102],[38.646576,12.03795],[38.627452,12.042914],[38.587901,12.063585],[38.560639,12.073188],[38.553152,12.077257],[38.534679,12.100938],[38.529552,12.10456],[38.50294,12.105658],[38.485362,12.110785],[38.473399,12.123318],[38.463796,12.146186],[38.455089,12.176622],[38.450125,12.18712],[38.442556,12.196845],[38.436046,12.202501],[38.431407,12.209784],[38.429617,12.224677],[38.433116,12.245632],[38.4581,12.310085],[38.461518,12.330268],[38.461436,12.355414],[38.455089,12.376736],[38.440196,12.385769],[38.430186,12.393866],[38.423106,12.413153],[38.416026,12.454657],[38.416108,12.476142],[38.428152,12.559027],[38.45045,12.59752],[38.4581,12.619167],[38.457774,12.641221],[38.4463,12.684272],[38.443289,12.704454],[38.448822,12.727973],[38.463308,12.741563],[38.505382,12.756293],[38.523204,12.765977],[38.557628,12.791938],[38.570811,12.797309],[38.614268,12.799506],[38.633718,12.803656],[38.649343,12.810899],[38.66505,12.82628],[38.663259,12.83808],[38.654714,12.852362],[38.646007,12.900824],[38.636485,12.909532],[38.621511,12.912299],[38.601573,12.919542],[38.584239,12.935614],[38.581716,12.952338],[38.590261,12.969062],[38.617198,13.001532],[38.656179,13.086208],[38.686697,13.134874],[38.716075,13.252061],[38.725108,13.272569],[38.730561,13.292548],[38.725108,13.310614],[38.727468,13.323798],[38.725108,13.374945],[38.721446,13.386298],[38.705007,13.393663],[38.698171,13.411689],[38.690929,13.454617],[38.677257,13.484483],[38.671967,13.502387],[38.669851,13.526557],[38.667491,13.536078],[38.661632,13.543769],[38.653819,13.548936],[38.6456,13.550808],[38.640717,13.556016],[38.635753,13.591742],[38.595144,13.644721],[38.587901,13.656928],[38.57724,13.662218],[38.512218,13.680487],[38.495535,13.688015],[38.487804,13.692654],[38.414561,13.751247],[38.383067,13.784532],[38.37558,13.790351],[38.365489,13.795518],[38.346609,13.802598],[38.328298,13.80447],[38.320323,13.794053],[38.318126,13.788438],[38.312266,13.7803],[38.304454,13.773017],[38.284272,13.76671],[38.274425,13.75963],[38.266694,13.752631],[38.261485,13.749376],[38.251557,13.746202],[38.236501,13.732123],[38.22755,13.728949],[38.193126,13.728949],[38.171316,13.732123],[38.133393,13.746202],[38.091807,13.751532],[38.054128,13.760932],[38.0088,13.765408],[38.000011,13.773139],[37.995372,13.787787],[37.98463,13.810858],[37.969249,13.826483],[37.916433,13.851833],[37.892019,13.881171],[37.877452,13.889106],[37.867931,13.872911],[37.858653,13.880154],[37.848888,13.884304],[37.83839,13.886339],[37.826264,13.887234],[37.826427,13.884955],[37.822276,13.880194],[37.816661,13.875312]]]}},{"type":"Feature","properties":{"dissolve":"733River","scalerank":8.0,"featurecla":"River","name":"Karkheh","name_alt":null,"rivernum":733,"note":null,"min_zoom":7.0,"name_en":"Karkheh","min_label":8.0},"bbox":[46.826671,30.97602,48.983165,34.463324],"geometry":{"type":"MultiLineString","coordinates":[[[48.983165,33.947821],[48.977794,33.954454],[48.954519,33.97309],[48.949148,33.982286],[48.942963,34.002387],[48.928396,34.02619],[48.897227,34.064236],[48.887625,34.079372],[48.875662,34.13699],[48.871837,34.147406],[48.865815,34.15705],[48.871511,34.194363],[48.844819,34.235297],[48.777761,34.294216],[48.742442,34.316433],[48.723074,34.324978],[48.695811,34.331488],[48.680268,34.345649],[48.671316,34.348822],[48.660411,34.348985],[48.655528,34.348009],[48.651134,34.345079],[48.643565,34.342597],[48.635509,34.346503],[48.627452,34.352159],[48.620128,34.355048],[48.408295,34.346015],[48.3838,34.340522],[48.373057,34.331732],[48.367279,34.325263],[48.35434,34.324734],[48.331472,34.328315],[48.317882,34.326361],[48.295339,34.317084],[48.283702,34.314073],[48.271983,34.314399],[48.249929,34.319525],[48.23935,34.320909],[48.229991,34.317206],[48.223237,34.308458],[48.212576,34.290798],[48.197683,34.28266],[48.180431,34.282335],[48.127208,34.289374],[48.094656,34.298407],[48.08196,34.300401],[48.064871,34.307969],[48.031993,34.341254],[48.013682,34.348822],[47.997162,34.35163],[47.964854,34.364854],[47.948497,34.36933],[47.758393,34.377265],[47.72877,34.389757],[47.709239,34.381374],[47.694753,34.387274],[47.681082,34.397773],[47.664154,34.403428],[47.651866,34.40998],[47.650483,34.425238],[47.652599,34.44245],[47.650483,34.454942],[47.633881,34.463324],[47.611908,34.461615],[47.590261,34.453192],[47.574962,34.44127],[47.561127,34.427069],[47.546641,34.417507],[47.529063,34.411973],[47.506602,34.410264],[47.491791,34.40587],[47.434011,34.376166],[47.424408,34.36579],[47.414561,34.349921],[47.405854,34.331651],[47.399832,34.314073],[47.398204,34.289659],[47.396658,34.283962],[47.33839,34.198025],[47.343028,34.189561],[47.356049,34.173651],[47.358897,34.166938],[47.364268,34.159125],[47.388194,34.152655],[47.393565,34.146511],[47.396251,34.136786],[47.402273,34.130194],[47.409109,34.124091],[47.414073,34.116034],[47.415701,34.104519],[47.413097,34.085883],[47.414073,34.075059],[47.430919,34.04088],[47.479584,33.986518],[47.496674,33.950954],[47.487071,33.944281],[47.489268,33.929551],[47.503429,33.889512],[47.507253,33.857286],[47.509695,33.855333],[47.503347,33.844916],[47.495372,33.841091],[47.486257,33.839301],[47.475597,33.834906],[47.446788,33.807929],[47.424571,33.777696],[47.398855,33.752061],[47.358897,33.738715],[47.295828,33.731798],[47.275645,33.732489],[47.263601,33.735867],[47.256847,33.740058],[47.249522,33.742051],[47.235362,33.738715],[47.229584,33.734442],[47.223725,33.727647],[47.216726,33.721381],[47.208018,33.718207],[47.198009,33.720323],[47.184093,33.730902],[47.173839,33.732489],[47.15504,33.715888],[47.146007,33.711371],[47.099701,33.705024],[47.075125,33.705634],[47.057872,33.711371],[47.051199,33.704169],[47.047781,33.698594],[47.047781,33.692694],[47.051036,33.684109],[47.037364,33.676134],[47.00823,33.647813],[47.002533,33.639716],[47.013682,33.607245],[47.013194,33.593614],[46.995697,33.602118],[46.977468,33.595282],[46.962413,33.602484],[46.948741,33.614691],[46.934337,33.622626],[46.889415,33.623887],[46.862071,33.621405],[46.8449,33.61518],[46.842214,33.600124],[46.826671,33.561469],[46.827891,33.553738],[46.843516,33.546169],[46.865896,33.512885],[46.897472,33.49905],[46.923595,33.471259],[46.944591,33.464952],[46.999115,33.437038],[47.009369,33.433417],[47.013276,33.424872],[47.011811,33.41474],[47.000418,33.397284],[47.003184,33.388861],[47.016205,33.375556],[47.029389,33.365912],[47.047374,33.358913],[47.085053,33.348904],[47.086925,33.346259],[47.088308,33.341376],[47.091563,33.336737],[47.098725,33.334581],[47.104096,33.33572],[47.10906,33.340399],[47.115896,33.341417],[47.123627,33.339952],[47.129324,33.336249],[47.134044,33.33161],[47.183523,33.299872],[47.201182,33.293036],[47.201101,33.279853],[47.21933,33.264228],[47.244884,33.251288],[47.287364,33.242499],[47.410411,33.190863],[47.420909,33.180365],[47.426524,33.167914],[47.439464,33.164415],[47.454356,33.163682],[47.465343,33.159532],[47.489268,33.136013],[47.5088,33.10456],[47.521658,33.092393],[47.540619,33.087592],[47.555431,33.081366],[47.588145,33.051052],[47.606537,33.039822],[47.664561,33.015408],[47.694347,33.010362],[47.714773,33.001003],[47.721934,32.998847],[47.728933,32.999945],[47.740245,33.004584],[47.74586,33.005683],[47.752371,33.003485],[47.757416,32.998643],[47.76295,32.9914],[47.796641,32.981798],[47.804617,32.977729],[47.812266,32.968451],[47.817963,32.957384],[47.824474,32.948065],[47.845307,32.940945],[47.864757,32.926378],[47.887136,32.920925],[47.920665,32.903266],[47.973562,32.855902],[47.986095,32.847968],[48.010265,32.843288],[48.027843,32.830878],[48.040701,32.8133],[48.050873,32.793402],[48.053803,32.789374],[48.063487,32.779812],[48.065196,32.77912],[48.065359,32.774441],[48.064382,32.762519],[48.065196,32.758612],[48.082612,32.735216],[48.085053,32.727891],[48.080577,32.724636],[48.062999,32.702501],[48.061697,32.697211],[47.983409,32.66706],[47.965424,32.65351],[47.965587,32.638861],[47.97169,32.631537],[47.975597,32.623847],[47.973643,32.617743],[47.962169,32.615261],[47.945811,32.614081],[47.938975,32.610541],[47.90976,32.572211],[47.906993,32.56684],[47.909434,32.561387],[47.913015,32.561469],[47.916921,32.562608],[47.920665,32.560614],[47.924327,32.559149],[47.929128,32.560818],[47.933116,32.561387],[47.934825,32.556912],[47.934825,32.549384],[47.935639,32.54621],[47.937999,32.542914],[47.945242,32.537909],[47.953136,32.534532],[47.959565,32.530219],[47.962169,32.522488],[47.967052,32.518744],[47.977957,32.525255],[47.996186,32.539496],[48.009858,32.538194],[48.01588,32.532782],[48.018647,32.52558],[48.023692,32.51907],[48.053233,32.501044],[48.054698,32.497911],[48.106619,32.505398],[48.119151,32.505398],[48.122325,32.500759],[48.143809,32.479315],[48.147227,32.478095],[48.151134,32.466986],[48.150645,32.459174],[48.148448,32.451443],[48.147227,32.440212],[48.149506,32.417833],[48.159272,32.382392],[48.160737,32.360785],[48.158946,32.353868],[48.156016,32.347235],[48.153738,32.338975],[48.154552,32.327257],[48.171397,32.299913],[48.194916,32.231635],[48.222748,32.186957],[48.219737,32.171658],[48.213959,32.157335],[48.211029,32.144965],[48.215912,32.135443],[48.209972,32.121446],[48.209972,32.108018],[48.215912,32.080837],[48.214773,32.058946],[48.215912,32.052924],[48.220876,32.046902],[48.226573,32.044298],[48.231619,32.042751],[48.23585,32.039862],[48.265391,32.006659],[48.27003,31.998318],[48.262462,31.983507],[48.250906,31.973822],[48.247162,31.964464],[48.263764,31.950507],[48.253673,31.934109],[48.251231,31.910997],[48.254324,31.890489],[48.260183,31.881619],[48.28004,31.878241],[48.298839,31.872016],[48.317556,31.86872],[48.338308,31.874132],[48.342703,31.857001],[48.352306,31.841864],[48.366222,31.831081],[48.383311,31.826972],[48.407807,31.806464],[48.41212,31.801785],[48.417084,31.791327],[48.420909,31.785997],[48.425059,31.78502],[48.437918,31.786973],[48.441905,31.785997],[48.445567,31.778428],[48.447195,31.762803],[48.451915,31.75495],[48.461355,31.749945],[48.471283,31.748236],[48.479096,31.744696],[48.490001,31.714464],[48.508067,31.700303],[48.544363,31.6824],[48.576671,31.659125],[48.593191,31.643378],[48.595632,31.631781],[48.579519,31.618516],[48.458588,31.565009],[48.441824,31.544298],[48.455577,31.512274],[48.418386,31.48725],[48.396495,31.476833],[48.386729,31.480984],[48.379161,31.492865],[48.361339,31.498603],[48.324636,31.504828],[48.310313,31.514675],[48.294444,31.528347],[48.275808,31.540554],[48.189545,31.560614],[48.168224,31.559434],[48.152843,31.55268],[48.134695,31.540351],[48.119395,31.524848],[48.105968,31.488308],[48.08961,31.488145],[48.05836,31.504828],[48.04835,31.508083],[48.016856,31.512274],[48.013276,31.511013],[48.008556,31.508002],[48.002859,31.505194],[47.996186,31.504828],[47.990815,31.507676],[47.982514,31.516547],[47.978933,31.5185],[47.886322,31.531521],[47.846121,31.526313],[47.817312,31.510443],[47.790538,31.490098],[47.728282,31.456855],[47.696869,31.434434],[47.671479,31.407253],[47.661143,31.378241],[47.653087,31.365546],[47.637136,31.350775],[47.625418,31.334337],[47.629812,31.316759],[47.637706,31.299425],[47.640147,31.275173],[47.633881,31.253485],[47.61614,31.244167],[47.611257,31.234158],[47.579356,31.19245],[47.571788,31.186387],[47.567475,31.166938],[47.556651,31.150662],[47.543061,31.137763],[47.530203,31.128038],[47.54127,31.102484],[47.537852,31.082872],[47.528901,31.06448],[47.521902,31.02794],[47.516205,31.022569],[47.507498,31.019314],[47.496674,31.01142],[47.489268,30.998969],[47.485606,30.98725],[47.478608,30.978868],[47.466075,30.97602]]]}},{"type":"Feature","properties":{"dissolve":"73Lake Centerline","scalerank":3.0,"featurecla":"Lake Centerline","name":"El Bahr el Azraq","name_alt":"Blue Nile","rivernum":73,"note":null,"min_zoom":3.0,"name_en":"Blue Nile","min_label":4.0},"bbox":[34.379649,11.296454,34.777599,11.783067],"geometry":{"type":"MultiLineString","coordinates":[[[34.379649,11.783067],[34.383881,11.769965],[34.386485,11.734402],[34.3803,11.690619],[34.390391,11.645372],[34.419037,11.590766],[34.459727,11.552436],[34.513438,11.522773],[34.55071,11.493109],[34.578624,11.462958],[34.613862,11.435736],[34.652924,11.412055],[34.683197,11.388292],[34.707123,11.352647],[34.720714,11.328966],[34.744558,11.307237],[34.777599,11.296454]]]}},{"type":"Feature","properties":{"dissolve":"73River","scalerank":3.0,"featurecla":"River","name":"El Bahr el Azraq","name_alt":"Blue Nile","rivernum":73,"note":null,"min_zoom":3.0,"name_en":"Blue Nile","min_label":4.0},"bbox":[32.488862,10.149115,35.350841,15.632595],"geometry":{"type":"MultiLineString","coordinates":[[[34.379649,11.783067],[34.362315,11.952704],[34.352631,11.98371],[34.316824,12.06155],[34.31308,12.07449],[34.31129,12.10456],[34.305431,12.136583],[34.305756,12.154324],[34.348888,12.224677],[34.338145,12.242987],[34.33961,12.260606],[34.352306,12.296413],[34.354259,12.350409],[34.352306,12.365302],[34.343516,12.381863],[34.330496,12.393012],[34.297537,12.40998],[34.284109,12.420478],[34.270763,12.4442],[34.260509,12.45779],[34.243663,12.467312],[34.205984,12.469794],[34.187755,12.474473],[34.165945,12.493354],[34.154226,12.505968],[34.147472,12.515489],[34.143972,12.537543],[34.151296,12.552069],[34.178233,12.574164],[34.186046,12.590684],[34.180593,12.606024],[34.142833,12.643256],[34.137462,12.65351],[34.140066,12.704291],[34.133311,12.756293],[34.135509,12.768744],[34.141043,12.771186],[34.142589,12.774766],[34.133311,12.790473],[34.126557,12.79621],[34.110362,12.80154],[34.064871,12.836453],[34.054454,12.851874],[34.044932,12.875434],[34.043875,12.882351],[34.03948,12.89289],[34.029714,12.890163],[34.020437,12.882595],[34.017182,12.878607],[34.004405,12.871121],[33.995128,12.863552],[33.991628,12.865343],[33.996104,12.886054],[34.014903,12.912136],[34.021251,12.928249],[34.013438,12.944688],[33.986501,12.961615],[33.978526,12.971706],[33.975597,12.992214],[33.97877,12.999701],[33.985281,13.005805],[33.989268,13.01203],[33.98585,13.019802],[33.977794,13.025417],[33.962169,13.031195],[33.955089,13.036892],[33.942882,13.070746],[33.976329,13.123074],[33.972179,13.160102],[33.960948,13.164374],[33.927826,13.160509],[33.920909,13.170274],[33.927419,13.18769],[33.953298,13.210517],[33.955089,13.228624],[33.950694,13.236925],[33.945323,13.238959],[33.939464,13.239366],[33.934011,13.242947],[33.918956,13.264512],[33.913585,13.269599],[33.905854,13.271999],[33.884776,13.274766],[33.879405,13.276435],[33.874522,13.287543],[33.87379,13.31155],[33.869558,13.321153],[33.858165,13.323025],[33.836192,13.303087],[33.8213,13.307481],[33.803966,13.322821],[33.791026,13.330878],[33.776947,13.333197],[33.75587,13.331081],[33.727306,13.320665],[33.715343,13.322455],[33.701915,13.338487],[33.70045,13.346055],[33.703136,13.364325],[33.701915,13.372016],[33.695567,13.380479],[33.671153,13.403103],[33.661876,13.418524],[33.664073,13.429511],[33.670828,13.440212],[33.674571,13.454617],[33.673106,13.47252],[33.668875,13.490831],[33.662527,13.508124],[33.654063,13.522895],[33.647553,13.529079],[33.631602,13.539252],[33.626069,13.544623],[33.625092,13.551947],[33.62794,13.571804],[33.626069,13.578152],[33.58782,13.585639],[33.570079,13.594021],[33.574962,13.609158],[33.583425,13.621202],[33.593272,13.649726],[33.602143,13.663764],[33.609874,13.669013],[33.615489,13.669867],[33.618744,13.672797],[33.619884,13.68419],[33.619151,13.693874],[33.616791,13.704698],[33.612315,13.714789],[33.605561,13.722113],[33.591889,13.725043],[33.576264,13.723212],[33.561534,13.724189],[33.550385,13.735785],[33.551036,13.751329],[33.566498,13.756781],[33.605561,13.755642],[33.622651,13.761054],[33.624929,13.773017],[33.615815,13.78498],[33.598725,13.790351],[33.579112,13.792344],[33.560476,13.79918],[33.547374,13.811957],[33.5442,13.831977],[33.551524,13.849066],[33.564138,13.850938],[33.580577,13.848415],[33.598725,13.851833],[33.609874,13.862494],[33.616222,13.877956],[33.619233,13.895819],[33.619884,13.913601],[33.614513,13.930854],[33.590587,13.947821],[33.585216,13.962266],[33.593516,13.968573],[33.612234,13.970649],[33.631114,13.977078],[33.640391,13.996446],[33.612397,14.037421],[33.619395,14.043402],[33.634695,14.048041],[33.640391,14.051093],[33.652354,14.060981],[33.655772,14.066352],[33.660248,14.078396],[33.661225,14.086534],[33.659434,14.104275],[33.660248,14.112494],[33.664561,14.119818],[33.677338,14.133734],[33.680756,14.140448],[33.681163,14.15823],[33.674897,14.16531],[33.663097,14.170193],[33.646576,14.181423],[33.644216,14.186794],[33.642507,14.203152],[33.640391,14.208686],[33.630951,14.211493],[33.619558,14.209662],[33.609793,14.210761],[33.605561,14.222357],[33.608897,14.235907],[33.623057,14.259874],[33.626069,14.276679],[33.621023,14.290717],[33.54892,14.350287],[33.5442,14.359198],[33.550059,14.416938],[33.5442,14.434638],[33.514659,14.420478],[33.504161,14.434638],[33.50172,14.461005],[33.496349,14.4831],[33.48406,14.491767],[33.47047,14.49433],[33.459402,14.499823],[33.454845,14.517198],[33.452729,14.534695],[33.447195,14.544745],[33.427419,14.565009],[33.372325,14.66059],[33.35377,14.727362],[33.33839,14.750515],[33.317556,14.729519],[33.306651,14.742987],[33.305756,14.757636],[33.307546,14.773627],[33.303966,14.790961],[33.298757,14.79621],[33.283702,14.799872],[33.277273,14.803982],[33.274343,14.810736],[33.270274,14.828477],[33.256114,14.850409],[33.249115,14.878607],[33.221772,14.902045],[33.215831,14.916938],[33.21461,14.982733],[33.216563,14.990505],[33.219656,14.998562],[33.221934,15.007351],[33.221446,15.017442],[33.214854,15.030626],[33.192882,15.052761],[33.184093,15.065253],[33.179454,15.08393],[33.179454,15.101101],[33.177419,15.117458],[33.167084,15.133857],[33.125662,15.161689],[33.112804,15.174506],[33.091726,15.219346],[33.084972,15.229763],[33.069347,15.238878],[33.053233,15.243476],[33.038585,15.249579],[33.026866,15.263617],[33.002859,15.285753],[32.967459,15.292914],[32.92864,15.295722],[32.893077,15.304877],[32.83782,15.339626],[32.788259,15.357245],[32.77296,15.369981],[32.754405,15.397813],[32.742198,15.409776],[32.724864,15.41474],[32.710867,15.422471],[32.705577,15.440497],[32.704031,15.461005],[32.700694,15.476142],[32.676768,15.503689],[32.620128,15.545762],[32.598237,15.573025],[32.584483,15.606635],[32.575125,15.618516],[32.557384,15.627021],[32.547944,15.626532],[32.538666,15.622829],[32.528412,15.620225],[32.516205,15.623318],[32.50823,15.62698],[32.488862,15.632595]],[[35.350841,10.149115],[35.341075,10.163682],[35.336192,10.168972],[35.324229,10.184353],[35.316417,10.203884],[35.312266,10.225775],[35.311941,10.248114],[35.314382,10.26081],[35.328705,10.297065],[35.3296,10.308539],[35.326915,10.317491],[35.31837,10.336046],[35.312592,10.356879],[35.308686,10.366034],[35.294688,10.384548],[35.289806,10.393907],[35.286632,10.404324],[35.285411,10.416083],[35.290457,10.454779],[35.287852,10.467637],[35.273936,10.498481],[35.264415,10.511908],[35.251475,10.523546],[35.243582,10.527615],[35.218272,10.532742],[35.209727,10.536404],[35.20224,10.541612],[35.183116,10.560492],[35.177338,10.563829],[35.154552,10.569403],[35.147472,10.572821],[35.142507,10.578477],[35.140636,10.586982],[35.139578,10.597968],[35.134776,10.617011],[35.1338,10.627997],[35.135509,10.636583],[35.143972,10.648749],[35.147472,10.658393],[35.14796,10.668484],[35.146088,10.689521],[35.147472,10.699327],[35.153087,10.710761],[35.165619,10.725653],[35.170014,10.748481],[35.179291,10.768866],[35.18157,10.778835],[35.180186,10.789822],[35.175059,10.810981],[35.174734,10.823513],[35.194021,10.875922],[35.198822,10.884955],[35.200776,10.893256],[35.198253,10.942735],[35.19337,10.956163],[35.176768,10.97663],[35.169932,10.98782],[35.166026,11.003363],[35.167247,11.03323],[35.165701,11.04914],[35.184662,11.064236],[35.193858,11.085273],[35.192963,11.108344],[35.182058,11.12934],[35.162852,11.143378],[35.117117,11.162421],[35.099213,11.175238],[35.083914,11.200303],[35.077078,11.219916],[35.065033,11.233466],[35.034597,11.240749],[34.966807,11.240505],[34.932872,11.244493],[34.904226,11.258612],[34.896658,11.26085],[34.890636,11.256781],[34.885265,11.251003],[34.879649,11.248074],[34.86435,11.249213],[34.840587,11.25434],[34.825857,11.255479],[34.811697,11.259955],[34.799246,11.270941],[34.777599,11.296454]]]}},{"type":"Feature","properties":{"dissolve":"741River","scalerank":8.0,"featurecla":"River","name":"Sakarya","name_alt":null,"rivernum":741,"note":null,"min_zoom":7.0,"name_en":"Sakarya","min_label":8.0},"bbox":[29.44752,40.038275,30.6456,41.132921],"geometry":{"type":"MultiLineString","coordinates":[[[29.534597,40.038275],[29.532481,40.059516],[29.518158,40.075385],[29.47991,40.097846],[29.467703,40.107489],[29.458751,40.117987],[29.452403,40.130316],[29.44752,40.145046],[29.449229,40.171698],[29.467459,40.183458],[29.490489,40.191026],[29.506928,40.204901],[29.50823,40.221055],[29.515147,40.234158],[29.526541,40.243923],[29.541108,40.250027],[29.550873,40.250922],[29.57073,40.249091],[29.580333,40.249945],[29.586681,40.252387],[29.604421,40.262803],[29.646658,40.271674],[29.734955,40.267524],[29.777599,40.272244],[29.808849,40.292019],[29.851817,40.35456],[29.881602,40.37641],[29.949799,40.397976],[29.960216,40.39704],[29.981375,40.391669],[29.991466,40.392646],[30.013682,40.41002],[30.05185,40.467637],[30.074311,40.489529],[30.099864,40.499132],[30.180105,40.501736],[30.224864,40.510321],[30.2706,40.528347],[30.308116,40.556708],[30.327891,40.5963],[30.331554,40.626044],[30.333263,40.632148],[30.336843,40.637641],[30.342459,40.643012],[30.351573,40.648749],[30.370128,40.653673],[30.374115,40.65705],[30.374604,40.6612],[30.374115,40.66767],[30.372976,40.673204],[30.371186,40.67475],[30.377208,40.682685],[30.381358,40.701361],[30.384288,40.707831],[30.388682,40.71015],[30.400401,40.712917],[30.404796,40.715277],[30.407319,40.715888],[30.415619,40.714545],[30.418468,40.715277],[30.418956,40.718085],[30.417735,40.72602],[30.418468,40.728868],[30.423269,40.735948],[30.424246,40.741726],[30.424083,40.747748],[30.425873,40.755561],[30.442149,40.797227],[30.454031,40.815619],[30.473643,40.838731],[30.48878,40.845526],[30.499278,40.853298],[30.510834,40.858588],[30.525401,40.863593],[30.526296,40.863389],[30.548269,40.871609],[30.574229,40.872707],[30.578298,40.874986],[30.592133,40.889797],[30.59726,40.893134],[30.59726,40.900173],[30.590261,40.915391],[30.589122,40.935818],[30.585053,40.954006],[30.569428,40.968492],[30.519705,40.97366],[30.501964,40.977729],[30.514659,40.989569],[30.507823,41.002631],[30.519623,40.998643],[30.528575,40.996853],[30.536632,40.998643],[30.545909,41.006049],[30.554617,41.011013],[30.567312,41.014268],[30.578543,41.013454],[30.586436,41.0008],[30.593191,41.008857],[30.614757,41.058417],[30.617686,41.070868],[30.610606,41.076239],[30.60377,41.083279],[30.598725,41.090928],[30.597179,41.098212],[30.600597,41.106716],[30.606619,41.103624],[30.613048,41.0963],[30.617686,41.091986],[30.633393,41.091091],[30.641612,41.095526],[30.64503,41.108466],[30.6456,41.132921]]]}},{"type":"Feature","properties":{"dissolve":"747Lake Centerline","scalerank":8.0,"featurecla":"Lake Centerline","name":"Kura","name_alt":null,"rivernum":747,"note":null,"min_zoom":7.0,"name_en":"Kura","min_label":8.0},"bbox":[46.33839,40.779975,47.020112,40.934841],"geometry":{"type":"MultiLineString","coordinates":[[[46.33839,40.89997],[46.340017,40.899604],[46.351736,40.898871],[46.386485,40.901719],[46.4345,40.91059],[46.473725,40.91588],[46.568289,40.934841],[46.733165,40.921169],[46.787852,40.9112],[46.889415,40.875759],[46.967296,40.837958],[46.985606,40.827338],[47.000418,40.809638],[47.009369,40.793321],[47.020112,40.779975]]]}},{"type":"Feature","properties":{"dissolve":"747River","scalerank":8.0,"featurecla":"River","name":"Kura","name_alt":null,"rivernum":747,"note":null,"min_zoom":7.0,"name_en":"Kura","min_label":8.0},"bbox":[42.427257,39.350938,49.366791,42.054999],"geometry":{"type":"MultiLineString","coordinates":[[[43.288259,40.975287],[43.28297,40.947211],[43.305105,40.913438],[43.356619,40.858588],[43.372651,40.825873],[43.383311,40.815009],[43.401541,40.810818],[43.42571,40.816026],[43.435802,40.817003],[43.446381,40.814724],[43.453624,40.809272],[43.459483,40.802843],[43.466563,40.797797]],[[42.822276,40.920681],[42.809662,40.91824],[42.799734,40.910915],[42.791515,40.903144],[42.784679,40.899604],[42.763682,40.902289],[42.72405,40.913031],[42.699311,40.913845],[42.631277,40.901394],[42.607188,40.899604],[42.601085,40.904975],[42.595795,40.9289],[42.593191,40.934353],[42.491791,40.966498],[42.458507,40.970038],[42.44752,40.973944],[42.427257,40.983954],[42.456309,41.043769],[42.47405,41.071234],[42.49879,41.091905],[42.526378,41.103583],[42.64446,41.125312],[42.65504,41.125759],[42.681733,41.122667],[42.694916,41.122626],[42.707937,41.126288],[42.734874,41.144232],[42.784434,41.187567],[42.81308,41.203192],[42.835867,41.205878],[42.856375,41.19953],[42.895274,41.177314],[42.921967,41.172187],[42.976492,41.176134],[43.000987,41.1671],[43.029552,41.176459],[43.058116,41.173774],[43.085378,41.174831],[43.110281,41.195258],[43.158702,41.278144],[43.18214,41.300157],[43.200857,41.30976],[43.241628,41.321885],[43.260997,41.330878],[43.269216,41.338243],[43.276947,41.3546],[43.28297,41.363349],[43.291433,41.369167],[43.325125,41.376776],[43.316661,41.397895],[43.31544,41.4053],[43.316417,41.435981],[43.314138,41.44831],[43.288666,41.487006],[43.283132,41.499294],[43.280854,41.513454],[43.283214,41.52204],[43.292979,41.5362],[43.295177,41.547227],[43.260997,41.564317],[43.237885,41.581488],[43.226329,41.585395],[43.182546,41.577948],[43.171397,41.581326],[43.153331,41.595771],[43.141205,41.599066],[43.097179,41.599066],[43.089122,41.594428],[43.082937,41.587429],[43.074962,41.584418],[43.062429,41.59162],[43.055268,41.613105],[43.062104,41.641791],[43.076101,41.66946],[43.089854,41.687445],[43.122488,41.713446],[43.384532,41.852159],[43.479584,41.930243],[43.536225,41.967231],[43.609874,42.002021],[43.750987,42.049913],[43.78419,42.054999],[43.815847,42.050116],[43.908702,42.023505],[43.92392,42.021186],[43.939138,42.020453],[43.954845,42.022406],[43.985606,42.029853],[44.001231,42.031806],[44.03183,42.026801],[44.0831,41.998969],[44.110444,41.987901],[44.201264,41.981757],[44.231537,41.974555],[44.309825,41.934272],[44.339936,41.926622],[44.392589,41.920437],[44.438569,41.912624],[44.482432,41.899237],[44.524832,41.880072],[44.709972,41.834255],[44.740489,41.820095],[44.759532,41.796658],[44.760753,41.78738],[44.759532,41.76789],[44.761648,41.758897],[44.802826,41.700222],[44.813487,41.692165],[44.868744,41.66767],[44.870616,41.659613],[44.921641,41.644599],[44.935313,41.634101],[44.961029,41.595323],[44.966401,41.589423],[45.001475,41.577948],[45.011241,41.561876],[45.003917,41.531277],[45.011729,41.513454],[45.025157,41.497178],[45.033702,41.483181],[45.062918,41.420966],[45.069347,41.399604],[45.073497,41.390163],[45.080333,41.386176],[45.090831,41.383409],[45.095714,41.376288],[45.098399,41.343288],[45.102143,41.336534],[45.148692,41.302354],[45.168386,41.293524],[45.211925,41.285834],[45.252208,41.264838],[45.275808,41.256456],[45.388682,41.246527],[45.454031,41.229193],[45.488373,41.231309],[45.50172,41.229193],[45.511241,41.224718],[45.530284,41.211005],[45.532481,41.208075],[45.551768,41.201728],[45.561453,41.186469],[45.569265,41.16824],[45.583751,41.152777],[45.592703,41.15001],[45.615489,41.148464],[45.625255,41.146593],[45.660248,41.122992],[45.669688,41.11933],[45.694916,41.120876],[45.707937,41.120063],[45.717784,41.115912],[45.722667,41.106757],[45.72405,41.085639],[45.727631,41.077704],[45.749604,41.068793],[45.772065,41.069444],[45.789561,41.064887],[45.796641,41.039862],[45.806244,41.031033],[45.872325,41.009467],[45.906342,40.986151],[45.920177,40.982123],[45.931651,40.98432],[45.944916,40.989325],[45.958751,40.991645],[45.971609,40.985867],[45.999034,40.958197],[46.009858,40.952419],[46.016043,40.959296],[46.016043,40.971625],[46.009532,40.982123],[46.03183,40.990424],[46.046967,40.975857],[46.058849,40.954169],[46.070893,40.941189],[46.072032,40.944932],[46.080658,40.951972],[46.092865,40.958604],[46.104421,40.961615],[46.118256,40.957343],[46.136811,40.938585],[46.146007,40.934353],[46.154552,40.937567],[46.174897,40.951687],[46.187022,40.954779],[46.201264,40.950385],[46.226736,40.93122],[46.238536,40.926866],[46.259369,40.923692],[46.309093,40.90705],[46.340017,40.899604]],[[47.020112,40.779975],[47.023692,40.776068],[47.043712,40.76789],[47.051768,40.762559],[47.057872,40.755561],[47.058035,40.73786],[47.060639,40.726508],[47.068126,40.721462],[47.078136,40.716335],[47.073334,40.704657],[47.064138,40.692084],[47.06129,40.684149],[47.069021,40.677273],[47.076427,40.674506],[47.098725,40.673651],[47.10906,40.675116],[47.118175,40.678168],[47.127696,40.678982],[47.13974,40.673651],[47.145274,40.666693],[47.156179,40.644314],[47.156505,40.639472],[47.178152,40.640163],[47.189464,40.639228],[47.194347,40.636054],[47.192149,40.623236],[47.187429,40.613552],[47.182546,40.60574],[47.180105,40.598578],[47.180675,40.586453],[47.183197,40.580024],[47.194347,40.570624],[47.216889,40.557318],[47.228526,40.547675],[47.220144,40.536811],[47.218516,40.523871],[47.222179,40.514675],[47.231944,40.51911],[47.246186,40.533149],[47.255626,40.540391],[47.263276,40.54328],[47.281016,40.53323],[47.278331,40.514594],[47.272227,40.496649],[47.279796,40.488715],[47.291026,40.48546],[47.29892,40.478461],[47.304454,40.471381],[47.307628,40.468207],[47.31129,40.465928],[47.310802,40.456163],[47.314464,40.453925],[47.329845,40.453681],[47.341807,40.45543],[47.353119,40.45893],[47.360769,40.456651],[47.358897,40.440863],[47.352794,40.432969],[47.332286,40.42121],[47.324148,40.413601],[47.378184,40.398627],[47.386241,40.387559],[47.365733,40.36518],[47.384776,40.359442],[47.422455,40.363959],[47.434011,40.351508],[47.427826,40.343207],[47.423839,40.334337],[47.421479,40.324652],[47.420909,40.313992],[47.425873,40.315701],[47.43629,40.30683],[47.444916,40.2956],[47.444835,40.290066],[47.523936,40.282579],[47.516124,40.274359],[47.497488,40.268175],[47.489268,40.262152],[47.483979,40.254014],[47.48585,40.250515],[47.490896,40.247667],[47.496674,40.241645],[47.5171,40.208116],[47.54127,40.177924],[47.543875,40.172716],[47.559174,40.176785],[47.575857,40.187812],[47.59547,40.196723],[47.619558,40.194444],[47.628022,40.18891],[47.6338,40.17711],[47.640066,40.172716],[47.651866,40.172187],[47.660655,40.176459],[47.669526,40.178819],[47.681651,40.172716],[47.712413,40.202582],[47.724132,40.203192],[47.72877,40.176459],[47.73585,40.16352],[47.752208,40.159735],[47.770518,40.158555],[47.783295,40.15351],[47.784272,40.141425],[47.789643,40.116278],[47.801362,40.096747],[47.821544,40.101386],[47.831309,40.105496],[47.841889,40.103949],[47.852794,40.100287],[47.862804,40.098253],[47.870535,40.095038],[47.886974,40.081],[47.893158,40.077745],[47.899913,40.079657],[47.908783,40.088324],[47.91448,40.090847],[47.920502,40.090277],[47.930268,40.08572],[47.934825,40.084581],[47.951671,40.07807],[47.963634,40.07628],[47.969005,40.081163],[47.967865,40.102851],[47.968516,40.11404],[47.972097,40.122423],[47.982839,40.127061],[47.994884,40.122382],[48.006847,40.115017],[48.016856,40.111884],[48.03712,40.121772],[48.057221,40.135199],[48.072765,40.136054],[48.078868,40.108222],[48.086436,40.096544],[48.140391,40.070909],[48.149669,40.067979],[48.157725,40.067491],[48.16212,40.063422],[48.160737,40.049872],[48.193126,40.062323],[48.211518,40.065375],[48.229015,40.063503],[48.236501,40.060167],[48.245616,40.05447],[48.253184,40.047309],[48.259858,40.030951],[48.267996,40.033271],[48.280284,40.043647],[48.283946,40.044867],[48.289073,40.04739],[48.295828,40.049628],[48.30421,40.049872],[48.312266,40.045762],[48.320242,40.032294],[48.328298,40.029364],[48.36142,40.035183],[48.377208,40.035956],[48.393565,40.029364],[48.403901,40.037787],[48.413259,40.040595],[48.422944,40.039496],[48.4345,40.0362],[48.440359,40.03323],[48.449229,40.025092],[48.455577,40.022528],[48.466238,40.022162],[48.472341,40.024726],[48.477631,40.027777],[48.486095,40.029364],[48.504975,40.035671],[48.524099,40.050727],[48.558035,40.084581],[48.577891,40.09866],[48.591563,40.098741],[48.603038,40.089219],[48.61671,40.074327],[48.62794,40.0692],[48.640636,40.071072],[48.653412,40.075385],[48.664806,40.077745],[48.667572,40.075751],[48.668468,40.07099],[48.667898,40.06037],[48.668875,40.052273],[48.671479,40.051134],[48.67571,40.052029],[48.701427,40.041287],[48.724132,40.038113],[48.742768,40.033149],[48.750499,40.019477],[48.762299,40.015163],[48.819347,40.007758],[48.839285,40.002712],[48.87322,39.981553],[48.901866,39.95779],[48.904063,39.95364],[48.909434,39.950222],[48.916026,39.942003],[48.919932,39.931952],[48.917735,39.923285],[48.909434,39.910915],[48.909597,39.902167],[48.92571,39.879462],[48.937022,39.867255],[48.941661,39.858018],[48.942149,39.851671],[48.941173,39.832587],[48.941661,39.82453],[48.944835,39.816474],[48.953136,39.805609],[48.955333,39.796658],[48.952159,39.790066],[48.945893,39.782416],[48.941905,39.774197],[48.945323,39.765896],[48.976573,39.743191],[48.99171,39.728949],[48.993175,39.718085],[48.982351,39.703803],[48.968516,39.676215],[48.955333,39.666287],[48.990164,39.654079],[49.000092,39.642768],[49.003673,39.621527],[49.006928,39.6164],[49.014171,39.610297],[49.021414,39.60224],[49.024099,39.591173],[48.996837,39.570665],[48.996837,39.563829],[49.01295,39.55683],[49.021007,39.54739],[49.023855,39.534857],[49.024099,39.518866],[49.017833,39.502997],[48.989675,39.482245],[48.983165,39.470771],[49.001394,39.452419],[49.081147,39.444525],[49.099213,39.436957],[49.118663,39.426093],[49.243175,39.419867],[49.312999,39.395941],[49.346283,39.376288],[49.366791,39.350938]]]}},{"type":"Feature","properties":{"dissolve":"850River","scalerank":8.0,"featurecla":"River","name":"Talkeh","name_alt":null,"rivernum":850,"note":"Version 1.2 edit in N. America and Europe","min_zoom":7.0,"name_en":"Talkeh","min_label":8.0},"bbox":[45.755626,37.72724,47.797293,38.173651],"geometry":{"type":"MultiLineString","coordinates":[[[45.755626,37.72724],[45.803396,37.794623],[45.837169,37.828884],[45.882498,37.843329],[45.904552,37.842882],[45.923269,37.845649],[45.934337,37.857489],[45.933686,37.884223],[45.92921,37.890652],[45.911388,37.909491],[45.907481,37.917914],[45.90919,37.926215],[45.914154,37.932196],[45.922781,37.936103],[45.969656,37.948594],[45.996349,37.97252],[46.084402,38.016303],[46.093272,38.025214],[46.112885,38.055121],[46.129324,38.066474],[46.170177,38.076199],[46.187022,38.083523],[46.197846,38.093614],[46.209972,38.096951],[46.222748,38.0987],[46.235444,38.103949],[46.240164,38.109565],[46.245697,38.122992],[46.250255,38.128445],[46.256928,38.13113],[46.265636,38.131659],[46.274425,38.130683],[46.281668,38.128852],[46.295828,38.120144],[46.318289,38.094794],[46.332774,38.086859],[46.342865,38.086046],[46.353282,38.087836],[46.435802,38.125067],[46.461681,38.132432],[46.543386,38.142686],[46.584402,38.156277],[46.608409,38.159247],[46.779796,38.151801],[46.78655,38.154568],[46.802175,38.16767],[46.810802,38.172227],[46.82366,38.173651],[46.835948,38.171942],[46.85849,38.166042],[46.877859,38.164578],[46.904877,38.170478],[46.927419,38.172227],[46.946788,38.163682],[46.960216,38.143826],[46.975841,38.103949],[46.98878,38.084255],[47.002859,38.074083],[47.021414,38.07038],[47.071381,38.06741],[47.092459,38.061062],[47.132335,38.042548],[47.126069,38.042548],[47.142589,38.031765],[47.177989,38.000596],[47.190929,37.994086],[47.210541,37.987738],[47.248057,37.982001],[47.263276,37.97366],[47.293549,37.944648],[47.310802,37.935899],[47.335216,37.932685],[47.344819,37.929511],[47.364675,37.915391],[47.372569,37.912177],[47.383881,37.9112],[47.394623,37.908474],[47.404714,37.90412],[47.414073,37.898546],[47.427338,37.902615],[47.44101,37.895779],[47.454845,37.885281],[47.468761,37.878038],[47.520763,37.879584],[47.539561,37.893988],[47.575857,37.905544],[47.593679,37.91116],[47.618337,37.914008],[47.642589,37.919379],[47.665538,37.933132],[47.690522,37.951606],[47.743663,37.983913],[47.756765,37.998318],[47.767345,38.01435],[47.785248,38.0338],[47.797293,38.053249],[47.793224,38.069363],[47.780528,38.087917],[47.771495,38.113308],[47.765147,38.1435]]]}},{"type":"Feature","properties":{"dissolve":"85River","scalerank":3.0,"featurecla":"River","name":"Abay","name_alt":"Blue Nile","rivernum":85,"note":null,"min_zoom":3.0,"name_en":"Blue Nile","min_label":4.0},"bbox":[35.350841,9.842841,38.52589,11.633979],"geometry":{"type":"MultiLineString","coordinates":[[[37.386729,11.633979],[37.390391,11.621202],[37.38795,11.585964],[37.388764,11.570176],[37.3956,11.549831],[37.404389,11.546902],[37.41627,11.547919],[37.445893,11.533311],[37.473155,11.534206],[37.501475,11.51793],[37.601654,11.495225],[37.614675,11.488227],[37.65504,11.436713],[37.662608,11.407579],[37.681082,11.378607],[37.743582,11.312771],[37.764903,11.296454],[37.78004,11.280056],[37.785818,11.275946],[37.795909,11.272895],[37.816905,11.269232],[37.826915,11.265408],[37.840261,11.256659],[37.871349,11.224148],[37.877696,11.220771],[37.885834,11.219916],[37.902354,11.220771],[37.91155,11.218817],[37.923106,11.209825],[37.930105,11.207099],[37.94752,11.20657],[37.961681,11.207953],[37.975352,11.207221],[37.991466,11.200263],[38.023204,11.179796],[38.038259,11.174628],[38.067882,11.171983],[38.086355,11.166287],[38.094168,11.162706],[38.104747,11.159613],[38.113373,11.1612],[38.122081,11.164374],[38.131928,11.166083],[38.149832,11.16413],[38.179861,11.154649],[38.196869,11.151801],[38.200776,11.153022],[38.213634,11.162706],[38.218679,11.16531],[38.222179,11.163601],[38.225678,11.160509],[38.230968,11.159247],[38.258311,11.159247],[38.279877,11.155463],[38.295421,11.150458],[38.327159,11.131944],[38.364757,11.098171],[38.37558,11.090399],[38.39088,11.089423],[38.413585,11.09101],[38.434337,11.089789],[38.443289,11.08043],[38.447765,11.067084],[38.458507,11.051134],[38.481863,11.025824],[38.488862,11.013495],[38.49171,10.996202],[38.49171,10.963731],[38.496023,10.948757],[38.51474,10.922065],[38.519054,10.905788],[38.516205,10.88642],[38.505382,10.850653],[38.505382,10.830919],[38.510753,10.815456],[38.524425,10.791531],[38.52589,10.775702],[38.523692,10.769802],[38.515147,10.75491],[38.512218,10.747748],[38.511322,10.741482],[38.513194,10.692084],[38.51116,10.680609],[38.505382,10.665839],[38.475352,10.623969],[38.471283,10.607489],[38.468028,10.546169],[38.470632,10.513983],[38.488862,10.477078],[38.47934,10.449001],[38.481863,10.43244],[38.48642,10.416938],[38.489268,10.386176],[38.497976,10.370958],[38.488048,10.363227],[38.482921,10.353787],[38.456309,10.245876],[38.450125,10.234442],[38.44101,10.226996],[38.432058,10.223497],[38.426362,10.217841],[38.427419,10.20364],[38.433686,10.182969],[38.435069,10.172553],[38.433035,10.161485],[38.418712,10.142117],[38.396495,10.131171],[38.371023,10.126899],[38.347097,10.12755],[38.321544,10.134141],[38.311534,10.134304],[38.301768,10.13227],[38.274506,10.122382],[38.246186,10.116523],[38.237804,10.111151],[38.234467,10.107001],[38.227143,10.088162],[38.225352,10.085232],[38.200206,10.060574],[38.192312,10.055447],[38.182872,10.051052],[38.123057,10.03559],[37.981212,9.969591],[37.934825,9.936957],[37.925304,9.933295],[37.907237,9.932074],[37.897553,9.930447],[37.890391,9.92654],[37.884776,9.920681],[37.875499,9.907497],[37.866954,9.898627],[37.79599,9.859402],[37.786632,9.857001],[37.778738,9.857978],[37.771007,9.860297],[37.762136,9.861762],[37.747081,9.858466],[37.718761,9.843695],[37.702891,9.842841],[37.609304,9.911892],[37.594249,9.929389],[37.589285,9.941718],[37.56544,9.968329],[37.545421,9.996161],[37.531342,10.0067],[37.435964,10.048407],[37.402273,10.058539],[37.367686,10.062567],[37.352794,10.057156],[37.347911,10.044501],[37.34433,10.029853],[37.333507,10.018419],[37.323009,10.017157],[37.314708,10.021837],[37.308035,10.030097],[37.303152,10.039252],[37.299571,10.050727],[37.299083,10.072537],[37.297455,10.084499],[37.289154,10.094591],[37.273936,10.101915],[37.256847,10.106065],[37.243582,10.106553],[37.231537,10.103949],[37.225678,10.103542],[37.219493,10.104844],[37.209972,10.110216],[37.186046,10.134548],[37.172944,10.16828],[37.184581,10.198757],[37.199636,10.227078],[37.1963,10.25434],[37.181082,10.261542],[37.11378,10.261746],[37.094249,10.2685],[37.07545,10.279364],[37.046153,10.302761],[36.90211,10.330024],[36.861339,10.34455],[36.840912,10.348944],[36.794363,10.351752],[36.783783,10.354438],[36.774425,10.35932],[36.768077,10.365546],[36.762706,10.372097],[36.756765,10.376654],[36.748057,10.377143],[36.723725,10.370185],[36.714447,10.369656],[36.600352,10.379991],[36.554291,10.37934],[36.534434,10.386664],[36.520925,10.405951],[36.51946,10.423448],[36.52239,10.441352],[36.522065,10.458279],[36.511729,10.472846],[36.500418,10.477159],[36.48935,10.475409],[36.439952,10.452094],[36.432709,10.446397],[36.429698,10.437771],[36.430919,10.402777],[36.427013,10.388983],[36.418224,10.381659],[36.393321,10.373806],[36.381114,10.365424],[36.373464,10.35338],[36.361501,10.326606],[36.345225,10.3039],[36.341401,10.295193],[36.339936,10.286648],[36.340017,10.279364],[36.342784,10.256049],[36.342296,10.248074],[36.34075,10.24018],[36.33839,10.232774],[36.333263,10.224473],[36.319835,10.214545],[36.313569,10.207587],[36.304861,10.189236],[36.288503,10.165839],[36.282807,10.160956],[36.265391,10.150173],[36.246349,10.14171],[36.226573,10.137152],[36.206309,10.137519],[36.154552,10.150987],[36.138601,10.151964],[36.126557,10.148871],[36.104015,10.138617],[36.091319,10.136501],[36.0796,10.139024],[36.056163,10.149441],[36.044932,10.150417],[36.039073,10.147569],[36.029226,10.138007],[36.023041,10.134548],[36.015066,10.132595],[36.010834,10.132188],[36.006847,10.132595],[36.003347,10.133979],[35.998546,10.138129],[35.995697,10.139594],[35.98878,10.139716],[35.979421,10.137641],[35.970144,10.134467],[35.963634,10.131171],[35.958507,10.126654],[35.947195,10.109442],[35.942882,10.104682],[35.928722,10.093533],[35.924734,10.086982],[35.923106,10.08039],[35.92213,10.066107],[35.911225,10.044949],[35.88974,10.031073],[35.864187,10.023627],[35.840017,10.021552],[35.819021,10.02615],[35.795909,10.044704],[35.747488,10.054755],[35.736827,10.05447],[35.727631,10.048936],[35.723725,10.039578],[35.723888,10.028428],[35.726492,10.018093],[35.736095,9.995551],[35.736827,9.984402],[35.729015,9.975653],[35.720225,9.972602],[35.691173,9.967475],[35.677013,9.962958],[35.670421,9.963202],[35.663992,9.967149],[35.659434,9.972927],[35.650401,9.993598],[35.640554,10.006619],[35.628022,10.016547],[35.61378,10.02379],[35.590017,10.032742],[35.569916,10.050116],[35.505951,10.089871],[35.49586,10.10696],[35.477306,10.116645],[35.441661,10.130805],[35.433035,10.123562],[35.415538,10.115505],[35.408132,10.110297],[35.398041,10.116563],[35.37672,10.125352],[35.367198,10.130805],[35.361339,10.135565],[35.357026,10.140082],[35.350841,10.149115]]]}},{"type":"Feature","properties":{"dissolve":"867River","scalerank":8.0,"featurecla":"River","name":"Byk Menderes","name_alt":null,"rivernum":867,"note":null,"min_zoom":7.0,"name_en":"Byk Menderes","min_label":8.0},"bbox":[27.182058,37.48017,30.48406,38.35871],"geometry":{"type":"MultiLineString","coordinates":[[[30.480398,38.35871],[30.48406,38.318956],[30.481049,38.285509],[30.468761,38.261176],[30.453868,38.244086],[30.434825,38.215196],[30.417247,38.204454],[30.395274,38.199001],[30.374441,38.198594],[30.355479,38.194037],[30.337983,38.177761],[30.31837,38.159288],[30.292735,38.146104],[30.26767,38.140489],[30.249278,38.139757],[30.23821,38.134833],[30.223074,38.103135],[30.211192,38.097439],[30.195323,38.095567],[30.163585,38.084988],[30.153819,38.089464],[30.144623,38.098171],[30.114187,38.112657],[30.094493,38.127061],[30.076589,38.146837],[30.052419,38.186306],[30.041026,38.197048],[30.026134,38.19949],[29.987071,38.194159],[29.967784,38.195421],[29.949799,38.203437],[29.932872,38.2178],[29.899913,38.228705],[29.843028,38.236192],[29.783621,38.228054],[29.740977,38.214545],[29.716563,38.204128],[29.688894,38.207831],[29.651378,38.178656],[29.586192,38.146267],[29.569021,38.129747],[29.557221,38.115261],[29.483897,38.076199],[29.457774,38.069648],[29.438243,38.081488],[29.429291,38.105292],[29.425548,38.150824],[29.410167,38.176866],[29.391124,38.196723],[29.348237,38.219835],[29.336029,38.218044],[29.311941,38.231309],[29.298757,38.226874],[29.284923,38.220771],[29.252208,38.212185],[29.223562,38.213202],[29.216726,38.205919],[29.204682,38.170966],[29.198253,38.159003],[29.182058,38.150458],[29.164561,38.149522],[29.129161,38.152899],[29.08839,38.15058],[29.069021,38.14411],[29.058604,38.12995],[29.036143,38.118272],[29.011811,38.103583],[29.000499,38.094591],[28.990245,38.084052],[28.984955,38.075873],[28.978119,38.057481],[28.974132,38.049831],[28.960704,38.033555],[28.957042,38.025824],[28.954356,37.994412],[28.955007,37.988634],[28.957612,37.9831],[28.961355,37.978827],[28.963634,37.974189],[28.962657,37.967475],[28.95574,37.96015],[28.944591,37.955146],[28.898692,37.945665],[28.876475,37.947455],[28.831309,37.959499],[28.785818,37.966376],[28.739513,37.966905],[28.71282,37.96369],[28.689708,37.955349],[28.668386,37.942572],[28.647716,37.926378],[28.630951,37.91706],[28.383556,37.887071],[28.346772,37.889838],[28.304861,37.898505],[28.284597,37.898871],[28.186697,37.873725],[28.171886,37.867051],[28.160574,37.859727],[28.148855,37.855902],[28.132091,37.859727],[28.129405,37.861843],[28.124604,37.867743],[28.121186,37.870063],[28.116791,37.870876],[28.067556,37.868028],[28.056407,37.865017],[28.038259,37.859931],[28.02239,37.857937],[27.952891,37.86168],[27.935476,37.858588],[27.921153,37.851426],[27.90683,37.836493],[27.901134,37.831855],[27.894623,37.82864],[27.879649,37.82331],[27.823171,37.791856],[27.789643,37.783393],[27.671479,37.805772],[27.659679,37.81037],[27.649099,37.807563],[27.636485,37.788682],[27.622488,37.793809],[27.615815,37.797553],[27.609874,37.802314],[27.615977,37.809149],[27.597341,37.805691],[27.55128,37.802191],[27.534109,37.796169],[27.534109,37.788682],[27.551199,37.782416],[27.532319,37.778388],[27.486339,37.774441],[27.485037,37.766181],[27.484386,37.735785],[27.483165,37.730333],[27.485769,37.722113],[27.475515,37.708116],[27.480072,37.699286],[27.46575,37.686306],[27.467865,37.684597],[27.469819,37.68476],[27.471609,37.683905],[27.472667,37.678819],[27.46575,37.678819],[27.46575,37.672634],[27.480479,37.666531],[27.486095,37.65705],[27.486908,37.645779],[27.486339,37.634467],[27.477468,37.627875],[27.424815,37.617377],[27.424815,37.610541],[27.431163,37.609931],[27.444753,37.604315],[27.426524,37.594062],[27.408376,37.580878],[27.388194,37.570665],[27.362804,37.569607],[27.370209,37.562771],[27.366466,37.561835],[27.36378,37.561876],[27.362559,37.560655],[27.362804,37.555935],[27.375987,37.549384],[27.371837,37.544867],[27.359874,37.542182],[27.34905,37.541612],[27.337332,37.544542],[27.311046,37.554714],[27.30071,37.555935],[27.289317,37.551581],[27.268077,37.538845],[27.25294,37.535468],[27.249278,37.537421],[27.242442,37.54682],[27.239187,37.549099],[27.233897,37.548122],[27.227061,37.542833],[27.212169,37.538438],[27.206472,37.540107],[27.201915,37.540391],[27.190847,37.541612],[27.189057,37.544745],[27.187022,37.546902],[27.184662,37.548122],[27.182058,37.548774]],[[27.28004,37.545356],[27.27825,37.53323],[27.257742,37.52558],[27.231537,37.521064],[27.211925,37.51496],[27.216401,37.512519],[27.216726,37.511583],[27.218761,37.508124],[27.207286,37.505886],[27.199718,37.498969],[27.194753,37.489691],[27.190847,37.48017]]]}},{"type":"Feature","properties":{"dissolve":"878River","scalerank":8.0,"featurecla":"River","name":"Harirud","name_alt":null,"rivernum":878,"note":null,"min_zoom":7.0,"name_en":"Harirud","min_label":8.0},"bbox":[60.132498,34.251492,66.611908,38.110867],"geometry":{"type":"MultiLineString","coordinates":[[[66.611908,34.62995],[66.516856,34.621894],[66.498464,34.615749],[66.478445,34.625596],[66.47169,34.62995],[66.460948,34.624701],[66.450694,34.62995],[66.430756,34.623847],[66.408214,34.632107],[66.390066,34.646796],[66.382335,34.660102],[66.37086,34.670437],[66.344737,34.673163],[66.232432,34.664008],[66.171641,34.648383],[66.12851,34.636827],[66.109386,34.628933],[66.071707,34.606716],[66.056733,34.602078],[65.926687,34.599473],[65.791515,34.55744],[65.785818,34.554267],[65.763927,34.561591],[65.740489,34.560818],[65.69044,34.55211],[65.669932,34.542751],[65.658946,34.540635],[65.647472,34.543809],[65.641368,34.551459],[65.636485,34.560736],[65.628184,34.568549],[65.583995,34.575385],[65.495128,34.540107],[65.450125,34.5338],[65.322765,34.549343],[65.077647,34.518256],[65.064871,34.514919],[65.052175,34.505886],[65.058849,34.488227],[65.045502,34.480536],[64.858897,34.463935],[64.783702,34.437852],[64.737397,34.430772],[64.566173,34.430772],[64.557058,34.427273],[64.532156,34.410264],[64.521414,34.408962],[64.421153,34.407904],[64.358897,34.393337],[64.28183,34.389757],[64.270763,34.387885],[64.24822,34.378933],[64.237315,34.376166],[64.224376,34.376532],[64.202159,34.381944],[64.189464,34.382351],[64.17864,34.379462],[64.163097,34.371039],[63.954845,34.353787],[63.941335,34.354682],[63.922944,34.363064],[63.913585,34.35932],[63.903819,34.352891],[63.893484,34.348822],[63.847585,34.348822],[63.802175,34.341376],[63.754405,34.348822],[63.717052,34.341498],[63.613373,34.348822],[63.603119,34.350938],[63.586192,34.360378],[63.575857,34.362494],[63.538259,34.362494],[63.403412,34.389838],[63.375662,34.392157],[63.277924,34.383816],[63.262218,34.386827],[63.230724,34.398017],[63.204519,34.402777],[63.183116,34.398139],[63.117605,34.35517],[63.038097,34.320909],[62.978933,34.285671],[62.965831,34.280544],[62.943126,34.277126],[62.926036,34.268988],[62.910818,34.25963],[62.894054,34.252631],[62.866628,34.251492],[62.843761,34.258979],[62.822765,34.268419],[62.626964,34.299384],[62.417247,34.291287],[62.379975,34.277533],[62.35963,34.273057],[62.307872,34.270535],[62.257091,34.274115],[62.209727,34.285753],[62.167979,34.307888],[62.131114,34.294257],[62.083995,34.29446],[62.03769,34.302843],[62.003429,34.314073],[61.983816,34.326768],[61.948985,34.356635],[61.931082,34.362494],[61.908132,34.364203],[61.867768,34.372829],[61.821218,34.377387],[61.75294,34.376166],[61.72934,34.378445],[61.688975,34.390448],[61.535085,34.4171],[61.431733,34.462592],[61.402843,34.482001],[61.379649,34.505886],[61.362885,34.536322],[61.355724,34.540635],[61.344737,34.543972],[61.339447,34.551825],[61.336029,34.561103],[61.330577,34.568549],[61.312429,34.575873],[61.289968,34.581366],[61.271007,34.589667],[61.254405,34.625922],[61.235606,34.635688],[61.216807,34.640652],[61.208263,34.646796],[61.196381,34.646999],[61.129161,34.677191],[61.119721,34.685411],[61.112234,34.704657],[61.107026,34.726589],[61.105235,34.742987],[61.10019,34.756049],[61.064952,34.815009],[61.073009,34.847968],[61.077403,34.883246],[61.076589,34.891954],[61.072195,34.91059],[61.071218,34.920762],[61.074311,34.933376],[61.08839,34.952216],[61.091563,34.961737],[61.094819,34.981228],[61.109467,35.018744],[61.115326,35.060126],[61.122651,35.074408],[61.146658,35.102362],[61.136241,35.111396],[61.134776,35.119656],[61.137462,35.128526],[61.139415,35.139919],[61.136648,35.144232],[61.101085,35.183458],[61.095795,35.193427],[61.101736,35.197943],[61.111908,35.202257],[61.112315,35.211941],[61.107432,35.221503],[61.101736,35.225857],[61.101085,35.235622],[61.102061,35.256903],[61.107921,35.278266],[61.122325,35.287909],[61.143565,35.288357],[61.16741,35.291612],[61.186615,35.300605],[61.194591,35.318386],[61.189952,35.369818],[61.194591,35.390326],[61.200287,35.401435],[61.221283,35.424506],[61.22698,35.43476],[61.235606,35.466091],[61.246593,35.485297],[61.27003,35.508653],[61.283376,35.527452],[61.289561,35.548367],[61.28712,35.568468],[61.276541,35.609442],[61.244884,35.649522],[61.231375,35.672146],[61.22877,35.698798],[61.232677,35.704861],[61.246349,35.715766],[61.249278,35.722724],[61.248546,35.740424],[61.249278,35.745958],[61.25587,35.769721],[61.255626,35.779608],[61.249278,35.786933],[61.255789,35.809394],[61.254975,35.825629],[61.251394,35.840644],[61.247,35.87641],[61.240652,35.89411],[61.231619,35.910915],[61.221283,35.92475],[61.205333,35.940782],[61.187918,35.953803],[61.167572,35.96251],[61.143077,35.965684],[61.129405,35.970771],[61.14088,35.982611],[61.161225,35.996202],[61.173595,36.006659],[61.174246,36.016059],[61.170502,36.0362],[61.173595,36.048285],[61.179779,36.053005],[61.189138,36.055976],[61.197765,36.060981],[61.201427,36.071845],[61.201915,36.081],[61.203624,36.090766],[61.206716,36.099718],[61.211681,36.106635],[61.222179,36.117743],[61.224213,36.123887],[61.222585,36.129014],[61.2199,36.159206],[61.205007,36.2213],[61.19044,36.240831],[61.187266,36.250596],[61.186697,36.273749],[61.185069,36.284206],[61.181082,36.294704],[61.17685,36.300605],[61.170665,36.306667],[61.16269,36.311835],[61.153087,36.315212],[61.155691,36.322089],[61.157237,36.324897],[61.160574,36.328884],[61.146088,36.357489],[61.151947,36.406521],[61.173595,36.487128],[61.167491,36.502021],[61.165701,36.514024],[61.170177,36.524685],[61.176362,36.532253],[61.181733,36.541856],[61.185802,36.553046],[61.187266,36.565294],[61.185557,36.577908],[61.181733,36.587104],[61.173595,36.602566],[61.164561,36.639472],[61.160574,36.650946],[61.15325,36.664578],[61.14796,36.669135],[61.139415,36.671454],[61.142507,36.675645],[61.144054,36.679226],[61.146658,36.682237],[61.153087,36.685126],[61.153087,36.692572],[61.14267,36.69184],[61.1338,36.693874],[61.125662,36.698594],[61.118907,36.706163],[61.124766,36.726996],[61.084727,36.808621],[61.060313,36.814236],[61.028819,36.842108],[60.997976,36.863389],[60.975597,36.849555],[60.970307,36.854763],[60.965912,36.855821],[60.961029,36.85574],[60.955089,36.857001],[60.893565,36.911648],[60.876557,36.939399],[60.86907,36.955878],[60.865733,36.97309],[60.797374,37.021511],[60.772878,37.052191],[60.762299,37.074327],[60.766368,37.092882],[60.7706,37.103542],[60.766368,37.113552],[60.75587,37.127021],[60.751475,37.128974],[60.728526,37.158718],[60.701182,37.18537],[60.698334,37.190701],[60.696056,37.202704],[60.694347,37.206488],[60.68808,37.210517],[60.676036,37.213324],[60.670421,37.216742],[60.654063,37.237087],[60.649669,37.240017],[60.633311,37.239691],[60.628835,37.241034],[60.627045,37.247178],[60.619233,37.261746],[60.618256,37.266181],[60.619884,37.277533],[60.619233,37.282172],[60.601654,37.287055],[60.598155,37.288398],[60.587983,37.320014],[60.587006,37.333075],[60.580007,37.343533],[60.571788,37.353095],[60.567149,37.357286],[60.556733,37.361884],[60.552257,37.372382],[60.549734,37.390815],[60.542735,37.401435],[60.537364,37.406765],[60.522472,37.418158],[60.504324,37.442328],[60.499522,37.446072],[60.49171,37.455675],[60.498057,37.477484],[60.515636,37.51496],[60.516531,37.53616],[60.512299,37.555284],[60.503998,37.572211],[60.487641,37.593451],[60.484304,37.60224],[60.482677,37.61164],[60.482188,37.620795],[60.47877,37.628119],[60.454682,37.658311],[60.420502,37.723944],[60.410085,37.733466],[60.394949,37.741319],[60.380382,37.759589],[60.337901,37.826239],[60.332937,37.842353],[60.3296,37.883653],[60.324962,37.902126],[60.318614,37.919542],[60.311453,37.932685],[60.281993,37.957831],[60.268158,37.97252],[60.262462,37.991034],[60.254893,38.005561],[60.143891,38.091173],[60.132498,38.110867]]]}},{"type":"Feature","properties":{"dissolve":"880River","scalerank":8.0,"featurecla":"River","name":"Zarafshon","name_alt":null,"rivernum":880,"note":null,"min_zoom":7.0,"name_en":"Zarafshon","min_label":8.0},"bbox":[63.668061,39.10456,70.471202,40.190701],"geometry":{"type":"MultiLineString","coordinates":[[[70.471202,39.471055],[70.329031,39.447821],[70.278738,39.450629],[70.15683,39.481024],[70.114268,39.484158],[70.085541,39.480292],[70.057628,39.47252],[69.993256,39.451361],[69.961518,39.44656],[69.929861,39.450629],[69.853119,39.471259],[69.809825,39.477729],[69.765391,39.477891],[69.381847,39.429511],[68.928722,39.423285],[68.910411,39.419623],[68.866303,39.398261],[68.851003,39.392035],[68.8331,39.388536],[68.685557,39.411404],[68.654877,39.402167],[68.654877,39.409613],[68.587006,39.407172],[68.566335,39.409613],[68.546886,39.42003],[68.528575,39.43537],[68.513601,39.453192],[68.504161,39.471055],[68.485769,39.463813],[68.476736,39.46365],[68.469493,39.467149],[68.456472,39.471055],[68.442393,39.472032],[68.433116,39.47016],[68.423269,39.466986],[68.40797,39.464219],[68.360281,39.464219],[68.312999,39.457465],[68.214366,39.478339],[68.161388,39.480577],[68.127452,39.457465],[68.119721,39.464219],[68.108979,39.468451],[68.096283,39.470526],[68.082612,39.471055],[68.0713,39.4737],[68.055431,39.486436],[68.045502,39.491563],[68.03004,39.493842],[67.979584,39.491563],[67.974132,39.492784],[67.96339,39.497829],[67.956065,39.498399],[67.949962,39.495958],[67.935069,39.486518],[67.929454,39.484158],[67.905772,39.485134],[67.848237,39.49787],[67.825694,39.505886],[67.791596,39.529324],[67.780772,39.532538],[67.765636,39.530341],[67.751394,39.526638],[67.737397,39.525824],[67.723399,39.532538],[67.716563,39.525702],[67.676524,39.536444],[67.587169,39.516872],[67.544526,39.518866],[67.492198,39.535956],[67.438731,39.543565],[67.428396,39.54682],[67.403087,39.56448],[67.397065,39.567328],[67.356212,39.574774],[67.27825,39.607611],[67.217052,39.618842],[67.1692,39.635199],[67.146414,39.638983],[67.124034,39.645331],[67.083507,39.673692],[67.060802,39.680487],[67.013682,39.726386],[66.982839,39.742499],[66.937266,39.790351],[66.904714,39.804226],[66.8956,39.810248],[66.889578,39.81977],[66.878835,39.844835],[66.872081,39.854926],[66.864757,39.859158],[66.838959,39.869574],[66.83074,39.87169],[66.830333,39.875596],[66.804861,39.891221],[66.800141,39.892849],[66.794932,39.902126],[66.790294,39.920274],[66.785737,39.926947],[66.775401,39.931179],[66.751475,39.932807],[66.734304,39.939643],[66.691417,39.950141],[66.656179,39.967882],[66.587576,39.976142],[66.552664,39.994086],[66.477957,39.995225],[66.23463,40.043647],[66.104503,40.052843],[65.878429,40.015692],[65.835948,40.022325],[65.792735,40.043647],[65.771658,40.038275],[65.752208,40.046007],[65.733328,40.057563],[65.692556,40.068712],[65.677013,40.081407],[65.648692,40.111884],[65.588145,40.14289],[65.553396,40.167182],[65.447846,40.190701],[65.425304,40.188788],[65.405691,40.176459],[65.389171,40.169501],[65.336925,40.165839],[65.319753,40.166571],[65.257335,40.178412],[65.024669,40.190538],[64.915945,40.161241],[64.845144,40.159003],[64.829682,40.149482],[64.782319,40.075263],[64.768565,40.06037],[64.750906,40.04739],[64.732921,40.037624],[64.61435,39.995795],[64.576752,39.97248],[64.557058,39.969021],[64.500662,39.976752],[64.452647,39.974718],[64.445811,39.971869],[64.441498,39.965399],[64.438731,39.958279],[64.435964,39.95364],[64.428396,39.949734],[64.387462,39.933458],[64.356944,39.914578],[64.333507,39.892117],[64.330577,39.887234],[64.326671,39.878526],[64.324474,39.869452],[64.323822,39.853787],[64.319265,39.845038],[64.316417,39.826361],[64.304698,39.813096],[64.274994,39.793524],[64.267345,39.784776],[64.261974,39.776964],[64.254812,39.77143],[64.234955,39.767768],[64.203136,39.755683],[64.198171,39.751085],[64.19394,39.739814],[64.189464,39.735175],[64.184825,39.734239],[64.173757,39.735785],[64.168956,39.735175],[64.118175,39.709296],[64.082449,39.682969],[64.008718,39.648505],[63.987071,39.645819],[63.969249,39.638983],[63.956472,39.622626],[63.944428,39.602362],[63.928722,39.584337],[63.919688,39.578884],[63.893484,39.570665],[63.858897,39.547065],[63.832123,39.535468],[63.831635,39.516669],[63.841563,39.493964],[63.85377,39.474473],[63.866466,39.459906],[63.894054,39.436387],[63.907644,39.419867],[63.91505,39.407823],[63.91684,39.401964],[63.91505,39.385077],[63.913097,39.375312],[63.909109,39.365424],[63.907237,39.355902],[63.927664,39.317165],[63.915701,39.290229],[63.887299,39.268988],[63.761322,39.213894],[63.733897,39.207587],[63.713634,39.206366],[63.697276,39.201036],[63.686453,39.189521],[63.680186,39.150214],[63.670421,39.120917],[63.668061,39.10456]]]}},{"type":"Feature","properties":{"dissolve":"911River","scalerank":8.0,"featurecla":"River","name":"Aras","name_alt":null,"rivernum":911,"note":null,"min_zoom":7.0,"name_en":"Aras","min_label":8.0},"bbox":[43.466563,38.862901,48.468761,40.797797],"geometry":{"type":"MultiLineString","coordinates":[[[43.466563,40.797797],[43.476573,40.794745],[43.496674,40.792792],[43.507416,40.790351],[43.512706,40.789822],[43.524343,40.791205],[43.529307,40.790351],[43.530772,40.785997],[43.53004,40.77912],[43.531261,40.77265],[43.538585,40.769843],[43.5442,40.76557],[43.55364,40.746853],[43.559093,40.742499],[43.570323,40.741278],[43.577159,40.738064],[43.582612,40.733588],[43.590017,40.728868],[43.642996,40.710028],[43.65211,40.704657],[43.654063,40.693671],[43.663097,40.680935],[43.668549,40.658759],[43.676687,40.654079],[43.686046,40.651638],[43.693777,40.646918],[43.697276,40.640204],[43.706635,40.612169],[43.664236,40.574286],[43.650971,40.553656],[43.65211,40.529608],[43.646007,40.533271],[43.641612,40.534613],[43.637218,40.535346],[43.630951,40.537055],[43.634044,40.533026],[43.635753,40.529975],[43.638438,40.522773],[43.614838,40.520616],[43.593272,40.509223],[43.559093,40.478095],[43.56308,40.464911],[43.584402,40.446845],[43.624766,40.420437],[43.624766,40.413601],[43.609304,40.373236],[43.600597,40.362087],[43.593761,40.34573],[43.604015,40.330024],[43.630951,40.310492],[43.675548,40.266181],[43.690929,40.238837],[43.672537,40.227973],[43.683197,40.210313],[43.714447,40.180935],[43.720876,40.169623],[43.711355,40.156684],[43.665945,40.149197],[43.65211,40.139228],[43.664968,40.110378],[43.710704,40.09101],[43.802257,40.070909],[43.911632,40.024522],[44.031993,40.008857],[44.047862,40.013129],[44.082774,40.031806],[44.104015,40.0362],[44.11378,40.034125],[44.126475,40.024726],[44.134939,40.022528],[44.145518,40.023627],[44.165945,40.028266],[44.194591,40.031033],[44.254812,40.043647],[44.288585,40.043647],[44.325287,40.034857],[44.463878,39.97252],[44.521576,39.933783],[44.547455,39.911689],[44.558604,39.897162],[44.563243,39.881944],[44.566987,39.873318],[44.57545,39.866645],[44.590587,39.858018],[44.593761,39.848253],[44.594168,39.837104],[44.597667,39.831244],[44.611095,39.837592],[44.647227,39.805365],[44.665701,39.796658],[44.670665,39.796088],[44.681895,39.797431],[44.686697,39.796658],[44.691498,39.79328],[44.697358,39.785509],[44.758718,39.723334],[44.783702,39.690497],[44.795421,39.652655],[44.809174,39.637152],[44.827403,39.629014],[44.848725,39.625841],[44.871837,39.625312],[44.868744,39.620795],[44.864838,39.617865],[44.885997,39.606147],[44.89796,39.58454],[44.927989,39.488471],[44.940196,39.468288],[44.961029,39.453966],[44.952891,39.441921],[44.956635,39.43476],[44.982026,39.420356],[44.987315,39.419542],[44.998057,39.419867],[45.005951,39.418158],[45.009532,39.414252],[45.011729,39.409735],[45.015147,39.406195],[45.051199,39.387071],[45.056651,39.382025],[45.060069,39.374823],[45.068126,39.364447],[45.078298,39.355048],[45.087413,39.350938],[45.095632,39.341335],[45.119884,39.29914],[45.128429,39.289496],[45.135346,39.278754],[45.145763,39.228949],[45.152354,39.213813],[45.178396,39.220079],[45.282644,39.193305],[45.285167,39.195176],[45.292084,39.198839],[45.30128,39.201606],[45.310557,39.200751],[45.313406,39.194444],[45.310802,39.185085],[45.310557,39.17654],[45.320567,39.172797],[45.334483,39.1706],[45.347748,39.16413],[45.353445,39.153388],[45.344737,39.138699],[45.351492,39.128526],[45.360037,39.123481],[45.369395,39.119208],[45.378917,39.111396],[45.382904,39.103542],[45.39088,39.081977],[45.395925,39.073513],[45.405365,39.068142],[45.429291,39.059678],[45.434093,39.053046],[45.432058,39.04267],[45.427745,39.034288],[45.424815,39.025906],[45.426687,39.015163],[45.438243,39.004462],[45.459402,38.993354],[45.482026,38.984565],[45.509776,38.978868],[45.530528,38.969509],[45.542735,38.967353],[45.570323,38.96662],[45.627371,38.955756],[45.716401,38.955024],[45.790701,38.932318],[46.001475,38.897732],[46.067475,38.874335],[46.12558,38.862901],[46.202078,38.870714],[46.219656,38.877387],[46.271495,38.906806],[46.290701,38.91413],[46.303966,38.916531],[46.342865,38.917751],[46.367117,38.923896],[46.377859,38.924994],[46.391368,38.922553],[46.495616,38.886298],[46.513601,38.882392],[46.531749,38.883246],[46.553152,38.890082],[46.569347,38.898017],[46.58489,38.907904],[46.598725,38.919949],[46.610037,38.93419],[46.638438,38.979682],[46.651785,38.993191],[46.669932,39.005194],[46.727957,39.028184],[46.744395,39.040473],[46.761241,39.070868],[46.773204,39.085639],[46.781016,39.090603],[46.797537,39.097602],[46.805593,39.102607],[46.81129,39.10871],[46.837006,39.143419],[46.850515,39.155829],[46.865733,39.165595],[46.882416,39.171698],[46.898367,39.171942],[46.926036,39.162299],[46.941173,39.159125],[46.953298,39.160915],[47.02003,39.190212],[47.030284,39.199815],[47.035655,39.207302],[47.052419,39.245185],[47.088471,39.290107],[47.091889,39.300076],[47.101736,39.308661],[47.149669,39.331366],[47.249278,39.361518],[47.290701,39.379828],[47.324148,39.406195],[47.37379,39.455756],[47.406505,39.476996],[47.448253,39.49494],[47.518321,39.513454],[47.540619,39.515448],[47.55364,39.522244],[47.606537,39.563829],[47.744884,39.62405],[47.803315,39.670193],[47.822683,39.680609],[47.846446,39.685492],[47.922455,39.684394],[47.934825,39.686713],[47.945242,39.694159],[47.962576,39.714423],[47.97519,39.721503],[47.975678,39.750922],[47.97877,39.762519],[47.991303,39.780219],[47.999929,39.798285],[48.003022,39.803412],[48.009695,39.806342],[48.025808,39.808539],[48.033946,39.813666],[48.04184,39.824042],[48.046967,39.82571],[48.063569,39.815945],[48.067556,39.821357],[48.071381,39.837592],[48.080658,39.856065],[48.092377,39.864936],[48.112885,39.865546],[48.114268,39.881171],[48.168956,39.881293],[48.191824,39.889106],[48.203054,39.895209],[48.216726,39.894843],[48.230724,39.892524],[48.242768,39.892849],[48.256847,39.899766],[48.278901,39.919135],[48.290538,39.926947],[48.315684,39.935574],[48.330007,39.938788],[48.342052,39.940009],[48.348888,39.943305],[48.357514,39.950507],[48.368744,39.95779],[48.383311,39.961046],[48.4345,39.988389],[48.441498,39.993964],[48.468761,40.022528]]]}},{"type":"Feature","properties":{"dissolve":"94River","scalerank":3.0,"featurecla":"River","name":"Shatt al Arab","name_alt":null,"rivernum":94,"note":null,"min_zoom":3.0,"name_en":"Shatt al Arab","min_label":4.0},"bbox":[47.468516,29.961208,48.53183,30.968451],"geometry":{"type":"MultiLineString","coordinates":[[[47.468516,30.968451],[47.477794,30.951972],[47.53712,30.871853],[47.619558,30.784857],[47.643972,30.773505],[47.650483,30.768093],[47.666515,30.759711],[47.71282,30.751654],[47.72877,30.743842],[47.736746,30.732245],[47.74171,30.718817],[47.746837,30.690741],[47.749522,30.606513],[47.75172,30.595567],[47.755626,30.585313],[47.761974,30.576239],[47.77003,30.570136],[47.779307,30.566026],[47.801199,30.559882],[47.811615,30.555609],[47.821381,30.549831],[47.830333,30.542426],[47.837901,30.534247],[47.855968,30.506537],[47.874278,30.487576],[47.897553,30.478461],[48.118907,30.450995],[48.130056,30.447699],[48.140391,30.442165],[48.157237,30.426459],[48.170014,30.406928],[48.178966,30.385118],[48.187266,30.34101],[48.191498,30.33157],[48.199718,30.324083],[48.210704,30.319851],[48.222585,30.318305],[48.23463,30.318712],[48.271251,30.324042],[48.283783,30.323513],[48.295828,30.320014],[48.305268,30.313056],[48.325613,30.283718],[48.357677,30.252061],[48.396495,30.221218],[48.403331,30.212714],[48.408295,30.202582],[48.410167,30.191759],[48.407725,30.181098],[48.400076,30.172553],[48.390636,30.164984],[48.382823,30.156684],[48.380626,30.145575],[48.382498,30.138617],[48.395112,30.115424],[48.415131,30.095811],[48.420828,30.085557],[48.423595,30.083848],[48.441661,30.034206],[48.443858,30.021104],[48.452566,30.001654],[48.457449,29.995063],[48.463878,29.989366],[48.477631,29.979844],[48.492605,29.971951],[48.53183,29.961208]]]}}]}
