{"type":"FeatureCollection","source":{"title":"Natural Earth 1:10m rivers and lake centerlines","url":"https://github.com/nvkelso/natural-earth-vector/blob/master/geojson/ne_10m_rivers_lake_centerlines.geojson","upstreamGitBlob":"61a0d7137a6ff1113cc259525e7479c63d5fec86","upstreamSha256":"bb854a900ecbd3b408df46d5e16e3e0f974ba55993f9d8b5c26e855273c0905a","license":"Public domain","terms":"https://www.naturalearthdata.com/about/terms-of-use/","selection":{"purpose":"Major-river gameplay layer for the New World continental map; a curated selection rather than a complete drainage network.","geographicBoundsWsen":[-167.34601840885307,-59.888258694748515,-32.34601840885307,71.7468551459884],"registration":"WGS84 longitude/latitude registered to the original 6144x8192 Web Mercator heightmap, output zoom 6, centered at latitude 14.606155323814846 and longitude -99.84601840885307.","method":"Select all original River and Lake Centerline features with rivernum values listed in sourceRiverNumbersBySystem, plus the three name-qualified additionalSourceFeatures. Every selected coordinate is inside the map footprint. Preserve upstream feature order, properties, coordinates and bounding boxes exactly. Do not clip, simplify, rename, connect or extend geometry.","rationale":"Keep meaningful major channels across North America, Mesoamerica and South America, including differently named main-stem sections, major basin tributaries and supplied lake/reservoir centerlines. Exclude the dense minor-tributary network and canals. Numeric source identities distinguish unrelated rivers sharing a name.","riverSystems":{"Yukon":["Teslin","Yukon"],"Kuskokwim":["Kuskokwim","N. Fork Kuskokwim"],"Mackenzie":["Athabasca","Finlay","Mackenzie","Peace","Slave"],"Nelson and Saskatchewan":["Nelson","North Saskatchewan","Red","Saskatchewan","South Saskatchewan"],"Churchill (Hudson Bay)":["Churchill"],"Columbia and Snake":["Columbia","Snake"],"Fraser (British Columbia)":["Fraser"],"Sacramento and San Joaquin":["Sacramento","San Joaquin"],"Colorado (North America)":["Colorado"],"Rio Grande":["Rio Grande"],"Mississippi and Missouri":["Allegheny","Arkansas","Holston","Madison","Mississippi","Missouri","Ohio","Tennessee"],"St. Lawrence and Great Lakes outlets":["Niagara","St. Clair","St. Lawrence"],"Lerma and Santiago":["Lerma","Ro Grande de Santiago"],"Usumacinta and Grijalva":["Chixoy","Grijalva","Rio Salinas","San Pedro y San Pablo","Usumacinta"],"San Juan (Nicaragua and Costa Rica)":["San Juan"],"Magdalena":["Magdalena"],"Orinoco":["Apure","Cojedes","Meta","Orinoco"],"Amazon":["Amazonas","Caquetá","Culuene","Grande","Guaporé","Japurá","Juruena","Madeira","Mamoré","Marañón","Negro","Purús","Tapajós","Ucayali","Xingu"],"Tocantins and Araguaia":["Araguaia","Braco Menor","Tocantins"],"Sao Francisco":["Indaiá","São  Francisco"],"Parana and Paraguay":["Grande","Paranaíba","Paraná"],"Uruguay":["Uruguay"],"Negro (Patagonia)":["Limay","Negro","Neuquén"],"Colorado (Argentina)":["Colorado"],"Chubut":["Chubut"],"Santa Cruz":["Santa Cruz"],"Bio-Bio":["Bío-Bío"]},"sourceRiverNumbersBySystem":{"Yukon":[53,61],"Kuskokwim":[234,235],"Mackenzie":[34,39,33,323,173],"Nelson and Saskatchewan":[275,112,117,266,409],"Churchill (Hudson Bay)":[629],"Columbia and Snake":[64,103],"Fraser (British Columbia)":[187],"Sacramento and San Joaquin":[167,249],"Colorado (North America)":[163],"Rio Grande":[110],"Mississippi and Missouri":[3,156,8,7,92,80,131,169,185],"St. Lawrence and Great Lakes outlets":[23,88,89],"Lerma and Santiago":[232,661],"Usumacinta and Grijalva":[193,391],"San Juan (Nicaragua and Costa Rica)":[159],"Magdalena":[126],"Orinoco":[75,290,432,1018],"Amazon":[2,10,183,78,91,90,87,77,373,204,184,289,200,190,197,177],"Tocantins and Araguaia":[115,335,100,152],"Sao Francisco":[104,123],"Parana and Paraguay":[36,99,108,164],"Uruguay":[293],"Negro (Patagonia)":[139,127,645],"Colorado (Argentina)":[192],"Chubut":[285],"Santa Cruz":[196],"Bio-Bio":[194]},"additionalSourceFeatures":[{"name":"Usumacinta","rivernum":0,"dissolve":null,"reason":"Name-qualified original feature in the Usumacinta system; rivernum zero alone is not a unique selector."},{"name":"Rio Salinas","rivernum":0,"dissolve":null,"reason":"Name-qualified original feature in the Usumacinta system; rivernum zero alone is not a unique selector."},{"name":"San Pedro y San Pablo","rivernum":0,"dissolve":null,"reason":"Name-qualified original feature in the Usumacinta system; rivernum zero alone is not a unique selector."}],"featureCount":111,"knownLimitations":["The footprint includes the eastern Brazilian coast and mainland southern South America, but crops the western Aleutians and land north of 71.746855 degrees north. River inclusion is curated, not exhaustive.","Upstream labels are preserved even when a feature spans differently named channels: 103River is named Columbia while its paired lake-centerline feature is named Snake; 36River is named Parana (accented in the original) and includes the Paraguay-to-lower-Parana course; 90River is named Guapore (accented in the original) along the lower Mamore continuation; 1018River is named Cojedes and includes the exact downstream continuation from the Apure endpoint to the Orinoco.","The supplied St. Lawrence, Niagara and St. Clair lines do not include a continuous Great Lakes water polygon or all connecting channels. Lake centerlines elsewhere are retained, but they do not reconstruct lake shorelines.","Natural Earth linework can stop at lake, estuary or coastline boundaries and contain small gaps between original features. These lines have not been extended to meet the heightmap coastline, including the Amazon estuary and the St. Lawrence lower course.","No authored outlet extension or approximate connecting reach is included. Selection and raster connectivity do not establish physical channel width or real-world navigability.","Read-only four-neighbor raster QA with the shared calibrated sea mask and one/two/three-cell strokes found outlet gaps at all sizes for Churchill, Sacramento/San Joaquin, the St. Lawrence/Great Lakes segments and Tocantins/Araguaia. At size 1000 there are additional gaps for Yukon, Kuskokwim, North American Colorado, Orinoco, Amazon, Uruguay and Santa Cruz; Santa Cruz also has a gap at size 250.","With the source Cojedes continuation retained, the Orinoco system is internally connected at all three sizes. The Amazon and Xingu portions remain separate at size 1000 because the supplied estuary linework ends before they join. No unrelated tributaries or nearby headwater crossings were added merely to force raster ocean connectivity."]}},"features":[{"type":"Feature","properties":{"dissolve":"100River","scalerank":4.0,"featurecla":"River","name":"Araguaia","name_alt":null,"rivernum":100,"note":null,"min_zoom":4.0,"name_en":"Araguaia","min_label":5.0},"bbox":[-53.224029,-17.854832,-48.141225,-5.302911],"geometry":{"type":"MultiLineString","coordinates":[[[-53.115142,-17.854832],[-53.129384,-17.684096],[-53.141713,-17.646905],[-53.158111,-17.614923],[-53.198354,-17.560561],[-53.217478,-17.526788],[-53.224029,-17.489679],[-53.220937,-17.450128],[-53.211374,-17.409112],[-53.205312,-17.389988],[-53.200673,-17.38006],[-53.194569,-17.372247],[-53.189768,-17.362644],[-53.19164,-17.351902],[-53.195912,-17.34116],[-53.198354,-17.331231],[-53.203359,-17.282078],[-53.198354,-17.265802],[-53.191518,-17.256036],[-53.166697,-17.235365],[-53.158844,-17.224542],[-53.151601,-17.203139],[-53.142161,-17.186944],[-53.13561,-17.163425],[-53.131825,-17.158705],[-53.115142,-17.142918],[-53.078684,-17.089044],[-53.07079,-17.080906],[-53.058502,-17.074151],[-53.046946,-17.057794],[-53.03775,-17.037612],[-53.033193,-17.019382],[-53.033803,-17.010919],[-53.038808,-16.991632],[-53.040028,-16.981459],[-53.037831,-16.971694],[-53.027943,-16.94964],[-53.013905,-16.884942],[-53.019521,-16.867852],[-52.991282,-16.838556],[-52.963694,-16.819024],[-52.896677,-16.786635],[-52.8544,-16.772312],[-52.84557,-16.767267],[-52.828928,-16.754327],[-52.809397,-16.745457],[-52.772532,-16.704034],[-52.731435,-16.670424],[-52.71227,-16.65073],[-52.704213,-16.632338],[-52.702463,-16.608331],[-52.696645,-16.588881],[-52.686147,-16.573093],[-52.670115,-16.560073],[-52.64273,-16.542413],[-52.632558,-16.528823],[-52.628529,-16.508803],[-52.624827,-16.464044],[-52.614858,-16.422865],[-52.601186,-16.385675],[-52.582631,-16.351902],[-52.559682,-16.322931],[-52.532948,-16.299981],[-52.520741,-16.292006],[-52.507436,-16.285496],[-52.492299,-16.280694],[-52.45344,-16.277276],[-52.438954,-16.27101],[-52.431223,-16.258803],[-52.429921,-16.238621],[-52.450103,-16.171889],[-52.455719,-16.134698],[-52.444203,-16.094578],[-52.430491,-16.082696],[-52.388905,-16.067804],[-52.36205,-16.05047],[-52.351918,-16.04933],[-52.342478,-16.04933],[-52.33434,-16.046075],[-52.328684,-16.0381],[-52.306956,-15.986342],[-52.261586,-15.937839],[-52.254262,-15.920099],[-52.250234,-15.913425],[-52.241322,-15.905287],[-52.230702,-15.898777],[-52.206451,-15.889662],[-52.158762,-15.880548],[-52.053131,-15.874851],[-52.030019,-15.868504],[-52.008901,-15.855645],[-51.974273,-15.822931],[-51.96939,-15.813002],[-51.969553,-15.805597],[-51.966908,-15.800795],[-51.953847,-15.799168],[-51.940785,-15.800958],[-51.925771,-15.809747],[-51.916005,-15.812677],[-51.898427,-15.8117],[-51.882883,-15.804864],[-51.871816,-15.792494],[-51.86262,-15.760593],[-51.826568,-15.717136],[-51.796051,-15.651788],[-51.782541,-15.631524],[-51.774037,-15.610691],[-51.775095,-15.585138],[-51.78246,-15.559584],[-51.79308,-15.538995],[-51.785634,-15.525323],[-51.76301,-15.538507],[-51.748647,-15.529962],[-51.72761,-15.494643],[-51.711659,-15.474298],[-51.705312,-15.455743],[-51.697499,-15.408624],[-51.692738,-15.398451],[-51.679311,-15.378839],[-51.675771,-15.36769],[-51.676137,-15.354994],[-51.681752,-15.333836],[-51.683217,-15.322686],[-51.682078,-15.311375],[-51.67691,-15.296889],[-51.675771,-15.288588],[-51.671864,-15.281915],[-51.654164,-15.271824],[-51.649037,-15.264662],[-51.649526,-15.24269],[-51.655019,-15.225763],[-51.65746,-15.209812],[-51.649037,-15.190281],[-51.63976,-15.179376],[-51.624989,-15.165541],[-51.607737,-15.15366],[-51.590688,-15.148614],[-51.575876,-15.140151],[-51.532379,-15.080255],[-51.513824,-15.062839],[-51.474192,-15.048354],[-51.453521,-15.035333],[-51.42748,-15.006687],[-51.41218,-14.995457],[-51.392079,-14.991062],[-51.367665,-14.988458],[-51.350901,-14.981378],[-51.320139,-14.956231],[-51.30724,-14.971368],[-51.304067,-14.99212],[-51.297597,-15.010431],[-51.275136,-15.018243],[-51.25536,-15.015313],[-51.239369,-15.008315],[-51.210276,-14.991062],[-51.176096,-14.976576],[-51.159901,-14.962742],[-51.151967,-14.953953],[-51.152211,-14.950046],[-51.148346,-14.944838],[-51.141754,-14.920587],[-51.138254,-14.912123],[-51.129099,-14.904718],[-51.107411,-14.893976],[-51.100413,-14.887872],[-51.092844,-14.822442],[-51.083608,-14.812188],[-51.068715,-14.80462],[-51.065053,-14.78631],[-51.066274,-14.743992],[-51.05956,-14.721856],[-51.042348,-14.683608],[-51.03893,-14.658217],[-51.033599,-14.647149],[-51.010121,-14.628351],[-51.00475,-14.617201],[-51.003041,-14.607761],[-50.994456,-14.588718],[-50.989491,-14.573663],[-50.987904,-14.570815],[-50.984283,-14.566339],[-50.987172,-14.554864],[-50.982737,-14.543959],[-50.975453,-14.53224],[-50.970041,-14.518569],[-50.968984,-14.502455],[-50.970937,-14.48683],[-50.977528,-14.463311],[-50.995473,-14.399428],[-50.995717,-14.365248],[-50.980946,-14.33644],[-50.97232,-14.323582],[-50.972035,-14.312351],[-50.975331,-14.301202],[-50.977528,-14.288263],[-50.975331,-14.274265],[-50.965972,-14.243504],[-50.963857,-14.226576],[-50.954457,-14.206557],[-50.935414,-14.182143],[-50.920277,-14.155125],[-50.922922,-14.126886],[-50.922922,-14.133722],[-50.924998,-14.129246],[-50.929067,-14.113295],[-50.881215,-14.110854],[-50.85733,-14.103692],[-50.847157,-14.089207],[-50.848378,-14.067315],[-50.860829,-14.017755],[-50.862904,-13.974298],[-50.847401,-13.904474],[-50.847157,-13.86004],[-50.859242,-13.797784],[-50.861887,-13.764825],[-50.866567,-13.743666],[-50.867665,-13.718764],[-50.866078,-13.712905],[-50.836822,-13.697686],[-50.826975,-13.694757],[-50.816762,-13.690606],[-50.805531,-13.68198],[-50.797475,-13.670343],[-50.787913,-13.645847],[-50.772532,-13.622573],[-50.760935,-13.54282],[-50.758127,-13.534845],[-50.751576,-13.524265],[-50.715647,-13.494561],[-50.70995,-13.486993],[-50.704661,-13.475437],[-50.681142,-13.452813],[-50.675852,-13.445733],[-50.655629,-13.379734],[-50.60554,-13.320001],[-50.600087,-13.308608],[-50.596018,-13.286065],[-50.566599,-13.222589],[-50.578725,-13.188409],[-50.580922,-13.110772],[-50.593251,-13.07171],[-50.564768,-13.056573],[-50.559722,-13.054701],[-50.558583,-13.051121],[-50.55602,-13.046808],[-50.553456,-13.041436],[-50.552317,-13.033868],[-50.554555,-13.027276],[-50.564361,-13.021173],[-50.566599,-13.01336],[-50.561594,-13.006362],[-50.525014,-12.982354],[-50.513824,-12.972589],[-50.504303,-12.962091],[-50.496571,-12.949884],[-50.490834,-12.935235],[-50.4794,-12.880792],[-50.478383,-12.851576],[-50.484202,-12.843601],[-50.487498,-12.839044],[-50.527089,-12.840753],[-50.539296,-12.839044],[-50.553415,-12.833429],[-50.567047,-12.824395],[-50.572011,-12.813979],[-50.559722,-12.804864],[-50.570912,-12.798679],[-50.581166,-12.797865],[-50.589019,-12.802423],[-50.593251,-12.8117],[-50.596425,-12.802911],[-50.600087,-12.77752],[-50.603139,-12.773126],[-50.611928,-12.769871],[-50.613759,-12.766778],[-50.612538,-12.762221],[-50.607777,-12.754897],[-50.607533,-12.749688],[-50.627431,-12.684503],[-50.627431,-12.65073],[-50.631459,-12.647638],[-50.651112,-12.646173],[-50.658437,-12.643487],[-50.66804,-12.632826],[-50.676096,-12.618829],[-50.676259,-12.604181],[-50.66218,-12.591974],[-50.661977,-12.595229],[-50.662424,-12.601739],[-50.66218,-12.604994],[-50.650136,-12.598972],[-50.649281,-12.591241],[-50.652943,-12.581964],[-50.654693,-12.571466],[-50.651845,-12.55991],[-50.643422,-12.536798],[-50.627431,-12.447931],[-50.621409,-12.446791],[-50.616811,-12.445001],[-50.613759,-12.441095],[-50.613108,-12.436375],[-50.614003,-12.425714],[-50.61266,-12.410089],[-50.613759,-12.376886],[-50.624338,-12.335626],[-50.630686,-12.322198],[-50.628529,-12.310968],[-50.623443,-12.301202],[-50.621205,-12.291518],[-50.631459,-12.257175],[-50.665679,-12.20379],[-50.675852,-12.167413],[-50.675852,-12.081882],[-50.685496,-12.023858],[-50.682688,-12.002374],[-50.678863,-11.994073],[-50.672922,-11.985365],[-50.665761,-11.978448],[-50.658437,-11.9756],[-50.653188,-11.970147],[-50.655141,-11.958185],[-50.659657,-11.946303],[-50.66218,-11.94142],[-50.657338,-11.923679],[-50.648305,-11.905694],[-50.642812,-11.88836],[-50.648549,-11.872573],[-50.658599,-11.869155],[-50.669789,-11.871108],[-50.678863,-11.869561],[-50.682688,-11.85532],[-50.680735,-11.830987],[-50.682688,-11.818699],[-50.686431,-11.808445],[-50.690989,-11.80169],[-50.694692,-11.793959],[-50.697377,-11.769464],[-50.700876,-11.761082],[-50.707346,-11.754734],[-50.717397,-11.749037],[-50.713368,-11.740411],[-50.71109,-11.731785],[-50.70995,-11.711847],[-50.705678,-11.705743],[-50.68692,-11.689793],[-50.682688,-11.684503],[-50.679189,-11.67905],[-50.661855,-11.668145],[-50.654693,-11.660333],[-50.648549,-11.61948],[-50.659047,-11.586602],[-50.713287,-11.54933],[-50.737294,-11.51629],[-50.743642,-11.479181],[-50.739329,-11.437188],[-50.717397,-11.358738],[-50.66218,-11.244073],[-50.66218,-11.215265],[-50.654693,-11.207859],[-50.662099,-11.189874],[-50.66393,-11.172296],[-50.66218,-11.136163],[-50.655995,-11.116388],[-50.625437,-11.087254],[-50.613759,-11.071303],[-50.610463,-11.040216],[-50.616322,-10.998386],[-50.627878,-10.956964],[-50.641713,-10.92726],[-50.628651,-10.908624],[-50.62267,-10.894545],[-50.620595,-10.830255],[-50.617787,-10.815851],[-50.611399,-10.80462],[-50.600087,-10.789483],[-50.591176,-10.771987],[-50.587229,-10.752944],[-50.586497,-10.711602],[-50.588612,-10.702813],[-50.600087,-10.677179],[-50.600087,-10.662449],[-50.598948,-10.656671],[-50.586497,-10.639988],[-50.582346,-10.631687],[-50.577789,-10.618585],[-50.572825,-10.611993],[-50.565175,-10.608331],[-50.556142,-10.606459],[-50.548655,-10.603367],[-50.532623,-10.568862],[-50.528432,-10.564304],[-50.519236,-10.558445],[-50.519521,-10.545343],[-50.525014,-10.522638],[-50.519032,-10.512058],[-50.503489,-10.493015],[-50.49828,-10.481622],[-50.496938,-10.471124],[-50.49828,-10.437188],[-50.493642,-10.417657],[-50.481801,-10.400811],[-50.449941,-10.371759],[-50.426137,-10.34116],[-50.406565,-10.299005],[-50.3933,-10.254083],[-50.388417,-10.214044],[-50.395904,-10.177097],[-50.397694,-10.153253],[-50.39151,-10.135919],[-50.385854,-10.126886],[-50.377919,-10.104913],[-50.370473,-10.094659],[-50.315785,-10.037286],[-50.304067,-10.020929],[-50.299062,-10.005548],[-50.297231,-9.984552],[-50.278554,-9.919285],[-50.259511,-9.880385],[-50.21996,-9.819675],[-50.20287,-9.782729],[-50.194081,-9.750828],[-50.189198,-9.741143],[-50.182078,-9.734552],[-50.175364,-9.730157],[-50.165191,-9.723647],[-50.159779,-9.712254],[-50.1551,-9.707208],[-50.15038,-9.700535],[-50.148264,-9.689955],[-50.147328,-9.678562],[-50.143015,-9.658543],[-50.133656,-9.631036],[-50.111806,-9.586928],[-50.107289,-9.567071],[-50.099843,-9.481785],[-50.07726,-9.403985],[-50.06786,-9.386082],[-50.065663,-9.374933],[-50.064361,-9.351495],[-50.058909,-9.330255],[-50.053822,-9.319187],[-50.031565,-9.289239],[-50.002065,-9.260675],[-49.997426,-9.251397],[-49.992014,-9.232843],[-49.978993,-9.216811],[-49.949656,-9.193048],[-49.927317,-9.170343],[-49.867055,-9.083836],[-49.832631,-9.047784],[-49.818349,-9.028253],[-49.812489,-9.005304],[-49.808095,-8.995457],[-49.78893,-8.97739],[-49.784535,-8.970554],[-49.783193,-8.962823],[-49.779897,-8.954441],[-49.771474,-8.940444],[-49.755279,-8.923028],[-49.699208,-8.881199],[-49.681874,-8.871596],[-49.620676,-8.857924],[-49.60143,-8.847507],[-49.58141,-8.830743],[-49.565663,-8.811212],[-49.553782,-8.775323],[-49.503529,-8.708917],[-49.497711,-8.697117],[-49.496775,-8.68491],[-49.503977,-8.672296],[-49.477366,-8.618097],[-49.46642,-8.610854],[-49.428212,-8.548842],[-49.398793,-8.468601],[-49.380971,-8.436863],[-49.353139,-8.412937],[-49.324656,-8.395359],[-49.310658,-8.382257],[-49.304758,-8.367852],[-49.302439,-8.346612],[-49.229604,-8.124933],[-49.22643,-8.093601],[-49.222768,-8.083347],[-49.215647,-8.07464],[-49.206532,-8.067397],[-49.198801,-8.058608],[-49.195465,-8.045424],[-49.194081,-7.979913],[-49.18932,-7.959812],[-49.17455,-7.919936],[-49.169911,-7.899835],[-49.168202,-7.874444],[-49.170522,-7.838067],[-49.169667,-7.82586],[-49.164418,-7.810479],[-49.163564,-7.803643],[-49.167104,-7.796075],[-49.18163,-7.786554],[-49.223988,-7.773858],[-49.309804,-7.713556],[-49.3485,-7.679376],[-49.376129,-7.64129],[-49.390818,-7.597589],[-49.390289,-7.547214],[-49.384185,-7.521498],[-49.374989,-7.500177],[-49.218495,-7.309259],[-49.18932,-7.247247],[-49.185129,-7.225437],[-49.18932,-7.082859],[-49.221181,-6.964288],[-49.216624,-6.925144],[-49.198638,-6.902683],[-49.048207,-6.809421],[-49.027943,-6.791681],[-49.01065,-6.780776],[-48.8933,-6.743666],[-48.867991,-6.738702],[-48.846669,-6.740167],[-48.818267,-6.719171],[-48.683502,-6.662774],[-48.668365,-6.649347],[-48.65807,-6.630792],[-48.654286,-6.606378],[-48.655832,-6.562351],[-48.65982,-6.545424],[-48.667917,-6.541518],[-48.660715,-6.521661],[-48.649322,-6.50213],[-48.617787,-6.461847],[-48.612213,-6.452162],[-48.608062,-6.442722],[-48.606435,-6.435073],[-48.578521,-6.417983],[-48.527943,-6.370457],[-48.500885,-6.351251],[-48.462473,-6.342299],[-48.390004,-6.362481],[-48.379872,-6.359714],[-48.377065,-6.338311],[-48.377675,-6.327569],[-48.38329,-6.318048],[-48.400258,-6.306166],[-48.407867,-6.299005],[-48.414052,-6.287612],[-48.423899,-6.244643],[-48.428944,-6.171238],[-48.425038,-6.156671],[-48.414052,-6.14422],[-48.32433,-6.120457],[-48.284291,-6.09767],[-48.284332,-6.054864],[-48.301869,-6.036472],[-48.319692,-6.031589],[-48.333404,-6.023614],[-48.338979,-5.996515],[-48.333567,-5.976251],[-48.320058,-5.96323],[-48.302317,-5.95558],[-48.241567,-5.945001],[-48.227976,-5.934991],[-48.22289,-5.914402],[-48.231923,-5.891941],[-48.275543,-5.848972],[-48.291127,-5.828302],[-48.296946,-5.807061],[-48.297353,-5.749526],[-48.288686,-5.727227],[-48.268666,-5.718927],[-48.229726,-5.718438],[-48.202789,-5.711847],[-48.186431,-5.701104],[-48.157379,-5.667901],[-48.142568,-5.646173],[-48.141225,-5.62713],[-48.148793,-5.610284],[-48.160837,-5.595636],[-48.185374,-5.576674],[-48.196889,-5.565281],[-48.201772,-5.551202],[-48.20934,-5.538588],[-48.227773,-5.535333],[-48.250478,-5.535821],[-48.27066,-5.534112],[-48.297353,-5.517104],[-48.319407,-5.488295],[-48.366811,-5.402765],[-48.377024,-5.393569],[-48.397328,-5.390151],[-48.530181,-5.402765],[-48.555776,-5.412937],[-48.572499,-5.408624],[-48.588938,-5.401056],[-48.634348,-5.389093],[-48.687082,-5.357924],[-48.723134,-5.355401],[-48.746816,-5.353204],[-48.790598,-5.338393],[-48.815297,-5.334893],[-48.83967,-5.333998],[-48.860911,-5.330906],[-48.880849,-5.324721],[-48.901316,-5.314955],[-48.929189,-5.307061],[-48.937245,-5.302911]]]}},{"type":"Feature","properties":{"dissolve":"1018River","scalerank":9.0,"featurecla":"River","name":"Cojedes","name_alt":null,"rivernum":1018,"note":null,"min_zoom":7.1,"name_en":"Cojedes","min_label":8.1},"bbox":[-69.260487,7.649441,-66.324696,10.247504],"geometry":{"type":"MultiLineString","coordinates":[[[-69.260487,10.247504],[-69.251943,10.236884],[-69.240549,10.226874],[-69.230621,10.216091],[-69.226389,10.20307],[-69.225209,10.181342],[-69.221791,10.159491],[-69.21581,10.138292],[-69.207102,10.118272],[-69.195058,10.100124],[-69.183298,10.092312],[-69.147125,10.089057],[-69.132802,10.086208],[-69.124501,10.08043],[-69.120229,10.071112],[-69.116444,10.044053],[-69.112864,10.035224],[-69.098704,10.0185],[-69.089467,9.999294],[-69.08495,9.952419],[-69.077301,9.930772],[-69.062652,9.913113],[-69.02892,9.881659],[-69.015126,9.863227],[-68.990305,9.817816],[-68.981435,9.792914],[-68.980295,9.76911],[-68.992421,9.738227],[-68.992502,9.728298],[-68.988271,9.721869],[-68.975209,9.710476],[-68.972524,9.702826],[-68.968251,9.679877],[-68.949452,9.646674],[-68.940541,9.609727],[-68.918528,9.572455],[-68.911,9.555447],[-68.908925,9.526964],[-68.905507,9.509141],[-68.897369,9.493354],[-68.904408,9.468695],[-68.899037,9.434678],[-68.885121,9.404568],[-68.781809,9.322089],[-68.771474,9.310899],[-68.761545,9.2862],[-68.748647,9.275092],[-68.701731,9.243232],[-68.629872,9.213446],[-68.617299,9.200263],[-68.583119,9.154486],[-68.571848,9.144558],[-68.568023,9.140245],[-68.568593,9.130886],[-68.567454,9.121446],[-68.558217,9.117255],[-68.546132,9.114854],[-68.539174,9.108913],[-68.527211,9.091335],[-68.492421,9.064399],[-68.482818,9.052436],[-68.478179,9.041531],[-68.471913,9.017768],[-68.467763,9.008165],[-68.451283,8.995551],[-68.43102,8.995063],[-68.390859,9.005154],[-68.3697,9.002712],[-68.350982,8.991645],[-68.335561,8.975206],[-68.324127,8.956488],[-68.320627,8.945909],[-68.315907,8.923367],[-68.311025,8.912177],[-68.302968,8.90351],[-68.282867,8.886339],[-68.278391,8.877387],[-68.270497,8.874823],[-68.266428,8.869696],[-68.263743,8.863227],[-68.259877,8.856553],[-68.233469,8.82746],[-68.216664,8.801947],[-68.193837,8.77501],[-68.184193,8.760321],[-68.180531,8.750108],[-68.179107,8.741523],[-68.176869,8.733751],[-68.170562,8.726182],[-68.165679,8.725409],[-68.15567,8.732693],[-68.150095,8.732978],[-68.143219,8.719346],[-68.123769,8.707343],[-68.110504,8.692735],[-68.101755,8.676134],[-68.086903,8.63878],[-68.076487,8.619452],[-68.070424,8.60045],[-68.075022,8.582831],[-68.063344,8.578721],[-68.054758,8.569648],[-68.049469,8.557725],[-68.047678,8.545233],[-68.04186,8.544013],[-68.005198,8.505154],[-68.000111,8.495388],[-67.995839,8.490017],[-67.974762,8.475613],[-67.971913,8.46955],[-67.978017,8.456366],[-67.979807,8.44892],[-67.975331,8.445624],[-67.969716,8.444688],[-67.964223,8.44241],[-67.95995,8.439073],[-67.958241,8.43537],[-67.956288,8.425849],[-67.951324,8.414578],[-67.944692,8.404242],[-67.937815,8.397813],[-67.930247,8.396999],[-67.916697,8.40412],[-67.910512,8.404079],[-67.907704,8.40001],[-67.904897,8.387274],[-67.903066,8.383572],[-67.888092,8.372667],[-67.883168,8.3699],[-67.8756,8.369656],[-67.861195,8.377021],[-67.855865,8.376736],[-67.850942,8.367133],[-67.854075,8.356024],[-67.859771,8.343288],[-67.862701,8.328925],[-67.855865,8.328925],[-67.849965,8.334499],[-67.846669,8.333808],[-67.843658,8.330756],[-67.83849,8.328925],[-67.839223,8.326239],[-67.832183,8.320624],[-67.823883,8.315741],[-67.821156,8.315253],[-67.820139,8.308621],[-67.821523,8.291449],[-67.817738,8.28795],[-67.807973,8.287706],[-67.802073,8.28616],[-67.797963,8.28205],[-67.793813,8.274359],[-67.791697,8.279608],[-67.789418,8.283718],[-67.787668,8.288194],[-67.786977,8.294786],[-67.780141,8.294786],[-67.77599,8.287462],[-67.773915,8.278876],[-67.771962,8.242865],[-67.768015,8.23904],[-67.761586,8.239936],[-67.715321,8.24018],[-67.70816,8.236884],[-67.693023,8.222357],[-67.687652,8.219062],[-67.677561,8.209418],[-67.665761,8.167263],[-67.660024,8.15766],[-67.648549,8.151313],[-67.635732,8.135606],[-67.62564,8.115587],[-67.622467,8.096218],[-67.609527,8.098822],[-67.599355,8.093614],[-67.588735,8.086249],[-67.574696,8.082546],[-67.579213,8.07331],[-67.580312,8.06623],[-67.578603,8.060248],[-67.574696,8.054633],[-67.574696,8.048407],[-67.597035,8.05447],[-67.595204,8.047227],[-67.574696,8.027289],[-67.563629,7.995144],[-67.552846,7.984646],[-67.533762,7.993191],[-67.516835,7.981269],[-67.519114,7.971544],[-67.532094,7.964057],[-67.544342,7.958686]],[[-67.629303,7.993191],[-67.61148,7.998358],[-67.605458,7.999335],[-67.601674,7.997341],[-67.595204,7.988349],[-67.59142,7.986355],[-67.568349,7.979315],[-67.546335,7.96247],[-67.544342,7.958686]],[[-67.544342,7.958686],[-67.535634,7.942206],[-67.546742,7.924872],[-67.538238,7.916938],[-67.528066,7.915798],[-67.517079,7.917304],[-67.505767,7.917426],[-67.481028,7.905788],[-67.468251,7.903754],[-67.433827,7.903754],[-67.426422,7.905463],[-67.418202,7.909003],[-67.408274,7.911689],[-67.395904,7.9112],[-67.338002,7.889024],[-67.327707,7.880194],[-67.320953,7.856228],[-67.304677,7.842841],[-67.266835,7.828681],[-67.251698,7.817654],[-67.240915,7.806708],[-67.226633,7.798407],[-67.177561,7.790147],[-67.158844,7.780056],[-67.139801,7.772162],[-67.115387,7.774034],[-67.078684,7.793524],[-67.056874,7.797431],[-67.015818,7.769477],[-66.994374,7.772528],[-66.972768,7.782497],[-66.950917,7.788357],[-66.943267,7.786078],[-66.938303,7.781195],[-66.931956,7.776313],[-66.8308,7.760362],[-66.824778,7.761501],[-66.815582,7.76614],[-66.810658,7.767198],[-66.802968,7.765245],[-66.792104,7.756537],[-66.786448,7.754177],[-66.764882,7.754991],[-66.663157,7.782904],[-66.639719,7.78502],[-66.622548,7.78087],[-66.615915,7.784491],[-66.574127,7.795193],[-66.567616,7.7956],[-66.552195,7.793769],[-66.546213,7.795193],[-66.543853,7.799872],[-66.545318,7.805528],[-66.545644,7.811062],[-66.540028,7.815009],[-66.527659,7.81627],[-66.519521,7.811713],[-66.498402,7.788357],[-66.487416,7.782253],[-66.475901,7.777777],[-66.47057,7.771674],[-66.477976,7.760362],[-66.456654,7.746161],[-66.426096,7.733181],[-66.394928,7.72781],[-66.36148,7.741238],[-66.352691,7.735704],[-66.33019,7.703477],[-66.324696,7.687567],[-66.324859,7.67003],[-66.330515,7.649441]],[[-67.544342,7.958686],[-67.545033,7.95836]]]}},{"type":"Feature","properties":{"dissolve":"103Lake Centerline","scalerank":4.0,"featurecla":"Lake Centerline","name":"Snake","name_alt":null,"rivernum":103,"note":null,"min_zoom":4.0,"name_en":"Snake","min_label":5.0},"bbox":[-113.472239,42.653632,-111.041412,43.338243],"geometry":{"type":"MultiLineString","coordinates":[[[-111.041412,43.174994],[-111.06786,43.197333],[-111.107249,43.249335],[-111.126861,43.277615],[-111.135732,43.300605],[-111.148427,43.322333],[-111.169016,43.333075],[-111.185943,43.338243]],[[-112.863678,42.813056],[-112.838531,42.844062],[-112.808583,42.873806],[-112.773183,42.89879],[-112.739003,42.925116],[-112.709055,42.954047],[-112.653961,43.013536],[-112.639516,43.023505]],[[-113.316274,42.653632],[-113.33609,42.668321],[-113.394439,42.681749],[-113.449452,42.678046],[-113.472239,42.674994]]]}},{"type":"Feature","properties":{"dissolve":"103River","scalerank":4.0,"featurecla":"River","name":"Columbia","name_alt":null,"rivernum":103,"note":null,"min_zoom":4.0,"name_en":"Columbia","min_label":5.0},"bbox":[-119.052073,42.513699,-110.628285,46.71894],"geometry":{"type":"MultiLineString","coordinates":[[[-119.052073,46.223822],[-119.027496,46.21129],[-118.988922,46.186591],[-118.958363,46.155097],[-118.934316,46.120795],[-118.923166,46.092841],[-118.919423,46.079861],[-118.919423,46.079779]],[[-110.630605,43.837104],[-110.628285,43.805976],[-110.630483,43.796007],[-110.637318,43.784369],[-110.638824,43.779364],[-110.639027,43.763129],[-110.640248,43.757676],[-110.643178,43.751654],[-110.665435,43.72309],[-110.724721,43.662624],[-110.733266,43.651394],[-110.739613,43.638536],[-110.748769,43.611518],[-110.751454,43.597683],[-110.754791,43.5574],[-110.759633,43.547065],[-110.76769,43.539333],[-110.777333,43.533393],[-110.787262,43.528876],[-110.823476,43.518337],[-110.833811,43.512234],[-110.843129,43.499823],[-110.845693,43.486396],[-110.843984,43.472276],[-110.836293,43.443183],[-110.829091,43.426785],[-110.818715,43.413357],[-110.804677,43.407782],[-110.794301,43.405626],[-110.773427,43.396267],[-110.760854,43.39411],[-110.746409,43.393622],[-110.735748,43.391669],[-110.727366,43.387315],[-110.719309,43.379828],[-110.710683,43.366726],[-110.707753,43.353095],[-110.710683,43.339179],[-110.719309,43.325222],[-110.734242,43.314032],[-110.767161,43.303494],[-110.780751,43.291693],[-110.767323,43.27851],[-110.764027,43.261013],[-110.768951,43.242499],[-110.779937,43.226182],[-110.792226,43.216824],[-110.805409,43.212592],[-110.936187,43.211697],[-110.960927,43.207465],[-110.966786,43.205268],[-110.971425,43.201972],[-110.976674,43.194403],[-110.980621,43.186835],[-110.985707,43.179877],[-110.994496,43.173774],[-111.005605,43.171739],[-111.019765,43.17296],[-111.031728,43.172553],[-111.041412,43.174994]],[[-111.1881,43.338894],[-111.211293,43.369818],[-111.335683,43.456163],[-111.380198,43.472846],[-111.401682,43.48432],[-111.410756,43.500556],[-111.411936,43.512152],[-111.417063,43.531602],[-111.418202,43.541531],[-111.416982,43.548163],[-111.414906,43.554389],[-111.414418,43.562079],[-111.418202,43.572862],[-111.432525,43.586941],[-111.476389,43.603949],[-111.496734,43.617255],[-111.516347,43.623481],[-111.542388,43.618679],[-111.568837,43.610419],[-111.589508,43.606391],[-111.609771,43.610867],[-111.637115,43.621609],[-111.661204,43.635932],[-111.671457,43.651394],[-111.681996,43.663764],[-111.753407,43.682156],[-111.76415,43.688666],[-111.77774,43.702501],[-111.788157,43.709418],[-111.799794,43.71369],[-111.824941,43.719102],[-111.836537,43.7237],[-111.853871,43.73782],[-111.86856,43.75373],[-111.885976,43.766384],[-111.911692,43.77086],[-111.92512,43.767646],[-111.944651,43.754462],[-111.952626,43.751044],[-111.966298,43.752509],[-112.007883,43.77086],[-112.029775,43.777777],[-112.048411,43.778144],[-112.065419,43.769965],[-112.082346,43.751044],[-112.058705,43.752753],[-112.057729,43.745958],[-112.07608,43.7237],[-112.079905,43.707139],[-112.076161,43.694688],[-112.065582,43.686347],[-112.048818,43.682156],[-112.052398,43.664374],[-112.022532,43.53205],[-112.020863,43.517646],[-112.028391,43.497382],[-112.043365,43.479844],[-112.061757,43.467597],[-112.079254,43.462999],[-112.080719,43.458564],[-112.099721,43.431667],[-112.103831,43.428982],[-112.116282,43.423163],[-112.120839,43.422065],[-112.124257,43.419501],[-112.124135,43.413642],[-112.123158,43.406846],[-112.123931,43.401557],[-112.170725,43.327826],[-112.202301,43.291938],[-112.24059,43.270575],[-112.284088,43.261664],[-112.300933,43.254584],[-112.336659,43.225287],[-112.465159,43.16413],[-112.494618,43.140245],[-112.506907,43.109809],[-112.515859,43.104519],[-112.565826,43.062079],[-112.580637,43.052436],[-112.639272,43.023546]],[[-112.864369,42.811876],[-112.870839,42.783149],[-112.894765,42.758002],[-113.048736,42.653632],[-113.074941,42.643988],[-113.105621,42.637641],[-113.247182,42.632514],[-113.288157,42.637397],[-113.316274,42.653632]],[[-113.473948,42.67475],[-113.525461,42.666938],[-113.559885,42.645941],[-113.637074,42.561225],[-113.654856,42.550605],[-113.673736,42.545681],[-113.696767,42.544379],[-113.708648,42.545356],[-113.7235,42.548367],[-113.736073,42.553738],[-113.741444,42.561794],[-113.748199,42.567694],[-113.76301,42.565538],[-113.777211,42.560614],[-113.782379,42.558051],[-113.823354,42.551215],[-113.837473,42.553494],[-113.862945,42.563259],[-113.874867,42.565497],[-113.885894,42.563259],[-113.900136,42.553494],[-114.032216,42.537421],[-114.071645,42.518378],[-114.095448,42.513861],[-114.119496,42.513699],[-114.138661,42.517117],[-114.149526,42.523057],[-114.155019,42.530341],[-114.159169,42.537869],[-114.166005,42.544379],[-114.177642,42.547675],[-114.207753,42.55036],[-114.227895,42.559149],[-114.254465,42.55744],[-114.265289,42.561794],[-114.274159,42.567247],[-114.351674,42.591986],[-114.488149,42.620144],[-114.497222,42.624457],[-114.522288,42.64057],[-114.563466,42.645535],[-114.593251,42.659776],[-114.77892,42.67475],[-114.793813,42.681749],[-114.809682,42.698025],[-114.830719,42.729356],[-114.831776,42.734565],[-114.830719,42.753526],[-114.832102,42.761542],[-114.835846,42.763048],[-114.841298,42.763292],[-114.85851,42.773464],[-114.887563,42.779364],[-114.899648,42.784003],[-114.916005,42.802517],[-114.919504,42.82453],[-114.909413,42.84516],[-114.885365,42.859687],[-114.90099,42.887315],[-114.905873,42.893866],[-114.916168,42.901719],[-114.936147,42.911892],[-114.943715,42.918036],[-114.962554,42.923204],[-115.050445,42.928575],[-115.101796,42.919704],[-115.127553,42.919216],[-115.13858,42.931708],[-115.143219,42.950629],[-115.154368,42.972968],[-115.16808,42.992703],[-115.180165,43.00373],[-115.19164,43.007148],[-115.199534,43.005683],[-115.214955,42.996283],[-115.252512,42.979519],[-115.268463,42.968207],[-115.286244,42.960761],[-115.30484,42.95661],[-115.364573,42.955349],[-115.399322,42.944037],[-115.418813,42.941107],[-115.437652,42.935981],[-115.451161,42.93476],[-115.463002,42.936835],[-115.496165,42.949083],[-115.570546,42.947211],[-115.587636,42.952216],[-115.608306,42.967312],[-115.622711,42.969062],[-115.659983,42.955349],[-115.708648,42.948554],[-115.734446,42.950263],[-115.752797,42.958686],[-115.757395,42.966824],[-115.761342,42.985663],[-115.766103,42.993109],[-115.77538,42.996894],[-115.81078,42.996283],[-115.858632,43.00373],[-115.893707,43.015692],[-115.924387,43.020209],[-115.934926,43.019599],[-115.944569,43.013983],[-115.951731,43.003038],[-115.960764,42.978583],[-115.967885,42.96955],[-115.99059,42.964382],[-116.013336,42.974636],[-116.03661,42.988959],[-116.060943,42.996283],[-116.071278,42.998114],[-116.08137,43.003241],[-116.088979,43.010932],[-116.091949,43.020819],[-116.096913,43.024929],[-116.14037,43.041287],[-116.17394,43.058946],[-116.187245,43.0692],[-116.190419,43.075873],[-116.18692,43.096218],[-116.19636,43.106879],[-116.240956,43.128241],[-116.286855,43.142279],[-116.296783,43.147081],[-116.319163,43.171088],[-116.345937,43.183539],[-116.354115,43.203315],[-116.359486,43.243272],[-116.367258,43.257921],[-116.381947,43.278673],[-116.399729,43.297309],[-116.416615,43.305365],[-116.49059,43.300849],[-116.51651,43.305365],[-116.554921,43.322537],[-116.757558,43.489569],[-116.769765,43.503974],[-116.773997,43.522528],[-116.776967,43.55032],[-116.78246,43.575507],[-116.794301,43.586534],[-116.804799,43.589667],[-116.82079,43.603298],[-116.831532,43.606391],[-116.842275,43.607937],[-116.869008,43.616482],[-116.897776,43.629706],[-116.9204,43.643256],[-116.939768,43.658271],[-116.947906,43.671576],[-116.95873,43.685248],[-116.984283,43.692206],[-117.037262,43.696397],[-117.077138,43.709988],[-117.067494,43.734565],[-117.039377,43.76557],[-117.023671,43.798204],[-117.023671,43.805609],[-117.031484,43.828559],[-117.015859,43.844753],[-116.993804,43.857611],[-116.982655,43.870795],[-116.971181,43.893256],[-116.967397,43.917182],[-116.954742,43.949652],[-116.947906,43.990587],[-116.943471,44.001573],[-116.939036,44.009223],[-116.935618,44.016954],[-116.934234,44.02851],[-116.941477,44.049425],[-116.968821,44.083441],[-116.969065,44.09988],[-116.95873,44.108588],[-116.94518,44.110175],[-116.931467,44.110053],[-116.920562,44.113471],[-116.912465,44.123562],[-116.908437,44.134955],[-116.907094,44.146796],[-116.906972,44.158149],[-116.903228,44.163601],[-116.89623,44.16946],[-116.892079,44.176581],[-116.897043,44.185818],[-116.916982,44.200059],[-116.934234,44.209744],[-116.956044,44.218329],[-116.961497,44.223741],[-116.969065,44.237006],[-116.971059,44.248074],[-116.97053,44.259385],[-116.973541,44.268175],[-116.986073,44.271796],[-117.008616,44.268622],[-117.026723,44.262763],[-117.044097,44.259589],[-117.064605,44.26435],[-117.073069,44.271837],[-117.078928,44.281684],[-117.086252,44.289822],[-117.099355,44.292263],[-117.112945,44.288398],[-117.122304,44.281195],[-117.13036,44.27265],[-117.14037,44.26435],[-117.178944,44.284613],[-117.195139,44.297634],[-117.201772,44.316189],[-117.200754,44.326443],[-117.195953,44.339545],[-117.194936,44.349921],[-117.197743,44.362738],[-117.211008,44.383124],[-117.215443,44.394639],[-117.212148,44.41767],[-117.201161,44.437527],[-117.193593,44.455512],[-117.203847,44.482449],[-117.197377,44.489569],[-117.188222,44.495429],[-117.183502,44.5008],[-117.180084,44.513495],[-117.171457,44.518744],[-117.160308,44.521064],[-117.149403,44.52501],[-117.13561,44.536973],[-117.122385,44.554023],[-117.112375,44.572699],[-117.103831,44.611762],[-117.092763,44.632921],[-117.067494,44.668402],[-117.039947,44.719062],[-117.029286,44.733507],[-117.01061,44.749864],[-116.950185,44.778266],[-116.931549,44.790107],[-116.917348,44.802517],[-116.864003,44.865994],[-116.840932,44.90115],[-116.832875,44.919786],[-116.822011,44.966417],[-116.820424,44.987413],[-116.822662,44.990343],[-116.827545,44.995429],[-116.832509,45.003363],[-116.834706,45.014716],[-116.83141,45.024929],[-116.823598,45.035712],[-116.717519,45.151313],[-116.696929,45.189765],[-116.679067,45.251247],[-116.665883,45.268337],[-116.656158,45.284613],[-116.653147,45.326199],[-116.649159,45.347439],[-116.636301,45.365546],[-116.601633,45.394558],[-116.586781,45.428046],[-116.539215,45.470893],[-116.53539,45.48078],[-116.530751,45.501899],[-116.511952,45.535509],[-116.506256,45.542304],[-116.476715,45.566433],[-116.463043,45.581855],[-116.455068,45.600653],[-116.455963,45.621853],[-116.463735,45.642401],[-116.49885,45.690863],[-116.517242,45.731757],[-116.530181,45.751532],[-116.542877,45.762315],[-116.557485,45.771999],[-116.599517,45.77794],[-116.657541,45.803494],[-116.678212,45.820421],[-116.687856,45.826606],[-116.759511,45.837917],[-116.769765,45.850775],[-116.778961,45.8664],[-116.838694,45.909735],[-116.867991,45.96601],[-116.876576,45.996894],[-116.902415,46.046332],[-116.95519,46.094062],[-116.960683,46.104682],[-116.931264,46.127997],[-116.918365,46.141872],[-116.909169,46.162421],[-116.90925,46.183295],[-116.930816,46.210639],[-116.942209,46.259589],[-116.956044,46.280707],[-116.989491,46.320014],[-117.036936,46.363227],[-117.044097,46.378445],[-117.040191,46.39643],[-117.024729,46.428819],[-117.023671,46.450995],[-117.047475,46.445868],[-117.16393,46.443549],[-117.18578,46.439724],[-117.196197,46.439154],[-117.208608,46.443549],[-117.204823,46.457221],[-117.209299,46.463935],[-117.216786,46.469184],[-117.222279,46.478339],[-117.223948,46.490424],[-117.222279,46.522406],[-117.229726,46.541612],[-117.247955,46.554999],[-117.290517,46.57392],[-117.362131,46.620307],[-117.393951,46.647162],[-117.447499,46.705024],[-117.465443,46.711046],[-117.508616,46.690985],[-117.539947,46.68712],[-117.59968,46.690619],[-117.644887,46.710761],[-117.671254,46.71894],[-117.691803,46.714179],[-117.70108,46.708564],[-117.722564,46.701036],[-117.732777,46.693956],[-117.757314,46.662665],[-117.7801,46.641547],[-117.794342,46.63349],[-117.81135,46.629177],[-117.849192,46.635321],[-117.856597,46.632636],[-117.862945,46.626288],[-117.868276,46.619412],[-117.872711,46.614854],[-117.888173,46.607245],[-117.902984,46.603135],[-118.055043,46.590033],[-118.115387,46.570828],[-118.150502,46.566474],[-118.16686,46.571885],[-118.186025,46.595771],[-118.199208,46.601264],[-118.206776,46.603217],[-118.222808,46.61225],[-118.229604,46.614854],[-118.242055,46.614569],[-118.278066,46.607449],[-118.30606,46.618354],[-118.335805,46.612413],[-118.365712,46.600775],[-118.394114,46.594346],[-118.444163,46.602118],[-118.462392,46.601264],[-118.475575,46.596706],[-118.502065,46.583441],[-118.513905,46.580756],[-118.520904,46.576768],[-118.548411,46.55036],[-118.55956,46.543524],[-118.584584,46.533555],[-118.593373,46.525458],[-118.59911,46.513861],[-118.603179,46.501044],[-118.60558,46.487738],[-118.606353,46.474555],[-118.610341,46.467475],[-118.617543,46.461127],[-118.621002,46.453721],[-118.61384,46.443549],[-118.622711,46.428656],[-118.634104,46.416368],[-118.66161,46.39643],[-118.677073,46.388495],[-118.723053,46.374701],[-118.733022,46.368842],[-118.742096,46.360541],[-118.757192,46.341132],[-118.758616,46.333319],[-118.757558,46.324083],[-118.759023,46.316474],[-118.767812,46.313259],[-118.776601,46.31269],[-118.783844,46.311103],[-118.882314,46.26789],[-118.983795,46.245551],[-118.995961,46.239325],[-119.014475,46.224189],[-119.029897,46.215155]]]}},{"type":"Feature","properties":{"dissolve":"104Lake Centerline","scalerank":4.0,"featurecla":"Lake Centerline","name":"São  Francisco","name_alt":null,"rivernum":104,"note":null,"min_zoom":4.0,"name_en":"São  Francisco","min_label":5.0},"bbox":[-45.360951,-19.050795,-40.818186,-9.394871],"geometry":{"type":"MultiLineString","coordinates":[[[-43.149973,-11.142999],[-43.145253,-11.131524],[-43.135854,-11.111668],[-43.127349,-11.097833],[-43.118479,-11.073175],[-43.108225,-11.049493],[-43.08495,-11.026056],[-43.056142,-10.998956],[-43.05016,-10.986261],[-43.047963,-10.972019],[-43.043935,-10.954034],[-43.026601,-10.935968],[-42.998036,-10.914239],[-42.971506,-10.895929],[-42.949656,-10.879408],[-42.891916,-10.830255],[-42.787953,-10.800958],[-42.736073,-10.777765],[-42.699452,-10.742608],[-42.681508,-10.675958],[-42.660715,-10.632501],[-42.588979,-10.526056],[-42.539947,-10.472345],[-42.493764,-10.413995],[-42.46052,-10.377944],[-42.433217,-10.322442],[-42.428212,-10.283624],[-42.426666,-10.245131],[-42.453033,-10.176935],[-42.45523,-10.126316],[-42.365834,-10.041925],[-42.296702,-10.015558],[-42.249135,-9.982599],[-42.229604,-9.93849],[-42.210072,-9.915541],[-42.184926,-9.881524],[-42.162913,-9.838311],[-42.14269,-9.767267],[-42.088124,-9.696466],[-42.003651,-9.685235],[-41.904042,-9.684015],[-41.810048,-9.690281],[-41.735219,-9.689955],[-41.523915,-9.711765],[-41.452504,-9.707533],[-41.376454,-9.693048],[-41.343251,-9.66546],[-41.295155,-9.649265],[-41.241444,-9.647963],[-41.211659,-9.626397],[-41.204213,-9.57114],[-41.195221,-9.533217],[-41.169504,-9.499037],[-41.147125,-9.464044],[-41.109853,-9.41961],[-41.064931,-9.394871],[-41.018056,-9.414727],[-40.974599,-9.414402],[-40.938588,-9.404718],[-40.89391,-9.401707],[-40.856679,-9.409682],[-40.83023,-9.427911],[-40.818186,-9.438328]],[[-45.088735,-19.050795],[-45.09024,-19.047784],[-45.098785,-19.026869],[-45.108469,-18.998386],[-45.109731,-18.979506],[-45.109934,-18.95851],[-45.1162,-18.933526],[-45.124664,-18.90838],[-45.135569,-18.894545],[-45.154164,-18.88185],[-45.164662,-18.870538],[-45.170562,-18.831394],[-45.1704,-18.817071],[-45.171539,-18.808933],[-45.176137,-18.800795],[-45.184438,-18.791843],[-45.193959,-18.784601],[-45.199086,-18.764988],[-45.185292,-18.724623],[-45.185129,-18.706476],[-45.193959,-18.687188],[-45.211659,-18.662123],[-45.218821,-18.644952],[-45.216054,-18.625421],[-45.224924,-18.582696],[-45.221181,-18.55755],[-45.20873,-18.541355],[-45.211252,-18.521417],[-45.224924,-18.510431],[-45.235748,-18.507175],[-45.254384,-18.506036],[-45.272817,-18.50213],[-45.291249,-18.49269],[-45.309519,-18.480483],[-45.32665,-18.470636],[-45.342275,-18.462823],[-45.354644,-18.452976],[-45.360951,-18.438328],[-45.356109,-18.424981],[-45.342112,-18.414727],[-45.319244,-18.405694],[-45.305572,-18.396336],[-45.298655,-18.38364],[-45.294179,-18.369317],[-45.289784,-18.348158],[-45.289052,-18.327081],[-45.301584,-18.307061],[-45.302113,-18.286554],[-45.288319,-18.271661],[-45.263254,-18.248061],[-45.258412,-18.235772],[-45.26476,-18.220066],[-45.265045,-18.207208],[-45.262196,-18.204278],[-45.261871,-18.20379],[-45.261586,-18.203302]]]}},{"type":"Feature","properties":{"dissolve":"104River","scalerank":4.0,"featurecla":"River","name":"São  Francisco","name_alt":null,"rivernum":104,"note":null,"min_zoom":4.0,"name_en":"São  Francisco","min_label":5.0},"bbox":[-45.262196,-18.204278,-36.40807,-8.52866],"geometry":{"type":"MultiLineString","coordinates":[[[-40.818186,-9.438328],[-40.801503,-9.439386],[-40.781077,-9.445977],[-40.750885,-9.44964],[-40.725819,-9.44671],[-40.718739,-9.447605],[-40.70759,-9.453058],[-40.68456,-9.470554],[-40.674387,-9.474298],[-40.663686,-9.476414],[-40.643666,-9.485772],[-40.633412,-9.48797],[-40.621693,-9.486342],[-40.5537,-9.464207],[-40.539947,-9.454115],[-40.52831,-9.41839],[-40.513051,-9.410496],[-40.47175,-9.405938],[-40.450185,-9.39544],[-40.42455,-9.36419],[-40.40685,-9.357599],[-40.397898,-9.359796],[-40.377878,-9.369561],[-40.36559,-9.371921],[-40.353017,-9.370782],[-40.342926,-9.36712],[-40.334869,-9.360772],[-40.328359,-9.351414],[-40.328359,-9.316583],[-40.316518,-9.290704],[-40.273183,-9.104018],[-40.249989,-9.070977],[-40.211659,-9.063409],[-40.19225,-9.069024],[-40.17748,-9.076349],[-40.172027,-9.080987],[-40.162506,-9.093194],[-40.157053,-9.097589],[-40.15099,-9.098647],[-40.138661,-9.097996],[-40.132802,-9.1006],[-40.114084,-9.103448],[-40.092275,-9.091485],[-40.054026,-9.063409],[-40.011179,-9.050307],[-39.968617,-9.042901],[-39.953765,-9.033054],[-39.896352,-8.974542],[-39.889394,-8.959324],[-39.881296,-8.933608],[-39.876373,-8.909519],[-39.879262,-8.898858],[-39.885935,-8.890639],[-39.893666,-8.871515],[-39.898427,-8.84881],[-39.896352,-8.83058],[-39.883127,-8.817885],[-39.863108,-8.811944],[-39.796132,-8.807143],[-39.754262,-8.793471],[-39.731842,-8.788995],[-39.706858,-8.787042],[-39.690094,-8.782403],[-39.680776,-8.769952],[-39.677846,-8.744317],[-39.692372,-8.677667],[-39.690907,-8.658705],[-39.680328,-8.649754],[-39.661488,-8.645847],[-39.618886,-8.645033],[-39.60558,-8.641941],[-39.403432,-8.534112],[-39.382395,-8.52866],[-39.362213,-8.528985],[-39.325551,-8.550632],[-39.288157,-8.560561],[-39.272532,-8.576674],[-39.25182,-8.630792],[-39.237538,-8.641534],[-39.232045,-8.649102],[-39.227406,-8.65724],[-39.225413,-8.662449],[-39.221344,-8.677423],[-39.212392,-8.681573],[-39.197458,-8.679132],[-39.172353,-8.682143],[-39.163319,-8.685968],[-39.155385,-8.692885],[-39.151235,-8.699558],[-39.145375,-8.704522],[-39.112294,-8.708673],[-39.028879,-8.73325],[-39.006174,-8.744317],[-38.986643,-8.759698],[-38.978342,-8.778497],[-38.967844,-8.789483],[-38.943471,-8.790541],[-38.895823,-8.782159],[-38.865712,-8.770359],[-38.855458,-8.768569],[-38.847483,-8.770685],[-38.827016,-8.780125],[-38.797556,-8.785658],[-38.786204,-8.794366],[-38.777415,-8.805515],[-38.765452,-8.816339],[-38.727122,-8.830743],[-38.706207,-8.841241],[-38.697133,-8.854181],[-38.694,-8.874444],[-38.656565,-8.966485],[-38.644765,-8.976983],[-38.625152,-8.980808],[-38.608469,-8.970717],[-38.602203,-8.947198],[-38.601633,-8.898858],[-38.589752,-8.858575],[-38.564076,-8.829278],[-38.527943,-8.819187],[-38.484853,-8.836847],[-38.465566,-8.864109],[-38.472035,-8.89129],[-38.512196,-8.94671],[-38.501698,-8.960382],[-38.481353,-9.000421],[-38.467844,-9.008722],[-38.449045,-9.014581],[-38.430979,-9.026056],[-38.40982,-9.034031],[-38.381907,-9.029229],[-38.358144,-9.015069],[-38.337148,-8.998224],[-38.320668,-8.987726],[-38.311391,-8.99269],[-38.304799,-9.003106],[-38.296498,-9.008722],[-38.287587,-9.013523],[-38.286122,-9.024754],[-38.289052,-9.0381],[-38.29308,-9.049168],[-38.301015,-9.058526],[-38.310536,-9.066095],[-38.314768,-9.075535],[-38.306752,-9.09002],[-38.311757,-9.099054],[-38.314687,-9.109308],[-38.315541,-9.120538],[-38.314198,-9.131687],[-38.308339,-9.143243],[-38.289662,-9.16603],[-38.285634,-9.176121],[-38.283681,-9.197931],[-38.249745,-9.30169],[-38.204335,-9.392429],[-38.200307,-9.404229],[-38.199818,-9.409356],[-38.198069,-9.412774],[-38.190053,-9.41961],[-38.180287,-9.425795],[-38.16926,-9.430108],[-38.157419,-9.43255],[-38.121083,-9.434747],[-38.102895,-9.438897],[-38.087961,-9.445326],[-38.073354,-9.45379],[-38.021352,-9.472833],[-38.012563,-9.47796],[-38.010854,-9.496596],[-38.005767,-9.513198],[-37.997222,-9.526869],[-37.985219,-9.53631],[-37.895619,-9.556085],[-37.881581,-9.567071],[-37.867055,-9.582208],[-37.835398,-9.594578],[-37.804636,-9.611179],[-37.792836,-9.638686],[-37.769683,-9.631768],[-37.700307,-9.638686],[-37.676422,-9.646173],[-37.648264,-9.679132],[-37.619293,-9.691746],[-37.566274,-9.727472],[-37.544504,-9.735284],[-37.519032,-9.741143],[-37.493072,-9.74212],[-37.470082,-9.734877],[-37.437123,-9.751967],[-37.35851,-9.772882],[-37.319203,-9.789565],[-37.29719,-9.804701],[-37.247874,-9.854832],[-37.241363,-9.863295],[-37.233062,-9.881199],[-37.227406,-9.888849],[-37.21524,-9.896661],[-37.204457,-9.896661],[-37.193959,-9.893894],[-37.182688,-9.892592],[-37.145131,-9.90073],[-37.118235,-9.91489],[-37.059926,-9.965346],[-37.042104,-9.976088],[-37.02184,-9.98032],[-37.001454,-9.971124],[-36.983144,-9.966729],[-36.964752,-9.97853],[-36.949941,-9.997735],[-36.942494,-10.014988],[-36.936269,-10.101495],[-36.931304,-10.118666],[-36.918568,-10.127618],[-36.881012,-10.139011],[-36.867055,-10.149265],[-36.851389,-10.166681],[-36.838531,-10.186456],[-36.833241,-10.203546],[-36.824086,-10.213881],[-36.80309,-10.220554],[-36.764963,-10.227879],[-36.752268,-10.235772],[-36.725209,-10.258477],[-36.687245,-10.274265],[-36.6787,-10.276218],[-36.672597,-10.27337],[-36.6551,-10.255711],[-36.634511,-10.249363],[-36.620513,-10.253757],[-36.584543,-10.293634],[-36.572743,-10.3117],[-36.563588,-10.331882],[-36.558909,-10.351983],[-36.566151,-10.389011],[-36.566396,-10.410577],[-36.555776,-10.420261],[-36.521148,-10.419285],[-36.463287,-10.406589],[-36.454579,-10.410577],[-36.43224,-10.426446],[-36.426381,-10.435886],[-36.414866,-10.48089],[-36.40807,-10.495945]],[[-45.262196,-18.204278],[-45.255116,-18.193536],[-45.234446,-18.173842],[-45.228098,-18.163263],[-45.227406,-18.149591],[-45.232411,-18.140802],[-45.238637,-18.133966],[-45.241689,-18.125665],[-45.235829,-18.099542],[-45.222117,-18.098321],[-45.193959,-18.115574],[-45.174875,-18.111668],[-45.17691,-18.093927],[-45.187571,-18.070815],[-45.193959,-18.050307],[-45.190582,-18.04103],[-45.183339,-18.036472],[-45.176137,-18.033705],[-45.172841,-18.029799],[-45.172841,-17.998875],[-45.176381,-17.99212],[-45.182078,-17.985691],[-45.184722,-17.97739],[-45.179677,-17.964695],[-45.173818,-17.960463],[-45.163564,-17.956476],[-45.152008,-17.953464],[-45.142079,-17.952162],[-45.12682,-17.947117],[-45.118886,-17.933933],[-45.104888,-17.864923],[-45.104563,-17.854832],[-45.108306,-17.843683],[-45.114735,-17.832208],[-45.118642,-17.820815],[-45.115102,-17.810479],[-45.106191,-17.805108],[-45.095937,-17.801935],[-45.087595,-17.796238],[-45.084096,-17.78338],[-45.079742,-17.774265],[-45.069692,-17.774347],[-45.049306,-17.780287],[-45.026967,-17.776788],[-45.009877,-17.770033],[-44.999135,-17.757175],[-44.995269,-17.73504],[-44.99828,-17.713067],[-45.034332,-17.618829],[-45.035837,-17.597345],[-45.02538,-17.587905],[-45.016469,-17.5853],[-45.00768,-17.578953],[-44.991851,-17.563653],[-44.982493,-17.551121],[-44.9829,-17.541355],[-44.986887,-17.531427],[-44.988433,-17.518976],[-44.986684,-17.507257],[-44.984486,-17.500421],[-44.974843,-17.484877],[-44.971425,-17.482599],[-44.958363,-17.475925],[-44.953725,-17.471205],[-44.952382,-17.465265],[-44.953236,-17.452976],[-44.943593,-17.432061],[-44.934519,-17.379897],[-44.933827,-17.361993],[-44.945668,-17.338393],[-44.946889,-17.327813],[-44.942738,-17.315851],[-44.92927,-17.295099],[-44.920888,-17.263849],[-44.907216,-17.253839],[-44.871165,-17.239109],[-44.858306,-17.230483],[-44.847157,-17.220717],[-44.839426,-17.208185],[-44.837026,-17.190769],[-44.839426,-17.185561],[-44.844309,-17.181573],[-44.84911,-17.176121],[-44.851308,-17.166436],[-44.850901,-17.15724],[-44.849355,-17.15073],[-44.846181,-17.145033],[-44.840728,-17.139174],[-44.822133,-17.110772],[-44.810902,-17.099135],[-44.792633,-17.094415],[-44.790842,-17.085789],[-44.804311,-17.045343],[-44.810374,-17.033054],[-44.805735,-17.013523],[-44.819814,-16.993178],[-44.840199,-16.97739],[-44.869862,-16.961928],[-44.87678,-16.94142],[-44.880238,-16.918471],[-44.885406,-16.902683],[-44.904042,-16.908624],[-44.91161,-16.891778],[-44.912099,-16.844659],[-44.916493,-16.81935],[-44.928456,-16.802748],[-45.000966,-16.759617],[-45.008372,-16.751886],[-45.01301,-16.740086],[-45.012522,-16.73089],[-45.009877,-16.721205],[-45.008372,-16.708022],[-45.015126,-16.692315],[-45.049224,-16.674249],[-45.062978,-16.655613],[-45.064198,-16.645847],[-45.061838,-16.624444],[-45.062978,-16.614679],[-45.069651,-16.603367],[-45.086781,-16.582859],[-45.106679,-16.502944],[-45.104563,-16.484308],[-45.097117,-16.474054],[-45.089915,-16.47267],[-45.081451,-16.473647],[-45.070424,-16.470636],[-45.062652,-16.465509],[-45.057485,-16.460463],[-45.046213,-16.446791],[-45.034169,-16.424005],[-45.041005,-16.408136],[-45.053049,-16.391941],[-45.056752,-16.368178],[-45.035024,-16.336602],[-45.036733,-16.330906],[-45.040679,-16.325616],[-45.04308,-16.319838],[-45.042551,-16.202976],[-45.060902,-16.143976],[-45.065175,-16.092462],[-45.061594,-16.0381],[-45.049306,-15.990899],[-45.029164,-15.973321],[-44.988026,-15.965346],[-44.909047,-15.963556],[-44.879709,-15.948419],[-44.849558,-15.913018],[-44.826039,-15.872979],[-44.816518,-15.843764],[-44.804433,-15.822605],[-44.775258,-15.800795],[-44.739573,-15.782403],[-44.707875,-15.771173],[-44.677439,-15.771498],[-44.669138,-15.767999],[-44.647939,-15.745131],[-44.639027,-15.737644],[-44.600168,-15.716241],[-44.578114,-15.708998],[-44.563303,-15.71087],[-44.497792,-15.64544],[-44.478749,-15.632257],[-44.412465,-15.607924],[-44.396474,-15.596043],[-44.383453,-15.579522],[-44.374745,-15.559096],[-44.368031,-15.50921],[-44.357655,-15.494155],[-44.340566,-15.485365],[-44.316884,-15.477553],[-44.293813,-15.465997],[-44.280629,-15.452081],[-44.258534,-15.418878],[-44.243642,-15.406183],[-44.230784,-15.402195],[-44.21524,-15.400567],[-44.192738,-15.395033],[-44.173492,-15.373956],[-44.138092,-15.257826],[-44.103749,-15.212823],[-44.097157,-15.190281],[-44.096181,-15.122003],[-44.086619,-15.103936],[-44.071034,-15.09474],[-44.032826,-15.082452],[-44.021474,-15.072931],[-44.01769,-15.051772],[-44.021311,-15.007175],[-43.945953,-14.877781],[-43.928944,-14.860528],[-43.925893,-14.849135],[-43.932078,-14.778009],[-43.928456,-14.757257],[-43.915151,-14.725763],[-43.912221,-14.71323],[-43.905426,-14.640476],[-43.873036,-14.527765],[-43.871816,-14.514825],[-43.867502,-14.499851],[-43.848337,-14.468276],[-43.838124,-14.425632],[-43.823883,-14.394464],[-43.805857,-14.366062],[-43.788686,-14.346612],[-43.769887,-14.310398],[-43.707265,-14.238946],[-43.685658,-14.202651],[-43.675282,-14.16131],[-43.658315,-14.031915],[-43.624501,-13.918471],[-43.609731,-13.830255],[-43.60261,-13.809096],[-43.593495,-13.794854],[-43.590159,-13.78631],[-43.588857,-13.773777],[-43.586537,-13.762546],[-43.555898,-13.736505],[-43.556508,-13.72381],[-43.561269,-13.713881],[-43.566965,-13.705255],[-43.57018,-13.695489],[-43.569814,-13.683608],[-43.564198,-13.668878],[-43.55899,-13.640964],[-43.549916,-13.622573],[-43.527984,-13.592625],[-43.462026,-13.546726],[-43.45287,-13.527358],[-43.445546,-13.464695],[-43.446034,-13.442315],[-43.464101,-13.358819],[-43.468007,-13.320977],[-43.459788,-13.284682],[-43.435536,-13.226495],[-43.432444,-13.205499],[-43.435618,-13.195326],[-43.449696,-13.175958],[-43.45287,-13.164565],[-43.461985,-13.074151],[-43.458852,-13.050795],[-43.449452,-13.033868],[-43.414662,-12.999933],[-43.404164,-12.980971],[-43.398305,-12.955011],[-43.400624,-12.889581],[-43.394846,-12.880548],[-43.384023,-12.875421],[-43.36856,-12.862726],[-43.353342,-12.847019],[-43.343007,-12.832859],[-43.315541,-12.773777],[-43.258656,-12.701104],[-43.24059,-12.687514],[-43.202016,-12.66961],[-43.189931,-12.657647],[-43.185374,-12.636651],[-43.188547,-12.619806],[-43.205434,-12.589858],[-43.213287,-12.571466],[-43.223012,-12.520196],[-43.226308,-12.472182],[-43.228668,-12.464207],[-43.240102,-12.439955],[-43.244293,-12.434991],[-43.247711,-12.428155],[-43.248118,-12.383722],[-43.251129,-12.369561],[-43.258656,-12.359877],[-43.267649,-12.351007],[-43.27538,-12.339288],[-43.279612,-12.325372],[-43.2801,-12.313328],[-43.27538,-12.291518],[-43.256174,-12.239272],[-43.240631,-12.212905],[-43.220123,-12.187921],[-43.245025,-12.168308],[-43.256337,-12.154799],[-43.26415,-12.120294],[-43.280629,-12.08587],[-43.345082,-11.990574],[-43.357289,-11.954522],[-43.353505,-11.917413],[-43.319081,-11.862156],[-43.322581,-11.824721],[-43.34435,-11.800632],[-43.349843,-11.790704],[-43.351674,-11.77866],[-43.349843,-11.739435],[-43.354807,-11.726251],[-43.377553,-11.695977],[-43.384633,-11.680841],[-43.386383,-11.633803],[-43.372792,-11.603367],[-43.348053,-11.583998],[-43.300608,-11.563897],[-43.289784,-11.554213],[-43.283559,-11.540216],[-43.281565,-11.519708],[-43.276031,-11.507664],[-43.249623,-11.46616],[-43.24059,-11.446791],[-43.228627,-11.379571],[-43.216705,-11.361749],[-43.20934,-11.35353],[-43.197743,-11.33644],[-43.180776,-11.317722],[-43.182118,-11.310479],[-43.187856,-11.302423],[-43.192779,-11.29046],[-43.19518,-11.246515],[-43.186187,-11.212335],[-43.149973,-11.142999]]]}},{"type":"Feature","properties":{"dissolve":"108Lake Centerline","scalerank":4.0,"featurecla":"Lake Centerline","name":"Paranaíba","name_alt":null,"rivernum":108,"note":null,"min_zoom":4.0,"name_en":"Paranaíba","min_label":5.0},"bbox":[-50.505238,-19.02044,-47.446523,-18.17075],"geometry":{"type":"MultiLineString","coordinates":[[[-47.446523,-18.17075],[-47.552235,-18.207859],[-47.576405,-18.223972],[-47.594472,-18.240167],[-47.60436,-18.254571],[-47.620351,-18.289239],[-47.635487,-18.309421],[-47.65038,-18.32114],[-47.899281,-18.449151],[-47.915354,-18.452813],[-47.927602,-18.453058],[-47.93517,-18.452081],[-47.943796,-18.448256],[-47.961537,-18.441257],[-47.992502,-18.43255],[-48.010813,-18.43255],[-48.017242,-18.434259]],[[-48.22704,-18.340265],[-48.268666,-18.33823],[-48.297353,-18.346368],[-48.366689,-18.352065],[-48.614369,-18.340753],[-48.818227,-18.351983],[-48.853627,-18.346612],[-48.915151,-18.329441],[-48.952463,-18.326349],[-49.018219,-18.366062],[-49.108388,-18.388523]],[[-50.489735,-19.02044],[-50.486928,-19.014581],[-50.487172,-19.003839],[-50.491078,-18.985365],[-50.496246,-18.970229],[-50.503285,-18.955987],[-50.504628,-18.951593],[-50.505198,-18.946954],[-50.505238,-18.941339],[-50.504262,-18.936375],[-50.502187,-18.930597],[-50.499094,-18.927423],[-50.476918,-18.909519],[-50.451405,-18.883152],[-50.323638,-18.714695],[-50.297922,-18.700209],[-50.263783,-18.689142],[-50.112131,-18.6631],[-50.086903,-18.654799],[-50.058095,-18.638849],[-50.039418,-18.625665],[-50.017201,-18.617039],[-49.99177,-18.613783],[-49.898549,-18.618585],[-49.788726,-18.614597]]]}},{"type":"Feature","properties":{"dissolve":"108River","scalerank":4.0,"featurecla":"River","name":"Paranaíba","name_alt":null,"rivernum":108,"note":null,"min_zoom":4.0,"name_en":"Paranaíba","min_label":5.0},"bbox":[-49.788726,-19.171726,-46.313954,-18.05405],"geometry":{"type":"MultiLineString","coordinates":[[[-49.108388,-18.388523],[-49.118804,-18.384617],[-49.124582,-18.383477],[-49.130605,-18.382989],[-49.137441,-18.387058],[-49.149892,-18.405206],[-49.15453,-18.410333],[-49.165273,-18.412286],[-49.202952,-18.410333],[-49.202952,-18.417169],[-49.186757,-18.441827],[-49.210561,-18.474786],[-49.277455,-18.527032],[-49.281809,-18.53338],[-49.286122,-18.548028],[-49.291737,-18.553643],[-49.303578,-18.55755],[-49.312082,-18.557061],[-49.319732,-18.55755],[-49.329579,-18.564304],[-49.340199,-18.583022],[-49.3485,-18.607436],[-49.360219,-18.629815],[-49.381093,-18.64308],[-49.401845,-18.638604],[-49.417714,-18.620457],[-49.431508,-18.597101],[-49.445912,-18.577976],[-49.453725,-18.572931],[-49.472646,-18.563897],[-49.480092,-18.557468],[-49.485666,-18.546563],[-49.493031,-18.500828],[-49.492828,-18.495131],[-49.494862,-18.491876],[-49.503977,-18.486017],[-49.512847,-18.482843],[-49.524037,-18.481785],[-49.533518,-18.483575],[-49.537465,-18.489435],[-49.541168,-18.514174],[-49.55191,-18.525811],[-49.60558,-18.53631],[-49.620107,-18.541518],[-49.633778,-18.548679],[-49.644276,-18.557468],[-49.645904,-18.565932],[-49.637441,-18.584405],[-49.641184,-18.595229],[-49.656484,-18.589288],[-49.681874,-18.583022],[-49.705678,-18.583836],[-49.719797,-18.603855],[-49.728261,-18.608412],[-49.738596,-18.609714],[-49.758534,-18.598484],[-49.765533,-18.602227],[-49.773508,-18.615737],[-49.788726,-18.614597]],[[-48.017934,-18.434421],[-48.030588,-18.429213],[-48.041331,-18.422296],[-48.048777,-18.414727],[-48.051584,-18.406915],[-48.062856,-18.411635],[-48.088735,-18.414402],[-48.117258,-18.413425],[-48.136586,-18.406915],[-48.169545,-18.372003],[-48.22704,-18.340265]],[[-46.313954,-19.17075],[-46.346588,-19.171726],[-46.360219,-19.167006],[-46.365793,-19.15366],[-46.369008,-19.140964],[-46.383046,-19.120538],[-46.386301,-19.105808],[-46.388173,-19.102716],[-46.40331,-19.085626],[-46.40685,-19.078464],[-46.405019,-19.061456],[-46.406728,-19.05405],[-46.41511,-19.040053],[-46.420806,-19.035658],[-46.430653,-19.034112],[-46.437164,-19.031183],[-46.437367,-19.024591],[-46.434071,-19.013604],[-46.461374,-18.965183],[-46.470326,-18.954441],[-46.493235,-18.935968],[-46.502309,-18.924819],[-46.499908,-18.915948],[-46.509511,-18.906752],[-46.523264,-18.899754],[-46.533396,-18.896905],[-46.537465,-18.893487],[-46.537343,-18.885593],[-46.536204,-18.876479],[-46.537099,-18.869643],[-46.543365,-18.862156],[-46.548695,-18.859226],[-46.554026,-18.857273],[-46.560658,-18.852227],[-46.556386,-18.836928],[-46.539377,-18.809991],[-46.518422,-18.784356],[-46.502309,-18.77337],[-46.51065,-18.761895],[-46.535268,-18.749688],[-46.55016,-18.739272],[-46.537506,-18.729669],[-46.518788,-18.692885],[-46.512847,-18.684584],[-46.508941,-18.675714],[-46.51594,-18.634617],[-46.509145,-18.622573],[-46.522532,-18.606296],[-46.533844,-18.584893],[-46.539866,-18.563409],[-46.537099,-18.546889],[-46.547597,-18.54103],[-46.554555,-18.526707],[-46.557932,-18.508966],[-46.557525,-18.492852],[-46.543935,-18.499688],[-46.546864,-18.490248],[-46.555735,-18.470229],[-46.565419,-18.43255],[-46.563791,-18.431492],[-46.575185,-18.421563],[-46.589508,-18.414239],[-46.603139,-18.405125],[-46.612172,-18.389825],[-46.6162,-18.392755],[-46.626454,-18.397312],[-46.629709,-18.391941],[-46.632924,-18.388686],[-46.63622,-18.386244],[-46.639516,-18.382989],[-46.639516,-18.397312],[-46.666615,-18.356378],[-46.673655,-18.348158],[-46.683705,-18.342706],[-46.702382,-18.335626],[-46.714589,-18.327813],[-46.721425,-18.341974],[-46.728871,-18.341974],[-46.728871,-18.321629],[-46.741933,-18.326511],[-46.750844,-18.319268],[-46.76301,-18.293634],[-46.771718,-18.299493],[-46.777415,-18.300632],[-46.780873,-18.296563],[-46.782867,-18.287449],[-46.790354,-18.287449],[-46.790354,-18.30047],[-46.803578,-18.296075],[-46.839223,-18.292657],[-46.859242,-18.287449],[-46.851796,-18.279962],[-46.880076,-18.27044],[-46.886545,-18.26629],[-46.89273,-18.26629],[-46.894032,-18.270847],[-46.895863,-18.273614],[-46.897939,-18.276056],[-46.900217,-18.279962],[-46.932729,-18.255222],[-46.952138,-18.249363],[-46.969106,-18.259454],[-46.975209,-18.254815],[-46.982086,-18.259454],[-46.97468,-18.26629],[-46.981842,-18.26808],[-46.984934,-18.270196],[-46.988271,-18.270522],[-46.996409,-18.26629],[-46.996246,-18.284194],[-47.003529,-18.292494],[-47.012196,-18.289483],[-47.016225,-18.273126],[-47.0301,-18.28631],[-47.048492,-18.290704],[-47.064565,-18.288995],[-47.071523,-18.283705],[-47.078359,-18.293878],[-47.093821,-18.292494],[-47.110097,-18.285984],[-47.119252,-18.279962],[-47.09553,-18.267104],[-47.098378,-18.261733],[-47.115102,-18.25864],[-47.132924,-18.252781],[-47.137074,-18.246433],[-47.146596,-18.221612],[-47.151235,-18.219659],[-47.181386,-18.211765],[-47.17634,-18.206476],[-47.175038,-18.203546],[-47.181386,-18.191257],[-47.176625,-18.184503],[-47.17394,-18.177586],[-47.185211,-18.174493],[-47.1881,-18.169366],[-47.183909,-18.1631],[-47.17394,-18.156427],[-47.190175,-18.157403],[-47.19933,-18.152276],[-47.207997,-18.145929],[-47.22232,-18.143487],[-47.219594,-18.136651],[-47.216054,-18.132338],[-47.210561,-18.13006],[-47.201812,-18.129083],[-47.201812,-18.122247],[-47.231272,-18.118178],[-47.251088,-18.102716],[-47.265004,-18.080011],[-47.276357,-18.05405],[-47.289296,-18.058933],[-47.29601,-18.060561],[-47.30427,-18.060235],[-47.297434,-18.067722],[-47.307118,-18.068211],[-47.339711,-18.077325],[-47.343251,-18.085789],[-47.34435,-18.096043],[-47.348622,-18.10532],[-47.356923,-18.109552],[-47.378082,-18.112481],[-47.38683,-18.115574],[-47.388295,-18.119073],[-47.39151,-18.132501],[-47.393056,-18.136082],[-47.404897,-18.140558],[-47.409901,-18.140639],[-47.425852,-18.159519],[-47.431223,-18.163263],[-47.446523,-18.17075]]]}},{"type":"Feature","properties":{"dissolve":"10River","scalerank":1.0,"featurecla":"River","name":"Ucayali","name_alt":null,"rivernum":10,"note":null,"min_zoom":2.0,"name_en":"Ucayali","min_label":3.0},"bbox":[-75.311594,-15.336358,-71.441762,-4.444838],"geometry":{"type":"MultiLineString","coordinates":[[[-71.668772,-15.336358],[-71.658315,-15.315606],[-71.647369,-15.260756],[-71.637766,-15.237319],[-71.645863,-15.221205],[-71.652659,-15.199151],[-71.653798,-15.17726],[-71.645172,-15.162286],[-71.634877,-15.159845],[-71.624989,-15.162774],[-71.616567,-15.167332],[-71.610422,-15.169773],[-71.602447,-15.170099],[-71.59911,-15.169773],[-71.586822,-15.159194],[-71.585805,-15.141615],[-71.603668,-15.119317],[-71.637766,-15.08644],[-71.640492,-15.065769],[-71.627431,-14.983412],[-71.618357,-14.962742],[-71.605458,-14.944757],[-71.554433,-14.893487],[-71.53189,-14.880304],[-71.518625,-14.861993],[-71.507802,-14.839532],[-71.501129,-14.819675],[-71.5006,-14.812921],[-71.50178,-14.799005],[-71.501129,-14.792332],[-71.498443,-14.786147],[-71.490468,-14.777195],[-71.487538,-14.771905],[-71.473866,-14.726495],[-71.471262,-14.706557],[-71.472971,-14.699233],[-71.481313,-14.688653],[-71.463531,-14.684747],[-71.448354,-14.67433],[-71.441762,-14.660089],[-71.449696,-14.64422],[-71.45995,-14.629246],[-71.464752,-14.61004],[-71.46703,-14.473565],[-71.469797,-14.451674],[-71.494293,-14.394464],[-71.49885,-14.373956],[-71.501129,-14.312188],[-71.504262,-14.292413],[-71.544586,-14.200209],[-71.56371,-14.178888],[-71.592356,-14.165948],[-71.667958,-14.146661],[-71.692006,-14.13421],[-71.707834,-14.113946],[-71.718861,-14.060561],[-71.742787,-14.008477],[-71.748199,-13.986993],[-71.753489,-13.97381],[-71.776479,-13.952],[-71.781728,-13.938897],[-71.786204,-13.922865],[-71.796498,-13.909519],[-71.808176,-13.897882],[-71.816518,-13.887384],[-71.821034,-13.873956],[-71.822743,-13.859389],[-71.822662,-13.829034],[-71.829823,-13.817885],[-71.845693,-13.818536],[-71.862172,-13.825046],[-71.871083,-13.832045],[-71.887807,-13.828546],[-71.956776,-13.832045],[-71.978627,-13.826104],[-71.986562,-13.8117],[-71.990712,-13.793796],[-72.001454,-13.77752],[-72.067128,-13.761407],[-72.080312,-13.760756],[-72.097117,-13.77101],[-72.120229,-13.778334],[-72.165273,-13.784356],[-72.219228,-13.736993],[-72.228017,-13.726576],[-72.235463,-13.724542],[-72.266713,-13.701349],[-72.272084,-13.695489],[-72.322255,-13.699395],[-72.337229,-13.695489],[-72.3756,-13.674737],[-72.394032,-13.661065],[-72.405507,-13.6478],[-72.398061,-13.640313],[-72.418365,-13.610528],[-72.430328,-13.597833],[-72.443715,-13.592625],[-72.48469,-13.592625],[-72.497874,-13.590834],[-72.504791,-13.586847],[-72.509389,-13.582045],[-72.51537,-13.578302],[-72.553578,-13.56756],[-72.594553,-13.565281],[-72.605092,-13.561944],[-72.613189,-13.547377],[-72.621205,-13.544122],[-72.632883,-13.541843],[-72.705393,-13.502374],[-72.771596,-13.45086],[-72.803415,-13.43491],[-72.841054,-13.42962],[-72.882192,-13.428643],[-72.887156,-13.425226],[-72.89269,-13.416925],[-72.897125,-13.406671],[-72.898997,-13.397638],[-72.904408,-13.394871],[-72.930653,-13.394057],[-72.964101,-13.3978],[-72.978627,-13.403985],[-73.008372,-13.426121],[-73.011301,-13.427586],[-73.015614,-13.428643],[-73.021718,-13.428237],[-73.032094,-13.422784],[-73.036204,-13.421808],[-73.049387,-13.424981],[-73.056752,-13.428643],[-73.07372,-13.445733],[-73.096669,-13.458185],[-73.114369,-13.450698],[-73.130523,-13.436456],[-73.149078,-13.428643],[-73.155507,-13.431573],[-73.162587,-13.437188],[-73.16983,-13.441095],[-73.176747,-13.438653],[-73.185536,-13.43255],[-73.221099,-13.421808],[-73.228179,-13.411472],[-73.255238,-13.38714],[-73.303049,-13.357924],[-73.310496,-13.349542],[-73.314768,-13.33644],[-73.333567,-13.316827],[-73.359242,-13.2728],[-73.410715,-13.209487],[-73.439809,-13.184991],[-73.471262,-13.174819],[-73.477284,-13.168878],[-73.498525,-13.13006],[-73.512603,-13.118504],[-73.546864,-13.099461],[-73.56371,-13.092218],[-73.56371,-13.085463],[-73.549469,-13.063816],[-73.569325,-12.985772],[-73.559967,-12.968764],[-73.555531,-12.965671],[-73.557851,-12.958836],[-73.564809,-12.952],[-73.57429,-12.948907],[-73.582509,-12.944838],[-73.587026,-12.935235],[-73.60143,-12.883722],[-73.608306,-12.866876],[-73.615224,-12.859552],[-73.620717,-12.852065],[-73.630849,-12.815606],[-73.633941,-12.779229],[-73.637929,-12.766453],[-73.653147,-12.743504],[-73.660146,-12.726007],[-73.668568,-12.691583],[-73.676991,-12.677911],[-73.725657,-12.628757],[-73.741851,-12.619317],[-73.743276,-12.624851],[-73.746897,-12.634291],[-73.748118,-12.639825],[-73.762685,-12.628269],[-73.816965,-12.557794],[-73.82429,-12.529962],[-73.83019,-12.515558],[-73.841176,-12.509454],[-73.858551,-12.504571],[-73.862701,-12.492852],[-73.8579,-12.465346],[-73.858957,-12.447931],[-73.862416,-12.440444],[-73.869049,-12.434421],[-73.879709,-12.42075],[-73.884429,-12.408217],[-73.889475,-12.381524],[-73.896108,-12.369806],[-73.934275,-12.324151],[-73.961578,-12.277276],[-73.963531,-12.241143],[-73.977691,-12.204441],[-74.026845,-12.113214],[-74.033437,-12.105971],[-74.043528,-12.098565],[-74.05484,-12.095066],[-74.065907,-12.094171],[-74.07433,-12.089695],[-74.079701,-12.065851],[-74.088694,-12.056166],[-74.090688,-12.047296],[-74.089182,-12.037937],[-74.077626,-12.002374],[-74.067291,-11.98325],[-74.036366,-11.93963],[-74.023793,-11.911554],[-74.009145,-11.903985],[-73.97525,-11.893731],[-73.970123,-11.890558],[-73.963531,-11.885105],[-73.957672,-11.878595],[-73.954742,-11.872573],[-73.955719,-11.860528],[-73.960317,-11.853204],[-73.965403,-11.848077],[-73.970041,-11.837823],[-73.981191,-11.821954],[-73.985748,-11.818699],[-73.989369,-11.812921],[-74.029368,-11.707045],[-74.058095,-11.669122],[-74.062815,-11.648614],[-74.063873,-11.627862],[-74.071441,-11.604994],[-74.085846,-11.595066],[-74.106516,-11.5888],[-74.124867,-11.578058],[-74.132883,-11.553888],[-74.12678,-11.489435],[-74.132883,-11.468601],[-74.141428,-11.457045],[-74.173899,-11.426935],[-74.194569,-11.393487],[-74.219309,-11.365574],[-74.258616,-11.290541],[-74.265126,-11.273289],[-74.26887,-11.25506],[-74.27009,-11.232354],[-74.267934,-11.221612],[-74.258534,-11.206964],[-74.256418,-11.198175],[-74.254954,-11.158054],[-74.256418,-11.153253],[-74.240631,-11.143487],[-74.215321,-11.140069],[-74.191721,-11.143976],[-74.181304,-11.156671],[-74.171946,-11.163751],[-74.10497,-11.181166],[-74.09024,-11.186944],[-74.085764,-11.189793],[-74.082428,-11.188165],[-74.071441,-11.181166],[-74.069081,-11.176121],[-74.059275,-11.163995],[-74.048573,-11.156183],[-74.043528,-11.163751],[-74.032338,-11.171726],[-73.785715,-11.284601],[-73.769399,-11.288914],[-73.744985,-11.29046],[-73.739166,-11.287123],[-73.720367,-11.273126],[-73.711171,-11.269952],[-73.696523,-11.267999],[-73.692698,-11.262628],[-73.695627,-11.25392],[-73.701527,-11.242608],[-73.705637,-11.237644],[-73.71703,-11.228692],[-73.721344,-11.222101],[-73.722727,-11.215753],[-73.721344,-11.184259],[-73.725535,-11.171238],[-73.743886,-11.13836],[-73.748118,-11.119073],[-73.746897,-11.108331],[-73.742136,-11.094089],[-73.741851,-11.084893],[-73.744618,-11.077],[-73.75357,-11.062839],[-73.759348,-11.041925],[-73.77717,-11.010431],[-73.782826,-10.995538],[-73.784983,-10.974949],[-73.784413,-10.950128],[-73.780629,-10.926772],[-73.772939,-10.910007],[-73.757436,-10.888523],[-73.749338,-10.869155],[-73.748687,-10.850518],[-73.755523,-10.831069],[-73.76301,-10.819838],[-73.769846,-10.812351],[-73.774566,-10.803562],[-73.77599,-10.789483],[-73.772572,-10.778823],[-73.758656,-10.762384],[-73.753407,-10.747003],[-73.744008,-10.733087],[-73.741851,-10.72503],[-73.74649,-10.714695],[-73.757069,-10.70558],[-73.82608,-10.66489],[-73.86384,-10.65252],[-73.87914,-10.634454],[-73.891835,-10.613702],[-73.906361,-10.598321],[-73.916371,-10.594659],[-73.936879,-10.593601],[-73.947336,-10.591485],[-73.972524,-10.573907],[-73.978627,-10.570977],[-73.988881,-10.562677],[-74.008778,-10.50213],[-74.019276,-10.480808],[-74.025706,-10.462335],[-74.032704,-10.394871],[-74.043568,-10.349298],[-74.043528,-10.330906],[-74.03067,-10.313816],[-74.012563,-10.301121],[-74.004018,-10.287123],[-74.019643,-10.265964],[-74.026194,-10.247573],[-74.000152,-10.210789],[-74.002553,-10.193699],[-74.012034,-10.190851],[-74.023915,-10.194268],[-74.035308,-10.198907],[-74.043528,-10.200535],[-74.055735,-10.195733],[-74.054351,-10.191827],[-74.047597,-10.186375],[-74.043528,-10.176609],[-74.041371,-10.172865],[-74.036692,-10.171319],[-74.032053,-10.168878],[-74.029897,-10.162937],[-74.030832,-10.157159],[-74.035146,-10.1478],[-74.038197,-10.13185],[-74.041819,-10.12241],[-74.04247,-10.113621],[-74.036041,-10.104913],[-74.025461,-10.099949],[-74.016347,-10.101251],[-74.006988,-10.104343],[-73.995717,-10.104913],[-73.985585,-10.101739],[-73.969146,-10.093113],[-73.964711,-10.091241],[-73.961781,-10.086847],[-73.960561,-10.077325],[-73.963124,-10.067722],[-73.971547,-10.063328],[-74.008616,-10.070245],[-74.016225,-10.070733],[-74.034047,-10.059991],[-74.052113,-10.041925],[-74.065907,-10.022149],[-74.071441,-10.005548],[-74.070302,-9.99448],[-74.065175,-9.975518],[-74.064036,-9.964288],[-74.066274,-9.955906],[-74.075917,-9.94142],[-74.077626,-9.933526],[-74.067047,-9.90252],[-74.049062,-9.90838],[-74.029124,-9.928643],[-74.012522,-9.940362],[-73.993642,-9.932143],[-73.975901,-9.913425],[-73.954742,-9.87892],[-73.953318,-9.834324],[-73.986887,-9.819675],[-74.035146,-9.822605],[-74.114166,-9.837823],[-74.136138,-9.837416],[-74.145904,-9.827162],[-74.147084,-9.817234],[-74.152211,-9.796726],[-74.153391,-9.786147],[-74.151926,-9.774347],[-74.146108,-9.757745],[-74.145904,-9.748549],[-74.153757,-9.729506],[-74.176584,-9.705011],[-74.181304,-9.683119],[-74.178456,-9.672865],[-74.171702,-9.666355],[-74.156484,-9.655776],[-74.152577,-9.645929],[-74.153635,-9.633722],[-74.16454,-9.587905],[-74.172434,-9.570977],[-74.186879,-9.560479],[-74.211415,-9.556817],[-74.22643,-9.546889],[-74.225575,-9.524591],[-74.214833,-9.48797],[-74.227447,-9.472182],[-74.245025,-9.477472],[-74.283762,-9.509129],[-74.286773,-9.500828],[-74.288726,-9.492527],[-74.289906,-9.474298],[-74.287343,-9.468276],[-74.282094,-9.462416],[-74.277455,-9.455743],[-74.276926,-9.447605],[-74.28246,-9.439304],[-74.310414,-9.41961],[-74.316029,-9.411147],[-74.324696,-9.393243],[-74.330922,-9.385593],[-74.359609,-9.369317],[-74.388743,-9.359714],[-74.411244,-9.343194],[-74.420277,-9.306329],[-74.420277,-9.279148],[-74.418202,-9.271173],[-74.413726,-9.266615],[-74.409291,-9.263198],[-74.402821,-9.249851],[-74.383738,-9.221124],[-74.379303,-9.203627],[-74.379872,-9.169448],[-74.385569,-9.141534],[-74.401845,-9.118178],[-74.43456,-9.097589],[-74.441029,-9.115737],[-74.453969,-9.116876],[-74.467519,-9.106378],[-74.475535,-9.09002],[-74.475697,-9.066257],[-74.466298,-9.05462],[-74.451283,-9.047296],[-74.43456,-9.036065],[-74.444814,-9.031915],[-74.465403,-9.031915],[-74.475535,-9.029229],[-74.482777,-9.022638],[-74.492502,-9.010919],[-74.497914,-8.999444],[-74.492299,-8.99448],[-74.48644,-8.983331],[-74.493276,-8.958347],[-74.509633,-8.919936],[-74.509104,-8.875339],[-74.514516,-8.857599],[-74.557973,-8.84002],[-74.565541,-8.816095],[-74.55956,-8.788751],[-74.543813,-8.768569],[-74.43814,-8.689467],[-74.43456,-8.68255],[-74.433827,-8.669448],[-74.431508,-8.662449],[-74.420277,-8.651869],[-74.413971,-8.647963],[-74.399037,-8.642429],[-74.393015,-8.638116],[-74.388783,-8.630548],[-74.381174,-8.609063],[-74.352854,-8.563653],[-74.339508,-8.556085],[-74.31786,-8.569268],[-74.305531,-8.597345],[-74.295318,-8.607843],[-74.276926,-8.604018],[-74.263824,-8.589695],[-74.26358,-8.572768],[-74.283681,-8.522393],[-74.285064,-8.507745],[-74.271555,-8.454522],[-74.270985,-8.442804],[-74.278432,-8.436212],[-74.297353,-8.432794],[-74.329701,-8.437839],[-74.346059,-8.456882],[-74.358632,-8.48089],[-74.379303,-8.50099],[-74.398427,-8.498956],[-74.439565,-8.456557],[-74.461822,-8.43963],[-74.494293,-8.468927],[-74.505442,-8.468683],[-74.512074,-8.420831],[-74.522125,-8.388604],[-74.523305,-8.37127],[-74.520131,-8.359796],[-74.507639,-8.340265],[-74.502878,-8.329767],[-74.500356,-8.317234],[-74.502878,-8.285333],[-74.507802,-8.271824],[-74.520009,-8.261163],[-74.535634,-8.253269],[-74.550649,-8.247735],[-74.594797,-8.237156],[-74.606191,-8.225274],[-74.595041,-8.203058],[-74.578684,-8.184259],[-74.57315,-8.174168],[-74.571116,-8.162123],[-74.576568,-8.151218],[-74.589182,-8.153253],[-74.61205,-8.165216],[-74.645172,-8.15838],[-74.640248,-8.1242],[-74.622914,-8.08172],[-74.618886,-8.049168],[-74.634023,-8.037449],[-74.654164,-8.033624],[-74.67219,-8.027195],[-74.680979,-8.007664],[-74.676747,-7.997573],[-74.669179,-7.98919],[-74.667388,-7.981378],[-74.680979,-7.973484],[-74.695709,-7.972507],[-74.707265,-7.978367],[-74.7176,-7.98683],[-74.728749,-7.993992],[-74.754384,-8.000421],[-74.773183,-7.997898],[-74.780141,-7.986505],[-74.770334,-7.966648],[-74.751943,-7.952081],[-74.733754,-7.950128],[-74.713043,-7.953139],[-74.687164,-7.952976],[-74.697662,-7.933933],[-74.711822,-7.920587],[-74.746165,-7.894952],[-74.759185,-7.878269],[-74.76651,-7.872979],[-74.780263,-7.871026],[-74.787953,-7.875421],[-74.791086,-7.885675],[-74.79304,-7.897312],[-74.797027,-7.905776],[-74.815826,-7.914727],[-74.827219,-7.904636],[-74.836374,-7.885675],[-74.848541,-7.867608],[-74.855458,-7.865574],[-74.863393,-7.868178],[-74.869985,-7.873956],[-74.872792,-7.88128],[-74.870676,-7.889174],[-74.861399,-7.906101],[-74.85912,-7.911961],[-74.862172,-7.938897],[-74.873036,-7.942885],[-74.88801,-7.932468],[-74.903188,-7.915704],[-74.93106,-7.874444],[-74.942209,-7.867852],[-74.966298,-7.863946],[-74.975168,-7.857354],[-74.978383,-7.836277],[-74.967519,-7.81642],[-74.95108,-7.80169],[-74.937937,-7.795912],[-74.936513,-7.788914],[-74.996246,-7.747491],[-75.037221,-7.675226],[-75.038238,-7.638035],[-75.028757,-7.628839],[-75.003082,-7.630792],[-74.974721,-7.652765],[-74.960683,-7.655776],[-74.954701,-7.63421],[-74.960072,-7.62005],[-75.023671,-7.548354],[-75.032786,-7.525811],[-75.026682,-7.504246],[-75.012522,-7.476902],[-75.0065,-7.473158],[-74.998036,-7.470229],[-74.988149,-7.463881],[-74.979604,-7.45672],[-74.975168,-7.452081],[-74.966664,-7.408543],[-74.992299,-7.380385],[-75.071401,-7.343438],[-75.082265,-7.331231],[-75.102976,-7.296238],[-75.109527,-7.288751],[-75.111643,-7.287774],[-75.139638,-7.282078],[-75.148101,-7.273614],[-75.154164,-7.257338],[-75.160756,-7.247247],[-75.174794,-7.235528],[-75.188629,-7.231948],[-75.225942,-7.233575],[-75.236155,-7.239679],[-75.247141,-7.250502],[-75.258656,-7.254571],[-75.270619,-7.240411],[-75.242665,-7.185235],[-75.259592,-7.181166],[-75.28303,-7.180597],[-75.303456,-7.177097],[-75.311594,-7.164727],[-75.307281,-7.154474],[-75.297719,-7.14837],[-75.285634,-7.145522],[-75.273752,-7.144871],[-75.263173,-7.141127],[-75.25475,-7.132013],[-75.23054,-7.087254],[-75.21939,-7.072442],[-75.202952,-7.06463],[-75.153635,-7.061944],[-75.139597,-7.058038],[-75.130767,-7.045831],[-75.126047,-7.020685],[-75.117584,-6.997573],[-75.131012,-6.984389],[-75.150706,-6.976495],[-75.160756,-6.969578],[-75.175771,-6.949395],[-75.179311,-6.940362],[-75.147206,-6.855808],[-75.136545,-6.839207],[-75.120188,-6.830011],[-75.077992,-6.819675],[-75.064565,-6.809015],[-75.061513,-6.788588],[-75.078847,-6.723321],[-75.080963,-6.699395],[-75.087473,-6.684096],[-75.098053,-6.674005],[-75.112945,-6.664972],[-75.142201,-6.639988],[-75.152821,-6.624363],[-75.143056,-6.617201],[-75.124867,-6.615411],[-75.102122,-6.610691],[-75.081858,-6.604018],[-75.071401,-6.596124],[-75.070709,-6.576186],[-75.081207,-6.55877],[-75.098053,-6.546319],[-75.116363,-6.541518],[-75.171213,-6.541192],[-75.177805,-6.539565],[-75.187408,-6.527846],[-75.207957,-6.479425],[-75.208119,-6.468113],[-75.201731,-6.441827],[-75.19286,-6.435968],[-75.151763,-6.424005],[-75.139638,-6.417983],[-75.133209,-6.398614],[-75.136383,-6.379246],[-75.142934,-6.359308],[-75.146474,-6.3388],[-75.146474,-6.297865],[-75.149322,-6.290948],[-75.16275,-6.276381],[-75.166982,-6.267755],[-75.166249,-6.248061],[-75.16275,-6.227879],[-75.163971,-6.212091],[-75.177561,-6.205743],[-75.188222,-6.203953],[-75.199696,-6.198907],[-75.206858,-6.19142],[-75.204823,-6.182143],[-75.197133,-6.174819],[-75.1905,-6.171726],[-75.183339,-6.169366],[-75.174428,-6.164727],[-75.162099,-6.156671],[-75.158518,-6.152276],[-75.15331,-6.14422],[-75.14859,-6.132989],[-75.142568,-6.109389],[-75.136545,-6.099298],[-75.129018,-6.09295],[-75.116119,-6.084487],[-75.104075,-6.080092],[-75.098704,-6.08587],[-75.098704,-6.123875],[-75.086008,-6.140558],[-75.070383,-6.141534],[-75.057118,-6.129083],[-75.051503,-6.106378],[-75.055572,-6.088311],[-75.062367,-6.072117],[-75.06371,-6.056492],[-75.051503,-6.040541],[-75.039866,-6.037123],[-75.022898,-6.037042],[-75.006459,-6.038507],[-74.996246,-6.040541],[-74.988271,-6.045424],[-74.96524,-6.07228],[-74.947743,-6.085463],[-74.93224,-6.086765],[-74.915354,-6.078139],[-74.878041,-6.051935],[-74.870839,-6.044936],[-74.865305,-6.034356],[-74.864166,-6.0228],[-74.866119,-5.998875],[-74.862172,-5.989435],[-74.842763,-5.975518],[-74.832753,-5.983901],[-74.821238,-5.997979],[-74.797027,-6.000339],[-74.787424,-5.990167],[-74.781565,-5.972101],[-74.773183,-5.954441],[-74.756012,-5.945001],[-74.738596,-5.951349],[-74.725697,-5.969252],[-74.717844,-5.991388],[-74.715077,-6.010186],[-74.709828,-6.025567],[-74.697987,-6.024265],[-74.686269,-6.010593],[-74.680979,-5.989435],[-74.695953,-5.941583],[-74.701487,-5.931329],[-74.692698,-5.914727],[-74.683909,-5.90545],[-74.660471,-5.890476],[-74.64977,-5.879734],[-74.615468,-5.832045],[-74.606842,-5.827976],[-74.586415,-5.827813],[-74.577952,-5.822117],[-74.575876,-5.813653],[-74.577952,-5.780613],[-74.572987,-5.768243],[-74.56371,-5.754815],[-74.552073,-5.743992],[-74.54011,-5.739597],[-74.535837,-5.732354],[-74.522817,-5.717462],[-74.509145,-5.706069],[-74.502878,-5.708836],[-74.501332,-5.715997],[-74.493276,-5.739272],[-74.489166,-5.746433],[-74.478179,-5.754571],[-74.469146,-5.756687],[-74.459869,-5.757013],[-74.448232,-5.760105],[-74.433339,-5.769382],[-74.40925,-5.790216],[-74.396352,-5.794285],[-74.38915,-5.784519],[-74.371897,-5.726007],[-74.360219,-5.737726],[-74.342152,-5.773126],[-74.334625,-5.780613],[-74.318023,-5.773777],[-74.30427,-5.757175],[-74.274648,-5.695815],[-74.275706,-5.681817],[-74.28067,-5.66839],[-74.283762,-5.647149],[-74.274403,-5.634698],[-74.253082,-5.632826],[-74.214833,-5.63714],[-74.153391,-5.606134],[-74.151235,-5.601739],[-74.147939,-5.59116],[-74.148183,-5.580092],[-74.156484,-5.575128],[-74.167144,-5.573907],[-74.191803,-5.56642],[-74.200551,-5.561456],[-74.204945,-5.557306],[-74.210764,-5.550307],[-74.215077,-5.542169],[-74.214833,-5.534112],[-74.205068,-5.523858],[-74.193186,-5.521905],[-74.18102,-5.521824],[-74.170481,-5.517022],[-74.161977,-5.51157],[-74.154042,-5.508315],[-74.148264,-5.502862],[-74.145904,-5.489679],[-74.151845,-5.478692],[-74.164622,-5.475763],[-74.176869,-5.476983],[-74.181304,-5.478936],[-74.194325,-5.472345],[-74.199574,-5.467625],[-74.197174,-5.461765],[-74.187489,-5.451593],[-74.152333,-5.432794],[-74.145904,-5.424249],[-74.150624,-5.414483],[-74.178863,-5.404799],[-74.187489,-5.396987],[-74.186106,-5.379083],[-74.17101,-5.379571],[-74.15217,-5.388686],[-74.139068,-5.396987],[-74.126536,-5.378432],[-74.11026,-5.367608],[-74.094716,-5.359552],[-74.083852,-5.349135],[-74.079823,-5.338393],[-74.082143,-5.333998],[-74.087026,-5.330011],[-74.090688,-5.321222],[-74.092885,-5.26808],[-74.102773,-5.228855],[-74.10497,-5.208347],[-74.104319,-5.171401],[-74.100209,-5.159356],[-74.07608,-5.124688],[-74.071441,-5.115737],[-74.069407,-5.106866],[-74.066721,-5.083673],[-74.064036,-5.075535],[-74.028798,-5.045587],[-74.017201,-5.026381],[-74.026438,-5.002862],[-74.030507,-4.985854],[-74.011545,-4.981785],[-73.987294,-4.98976],[-73.97525,-5.009942],[-73.972524,-5.029799],[-73.965159,-5.054376],[-73.954091,-5.076674],[-73.9405,-5.089044],[-73.906606,-5.055515],[-73.888376,-5.045099],[-73.861684,-5.041355],[-73.843455,-5.032403],[-73.789662,-4.971694],[-73.781606,-4.965265],[-73.776763,-4.962742],[-73.773549,-4.95794],[-73.769846,-4.945164],[-73.768422,-4.934503],[-73.76891,-4.875014],[-73.765207,-4.862807],[-73.756744,-4.863295],[-73.708567,-4.903334],[-73.689036,-4.907647],[-73.680409,-4.886163],[-73.689076,-4.862726],[-73.726918,-4.823256],[-73.735056,-4.80047],[-73.727528,-4.790216],[-73.709828,-4.781589],[-73.688466,-4.775405],[-73.65099,-4.770033],[-73.637074,-4.76157],[-73.62682,-4.748549],[-73.618967,-4.732273],[-73.610829,-4.691583],[-73.601308,-4.681166],[-73.561594,-4.707533],[-73.55016,-4.701104],[-73.547963,-4.683608],[-73.556264,-4.663425],[-73.561635,-4.659194],[-73.569163,-4.655206],[-73.575592,-4.650323],[-73.577992,-4.643487],[-73.575022,-4.632013],[-73.568267,-4.623224],[-73.558583,-4.617608],[-73.546702,-4.615574],[-73.53425,-4.605645],[-73.481801,-4.540379],[-73.468455,-4.532159],[-73.462148,-4.526544],[-73.460683,-4.519952],[-73.467763,-4.507826],[-73.476674,-4.506768],[-73.487131,-4.510431],[-73.498525,-4.513116],[-73.520457,-4.50392],[-73.518951,-4.483331],[-73.504872,-4.460382],[-73.488637,-4.444838]]]}},{"type":"Feature","properties":{"dissolve":"110Lake Centerline","scalerank":4.0,"featurecla":"Lake Centerline","name":"Rio Grande","name_alt":null,"rivernum":110,"note":null,"min_zoom":4.0,"name_en":"Rio Grande","min_label":5.0},"bbox":[-107.295155,26.565945,-99.172353,33.35574],"geometry":{"type":"MultiLineString","coordinates":[[[-107.181386,33.173163],[-107.176137,33.189521],[-107.177235,33.208035],[-107.179351,33.224799],[-107.172231,33.23782],[-107.163564,33.259833],[-107.166086,33.283759],[-107.169016,33.303412],[-107.17101,33.325954],[-107.170969,33.345974],[-107.169993,33.35574]],[[-107.293446,32.910346],[-107.295155,32.936103],[-107.293935,32.978339],[-107.282297,33.063544],[-107.282786,33.091335],[-107.283925,33.105984],[-107.280832,33.114285]],[[-101.038971,29.460395],[-101.068756,29.469672],[-101.13561,29.48786],[-101.164418,29.501532],[-101.183502,29.522528],[-101.19225,29.528347],[-101.202626,29.53087],[-101.213694,29.531806],[-101.223541,29.540961],[-101.227284,29.554633],[-101.218617,29.584418],[-101.219838,29.61046],[-101.234731,29.62287],[-101.259633,29.620429],[-101.284413,29.608018],[-101.301829,29.594346],[-101.312978,29.59809],[-101.311676,29.612982],[-101.303538,29.634101]],[[-99.462554,27.057074],[-99.444569,27.034857],[-99.440663,27.02912],[-99.425526,27.018134],[-99.41686,27.015082],[-99.408111,27.014716],[-99.400136,27.012803],[-99.393625,27.00495],[-99.390981,26.993842],[-99.391184,26.973334],[-99.387034,26.962429],[-99.377675,26.953925],[-99.337758,26.924994],[-99.326772,26.911729],[-99.294789,26.876532],[-99.280507,26.859931],[-99.263661,26.844306],[-99.249135,26.827257],[-99.234934,26.783881],[-99.222157,26.735948],[-99.181956,26.630154],[-99.179189,26.613878],[-99.172353,26.565945]]]}},{"type":"Feature","properties":{"dissolve":"110River","scalerank":4.0,"featurecla":"River","name":"Rio Grande","name_alt":null,"rivernum":110,"note":null,"min_zoom":4.0,"name_en":"Rio Grande","min_label":5.0},"bbox":[-107.426584,25.844184,-97.139272,37.837714],"geometry":{"type":"MultiLineString","coordinates":[[[-107.426584,37.775946],[-107.400054,37.757676],[-107.385976,37.752631],[-107.271311,37.753974],[-107.220082,37.748603],[-107.204661,37.749823],[-107.158437,37.760199],[-107.138051,37.761176],[-107.066965,37.743964],[-107.041982,37.739285],[-107.019032,37.739854],[-106.999379,37.748643],[-106.984364,37.7685],[-106.969635,37.813015],[-106.961781,37.825629],[-106.949045,37.834784],[-106.934438,37.837714],[-106.885121,37.832465],[-106.87682,37.830512],[-106.82608,37.806016],[-106.795481,37.797227],[-106.771718,37.787543],[-106.764312,37.783311],[-106.758046,37.77794],[-106.753,37.770616],[-106.745961,37.751573],[-106.742014,37.745673],[-106.730865,37.736029],[-106.625234,37.677314],[-106.611318,37.675971],[-106.597076,37.678249],[-106.495188,37.679145],[-106.426096,37.672309],[-106.402699,37.674343],[-106.3579,37.683661],[-106.333852,37.685899],[-106.290517,37.678778],[-106.24828,37.660712],[-106.176178,37.617621],[-106.134389,37.598253],[-105.965647,37.560167],[-105.9381,37.558295],[-105.912262,37.552802],[-105.883453,37.533759],[-105.858632,37.524197],[-105.830719,37.492499],[-105.792226,37.45779],[-105.777577,37.441433],[-105.771555,37.422146],[-105.768422,37.416205],[-105.75475,37.39879],[-105.751698,37.388007],[-105.750478,37.374783],[-105.721099,37.299913],[-105.721262,37.278388],[-105.734283,37.257921],[-105.740712,37.250922],[-105.74356,37.244208],[-105.744211,37.223822],[-105.743031,37.219265],[-105.740305,37.213568],[-105.736928,37.208808],[-105.734283,37.206732],[-105.729156,37.203721],[-105.731068,37.196885],[-105.738026,37.185614],[-105.754628,37.079779],[-105.760121,37.069444],[-105.762929,37.058295],[-105.757883,37.042263],[-105.750478,37.034532],[-105.728383,37.017605],[-105.723744,37.011257],[-105.728424,36.939765],[-105.723744,36.918769],[-105.695139,36.872178],[-105.687896,36.847927],[-105.697092,36.823188],[-105.686635,36.806179],[-105.682607,36.7862],[-105.682769,36.744005],[-105.684722,36.738227],[-105.693918,36.72724],[-105.696767,36.720974],[-105.696441,36.709906],[-105.689524,36.689154],[-105.687815,36.678331],[-105.692372,36.637274],[-105.73058,36.50788],[-105.733306,36.491075],[-105.729888,36.378038],[-105.731028,36.370714],[-105.734364,36.360907],[-105.743723,36.342149],[-105.750152,36.322943],[-105.754262,36.314276],[-105.759511,36.30626],[-105.76594,36.298611],[-105.785756,36.28144],[-105.849843,36.243516],[-105.861399,36.237169],[-105.888336,36.217882],[-105.899403,36.212022],[-105.911041,36.209906],[-105.921254,36.209499],[-105.931223,36.207953],[-105.942047,36.202419],[-105.956044,36.188666],[-105.978342,36.157986],[-105.994252,36.144884],[-106.028879,36.124294],[-106.044749,36.111843],[-106.05842,36.096503],[-106.065419,36.080634],[-106.066274,36.064724],[-106.064443,36.031562],[-106.067494,36.017117],[-106.07315,36.005968],[-106.088735,35.983507],[-106.092519,35.975898],[-106.105702,35.92296],[-106.109242,35.913764],[-106.115305,35.902655],[-106.175893,35.820828],[-106.266265,35.738552],[-106.276357,35.733018],[-106.308217,35.720282],[-106.318512,35.712958],[-106.32551,35.703681],[-106.325063,35.693386],[-106.322255,35.689887],[-106.315256,35.684434],[-106.312815,35.680447],[-106.311879,35.674384],[-106.312489,35.667996],[-106.315541,35.655585],[-106.319203,35.646796],[-106.324208,35.642401],[-106.330434,35.638739],[-106.338124,35.63227],[-106.3933,35.535834],[-106.396555,35.524034],[-106.402577,35.484727],[-106.407216,35.472032],[-106.417144,35.454413],[-106.429677,35.437852],[-106.444203,35.423041],[-106.516591,35.372504],[-106.53307,35.364285],[-106.542877,35.356798],[-106.550689,35.347683],[-106.561757,35.327419],[-106.579457,35.315701],[-106.587066,35.308051],[-106.592763,35.29796],[-106.593658,35.292426],[-106.59317,35.2862],[-106.597076,35.261054],[-106.599843,35.251817],[-106.604888,35.243354],[-106.61441,35.232937],[-106.621816,35.227607],[-106.640004,35.218695],[-106.649241,35.21247],[-106.653676,35.206488],[-106.669057,35.177761],[-106.690256,35.155585],[-106.697743,35.139594],[-106.69636,35.116278],[-106.689809,35.103624],[-106.680816,35.093085],[-106.67276,35.080512],[-106.669057,35.061632],[-106.670155,35.040351],[-106.67394,35.018175],[-106.680572,34.997341],[-106.690175,34.979763],[-106.677642,34.947292],[-106.676503,34.938747],[-106.68163,34.92654],[-106.699818,34.904161],[-106.706899,34.888048],[-106.71288,34.878607],[-106.716908,34.868191],[-106.714019,34.85932],[-106.708485,34.850165],[-106.707387,34.839545],[-106.708811,34.829535],[-106.710601,34.822089],[-106.718821,34.803738],[-106.740875,34.765652],[-106.745432,34.743232],[-106.745432,34.656928],[-106.751576,34.616523],[-106.781361,34.542182],[-106.792551,34.499294],[-106.797922,34.449286],[-106.804799,34.422309],[-106.816762,34.41059],[-106.828725,34.403103],[-106.84203,34.384955],[-106.852203,34.362494],[-106.854604,34.342312],[-106.8485,34.330756],[-106.83967,34.319892],[-106.835601,34.307318],[-106.844065,34.291083],[-106.854604,34.281928],[-106.892486,34.256619],[-106.88858,34.243435],[-106.86144,34.037177],[-106.862904,34.001247],[-106.855377,33.933865],[-106.856028,33.907742],[-106.863881,33.866278],[-106.864491,33.833319],[-106.868031,33.818386],[-106.876576,33.805732],[-106.900014,33.78502],[-106.909901,33.773057],[-106.914133,33.76378],[-106.919057,33.746894],[-106.922922,33.739569],[-106.952056,33.719346],[-106.957021,33.715033],[-106.987294,33.694892],[-106.994944,33.691189],[-107.001698,33.685981],[-107.003651,33.673936],[-107.003651,33.660224],[-107.004791,33.650214],[-107.017974,33.633979],[-107.052968,33.608466],[-107.060048,33.591864],[-107.066721,33.58336],[-107.097971,33.552598],[-107.1079,33.540351],[-107.14094,33.46369],[-107.167226,33.362738],[-107.169911,33.356024]],[[-107.181386,33.173163],[-107.196889,33.173692],[-107.212717,33.171454],[-107.225901,33.164374],[-107.237904,33.142198],[-107.269114,33.125271],[-107.279775,33.11579]],[[-107.293446,32.910346],[-107.304026,32.871039],[-107.305084,32.859198],[-107.298695,32.82746],[-107.298573,32.822821],[-107.299672,32.812934],[-107.299184,32.808417],[-107.272613,32.75491],[-107.26887,32.751003],[-107.259999,32.744452],[-107.256459,32.740668],[-107.255442,32.738227],[-107.254221,32.731879],[-107.253326,32.729112],[-107.252065,32.726752],[-107.250559,32.724677],[-107.235829,32.710028],[-107.228261,32.694363],[-107.222727,32.687079],[-107.214752,32.681586],[-107.202301,32.676134],[-107.181711,32.670233],[-107.055287,32.651068],[-107.035878,32.645535],[-107.018422,32.636542],[-107.004872,32.622341],[-107.000966,32.613308],[-106.993072,32.564399],[-106.991526,32.558946],[-106.971588,32.527167],[-106.964996,32.519639],[-106.955922,32.51321],[-106.946441,32.509955],[-106.926015,32.507839],[-106.916086,32.505398],[-106.907216,32.500312],[-106.899281,32.493476],[-106.846059,32.425849],[-106.844838,32.417996],[-106.859242,32.406317],[-106.857655,32.398953],[-106.849436,32.382758],[-106.847483,32.31977],[-106.837799,32.301866],[-106.805898,32.26203],[-106.790395,32.230414],[-106.749013,32.174587],[-106.734486,32.162787],[-106.732086,32.151964],[-106.684722,32.072048],[-106.662465,32.005723],[-106.661488,31.983262],[-106.640492,31.947211],[-106.635162,31.925971],[-106.632436,31.903022],[-106.625071,31.885443],[-106.600413,31.854926],[-106.607818,31.84748],[-106.600819,31.835883],[-106.591542,31.827094],[-106.580149,31.821601],[-106.566274,31.819525]],[[-106.566314,31.819525],[-106.553212,31.81212],[-106.493642,31.759223],[-106.473988,31.755235],[-106.429799,31.758653],[-106.392568,31.746161],[-106.359283,31.7178],[-106.332143,31.6824],[-106.3131,31.648871],[-106.287099,31.580349],[-106.275543,31.562852],[-106.233469,31.520128],[-106.223744,31.504828],[-106.219594,31.494818],[-106.218251,31.488959],[-106.216217,31.484158],[-106.210072,31.477484],[-106.175364,31.460476],[-106.165151,31.448025],[-106.141957,31.439399],[-106.100209,31.429145],[-106.066151,31.4112],[-106.047109,31.404893],[-106.022043,31.402411],[-106.005605,31.397162],[-105.962066,31.371161],[-105.949371,31.361436],[-105.942616,31.352566],[-105.935414,31.335761],[-105.928863,31.326687],[-105.909657,31.317206],[-105.89802,31.309678],[-105.897857,31.30622],[-105.880971,31.301093],[-105.862864,31.288601],[-105.785715,31.211208],[-105.778676,31.192939],[-105.769032,31.180243],[-105.693105,31.137803],[-105.676096,31.132148],[-105.668813,31.128038],[-105.644643,31.103868],[-105.624379,31.090603],[-105.60676,31.082139],[-105.591786,31.071641],[-105.579457,31.052314],[-105.566518,31.016913],[-105.556793,31.002794],[-105.531646,30.99197],[-105.497548,30.956814],[-105.416371,30.902655],[-105.377024,30.859727],[-105.364613,30.850653],[-105.335194,30.844021],[-105.277821,30.819607],[-105.271596,30.814521],[-105.266672,30.808661],[-105.260365,30.803087],[-105.249867,30.799099],[-105.244781,30.799343],[-105.240631,30.801785],[-105.233754,30.809394],[-105.230133,30.810411],[-105.219106,30.806993],[-105.212961,30.805976],[-105.2058,30.802598],[-105.196116,30.788153],[-105.185943,30.784857],[-105.175608,30.784206],[-105.16808,30.781358],[-105.163482,30.775173],[-105.161733,30.76435],[-105.158599,30.765896],[-105.154124,30.763373],[-105.141225,30.750678],[-105.134429,30.758124],[-105.08788,30.710028],[-105.068959,30.702908],[-105.050364,30.69949],[-105.028798,30.690294],[-105.009348,30.677191],[-104.996653,30.661933],[-104.993764,30.651679],[-104.992421,30.640448],[-104.989898,30.629747],[-104.983632,30.620958],[-104.973541,30.618232],[-104.941965,30.614285],[-104.93517,30.610704],[-104.929067,30.599718],[-104.899037,30.569648],[-104.887359,30.552069],[-104.884836,30.5421],[-104.882965,30.521186],[-104.880523,30.511094],[-104.863881,30.50255],[-104.860097,30.497423],[-104.860463,30.491319],[-104.866078,30.480048],[-104.867543,30.473253],[-104.865346,30.462266],[-104.855458,30.44892],[-104.853261,30.439073],[-104.854482,30.42418],[-104.855865,30.417751],[-104.854115,30.41238],[-104.845815,30.401231],[-104.838368,30.394314],[-104.825063,30.387478],[-104.819163,30.380723],[-104.816884,30.372178],[-104.815785,30.360867],[-104.813791,30.350898],[-104.808583,30.346625],[-104.789622,30.336127],[-104.774973,30.311835],[-104.762522,30.284451],[-104.750234,30.264716],[-104.743031,30.260077],[-104.725453,30.252468],[-104.716054,30.244208],[-104.696645,30.208604],[-104.682444,30.193183],[-104.679514,30.1706],[-104.681304,30.134345],[-104.685536,30.111355],[-104.699371,30.075507],[-104.702463,30.055528],[-104.699941,30.031684],[-104.681304,29.976671],[-104.680979,29.968044],[-104.683339,29.952338],[-104.681304,29.942572],[-104.677358,29.937079],[-104.664296,29.923285],[-104.661488,29.918647],[-104.657216,29.908474],[-104.638417,29.888129],[-104.624582,29.841742],[-104.620513,29.833319],[-104.60204,29.815009],[-104.584381,29.802802],[-104.571156,29.787665],[-104.562245,29.745673],[-104.544545,29.71662],[-104.537953,29.702338],[-104.536,29.688056],[-104.535878,29.678005],[-104.531606,29.668077],[-104.517445,29.654568],[-104.470204,29.625596],[-104.456044,29.613593],[-104.45287,29.607286],[-104.449371,29.597927],[-104.444814,29.589382],[-104.438629,29.585639],[-104.431264,29.583035],[-104.349843,29.537787],[-104.339345,29.524237],[-104.321401,29.532497],[-104.293568,29.533026],[-104.267974,29.526801],[-104.25182,29.508816],[-104.227935,29.493272],[-104.219553,29.490058],[-104.213124,29.48489],[-104.195383,29.449083],[-104.162465,29.417019],[-104.140614,29.400824],[-104.106272,29.385932],[-104.058176,29.339219],[-104.020009,29.320583],[-103.928944,29.29328],[-103.86498,29.281602],[-103.794993,29.277777],[-103.784535,29.27501],[-103.775054,29.267686],[-103.770253,29.257758],[-103.778554,29.235541],[-103.771596,29.230048],[-103.759877,29.227078],[-103.750315,29.223212],[-103.703359,29.188056],[-103.67398,29.173774],[-103.585805,29.154893],[-103.558827,29.15644],[-103.551015,29.154893],[-103.542592,29.148993],[-103.539052,29.142646],[-103.536448,29.135321],[-103.530588,29.12698],[-103.47936,29.082302],[-103.436513,29.061347],[-103.424428,29.058051],[-103.415435,29.05268],[-103.387441,29.028998],[-103.372914,29.023953],[-103.361399,29.030056],[-103.352528,29.039618],[-103.343414,29.041449],[-103.33137,29.023953],[-103.325592,29.027045],[-103.310862,29.031358],[-103.317047,29.010321],[-103.302398,29.002631],[-103.242584,29.00373],[-103.187978,28.990424],[-103.148834,28.985297],[-103.123606,28.99669],[-103.110015,29.023546],[-103.10554,29.058051],[-103.096181,29.060492],[-103.092356,29.058051],[-103.086415,29.075954],[-103.081614,29.085476],[-103.073394,29.09162],[-103.033437,29.110419],[-103.025054,29.116319],[-103.016672,29.12698],[-102.989166,29.177354],[-102.97057,29.193061],[-102.948354,29.182196],[-102.943105,29.190456],[-102.897776,29.220526],[-102.870717,29.224921],[-102.859609,29.229356],[-102.868764,29.240587],[-102.892934,29.254665],[-102.900543,29.264187],[-102.900258,29.276313],[-102.886301,29.315009],[-102.886057,29.333564],[-102.883901,29.34394],[-102.877797,29.351101],[-102.865834,29.359727],[-102.860707,29.361355],[-102.854644,29.361151],[-102.847401,29.362006],[-102.83849,29.366523],[-102.838857,29.370714],[-102.846344,29.384955],[-102.845367,29.390733],[-102.836049,29.404079],[-102.835805,29.41588],[-102.839589,29.42711],[-102.841949,29.438544],[-102.839915,29.452216],[-102.834828,29.461534],[-102.828114,29.470771],[-102.796295,29.544501],[-102.787343,29.550727],[-102.781606,29.558458],[-102.786733,29.572048],[-102.777252,29.576199],[-102.774892,29.579779],[-102.780507,29.592475],[-102.768422,29.59748],[-102.762196,29.603705],[-102.752553,29.620429],[-102.752431,29.622667],[-102.736318,29.649726],[-102.732086,29.650824],[-102.727528,29.664659],[-102.698598,29.709784],[-102.695546,29.720811],[-102.694447,29.7296],[-102.691884,29.737006],[-102.684316,29.743964],[-102.676869,29.744696],[-102.639638,29.743964],[-102.62206,29.747504],[-102.586171,29.76496],[-102.567616,29.771267],[-102.56371,29.769599],[-102.559153,29.759304],[-102.553944,29.756944],[-102.547434,29.758083],[-102.544179,29.760321],[-102.542348,29.762722],[-102.531972,29.770087],[-102.523915,29.782538],[-102.516103,29.784939],[-102.40689,29.777452],[-102.404937,29.781033],[-102.38093,29.811591],[-102.377431,29.821641],[-102.375396,29.848253],[-102.371571,29.858018],[-102.364084,29.864529],[-102.351918,29.866807],[-102.340566,29.870876],[-102.331125,29.889187],[-102.321848,29.89411],[-102.302968,29.889675],[-102.289866,29.878282],[-102.277008,29.869737],[-102.259145,29.873643],[-102.254262,29.855536],[-102.240631,29.849311],[-102.204498,29.8463],[-102.15807,29.824774],[-102.146474,29.815945],[-102.110219,29.802314],[-102.015452,29.811225],[-101.988759,29.805365],[-101.973053,29.818427],[-101.957875,29.814276],[-101.943512,29.803819],[-101.930409,29.797919],[-101.92101,29.798407],[-101.911733,29.800116],[-101.903188,29.803494],[-101.896311,29.808783],[-101.888254,29.812527],[-101.878326,29.811062],[-101.858469,29.805365],[-101.824941,29.805365],[-101.813547,29.812283],[-101.806793,29.81212],[-101.803822,29.801703],[-101.795318,29.796088],[-101.633046,29.775824],[-101.581125,29.781806],[-101.565785,29.786689],[-101.554799,29.796902],[-101.550608,29.815945],[-101.547271,29.82038],[-101.540028,29.818183],[-101.532786,29.811347],[-101.529449,29.801703],[-101.531361,29.796698],[-101.540517,29.779364],[-101.543772,29.771267],[-101.522613,29.766181],[-101.506581,29.774115],[-101.491078,29.785753],[-101.47175,29.791693],[-101.463287,29.789089],[-101.456451,29.776068],[-101.446929,29.771267],[-101.435943,29.770331],[-101.425038,29.771674],[-101.414866,29.774604],[-101.405914,29.778673],[-101.410227,29.765977],[-101.407379,29.753119],[-101.400502,29.740912],[-101.384185,29.718695],[-101.377431,29.700873],[-101.365142,29.676866],[-101.358551,29.667589],[-101.349843,29.660346],[-101.337066,29.654568],[-101.310618,29.654731],[-101.30191,29.649726],[-101.303538,29.634101]],[[-101.038645,29.460273],[-101.030426,29.443183],[-101.026723,29.414578],[-101.02302,29.400702],[-101.017079,29.390326],[-101.008901,29.380805],[-100.999135,29.372667],[-100.988189,29.366523],[-100.915598,29.337266],[-100.891998,29.318793],[-100.872629,29.296698],[-100.864735,29.290839],[-100.816884,29.271023],[-100.796986,29.25788],[-100.784006,29.243272],[-100.762929,29.20893],[-100.770904,29.187527],[-100.763295,29.173936],[-100.710561,29.135769],[-100.707672,29.130398],[-100.70287,29.123887],[-100.69164,29.121161],[-100.679026,29.119574],[-100.669789,29.1164],[-100.661692,29.102851],[-100.653066,29.04503],[-100.633616,29.005398],[-100.62975,28.984565],[-100.638783,28.963162],[-100.631581,28.956895],[-100.627512,28.948554],[-100.6256,28.938015],[-100.625111,28.924913],[-100.6197,28.918158],[-100.607777,28.910346],[-100.595815,28.899522],[-100.590403,28.883653],[-100.587392,28.87995],[-100.572621,28.873399],[-100.567047,28.869981],[-100.564198,28.862331],[-100.570546,28.84988],[-100.567047,28.842719],[-100.560455,28.839667],[-100.545969,28.839179],[-100.539459,28.835883],[-100.535268,28.83043],[-100.5301,28.820176],[-100.525787,28.81505],[-100.519887,28.805203],[-100.494781,28.708604],[-100.482249,28.686306],[-100.445668,28.643988],[-100.447011,28.626736],[-100.435658,28.619412],[-100.412262,28.609565],[-100.402252,28.602484],[-100.397939,28.592963],[-100.399526,28.568874],[-100.398549,28.557807],[-100.385081,28.537421],[-100.364858,28.52501],[-100.323476,28.510606],[-100.352447,28.496934],[-100.357574,28.489529],[-100.356435,28.478339],[-100.349192,28.470526],[-100.340972,28.464464],[-100.337148,28.458808],[-100.332509,28.422187],[-100.323476,28.387071],[-100.294749,28.353624],[-100.279408,28.331326],[-100.278798,28.315131],[-100.285227,28.296698],[-100.27595,28.277452],[-100.258778,28.260769],[-100.241567,28.249945],[-100.213612,28.245307],[-100.206776,28.243109],[-100.203765,28.234687],[-100.202016,28.220567],[-100.198476,28.207343],[-100.190053,28.201524],[-100.173695,28.198798],[-100.075673,28.154608],[-100.057281,28.138129],[-100.049713,28.116238],[-100.048818,28.102729],[-100.045888,28.095526],[-100.032338,28.082058],[-100.018422,28.071153],[-100.011057,28.069119],[-100.011342,28.063829],[-100.014312,28.057196],[-100.015004,28.050645],[-100.00829,28.033759],[-100.001373,28.020616],[-99.991933,28.008002],[-99.977406,27.992703],[-99.962636,27.987657],[-99.941518,27.983466],[-99.929067,27.97602],[-99.940541,27.96129],[-99.930776,27.94656],[-99.91511,27.928494],[-99.897572,27.913153],[-99.882192,27.906684],[-99.879628,27.902045],[-99.883453,27.891791],[-99.892079,27.876288],[-99.888824,27.865058],[-99.881012,27.859442],[-99.871734,27.854682],[-99.864125,27.845893],[-99.86266,27.83629],[-99.865549,27.814521],[-99.864125,27.804958],[-99.859039,27.803778],[-99.84557,27.793809],[-99.833811,27.782416],[-99.83373,27.776964],[-99.80899,27.77265],[-99.796254,27.762152],[-99.787668,27.748725],[-99.77538,27.736029],[-99.766021,27.731391],[-99.748158,27.726264],[-99.741282,27.722357],[-99.737131,27.713894],[-99.734853,27.702257],[-99.731435,27.692003],[-99.723866,27.687567],[-99.706532,27.663398],[-99.701243,27.659451],[-99.665517,27.659695],[-99.659535,27.654242],[-99.649485,27.637152],[-99.64566,27.632921],[-99.634348,27.633246],[-99.613271,27.643866],[-99.600982,27.646593],[-99.591135,27.642279],[-99.57901,27.623074],[-99.573069,27.61872],[-99.555816,27.613715],[-99.535797,27.605048],[-99.515859,27.588813],[-99.507965,27.574001],[-99.507883,27.533637],[-99.510854,27.51081],[-99.510325,27.500271],[-99.504465,27.495795],[-99.489125,27.4949],[-99.481191,27.490994],[-99.477203,27.482693],[-99.473744,27.468533],[-99.474477,27.464057],[-99.473744,27.426866],[-99.476471,27.414984],[-99.485463,27.391913],[-99.488596,27.372097],[-99.493723,27.359076],[-99.494862,27.348415],[-99.498402,27.338975],[-99.515696,27.321967],[-99.522125,27.311469],[-99.494008,27.301459],[-99.487416,27.297797],[-99.485707,27.294989],[-99.483754,27.286933],[-99.481191,27.283515],[-99.469797,27.278388],[-99.466908,27.276679],[-99.452626,27.26142],[-99.441721,27.244981],[-99.434885,27.227159],[-99.432769,27.207831],[-99.436635,27.188666],[-99.451161,27.145331],[-99.453236,27.125271],[-99.451039,27.120673],[-99.446604,27.114936],[-99.44225,27.107733],[-99.440256,27.098578],[-99.44286,27.089871],[-99.462554,27.057156]],[[-99.172109,26.564154],[-99.165679,26.540635],[-99.141713,26.531602],[-99.115875,26.525906],[-99.103831,26.512315],[-99.092275,26.484198],[-99.090199,26.471381],[-99.094553,26.459988],[-99.103342,26.447211],[-99.109731,26.434434],[-99.107249,26.423204],[-99.086293,26.407823],[-99.067209,26.405056],[-99.048451,26.407172],[-99.028717,26.406521],[-99.023793,26.403591],[-99.017242,26.394721],[-99.011342,26.392849],[-99.004954,26.39407],[-98.987782,26.400255],[-98.963694,26.399726],[-98.954945,26.394151],[-98.946156,26.378526],[-98.930735,26.392442],[-98.89387,26.368109],[-98.871083,26.372382],[-98.861318,26.366523],[-98.851674,26.364285],[-98.843129,26.366034],[-98.836903,26.372382],[-98.825795,26.366645],[-98.818105,26.36872],[-98.811147,26.372667],[-98.802154,26.372382],[-98.796702,26.368516],[-98.781646,26.351874],[-98.747222,26.332384],[-98.736724,26.320258],[-98.740712,26.303494],[-98.72704,26.304551],[-98.714019,26.303575],[-98.70226,26.299343],[-98.692291,26.290391],[-98.705149,26.276882],[-98.703114,26.271918],[-98.694163,26.270779],[-98.686106,26.268663],[-98.665517,26.250841],[-98.654449,26.244493],[-98.641428,26.242011],[-98.582428,26.262519],[-98.553619,26.248603],[-98.522328,26.241156],[-98.493804,26.23078],[-98.473215,26.207872],[-98.457387,26.226142],[-98.429677,26.217963],[-98.397939,26.20128],[-98.370188,26.1942],[-98.378082,26.173855],[-98.378082,26.163845],[-98.366567,26.160427],[-98.340077,26.160102],[-98.333852,26.153184],[-98.310618,26.121283],[-98.301259,26.11164],[-98.2235,26.075629],[-98.185862,26.065497],[-98.151031,26.06391],[-98.103912,26.075222],[-98.084096,26.071112],[-98.075999,26.04682],[-98.066314,26.042344],[-98.045033,26.049018],[-98.013905,26.06391],[-98.000111,26.064521],[-97.942494,26.057074],[-97.879018,26.063992],[-97.802805,26.06391],[-97.783111,26.058865],[-97.781117,26.043402],[-97.76773,26.039862],[-97.680409,26.034857],[-97.660756,26.03087],[-97.642323,26.022732],[-97.623443,26.009304],[-97.613881,25.996161],[-97.605621,25.98017],[-97.595123,25.966579],[-97.565989,25.954942],[-97.521067,25.913031],[-97.503041,25.902126],[-97.487172,25.895941],[-97.470286,25.893175],[-97.449086,25.892524],[-97.442128,25.885199],[-97.436513,25.869493],[-97.426259,25.85517],[-97.405019,25.85163],[-97.400746,25.855292],[-97.400299,25.861396],[-97.398671,25.866075],[-97.390736,25.865831],[-97.383941,25.860704],[-97.380971,25.853461],[-97.37682,25.846991],[-97.366811,25.844184],[-97.346547,25.852403],[-97.346018,25.871934],[-97.353139,25.894721],[-97.355946,25.913031],[-97.351918,25.918647],[-97.329254,25.933539],[-97.311757,25.922309],[-97.288442,25.9289],[-97.270009,25.944607],[-97.267201,25.960801],[-97.253896,25.963731],[-97.205719,25.960801],[-97.139272,25.965847]]]}},{"type":"Feature","properties":{"dissolve":"112Lake Centerline","scalerank":4.0,"featurecla":"Lake Centerline","name":"Saskatchewan","name_alt":null,"rivernum":112,"note":null,"min_zoom":4.0,"name_en":"Saskatchewan","min_label":5.0},"bbox":[-103.89094,53.159451,-97.913645,53.984239],"geometry":{"type":"MultiLineString","coordinates":[[[-102.437123,53.981553],[-102.434397,53.981798],[-102.421986,53.984239],[-102.405385,53.982449],[-102.390289,53.973497],[-102.380605,53.966376]],[[-103.421254,53.652045],[-103.43456,53.635443],[-103.457346,53.618354],[-103.486643,53.620225],[-103.518178,53.62877],[-103.544545,53.633572],[-103.57311,53.6317],[-103.602773,53.627631],[-103.632476,53.621365],[-103.65807,53.608181],[-103.676991,53.587185],[-103.687571,53.562527],[-103.703684,53.550116],[-103.730784,53.544704],[-103.75121,53.533759],[-103.769032,53.52322],[-103.786855,53.515937],[-103.808176,53.510443],[-103.832834,53.50255],[-103.85025,53.492987],[-103.856597,53.487738],[-103.89094,53.48078]],[[-100.322499,53.592556],[-100.323354,53.590766],[-100.317942,53.580593],[-100.27892,53.54796],[-100.188873,53.512559],[-100.110015,53.473456],[-100.063547,53.418891],[-100.035553,53.379096],[-100.023183,53.317084],[-99.995839,53.240098],[-99.931956,53.199774],[-99.856842,53.185492],[-99.786692,53.191026],[-99.727691,53.215277],[-99.676178,53.243842],[-99.613515,53.250067],[-99.54894,53.244452],[-99.499338,53.220242],[-99.46581,53.184882],[-99.424875,53.175564],[-99.366363,53.169379],[-99.330312,53.159451]],[[-99.247141,53.189399],[-99.216054,53.212022],[-99.035634,53.248155],[-98.977935,53.269884],[-98.545969,53.341335],[-98.396962,53.374132],[-98.279042,53.395331],[-98.138783,53.408962],[-98.001576,53.459255],[-97.913645,53.518622]]]}},{"type":"Feature","properties":{"dissolve":"112River","scalerank":4.0,"featurecla":"River","name":"Saskatchewan","name_alt":null,"rivernum":112,"note":null,"min_zoom":4.0,"name_en":"Saskatchewan","min_label":5.0},"bbox":[-105.065053,53.138292,-99.247304,54.07746],"geometry":{"type":"MultiLineString","coordinates":[[[-102.380523,53.966335],[-102.329945,53.941962],[-102.307769,53.936103],[-102.250885,53.930691],[-102.226715,53.922146],[-102.180531,53.899278],[-102.124379,53.883083],[-102.065297,53.878282],[-101.787953,53.885281],[-101.697336,53.900824],[-101.687082,53.906114],[-101.680247,53.91474],[-101.67634,53.923855],[-101.670155,53.931098],[-101.647817,53.935858],[-101.623158,53.945502],[-101.603505,53.95779],[-101.591054,53.959174],[-101.577992,53.95893],[-101.564117,53.961371],[-101.547719,53.972235],[-101.539174,53.987413],[-101.532867,54.00495],[-101.523183,54.022773],[-101.500071,54.040351],[-101.483754,54.031033],[-101.469106,54.012397],[-101.450551,54.002305],[-101.439687,53.991645],[-101.433909,53.968207],[-101.433095,53.944688],[-101.437245,53.934027],[-101.436147,53.926581],[-101.385365,53.879421],[-101.341949,53.856798],[-101.298695,53.849229],[-101.204172,53.851508],[-101.075307,53.885932],[-101.035959,53.879421],[-101.059641,53.843207],[-101.067983,53.820136],[-101.063303,53.796251],[-101.046539,53.783759],[-100.993642,53.766425],[-100.974477,53.755235],[-100.981313,53.749091],[-100.973378,53.742987],[-100.968373,53.73489],[-100.960805,53.714301],[-100.961293,53.703681],[-100.960805,53.700629],[-100.957631,53.696845],[-100.953114,53.693142],[-100.948964,53.688992],[-100.947174,53.683621],[-100.9381,53.668077],[-100.915924,53.654853],[-100.888824,53.646593],[-100.864613,53.646064],[-100.817494,53.66828],[-100.790273,53.674506],[-100.74413,53.65412],[-100.711334,53.652655],[-100.67927,53.655585],[-100.659169,53.659695],[-100.619293,53.673774],[-100.597401,53.678412],[-100.55606,53.68126],[-100.53185,53.685899],[-100.518625,53.687038],[-100.508209,53.685085],[-100.486073,53.675849],[-100.474843,53.672716],[-100.380483,53.67475],[-100.336049,53.665351],[-100.310374,53.631781],[-100.310211,53.621405],[-100.313466,53.610216],[-100.323354,53.590766]],[[-103.420644,53.652859],[-103.407541,53.672553],[-103.384511,53.68537],[-103.358225,53.692328],[-103.33495,53.694444],[-103.311025,53.699246],[-103.26301,53.721259],[-103.236236,53.727973],[-103.13565,53.739691],[-103.092193,53.752875],[-103.039459,53.782579],[-103.031158,53.785346],[-103.027577,53.790554],[-103.029612,53.803656],[-103.036733,53.812771],[-103.059926,53.827094],[-103.065012,53.834418],[-103.070058,53.852403],[-103.079661,53.864773],[-103.085113,53.878241],[-103.077992,53.899278],[-103.070668,53.907172],[-103.051015,53.920274],[-103.043853,53.926581],[-103.036244,53.939399],[-103.034576,53.948594],[-103.037017,53.964423],[-103.033803,53.986436],[-103.024403,54.003526],[-103.009389,54.017442],[-102.975331,54.037909],[-102.94286,54.052598],[-102.927805,54.056952],[-102.906606,54.057318],[-102.864613,54.049831],[-102.845286,54.050116],[-102.826039,54.056952],[-102.791412,54.07453],[-102.769521,54.07746],[-102.749379,54.074083],[-102.709218,54.061103],[-102.687611,54.056952],[-102.649322,54.054267],[-102.633778,54.051052],[-102.618723,54.043891],[-102.615631,54.038438],[-102.615387,54.03144],[-102.613596,54.025417],[-102.605702,54.022773],[-102.59435,54.021308],[-102.585317,54.017605],[-102.571523,54.00849],[-102.544789,53.986396],[-102.530507,53.978461],[-102.509429,53.974962],[-102.434397,53.981798]],[[-105.065053,53.240424],[-105.037343,53.237982],[-104.992502,53.220038],[-104.969838,53.214667],[-104.963124,53.224718],[-104.95519,53.227729],[-104.942535,53.220893],[-104.937123,53.214057],[-104.934804,53.206081],[-104.936431,53.196885],[-104.942535,53.186713],[-104.845774,53.138292],[-104.844065,53.14407],[-104.841908,53.147528],[-104.840077,53.151638],[-104.839508,53.159451],[-104.821441,53.155341],[-104.801381,53.160712],[-104.78307,53.172309],[-104.770619,53.186713],[-104.758656,53.20364],[-104.73766,53.211778],[-104.665639,53.216091],[-104.523061,53.240505],[-104.499989,53.24197],[-104.476674,53.235622],[-104.463694,53.233832],[-104.452219,53.238593],[-104.435658,53.252143],[-104.414947,53.261786],[-104.338694,53.284044],[-104.322174,53.292833],[-104.311594,53.296942],[-104.299143,53.292833],[-104.286122,53.286322],[-104.274037,53.282986],[-104.259511,53.284857],[-104.234364,53.293891],[-104.223215,53.296576],[-104.123687,53.293891],[-104.071034,53.298041],[-104.031402,53.317084],[-104.023427,53.326483],[-104.020619,53.334825],[-104.023305,53.344591],[-104.031402,53.358018],[-103.996327,53.393826],[-103.986684,53.398993],[-103.9676,53.402696],[-103.962961,53.411811],[-103.964101,53.423163],[-103.962514,53.433702],[-103.949615,53.450507],[-103.932485,53.465847],[-103.911448,53.477078],[-103.88679,53.481513],[-103.893625,53.481513]],[[-99.330312,53.159451],[-99.318918,53.153388],[-99.30606,53.151394],[-99.278432,53.151923],[-99.267079,53.155707],[-99.260854,53.164659],[-99.255849,53.176052],[-99.247304,53.189236]]]}},{"type":"Feature","properties":{"dissolve":"115Lake Centerline","scalerank":4.0,"featurecla":"Lake Centerline","name":"Tocantins","name_alt":null,"rivernum":115,"note":null,"min_zoom":4.0,"name_en":"Tocantins","min_label":5.0},"bbox":[-49.687245,-5.345636,-48.937245,-3.834812],"geometry":{"type":"MultiLineString","coordinates":[[[-49.687245,-3.834812],[-49.67634,-3.854913],[-49.651112,-3.956069],[-49.643788,-4.007745],[-49.644846,-4.040379],[-49.652211,-4.104425],[-49.654286,-4.171889],[-49.643788,-4.251804],[-49.62328,-4.33644],[-49.562245,-4.435968],[-49.534332,-4.517022],[-49.51122,-4.593276],[-49.488026,-4.660089],[-49.474355,-4.737319],[-49.46703,-4.798842],[-49.461781,-4.866225],[-49.437571,-4.921075],[-49.406484,-4.956231],[-49.372996,-5.05877],[-49.352651,-5.094659],[-49.315419,-5.175307],[-49.29662,-5.200535],[-49.276926,-5.231296],[-49.261383,-5.261651],[-49.238433,-5.295831],[-49.214833,-5.318211],[-49.195017,-5.333022],[-49.174387,-5.345636],[-49.137847,-5.344171],[-49.083241,-5.328058],[-49.031117,-5.324233],[-49.017934,-5.322442],[-49.000111,-5.313165],[-48.975535,-5.302423],[-48.937245,-5.302911]]]}},{"type":"Feature","properties":{"dissolve":"115River","scalerank":4.0,"featurecla":"River","name":"Tocantins","name_alt":null,"rivernum":115,"note":null,"min_zoom":4.0,"name_en":"Tocantins","min_label":5.0},"bbox":[-49.732289,-3.834812,-49.628407,-2.676446],"geometry":{"type":"MultiLineString","coordinates":[[[-49.6704,-2.676446],[-49.677887,-2.683933],[-49.683461,-2.691095],[-49.715972,-2.718601],[-49.72525,-2.730808],[-49.73054,-2.74269],[-49.732289,-2.755548],[-49.728749,-2.835382],[-49.723256,-2.851088],[-49.704661,-2.879815],[-49.696929,-2.895033],[-49.694407,-2.91017],[-49.698354,-2.93849],[-49.697621,-2.953953],[-49.688629,-2.980401],[-49.68871,-3.00628],[-49.68692,-3.014662],[-49.680653,-3.0263],[-49.66454,-3.048761],[-49.659047,-3.061212],[-49.657053,-3.076837],[-49.657094,-3.108087],[-49.640533,-3.164727],[-49.63622,-3.203058],[-49.63622,-3.209893],[-49.637278,-3.21616],[-49.643381,-3.232599],[-49.645009,-3.249037],[-49.642445,-3.264337],[-49.633778,-3.294122],[-49.63329,-3.309584],[-49.641225,-3.336602],[-49.643666,-3.351495],[-49.643544,-3.36769],[-49.642649,-3.375502],[-49.640452,-3.383477],[-49.629954,-3.4013],[-49.628407,-3.40838],[-49.630523,-3.421238],[-49.641021,-3.445815],[-49.643707,-3.459893],[-49.641713,-3.524916],[-49.644887,-3.55698],[-49.671539,-3.611505],[-49.703928,-3.768731],[-49.703725,-3.797703],[-49.687856,-3.825616],[-49.687245,-3.834812]]]}},{"type":"Feature","properties":{"dissolve":"117River","scalerank":4.0,"featurecla":"River","name":"North Saskatchewan","name_alt":null,"rivernum":117,"note":null,"min_zoom":4.0,"name_en":"North Saskatchewan","min_label":5.0},"bbox":[-117.132476,51.973985,-105.065053,54.058905],"geometry":{"type":"MultiLineString","coordinates":[[[-108.333974,52.734239],[-108.310699,52.726264],[-108.264231,52.716376],[-108.222157,52.690212],[-108.156484,52.665961],[-108.125844,52.646837],[-108.066762,52.591132],[-108.026112,52.57038],[-107.863596,52.556342],[-107.813873,52.5362],[-107.769643,52.511908],[-107.606191,52.445502],[-107.562245,52.418728],[-107.553131,52.409003],[-107.395985,52.339952],[-107.36852,52.336982],[-107.323842,52.336982],[-107.265777,52.330186],[-107.242055,52.331895],[-107.195221,52.342068],[-107.172963,52.344428],[-107.156117,52.351182],[-107.142161,52.366034],[-107.125559,52.380194],[-107.100697,52.385443],[-107.089426,52.383246],[-107.059682,52.371161],[-107.046946,52.368964],[-107.015045,52.371161],[-106.995188,52.377997],[-106.975657,52.394477],[-106.943023,52.432563],[-106.928334,52.456855],[-106.907053,52.511664],[-106.882232,52.544745],[-106.877065,52.55744],[-106.875071,52.571479],[-106.874745,52.58747],[-106.871816,52.602973],[-106.860829,52.624783],[-106.861155,52.631863],[-106.723948,52.727403],[-106.671498,52.775499],[-106.637563,52.787421],[-106.472646,52.898017],[-106.435902,52.933458],[-106.359486,53.031358],[-106.32665,53.056342],[-106.257436,53.09337],[-106.202301,53.148261],[-106.182688,53.161078],[-106.10554,53.192654],[-106.079457,53.199083],[-106.052358,53.200995],[-106.023061,53.19245],[-106.006907,53.174506],[-105.99474,53.153998],[-105.977203,53.138292],[-105.957997,53.143866],[-105.894643,53.154812],[-105.881012,53.162787],[-105.873199,53.173896],[-105.855051,53.185858],[-105.834462,53.195828],[-105.819569,53.200995],[-105.644521,53.208564],[-105.620351,53.214667],[-105.613271,53.219184],[-105.606313,53.225206],[-105.597808,53.231065],[-105.586252,53.235175],[-105.575429,53.236274],[-105.450185,53.233751],[-105.403676,53.227851],[-105.339996,53.230577],[-105.243642,53.252468],[-105.220041,53.25373],[-105.065053,53.240424]],[[-117.132476,52.014024],[-117.115387,52.020697],[-117.100697,52.032538],[-117.076161,52.060614],[-117.068837,52.066921],[-117.060618,52.071357],[-117.006215,52.091173],[-116.970367,52.097683],[-116.938832,52.089464],[-116.902008,52.040351],[-116.837717,51.993435],[-116.808258,51.980292],[-116.773793,51.973985],[-116.739247,51.976752],[-116.709706,51.990749],[-116.687001,52.013861],[-116.676503,52.019599],[-116.66454,52.022773],[-116.626861,52.024604],[-116.58141,52.033393],[-116.566274,52.034369],[-116.550526,52.031562],[-116.520172,52.021186],[-116.504465,52.018581],[-116.446401,52.026882],[-116.432851,52.030951],[-116.423329,52.038194],[-116.418121,52.048774],[-116.41747,52.063015],[-116.421132,52.089464],[-116.421783,52.120429],[-116.424306,52.134833],[-116.430409,52.150173],[-116.436187,52.158881],[-116.449859,52.17532],[-116.455068,52.184027],[-116.458852,52.204779],[-116.453684,52.224799],[-116.44107,52.241319],[-116.422434,52.251776],[-116.398346,52.259467],[-116.377919,52.269477],[-116.364573,52.284776],[-116.361806,52.308539],[-116.35204,52.319159],[-116.302846,52.34573],[-116.287262,52.357286],[-116.283803,52.364285],[-116.281972,52.370429],[-116.279205,52.376329],[-116.273183,52.38288],[-116.268056,52.38581],[-116.256215,52.38996],[-116.250803,52.392768],[-116.223541,52.419053],[-116.212514,52.425849],[-116.197662,52.429755],[-116.181142,52.430732],[-116.107167,52.421495],[-116.086049,52.42121],[-116.046946,52.425889],[-116.03246,52.423855],[-116.003,52.413275],[-115.98351,52.409613],[-115.961334,52.409857],[-115.939565,52.41352],[-115.898061,52.428046],[-115.726959,52.454901],[-115.683258,52.453925],[-115.619618,52.460517],[-115.603749,52.459052],[-115.567698,52.450629],[-115.505767,52.444363],[-115.498891,52.442572],[-115.49352,52.440131],[-115.489247,52.436143],[-115.485748,52.430121],[-115.48176,52.413275],[-115.479563,52.410468],[-115.476959,52.405829],[-115.45287,52.384711],[-115.443593,52.378607],[-115.417836,52.376044],[-115.397613,52.385281],[-115.378163,52.397406],[-115.354156,52.403388],[-115.343617,52.401557],[-115.319325,52.3935],[-115.306793,52.391669],[-115.294586,52.394599],[-115.27359,52.408393],[-115.262766,52.412136],[-115.241078,52.407782],[-115.197377,52.383612],[-115.149403,52.37287],[-115.070302,52.336982],[-115.055898,52.335273],[-115.041575,52.336982],[-115.015736,52.344428],[-114.981068,52.361843],[-114.947906,52.372504],[-114.949615,52.391384],[-114.963002,52.412218],[-114.982655,52.43419],[-114.988271,52.437852],[-114.992258,52.442694],[-114.995229,52.453681],[-114.995188,52.464423],[-114.989329,52.486029],[-114.987782,52.498114],[-114.986195,52.503689],[-114.983022,52.509101],[-114.980702,52.51496],[-114.981557,52.521999],[-114.985463,52.524278],[-114.999094,52.529242],[-115.049143,52.58865],[-115.054514,52.600531],[-115.056711,52.614447],[-115.056874,52.62755],[-115.058258,52.634101],[-115.076568,52.662177],[-115.0808,52.670762],[-115.08316,52.68122],[-115.08552,52.707709],[-115.093739,52.733832],[-115.097646,52.741034],[-115.112172,52.747748],[-115.15038,52.752021],[-115.163442,52.758409],[-115.170481,52.769355],[-115.180165,52.7921],[-115.187001,52.803168],[-115.177642,52.807318],[-115.167633,52.809434],[-115.157094,52.809923],[-115.146067,52.809353],[-115.156077,52.820665],[-115.160064,52.848741],[-115.166575,52.864569],[-115.175526,52.872626],[-115.214955,52.899359],[-115.217885,52.898261],[-115.221995,52.898261],[-115.227691,52.900336],[-115.235463,52.905585],[-115.230051,52.910427],[-115.220286,52.921942],[-115.214955,52.926622],[-115.220326,52.935492],[-115.217152,52.942328],[-115.211049,52.948106],[-115.207509,52.953966],[-115.20637,52.958075],[-115.201772,52.96837],[-115.200673,52.974433],[-115.202789,52.97956],[-115.212717,52.984442],[-115.214955,52.991156],[-115.215443,53.019314],[-115.21345,53.035509],[-115.203481,53.044379],[-115.104848,53.062852],[-115.039622,53.063829],[-115.027211,53.06684],[-115.021148,53.074042],[-115.01651,53.083075],[-115.00829,53.091132],[-114.999745,53.093207],[-114.975006,53.095486],[-114.968577,53.097357],[-114.964101,53.110053],[-114.974273,53.131171],[-114.971588,53.142035],[-114.944814,53.175727],[-114.913726,53.225613],[-114.908844,53.231391],[-114.892201,53.24197],[-114.869537,53.244086],[-114.861562,53.248155],[-114.868642,53.258734],[-114.874501,53.273871],[-114.859527,53.28559],[-114.817738,53.302802],[-114.813547,53.307481],[-114.810862,53.3133],[-114.806142,53.319037],[-114.79601,53.32392],[-114.788971,53.323757],[-114.735707,53.314887],[-114.573964,53.316107],[-114.529897,53.310736],[-114.508616,53.317084],[-114.516021,53.317084],[-114.498606,53.322618],[-114.473215,53.340522],[-114.457102,53.344428],[-114.419179,53.346259],[-114.406484,53.352322],[-114.412424,53.364854],[-114.400868,53.385362],[-114.38386,53.402859],[-114.363149,53.414903],[-114.340688,53.419501],[-114.321523,53.415554],[-114.305898,53.405585],[-114.275258,53.378485],[-114.2506,53.368598],[-114.192942,53.360622],[-114.169749,53.34809],[-114.149973,53.341376],[-114.063588,53.337592],[-114.038401,53.327745],[-114.025461,53.324286],[-114.008372,53.32392],[-113.935414,53.332587],[-113.86498,53.351833],[-113.794749,53.35045],[-113.768178,53.358954],[-113.715566,53.357733],[-113.710317,53.358425],[-113.693023,53.371649],[-113.674916,53.376247],[-113.666982,53.380927],[-113.669097,53.389024],[-113.673492,53.397895],[-113.672597,53.40705],[-113.668121,53.415798],[-113.662262,53.423163],[-113.637807,53.447048],[-113.631825,53.46015],[-113.631581,53.481513],[-113.619374,53.474189],[-113.613433,53.477851],[-113.609609,53.486762],[-113.603627,53.495185],[-113.575185,53.516628],[-113.570139,53.519395],[-113.559641,53.529364],[-113.535227,53.530463],[-113.507436,53.528591],[-113.486969,53.529364],[-113.477691,53.534003],[-113.464589,53.545437],[-113.45344,53.549831],[-113.440338,53.551703],[-113.401926,53.549831],[-113.389556,53.550645],[-113.382192,53.554145],[-113.378651,53.561347],[-113.377756,53.573757],[-113.373891,53.587755],[-113.364654,53.592719],[-113.353424,53.594306],[-113.343577,53.598212],[-113.335317,53.60696],[-113.323638,53.623725],[-113.316274,53.631781],[-113.306508,53.636298],[-113.295277,53.638861],[-113.286,53.643988],[-113.282094,53.656277],[-113.286773,53.669786],[-113.284576,53.676947],[-113.260894,53.682196],[-113.24828,53.687323],[-113.236318,53.693956],[-113.227528,53.700629],[-113.207021,53.727973],[-113.197499,53.734931],[-113.178375,53.74494],[-113.097157,53.817328],[-113.091868,53.825385],[-113.082102,53.844591],[-113.076731,53.851508],[-113.06664,53.856472],[-113.041168,53.862982],[-113.015452,53.878607],[-112.94636,53.899278],[-112.894195,53.935167],[-112.881459,53.940863],[-112.866851,53.951361],[-112.857167,53.974555],[-112.850168,54.00849],[-112.822906,54.046332],[-112.782338,54.05744],[-112.734609,54.051134],[-112.612213,54.011013],[-112.59317,53.998887],[-112.582428,53.99669],[-112.531402,54.002305],[-112.519643,54.000434],[-112.49352,53.991889],[-112.480214,53.989285],[-112.458567,53.988552],[-112.436676,53.990098],[-112.415924,53.994493],[-112.397613,54.002305],[-112.393178,54.007514],[-112.389963,54.01435],[-112.384755,54.020209],[-112.264312,54.058905],[-112.24059,54.056952],[-112.221588,54.04975],[-112.185862,54.027167],[-112.172353,54.015977],[-112.186757,53.986762],[-112.163157,53.976915],[-112.124176,53.971991],[-112.092885,53.957628],[-112.080556,53.950019],[-112.027699,53.940863],[-111.978668,53.910956],[-111.959462,53.906114],[-111.938791,53.909247],[-111.918568,53.916042],[-111.899281,53.918769],[-111.88093,53.909491],[-111.863596,53.906195],[-111.817983,53.922471],[-111.798085,53.916693],[-111.781565,53.909003],[-111.761138,53.905626],[-111.743031,53.898383],[-111.73351,53.879421],[-111.737945,53.860541],[-111.749582,53.845404],[-111.758168,53.830024],[-111.753407,53.810492],[-111.753407,53.817328],[-111.720693,53.783474],[-111.665354,53.77619],[-111.502024,53.791205],[-111.448598,53.790066],[-111.430043,53.7838],[-111.417226,53.769355],[-111.407216,53.753201],[-111.397084,53.741645],[-111.377065,53.735175],[-111.148508,53.745469],[-111.107086,53.762641],[-110.980621,53.833197],[-110.931549,53.851508],[-110.91808,53.853827],[-110.811269,53.852484],[-110.767079,53.857693],[-110.751454,53.85456],[-110.729848,53.840888],[-110.719309,53.837836],[-110.664622,53.84748],[-110.638336,53.84866],[-110.609446,53.837836],[-110.616282,53.844672],[-110.548004,53.799994],[-110.530181,53.775662],[-110.526926,53.765815],[-110.521067,53.758368],[-110.507395,53.755927],[-110.479115,53.755235],[-110.451243,53.748399],[-110.431752,53.739203],[-110.416331,53.726996],[-110.400258,53.711208],[-110.365834,53.687038],[-110.344106,53.66531],[-110.335072,53.659695],[-110.307362,53.658149],[-110.287424,53.66824],[-110.269928,53.680772],[-110.249745,53.687038],[-110.20165,53.694444],[-110.189931,53.690456],[-110.156972,53.659695],[-110.11852,53.636542],[-109.888295,53.55976],[-109.849029,53.554267],[-109.832346,53.549872],[-109.81607,53.548122],[-109.799469,53.555487],[-109.78954,53.557074],[-109.787668,53.55976],[-109.786244,53.560126],[-109.78067,53.574164],[-109.780181,53.577175],[-109.759104,53.590603],[-109.742258,53.591824],[-109.639963,53.577175],[-109.629506,53.572089],[-109.626047,53.560248],[-109.625111,53.546576],[-109.622548,53.5362],[-109.569814,53.494818],[-109.548818,53.483954],[-109.538726,53.473985],[-109.530385,53.463446],[-109.526967,53.457343],[-109.531117,53.446072],[-109.549713,53.43476],[-109.554311,53.426947],[-109.546864,53.416449],[-109.506703,53.401231],[-109.466664,53.372626],[-109.441029,53.368435],[-109.364898,53.38349],[-109.287099,53.385362],[-109.264882,53.378363],[-109.24885,53.36225],[-109.225331,53.330105],[-109.181711,53.310167],[-109.13093,53.298855],[-109.084584,53.28266],[-109.054026,53.248155],[-109.051422,53.238389],[-109.049794,53.221503],[-109.04719,53.214667],[-109.040679,53.206977],[-109.030588,53.197699],[-109.019358,53.190009],[-108.988393,53.179063],[-108.967275,53.161241],[-108.863881,53.038642],[-108.834869,53.015448],[-108.823557,53.009955],[-108.786488,53.001166],[-108.755727,52.981879],[-108.673573,52.974066],[-108.649281,52.967597],[-108.592641,52.937323],[-108.549672,52.930365],[-108.424224,52.882025],[-108.405995,52.868272],[-108.389556,52.858913],[-108.346995,52.845811],[-108.333974,52.837266],[-108.329498,52.818427],[-108.338206,52.802436],[-108.365061,52.778917],[-108.371734,52.762274],[-108.364247,52.74669],[-108.347768,52.736029],[-108.327789,52.734239]]]}},{"type":"Feature","properties":{"dissolve":"123River","scalerank":4.0,"featurecla":"River","name":"Indaiá","name_alt":null,"rivernum":123,"note":null,"min_zoom":4.0,"name_en":"Indaiá","min_label":5.0},"bbox":[-46.498891,-20.35239,-45.070424,-19.050795],"geometry":{"type":"MultiLineString","coordinates":[[[-46.498891,-20.321466],[-46.483469,-20.323907],[-46.455556,-20.334161],[-46.440297,-20.335789],[-46.42634,-20.332859],[-46.399281,-20.323419],[-46.382883,-20.321466],[-46.372182,-20.324884],[-46.365631,-20.33294],[-46.359853,-20.342218],[-46.351471,-20.349298],[-46.321767,-20.35239],[-46.266021,-20.338393],[-46.248443,-20.349298],[-46.236195,-20.337905],[-46.214467,-20.337416],[-46.166493,-20.342625],[-46.162709,-20.343683],[-46.152333,-20.349054],[-46.146067,-20.349298],[-46.140289,-20.346043],[-46.138743,-20.341485],[-46.136586,-20.337416],[-46.129018,-20.335789],[-46.088002,-20.335789],[-46.083363,-20.337579],[-46.067698,-20.346205],[-46.057281,-20.349298],[-46.044667,-20.350518],[-46.032826,-20.349623],[-46.021962,-20.346124],[-45.997019,-20.328302],[-45.940582,-20.308445],[-45.940582,-20.300958],[-45.951568,-20.29933],[-45.95995,-20.295587],[-45.967112,-20.289483],[-45.974721,-20.281101],[-45.966949,-20.277276],[-45.962636,-20.272475],[-45.962595,-20.267022],[-45.967275,-20.260593],[-45.913319,-20.219089],[-45.897125,-20.199233],[-45.885365,-20.178643],[-45.871693,-20.143894],[-45.803456,-20.130873],[-45.792551,-20.135919],[-45.778472,-20.151381],[-45.769276,-20.157566],[-45.758453,-20.157729],[-45.749013,-20.154148],[-45.73941,-20.153985],[-45.728342,-20.164972],[-45.716298,-20.156589],[-45.703359,-20.137628],[-45.693593,-20.130873],[-45.680287,-20.129246],[-45.670115,-20.131524],[-45.661448,-20.13006],[-45.652577,-20.117201],[-45.639312,-20.075372],[-45.632151,-20.061944],[-45.625966,-20.059015],[-45.619211,-20.061212],[-45.613881,-20.061049],[-45.608266,-20.035658],[-45.609853,-20.031183],[-45.618479,-20.027765],[-45.618479,-20.02101],[-45.611724,-20.020196],[-45.607411,-20.018406],[-45.603424,-20.016046],[-45.598012,-20.013604],[-45.610097,-20.000421],[-45.609609,-19.987644],[-45.599721,-19.977553],[-45.58373,-19.973158],[-45.58373,-19.965753],[-45.590199,-19.958022],[-45.586822,-19.951186],[-45.576894,-19.946466],[-45.563832,-19.945245],[-45.574696,-19.91603],[-45.577748,-19.900323],[-45.577504,-19.883803],[-45.567576,-19.887872],[-45.563832,-19.890069],[-45.540476,-19.864109],[-45.526316,-19.852227],[-45.509267,-19.842218],[-45.484975,-19.833429],[-45.481801,-19.827325],[-45.481435,-19.743178],[-45.493153,-19.715753],[-45.522898,-19.719415],[-45.508412,-19.705743],[-45.486724,-19.691583],[-45.472768,-19.674005],[-45.481313,-19.650405],[-45.447133,-19.636163],[-45.452301,-19.627781],[-45.453725,-19.621759],[-45.451812,-19.616388],[-45.447133,-19.610203],[-45.428822,-19.612481],[-45.416005,-19.595147],[-45.408559,-19.570652],[-45.406199,-19.551446],[-45.408518,-19.536554],[-45.408762,-19.525405],[-45.406199,-19.513849],[-45.401235,-19.504408],[-45.391184,-19.493992],[-45.385732,-19.486017],[-45.395863,-19.47088],[-45.385487,-19.445977],[-45.366526,-19.420587],[-45.350942,-19.403985],[-45.360422,-19.398126],[-45.364613,-19.396498],[-45.358388,-19.390476],[-45.338816,-19.388116],[-45.331044,-19.365899],[-45.326527,-19.340509],[-45.316803,-19.328302],[-45.316803,-19.322117],[-45.331166,-19.312514],[-45.324859,-19.306166],[-45.31135,-19.30169],[-45.303782,-19.29754],[-45.296742,-19.283624],[-45.2801,-19.274102],[-45.26061,-19.268569],[-45.245107,-19.266941],[-45.230621,-19.260593],[-45.22411,-19.246433],[-45.221099,-19.232273],[-45.217519,-19.225925],[-45.179433,-19.225518],[-45.172841,-19.229018],[-45.167592,-19.209487],[-45.155507,-19.202325],[-45.141916,-19.200698],[-45.131825,-19.198093],[-45.117055,-19.181573],[-45.096832,-19.150242],[-45.093007,-19.139337],[-45.088002,-19.099054],[-45.084706,-19.089207],[-45.070424,-19.068862],[-45.076975,-19.065118],[-45.082428,-19.060479],[-45.086903,-19.05462],[-45.088735,-19.050795]]]}},{"type":"Feature","properties":{"dissolve":"126River","scalerank":4.0,"featurecla":"River","name":"Magdalena","name_alt":null,"rivernum":126,"note":null,"min_zoom":4.0,"name_en":"Magdalena","min_label":5.0},"bbox":[-76.507314,1.880561,-73.754791,11.131944],"geometry":{"type":"MultiLineString","coordinates":[[[-73.796498,8.150173],[-73.785756,8.161404],[-73.784495,8.170844],[-73.787506,8.180447],[-73.790761,8.197821],[-73.795562,8.206814],[-73.796498,8.212917],[-73.79426,8.218085],[-73.784901,8.226264],[-73.782826,8.2296],[-73.780751,8.240302],[-73.77184,8.260565],[-73.769846,8.270941],[-73.769236,8.297716],[-73.769846,8.301052],[-73.766021,8.309678],[-73.757517,8.322455],[-73.755523,8.328925],[-73.758616,8.340277],[-73.765004,8.348944],[-73.767486,8.358588],[-73.758901,8.372992],[-73.754791,8.388699],[-73.762318,8.459296],[-73.769521,8.482245],[-73.791737,8.522162],[-73.796498,8.544949],[-73.796498,8.579413],[-73.800038,8.591173],[-73.817576,8.612901],[-73.824452,8.623806],[-73.829742,8.6435],[-73.831207,8.709093],[-73.826975,8.729926],[-73.808013,8.766669],[-73.803334,8.788275],[-73.807688,8.816514],[-73.82018,8.835517],[-73.854848,8.866767],[-73.870473,8.887559],[-73.882517,8.91413],[-73.884999,8.94363],[-73.872182,8.973212],[-73.900217,8.985419],[-73.984202,8.989203],[-74.016225,9.007392],[-74.010569,9.022895],[-74.019276,9.034451],[-74.033274,9.044379],[-74.043528,9.055203],[-74.060618,9.032416],[-74.090932,9.02912],[-74.125071,9.037218],[-74.153391,9.048936],[-74.141591,9.058214],[-74.155181,9.069932],[-74.197133,9.093044],[-74.21231,9.112576],[-74.238149,9.154242],[-74.256418,9.165066],[-74.295115,9.166449],[-74.301869,9.174872],[-74.303578,9.202908],[-74.311757,9.213894],[-74.331125,9.223985],[-74.353749,9.231228],[-74.371897,9.233262],[-74.383209,9.229519],[-74.391754,9.223904],[-74.400787,9.221259],[-74.413442,9.226426],[-74.419016,9.23546],[-74.426381,9.261908],[-74.430857,9.267401],[-74.463206,9.270535],[-74.478912,9.269232],[-74.495432,9.261257],[-74.501861,9.253974],[-74.506337,9.246365],[-74.512318,9.24079],[-74.523305,9.239529],[-74.532786,9.242865],[-74.541615,9.250108],[-74.548085,9.259955],[-74.5572,9.2921],[-74.572743,9.308621],[-74.605214,9.330105],[-74.613352,9.336982],[-74.620107,9.345282],[-74.624664,9.355292],[-74.626332,9.367377],[-74.629384,9.375922],[-74.636586,9.382107],[-74.653066,9.391547],[-74.658315,9.393134],[-74.671376,9.392401],[-74.677235,9.394639],[-74.681223,9.400255],[-74.686106,9.414822],[-74.690907,9.421983],[-74.703359,9.429551],[-74.716664,9.43004],[-74.729888,9.425564],[-74.742421,9.41824],[-74.762563,9.44477],[-74.770334,9.452989],[-74.799916,9.448554],[-74.805898,9.486762],[-74.790842,9.575873],[-74.779205,9.616278],[-74.781484,9.631293],[-74.793935,9.647895],[-74.820058,9.671739],[-74.828603,9.685736],[-74.831776,9.706244],[-74.827626,9.724962],[-74.819692,9.747178],[-74.815378,9.768622],[-74.821523,9.785102],[-74.856109,9.816921],[-74.865305,9.829169],[-74.874216,9.848944],[-74.878163,9.869818],[-74.878977,9.915391],[-74.876943,9.937445],[-74.870595,9.950629],[-74.859975,9.959052],[-74.824818,9.976752],[-74.812408,9.985419],[-74.806223,9.999376],[-74.804514,10.025255],[-74.807729,10.034369],[-74.814768,10.039089],[-74.821685,10.041815],[-74.824941,10.045478],[-74.838002,10.076199],[-74.847117,10.087836],[-74.852773,10.093044],[-74.85912,10.097276],[-74.888824,10.103217],[-74.896677,10.106879],[-74.915883,10.119696],[-74.93224,10.126003],[-74.943593,10.137397],[-74.947865,10.165554],[-74.944732,10.186591],[-74.93106,10.21955],[-74.924428,10.254096],[-74.864573,10.369818],[-74.848541,10.388048],[-74.836171,10.406073],[-74.830393,10.427843],[-74.824941,10.474066],[-74.806874,10.510281],[-74.74828,10.550238],[-74.728749,10.58393],[-74.725982,10.605048],[-74.728749,10.669257],[-74.721913,10.754584],[-74.722768,10.774766],[-74.724477,10.78323],[-74.741078,10.828233],[-74.742421,10.840888],[-74.738271,10.863715],[-74.730214,10.882636],[-74.724843,10.900255],[-74.728749,10.919053],[-74.738759,10.931464],[-74.749989,10.941107],[-74.759145,10.954372],[-74.766103,10.995225],[-74.774403,11.009955],[-74.797027,11.035753],[-74.837758,11.073188],[-74.855946,11.099799],[-74.85912,11.131944]],[[-76.507314,1.942694],[-76.489166,1.945624],[-76.451772,1.956407],[-76.428212,1.955675],[-76.421051,1.953315],[-76.402333,1.94127],[-76.36262,1.922553],[-76.269236,1.901475],[-76.222564,1.882676],[-76.205881,1.880561],[-76.18163,1.887519],[-76.165842,1.903266],[-76.152577,1.921902],[-76.135976,1.937364],[-76.127349,1.940863],[-76.097483,1.94831],[-76.055857,1.966417],[-76.040191,1.978339],[-76.020497,2.01081],[-76.011545,2.020819],[-75.999827,2.027371],[-75.909006,2.049506],[-75.865102,2.055243],[-75.857289,2.063544],[-75.85143,2.074652],[-75.839182,2.086046],[-75.845367,2.086046],[-75.785268,2.122138],[-75.760365,2.127021],[-75.754547,2.128933],[-75.703603,2.162055],[-75.688873,2.174384],[-75.679677,2.189032],[-75.676381,2.200385],[-75.67455,2.212348],[-75.675649,2.223944],[-75.680776,2.234158],[-75.696441,2.249457],[-75.69872,2.257595],[-75.693593,2.270046],[-75.683502,2.283555],[-75.658437,2.306098],[-75.586049,2.354071],[-75.566884,2.378933],[-75.567983,2.412909],[-75.576527,2.426459],[-75.58731,2.439521],[-75.593739,2.452948],[-75.588979,2.467719],[-75.58434,2.472032],[-75.579091,2.474921],[-75.567616,2.4796],[-75.561147,2.483588],[-75.556752,2.48786],[-75.548695,2.499132],[-75.509633,2.542996],[-75.497792,2.561306],[-75.495473,2.566596],[-75.495473,2.573513],[-75.502797,2.594346],[-75.504872,2.610053],[-75.503163,2.622911],[-75.497629,2.634833],[-75.431793,2.721137],[-75.419016,2.732204],[-75.404449,2.740668],[-75.374989,2.749213],[-75.365346,2.761908],[-75.325754,2.841579],[-75.314687,2.85696],[-75.305409,2.876736],[-75.3072,2.89586],[-75.313466,2.915473],[-75.317779,2.936387],[-75.315378,2.956488],[-75.307932,2.981716],[-75.297841,3.005439],[-75.27599,3.037787],[-75.263743,3.072943],[-75.256337,3.087226],[-75.270741,3.097357],[-75.279652,3.118191],[-75.283844,3.142117],[-75.284291,3.161689],[-75.273752,3.190131],[-75.255767,3.211982],[-75.242299,3.234442],[-75.245107,3.26496],[-75.253407,3.285671],[-75.253163,3.294989],[-75.247792,3.307237],[-75.22643,3.341905],[-75.220367,3.355496],[-75.214467,3.365261],[-75.198598,3.378974],[-75.191274,3.388048],[-75.187571,3.400214],[-75.185374,3.425605],[-75.178944,3.437323],[-75.169057,3.443427],[-75.145009,3.45185],[-75.137359,3.459825],[-75.137156,3.471055],[-75.147572,3.493028],[-75.145741,3.50613],[-75.137522,3.514919],[-75.115631,3.522488],[-75.106516,3.528591],[-75.100982,3.546495],[-75.108388,3.589871],[-75.101471,3.610663],[-75.073964,3.635199],[-75.0655,3.645046],[-75.037221,3.689276],[-75.033315,3.690375],[-75.02066,3.688747],[-75.016184,3.689276],[-75.014516,3.69184],[-75.011383,3.700995],[-75.009958,3.703559],[-75.000152,3.709662],[-74.993642,3.715033],[-74.989898,3.722357],[-74.985056,3.757758],[-74.954701,3.819648],[-74.952504,3.828559],[-74.952138,3.835557],[-74.950592,3.842475],[-74.944732,3.850938],[-74.933217,3.861396],[-74.929433,3.867865],[-74.928049,3.878607],[-74.923207,3.896918],[-74.911733,3.9112],[-74.886383,3.936347],[-74.880767,3.947455],[-74.877105,3.95954],[-74.873525,3.984442],[-74.873199,4.017605],[-74.870107,4.027859],[-74.852895,4.054145],[-74.848988,4.064765],[-74.848134,4.074571],[-74.850331,4.09337],[-74.850006,4.102607],[-74.847808,4.10932],[-74.83788,4.128119],[-74.83552,4.137315],[-74.832957,4.156684],[-74.817454,4.221503],[-74.803415,4.258612],[-74.801015,4.272528],[-74.808665,4.279242],[-74.830719,4.277411],[-74.859527,4.270697],[-74.880849,4.26907],[-74.891265,4.279568],[-74.887441,4.309434],[-74.816518,4.466173],[-74.805898,4.504503],[-74.804799,4.544704],[-74.818186,4.587429],[-74.804514,4.591417],[-74.806223,4.597683],[-74.818186,4.607937],[-74.811431,4.620429],[-74.794301,4.640652],[-74.790842,4.652289],[-74.793446,4.659735],[-74.799631,4.662421],[-74.806467,4.664618],[-74.811269,4.669989],[-74.812652,4.67711],[-74.812082,4.682563],[-74.811025,4.686591],[-74.811269,4.689805],[-74.82551,4.711249],[-74.828033,4.722113],[-74.821523,4.734565],[-74.810496,4.741523],[-74.797922,4.745469],[-74.787587,4.7508],[-74.783396,4.761827],[-74.780629,4.772406],[-74.767323,4.786892],[-74.762929,4.799669],[-74.770497,4.848009],[-74.770904,4.862982],[-74.768422,4.875922],[-74.76179,4.885199],[-74.749867,4.889106],[-74.754465,4.89765],[-74.753082,4.904893],[-74.750152,4.912869],[-74.749867,4.923204],[-74.761586,4.957343],[-74.762929,4.964179],[-74.756703,4.969591],[-74.73412,4.979682],[-74.728749,4.985297],[-74.731679,4.991767],[-74.746002,5.015001],[-74.749867,5.026231],[-74.749013,5.046658],[-74.735585,5.108222],[-74.742421,5.269599],[-74.748769,5.290473],[-74.7506,5.302273],[-74.746165,5.30744],[-74.740834,5.310574],[-74.725209,5.325303],[-74.721913,5.33039],[-74.717641,5.350124],[-74.698883,5.383653],[-74.691355,5.409939],[-74.684071,5.416531],[-74.676829,5.421413],[-74.673492,5.426866],[-74.678131,5.449042],[-74.67512,5.455756],[-74.660471,5.458279],[-74.666086,5.4737],[-74.668446,5.492255],[-74.66686,5.510688],[-74.660471,5.525946],[-74.673695,5.529853],[-74.680247,5.539578],[-74.677805,5.549384],[-74.66393,5.553819],[-74.647369,5.556586],[-74.640818,5.562812],[-74.644928,5.56977],[-74.660471,5.574327],[-74.643381,5.617214],[-74.637522,5.644151],[-74.643056,5.656277],[-74.652089,5.65998],[-74.649973,5.668809],[-74.643666,5.679145],[-74.637807,5.691718],[-74.633778,5.697455],[-74.631947,5.702501],[-74.639394,5.706122],[-74.642486,5.709784],[-74.64509,5.714219],[-74.64623,5.718329],[-74.64623,5.752468],[-74.650706,5.758165],[-74.658396,5.764187],[-74.662587,5.771918],[-74.649566,5.798692],[-74.640004,5.86168],[-74.632558,5.875922],[-74.620839,5.891791],[-74.607493,5.904731],[-74.595041,5.910102],[-74.590932,5.918077],[-74.606109,5.959744],[-74.605214,5.97838],[-74.599721,5.982611],[-74.582997,5.989203],[-74.577952,5.992703],[-74.57433,6.001532],[-74.574818,6.008653],[-74.576772,6.015408],[-74.577952,6.022773],[-74.576161,6.063992],[-74.577789,6.078721],[-74.584788,6.095079],[-74.59911,6.111274],[-74.604482,6.120958],[-74.605214,6.136054],[-74.600901,6.149482],[-74.587595,6.172675],[-74.579945,6.215888],[-74.566803,6.241075],[-74.547353,6.262641],[-74.485097,6.306586],[-74.459584,6.333441],[-74.413442,6.404161],[-74.402699,6.399278],[-74.392323,6.402533],[-74.384023,6.411404],[-74.379303,6.423407],[-74.380727,6.434027],[-74.387074,6.444444],[-74.403472,6.461941],[-74.405955,6.475287],[-74.408844,6.567084],[-74.407216,6.574897],[-74.394643,6.603787],[-74.393015,6.612413],[-74.386586,6.626247],[-74.370798,6.631537],[-74.330922,6.636298],[-74.292836,6.654364],[-74.108713,6.790229],[-74.09553,6.808132],[-74.064036,6.869086],[-74.022288,6.912543],[-74.016225,6.927761],[-74.007151,6.934841],[-73.925201,6.974433],[-73.900868,6.992784],[-73.887929,7.019802],[-73.89269,7.060858],[-73.90099,7.075954],[-73.912343,7.089789],[-73.922475,7.105496],[-73.926829,7.126044],[-73.937245,7.253852],[-73.924387,7.342108],[-73.913157,7.383612],[-73.901112,7.411566],[-73.899526,7.421169],[-73.901682,7.432156],[-73.911041,7.44599],[-73.913157,7.455634],[-73.913319,7.494818],[-73.907582,7.509874],[-73.852122,7.579617],[-73.848337,7.589057],[-73.835276,7.595242],[-73.830556,7.610053],[-73.831207,7.644314],[-73.829091,7.653266],[-73.825185,7.662543],[-73.823435,7.671983],[-73.82787,7.681586],[-73.83609,7.694688],[-73.833974,7.702948],[-73.82787,7.710761],[-73.824452,7.722846],[-73.815663,7.779486],[-73.816965,7.801337],[-73.829213,7.861111],[-73.83434,7.870225],[-73.843739,7.879014],[-73.8579,7.938544],[-73.855092,7.951524],[-73.872182,8.006781],[-73.873769,8.025824],[-73.872385,8.044867],[-73.865387,8.07571],[-73.854848,8.103054],[-73.855458,8.105333],[-73.835439,8.115017],[-73.831207,8.116034],[-73.822662,8.127224],[-73.816274,8.138292],[-73.806996,8.146796],[-73.789662,8.150173]]]}},{"type":"Feature","properties":{"dissolve":"127River","scalerank":4.0,"featurecla":"River","name":"Neuquén","name_alt":null,"rivernum":127,"note":null,"min_zoom":4.0,"name_en":"Neuquén","min_label":5.0},"bbox":[-70.803456,-38.974786,-68.014027,-36.528823],"geometry":{"type":"MultiLineString","coordinates":[[[-70.803456,-36.528823],[-70.795766,-36.673517],[-70.791493,-36.693292],[-70.786,-36.703302],[-70.768219,-36.724542],[-70.750478,-36.759291],[-70.748769,-36.765313],[-70.740224,-36.785577],[-70.720815,-36.798842],[-70.699818,-36.809991],[-70.686716,-36.823663],[-70.684967,-36.843764],[-70.696929,-36.887872],[-70.700347,-36.909356],[-70.69933,-36.932143],[-70.677724,-37.039972],[-70.668528,-37.053399],[-70.654652,-37.068373],[-70.641754,-37.08823],[-70.632883,-37.110284],[-70.630971,-37.132745],[-70.633127,-37.142022],[-70.63683,-37.152195],[-70.641225,-37.160821],[-70.645253,-37.166355],[-70.654286,-37.169773],[-70.667917,-37.172377],[-70.680247,-37.176446],[-70.685618,-37.183445],[-70.688303,-37.189304],[-70.693593,-37.194268],[-70.697458,-37.198744],[-70.695872,-37.20379],[-70.692454,-37.224298],[-70.695221,-37.233819],[-70.708079,-37.249037],[-70.711578,-37.258477],[-70.710805,-37.269871],[-70.69929,-37.310235],[-70.692372,-37.319838],[-70.669911,-37.336114],[-70.654368,-37.35296],[-70.629506,-37.36297],[-70.601918,-37.369561],[-70.58259,-37.371759],[-70.561431,-37.368015],[-70.524892,-37.354343],[-70.462758,-37.344415],[-70.447743,-37.347182],[-70.424428,-37.360365],[-70.411855,-37.364923],[-70.325917,-37.364923],[-70.306264,-37.367852],[-70.252024,-37.383966],[-70.233144,-37.392267],[-70.21642,-37.408136],[-70.189158,-37.44671],[-70.174713,-37.454278],[-70.157786,-37.459161],[-70.134836,-37.471124],[-70.112172,-37.486505],[-70.095937,-37.501479],[-70.078318,-37.536147],[-70.047475,-37.622247],[-70.021474,-37.652276],[-70.004506,-37.657403],[-69.966298,-37.659682],[-69.948842,-37.669773],[-69.9381,-37.674005],[-69.91161,-37.672296],[-69.901031,-37.676609],[-69.891672,-37.687514],[-69.885732,-37.697931],[-69.87682,-37.721124],[-69.860911,-37.791843],[-69.860097,-37.803725],[-69.8544,-37.808282],[-69.859364,-37.818292],[-69.873402,-37.834405],[-69.872996,-37.841811],[-69.857004,-37.878839],[-69.832265,-37.967706],[-69.818959,-37.982924],[-69.816029,-37.99212],[-69.820302,-38.003351],[-69.838938,-38.024754],[-69.842681,-38.037123],[-69.835113,-38.053888],[-69.744293,-38.158217],[-69.725982,-38.173028],[-69.70637,-38.19907],[-69.702992,-38.233901],[-69.71231,-38.310886],[-69.704091,-38.351739],[-69.680043,-38.383477],[-69.535837,-38.483087],[-69.523183,-38.485691],[-69.508453,-38.485528],[-69.486724,-38.488946],[-69.456288,-38.507013],[-69.406606,-38.566908],[-69.376088,-38.588881],[-69.355458,-38.59474],[-69.172963,-38.60003],[-69.116607,-38.588311],[-69.064931,-38.553725],[-69.043568,-38.52573],[-69.034169,-38.51629],[-68.970123,-38.475763],[-68.909495,-38.392104],[-68.889719,-38.373468],[-68.858876,-38.361668],[-68.822581,-38.353692],[-68.785756,-38.351088],[-68.753529,-38.355401],[-68.728383,-38.364109],[-68.705312,-38.374933],[-68.552561,-38.470066],[-68.494008,-38.519708],[-68.46996,-38.530613],[-68.411285,-38.549005],[-68.388173,-38.565362],[-68.354563,-38.618504],[-68.333974,-38.633966],[-68.282216,-38.657729],[-68.225697,-38.69671],[-68.179026,-38.742852],[-68.04955,-38.903741],[-68.037587,-38.926935],[-68.035227,-38.945001],[-68.036936,-38.958998],[-68.031728,-38.96974],[-68.014027,-38.974786]]]}},{"type":"Feature","properties":{"dissolve":"131River","scalerank":4.0,"featurecla":"River","name":"Arkansas","name_alt":null,"rivernum":131,"note":null,"min_zoom":4.0,"name_en":"Arkansas","min_label":5.0},"bbox":[-106.380767,33.79328,-91.065826,39.222357],"geometry":{"type":"MultiLineString","coordinates":[[[-106.380767,39.222357],[-106.364817,39.181667],[-106.308176,39.11286],[-106.285797,39.077704],[-106.271799,39.037177],[-106.260569,39.022162],[-106.240793,39.016303],[-106.221506,39.003933],[-106.205393,38.975206],[-106.147572,38.820624],[-106.145985,38.808702],[-106.146392,38.786933],[-106.145009,38.776475],[-106.140248,38.766221],[-106.130849,38.75434],[-106.107818,38.732937],[-106.096262,38.724148],[-106.089223,38.717353],[-106.085194,38.709825],[-106.070139,38.661892],[-106.069203,38.644721],[-106.072662,38.626288],[-106.079823,38.608995],[-106.089955,38.59516],[-106.090728,38.577501],[-106.068837,38.56155],[-105.798573,38.417344],[-105.780914,38.404975],[-105.758372,38.383124],[-105.746083,38.374335],[-105.731272,38.369452],[-105.714101,38.370225],[-105.622467,38.413357],[-105.591542,38.43655],[-105.574574,38.446397],[-105.556549,38.451606],[-105.547475,38.451239],[-105.52892,38.446723],[-105.519683,38.445828],[-105.504018,38.448798],[-105.466298,38.472357],[-105.452016,38.477118],[-105.437164,38.478787],[-105.378245,38.47602],[-105.368031,38.473334],[-105.315745,38.44599],[-105.292958,38.440985],[-105.269358,38.439724],[-105.207834,38.446967],[-105.1669,38.433417],[-105.106191,38.43122],[-104.997629,38.408271],[-104.982045,38.401923],[-104.95759,38.384711],[-104.890777,38.31741],[-104.874664,38.307156],[-104.857004,38.298407],[-104.836497,38.292304],[-104.81192,38.290066],[-104.803293,38.287462],[-104.793691,38.281195],[-104.777821,38.265896],[-104.768625,38.261176],[-104.737945,38.256619],[-104.613759,38.257392],[-104.444936,38.267401],[-104.342397,38.259101],[-104.291249,38.259385],[-104.272206,38.252997],[-104.219309,38.211615],[-104.191477,38.199164],[-104.075063,38.173936],[-103.938629,38.147773],[-103.798655,38.13585],[-103.75178,38.123969],[-103.709462,38.106635],[-103.608266,38.041368],[-103.576568,38.02851],[-103.541249,38.022162],[-103.500966,38.02265],[-103.481923,38.025417],[-103.468251,38.029853],[-103.457265,38.035956],[-103.44636,38.043769],[-103.430287,38.052273],[-103.394928,38.065131],[-103.380849,38.07449],[-103.357167,38.083767],[-103.246205,38.100653],[-103.237538,38.099433],[-103.22057,38.094306],[-103.212066,38.093207],[-103.204905,38.094306],[-103.187489,38.099433],[-103.177968,38.100653],[-103.158681,38.097846],[-103.141835,38.092637],[-103.125071,38.089626],[-103.105946,38.093207],[-102.906646,38.093207],[-102.864003,38.106391],[-102.84142,38.107978],[-102.817983,38.100653],[-102.797109,38.110297],[-102.774526,38.11168],[-102.725453,38.107449],[-102.71703,38.109565],[-102.701731,38.118964],[-102.691314,38.121121],[-102.679596,38.119981],[-102.658559,38.115546],[-102.646596,38.114854],[-102.560943,38.127956],[-102.492177,38.120795],[-102.329742,38.123887],[-102.282867,38.114854],[-102.21345,38.084174],[-102.187652,38.076443],[-102.168324,38.062771],[-102.15689,38.059638],[-102.105377,38.059638],[-101.955556,38.039008],[-101.803293,37.995958],[-101.684153,37.966173],[-101.524159,37.93712],[-101.392201,37.89171],[-101.346913,37.889431],[-101.305491,37.898057],[-101.227773,37.932685],[-101.182932,37.962958],[-101.163197,37.966864],[-101.140004,37.968288],[-101.121693,37.97248],[-101.08373,37.987901],[-101.039133,37.997423],[-100.995839,37.992133],[-100.906239,37.966864],[-100.831614,37.962714],[-100.810048,37.956326],[-100.638295,37.88113],[-100.593902,37.868964],[-100.49706,37.857449],[-100.36498,37.809149],[-100.159739,37.792426],[-100.090647,37.768175],[-99.986969,37.747748],[-99.943512,37.741482],[-99.837392,37.699286],[-99.748199,37.678982],[-99.651845,37.672634],[-99.601389,37.679958],[-99.570383,37.700141],[-99.486887,37.809516],[-99.351877,37.956366],[-99.238393,38.057969],[-99.090077,38.179714],[-99.045766,38.18537],[-99.00414,38.207587],[-98.859486,38.311103],[-98.819692,38.333564],[-98.77477,38.35102],[-98.67984,38.361274],[-98.585846,38.344306],[-98.499013,38.309841],[-98.388539,38.247911],[-98.26769,38.207058],[-98.206858,38.176134],[-98.155019,38.169135],[-98.133697,38.1612],[-97.952992,38.042548],[-97.81432,37.976142],[-97.567535,37.867499],[-97.551991,37.864366],[-97.535512,37.858751],[-97.505238,37.831855],[-97.486887,37.822821],[-97.479604,37.822374],[-97.466868,37.824164],[-97.458892,37.822821],[-97.45401,37.820868],[-97.417348,37.798448],[-97.40803,37.796169],[-97.397776,37.785753],[-97.370188,37.719794],[-97.344635,37.698839],[-97.333648,37.684353],[-97.329213,37.661729],[-97.324818,37.651475],[-97.305653,37.633083],[-97.301259,37.627631],[-97.295033,37.582587],[-97.286244,37.565538],[-97.274648,37.550401],[-97.264556,37.533637],[-97.256825,37.489854],[-97.248199,37.469265],[-97.237131,37.451728],[-97.226186,37.439236],[-97.195627,37.41828],[-97.182973,37.403632],[-97.131988,37.208564],[-97.120676,37.192572],[-97.110707,37.17418],[-97.109486,37.151882],[-97.113759,37.146837],[-97.119985,37.14643],[-97.124582,37.143256],[-97.123687,37.130154],[-97.11852,37.117865],[-97.111073,37.111843],[-97.10204,37.107286],[-97.046864,37.063015],[-97.034413,37.054999],[-97.012318,37.049384],[-96.961781,37.048367],[-96.941558,37.038601],[-96.929311,37.017605],[-96.930898,36.997097],[-96.944976,36.952663],[-96.946156,36.929267],[-96.943023,36.908515],[-96.934885,36.890082],[-96.921051,36.873806],[-96.911488,36.858181],[-96.910797,36.825059],[-96.904042,36.808621],[-96.887278,36.794216],[-96.866567,36.785956],[-96.843251,36.782172],[-96.818349,36.781317],[-96.808013,36.778144],[-96.799794,36.771064],[-96.795888,36.763983],[-96.798207,36.76081],[-96.869008,36.750108],[-96.882558,36.742784],[-96.894154,36.731635],[-96.907135,36.716132],[-96.926584,36.700263],[-96.947662,36.694607],[-96.970123,36.695502],[-96.993398,36.699327],[-97.012766,36.700019],[-97.040395,36.696845],[-97.059193,36.687201],[-97.051422,36.668321],[-97.0419,36.650946],[-97.041127,36.61164],[-97.034413,36.5963],[-96.993886,36.587592],[-96.93871,36.592108],[-96.898793,36.590115],[-96.904042,36.561591],[-96.919789,36.549628],[-96.942494,36.541083],[-96.967437,36.535956],[-96.98998,36.534247],[-97.005605,36.52558],[-97.002024,36.505886],[-96.989735,36.485216],[-96.979115,36.473456],[-96.938547,36.459581],[-96.901235,36.467475],[-96.867055,36.488593],[-96.777415,36.565294],[-96.758209,36.572089],[-96.741363,36.559597],[-96.718414,36.521267],[-96.711741,36.506293],[-96.707753,36.490302],[-96.705434,36.449246],[-96.695139,36.439399],[-96.622874,36.432481],[-96.608225,36.421739],[-96.591461,36.40412],[-96.574208,36.391059],[-96.557973,36.394314],[-96.53893,36.406806],[-96.532216,36.398017],[-96.534169,36.377997],[-96.548085,36.33865],[-96.550852,36.320665],[-96.542633,36.306952],[-96.516998,36.30154],[-96.510365,36.305772],[-96.492421,36.32453],[-96.482574,36.328884],[-96.462717,36.328681],[-96.455149,36.326931],[-96.444692,36.322618],[-96.442209,36.320624],[-96.440745,36.318427],[-96.437856,36.316433],[-96.43106,36.315212],[-96.429026,36.304633],[-96.379506,36.263699],[-96.36144,36.252468],[-96.338938,36.246649],[-96.293853,36.240058],[-96.269154,36.232489],[-96.257151,36.223009],[-96.253163,36.209174],[-96.252919,36.188544],[-96.255971,36.176378],[-96.261383,36.169867],[-96.263539,36.16413],[-96.256663,36.154405],[-96.248525,36.153266],[-96.205719,36.158149],[-96.185048,36.156684],[-96.142568,36.146837],[-96.119211,36.144477],[-96.048899,36.151801],[-96.027008,36.150702],[-95.994862,36.131944],[-95.980458,36.096991],[-95.972035,36.054633],[-95.958119,36.013495],[-95.94933,36.001776],[-95.935374,35.988471],[-95.918121,35.977647],[-95.900054,35.973171],[-95.883127,35.966986],[-95.869049,35.953803],[-95.852406,35.941514],[-95.827748,35.938422],[-95.807362,35.945421],[-95.795155,35.953152],[-95.783111,35.952663],[-95.73884,35.916327],[-95.719635,35.915839],[-95.700795,35.922431],[-95.677561,35.92475],[-95.650217,35.903754],[-95.641591,35.81863],[-95.622914,35.786933],[-95.600209,35.780056],[-95.578928,35.783555],[-95.558095,35.790595],[-95.52595,35.796698],[-95.505279,35.806464],[-95.495676,35.808661],[-95.444814,35.801215],[-95.425933,35.803412],[-95.386708,35.812771],[-95.365631,35.814887],[-95.348988,35.812567],[-95.328277,35.806342],[-95.310048,35.797431],[-95.300771,35.786933],[-95.296783,35.760769],[-95.281361,35.756049],[-95.261057,35.757514],[-95.242096,35.749701],[-95.231679,35.72956],[-95.238759,35.715033],[-95.253733,35.701728],[-95.266672,35.685167],[-95.272288,35.665229],[-95.271474,35.645087],[-95.263824,35.62519],[-95.248931,35.606024],[-95.229237,35.597602],[-95.190826,35.609971],[-95.170481,35.602607],[-95.13565,35.530951],[-95.127553,35.521104],[-95.074859,35.472276],[-95.042226,35.450222],[-94.860585,35.364285],[-94.844879,35.35281],[-94.826772,35.347764],[-94.752065,35.362413],[-94.72936,35.358669],[-94.708079,35.350369],[-94.689117,35.338731],[-94.673248,35.325222],[-94.662587,35.304999],[-94.659169,35.287543],[-94.651967,35.282782],[-94.629791,35.300971],[-94.602854,35.332709],[-94.585276,35.339179],[-94.564036,35.325222],[-94.548818,35.31212],[-94.529205,35.303778],[-94.51061,35.305203],[-94.498199,35.321479],[-94.497467,35.363471],[-94.489329,35.378363],[-94.461008,35.384141],[-94.439076,35.391059],[-94.429555,35.40766],[-94.422963,35.427558],[-94.410064,35.444363],[-94.402659,35.451768],[-94.378774,35.437812],[-94.360585,35.419501],[-94.331288,35.380439],[-94.312367,35.366889],[-94.288686,35.361925],[-94.222483,35.363145],[-94.152333,35.373887],[-94.141957,35.376736],[-94.127756,35.392646],[-94.135487,35.410264],[-94.147206,35.429023],[-94.144765,35.44835],[-94.13858,35.453192],[-94.131947,35.45421],[-94.124908,35.453721],[-94.117502,35.454047],[-94.108388,35.456366],[-94.10143,35.45954],[-94.066965,35.481269],[-94.04776,35.489081],[-94.027699,35.492621],[-93.942738,35.491319],[-93.922475,35.494981],[-93.916086,35.497829],[-93.903798,35.505723],[-93.897125,35.50788],[-93.873199,35.50491],[-93.847646,35.493435],[-93.825307,35.476508],[-93.810902,35.457465],[-93.807851,35.447699],[-93.804189,35.427314],[-93.799957,35.41767],[-93.782948,35.399482],[-93.763051,35.391669],[-93.628651,35.390326],[-93.60912,35.394599],[-93.555776,35.419745],[-93.544301,35.423285],[-93.463002,35.428534],[-93.440785,35.422797],[-93.42691,35.406114],[-93.426625,35.403144],[-93.427235,35.396593],[-93.426747,35.393988],[-93.424672,35.391913],[-93.419342,35.389675],[-93.417104,35.387885],[-93.398874,35.369208],[-93.379465,35.359646],[-93.357289,35.355902],[-93.330922,35.35456],[-93.305002,35.348904],[-93.282826,35.336534],[-93.186025,35.266913],[-93.161936,35.2449],[-93.132395,35.203925],[-93.122548,35.192939],[-93.110178,35.185004],[-93.093007,35.179389],[-93.036977,35.176459],[-92.927561,35.191921],[-92.870473,35.183621],[-92.860585,35.178656],[-92.823394,35.149359],[-92.796457,35.135199],[-92.781972,35.13113],[-92.77477,35.131049],[-92.759755,35.13349],[-92.753326,35.133165],[-92.747426,35.129828],[-92.724762,35.101671],[-92.719838,35.097276],[-92.713287,35.094835],[-92.664377,35.088935],[-92.648874,35.089708],[-92.633697,35.094509],[-92.58495,35.124864],[-92.575022,35.128526],[-92.564768,35.129747],[-92.554921,35.126776],[-92.548004,35.119208],[-92.546986,35.109727],[-92.559682,35.066474],[-92.570627,35.044379],[-92.585113,35.026313],[-92.587514,35.019151],[-92.583892,35.003933],[-92.572092,34.994493],[-92.556264,34.989081],[-92.519195,34.980984],[-92.498362,34.97366],[-92.48058,34.961982],[-92.468332,34.944159],[-92.464019,34.930854],[-92.452382,34.873358],[-92.445668,34.859727],[-92.435536,34.8487],[-92.421376,34.841417],[-92.387929,34.833767],[-92.352935,34.820339],[-92.329905,34.814887],[-92.319447,34.810248],[-92.311025,34.801622],[-92.307281,34.791612],[-92.306386,34.782335],[-92.303944,34.773464],[-92.295806,34.764512],[-92.286244,34.759467],[-92.162099,34.73078],[-92.155141,34.725613],[-92.151601,34.713406],[-92.155385,34.705756],[-92.162465,34.69953],[-92.168813,34.691474],[-92.172719,34.674628],[-92.168813,34.622504],[-92.175404,34.588813],[-92.175608,34.58161],[-92.168813,34.573798],[-92.148061,34.564154],[-92.141469,34.554267],[-92.14273,34.545518],[-92.153635,34.525499],[-92.155141,34.513292],[-92.14981,34.501247],[-92.140248,34.493232],[-92.12975,34.48668],[-92.121653,34.479193],[-92.118031,34.470038],[-92.118642,34.462429],[-92.120758,34.456163],[-92.121653,34.451239],[-92.120595,34.444159],[-92.118886,34.439317],[-92.091868,34.405951],[-92.086252,34.396023],[-92.082997,34.38581],[-92.081695,34.365749],[-92.079416,34.355048],[-92.072377,34.341132],[-92.059804,34.325222],[-92.043365,34.315701],[-92.02477,34.320909],[-92.016469,34.313056],[-91.997914,34.301052],[-91.990631,34.294216],[-91.98766,34.28738],[-91.983998,34.269884],[-91.983795,34.266913],[-91.970367,34.250108],[-91.960317,34.247016],[-91.951812,34.255398],[-91.94286,34.273057],[-91.943471,34.281684],[-91.947255,34.290595],[-91.947011,34.297553],[-91.935414,34.300401],[-91.924224,34.297675],[-91.919667,34.290635],[-91.917877,34.281765],[-91.912017,34.26557],[-91.911204,34.252387],[-91.908111,34.246405],[-91.901845,34.243476],[-91.873931,34.238959],[-91.790151,34.193427],[-91.76476,34.184353],[-91.714182,34.182196],[-91.696441,34.177517],[-91.636179,34.14468]],[[-91.636179,34.14468],[-91.633778,34.143378],[-91.641225,34.149604],[-91.636179,34.14468]],[[-91.636179,34.14468],[-91.62975,34.138373],[-91.615875,34.119696],[-91.601877,34.104926],[-91.589711,34.105251],[-91.57136,34.112006],[-91.549184,34.105536],[-91.510854,34.088162],[-91.467437,34.090196],[-91.449371,34.086371],[-91.441965,34.071357],[-91.439809,34.052558],[-91.433502,34.035224],[-91.422963,34.019639],[-91.408437,34.006171],[-91.389882,33.997748],[-91.372629,33.998725],[-91.353505,34.003363],[-91.329335,34.006171],[-91.320709,34.003038],[-91.321116,33.995958],[-91.32726,33.988878],[-91.33609,33.985704],[-91.350168,33.983344],[-91.353017,33.977647],[-91.348378,33.970974],[-91.339508,33.965196],[-91.319203,33.959662],[-91.197906,33.957465],[-91.175689,33.950954],[-91.156484,33.93537],[-91.144439,33.911322],[-91.137685,33.883124],[-91.134104,33.855333],[-91.136342,33.852118],[-91.141021,33.8487],[-91.14391,33.84337],[-91.14094,33.834906],[-91.134185,33.829372],[-91.127309,33.829047],[-91.120229,33.829942],[-91.112945,33.82807],[-91.106679,33.81977],[-91.101796,33.810126],[-91.094228,33.806098],[-91.079457,33.814399],[-91.068227,33.798896],[-91.065826,33.79328]]]}},{"type":"Feature","properties":{"dissolve":"139River","scalerank":4.0,"featurecla":"River","name":"Negro","name_alt":null,"rivernum":139,"note":null,"min_zoom":4.0,"name_en":"Negro","min_label":5.0},"bbox":[-68.014027,-41.041681,-62.801625,-38.974786],"geometry":{"type":"MultiLineString","coordinates":[[[-68.014027,-38.974786],[-67.918202,-38.981622],[-67.89391,-38.992608],[-67.863922,-39.011733],[-67.829335,-39.022638],[-67.757517,-39.032892],[-67.729726,-39.040867],[-67.693471,-39.066257],[-67.670644,-39.077162],[-67.648264,-39.079034],[-67.579213,-39.059991],[-67.540151,-39.055515],[-67.381093,-39.065769],[-67.299794,-39.091729],[-67.25829,-39.099298],[-67.203236,-39.097833],[-67.185292,-39.101414],[-67.17101,-39.108819],[-67.144358,-39.13006],[-67.129506,-39.137872],[-67.112904,-39.141615],[-66.851755,-39.136895],[-66.656117,-39.095229],[-66.609446,-39.091323],[-66.293853,-39.124933],[-66.219879,-39.163588],[-66.179026,-39.179213],[-66.177195,-39.187433],[-66.098704,-39.197931],[-66.049469,-39.228855],[-66.013661,-39.240655],[-65.89684,-39.254734],[-65.827301,-39.273614],[-65.804351,-39.275811],[-65.804067,-39.272963],[-65.7683,-39.254408],[-65.755523,-39.253269],[-65.731801,-39.254734],[-65.682444,-39.26808],[-65.649973,-39.292413],[-65.627675,-39.327162],[-65.598622,-39.390964],[-65.572987,-39.429213],[-65.562856,-39.457208],[-65.550404,-39.465183],[-65.520823,-39.472996],[-65.504547,-39.480157],[-65.490834,-39.490899],[-65.467885,-39.519464],[-65.414296,-39.621433],[-65.378245,-39.671319],[-65.363108,-39.698175],[-65.355621,-39.727553],[-65.365956,-39.767755],[-65.368479,-39.787937],[-65.358713,-39.796563],[-65.348256,-39.799737],[-65.332346,-39.813897],[-65.321441,-39.816908],[-65.307607,-39.819187],[-65.299224,-39.824395],[-65.276763,-39.846368],[-65.27123,-39.849054],[-65.259389,-39.851739],[-65.256296,-39.850518],[-65.251291,-39.847589],[-65.245229,-39.844903],[-65.238922,-39.844252],[-65.232493,-39.847345],[-65.220815,-39.856134],[-65.208323,-39.86004],[-65.186594,-39.869561],[-65.173777,-39.871596],[-65.129709,-39.865411],[-65.029775,-39.871596],[-64.982045,-39.869155],[-64.960846,-39.870782],[-64.937937,-39.878432],[-64.901316,-39.8978],[-64.867258,-39.92075],[-64.835846,-39.948256],[-64.795562,-39.995619],[-64.780995,-40.006687],[-64.761586,-40.013686],[-64.713816,-40.018487],[-64.642445,-40.036065],[-64.614084,-40.048272],[-64.568349,-40.080743],[-64.536733,-40.087579],[-64.507314,-40.083673],[-64.424184,-40.052179],[-64.395334,-40.049819],[-64.364003,-40.054376],[-64.305531,-40.07171],[-64.270131,-40.091811],[-64.251943,-40.105808],[-64.235219,-40.129408],[-64.21467,-40.139825],[-64.175852,-40.154311],[-64.117584,-40.190281],[-64.096995,-40.195245],[-64.087148,-40.199395],[-64.089508,-40.208836],[-64.100697,-40.226007],[-64.09435,-40.23325],[-64.079701,-40.237726],[-64.052317,-40.243015],[-64.011098,-40.2645],[-63.990061,-40.278823],[-63.963246,-40.30226],[-63.951812,-40.307631],[-63.93928,-40.310479],[-63.913035,-40.312839],[-63.906484,-40.317071],[-63.804921,-40.426202],[-63.771108,-40.448582],[-63.758372,-40.452488],[-63.692128,-40.457533],[-63.651682,-40.469578],[-63.63679,-40.475925],[-63.617787,-40.503757],[-63.603505,-40.509942],[-63.586659,-40.512628],[-63.575307,-40.519708],[-63.546783,-40.552097],[-63.524119,-40.592462],[-63.441721,-40.671075],[-63.387563,-40.709161],[-63.182525,-40.729181],[-63.117909,-40.746108],[-63.103139,-40.754083],[-63.024648,-40.809259],[-62.981801,-40.853367],[-62.971547,-40.861749],[-62.921742,-40.891534],[-62.861562,-40.938409],[-62.848134,-40.953627],[-62.809682,-41.016046],[-62.801625,-41.041681]]]}},{"type":"Feature","properties":{"dissolve":"152River","scalerank":4.0,"featurecla":"River","name":"Braco Menor","name_alt":null,"rivernum":152,"note":null,"min_zoom":4.0,"name_en":"Braco Menor","min_label":5.0},"bbox":[-50.484039,-12.84588,-49.867299,-9.730157],"geometry":{"type":"MultiLineString","coordinates":[[[-50.484039,-12.84588],[-50.458323,-12.782159],[-50.459828,-12.770033],[-50.457021,-12.761733],[-50.451894,-12.724298],[-50.443023,-12.714858],[-50.443023,-12.709324],[-50.450185,-12.69614],[-50.43932,-12.686456],[-50.421742,-12.677911],[-50.408315,-12.667657],[-50.411366,-12.637628],[-50.396799,-12.612726],[-50.353098,-12.56463],[-50.3544,-12.558526],[-50.359039,-12.54933],[-50.361643,-12.540948],[-50.356801,-12.537449],[-50.328521,-12.529718],[-50.322621,-12.527195],[-50.319936,-12.517511],[-50.320546,-12.507989],[-50.316355,-12.503432],[-50.299062,-12.509454],[-50.306508,-12.495131],[-50.282094,-12.483412],[-50.223378,-12.434991],[-50.158559,-12.404311],[-50.141428,-12.393406],[-50.134674,-12.384698],[-50.126047,-12.362807],[-50.120351,-12.352472],[-50.113759,-12.347182],[-50.105458,-12.342787],[-50.097768,-12.336602],[-50.093007,-12.325698],[-50.093821,-12.300795],[-50.102284,-12.277683],[-50.114858,-12.257664],[-50.127797,-12.242608],[-50.117828,-12.237237],[-50.114125,-12.228936],[-50.115305,-12.218927],[-50.120351,-12.208429],[-50.093495,-12.203139],[-50.081654,-12.183119],[-50.078928,-12.154311],[-50.079335,-12.122979],[-50.071401,-12.106459],[-50.035146,-12.070652],[-50.02477,-12.050714],[-50.017934,-12.050714],[-50.010325,-12.065118],[-49.99649,-12.078058],[-49.979888,-12.087823],[-49.963938,-12.092299],[-49.941151,-12.094659],[-49.932118,-12.090509],[-49.922353,-12.078058],[-49.920277,-12.068699],[-49.926584,-12.046726],[-49.935048,-11.991713],[-49.934967,-11.970392],[-49.925404,-11.951104],[-49.896962,-11.920343],[-49.88915,-11.9013],[-49.894399,-11.879408],[-49.906484,-11.885105],[-49.913319,-11.882338],[-49.922353,-11.865737],[-49.933746,-11.829929],[-49.935943,-11.828139],[-49.9381,-11.818211],[-49.947499,-11.798191],[-49.949656,-11.78753],[-49.946929,-11.777195],[-49.921376,-11.725763],[-49.909901,-11.690606],[-49.90807,-11.670831],[-49.909169,-11.659356],[-49.914296,-11.639662],[-49.915517,-11.629571],[-49.912424,-11.618341],[-49.905629,-11.611993],[-49.898427,-11.606785],[-49.894399,-11.598972],[-49.896596,-11.578953],[-49.901357,-11.566257],[-49.896596,-11.559259],[-49.870188,-11.557306],[-49.867299,-11.552423],[-49.868642,-11.503839],[-49.872914,-11.500502],[-49.879384,-11.498956],[-49.887563,-11.489109],[-49.893951,-11.465671],[-49.888092,-11.45086],[-49.878407,-11.435398],[-49.87328,-11.409845],[-49.883046,-11.398126],[-49.904612,-11.392755],[-49.926137,-11.384698],[-49.935943,-11.364923],[-49.931223,-11.359552],[-49.921783,-11.353204],[-49.915273,-11.345147],[-49.918935,-11.334405],[-49.926137,-11.322931],[-49.926991,-11.312188],[-49.922963,-11.301446],[-49.915517,-11.29046],[-49.932078,-11.286147],[-49.932525,-11.278009],[-49.926137,-11.267592],[-49.922353,-11.25628],[-49.922353,-11.23919],[-49.925038,-11.231948],[-49.941599,-11.22503],[-49.941884,-11.215834],[-49.933827,-11.191095],[-49.924469,-11.174656],[-49.922353,-11.167494],[-49.924387,-11.15838],[-49.929107,-11.153741],[-49.933827,-11.149916],[-49.938873,-11.13006],[-49.946645,-11.121108],[-49.95759,-11.115655],[-49.970123,-11.112237],[-49.970123,-11.105401],[-49.95226,-11.093927],[-49.950063,-11.074558],[-49.950917,-11.053562],[-49.942128,-11.037123],[-49.976918,-11.023451],[-49.971832,-11.004083],[-49.97704,-10.980645],[-49.99059,-10.940932],[-49.990224,-10.924005],[-49.986562,-10.908624],[-49.970123,-10.872003],[-49.96581,-10.87713],[-49.963938,-10.878839],[-49.968821,-10.861993],[-49.97289,-10.836602],[-49.970611,-10.81349],[-49.956451,-10.803725],[-49.968495,-10.774835],[-49.970123,-10.765964],[-49.967844,-10.756036],[-49.958119,-10.735203],[-49.956451,-10.721856],[-49.960317,-10.701837],[-49.968373,-10.684503],[-49.99059,-10.653497],[-49.979644,-10.641778],[-49.971303,-10.628106],[-49.96581,-10.610772],[-49.963938,-10.588067],[-49.959299,-10.565444],[-49.941965,-10.538995],[-49.942128,-10.515802],[-49.945017,-10.510675],[-49.953969,-10.502293],[-49.956451,-10.495945],[-49.955719,-10.490737],[-49.953603,-10.484796],[-49.951161,-10.480808],[-49.949656,-10.481622],[-49.956451,-10.444187],[-49.953603,-10.375502],[-49.956451,-10.358087],[-49.960805,-10.353855],[-49.967763,-10.35003],[-49.974233,-10.345229],[-49.976918,-10.337742],[-49.972483,-10.325372],[-49.963124,-10.31756],[-49.953847,-10.312188],[-49.949656,-10.30698],[-49.942128,-10.265964],[-49.945302,-10.255873],[-49.959788,-10.233087],[-49.963938,-10.221043],[-49.964467,-10.179701],[-49.969716,-10.163588],[-49.986887,-10.142755],[-49.996693,-10.125828],[-50.011708,-10.051121],[-50.011098,-10.026056],[-50.012603,-10.017999],[-50.020904,-10.010675],[-50.02477,-10.002455],[-50.02595,-9.996026],[-50.02477,-9.97796],[-50.027252,-9.964858],[-50.033518,-9.963393],[-50.041331,-9.965997],[-50.048655,-9.964288],[-50.060496,-9.959324],[-50.110707,-9.947198],[-50.118031,-9.938409],[-50.120473,-9.917901],[-50.118967,-9.895033],[-50.114125,-9.87892],[-50.137847,-9.876479],[-50.161204,-9.865655],[-50.173818,-9.848484],[-50.165273,-9.827162],[-50.157338,-9.815362],[-50.156972,-9.805678],[-50.159983,-9.796563],[-50.164296,-9.770685],[-50.173899,-9.743585],[-50.175364,-9.730157]]]}},{"type":"Feature","properties":{"dissolve":"156Lake Centerline","scalerank":5.0,"featurecla":"Lake Centerline","name":"Mississippi","name_alt":null,"rivernum":156,"note":null,"min_zoom":4.7,"name_en":"Mississippi","min_label":5.7},"bbox":[-94.637074,47.405341,-94.094106,47.474555],"geometry":{"type":"MultiLineString","coordinates":[[[-94.506825,47.456407],[-94.507232,47.456407],[-94.507721,47.45657],[-94.521392,47.45543],[-94.544097,47.447577],[-94.569936,47.435248],[-94.596913,47.430935],[-94.624379,47.436062],[-94.637074,47.440009]],[[-94.326487,47.405626],[-94.266347,47.405341],[-94.236073,47.421902],[-94.220041,47.440212],[-94.198354,47.459662],[-94.160024,47.474555],[-94.125844,47.458116],[-94.103749,47.434678],[-94.094106,47.432807]]]}},{"type":"Feature","properties":{"dissolve":"156River","scalerank":5.0,"featurecla":"River","name":"Mississippi","name_alt":null,"rivernum":156,"note":null,"min_zoom":4.7,"name_en":"Mississippi","min_label":5.7},"bbox":[-95.258168,38.818671,-90.127309,47.499376],"geometry":{"type":"MultiLineString","coordinates":[[[-94.507721,47.45657],[-94.417307,47.445421],[-94.36913,47.433214],[-94.326487,47.405626]],[[-94.094106,47.432807],[-94.073638,47.430487],[-94.05309,47.426866],[-94.047434,47.413926],[-94.048004,47.395575],[-94.046376,47.3758],[-94.037099,47.360175],[-94.021067,47.347113],[-94.001454,47.338202],[-93.981516,47.334906],[-93.964345,47.328803],[-93.936391,47.303534],[-93.916615,47.300116],[-93.90807,47.304226],[-93.901235,47.311103],[-93.892649,47.317694],[-93.878774,47.320624],[-93.86856,47.318427],[-93.848948,47.309109],[-93.837229,47.306952],[-93.800649,47.315131],[-93.793121,47.314399],[-93.792551,47.306912],[-93.798451,47.297634],[-93.805898,47.289822],[-93.809885,47.286444],[-93.809722,47.277167],[-93.814687,47.255968],[-93.814768,47.232978],[-93.799957,47.218207],[-93.782704,47.219672],[-93.747304,47.240302],[-93.684438,47.256456],[-93.663401,47.259589],[-93.642242,47.251654],[-93.634877,47.259101],[-93.466461,47.195339],[-93.4405,47.178249],[-93.42516,47.152045],[-93.406361,47.127387],[-93.402089,47.118598],[-93.401031,47.106309],[-93.396311,47.085313],[-93.395253,47.070746],[-93.38036,47.054511],[-93.309316,47.025906],[-93.28539,47.012763],[-93.304596,46.969306],[-93.316721,46.949083],[-93.330149,46.933905],[-93.364491,46.906928],[-93.377268,46.890082],[-93.381581,46.868109],[-93.369293,46.832465],[-93.364858,46.805854],[-93.371409,46.793647],[-93.387563,46.786322],[-93.443105,46.73904],[-93.505523,46.712429],[-93.522206,46.700873],[-93.541005,46.692939],[-93.593861,46.690131],[-93.61498,46.683783],[-93.619049,46.678412],[-93.634877,46.649604],[-93.648549,46.634385],[-93.653798,46.624823],[-93.655955,46.611151],[-93.662343,46.595323],[-93.67809,46.577501],[-93.69815,46.562079],[-93.717397,46.553412],[-93.741689,46.551093],[-93.766957,46.553168],[-93.789784,46.558661],[-93.806752,46.566474],[-93.812164,46.572781],[-93.812164,46.577908],[-93.814605,46.582546],[-93.82726,46.587592],[-93.840077,46.588975],[-93.852651,46.58747],[-93.956451,46.553046],[-93.999745,46.551703],[-94.040151,46.57392],[-94.043853,46.570868],[-94.053212,46.566474],[-94.048085,46.554999],[-94.053131,46.549587],[-94.063344,46.545925],[-94.077016,46.537624],[-94.084055,46.535427],[-94.08731,46.532986],[-94.089833,46.528022],[-94.092885,46.515692],[-94.097564,46.509345],[-94.106191,46.492987],[-94.095815,46.467108],[-94.108469,46.450995],[-94.116851,46.448188],[-94.140045,46.446153],[-94.149403,46.443549],[-94.159332,46.435858],[-94.163645,46.428331],[-94.16686,46.4206],[-94.180084,46.404731],[-94.188588,46.38642],[-94.193471,46.378445],[-94.268666,46.323757],[-94.351064,46.284451],[-94.403147,46.237128],[-94.408437,46.228949],[-94.410064,46.217637],[-94.406321,46.206326],[-94.391591,46.185818],[-94.388336,46.173285],[-94.388336,46.131944],[-94.383697,46.124945],[-94.36205,46.114203],[-94.354848,46.107774],[-94.351552,46.090196],[-94.35558,46.074164],[-94.36852,46.046332],[-94.370758,46.030463],[-94.371816,45.993923],[-94.375356,45.978054],[-94.387441,45.956732],[-94.396352,45.945014],[-94.39802,45.932685],[-94.388336,45.909735],[-94.372222,45.885321],[-94.36852,45.875067],[-94.367828,45.866645],[-94.369496,45.849066],[-94.36852,45.840888],[-94.361399,45.826199],[-94.351308,45.815009],[-94.311106,45.789496],[-94.299306,45.779975],[-94.279775,45.758897],[-94.269399,45.750841],[-94.243031,45.734971],[-94.232004,45.724189],[-94.225738,45.710273],[-94.221588,45.695624],[-94.213775,45.683295],[-94.196604,45.676378],[-94.208608,45.661566],[-94.217681,45.638495],[-94.217152,45.617377],[-94.200307,45.6081],[-94.188222,45.599189],[-94.163238,45.555447],[-94.151845,45.529161],[-94.146474,45.508857],[-94.141957,45.498236],[-94.118398,45.473456],[-94.114613,45.467231],[-94.105336,45.456],[-94.011342,45.404486],[-93.990712,45.397813],[-93.94933,45.393419],[-93.942209,45.391425],[-93.935862,45.388617],[-93.813588,45.316433],[-93.787953,45.307929],[-93.597279,45.299628],[-93.588857,45.296739],[-93.581654,45.289984],[-93.570302,45.275458],[-93.562367,45.268622],[-93.514231,45.241319],[-93.493642,45.23253],[-93.471099,45.226345],[-93.446767,45.223944],[-93.437327,45.22016],[-93.39566,45.186469],[-93.361724,45.175482],[-93.319569,45.14879],[-93.295969,45.114691],[-93.288238,45.105902],[-93.292836,45.038926],[-93.285146,45.021755],[-93.270172,44.998725],[-93.252024,44.978624],[-93.234853,44.970038],[-93.224192,44.960639],[-93.214345,44.916124],[-93.203481,44.90115],[-93.17398,44.900662],[-93.118764,44.939276],[-93.090484,44.94953],[-93.080312,44.942979],[-93.070465,44.928331],[-93.063059,44.913153],[-93.060129,44.904853],[-93.054677,44.898017],[-93.042714,44.887763],[-93.030751,44.874335],[-93.025299,44.857978],[-93.021962,44.821845],[-93.010121,44.800971],[-92.987131,44.790473],[-92.896148,44.782172],[-92.881947,44.778266],[-92.877065,44.773464],[-92.873158,44.766547],[-92.867543,44.760443],[-92.857411,44.757758],[-92.819895,44.757758],[-92.79308,44.740505],[-92.731435,44.711493],[-92.661204,44.660224],[-92.643422,44.651557],[-92.637278,44.643012],[-92.632476,44.633612],[-92.628082,44.627468],[-92.584788,44.607856],[-92.429107,44.589179],[-92.39387,44.579535],[-92.359853,44.55976],[-92.331125,44.533026],[-92.305287,44.490058],[-92.296864,44.478949],[-92.286204,44.470567],[-92.272776,44.465766],[-92.156158,44.451361],[-92.102691,44.436835],[-91.950185,44.335639],[-91.912262,44.288886],[-91.837026,44.181749],[-91.817209,44.162543],[-91.778472,44.149482],[-91.662709,44.073188],[-91.650258,44.068223],[-91.637766,44.065619],[-91.541086,44.065497],[-91.535308,44.063747],[-91.478627,44.029486],[-91.471181,44.026475],[-91.462717,44.024482],[-91.426015,44.022406],[-91.414052,44.018093],[-91.407623,44.013251],[-91.403554,44.007636],[-91.40099,44.001044],[-91.399159,43.993354],[-91.391998,43.979438],[-91.368886,43.957872],[-91.361073,43.94477],[-91.318349,43.932929],[-91.305084,43.926785],[-91.295155,43.918891],[-91.288564,43.909003],[-91.284332,43.89765],[-91.279612,43.873481],[-91.278879,43.850531],[-91.281321,43.821234],[-91.28067,43.812445],[-91.278635,43.804023],[-91.274648,43.795518],[-91.269276,43.78852],[-91.255605,43.776435],[-91.249338,43.768866],[-91.245839,43.759792],[-91.242909,43.740098],[-91.242787,43.721218],[-91.254872,43.666856],[-91.254628,43.657742],[-91.247141,43.631171],[-91.246693,43.620632],[-91.250844,43.589219],[-91.250111,43.575954],[-91.244211,43.550076],[-91.242909,43.536892],[-91.244456,43.524278],[-91.250559,43.499538],[-91.252024,43.486884],[-91.251088,43.474392],[-91.248036,43.462714],[-91.243031,43.45185],[-91.229319,43.431423],[-91.224273,43.421454],[-91.221059,43.410753],[-91.216624,43.383368],[-91.208892,43.372829],[-91.197174,43.365912],[-91.111155,43.339952],[-91.086659,43.317247],[-91.08495,43.279975],[-91.103586,43.249213],[-91.156606,43.195258],[-91.167877,43.160346],[-91.162465,43.090277],[-91.154775,43.056423],[-91.154286,43.019721],[-91.152415,43.007595],[-91.147776,42.996283],[-91.146555,42.950263],[-91.141591,42.928168],[-91.130686,42.9112],[-91.102162,42.884874],[-91.092356,42.870876],[-91.086293,42.852851],[-91.083241,42.810492],[-91.079661,42.791938],[-91.045562,42.742011],[-91.03307,42.729112],[-91.01061,42.716335],[-90.966664,42.701524],[-90.795806,42.676785],[-90.750111,42.663764],[-90.726633,42.661078],[-90.703114,42.655219],[-90.687408,42.640326],[-90.667958,42.599636],[-90.659779,42.588202],[-90.634633,42.55976],[-90.626373,42.544379],[-90.628774,42.533026],[-90.654286,42.489814],[-90.642079,42.475613],[-90.611562,42.462999],[-90.596303,42.451931],[-90.581207,42.43769],[-90.549224,42.417182],[-90.463368,42.375841],[-90.432281,42.352484],[-90.414703,42.318427],[-90.414703,42.325263],[-90.412221,42.268337],[-90.403228,42.245307],[-90.370473,42.230536],[-90.349029,42.207139],[-90.335561,42.201728],[-90.322092,42.19949],[-90.236562,42.160834],[-90.226226,42.153347],[-90.201283,42.130805],[-90.191884,42.126044],[-90.176584,42.123603],[-90.169789,42.116319],[-90.16808,42.1046],[-90.168324,42.088813],[-90.165028,42.075141],[-90.14037,42.030463],[-90.144154,42.018581],[-90.149485,41.976264],[-90.167104,41.94123],[-90.17455,41.879665],[-90.188629,41.834662],[-90.201283,41.813503],[-90.218861,41.804511],[-90.235178,41.799628],[-90.27717,41.774359],[-90.291168,41.763536],[-90.305084,41.748481],[-90.318349,41.72838],[-90.328277,41.706163],[-90.332143,41.684434],[-90.346547,41.66474],[-90.344797,41.660224],[-90.341054,41.655829],[-90.338979,41.64997],[-90.339345,41.626288],[-90.341461,41.615831],[-90.346425,41.605292],[-90.361684,41.593207],[-90.405588,41.574246],[-90.414703,41.567735],[-90.422434,41.5539],[-90.441029,41.54328],[-90.483022,41.530829],[-90.582346,41.517157],[-90.603342,41.510362],[-90.641428,41.47602],[-90.661733,41.461941],[-90.704579,41.451117],[-90.991567,41.433539],[-91.031077,41.41352],[-91.05484,41.382839],[-91.075592,41.343329],[-91.091176,41.299669],[-91.099355,41.256456],[-91.09911,41.235907],[-91.094106,41.210801],[-91.082428,41.189724],[-91.062082,41.180732],[-91.047841,41.17654],[-90.997548,41.146593],[-90.968739,41.115994],[-90.95165,41.075385],[-90.945383,41.029161],[-90.949086,40.982123],[-90.966705,40.946153],[-91.065826,40.858588],[-91.083485,40.838975],[-91.093617,40.823554],[-91.098256,40.807685],[-91.101633,40.763699],[-91.107777,40.741767],[-91.127309,40.701606],[-91.153147,40.67239],[-91.187896,40.653144],[-91.227447,40.642686],[-91.267568,40.639472],[-91.298329,40.633124],[-91.343088,40.617703],[-91.383412,40.598578],[-91.40099,40.581163],[-91.403147,40.574286],[-91.412506,40.563666],[-91.414662,40.553819],[-91.410959,40.545274],[-91.383901,40.526231],[-91.374827,40.509874],[-91.374176,40.492133],[-91.380483,40.461371],[-91.380523,40.444281],[-91.375111,40.417792],[-91.373687,40.403022],[-91.38268,40.39289],[-91.441965,40.379462],[-91.473012,40.358018],[-91.496205,40.3133],[-91.511342,40.262152],[-91.5183,40.221137],[-91.519032,40.174872],[-91.492584,40.009467],[-91.487213,39.99433],[-91.473622,39.978217],[-91.456654,39.961982],[-91.450592,39.954942],[-91.446156,39.947821],[-91.443105,39.940009],[-91.441477,39.930935],[-91.441965,39.90644],[-91.450307,39.877143],[-91.449371,39.865546],[-91.445139,39.858751],[-91.431752,39.846991],[-91.425201,39.833808],[-91.397857,39.813666],[-91.39151,39.803412],[-91.389312,39.792833],[-91.387318,39.769314],[-91.375071,39.735622],[-91.355214,39.710761],[-91.1044,39.533026],[-91.088694,39.518012],[-91.076772,39.499294],[-91.072011,39.477891],[-91.065826,39.464179],[-91.051015,39.452338],[-90.819651,39.320014],[-90.797475,39.303168],[-90.774078,39.278917],[-90.74828,39.24197],[-90.736806,39.220282],[-90.730051,39.200751],[-90.728912,39.187283],[-90.730702,39.159613],[-90.730051,39.146104],[-90.724517,39.133816],[-90.706614,39.112128],[-90.702748,39.101142],[-90.706858,39.090196],[-90.71467,39.078681],[-90.718902,39.066352],[-90.712636,39.053046],[-90.704742,39.040839],[-90.699371,39.024359],[-90.69815,39.007758],[-90.702748,38.995307],[-90.657582,38.920966],[-90.626617,38.890326],[-90.585439,38.877997],[-90.542063,38.893907],[-90.479115,38.958808],[-90.428375,38.967353],[-90.409169,38.961371],[-90.374908,38.943712],[-90.356353,38.94005],[-90.332834,38.938056],[-90.282216,38.926459],[-90.183665,38.882636],[-90.143666,38.856757],[-90.127309,38.830186],[-90.132192,38.818671]],[[-95.179921,47.216417],[-95.246938,47.294786],[-95.256907,47.315131],[-95.258168,47.331],[-95.255198,47.343207],[-95.247467,47.360378],[-95.236236,47.377956],[-95.222076,47.39529],[-95.187489,47.426866],[-95.168324,47.439887],[-95.148874,47.450222],[-95.133412,47.455146],[-95.115631,47.456366],[-95.089223,47.453925],[-95.066233,47.450263],[-95.025299,47.443915],[-95.004954,47.443061],[-94.985911,47.445176],[-94.967763,47.449897],[-94.943918,47.458848],[-94.889801,47.469794],[-94.865631,47.481513],[-94.84675,47.496039],[-94.834625,47.499376],[-94.761545,47.487657],[-94.74767,47.47724],[-94.724192,47.450954],[-94.708567,47.442654],[-94.689849,47.438666],[-94.637074,47.440009]]]}},{"type":"Feature","properties":{"dissolve":null,"scalerank":7.0,"featurecla":"River","name":"San Pedro y San Pablo","name_alt":null,"rivernum":0,"note":null,"min_zoom":6.0,"name_en":"San Pedro y San Pablo","min_label":7.0},"bbox":[-92.483062,18.240953,-92.199208,18.659044],"geometry":{"type":"MultiLineString","coordinates":[[[-92.205719,18.240953],[-92.199208,18.255276],[-92.209625,18.273505],[-92.210927,18.29564],[-92.234364,18.307359],[-92.248687,18.31387],[-92.260081,18.318671],[-92.270253,18.327989],[-92.278717,18.340644],[-92.281361,18.355251],[-92.278717,18.405544],[-92.284006,18.413682],[-92.309967,18.429307],[-92.319692,18.436835],[-92.322174,18.441677],[-92.325917,18.45539],[-92.326527,18.460761],[-92.330678,18.468329],[-92.340199,18.466254],[-92.357249,18.457343],[-92.366851,18.461859],[-92.396067,18.482204],[-92.402211,18.487738],[-92.421864,18.50788],[-92.428375,18.554755],[-92.450307,18.595038],[-92.476186,18.631049],[-92.483062,18.659044]]]}},{"type":"Feature","properties":{"dissolve":null,"scalerank":7.0,"featurecla":"River","name":"Rio Salinas","name_alt":null,"rivernum":0,"note":null,"min_zoom":6.0,"name_en":"Rio Salinas","min_label":7.0},"bbox":[-90.66808,16.079454,-90.380686,16.616807],"geometry":{"type":"MultiLineString","coordinates":[[[-90.654856,16.616807],[-90.66808,16.59337],[-90.66808,16.587226],[-90.659657,16.58865],[-90.654408,16.590277],[-90.651031,16.593614],[-90.648183,16.600206],[-90.634592,16.592353],[-90.637807,16.578152],[-90.644358,16.561143],[-90.640736,16.544989],[-90.648997,16.529812],[-90.640289,16.526068],[-90.624989,16.525173],[-90.613433,16.518337],[-90.612864,16.507839],[-90.619781,16.500312],[-90.628733,16.493109],[-90.633901,16.483507],[-90.621571,16.486925],[-90.605458,16.486355],[-90.591461,16.483588],[-90.58552,16.480414],[-90.58019,16.482978],[-90.554189,16.490424],[-90.544545,16.490343],[-90.539866,16.469062],[-90.533681,16.460069],[-90.509674,16.4713],[-90.498525,16.468207],[-90.489003,16.461737],[-90.483062,16.456244],[-90.477895,16.445258],[-90.479237,16.436591],[-90.476674,16.430935],[-90.44518,16.427029],[-90.434926,16.422634],[-90.42748,16.417914],[-90.42162,16.41531],[-90.410268,16.416815],[-90.401438,16.420722],[-90.395741,16.419379],[-90.393707,16.405056],[-90.393463,16.391872],[-90.392161,16.386176],[-90.380686,16.367499],[-90.395904,16.371649],[-90.409535,16.372585],[-90.419057,16.367377],[-90.42162,16.353217],[-90.414784,16.353217],[-90.414784,16.360663],[-90.407948,16.360663],[-90.399566,16.347764],[-90.405507,16.331732],[-90.420277,16.317979],[-90.43871,16.312201],[-90.445668,16.308621],[-90.435536,16.301378],[-90.420969,16.29621],[-90.414784,16.298611],[-90.414866,16.288031],[-90.42101,16.285509],[-90.42927,16.287787],[-90.435292,16.291775],[-90.43635,16.289008],[-90.43635,16.286444],[-90.437489,16.28498],[-90.442128,16.285509],[-90.438303,16.280219],[-90.43224,16.26911],[-90.428456,16.26378],[-90.441396,16.265489],[-90.444488,16.267035],[-90.448964,16.271308],[-90.460276,16.259223],[-90.458608,16.249335],[-90.448801,16.241726],[-90.435292,16.236518],[-90.447011,16.231065],[-90.459299,16.221951],[-90.466379,16.208279],[-90.462554,16.189317],[-90.433502,16.173407],[-90.42691,16.163357],[-90.448964,16.154568],[-90.448964,16.148383],[-90.436106,16.136542],[-90.460317,16.117011],[-90.45641,16.099921],[-90.448964,16.099921],[-90.445302,16.10338],[-90.443512,16.104356],[-90.440989,16.105007],[-90.435292,16.107449],[-90.438222,16.098985],[-90.444936,16.084825],[-90.448964,16.079454]]]}},{"type":"Feature","properties":{"dissolve":null,"scalerank":7.0,"featurecla":"River","name":"Usumacinta","name_alt":null,"rivernum":0,"note":null,"min_zoom":6.0,"name_en":"Usumacinta","min_label":7.0},"bbox":[-92.674062,16.616807,-90.654856,18.430487],"geometry":{"type":"MultiLineString","coordinates":[[[-90.654856,16.616807],[-90.668568,16.652777],[-90.736155,16.746772],[-90.7506,16.75788],[-90.786366,16.775214],[-90.801137,16.787055],[-90.79776,16.798896],[-90.79776,16.805691],[-90.811431,16.813096],[-90.820709,16.805487],[-90.83259,16.805609],[-90.901438,16.826199],[-90.91983,16.836493],[-90.948964,16.864936],[-90.969716,16.874579],[-90.953521,16.89114],[-90.955963,16.898953],[-90.969594,16.901231],[-90.98705,16.901231],[-90.988759,16.897081],[-90.985097,16.887966],[-90.984039,16.87873],[-90.993886,16.874579],[-90.999135,16.877305],[-91.011708,16.890489],[-91.017486,16.895087],[-91.055735,16.908149],[-91.067698,16.918402],[-91.072133,16.939154],[-91.077748,16.949734],[-91.113108,16.990668],[-91.116933,16.999538],[-91.12206,17.018622],[-91.127349,17.024766],[-91.137929,17.026719],[-91.161977,17.024237],[-91.172027,17.028184],[-91.207509,17.065538],[-91.216705,17.079413],[-91.221059,17.089464],[-91.226186,17.107245],[-91.230377,17.114203],[-91.239613,17.119412],[-91.259999,17.124457],[-91.263905,17.130927],[-91.265981,17.14643],[-91.271637,17.164415],[-91.280344,17.180284],[-91.291249,17.189276],[-91.318512,17.190701],[-91.345326,17.18655],[-91.365712,17.189968],[-91.373769,17.213813],[-91.38915,17.221788],[-91.420033,17.227973],[-91.443349,17.238145],[-91.435862,17.258165],[-91.439768,17.271104],[-91.438832,17.287665],[-91.434722,17.303046],[-91.429026,17.312812],[-91.416127,17.317084],[-91.401967,17.31627],[-91.390981,17.318915],[-91.387441,17.333279],[-91.391021,17.336534],[-91.414703,17.374823],[-91.423736,17.385688],[-91.431467,17.389431],[-91.452626,17.388495],[-91.465688,17.389838],[-91.480336,17.39407],[-91.492299,17.401475],[-91.497304,17.412421],[-91.492421,17.442003],[-91.492787,17.457099],[-91.500722,17.46365],[-91.509877,17.467841],[-91.508127,17.477322],[-91.497629,17.48664],[-91.48054,17.490912],[-91.439076,17.486192],[-91.429026,17.490912],[-91.454945,17.508979],[-91.478627,17.531562],[-91.497914,17.557725],[-91.510976,17.586493],[-91.500071,17.585313],[-91.490468,17.582953],[-91.482737,17.578884],[-91.477406,17.572821],[-91.456654,17.581244],[-91.437652,17.580268],[-91.418691,17.575629],[-91.39802,17.572821],[-91.387522,17.574408],[-91.374989,17.578925],[-91.364491,17.586493],[-91.360097,17.597032],[-91.360829,17.608344],[-91.363637,17.615831],[-91.380605,17.634874],[-91.391347,17.644232],[-91.396474,17.646674],[-91.397206,17.650092],[-91.394887,17.662218],[-91.390614,17.671007],[-91.37678,17.689154],[-91.373769,17.699774],[-91.383534,17.715766],[-91.406158,17.714057],[-91.449534,17.696357],[-91.452219,17.708319],[-91.434682,17.733466],[-91.429026,17.751573],[-91.436635,17.769639],[-91.455556,17.770616],[-91.474843,17.766384],[-91.483632,17.768663],[-91.482167,17.779364],[-91.479726,17.786933],[-91.479237,17.793158],[-91.483632,17.799994],[-91.489613,17.802558],[-91.501454,17.806098],[-91.513173,17.8074],[-91.518381,17.803087],[-91.524526,17.784613],[-91.539296,17.762397],[-91.5572,17.752753],[-91.572377,17.772081],[-91.563791,17.788764],[-91.568023,17.809109],[-91.580556,17.82628],[-91.596588,17.833564],[-91.620025,17.827094],[-91.625234,17.811713],[-91.623931,17.793484],[-91.627594,17.778266],[-91.63386,17.778266],[-91.640696,17.784735],[-91.648061,17.785712],[-91.655344,17.781358],[-91.661733,17.772081],[-91.64977,17.763007],[-91.636301,17.761298],[-91.625356,17.75727],[-91.620839,17.741034],[-91.658355,17.745429],[-91.668568,17.744737],[-91.673004,17.739691],[-91.687571,17.727851],[-91.702992,17.720242],[-91.710194,17.727362],[-91.737457,17.772081],[-91.754465,17.774115],[-91.767405,17.77086],[-91.775543,17.774359],[-91.779368,17.804999],[-91.781361,17.810167],[-91.783762,17.81448],[-91.785268,17.820502],[-91.784006,17.840277],[-91.785268,17.846544],[-91.799184,17.86933],[-91.818756,17.885443],[-91.840321,17.889106],[-91.860422,17.874538],[-91.886138,17.886176],[-91.899973,17.88935],[-91.915028,17.888129],[-91.926178,17.88227],[-91.931793,17.873481],[-91.935943,17.863471],[-91.942942,17.854031],[-91.953928,17.867865],[-91.953521,17.902371],[-91.966868,17.909247],[-91.983062,17.932359],[-91.992177,17.949286],[-91.998687,17.95189],[-92.0065,17.962307],[-92.010406,17.97663],[-91.996083,17.981838],[-91.970041,17.997463],[-91.967437,18.024807],[-91.977854,18.040432],[-91.993479,18.044338],[-92.015614,18.061265],[-92.036448,18.086005],[-92.058583,18.09512],[-92.093739,18.092515],[-92.128733,18.098578],[-92.143219,18.099026],[-92.164052,18.100328],[-92.186187,18.110745],[-92.194,18.125067],[-92.186187,18.141995],[-92.174469,18.160224],[-92.173166,18.187567],[-92.204661,18.160183],[-92.209828,18.163153],[-92.209869,18.173367],[-92.203969,18.195339],[-92.202382,18.207221],[-92.205719,18.240953],[-92.236969,18.255276],[-92.26301,18.259182],[-92.283844,18.253974],[-92.302073,18.242255],[-92.313791,18.244859],[-92.317698,18.25788],[-92.32551,18.272203],[-92.338531,18.285224],[-92.369781,18.290432],[-92.402333,18.298245],[-92.437489,18.304755],[-92.454416,18.311265],[-92.484364,18.312567],[-92.494781,18.32038],[-92.496083,18.343817],[-92.503896,18.35814],[-92.520823,18.363349],[-92.533844,18.346422],[-92.545562,18.341213],[-92.552073,18.349026],[-92.550771,18.35814],[-92.552073,18.371161],[-92.563791,18.391995],[-92.585927,18.394599],[-92.610666,18.391995],[-92.643219,18.394599],[-92.668446,18.40644],[-92.668935,18.4112],[-92.671864,18.412909],[-92.673492,18.416571],[-92.674062,18.420925],[-92.673695,18.424506],[-92.670318,18.430487]]]}},{"type":"Feature","properties":{"dissolve":"159Lake Centerline","scalerank":5.0,"featurecla":"Lake Centerline","name":"San Juan","name_alt":null,"rivernum":159,"note":null,"min_zoom":4.7,"name_en":"San Juan","min_label":5.7},"bbox":[-85.871409,11.107856,-84.769846,12.097764],"geometry":{"type":"MultiLineString","coordinates":[[[-84.769846,11.11754],[-84.79662,11.111599],[-84.84024,11.107856],[-84.87914,11.130561],[-84.912506,11.162665],[-85.047109,11.237413],[-85.108062,11.292833],[-85.353627,11.575385],[-85.373525,11.603705],[-85.418691,11.652655],[-85.534535,11.749864],[-85.560414,11.798122],[-85.605824,11.843573],[-85.684967,11.900336],[-85.74885,11.962592],[-85.784657,11.994981],[-85.871409,12.097764]]]}},{"type":"Feature","properties":{"dissolve":"159River","scalerank":5.0,"featurecla":"River","name":"San Juan","name_alt":null,"rivernum":159,"note":null,"min_zoom":4.7,"name_en":"San Juan","min_label":5.7},"bbox":[-86.104726,10.71365,-83.644358,12.207628],"geometry":{"type":"MultiLineString","coordinates":[[[-86.104726,12.207628],[-86.085113,12.198513],[-86.055247,12.192084],[-86.042063,12.180284],[-86.026926,12.158271],[-86.022206,12.153022],[-86.012196,12.146999],[-85.99413,12.139187],[-85.987416,12.131903],[-85.940256,12.118232],[-85.893015,12.118109],[-85.877675,12.110419],[-85.871409,12.097764]],[[-84.769154,11.117703],[-84.758901,11.124945],[-84.74352,11.123725],[-84.729848,11.117947],[-84.71935,11.110867],[-84.713206,11.110867],[-84.673085,11.126492],[-84.603017,11.075507],[-84.566029,11.086982],[-84.557118,11.088568],[-84.546946,11.081163],[-84.538482,11.069892],[-84.535024,11.060004],[-84.494049,11.042548],[-84.470815,11.036444],[-84.458079,11.031521],[-84.452463,11.025824],[-84.449534,11.017157],[-84.442291,11.007758],[-84.43342,10.999538],[-84.42516,10.994818],[-84.41161,11.018256],[-84.394643,11.019477],[-84.356272,10.994818],[-84.346791,10.990058],[-84.344472,10.98253],[-84.344635,10.97248],[-84.3426,10.960028],[-84.338206,10.952908],[-84.324941,10.936347],[-84.322133,10.929307],[-84.311513,10.919623],[-84.265045,10.901964],[-84.254465,10.894843],[-84.245473,10.885077],[-84.22643,10.875434],[-84.209137,10.861151],[-84.205434,10.837185],[-84.21935,10.829942],[-84.223459,10.827216],[-84.227895,10.819525],[-84.225982,10.813829],[-84.221995,10.809597],[-84.219716,10.806098],[-84.197662,10.788682],[-84.192372,10.781928],[-84.181223,10.789862],[-84.165639,10.789578],[-84.14977,10.787299],[-84.137807,10.789374],[-84.119252,10.771348],[-84.107737,10.767117],[-84.096181,10.775702],[-84.089345,10.775702],[-84.077219,10.763983],[-84.052398,10.779731],[-84.03539,10.775702],[-84.023508,10.787421],[-84.010081,10.789618],[-83.998931,10.782253],[-83.994374,10.765163],[-83.934153,10.718207],[-83.927358,10.715033],[-83.91808,10.71365],[-83.908315,10.715522],[-83.894358,10.725124],[-83.887603,10.727322],[-83.860341,10.721951],[-83.856597,10.724189],[-83.83609,10.747748],[-83.769765,10.77265],[-83.698964,10.789374],[-83.663808,10.807196],[-83.660959,10.834337],[-83.670115,10.8699],[-83.67101,10.912869],[-83.670562,10.917751],[-83.671742,10.922797],[-83.664418,10.927843],[-83.658599,10.926622],[-83.652252,10.926825],[-83.644358,10.925889]]]}},{"type":"Feature","properties":{"dissolve":"163Lake Centerline","scalerank":5.0,"featurecla":"Lake Centerline","name":"Colorado","name_alt":null,"rivernum":163,"note":null,"min_zoom":4.7,"name_en":"Colorado","min_label":5.7},"bbox":[-114.741363,34.317206,-105.815785,40.175971],"geometry":{"type":"MultiLineString","coordinates":[[[-105.815785,40.175971],[-105.819,40.172675],[-105.834055,40.170844],[-105.850738,40.171902],[-105.860829,40.165229]],[[-110.367747,37.897895],[-110.382069,37.894965],[-110.403554,37.873481],[-110.408111,37.845323],[-110.420155,37.832139],[-110.444325,37.824897],[-110.454905,37.81391],[-110.453847,37.802314],[-110.44164,37.785753],[-110.427805,37.764228],[-110.435048,37.742743],[-110.459869,37.724473],[-110.474721,37.706326],[-110.473948,37.685858],[-110.478098,37.671576],[-110.493235,37.657904],[-110.519439,37.641791],[-110.557485,37.621446],[-110.585601,37.598741],[-110.601796,37.57807],[-110.615387,37.562323],[-110.623687,37.551703],[-110.646718,37.530056],[-110.650624,37.51557],[-110.65217,37.501573],[-110.670481,37.493232],[-110.692209,37.490749],[-110.710194,37.49197],[-110.727284,37.490098],[-110.723785,37.477118],[-110.708974,37.458808],[-110.697825,37.446072],[-110.687856,37.439073],[-110.703969,37.416287],[-110.725413,37.392524],[-110.726308,37.375312],[-110.733144,37.347724],[-110.754872,37.333075],[-110.78482,37.333075],[-110.812001,37.318183],[-110.831858,37.293402],[-110.840688,37.28498],[-110.84675,37.267279],[-110.855295,37.248643],[-110.866607,37.233832],[-110.872182,37.218288],[-110.8815,37.202745],[-110.891916,37.192979],[-110.910553,37.180691],[-110.917551,37.17418],[-110.932525,37.152899],[-110.95226,37.134467],[-110.988393,37.120185],[-111.029205,37.113349],[-111.064605,37.113634],[-111.092519,37.112128],[-111.111318,37.109483],[-111.131012,37.109646],[-111.149322,37.112006],[-111.169504,37.102159],[-111.188588,37.080634],[-111.206776,37.06745],[-111.223622,37.06623],[-111.274241,37.079861],[-111.283681,37.068671],[-111.28246,37.041042],[-111.292388,37.026475],[-111.332143,37.017768],[-111.357086,37.01907],[-111.416656,37.027208],[-111.428944,37.009101],[-111.432688,36.989691],[-111.443837,36.980536],[-111.458119,36.961941],[-111.473459,36.932156]],[[-114.741363,36.013495],[-114.724477,36.027777],[-114.720041,36.038845],[-114.719472,36.050116],[-114.722808,36.073025],[-114.722768,36.084255],[-114.721262,36.092597],[-114.718129,36.097276],[-114.71109,36.105292],[-114.707265,36.108832],[-114.702952,36.111925],[-114.669423,36.124701],[-114.636871,36.141181],[-114.578928,36.15351],[-114.563344,36.158718],[-114.55484,36.160468],[-114.545522,36.159613],[-114.492055,36.146796],[-114.488271,36.145453],[-114.4829,36.14289],[-114.474436,36.137478],[-114.464101,36.132025],[-114.450754,36.128363],[-114.442983,36.127631],[-114.435536,36.127631],[-114.428782,36.128445],[-114.422963,36.130235],[-114.397328,36.14289],[-114.391916,36.144884],[-114.385894,36.146348],[-114.379262,36.147284],[-114.372385,36.147569],[-114.365712,36.147081],[-114.356516,36.144232],[-114.347564,36.139716],[-114.336741,36.130642],[-114.327138,36.120673],[-114.319692,36.111029],[-114.297231,36.07038],[-114.287831,36.057969],[-114.27538,36.045518],[-114.256581,36.032335],[-114.233713,36.024359],[-114.207834,36.023139],[-114.158762,36.029608],[-114.124013,36.045762],[-114.108469,36.089382],[-114.095286,36.12641],[-114.084218,36.157538],[-114.065541,36.178046],[-114.045318,36.200466],[-114.037587,36.201483],[-114.020904,36.212104],[-114.001576,36.217719],[-113.988637,36.197211],[-113.981353,36.181708],[-113.971303,36.162462],[-113.962758,36.140733],[-113.951405,36.137641],[-113.936187,36.13935],[-113.919097,36.128974],[-113.897776,36.108344],[-113.870717,36.079291],[-113.839589,36.060574],[-113.807444,36.055732],[-113.780588,36.041124],[-113.763987,36.017198],[-113.761098,36.011664],[-113.759877,36.006659],[-113.755849,35.984809],[-113.736684,35.967597],[-113.711537,35.939521],[-113.706899,35.917914],[-113.698964,35.899482],[-113.656321,35.865505],[-113.652252,35.850898],[-113.642201,35.836778],[-113.635813,35.830919]],[[-114.590972,35.35281],[-114.600697,35.376573],[-114.632436,35.428656],[-114.650746,35.476915],[-114.667714,35.516954],[-114.646596,35.565375],[-114.652821,35.608832],[-114.645172,35.630561]],[[-114.376943,34.539659],[-114.367299,34.530097],[-114.371734,34.515408],[-114.377105,34.500312],[-114.377268,34.499579],[-114.376088,34.490058],[-114.373036,34.478054],[-114.369008,34.471462],[-114.363881,34.466905],[-114.357289,34.465522],[-114.344309,34.465033],[-114.339508,34.464464],[-114.33552,34.463202],[-114.33141,34.460517],[-114.32372,34.453315],[-114.318837,34.449815],[-114.29894,34.438992],[-114.293853,34.435411],[-114.278961,34.420722],[-114.195546,34.370307],[-114.178456,34.362616],[-114.168813,34.35578],[-114.157135,34.344997],[-114.125234,34.327704],[-114.125071,34.317206]]]}},{"type":"Feature","properties":{"dissolve":"163River","scalerank":5.0,"featurecla":"River","name":"Colorado","name_alt":null,"rivernum":163,"note":null,"min_zoom":4.7,"name_en":"Colorado","min_label":5.7},"bbox":[-115.213246,31.964179,-105.809926,40.40412],"geometry":{"type":"MultiLineString","coordinates":[[[-105.84557,40.40412],[-105.854563,40.380723],[-105.852854,40.363308],[-105.846913,40.344306],[-105.843577,40.31627],[-105.844553,40.280788],[-105.842763,40.266181],[-105.836659,40.2508],[-105.815419,40.214667],[-105.809926,40.195095],[-105.815582,40.176337]],[[-105.861399,40.164659],[-105.866851,40.15587],[-105.871083,40.150702],[-105.876861,40.146064],[-105.884511,40.141547],[-105.90392,40.151313],[-105.927846,40.148017],[-105.951527,40.137152],[-105.970123,40.124132],[-105.986928,40.118476],[-106.055776,40.113593],[-106.120351,40.084255],[-106.141469,40.080146],[-106.240793,40.08629],[-106.382395,40.077012],[-106.425771,40.066474],[-106.444976,40.056505],[-106.497711,40.007758],[-106.514312,39.996161],[-106.55484,39.974311],[-106.570383,39.962755],[-106.620717,39.893988],[-106.651194,39.874701],[-106.68578,39.894558],[-106.7058,39.917263],[-106.727203,39.93244],[-106.751332,39.935411],[-106.791737,39.914252],[-106.804921,39.910264],[-106.849029,39.907172],[-106.909047,39.895087],[-106.918446,39.891466],[-106.925649,39.885199],[-106.930979,39.874701],[-106.939361,39.851874],[-106.945221,39.842068],[-106.953969,39.831895],[-107.001088,39.79206],[-107.008534,39.780788],[-107.018422,39.75788],[-107.025299,39.747748],[-107.034088,39.741523],[-107.052846,39.732774],[-107.056386,39.726915],[-107.069407,39.689073],[-107.089996,39.659206],[-107.122385,39.638007],[-107.288482,39.581855],[-107.334706,39.577012],[-107.462148,39.588202],[-107.500885,39.585964],[-107.540761,39.578925],[-107.611806,39.563544],[-107.635732,39.563503],[-107.683949,39.571153],[-107.731557,39.57331],[-107.77717,39.582343],[-107.798004,39.579291],[-107.817494,39.570665],[-107.834543,39.557481],[-107.850494,39.535346],[-107.856679,39.529324],[-107.867502,39.524278],[-107.952992,39.505927],[-107.992747,39.489203],[-108.200307,39.353298],[-108.254465,39.298041],[-108.26301,39.281928],[-108.261301,39.240017],[-108.266835,39.227851],[-108.29426,39.196601],[-108.324859,39.151557],[-108.331207,39.137641],[-108.340932,39.12934],[-108.446889,39.083319],[-108.491322,39.076443],[-108.537709,39.077826],[-108.584462,39.085761],[-108.624664,39.100369],[-108.753285,39.178249],[-108.774281,39.184353],[-108.796986,39.187771],[-108.820953,39.188788],[-108.843658,39.192694],[-108.905995,39.216132],[-108.919179,39.217475],[-108.925404,39.216173],[-108.98176,39.172065],[-108.990956,39.158515],[-109.012074,39.149929],[-109.050649,39.141059],[-109.067128,39.130927],[-109.094146,39.103949],[-109.109202,39.092149],[-109.137766,39.074978],[-109.173451,39.044216],[-109.222035,39.019355],[-109.234731,39.009345],[-109.243886,38.996853],[-109.247629,38.98074],[-109.239817,38.936143],[-109.241078,38.921413],[-109.246693,38.911078],[-109.263539,38.896267],[-109.270375,38.887152],[-109.27009,38.831651],[-109.275054,38.822781],[-109.302846,38.818793],[-109.31078,38.807644],[-109.310455,38.790391],[-109.313588,38.768134],[-109.327138,38.75019],[-109.369049,38.728461],[-109.391835,38.711615],[-109.41039,38.702826],[-109.419667,38.696723],[-109.432037,38.691026],[-109.458485,38.689968],[-109.46996,38.686225],[-109.480865,38.669298],[-109.480295,38.651231],[-109.484446,38.636827],[-109.53246,38.624701],[-109.547597,38.609198],[-109.567942,38.569525],[-109.585032,38.54621],[-109.591664,38.5539],[-109.597524,38.573065],[-109.612294,38.583808],[-109.627512,38.576606],[-109.631012,38.558905],[-109.629384,38.514919],[-109.634267,38.497138],[-109.643707,38.474433],[-109.655426,38.454901],[-109.667226,38.446601],[-109.714996,38.446601],[-109.718495,38.441352],[-109.71935,38.381415],[-109.723053,38.368435],[-109.733062,38.362087],[-109.752268,38.357856],[-109.741444,38.346706],[-109.740834,38.332099],[-109.746897,38.31745],[-109.777333,38.283515],[-109.803782,38.237087],[-109.813588,38.22545],[-109.851471,38.194281],[-109.879709,38.179551],[-109.890045,38.172227],[-109.89745,38.165147],[-109.919342,38.146511],[-109.992502,38.103949],[-110.017568,38.081977],[-110.04894,38.025173],[-110.068227,38.001003],[-110.08849,38.004584],[-110.113352,38.005154],[-110.134389,37.997626],[-110.147857,37.967841],[-110.158437,37.962226],[-110.170074,37.957953],[-110.17809,37.952501],[-110.181874,37.943427],[-110.183949,37.932074],[-110.184926,37.909125],[-110.20873,37.893988],[-110.367543,37.897895]],[[-111.473459,36.932156],[-111.504628,36.902371],[-111.522857,36.889187],[-111.548451,36.880561],[-111.557607,36.873481],[-111.562082,36.8664],[-111.555572,36.861111],[-111.554596,36.856391],[-111.555572,36.851671],[-111.558461,36.849555],[-111.563954,36.850287],[-111.569325,36.851996],[-111.573842,36.854315],[-111.576772,36.856879],[-111.60851,36.843817],[-111.629994,36.821967],[-111.674672,36.736762],[-111.683217,36.724677],[-111.693593,36.714423],[-111.701568,36.709744],[-111.718902,36.702582],[-111.726674,36.697781],[-111.732818,36.690782],[-111.743276,36.667344],[-111.74885,36.660956],[-111.754547,36.65587],[-111.759023,36.64997],[-111.760854,36.640977],[-111.759023,36.618476],[-111.762603,36.610175],[-111.841176,36.524848],[-111.83845,36.503485],[-111.829091,36.46662],[-111.835194,36.453437],[-111.845448,36.444281],[-111.870717,36.432481],[-111.864247,36.426947],[-111.86677,36.423611],[-111.871246,36.419298],[-111.870717,36.411404],[-111.865346,36.407782],[-111.856028,36.405056],[-111.847076,36.403673],[-111.843373,36.404568],[-111.846791,36.393175],[-111.85733,36.386583],[-111.884348,36.377265],[-111.866322,36.364447],[-111.861318,36.350775],[-111.861073,36.334906],[-111.857045,36.315212],[-111.84789,36.302924],[-111.819203,36.279731],[-111.808665,36.267401],[-111.8131,36.257595],[-111.811269,36.247911],[-111.801829,36.226386],[-111.799672,36.214301],[-111.806264,36.148383],[-111.812571,36.130154],[-111.822255,36.116523],[-111.831939,36.110907],[-111.853139,36.107001],[-111.863271,36.103542],[-111.868031,36.097602],[-111.873525,36.088202],[-111.881663,36.079413],[-111.894276,36.075548],[-111.899973,36.072374],[-111.918935,36.058295],[-111.9287,36.055121],[-111.941396,36.056423],[-112.020863,36.081814],[-112.046254,36.100409],[-112.05191,36.103542],[-112.092885,36.103542],[-112.106068,36.105414],[-112.127756,36.113959],[-112.137563,36.116523],[-112.223256,36.116523],[-112.226674,36.121894],[-112.230621,36.145331],[-112.236887,36.150702],[-112.247467,36.151923],[-112.259877,36.155137],[-112.271881,36.159735],[-112.281565,36.164984],[-112.294016,36.175605],[-112.327016,36.23078],[-112.339711,36.245673],[-112.355051,36.256049],[-112.374379,36.259955],[-112.394521,36.256903],[-112.404612,36.248887],[-112.411488,36.237169],[-112.42219,36.223009],[-112.432851,36.215644],[-112.441274,36.216376],[-112.448394,36.222846],[-112.455149,36.233222],[-112.468617,36.245063],[-112.502919,36.256374],[-112.513417,36.265977],[-112.512563,36.278266],[-112.502756,36.288682],[-112.479807,36.304958],[-112.471547,36.315741],[-112.465199,36.327948],[-112.456614,36.354519],[-112.464915,36.387478],[-112.500071,36.400214],[-112.543324,36.400906],[-112.575999,36.39765],[-112.593658,36.398546],[-112.612416,36.401679],[-112.630238,36.401964],[-112.644887,36.393988],[-112.651967,36.379462],[-112.654042,36.365343],[-112.659169,36.354519],[-112.675201,36.34988],[-112.683746,36.351386],[-112.690745,36.354519],[-112.697865,36.356391],[-112.707021,36.354315],[-112.714711,36.349555],[-112.718414,36.34394],[-112.717112,36.33747],[-112.709828,36.330105],[-112.717926,36.324042],[-112.72704,36.321112],[-112.746734,36.317084],[-112.756703,36.31269],[-112.777089,36.295274],[-112.798492,36.286933],[-112.860097,36.280056],[-112.876658,36.2803]],[[-112.876373,36.280382],[-112.876658,36.2803]],[[-112.876658,36.2803],[-112.881418,36.280382]],[[-112.876658,36.2803],[-112.894154,36.275458],[-112.910268,36.266669],[-112.924428,36.255479],[-112.936391,36.243476],[-112.952707,36.237576],[-113.021474,36.232611],[-113.09203,36.197821],[-113.103383,36.188544],[-113.114166,36.181586],[-113.179067,36.158149],[-113.193512,36.136257],[-113.204498,36.110053],[-113.219106,36.088162],[-113.244537,36.078966],[-113.269846,36.081488],[-113.286244,36.085232],[-113.299713,36.084052],[-113.316274,36.072089],[-113.332834,36.0539],[-113.339101,36.040066],[-113.335561,35.994005],[-113.33609,35.972846],[-113.334218,35.969997],[-113.319692,35.959499],[-113.315745,35.95364],[-113.317372,35.950629],[-113.321116,35.948554],[-113.32311,35.945502],[-113.319081,35.912665],[-113.31192,35.883002],[-113.308583,35.851264],[-113.316274,35.812079],[-113.330963,35.782579],[-113.350494,35.762397],[-113.373891,35.750434],[-113.400258,35.745714],[-113.410797,35.747178],[-113.444814,35.759548],[-113.454416,35.760443],[-113.472401,35.760037],[-113.482045,35.762478],[-113.592641,35.827908],[-113.611928,35.830349],[-113.63565,35.830837]],[[-114.741363,36.013495],[-114.739654,35.985704],[-114.729319,35.959174],[-114.714752,35.936103],[-114.675404,35.89411],[-114.669016,35.885321],[-114.6669,35.873847],[-114.670644,35.862657],[-114.688222,35.837185],[-114.693593,35.822333],[-114.694651,35.766954],[-114.691721,35.739529],[-114.686757,35.719306],[-114.651723,35.646674],[-114.645172,35.630561]],[[-114.590972,35.35281],[-114.592397,35.325873],[-114.589955,35.300401],[-114.576894,35.25255],[-114.572011,35.21247],[-114.572662,35.191107],[-114.581899,35.151231],[-114.586171,35.14822],[-114.598012,35.143337],[-114.611969,35.140937],[-114.625478,35.140937],[-114.63561,35.137071],[-114.638987,35.123399],[-114.634348,35.114203],[-114.61559,35.096381],[-114.611684,35.082465],[-114.615468,35.073065],[-114.638987,35.047716],[-114.629384,35.015245],[-114.617055,34.879218],[-114.610097,34.867458],[-114.594309,34.862738],[-114.580149,34.856798],[-114.568715,34.842963],[-114.56078,34.827094],[-114.557037,34.815009],[-114.555084,34.786892],[-114.542388,34.767768],[-114.521352,34.756903],[-114.494374,34.753485],[-114.429026,34.642768],[-114.42455,34.638617],[-114.421213,34.634223],[-114.41983,34.626288],[-114.421213,34.602484],[-114.41983,34.595893],[-114.407786,34.579413],[-114.394602,34.570868],[-114.383697,34.560981],[-114.378896,34.540635]],[[-114.124989,34.314073],[-114.11913,34.293077],[-114.127512,34.279608],[-114.159169,34.259467],[-114.192698,34.232123],[-114.224355,34.198025],[-114.243967,34.19363],[-114.345937,34.133124],[-114.382192,34.123603],[-114.398305,34.109646],[-114.408762,34.09101],[-114.416982,34.048367],[-114.4287,34.029079],[-114.444325,34.012885],[-114.460805,33.999376],[-114.500396,33.977403],[-114.516021,33.963568],[-114.522288,33.941352],[-114.51891,33.929755],[-114.510813,33.918565],[-114.4912,33.899441],[-114.489858,33.89057],[-114.497874,33.881374],[-114.516021,33.869005],[-114.51415,33.853868],[-114.514027,33.828192],[-114.510365,33.804063],[-114.498036,33.79328],[-114.494618,33.78795],[-114.493479,33.776231],[-114.494618,33.764512],[-114.498036,33.759141],[-114.503285,33.754218],[-114.499094,33.743109],[-114.488149,33.725043],[-114.494781,33.710273],[-114.506418,33.699042],[-114.517405,33.684638],[-114.522288,33.660183],[-114.521596,33.638739],[-114.522532,33.627468],[-114.525706,33.622626],[-114.534535,33.616726],[-114.534535,33.603461],[-114.529124,33.581651],[-114.532704,33.568468],[-114.535959,33.561794],[-114.549631,33.546902],[-114.569407,33.530341],[-114.579416,33.520046],[-114.588857,33.495429],[-114.625885,33.437038],[-114.643788,33.425727],[-114.668365,33.419542],[-114.717519,33.416571],[-114.726959,33.411404],[-114.722483,33.399685],[-114.712148,33.38703],[-114.704172,33.378974],[-114.698232,33.368354],[-114.702016,33.359727],[-114.714019,33.348904],[-114.723541,33.321153],[-114.721425,33.30622],[-114.690175,33.276313],[-114.683258,33.262722],[-114.673085,33.204901],[-114.678334,33.161485],[-114.693471,33.12405],[-114.696848,33.089219],[-114.6669,33.054063],[-114.627431,33.04088],[-114.53661,33.035264],[-114.50182,33.019314],[-114.473866,32.985175],[-114.469879,32.97252],[-114.470326,32.962714],[-114.472524,32.952989],[-114.473866,32.940497],[-114.458079,32.876654],[-114.460805,32.854804],[-114.472157,32.841905],[-114.509348,32.820258],[-114.522288,32.807074],[-114.526031,32.789659],[-114.525217,32.771064],[-114.526235,32.753119],[-114.535959,32.738105],[-114.578277,32.730007],[-114.683013,32.748074],[-114.720855,32.724473]],[[-114.720937,32.724473],[-114.732086,32.686835],[-114.740346,32.669298],[-114.752024,32.652452],[-114.759674,32.645087],[-114.782379,32.628241],[-114.787709,32.621283],[-114.803538,32.594753],[-114.795033,32.574286],[-114.796376,32.552517],[-114.810374,32.511583],[-114.832753,32.49197],[-114.853668,32.487982],[-114.905914,32.491767],[-114.926259,32.48253],[-114.945221,32.462836],[-114.960194,32.438666],[-114.968617,32.416042],[-114.970082,32.398464],[-114.969472,32.3817],[-114.971669,32.363471],[-114.981679,32.341498],[-115.000111,32.323065],[-115.020619,32.30976],[-115.037099,32.291693],[-115.04308,32.258979],[-115.057444,32.231553],[-115.100168,32.215399],[-115.148671,32.203884],[-115.180287,32.190701],[-115.199941,32.157091],[-115.213043,32.109076],[-115.213246,32.060655],[-115.194569,32.02558],[-115.194163,32.030544],[-115.192983,32.031358],[-115.190745,32.031033],[-115.187123,32.032416],[-115.190175,32.036444],[-115.191884,32.039496],[-115.194569,32.046698],[-115.183665,32.046007],[-115.175282,32.047919],[-115.169545,32.05268],[-115.166615,32.06037],[-115.153635,32.049099],[-115.123036,32.037624],[-115.111969,32.02558],[-115.112131,32.013495],[-115.116322,31.999376],[-115.11677,31.986396],[-115.105133,31.97781],[-115.107167,31.974555],[-115.109975,31.967231],[-115.111969,31.964179],[-115.091908,31.966986],[-115.073354,31.974189],[-115.055165,31.978095],[-115.035227,31.966091]]]}},{"type":"Feature","properties":{"dissolve":"164Lake Centerline","scalerank":5.0,"featurecla":"Lake Centerline","name":"Grande","name_alt":null,"rivernum":164,"note":null,"min_zoom":4.7,"name_en":"Grande","min_label":5.7},"bbox":[-50.994049,-21.464776,-44.387156,-19.820164],"geometry":{"type":"MultiLineString","coordinates":[[[-49.384877,-19.979994],[-49.405955,-19.979181],[-49.437082,-19.971368],[-49.50414,-19.939142],[-49.546864,-19.930027],[-49.882395,-19.931166],[-50.015859,-19.91253],[-50.049875,-19.89601],[-50.09496,-19.872084],[-50.120798,-19.863946],[-50.152089,-19.859552],[-50.187815,-19.861179],[-50.23648,-19.872084],[-50.280263,-19.871026],[-50.31843,-19.864597],[-50.353505,-19.861668],[-50.36441,-19.858575],[-50.364573,-19.858331],[-50.364695,-19.858331]],[[-50.994049,-20.101739],[-50.952463,-20.054213],[-50.894154,-20.007826],[-50.87149,-19.99448],[-50.69872,-19.936944],[-50.6905,-19.931817],[-50.67101,-19.911798],[-50.660471,-19.890313],[-50.646148,-19.86712],[-50.610463,-19.839369],[-50.584096,-19.821222],[-50.583119,-19.820733],[-50.582102,-19.820164]],[[-47.073313,-20.284356],[-47.065663,-20.291192],[-47.051137,-20.300307],[-47.029205,-20.307957],[-47.010162,-20.312677],[-46.996205,-20.319757],[-46.963938,-20.344089],[-46.945627,-20.354913],[-46.928863,-20.367527],[-46.919545,-20.384698],[-46.912099,-20.40252],[-46.897206,-20.412042],[-46.859975,-20.412042],[-46.841949,-20.417006],[-46.827707,-20.425714],[-46.821645,-20.442722],[-46.812815,-20.460463],[-46.794016,-20.471694],[-46.774281,-20.48032],[-46.750722,-20.488214],[-46.727122,-20.495294],[-46.703114,-20.504815],[-46.680002,-20.51629],[-46.630279,-20.544854],[-46.614491,-20.55698],[-46.600535,-20.570977],[-46.598785,-20.584487],[-46.598012,-20.594578],[-46.587066,-20.622898]],[[-45.221181,-21.062514],[-45.222564,-21.076186],[-45.221344,-21.082859],[-45.212636,-21.103448],[-45.210439,-21.121759],[-45.221344,-21.130792],[-45.236887,-21.132989],[-45.256093,-21.129571],[-45.271474,-21.122735],[-45.278432,-21.112237],[-45.276438,-21.096856],[-45.269765,-21.078627],[-45.272694,-21.060724],[-45.282175,-21.046319],[-45.297556,-21.041518],[-45.315663,-21.041436],[-45.364125,-21.051283],[-45.386464,-21.048842],[-45.4051,-21.038914],[-45.423695,-21.026056],[-45.446034,-21.017918],[-45.471506,-21.009942],[-45.496938,-20.9992],[-45.512766,-20.98032],[-45.52302,-20.959487],[-45.546254,-20.939793],[-45.578847,-20.924737],[-45.599762,-20.909356],[-45.612416,-20.89129],[-45.62385,-20.876153],[-45.644643,-20.867608],[-45.668691,-20.864597],[-45.680653,-20.853936],[-45.683095,-20.801772],[-45.697255,-20.785821],[-45.717885,-20.770847],[-45.729848,-20.750665],[-45.73526,-20.72853],[-45.745351,-20.711277],[-45.760121,-20.697605],[-45.780751,-20.690362],[-45.802317,-20.681492],[-45.817209,-20.672296],[-45.832143,-20.66782],[-45.849273,-20.67547],[-45.86559,-20.688897],[-45.879872,-20.695245],[-45.894154,-20.698744],[-45.906606,-20.708185],[-45.919016,-20.722345],[-45.935618,-20.72796],[-45.954986,-20.726088],[-45.970204,-20.718276],[-45.983713,-20.686375],[-45.995961,-20.671563],[-46.012847,-20.671319],[-46.030751,-20.677667],[-46.04483,-20.684015],[-46.058013,-20.687677],[-46.07311,-20.688653],[-46.089101,-20.69256],[-46.1044,-20.697198],[-46.122548,-20.696303],[-46.147898,-20.692315],[-46.172231,-20.690118],[-46.19815,-20.685968],[-46.226877,-20.682631],[-46.245269,-20.679213],[-46.259145,-20.670261],[-46.277903,-20.66253],[-46.297597,-20.660333],[-46.315053,-20.664402],[-46.325917,-20.667494]],[[-44.387156,-21.464776],[-44.390859,-21.44728],[-44.396311,-21.44142],[-44.40453,-21.433608],[-44.424794,-21.432143],[-44.447987,-21.432468],[-44.457428,-21.428155],[-44.464101,-21.420099],[-44.479726,-21.406589],[-44.500111,-21.393976],[-44.513905,-21.384291],[-44.52123,-21.365411],[-44.527252,-21.344659],[-44.536122,-21.329441],[-44.552561,-21.321791],[-44.574574,-21.320733],[-44.609364,-21.325616],[-44.616038,-21.322931],[-44.6162,-21.318048]]]}},{"type":"Feature","properties":{"dissolve":"164River","scalerank":5.0,"featurecla":"River","name":"Grande","name_alt":null,"rivernum":164,"note":null,"min_zoom":4.7,"name_en":"Grande","min_label":5.7},"bbox":[-50.584096,-22.155206,-44.056223,-19.780776],"geometry":{"type":"MultiLineString","coordinates":[[[-50.36441,-19.858575],[-50.401967,-19.811944],[-50.425649,-19.791925],[-50.456736,-19.780776],[-50.489735,-19.782403],[-50.525014,-19.792901],[-50.557607,-19.807957],[-50.584096,-19.821222]],[[-47.073476,-20.284194],[-47.083608,-20.275893],[-47.098012,-20.27866],[-47.111928,-20.284845],[-47.12267,-20.284194],[-47.130727,-20.271498],[-47.137929,-20.243178],[-47.146596,-20.232761],[-47.223988,-20.215183],[-47.234771,-20.205987],[-47.249013,-20.185479],[-47.255116,-20.166355],[-47.294789,-20.135593],[-47.30427,-20.120294],[-47.376291,-20.075616],[-47.390289,-20.074884],[-47.398874,-20.072605],[-47.414133,-20.061944],[-47.438791,-20.036065],[-47.438832,-20.031671],[-47.435902,-20.027765],[-47.43456,-20.02101],[-47.433949,-20.01214],[-47.43163,-20.004734],[-47.430776,-19.996759],[-47.43456,-19.986261],[-47.440297,-19.98032],[-47.459096,-19.967462],[-47.468739,-19.958917],[-47.487375,-19.969903],[-47.509023,-19.978448],[-47.53189,-19.984308],[-47.554067,-19.986261],[-47.579254,-19.991876],[-47.590321,-20.00506],[-47.597808,-20.020929],[-47.612131,-20.034031],[-47.635976,-20.038507],[-47.65274,-20.029229],[-47.677887,-19.996515],[-47.697865,-19.979832],[-47.715321,-19.975112],[-47.841786,-19.979425],[-47.852895,-19.982599],[-47.861155,-19.989679],[-47.86974,-19.999933],[-47.877268,-20.005222],[-47.875234,-20.017104],[-47.866607,-20.034031],[-47.867909,-20.05169],[-47.872629,-20.077081],[-47.881825,-20.099949],[-47.896718,-20.109796],[-47.907704,-20.111668],[-47.917307,-20.114435],[-47.92691,-20.114109],[-47.938303,-20.106378],[-47.944569,-20.09588],[-47.94579,-20.084812],[-47.945872,-20.073256],[-47.948557,-20.061944],[-47.9558,-20.049656],[-47.964752,-20.039565],[-47.975942,-20.032159],[-47.989491,-20.027765],[-47.990224,-20.07464],[-47.995107,-20.095229],[-48.006581,-20.113458],[-48.011708,-20.116876],[-48.024729,-20.120131],[-48.031077,-20.123468],[-48.035024,-20.126967],[-48.042348,-20.135675],[-48.047841,-20.140802],[-48.059885,-20.14837],[-48.071685,-20.150893],[-48.083608,-20.14837],[-48.112904,-20.131199],[-48.152537,-20.116143],[-48.168284,-20.10296],[-48.180409,-20.079115],[-48.188588,-20.054539],[-48.200185,-20.031752],[-48.22289,-20.013604],[-48.24352,-20.04282],[-48.220082,-20.113702],[-48.242747,-20.137628],[-48.261871,-20.137384],[-48.292348,-20.115574],[-48.315378,-20.109796],[-48.40099,-20.109796],[-48.443959,-20.116062],[-48.46642,-20.121759],[-48.476145,-20.12713],[-48.488352,-20.130711],[-48.565541,-20.123468],[-48.585601,-20.131199],[-48.620473,-20.153171],[-48.636871,-20.157566],[-48.659495,-20.155694],[-48.715688,-20.143894],[-48.730621,-20.143731],[-48.770334,-20.151381],[-48.818715,-20.151381],[-48.844065,-20.164076],[-48.85558,-20.187839],[-48.863352,-20.216323],[-48.877065,-20.243178],[-48.888661,-20.260756],[-48.888417,-20.27101],[-48.883412,-20.280938],[-48.880198,-20.29754],[-48.880198,-20.352716],[-48.878082,-20.366062],[-48.869211,-20.39308],[-48.867177,-20.407403],[-48.871775,-20.416192],[-48.901316,-20.438816],[-48.916575,-20.429376],[-48.960439,-20.411961],[-48.969594,-20.400567],[-48.976389,-20.321466],[-48.971059,-20.230483],[-48.979075,-20.18491],[-49.003041,-20.151381],[-49.041819,-20.143406],[-49.06843,-20.170099],[-49.099924,-20.239435],[-49.121205,-20.268487],[-49.149403,-20.295343],[-49.181996,-20.307957],[-49.216624,-20.294122],[-49.228017,-20.278823],[-49.241282,-20.24505],[-49.267568,-20.21323],[-49.291737,-20.164727],[-49.298573,-20.143894],[-49.305898,-20.10003],[-49.306711,-20.075128],[-49.298451,-20.049656],[-49.297109,-20.036961],[-49.294667,-20.025811],[-49.287953,-20.02101],[-49.284291,-20.018976],[-49.250111,-20.007338],[-49.242991,-19.989435],[-49.253163,-19.976251],[-49.273101,-19.968438],[-49.295155,-19.965753],[-49.317454,-19.967462],[-49.384877,-19.979994]],[[-46.325917,-20.667494],[-46.348215,-20.677179],[-46.358306,-20.678888],[-46.369293,-20.676283],[-46.383046,-20.66603],[-46.393666,-20.664727],[-46.402211,-20.668796],[-46.408559,-20.676121],[-46.415883,-20.682957],[-46.427235,-20.685073],[-46.439565,-20.681166],[-46.444569,-20.674005],[-46.447621,-20.665704],[-46.453928,-20.658543],[-46.481557,-20.65366],[-46.522206,-20.653009],[-46.56314,-20.646498],[-46.587066,-20.622898]],[[-44.6162,-21.318048],[-44.615712,-21.291355],[-44.63565,-21.270685],[-44.680002,-21.240655],[-44.697987,-21.219415],[-44.709096,-21.208998],[-44.714101,-21.209893],[-44.717397,-21.214532],[-44.724843,-21.212335],[-44.7329,-21.207208],[-44.738026,-21.203058],[-44.747141,-21.198582],[-44.752919,-21.202569],[-44.755605,-21.209405],[-44.755116,-21.213311],[-44.812815,-21.204278],[-44.828481,-21.198744],[-44.842519,-21.192071],[-44.851308,-21.186049],[-44.856313,-21.17669],[-44.859527,-21.16546],[-44.864491,-21.155776],[-44.874867,-21.151869],[-44.877797,-21.149347],[-44.883778,-21.145522],[-44.889638,-21.145685],[-44.892242,-21.154962],[-44.895741,-21.157647],[-44.903798,-21.158868],[-44.912953,-21.158868],[-44.919545,-21.158136],[-44.912099,-21.151869],[-44.930776,-21.140313],[-44.933827,-21.137628],[-44.940094,-21.11297],[-44.943471,-21.106866],[-44.956288,-21.101902],[-44.971059,-21.106134],[-44.987416,-21.113295],[-45.005238,-21.11712],[-45.015533,-21.120619],[-45.022939,-21.129327],[-45.049387,-21.175144],[-45.053049,-21.178643],[-45.062652,-21.176935],[-45.068512,-21.173028],[-45.072662,-21.168634],[-45.077219,-21.165541],[-45.078033,-21.163914],[-45.080963,-21.159845],[-45.085317,-21.155206],[-45.09024,-21.151869],[-45.095815,-21.152683],[-45.101064,-21.156671],[-45.107167,-21.159112],[-45.115102,-21.154962],[-45.121409,-21.154474],[-45.128041,-21.161065],[-45.135813,-21.167169],[-45.145497,-21.165541],[-45.143056,-21.162612],[-45.1433,-21.15252],[-45.144643,-21.142918],[-45.145497,-21.141046],[-45.146718,-21.122491],[-45.15099,-21.110528],[-45.159332,-21.100925],[-45.196604,-21.068292],[-45.209543,-21.060886],[-45.221181,-21.062514]],[[-44.450307,-22.155206],[-44.338002,-22.064874],[-44.32311,-22.031671],[-44.312489,-22.015964],[-44.289255,-22.013849],[-44.266021,-22.015476],[-44.255442,-22.011244],[-44.254628,-21.98976],[-44.250885,-21.977553],[-44.242421,-21.969415],[-44.227528,-21.959975],[-44.211008,-21.94671],[-44.205434,-21.93377],[-44.207021,-21.894545],[-44.200876,-21.880222],[-44.167795,-21.86948],[-44.151763,-21.857599],[-44.154652,-21.85353],[-44.15925,-21.843276],[-44.121083,-21.843601],[-44.101877,-21.831231],[-44.082875,-21.781264],[-44.077301,-21.773614],[-44.070953,-21.770359],[-44.065785,-21.766615],[-44.063629,-21.758315],[-44.065745,-21.749526],[-44.074656,-21.732843],[-44.07665,-21.723321],[-44.076527,-21.704278],[-44.074534,-21.687677],[-44.068471,-21.672784],[-44.056223,-21.659031],[-44.072255,-21.649265],[-44.104807,-21.656752],[-44.110829,-21.641046],[-44.1079,-21.609308],[-44.111318,-21.6006],[-44.12442,-21.589532],[-44.131703,-21.586602],[-44.139272,-21.586277],[-44.147206,-21.584975],[-44.155507,-21.579522],[-44.158437,-21.573419],[-44.168772,-21.530613],[-44.184275,-21.492527],[-44.192738,-21.479669],[-44.20401,-21.472101],[-44.213694,-21.474542],[-44.237416,-21.497247],[-44.243642,-21.497247],[-44.260569,-21.483901],[-44.268422,-21.479669],[-44.268178,-21.481785],[-44.288197,-21.486505],[-44.28893,-21.487156],[-44.340443,-21.487156],[-44.351755,-21.490655],[-44.364329,-21.496596],[-44.377797,-21.497898],[-44.391957,-21.487156],[-44.383778,-21.479913],[-44.381703,-21.474786],[-44.382802,-21.470636],[-44.387156,-21.464776]]]}},{"type":"Feature","properties":{"dissolve":"167Lake Centerline","scalerank":5.0,"featurecla":"Lake Centerline","name":"Sacramento","name_alt":null,"rivernum":167,"note":null,"min_zoom":4.7,"name_en":"Sacramento","min_label":5.7},"bbox":[-122.410634,40.721462,-122.369211,40.831488],"geometry":{"type":"MultiLineString","coordinates":[[[-122.396474,40.831488],[-122.396352,40.831366],[-122.396352,40.831326],[-122.386057,40.826687],[-122.372914,40.81269],[-122.3697,40.783759],[-122.369211,40.763373],[-122.383372,40.762722],[-122.394032,40.753119],[-122.402821,40.73546],[-122.410634,40.721462]]]}},{"type":"Feature","properties":{"dissolve":"167River","scalerank":5.0,"featurecla":"River","name":"Sacramento","name_alt":null,"rivernum":167,"note":null,"min_zoom":4.7,"name_en":"Sacramento","min_label":5.7},"bbox":[-122.44811,38.14765,-121.491363,41.318793],"geometry":{"type":"MultiLineString","coordinates":[[[-122.425038,41.253852],[-122.404042,41.280626],[-122.394928,41.288642],[-122.388417,41.295966],[-122.376617,41.31391],[-122.368967,41.318793],[-122.355214,41.31745],[-122.312489,41.29446],[-122.289459,41.285224],[-122.278554,41.279242],[-122.268625,41.27204],[-122.259999,41.262966],[-122.254465,41.252753],[-122.252756,41.241523],[-122.255605,41.229438],[-122.27599,41.191352],[-122.283559,41.172187],[-122.312611,41.131863],[-122.332834,41.090277],[-122.348622,41.07099],[-122.370961,41.062934],[-122.383941,41.053331],[-122.396148,41.031195],[-122.410634,40.989569],[-122.410959,40.968288],[-122.405263,40.945746],[-122.394358,40.927924],[-122.378977,40.920681],[-122.366567,40.91116],[-122.374135,40.890082],[-122.396352,40.858588],[-122.402211,40.845282],[-122.401845,40.839667],[-122.396352,40.831326]],[[-122.410634,40.721462],[-122.439768,40.713813],[-122.44811,40.696601],[-122.442535,40.674628],[-122.42984,40.653144],[-122.43928,40.623236],[-122.416331,40.605089],[-122.362172,40.584296],[-122.360463,40.577257],[-122.362131,40.560818],[-122.358754,40.553819],[-122.351471,40.545518],[-122.34789,40.538153],[-122.345448,40.53087],[-122.341705,40.522773],[-122.342275,40.517768],[-122.344472,40.510932],[-122.342437,40.50491],[-122.320953,40.499132],[-122.313588,40.492133],[-122.308013,40.485053],[-122.303822,40.481879],[-122.269928,40.478217],[-122.237945,40.46837],[-122.209706,40.45421],[-122.187164,40.437445],[-122.178578,40.424506],[-122.175771,40.409003],[-122.176625,40.375759],[-122.174184,40.368109],[-122.16454,40.357489],[-122.163564,40.351508],[-122.167836,40.346503],[-122.184438,40.337185],[-122.190907,40.331],[-122.179311,40.326972],[-122.166982,40.328152],[-122.156361,40.330634],[-122.149892,40.331],[-122.140777,40.323554],[-122.136138,40.314521],[-122.13915,40.306912],[-122.152984,40.303738],[-122.166982,40.296698],[-122.18635,40.280544],[-122.200063,40.262274],[-122.197092,40.249091],[-122.187896,40.248969],[-122.172719,40.262274],[-122.163564,40.262152],[-122.155629,40.253282],[-122.161204,40.245876],[-122.171213,40.238878],[-122.176625,40.231716],[-122.183949,40.215399],[-122.197418,40.199774],[-122.204091,40.183783],[-122.190907,40.166571],[-122.170318,40.160753],[-122.145334,40.15823],[-122.124135,40.15058],[-122.115142,40.129259],[-122.11262,40.10932],[-122.099965,40.071723],[-122.087229,40.008857],[-122.08259,39.998847],[-122.069447,39.977729],[-122.066762,39.9713],[-122.06607,39.949774],[-122.067006,39.938585],[-122.070424,39.933783],[-122.083974,39.929307],[-122.078684,39.919623],[-122.066721,39.910224],[-122.060536,39.90644],[-122.052154,39.88821],[-122.045644,39.885037],[-122.032582,39.892849],[-122.028188,39.878607],[-122.033599,39.863715],[-122.041982,39.846991],[-122.046254,39.827663],[-122.043568,39.815863],[-122.03661,39.808417],[-122.026723,39.804511],[-122.015533,39.803412],[-122.007192,39.800645],[-122.004384,39.793402],[-122.005279,39.772732],[-121.995473,39.761054],[-121.950307,39.746121],[-121.937001,39.728339],[-121.941518,39.705593],[-121.965932,39.676052],[-121.958119,39.666287],[-121.967641,39.650824],[-121.973541,39.629218],[-121.977366,39.587755],[-121.974517,39.526719],[-121.994985,39.377631],[-122.001129,39.361762],[-122.012115,39.344102],[-122.005483,39.331],[-122.003163,39.290595],[-121.999094,39.275214],[-121.991607,39.28266],[-121.981842,39.25788],[-121.98054,39.246039],[-121.984771,39.234239],[-121.966908,39.207628],[-121.958119,39.200751],[-121.949574,39.202012],[-121.935699,39.205878],[-121.922841,39.206244],[-121.917144,39.197048],[-121.916005,39.185614],[-121.910878,39.1706],[-121.909739,39.162543],[-121.912343,39.153144],[-121.917388,39.15058],[-121.920481,39.148017],[-121.917144,39.138699],[-121.900258,39.134467],[-121.895416,39.131863],[-121.893625,39.128852],[-121.891225,39.121527],[-121.8756,39.096503],[-121.868031,39.087226],[-121.838124,39.077582],[-121.821767,39.062852],[-121.809071,39.043036],[-121.799875,39.021999],[-121.797597,39.005927],[-121.802317,38.991523],[-121.811757,38.977851],[-121.824045,38.963935],[-121.826894,38.955105],[-121.824045,38.94477],[-121.817738,38.936143],[-121.810414,38.932644],[-121.795237,38.928778],[-121.790679,38.920111],[-121.791737,38.911078],[-121.79304,38.905951],[-121.793772,38.898627],[-121.79662,38.892849],[-121.79776,38.886664],[-121.79304,38.877997],[-121.778432,38.869818],[-121.762196,38.870225],[-121.748402,38.873725],[-121.741526,38.874579],[-121.720204,38.859931],[-121.717275,38.854438],[-121.716217,38.843126],[-121.713368,38.830878],[-121.709055,38.8192],[-121.703603,38.80976],[-121.698801,38.8074],[-121.692128,38.806912],[-121.686269,38.805365],[-121.683746,38.799831],[-121.681996,38.792914],[-121.670074,38.768134],[-121.639516,38.779731],[-121.6079,38.782294],[-121.58495,38.772813],[-121.580719,38.748318],[-121.593007,38.722195],[-121.60558,38.702257],[-121.605824,38.683051],[-121.580719,38.658881]],[[-121.580719,38.658759],[-121.567779,38.652533],[-121.556874,38.648627],[-121.549428,38.642035],[-121.54662,38.627753],[-121.539784,38.613308],[-121.523671,38.611111],[-121.505238,38.611396],[-121.491363,38.604193],[-121.498402,38.555854],[-121.501617,38.545844],[-121.510487,38.527126],[-121.511871,38.525336],[-121.515696,38.523993],[-121.539784,38.507921],[-121.500803,38.473904],[-121.491851,38.456326],[-121.518707,38.446479],[-121.504954,38.415229],[-121.501454,38.396267],[-121.505035,38.377631],[-121.512725,38.358669],[-121.531484,38.335232],[-121.556467,38.327419],[-121.568186,38.321926],[-121.567413,38.311021],[-121.558827,38.298489],[-121.522857,38.268826],[-121.506459,38.257107],[-121.50414,38.242255],[-121.512034,38.237372],[-121.53539,38.233669],[-121.54776,38.233018],[-121.550649,38.225735],[-121.549713,38.20482],[-121.55724,38.190701],[-121.570546,38.182888],[-121.581451,38.174302],[-121.58849,38.160224],[-121.611155,38.155544],[-121.643178,38.16649],[-121.661936,38.171942],[-121.672882,38.168036],[-121.68928,38.14765]]]}},{"type":"Feature","properties":{"dissolve":"169Lake Centerline","scalerank":5.0,"featurecla":"Lake Centerline","name":"Tennessee","name_alt":null,"rivernum":169,"note":null,"min_zoom":4.7,"name_en":"Tennessee","min_label":5.7},"bbox":[-88.283315,34.574774,-86.898508,37.021511],"geometry":{"type":"MultiLineString","coordinates":[[[-87.975413,35.945258],[-87.988596,35.945624],[-88.009145,35.953477],[-88.013051,35.966986],[-88.005849,35.981635],[-87.999013,35.999457],[-87.99592,36.019721],[-87.991567,36.038357],[-87.981028,36.059434],[-87.970286,36.074978],[-87.954498,36.084255],[-87.937123,36.104804],[-87.929677,36.123969],[-87.927398,36.144314],[-87.931304,36.167019],[-87.939361,36.183946],[-87.941274,36.208441],[-87.941721,36.236925],[-87.949534,36.263007],[-87.999013,36.356757],[-88.025706,36.395453],[-88.049224,36.419013],[-88.055531,36.430203],[-88.051747,36.444281],[-88.050526,36.463243],[-88.044097,36.492458],[-88.033925,36.522895],[-88.035634,36.554958],[-88.042226,36.580837],[-88.051503,36.610378],[-88.057118,36.643663],[-88.069488,36.67536],[-88.086903,36.703315],[-88.146474,36.830756],[-88.19286,36.918484],[-88.217437,36.950303],[-88.26887,37.00495],[-88.283315,37.021511]],[[-86.898508,34.574774],[-86.952016,34.60753],[-86.977406,34.628282],[-87.005238,34.65412],[-87.030873,34.66824],[-87.060129,34.677436],[-87.095693,34.695502],[-87.125071,34.712348],[-87.156606,34.733181],[-87.193227,34.753974],[-87.220041,34.761827],[-87.248158,34.762234],[-87.273305,34.761013],[-87.299672,34.767198],[-87.329213,34.788682],[-87.356272,34.813829],[-87.395741,34.815945],[-87.432769,34.810492],[-87.464752,34.817816],[-87.499338,34.828803],[-87.529693,34.832953],[-87.562571,34.827175],[-87.612416,34.8039],[-87.635732,34.795966],[-87.659006,34.790554],[-87.685374,34.780707],[-87.700429,34.773383]]]}},{"type":"Feature","properties":{"dissolve":"169River","scalerank":5.0,"featurecla":"River","name":"Tennessee","name_alt":null,"rivernum":169,"note":null,"min_zoom":4.7,"name_en":"Tennessee","min_label":5.7},"bbox":[-88.586171,34.382351,-83.969472,37.089911],"geometry":{"type":"MultiLineString","coordinates":[[[-88.283315,37.021511],[-88.304514,37.032253],[-88.318756,37.045844],[-88.334828,37.057481],[-88.355295,37.062527],[-88.39981,37.058539],[-88.483388,37.03913],[-88.520863,37.039984],[-88.554311,37.053778],[-88.586171,37.089911]],[[-83.969472,35.870144],[-83.980214,35.871283],[-83.993316,35.87641],[-84.003977,35.87755],[-84.01891,35.874579],[-84.026479,35.867214],[-84.032135,35.858018],[-84.041493,35.849677],[-84.050445,35.846462],[-84.0572,35.847276],[-84.064565,35.849311],[-84.075592,35.849677],[-84.08731,35.846706],[-84.104604,35.837836],[-84.130605,35.834011],[-84.134755,35.82807],[-84.130238,35.804958],[-84.135487,35.794501],[-84.147084,35.794379],[-84.164418,35.801215],[-84.170888,35.793402],[-84.17398,35.773993],[-84.178619,35.767768],[-84.190256,35.765896],[-84.19872,35.770819],[-84.206614,35.777411],[-84.216217,35.780788],[-84.271148,35.780788],[-84.276967,35.778144],[-84.285308,35.772732],[-84.29601,35.768012],[-84.30899,35.767768],[-84.303782,35.757188],[-84.302602,35.747382],[-84.306223,35.738959],[-84.315256,35.732367],[-84.330556,35.753363],[-84.338857,35.762234],[-84.349965,35.767768],[-84.359853,35.753974],[-84.374501,35.755479],[-84.391591,35.763129],[-84.408315,35.767768],[-84.413401,35.762803],[-84.421295,35.753119],[-84.4287,35.746202],[-84.431874,35.749701],[-84.44343,35.769355],[-84.445546,35.777371],[-84.526845,35.853298],[-84.541737,35.863308],[-84.551829,35.840522],[-84.555409,35.836005],[-84.568349,35.83393],[-84.578114,35.837755],[-84.587636,35.839871],[-84.599762,35.832587],[-84.60851,35.813992],[-84.610829,35.794379],[-84.617055,35.782538],[-84.637359,35.786933],[-84.660553,35.809638],[-84.668853,35.809394],[-84.675771,35.759467],[-84.685292,35.750515],[-84.698476,35.745307],[-84.713043,35.732367],[-84.715484,35.723253],[-84.714955,35.700995],[-84.719309,35.691962],[-84.728139,35.688259],[-84.764272,35.691962],[-84.774078,35.681179],[-84.781972,35.609442],[-84.78893,35.586982],[-84.798166,35.569525],[-84.812001,35.558173],[-84.832875,35.554226],[-84.84435,35.555365],[-84.861236,35.560492],[-84.874135,35.561632],[-84.883616,35.556179],[-84.881215,35.544257],[-84.874501,35.532497],[-84.870717,35.527452],[-84.864735,35.51378],[-84.860504,35.508246],[-84.86144,35.503607],[-84.870717,35.492743],[-84.879954,35.486274],[-84.899322,35.481472],[-84.907948,35.475694],[-84.909901,35.467312],[-84.905385,35.448065],[-84.907948,35.444363],[-84.919667,35.443223],[-84.928538,35.441433],[-84.936635,35.441026],[-84.945872,35.444363],[-84.952504,35.451728],[-84.957997,35.461371],[-84.964426,35.468044],[-84.973744,35.466091],[-84.979482,35.457465],[-84.981068,35.445258],[-84.97997,35.421088],[-84.984527,35.415229],[-84.995269,35.412177],[-85.017812,35.410834],[-85.022817,35.405341],[-85.062611,35.327012],[-85.076487,35.308539],[-85.093577,35.300971],[-85.096913,35.291205],[-85.088246,35.243679],[-85.089833,35.225857],[-85.096099,35.218207],[-85.102895,35.212917],[-85.116282,35.204698],[-85.121978,35.199652],[-85.126576,35.192491],[-85.129709,35.182196],[-85.130767,35.167548],[-85.199086,35.123399],[-85.257558,35.100938],[-85.27538,35.08869],[-85.323598,35.035671],[-85.336822,35.027208],[-85.350575,35.037421],[-85.349762,35.058946],[-85.344472,35.083441],[-85.34435,35.102362],[-85.356028,35.111925],[-85.376576,35.117255],[-85.397939,35.115098],[-85.411977,35.102362],[-85.400258,35.099148],[-85.39391,35.092149],[-85.393178,35.081814],[-85.398305,35.068183],[-85.426259,35.061347],[-85.428538,35.055772],[-85.429433,35.04739],[-85.432118,35.03913],[-85.439849,35.034044],[-85.459055,35.035712],[-85.4676,35.047919],[-85.472808,35.064561],[-85.481801,35.079535],[-85.498931,35.090115],[-85.520904,35.096259],[-85.541656,35.094306],[-85.555165,35.080593],[-85.556711,35.074978],[-85.558258,35.064154],[-85.560536,35.058376],[-85.574574,35.040635],[-85.593617,35.028022],[-85.615224,35.022406],[-85.637115,35.025946],[-85.649159,35.030829],[-85.661285,35.034044],[-85.672963,35.033026],[-85.683013,35.025214],[-85.689768,35.011501],[-85.693267,34.994493],[-85.694936,34.961737],[-85.701731,34.939805],[-85.718007,34.923163],[-85.756337,34.896837],[-85.93456,34.70657],[-85.949452,34.683051],[-86.002797,34.643622],[-86.031728,34.60163],[-86.048573,34.582628],[-86.067983,34.574734],[-86.089955,34.569403],[-86.109242,34.556708],[-86.196523,34.475775],[-86.217885,34.460313],[-86.220693,34.454942],[-86.222808,34.452216],[-86.238149,34.44127],[-86.241567,34.434272],[-86.240102,34.428046],[-86.236724,34.424099],[-86.234364,34.423936],[-86.242502,34.404079],[-86.252431,34.391221],[-86.267893,34.384385],[-86.292388,34.382351],[-86.311757,34.388943],[-86.336497,34.420274],[-86.3579,34.430772],[-86.401926,34.432725],[-86.41926,34.438422],[-86.426178,34.454942],[-86.434682,34.467597],[-86.454498,34.480821],[-86.532826,34.516059],[-86.545155,34.529242],[-86.554921,34.573554],[-86.568756,34.590115],[-86.58849,34.596462],[-86.611155,34.589057],[-86.626698,34.57453],[-86.635976,34.562812],[-86.646718,34.559109],[-86.666371,34.568549],[-86.684071,34.583319],[-86.691803,34.58747],[-86.703928,34.589057],[-86.71642,34.587185],[-86.722646,34.582302],[-86.727366,34.57571],[-86.73526,34.568549],[-86.773549,34.556016],[-86.819569,34.555732],[-86.866038,34.563503],[-86.898508,34.574774]],[[-87.700429,34.773383],[-87.736806,34.761664],[-87.77477,34.74669],[-87.813466,34.743598],[-87.851918,34.759711],[-87.909169,34.809638],[-87.965403,34.885525],[-87.980214,34.90119],[-87.99828,34.912787],[-88.019439,34.917344],[-88.083363,34.907335],[-88.105133,34.909939],[-88.137522,34.928534],[-88.161692,34.957343],[-88.206939,35.061835],[-88.216868,35.076483],[-88.231435,35.082465],[-88.273752,35.076606],[-88.291371,35.079698],[-88.303782,35.096137],[-88.300771,35.109646],[-88.313588,35.14114],[-88.317454,35.160712],[-88.317454,35.201687],[-88.313629,35.214667],[-88.304514,35.220323],[-88.266265,35.231513],[-88.259348,35.236274],[-88.25536,35.246365],[-88.257476,35.25727],[-88.264882,35.264716],[-88.272776,35.270697],[-88.276438,35.277411],[-88.268219,35.284247],[-88.214996,35.307807],[-88.203725,35.309638],[-88.194,35.308539],[-88.186391,35.310492],[-88.180898,35.321479],[-88.181874,35.334744],[-88.197377,35.354031],[-88.201324,35.366156],[-88.191803,35.383857],[-88.169097,35.387641],[-88.118804,35.384141],[-88.097727,35.390408],[-88.069407,35.407335],[-88.047109,35.410834],[-88.029205,35.404731],[-88.013051,35.394477],[-87.997548,35.392442],[-87.981597,35.410834],[-87.98233,35.425971],[-87.999745,35.429551],[-88.020172,35.431423],[-88.030019,35.44123],[-88.026275,35.466173],[-88.016103,35.473334],[-88.000722,35.477322],[-87.981597,35.492743],[-87.971059,35.533881],[-87.993153,35.569607],[-88.021596,35.60456],[-88.030019,35.643581],[-88.025014,35.656521],[-88.019643,35.664496],[-88.016103,35.672431],[-88.016347,35.685167],[-88.020131,35.692572],[-88.033355,35.709418],[-88.036244,35.715888],[-88.030344,35.737331],[-88.016469,35.753119],[-88.000722,35.766547],[-87.989084,35.780788],[-87.986928,35.78795],[-87.98469,35.805528],[-87.981597,35.814887],[-87.957753,35.843126],[-87.953725,35.852729],[-87.949127,35.872992],[-87.932485,35.918321],[-87.933827,35.938422],[-87.937164,35.941962],[-87.953725,35.952704],[-87.956532,35.946479],[-87.961049,35.944932],[-87.967275,35.945421],[-87.975413,35.945258]]]}},{"type":"Feature","properties":{"dissolve":"173Lake Centerline","scalerank":5.0,"featurecla":"Lake Centerline","name":"Athabasca","name_alt":null,"rivernum":173,"note":null,"min_zoom":4.7,"name_en":"Athabasca","min_label":5.7},"bbox":[-111.280385,58.504828,-111.015533,58.788438],"geometry":{"type":"MultiLineString","coordinates":[[[-111.280385,58.788438],[-111.275136,58.770087],[-111.26179,58.75019],[-111.240346,58.727973],[-111.218902,58.710395],[-111.184071,58.697048],[-111.142405,58.685899],[-111.099599,58.687852],[-111.047597,58.692084],[-111.015533,58.691189]],[[-111.015533,58.690985],[-111.023305,58.680284],[-111.032948,58.657497],[-111.033844,58.638983],[-111.044097,58.610297],[-111.06135,58.579617],[-111.07018,58.558173],[-111.076405,58.529608],[-111.074941,58.504828]]]}},{"type":"Feature","properties":{"dissolve":"173River","scalerank":5.0,"featurecla":"River","name":"Athabasca","name_alt":null,"rivernum":173,"note":null,"min_zoom":4.7,"name_en":"Athabasca","min_label":5.7},"bbox":[-118.100819,52.179307,-111.056996,59.005072],"geometry":{"type":"MultiLineString","coordinates":[[[-111.280385,58.788438],[-111.281361,58.812201],[-111.27066,58.839545],[-111.25414,58.863715],[-111.236643,58.874091],[-111.211903,58.883816],[-111.184682,58.905137],[-111.173207,58.926459],[-111.195668,58.936143],[-111.25414,58.937934],[-111.2801,58.943915],[-111.302113,58.956651],[-111.324778,58.97309],[-111.35025,58.986274],[-111.410756,59.005072]],[[-114.04247,55.167914],[-114.028391,55.173855],[-113.959869,55.167914],[-113.939361,55.172227],[-113.728627,55.253526],[-113.706166,55.257107],[-113.683909,55.256415],[-113.665679,55.248643],[-113.658844,55.239814],[-113.656606,55.230658],[-113.655426,55.222113],[-113.652089,55.215155],[-113.642323,55.208564],[-113.631581,55.205756],[-113.62092,55.204291],[-113.611073,55.201483],[-113.600575,55.19477],[-113.58727,55.183783],[-113.575673,55.171454],[-113.570139,55.160509],[-113.574696,55.143134],[-113.584788,55.126044],[-113.589263,55.110867],[-113.576975,55.099066],[-113.583811,55.099066],[-113.512929,55.077948],[-113.481028,55.060574],[-113.467681,55.033271],[-113.46642,55.012763],[-113.46231,55.003445],[-113.436187,54.980414],[-113.419749,54.973741],[-113.412465,54.968085],[-113.408315,54.961371],[-113.402008,54.946153],[-113.398793,54.940782],[-113.432362,54.87934],[-113.425404,54.86461],[-113.426991,54.853583],[-113.433827,54.844346],[-113.44286,54.834988],[-113.454823,54.825466],[-113.462636,54.821357],[-113.464915,54.814724],[-113.460276,54.797431],[-113.453765,54.782335],[-113.445424,54.771511],[-113.434153,54.764919],[-113.419301,54.762641],[-113.357818,54.762641]],[[-113.350413,54.762641],[-113.357818,54.762641]],[[-113.357818,54.762641],[-113.307729,54.741807],[-113.280385,54.736274],[-113.268463,54.752753],[-113.265248,54.760321],[-113.258209,54.766425],[-113.25121,54.774278],[-113.247955,54.786811],[-113.247426,54.793565],[-113.245676,54.798367],[-113.242421,54.802354],[-113.237416,54.807318],[-113.231516,54.814805],[-113.231435,54.819159],[-113.233469,54.823594],[-113.233144,54.843085],[-113.234609,54.84748],[-113.23412,54.850653],[-113.227528,54.858913],[-113.219106,54.8664],[-113.192942,54.883002],[-113.171295,54.889594],[-113.158559,54.896267],[-113.145863,54.900336],[-113.122914,54.891913],[-113.10851,54.894965],[-112.992909,54.948065],[-112.897939,54.975531],[-112.78067,54.975775],[-112.730865,54.986884],[-112.727203,55.023383],[-112.7412,55.041205],[-112.756907,55.049099],[-112.774648,55.050889],[-112.794911,55.050645],[-112.834096,55.058621],[-112.855214,55.066433],[-112.864369,55.074815],[-112.859039,55.107367],[-112.846059,55.12995],[-112.83019,55.151557],[-112.816029,55.180976],[-112.814605,55.195258],[-112.815907,55.21015],[-112.814565,55.224921],[-112.805409,55.23904],[-112.771352,55.266628],[-112.764475,55.270372],[-112.756703,55.272162],[-112.751861,55.276557],[-112.744293,55.287136],[-112.735951,55.290717],[-112.715566,55.289252],[-112.706166,55.290229],[-112.691274,55.298041],[-112.68102,55.308783],[-112.679921,55.320665],[-112.692494,55.331855],[-112.686269,55.331855],[-112.698069,55.344835],[-112.733062,55.435858],[-112.737457,55.441026],[-112.749094,55.446397],[-112.756947,55.472764],[-112.768178,55.482693],[-112.756459,55.495429],[-112.762766,55.500352],[-112.775054,55.504096],[-112.78185,55.513048],[-112.779124,55.524482],[-112.765696,55.534247],[-112.760732,55.544135],[-112.760732,55.537299],[-112.759429,55.544379],[-112.758046,55.54739],[-112.754547,55.55032],[-112.758453,55.557929],[-112.757802,55.575792],[-112.760732,55.585069],[-112.76651,55.589708],[-112.782826,55.598334],[-112.788075,55.605536],[-112.787343,55.613715],[-112.778798,55.638861],[-112.775014,55.646552],[-112.769643,55.651801],[-112.75536,55.660834],[-112.747711,55.667589],[-112.74059,55.676947],[-112.736806,55.683621],[-112.731435,55.689032],[-112.719797,55.694892],[-112.708363,55.697781],[-112.68456,55.698839],[-112.672597,55.701117],[-112.667714,55.704128],[-112.662465,55.712226],[-112.658315,55.715399],[-112.631663,55.722846],[-112.610748,55.733344],[-112.602284,55.740424],[-112.596913,55.749538],[-112.615142,55.756944],[-112.619456,55.768256],[-112.617543,55.782091],[-112.61734,55.797309],[-112.62267,55.812852],[-112.644683,55.851996],[-112.6433,55.853868],[-112.644195,55.875556],[-112.647857,55.884467],[-112.661977,55.900336],[-112.665151,55.907172],[-112.660146,55.920966],[-112.634877,55.936469],[-112.624176,55.948188],[-112.644032,55.959906],[-112.65217,55.961859],[-112.642568,55.976264],[-112.627024,56.009467],[-112.61734,56.017035],[-112.633372,56.027777],[-112.635813,56.041124],[-112.634145,56.054389],[-112.637847,56.064805],[-112.626617,56.074652],[-112.610463,56.081122],[-112.595815,56.088935],[-112.589467,56.102729],[-112.588287,56.119452],[-112.583892,56.135932],[-112.574574,56.148546],[-112.558705,56.153632],[-112.549794,56.158759],[-112.539662,56.171251],[-112.531402,56.186062],[-112.527984,56.19831],[-112.531117,56.213446],[-112.538971,56.231513],[-112.54898,56.248562],[-112.596913,56.30447],[-112.644683,56.345404],[-112.654286,56.358018],[-112.665028,56.386827],[-112.672597,56.400662],[-112.673085,56.403591],[-112.671986,56.411566],[-112.672597,56.414333],[-112.677317,56.415839],[-112.690297,56.415147],[-112.703359,56.421739],[-112.734039,56.428005],[-112.691314,56.460069],[-112.644683,56.483222],[-112.6315,56.485053],[-112.618153,56.485134],[-112.6079,56.488593],[-112.603749,56.500271],[-112.604563,56.513048],[-112.604115,56.519232],[-112.598378,56.521918],[-112.583241,56.524197],[-112.556142,56.525092],[-112.451527,56.515977],[-112.440826,56.516384],[-112.434478,56.521186],[-112.432444,56.534125],[-112.426422,56.542996],[-112.412506,56.545762],[-112.383941,56.544704],[-112.392893,56.565375],[-112.397613,56.571967],[-112.343007,56.565131],[-112.342193,56.567247],[-112.337392,56.571967],[-112.330312,56.576687],[-112.322581,56.578803],[-112.317698,56.576687],[-112.314768,56.571967],[-112.310536,56.567247],[-112.302073,56.565131],[-112.272328,56.562323],[-112.19225,56.544704],[-112.165435,56.546576],[-112.118886,56.56155],[-112.062978,56.569444],[-112.007558,56.58869],[-111.979888,56.593044],[-111.902211,56.58157],[-111.884389,56.594062],[-111.870432,56.592312],[-111.85554,56.587348],[-111.832997,56.575303],[-111.818918,56.578681],[-111.78954,56.596259],[-111.785756,56.603217],[-111.781321,56.606065],[-111.774892,56.607123],[-111.753407,56.606065],[-111.670277,56.617255],[-111.602528,56.653876],[-111.445546,56.708564],[-111.426747,56.720404],[-111.412831,56.73371],[-111.403147,56.750108],[-111.397084,56.771186],[-111.396596,56.793158],[-111.407786,56.825873],[-111.410756,56.842882],[-111.412709,56.845038],[-111.425038,56.872992],[-111.423899,56.876776],[-111.420318,56.880316],[-111.418202,56.884548],[-111.42162,56.890692],[-111.426584,56.895616],[-111.429677,56.899685],[-111.431386,56.904405],[-111.43399,56.924994],[-111.445546,56.972968],[-111.451894,56.99018],[-111.480092,57.013373],[-111.495025,57.047553],[-111.535308,57.072943],[-111.547922,57.086493],[-111.547922,57.079047],[-111.559316,57.092841],[-111.59496,57.123481],[-111.602528,57.137397],[-111.605946,57.147488],[-111.62092,57.162299],[-111.624257,57.171576],[-111.624257,57.209418],[-111.633534,57.248806],[-111.663808,57.306342],[-111.664622,57.346544],[-111.654124,57.389187],[-111.637929,57.42768],[-111.614735,57.461371],[-111.583323,57.489936],[-111.516469,57.532579],[-111.506947,57.548285],[-111.505116,57.572781],[-111.499338,57.591091],[-111.488922,57.606065],[-111.42748,57.663275],[-111.389516,57.711371],[-111.367665,57.768907],[-111.369781,57.839423],[-111.374745,57.858466],[-111.380971,57.872992],[-111.39037,57.886339],[-111.416656,57.915595],[-111.420277,57.923651],[-111.418202,57.952989],[-111.412343,57.962348],[-111.373199,57.987128],[-111.335683,58.031195],[-111.343129,58.031195],[-111.344797,58.040717],[-111.354848,58.055284],[-111.379994,58.083035],[-111.383534,58.097602],[-111.369781,58.162136],[-111.364817,58.174384],[-111.359446,58.181993],[-111.359242,58.190009],[-111.369781,58.203152],[-111.3815,58.20836],[-111.415395,58.213813],[-111.428456,58.219835],[-111.429555,58.228787],[-111.426137,58.241482],[-111.425526,58.252794],[-111.434926,58.257758],[-111.475819,58.255398],[-111.48644,58.257758],[-111.495432,58.272569],[-111.503733,58.317206],[-111.51065,58.326606],[-111.521555,58.336371],[-111.52774,58.35871],[-111.529775,58.383612],[-111.528066,58.40115],[-111.516347,58.419542],[-111.49649,58.434923],[-111.472646,58.445583],[-111.416086,58.451606],[-111.399159,58.450873],[-111.37328,58.439276],[-111.360015,58.44127],[-111.347483,58.44656],[-111.335683,58.44953],[-111.314809,58.447577],[-111.27477,58.438544],[-111.253733,58.43655],[-111.232655,58.439643],[-111.195912,58.453315],[-111.174916,58.456366],[-111.091624,58.451606],[-111.068756,58.456366],[-111.058461,58.466905],[-111.056996,58.481472],[-111.062978,58.495469],[-111.074941,58.504828]],[[-115.43989,54.15351],[-115.395741,54.169216],[-115.367909,54.175157],[-115.348053,54.170233],[-115.335561,54.162299],[-115.323801,54.161933],[-115.300282,54.166815],[-115.252797,54.157904],[-115.235463,54.159288],[-115.225087,54.163642],[-115.204905,54.175971],[-115.194447,54.180487],[-115.18106,54.1824],[-115.167104,54.182807],[-115.153717,54.184638],[-115.134145,54.19538],[-115.123158,54.19831],[-115.101389,54.200303],[-115.09557,54.204372],[-115.077138,54.228217],[-115.012034,54.257758],[-114.982045,54.279364],[-114.960764,54.287136],[-114.950551,54.293769],[-114.943227,54.304877],[-114.949615,54.309109],[-114.959137,54.311591],[-114.96109,54.317654],[-114.943593,54.32685],[-114.894643,54.315497],[-114.875396,54.32099],[-114.862864,54.328233],[-114.849924,54.326239],[-114.836049,54.320746],[-114.82079,54.317654],[-114.807851,54.319403],[-114.775502,54.331855],[-114.640492,54.330146],[-114.604156,54.344916],[-114.598215,54.352322],[-114.595448,54.358913],[-114.589467,54.363634],[-114.567128,54.366767],[-114.549306,54.374579],[-114.542714,54.379096],[-114.537017,54.381619],[-114.532786,54.380723],[-114.530019,54.381619],[-114.529124,54.388983],[-114.529652,54.399685],[-114.528717,54.404405],[-114.525706,54.406358],[-114.523305,54.410468],[-114.526967,54.419542],[-114.535959,54.433661],[-114.522288,54.441107],[-114.494374,54.436143],[-114.429758,54.482733],[-114.395619,54.495714],[-114.380198,54.498562],[-114.358388,54.505886],[-114.338938,54.515815],[-114.330474,54.526801],[-114.328359,54.536322],[-114.318959,54.55268],[-114.316803,54.560899],[-114.319203,54.56863],[-114.331532,54.582872],[-114.33731,54.591376],[-114.328969,54.593614],[-114.326161,54.59809],[-114.325795,54.604193],[-114.32429,54.611843],[-114.32429,54.605577],[-114.313873,54.647773],[-114.317942,54.665595],[-114.33731,54.68004],[-114.318349,54.695339],[-114.309926,54.709988],[-114.302561,54.742214],[-114.292144,54.762519],[-114.285268,54.773017],[-114.278961,54.780341],[-114.274892,54.788601],[-114.276845,54.808783],[-114.275258,54.817898],[-114.262847,54.831814],[-114.228017,54.853624],[-114.202952,54.878485],[-114.202301,54.885769],[-114.210683,54.89643],[-114.215199,54.905341],[-114.210927,54.913113],[-114.203847,54.921169],[-114.200103,54.931179],[-114.199818,54.951768],[-114.197255,54.970079],[-114.190297,54.987616],[-114.153798,55.036566],[-114.138987,55.046698],[-114.114491,55.050645],[-114.104156,55.06037],[-114.08141,55.103054],[-114.066721,55.112738],[-114.059478,55.120795],[-114.057607,55.15998],[-114.049306,55.17414],[-114.049306,55.167914]],[[-115.43989,54.15351],[-115.433461,54.153144],[-115.440907,54.153144],[-115.43989,54.15351]],[[-117.585357,52.179307],[-117.592193,52.179307],[-117.545277,52.18891],[-117.522817,52.198594],[-117.520497,52.209744],[-117.53185,52.223253],[-117.558013,52.27558],[-117.558949,52.280137],[-117.557362,52.291327],[-117.558013,52.296007],[-117.562408,52.300605],[-117.578521,52.309638],[-117.584096,52.339545],[-117.588775,52.34752],[-117.641021,52.388861],[-117.653635,52.40587],[-117.644358,52.439317],[-117.644683,52.455593],[-117.658762,52.494696],[-117.665639,52.538682],[-117.670481,52.55154],[-117.683258,52.564236],[-117.699127,52.568956],[-117.733795,52.572862],[-117.745595,52.577257],[-117.778961,52.594346],[-117.793324,52.598415],[-117.822662,52.60281],[-117.836497,52.606757],[-117.857004,52.620429],[-117.864735,52.637966],[-117.867584,52.684678],[-117.873891,52.710395],[-117.884999,52.727851],[-117.901275,52.74079],[-118.012522,52.808539],[-118.048248,52.84394],[-118.062123,52.88113],[-118.057525,52.901923],[-118.03954,52.936306],[-118.035512,52.957099],[-118.0454,52.976426],[-118.089711,53.016954],[-118.100819,53.038153],[-118.094838,53.052314],[-118.049916,53.089952],[-118.04186,53.094835],[-118.031565,53.098497],[-118.022694,53.103095],[-118.01891,53.110785],[-118.017242,53.120917],[-117.990956,53.198676],[-117.978912,53.215684],[-117.960276,53.222683],[-117.936106,53.223578],[-117.910268,53.227566],[-117.886952,53.236355],[-117.870269,53.251654],[-117.863189,53.27204],[-117.86026,53.311876],[-117.850697,53.330268],[-117.841786,53.338202],[-117.832021,53.343451],[-117.821278,53.346381],[-117.809397,53.347276],[-117.797597,53.350653],[-117.788319,53.358466],[-117.780141,53.367621],[-117.77184,53.374579],[-117.750966,53.379706],[-117.696523,53.384548],[-117.679351,53.391669],[-117.662994,53.402615],[-117.593658,53.429226],[-117.553049,53.451199],[-117.531402,53.45954],[-117.497467,53.464545],[-117.48766,53.469346],[-117.480458,53.476874],[-117.474355,53.497341],[-117.466054,53.501044],[-117.443471,53.503852],[-117.395985,53.52029],[-117.385162,53.528022],[-117.350413,53.565253],[-117.319651,53.570868],[-117.298695,53.584255],[-117.26476,53.614203],[-117.272206,53.614203],[-117.245107,53.61933],[-117.216461,53.630194],[-117.191558,53.646796],[-117.176015,53.66946],[-117.174672,53.69123],[-117.176829,53.72016],[-117.17516,53.747748],[-117.162343,53.765001],[-117.167795,53.780707],[-117.176829,53.792263],[-117.188873,53.80032],[-117.203277,53.805976],[-117.189198,53.827745],[-117.139394,53.868842],[-117.134999,53.8817],[-117.107086,53.902167],[-117.098012,53.911689],[-117.07665,53.940009],[-117.055653,53.952094],[-117.009389,53.954617],[-116.984202,53.96365],[-116.954254,53.98546],[-116.935129,53.994981],[-116.884429,54.003445],[-116.865468,54.014716],[-116.825917,54.04621],[-116.815419,54.050727],[-116.805287,54.0539],[-116.795237,54.058295],[-116.784983,54.066677],[-116.763905,54.100165],[-116.754506,54.111029],[-116.737457,54.122992],[-116.463979,54.220893],[-116.265126,54.250678],[-116.118642,54.228217],[-116.107981,54.229438],[-116.084584,54.236355],[-116.071523,54.235053],[-116.054107,54.211941],[-116.046986,54.20779],[-116.037424,54.204535],[-116.01769,54.190456],[-116.006012,54.187323],[-115.999176,54.186225],[-115.985992,54.181586],[-115.978668,54.180487],[-115.975657,54.182318],[-115.974965,54.186632],[-115.9735,54.19123],[-115.967885,54.194119],[-115.935455,54.195868],[-115.84496,54.187323],[-115.821929,54.190538],[-115.813466,54.188056],[-115.78775,54.166327],[-115.777415,54.162136],[-115.749379,54.159288],[-115.74352,54.157335],[-115.739613,54.153998],[-115.736928,54.149848],[-115.735097,54.145697],[-115.666168,54.166815],[-115.645375,54.169216],[-115.628285,54.16767],[-115.591054,54.159288],[-115.569651,54.157986],[-115.509145,54.166815],[-115.488271,54.164618],[-115.45287,54.154242],[-115.43989,54.15351]]]}},{"type":"Feature","properties":{"dissolve":"177River","scalerank":5.0,"featurecla":"River","name":"Culuene","name_alt":null,"rivernum":177,"note":null,"min_zoom":4.7,"name_en":"Culuene","min_label":5.7},"bbox":[-54.60912,-14.984063,-52.842844,-11.443699],"geometry":{"type":"MultiLineString","coordinates":[[[-54.60912,-14.984063],[-54.52538,-14.944675],[-54.310211,-14.887628],[-54.273346,-14.867364],[-54.259633,-14.856948],[-54.248891,-14.846205],[-54.240102,-14.832371],[-54.23233,-14.812188],[-54.220693,-14.767511],[-54.208648,-14.752293],[-54.184641,-14.743992],[-54.086171,-14.744317],[-54.074045,-14.747573],[-54.066396,-14.75213],[-54.040517,-14.780776],[-54.030385,-14.788914],[-54.019154,-14.795099],[-54.006825,-14.799005],[-53.991282,-14.799981],[-53.975819,-14.797784],[-53.946156,-14.787612],[-53.89387,-14.760756],[-53.853993,-14.732843],[-53.818227,-14.700128],[-53.762318,-14.636407],[-53.731109,-14.608575],[-53.693512,-14.589207],[-53.639638,-14.576511],[-53.622304,-14.570245],[-53.606435,-14.560968],[-53.592844,-14.549168],[-53.58137,-14.535089],[-53.516184,-14.413995],[-53.508127,-14.385675],[-53.501658,-14.327488],[-53.491322,-14.300795],[-53.449941,-14.243178],[-53.383127,-14.099461],[-53.380767,-14.06756],[-53.391184,-14.030125],[-53.391713,-14.017592],[-53.38858,-14.007175],[-53.382802,-13.997491],[-53.36913,-13.979913],[-53.362416,-13.96795],[-53.330312,-13.880873],[-53.304758,-13.778497],[-53.282216,-13.739597],[-53.254262,-13.702976],[-53.235585,-13.684991],[-53.228668,-13.676935],[-53.220448,-13.659112],[-53.214467,-13.650893],[-53.203318,-13.641615],[-53.1704,-13.619806],[-53.160512,-13.608738],[-53.137359,-13.550795],[-53.13561,-13.547865],[-53.146148,-13.510593],[-53.159088,-13.506199],[-53.153676,-13.496515],[-53.141835,-13.487319],[-53.13561,-13.483901],[-53.117502,-13.424005],[-53.094716,-13.389174],[-53.065541,-13.299819],[-53.061147,-13.290867],[-53.053212,-13.285821],[-53.041331,-13.280694],[-53.030507,-13.272882],[-53.025746,-13.260431],[-53.022898,-13.240574],[-53.015207,-13.223321],[-53.004465,-13.208347],[-52.992258,-13.195326],[-52.963206,-13.17254],[-52.949574,-13.158868],[-52.943837,-13.143894],[-52.941558,-13.100437],[-52.937408,-13.078464],[-52.930165,-13.058119],[-52.866444,-12.95086],[-52.8544,-12.914727],[-52.855621,-12.890476],[-52.8544,-12.880548],[-52.846018,-12.864679],[-52.842844,-12.856134],[-52.844838,-12.849298],[-52.877431,-12.809259],[-52.915679,-12.771417],[-52.927642,-12.75628],[-52.926747,-12.749688],[-52.915924,-12.743341],[-52.926015,-12.729506],[-52.951283,-12.709324],[-52.956899,-12.695164],[-52.960194,-12.680841],[-52.96581,-12.668796],[-52.978627,-12.660821],[-52.950673,-12.616632],[-52.944,-12.594578],[-52.978749,-12.575698],[-53.012766,-12.509454],[-53.017161,-12.517022],[-53.033193,-12.537449],[-53.036529,-12.518731],[-53.047353,-12.496108],[-53.060414,-12.477227],[-53.07079,-12.469171],[-53.08552,-12.460626],[-53.100087,-12.440362],[-53.121938,-12.393406],[-53.112172,-12.388198],[-53.107655,-12.38714],[-53.143666,-12.333998],[-53.152699,-12.325698],[-53.175282,-12.318699],[-53.181793,-12.30226],[-53.185129,-12.283705],[-53.198354,-12.27044],[-53.201039,-12.274835],[-53.206899,-12.279311],[-53.211374,-12.284112],[-53.224436,-12.26214],[-53.239247,-12.242608],[-53.248443,-12.233819],[-53.255076,-12.229832],[-53.272817,-12.222101],[-53.277659,-12.221205],[-53.289052,-12.222996],[-53.293853,-12.222101],[-53.298085,-12.218683],[-53.298207,-12.215753],[-53.297719,-12.212579],[-53.30012,-12.208429],[-53.29898,-12.207452],[-53.302358,-12.199558],[-53.308217,-12.189386],[-53.314361,-12.181655],[-53.306549,-12.169366],[-53.309926,-12.160821],[-53.327382,-12.146336],[-53.363271,-12.092299],[-53.38268,-12.037774],[-53.42219,-11.990086],[-53.434193,-11.982436],[-53.443715,-11.979343],[-53.462595,-11.965183],[-53.475168,-11.961928],[-53.487538,-11.963556],[-53.4912,-11.961602],[-53.498687,-11.954522],[-53.507924,-11.941746],[-53.515207,-11.928237],[-53.525624,-11.91782],[-53.544057,-11.913588],[-53.559804,-11.908054],[-53.569081,-11.894382],[-53.607289,-11.784194],[-53.614858,-11.737319],[-53.608551,-11.701349],[-53.59732,-11.687677],[-53.586252,-11.678155],[-53.577789,-11.667413],[-53.571767,-11.635593],[-53.547109,-11.58587],[-53.543813,-11.584649],[-53.539255,-11.58587],[-53.535227,-11.586358],[-53.533518,-11.582045],[-53.53425,-11.568536],[-53.533518,-11.564793],[-53.539947,-11.557061],[-53.542063,-11.552423],[-53.537221,-11.55047],[-53.53482,-11.549168],[-53.528066,-11.54282],[-53.521352,-11.531427],[-53.485707,-11.489109],[-53.483388,-11.494155],[-53.481272,-11.497491],[-53.479482,-11.501804],[-53.478261,-11.509617],[-53.472035,-11.509617],[-53.454539,-11.48032],[-53.447133,-11.462742],[-53.444081,-11.443699]]]}},{"type":"Feature","properties":{"dissolve":"183River","scalerank":5.0,"featurecla":"River","name":"Marañón","name_alt":null,"rivernum":183,"note":null,"min_zoom":4.7,"name_en":"Marañón","min_label":5.7},"bbox":[-78.752838,-9.913425,-73.494944,-4.423842],"geometry":{"type":"MultiLineString","coordinates":[[[-76.616689,-9.913425],[-76.619496,-9.89601],[-76.620107,-9.860284],[-76.624989,-9.841729],[-76.640248,-9.811375],[-76.645009,-9.79754],[-76.650014,-9.744643],[-76.65392,-9.728855],[-76.661122,-9.713311],[-76.70226,-9.659601],[-76.711415,-9.6395],[-76.71345,-9.630222],[-76.718007,-9.559503],[-76.726959,-9.531752],[-76.766103,-9.482599],[-76.779775,-9.45086],[-76.78307,-9.417413],[-76.773305,-9.386407],[-76.731679,-9.334405],[-76.72175,-9.313165],[-76.710561,-9.260186],[-76.710317,-9.232843],[-76.716176,-9.207452],[-76.732289,-9.178643],[-76.754262,-9.154799],[-76.780588,-9.135756],[-76.809885,-9.121026],[-76.860219,-9.104343],[-76.883127,-9.09116],[-76.895457,-9.070001],[-76.904042,-9.066827],[-76.907582,-9.061049],[-76.909739,-9.054132],[-76.913808,-9.047377],[-76.919993,-9.043796],[-76.973134,-9.028497],[-76.986277,-9.022393],[-76.997385,-9.013116],[-77.029856,-8.966241],[-77.067047,-8.934747],[-77.074086,-8.920912],[-77.122792,-8.906915],[-77.13622,-8.899102],[-77.19164,-8.846694],[-77.208485,-8.824721],[-77.214508,-8.809015],[-77.211741,-8.797296],[-77.207021,-8.785577],[-77.20759,-8.770359],[-77.213816,-8.757501],[-77.243642,-8.717706],[-77.25414,-8.707371],[-77.279652,-8.693048],[-77.290354,-8.684747],[-77.296132,-8.672052],[-77.297109,-8.623061],[-77.298899,-8.614435],[-77.30899,-8.589776],[-77.31428,-8.556085],[-77.317454,-8.545099],[-77.322662,-8.534112],[-77.329172,-8.524591],[-77.337758,-8.516127],[-77.349029,-8.508966],[-77.360707,-8.504815],[-77.396474,-8.499037],[-77.407379,-8.493015],[-77.414459,-8.483738],[-77.440419,-8.424249],[-77.442372,-8.41017],[-77.440297,-8.375014],[-77.443349,-8.366143],[-77.452463,-8.359389],[-77.475453,-8.353448],[-77.485911,-8.34881],[-77.494456,-8.34002],[-77.498118,-8.329929],[-77.498647,-8.305841],[-77.495717,-8.273451],[-77.497222,-8.258233],[-77.50536,-8.244073],[-77.605458,-8.152276],[-77.620432,-8.129734],[-77.625111,-8.118504],[-77.628326,-8.105645],[-77.627594,-8.093438],[-77.620513,-8.083347],[-77.63683,-8.065932],[-77.648101,-8.048272],[-77.652455,-8.029229],[-77.647857,-8.007664],[-77.640777,-7.988214],[-77.636952,-7.970066],[-77.633453,-7.91489],[-77.621978,-7.870782],[-77.620473,-7.854018],[-77.623158,-7.837091],[-77.629384,-7.820977],[-77.638417,-7.806655],[-77.652089,-7.79339],[-77.657216,-7.787042],[-77.661,-7.776869],[-77.668324,-7.726414],[-77.704457,-7.616062],[-77.70934,-7.579278],[-77.714467,-7.56878],[-77.740631,-7.527765],[-77.750803,-7.52101],[-77.755849,-7.504815],[-77.757721,-7.466323],[-77.77066,-7.433119],[-77.794342,-7.413507],[-77.82018,-7.397963],[-77.83967,-7.377618],[-77.847076,-7.34002],[-77.847076,-7.306004],[-77.849355,-7.295587],[-77.854807,-7.292983],[-77.86148,-7.29282],[-77.867584,-7.288751],[-77.87267,-7.280287],[-77.874135,-7.275323],[-77.873647,-7.249037],[-77.870758,-7.241225],[-77.870595,-7.233819],[-77.877512,-7.223321],[-77.884633,-7.218276],[-77.892812,-7.214776],[-77.899526,-7.2103],[-77.902333,-7.202813],[-77.906484,-7.186944],[-77.916249,-7.176609],[-77.927398,-7.168308],[-77.935862,-7.158543],[-77.940785,-7.143894],[-77.953603,-7.075128],[-77.972157,-7.046889],[-77.976877,-7.028171],[-78.00475,-7.000828],[-78.007314,-6.990248],[-78.009836,-6.965183],[-78.021392,-6.938165],[-78.018422,-6.916518],[-78.012441,-6.894952],[-78.010976,-6.876642],[-78.015207,-6.868341],[-78.028635,-6.854506],[-78.031484,-6.849461],[-78.028228,-6.839044],[-78.021148,-6.834812],[-78.01415,-6.831964],[-78.010976,-6.825698],[-78.012196,-6.780613],[-78.016184,-6.760431],[-78.024566,-6.740167],[-78.079457,-6.649591],[-78.120229,-6.541518],[-78.131418,-6.524428],[-78.158681,-6.499933],[-78.159535,-6.494317],[-78.170155,-6.467706],[-78.175404,-6.458998],[-78.189849,-6.449558],[-78.237457,-6.431655],[-78.267445,-6.405613],[-78.324574,-6.37713],[-78.349355,-6.350518],[-78.390126,-6.262546],[-78.425771,-6.208022],[-78.440297,-6.167657],[-78.449778,-6.150405],[-78.461497,-6.138604],[-78.501943,-6.108575],[-78.535797,-6.06642],[-78.550404,-6.057794],[-78.563873,-6.055515],[-78.568715,-6.059096],[-78.572174,-6.065444],[-78.581532,-6.071222],[-78.606801,-6.068373],[-78.625152,-6.048761],[-78.655263,-6.000339],[-78.749176,-5.881036],[-78.752838,-5.863214],[-78.732086,-5.805841],[-78.726552,-5.796726],[-78.675201,-5.737156],[-78.667633,-5.724298],[-78.663197,-5.707533],[-78.664418,-5.693536],[-78.670766,-5.663263],[-78.667388,-5.641046],[-78.654693,-5.630304],[-78.617096,-5.616225],[-78.597483,-5.600274],[-78.575795,-5.576511],[-78.557362,-5.55047],[-78.54719,-5.527846],[-78.548899,-5.50921],[-78.556711,-5.49269],[-78.56135,-5.476983],[-78.553212,-5.460138],[-78.533193,-5.448907],[-78.483306,-5.435886],[-78.463857,-5.420587],[-78.45401,-5.40252],[-78.448842,-5.384291],[-78.444407,-5.277358],[-78.450592,-5.257175],[-78.45934,-5.240411],[-78.464182,-5.224786],[-78.460439,-5.211277],[-78.44343,-5.201186],[-78.377797,-5.182631],[-78.360992,-5.171726],[-78.355824,-5.157566],[-78.362457,-5.0617],[-78.367299,-5.043634],[-78.395253,-5.001804],[-78.397328,-4.983819],[-78.34732,-4.932631],[-78.334096,-4.904148],[-78.333241,-4.87241],[-78.342193,-4.815444],[-78.341949,-4.792169],[-78.336985,-4.77044],[-78.324818,-4.757664],[-78.314768,-4.757745],[-78.305165,-4.76336],[-78.295888,-4.770359],[-78.286529,-4.774754],[-78.22997,-4.750665],[-78.219106,-4.743829],[-78.209828,-4.73504],[-78.201894,-4.723077],[-78.198313,-4.703953],[-78.204945,-4.687351],[-78.214467,-4.671401],[-78.21935,-4.654229],[-78.213775,-4.635268],[-78.199371,-4.625339],[-78.180247,-4.621921],[-78.160268,-4.622003],[-78.143178,-4.625665],[-78.130279,-4.632826],[-78.118276,-4.641534],[-78.103668,-4.649428],[-78.080068,-4.654636],[-78.054921,-4.65252],[-78.031361,-4.644382],[-78.012034,-4.630222],[-78.006418,-4.621596],[-78.00475,-4.615086],[-78.00121,-4.609226],[-77.990102,-4.603041],[-77.981516,-4.601088],[-77.95287,-4.601902],[-77.934804,-4.59588],[-77.908437,-4.566583],[-77.89273,-4.55519],[-77.871938,-4.550714],[-77.85143,-4.549005],[-77.831654,-4.544285],[-77.813344,-4.530206],[-77.809316,-4.523126],[-77.806793,-4.510431],[-77.805328,-4.506199],[-77.792226,-4.493666],[-77.777984,-4.488132],[-77.74356,-4.485772],[-77.713735,-4.474949],[-77.666168,-4.433119],[-77.639027,-4.423842],[-77.624257,-4.427423],[-77.595774,-4.44378],[-77.5808,-4.448907],[-77.563954,-4.449151],[-77.547109,-4.445977],[-77.514597,-4.435479],[-77.495229,-4.434015],[-77.479563,-4.440851],[-77.465932,-4.453058],[-77.452992,-4.468438],[-77.438629,-4.478936],[-77.421783,-4.486749],[-77.407623,-4.496515],[-77.401479,-4.513116],[-77.409332,-4.521824],[-77.423451,-4.542983],[-77.429026,-4.56463],[-77.411692,-4.574558],[-77.400461,-4.579034],[-77.402943,-4.589207],[-77.41511,-4.604994],[-77.410146,-4.613458],[-77.398346,-4.616143],[-77.340037,-4.61419],[-77.325063,-4.616632],[-77.318918,-4.625828],[-77.324208,-4.63364],[-77.335927,-4.637546],[-77.347727,-4.64422],[-77.353017,-4.660007],[-77.34203,-4.683119],[-77.320424,-4.699151],[-77.305002,-4.715265],[-77.312652,-4.739109],[-77.3037,-4.745945],[-77.291615,-4.752618],[-77.28425,-4.741713],[-77.264394,-4.72267],[-77.258046,-4.711765],[-77.263539,-4.693211],[-77.265452,-4.682468],[-77.261138,-4.677586],[-77.258168,-4.675307],[-77.256174,-4.671401],[-77.253082,-4.669448],[-77.247222,-4.673842],[-77.233266,-4.691257],[-77.19811,-4.69614],[-77.099762,-4.732273],[-77.042714,-4.744561],[-77.024729,-4.752618],[-77.012318,-4.763198],[-77.0006,-4.776869],[-76.987904,-4.788751],[-76.961578,-4.798028],[-76.936391,-4.817234],[-76.918568,-4.821629],[-76.895619,-4.82114],[-76.877919,-4.818536],[-76.860666,-4.812351],[-76.839101,-4.80047],[-76.832265,-4.807957],[-76.814361,-4.804213],[-76.769521,-4.81756],[-76.619985,-4.842136],[-76.606109,-4.841974],[-76.602122,-4.840753],[-76.599355,-4.83587],[-76.589263,-4.82464],[-76.572987,-4.823582],[-76.561025,-4.844415],[-76.544911,-4.889174],[-76.530263,-4.89894],[-76.510854,-4.903009],[-76.466054,-4.903497],[-76.44579,-4.907647],[-76.434722,-4.917494],[-76.424794,-4.928888],[-76.407704,-4.937677],[-76.386138,-4.940769],[-76.310292,-4.9367],[-76.304433,-4.93377],[-76.294789,-4.920261],[-76.284413,-4.911472],[-76.276926,-4.912123],[-76.268666,-4.917901],[-76.256296,-4.924005],[-76.23351,-4.926283],[-76.184316,-4.925226],[-76.168121,-4.931492],[-76.176381,-4.953302],[-76.173085,-4.975274],[-76.159535,-4.992201],[-76.137074,-4.999037],[-76.115224,-5.003432],[-76.065094,-5.033868],[-76.047109,-5.037774],[-76.024241,-5.03753],[-76.004547,-5.032892],[-75.996205,-5.02337],[-75.988108,-5.011407],[-75.968902,-5.008315],[-75.927887,-5.01336],[-75.916086,-5.016941],[-75.908274,-5.020033],[-75.89981,-5.021824],[-75.886342,-5.020196],[-75.8756,-5.016615],[-75.858144,-5.008233],[-75.84911,-5.006524],[-75.808176,-5.01336],[-75.79601,-5.017592],[-75.787465,-5.027765],[-75.779693,-5.039076],[-75.770253,-5.04754],[-75.74177,-5.052586],[-75.725331,-5.039565],[-75.711741,-5.022149],[-75.691477,-5.01336],[-75.666819,-5.01629],[-75.656239,-5.025323],[-75.640533,-5.061863],[-75.616322,-5.076674],[-75.593495,-5.056573],[-75.537506,-4.958185],[-75.531606,-4.935479],[-75.525787,-4.92726],[-75.513661,-4.924005],[-75.469797,-4.928888],[-75.453318,-4.927586],[-75.440663,-4.916518],[-75.434071,-4.899591],[-75.423248,-4.849461],[-75.421457,-4.831476],[-75.411529,-4.810561],[-75.388173,-4.794854],[-75.360829,-4.784519],[-75.338938,-4.779962],[-75.252919,-4.779962],[-75.231353,-4.784112],[-75.197133,-4.799819],[-75.174428,-4.80047],[-75.157053,-4.79282],[-75.108632,-4.760593],[-75.09439,-4.743829],[-75.085032,-4.73919],[-75.075673,-4.739679],[-75.071401,-4.749363],[-75.070058,-4.760919],[-75.066151,-4.770196],[-75.059926,-4.776544],[-75.051503,-4.779962],[-75.033274,-4.77573],[-75.017445,-4.761244],[-75.003896,-4.746108],[-74.986806,-4.735772],[-74.973948,-4.721205],[-74.96524,-4.71795],[-74.933339,-4.715265],[-74.920522,-4.71795],[-74.886545,-4.733412],[-74.873199,-4.735854],[-74.892568,-4.703139],[-74.883616,-4.691095],[-74.864695,-4.683282],[-74.844838,-4.677586],[-74.810374,-4.656264],[-74.797556,-4.626153],[-74.789662,-4.590997],[-74.770334,-4.554701],[-74.753326,-4.542657],[-74.737864,-4.544122],[-74.722239,-4.550714],[-74.704905,-4.554701],[-74.701161,-4.550307],[-74.694814,-4.531101],[-74.690907,-4.526788],[-74.655385,-4.527765],[-74.64623,-4.526788],[-74.605214,-4.475518],[-74.600575,-4.465997],[-74.589508,-4.457533],[-74.577016,-4.453058],[-74.567698,-4.455092],[-74.560618,-4.466323],[-74.559885,-4.477065],[-74.560699,-4.48797],[-74.558095,-4.500014],[-74.541331,-4.5145],[-74.492055,-4.531915],[-74.48176,-4.544122],[-74.476959,-4.569838],[-74.463979,-4.581394],[-74.420277,-4.58823],[-74.399526,-4.597589],[-74.357655,-4.629246],[-74.34142,-4.636082],[-74.325347,-4.639174],[-74.276926,-4.663425],[-74.272125,-4.668308],[-74.267812,-4.674493],[-74.260976,-4.678725],[-74.248931,-4.677586],[-74.239247,-4.672052],[-74.2329,-4.6631],[-74.229482,-4.652195],[-74.228505,-4.639662],[-74.23058,-4.63006],[-74.23998,-4.609389],[-74.242136,-4.598484],[-74.239898,-4.586358],[-74.203765,-4.514825],[-74.189809,-4.503839],[-74.163319,-4.500014],[-74.141591,-4.501153],[-74.130483,-4.500339],[-74.122385,-4.496433],[-74.115142,-4.486179],[-74.111073,-4.476495],[-74.106557,-4.468764],[-74.098134,-4.464695],[-74.040273,-4.492039],[-74.029897,-4.48919],[-74.018666,-4.481134],[-73.993642,-4.480401],[-73.954742,-4.485772],[-73.917226,-4.500339],[-73.884511,-4.519952],[-73.857533,-4.546726],[-73.837473,-4.581964],[-73.826975,-4.610365],[-73.817616,-4.619073],[-73.799916,-4.62241],[-73.786692,-4.616062],[-73.777903,-4.602065],[-73.771677,-4.588311],[-73.766103,-4.581964],[-73.735178,-4.565606],[-73.721344,-4.560968],[-73.659983,-4.554701],[-73.619049,-4.54339],[-73.608144,-4.537286],[-73.559193,-4.485284],[-73.547678,-4.467462],[-73.531361,-4.454604],[-73.494944,-4.450372]]]}},{"type":"Feature","properties":{"dissolve":"184River","scalerank":5.0,"featurecla":"River","name":"Caquetá","name_alt":null,"rivernum":184,"note":null,"min_zoom":4.7,"name_en":"Caquetá","min_label":5.7},"bbox":[-76.546254,-1.534194,-69.454945,1.329861],"geometry":{"type":"MultiLineString","coordinates":[[[-76.533111,1.329861],[-76.520579,1.301459],[-76.516998,1.287706],[-76.516225,1.274604],[-76.520497,1.256944],[-76.537424,1.223456],[-76.54247,1.20543],[-76.546254,1.11754],[-76.536733,1.075548],[-76.512563,1.03852],[-76.492543,1.024604],[-76.42162,1.001776],[-76.381744,0.982774],[-76.351145,0.976874],[-76.20995,0.972113],[-76.194244,0.976508],[-76.184316,0.983181],[-76.175649,0.991075],[-76.16393,0.999579],[-76.148549,1.006863],[-76.136098,1.009467],[-76.103912,1.00788],[-76.086537,1.011298],[-76.078196,1.021348],[-76.072336,1.033555],[-76.062367,1.043158],[-76.047027,1.046454],[-76.033315,1.042996],[-76.005971,1.032009],[-75.987904,1.03144],[-75.949941,1.034735],[-75.932851,1.030707],[-75.917917,1.01907],[-75.914174,1.006903],[-75.914459,0.993272],[-75.911733,0.977118],[-75.899729,0.953681],[-75.84557,0.889472],[-75.828236,0.879462],[-75.787953,0.875596],[-75.768056,0.865831],[-75.749827,0.853461],[-75.732411,0.848171],[-75.713938,0.847683],[-75.645334,0.852973],[-75.600209,0.847357],[-75.559967,0.828559],[-75.498687,0.763536],[-75.459218,0.749376],[-75.373931,0.743964],[-75.317738,0.751329],[-75.298492,0.747016],[-75.274037,0.736192],[-75.26301,0.728868],[-75.254221,0.719021],[-75.250885,0.70893],[-75.252797,0.689561],[-75.251536,0.679633],[-75.242665,0.663764],[-75.219675,0.636013],[-75.212595,0.619452],[-75.212392,0.602484],[-75.218902,0.569648],[-75.216176,0.551825],[-75.202138,0.517768],[-75.186838,0.496161],[-75.164947,0.488471],[-75.131174,0.496365],[-75.106435,0.507351],[-75.095815,0.507392],[-75.081939,0.500556],[-75.079213,0.495307],[-75.076568,0.478705],[-75.072499,0.472927],[-75.063344,0.470526],[-75.053578,0.471951],[-75.034657,0.477118],[-74.996246,0.469916],[-74.98526,0.442328],[-74.991526,0.37519],[-74.989125,0.360785],[-74.975006,0.315497],[-74.97057,0.281562],[-74.962595,0.270779],[-74.919993,0.256659],[-74.855458,0.221869],[-74.742991,0.200263],[-74.707509,0.180772],[-74.683013,0.150906],[-74.676829,0.109687],[-74.683095,0.097846],[-74.692738,0.085639],[-74.695668,0.07453],[-74.681996,0.065497],[-74.66218,0.058783],[-74.658396,0.053778],[-74.663686,0.046007],[-74.677113,0.020046],[-74.682851,0.013536],[-74.684193,0.006212],[-74.672922,-0.01454],[-74.670766,-0.022922],[-74.668324,-0.040256],[-74.66393,-0.054172],[-74.657582,-0.05755],[-74.649485,-0.056573],[-74.633127,-0.059421],[-74.626047,-0.058974],[-74.618398,-0.059462],[-74.609771,-0.063613],[-74.604807,-0.071222],[-74.598256,-0.093276],[-74.592844,-0.102065],[-74.578725,-0.110365],[-74.559071,-0.116713],[-74.538808,-0.11948],[-74.522817,-0.117446],[-74.505116,-0.113132],[-74.495717,-0.11655],[-74.486643,-0.122573],[-74.469879,-0.125828],[-74.455637,-0.118829],[-74.446034,-0.0888],[-74.429758,-0.083022],[-74.413238,-0.090346],[-74.409047,-0.104994],[-74.407541,-0.121108],[-74.399566,-0.132338],[-74.383534,-0.132664],[-74.3485,-0.118504],[-74.327707,-0.122898],[-74.291575,-0.141534],[-74.282094,-0.149428],[-74.275543,-0.159194],[-74.273671,-0.166436],[-74.273101,-0.173842],[-74.26358,-0.20379],[-74.259185,-0.212823],[-74.251698,-0.221531],[-74.240549,-0.22796],[-74.232615,-0.226495],[-74.224965,-0.222345],[-74.214833,-0.22088],[-74.205637,-0.221043],[-74.19929,-0.220066],[-74.193023,-0.220554],[-74.183949,-0.224949],[-74.179636,-0.231785],[-74.17516,-0.251804],[-74.168935,-0.258315],[-74.150543,-0.258966],[-74.133778,-0.251153],[-74.116811,-0.246433],[-74.097971,-0.255711],[-74.044179,-0.296563],[-74.011545,-0.335138],[-73.989858,-0.349542],[-73.941762,-0.369806],[-73.865712,-0.392592],[-73.787424,-0.407403],[-73.770253,-0.406915],[-73.756459,-0.401788],[-73.728424,-0.386651],[-73.713816,-0.386733],[-73.695953,-0.393894],[-73.666697,-0.41253],[-73.661,-0.415053],[-73.655263,-0.41546],[-73.649526,-0.416681],[-73.643666,-0.421889],[-73.642445,-0.42905],[-73.645904,-0.447198],[-73.644154,-0.454278],[-73.640533,-0.45794],[-73.63683,-0.460382],[-73.633127,-0.462091],[-73.629303,-0.462823],[-73.617909,-0.462416],[-73.606679,-0.460789],[-73.595937,-0.462091],[-73.586171,-0.470636],[-73.574696,-0.499851],[-73.567047,-0.513523],[-73.554311,-0.520685],[-73.479197,-0.532729],[-73.434885,-0.528985],[-73.389068,-0.531427],[-73.367136,-0.527195],[-73.349558,-0.517755],[-73.340688,-0.510105],[-73.331899,-0.507338],[-73.314849,-0.512709],[-73.281077,-0.538507],[-73.244456,-0.575372],[-73.205637,-0.604832],[-73.165476,-0.608412],[-73.131459,-0.601007],[-73.104604,-0.60003],[-73.08141,-0.593601],[-73.058583,-0.569757],[-72.997548,-0.526707],[-72.884958,-0.601739],[-72.815541,-0.588556],[-72.779408,-0.564467],[-72.749989,-0.559259],[-72.720815,-0.571629],[-72.615834,-0.656915],[-72.590566,-0.673028],[-72.564565,-0.684991],[-72.549875,-0.683282],[-72.53954,-0.670343],[-72.526601,-0.648614],[-72.478505,-0.594089],[-72.446767,-0.566908],[-72.421986,-0.556573],[-72.390492,-0.574884],[-72.359771,-0.606459],[-72.324656,-0.629327],[-72.279978,-0.62127],[-72.254384,-0.599623],[-72.229237,-0.572768],[-72.202138,-0.550144],[-72.170806,-0.54103],[-72.136098,-0.55519],[-72.117258,-0.587742],[-72.104888,-0.626886],[-72.061431,-0.724786],[-72.044016,-0.7492],[-72.009958,-0.764174],[-71.972035,-0.767592],[-71.939809,-0.766778],[-71.908274,-0.77044],[-71.829335,-0.813816],[-71.810292,-0.829034],[-71.79662,-0.849298],[-71.794504,-0.85825],[-71.793609,-0.878432],[-71.791249,-0.888198],[-71.784779,-0.898777],[-71.756988,-0.931166],[-71.724192,-0.947768],[-71.679758,-0.945001],[-71.595937,-0.925226],[-71.53661,-0.944757],[-71.56314,-1.076511],[-71.509511,-1.116876],[-71.478505,-1.117852],[-71.444163,-1.11419],[-71.40982,-1.105808],[-71.378977,-1.093113],[-71.326772,-1.056573],[-71.296742,-1.042006],[-71.26358,-1.036635],[-71.220123,-1.039565],[-71.176869,-1.050795],[-71.135935,-1.071466],[-71.098622,-1.098565],[-71.06607,-1.129408],[-70.98884,-1.228692],[-70.954742,-1.251886],[-70.920725,-1.258722],[-70.844879,-1.261244],[-70.814076,-1.274591],[-70.802113,-1.289076],[-70.782867,-1.321629],[-70.670033,-1.397312],[-70.653798,-1.402683],[-70.646352,-1.400323],[-70.638173,-1.392999],[-70.619862,-1.383803],[-70.594472,-1.380304],[-70.571156,-1.385919],[-70.55016,-1.398614],[-70.531484,-1.415541],[-70.511342,-1.439955],[-70.500559,-1.446303],[-70.482493,-1.447931],[-70.46231,-1.44378],[-70.40331,-1.415053],[-70.313344,-1.409356],[-70.236806,-1.449395],[-70.163564,-1.50213],[-70.083485,-1.534194],[-70.016672,-1.515558],[-69.976552,-1.454767],[-69.913401,-1.258233],[-69.888051,-1.217787],[-69.851877,-1.194675],[-69.799428,-1.196629],[-69.77009,-1.209649],[-69.72761,-1.24627],[-69.702707,-1.263604],[-69.6787,-1.271336],[-69.648997,-1.274428],[-69.592885,-1.271498],[-69.504628,-1.214776],[-69.454945,-1.199884]]]}},{"type":"Feature","properties":{"dissolve":"185River","scalerank":5.0,"featurecla":"River","name":"Holston","name_alt":null,"rivernum":185,"note":null,"min_zoom":4.7,"name_en":"Holston","min_label":5.7},"bbox":[-83.980051,35.870144,-81.419586,37.009141],"geometry":{"type":"MultiLineString","coordinates":[[[-81.419586,37.009141],[-81.446523,36.982733],[-81.453847,36.97724],[-81.462595,36.974473],[-81.535308,36.973741],[-81.552235,36.971055],[-81.571767,36.962755],[-81.581125,36.96015],[-81.625315,36.961697],[-81.651682,36.953437],[-81.704213,36.925238],[-81.743235,36.902289],[-81.758656,36.89643],[-81.774729,36.892605],[-81.790273,36.891181],[-81.803782,36.88699],[-81.833323,36.868028],[-81.841786,36.863227],[-82.042063,36.793321],[-82.102773,36.776068],[-82.22643,36.729071],[-82.249582,36.726671],[-82.270741,36.721951],[-82.31078,36.699774],[-82.32844,36.692572],[-82.339955,36.691474],[-82.35676,36.693386],[-82.363149,36.692572],[-82.371938,36.686306],[-82.389475,36.668809],[-82.400095,36.665229],[-82.420033,36.661973],[-82.486073,36.637885],[-82.564524,36.620795],[-82.589101,36.609971],[-82.607981,36.590196],[-82.627797,36.545681],[-82.650502,36.528022],[-82.690826,36.514431],[-82.6905,36.511054],[-82.686391,36.505886],[-82.68456,36.499701],[-82.690826,36.493272],[-82.69929,36.492011],[-82.706858,36.494818],[-82.71345,36.498725],[-82.718821,36.5008],[-82.744944,36.500027],[-82.75475,36.497829],[-82.767201,36.493272],[-82.781484,36.482937],[-82.787709,36.4796],[-82.795237,36.479031],[-82.80012,36.481798],[-82.805572,36.483507],[-82.815012,36.4796],[-82.79719,36.45954],[-82.814687,36.456814],[-82.8426,36.462185],[-82.855946,36.46662],[-82.886708,36.428778],[-82.895741,36.423122],[-82.920766,36.416083],[-82.931711,36.411404],[-82.963938,36.386908],[-82.981313,36.377061],[-83.006825,36.369737],[-83.045766,36.365302],[-83.066762,36.367784],[-83.081899,36.377265],[-83.114858,36.363389],[-83.132639,36.358588],[-83.147084,36.356757],[-83.164784,36.351264],[-83.182118,36.324774],[-83.199208,36.315212],[-83.223256,36.303046],[-83.23644,36.30154],[-83.287343,36.30154],[-83.316721,36.293158],[-83.370473,36.26789],[-83.431752,36.223171],[-83.43814,36.216498],[-83.464996,36.179796],[-83.472971,36.17182],[-83.501943,36.166693],[-83.557281,36.180691],[-83.582834,36.17182],[-83.581939,36.16413],[-83.590932,36.155137],[-83.605092,36.147569],[-83.634104,36.142279],[-83.636098,36.136013],[-83.632558,36.126085],[-83.629994,36.113145],[-83.634389,36.103298],[-83.644114,36.1081],[-83.653717,36.118028],[-83.657867,36.123358],[-83.670888,36.125067],[-83.676015,36.120388],[-83.673736,36.110297],[-83.664703,36.096055],[-83.69579,36.103542],[-83.70523,36.099799],[-83.704254,36.091335],[-83.699818,36.081977],[-83.698842,36.075548],[-83.712392,36.065456],[-83.726145,36.063056],[-83.74177,36.063503],[-83.760935,36.061957],[-83.789377,36.051459],[-83.81428,36.034247],[-83.853017,35.998603],[-83.84911,35.986192],[-83.860463,35.9713],[-83.872914,35.960883],[-83.888173,35.954698],[-83.907786,35.952704],[-83.911977,35.951361],[-83.934397,35.938178],[-83.939036,35.939805],[-83.943674,35.943305],[-83.94933,35.945258],[-83.957997,35.942491],[-83.967763,35.936306],[-83.975982,35.929389],[-83.980051,35.92475],[-83.977447,35.911973],[-83.963694,35.877265],[-83.969472,35.870144]]]}},{"type":"Feature","properties":{"dissolve":"187River","scalerank":5.0,"featurecla":"River","name":"Fraser","name_alt":null,"rivernum":187,"note":null,"min_zoom":4.7,"name_en":"Fraser","min_label":5.7},"bbox":[-123.040598,49.113227,-118.319,54.260077],"geometry":{"type":"MultiLineString","coordinates":[[[-118.319,52.521999],[-118.33373,52.543891],[-118.339467,52.549262],[-118.368398,52.566677],[-118.572255,52.762152],[-118.587473,52.777777],[-118.595611,52.788153],[-118.598988,52.801703],[-118.599599,52.827012],[-118.610666,52.845323],[-118.911204,52.95246],[-118.921702,52.953966],[-118.931711,52.957099],[-118.955474,52.971259],[-118.96642,52.974433],[-118.969309,52.975857],[-118.982533,52.988715],[-118.991078,53.000352],[-118.997792,53.006171],[-119.050689,53.029161],[-119.080881,53.033881],[-119.156402,53.034003],[-119.183217,53.041571],[-119.197499,53.04267],[-119.222076,53.036933],[-119.291371,53.002387],[-119.346059,52.985541],[-119.402577,52.974433],[-119.458119,52.971706],[-119.475657,52.974392],[-119.488881,52.98017],[-119.512074,52.994981],[-119.525746,52.998318],[-119.538808,52.999579],[-119.549794,53.002956],[-119.559885,53.008857],[-119.570058,53.018134],[-119.568105,53.032416],[-119.581532,53.043158],[-119.602162,53.049872],[-119.621653,53.052191],[-119.639719,53.051581],[-119.648793,53.052558],[-119.652659,53.055935],[-119.65567,53.069037],[-119.663726,53.07213],[-119.674713,53.071479],[-119.686838,53.07335],[-119.84439,53.1553],[-119.848378,53.154079],[-119.851308,53.150214],[-119.855051,53.147895],[-119.865142,53.154405],[-119.877309,53.160346],[-119.916331,53.169135],[-119.923248,53.172309],[-119.940012,53.196234],[-119.960357,53.201972],[-120.006825,53.205024],[-120.02538,53.213568],[-120.06192,53.250434],[-120.070953,53.257676],[-120.092926,53.267198],[-120.124338,53.304145],[-120.163075,53.319932],[-120.208974,53.353705],[-120.234853,53.361355],[-120.264394,53.364691],[-120.288971,53.373725],[-120.41983,53.44949],[-120.414947,53.461046],[-120.418935,53.468451],[-120.428538,53.473253],[-120.440297,53.477403],[-120.448313,53.478624],[-120.466176,53.477118],[-120.474477,53.477403],[-120.480336,53.48017],[-120.492421,53.489081],[-120.498647,53.491034],[-120.526275,53.495551],[-120.537587,53.507514],[-120.544016,53.524929],[-120.556996,53.545681],[-120.578114,53.553534],[-120.623443,53.546332],[-120.632069,53.55622],[-120.628529,53.571112],[-120.632883,53.577257],[-120.664296,53.580837],[-120.672597,53.584255],[-120.692372,53.607978],[-120.700754,53.621609],[-120.707834,53.62755],[-120.722646,53.63349],[-120.75064,53.635525],[-120.762441,53.63821],[-120.831532,53.680609],[-120.858632,53.689724],[-120.878,53.690741],[-120.886464,53.692084],[-120.89273,53.696479],[-120.89387,53.702501],[-120.891021,53.709011],[-120.887359,53.714423],[-120.885976,53.717597],[-120.897939,53.73489],[-120.899648,53.741156],[-120.906077,53.743272],[-120.944244,53.737494],[-120.953847,53.740668],[-120.988393,53.758612],[-121.058217,53.764106],[-121.077748,53.771593],[-121.069081,53.789618],[-121.085846,53.789984],[-121.125559,53.779079],[-121.135121,53.784532],[-121.163401,53.816596],[-121.172515,53.820258],[-121.195872,53.81391],[-121.207509,53.813178],[-121.215199,53.817654],[-121.224965,53.830878],[-121.232004,53.833686],[-121.235585,53.835801],[-121.240468,53.840522],[-121.255849,53.847357],[-121.267445,53.846544],[-121.283518,53.83747],[-121.290028,53.82685],[-121.302113,53.835883],[-121.312815,53.848212],[-121.322336,53.856635],[-121.330963,53.854112],[-121.350209,53.863837],[-121.36148,53.875312],[-121.373931,53.884955],[-121.396474,53.888943],[-121.40217,53.890937],[-121.405019,53.895453],[-121.406972,53.899929],[-121.40982,53.901923],[-121.417104,53.901068],[-121.43399,53.895087],[-121.434722,53.890652],[-121.444488,53.881944],[-121.455881,53.879096],[-121.461334,53.892035],[-121.473134,53.908881],[-121.500356,53.915147],[-121.550689,53.915595],[-121.598704,53.925401],[-121.646881,53.943549],[-121.646881,53.950385],[-121.634348,53.961615],[-121.64509,53.976752],[-121.666982,53.99079],[-121.687896,53.998806],[-121.658925,54.007025],[-121.653147,54.011786],[-121.656117,54.021064],[-121.667348,54.026679],[-121.68163,54.029486],[-121.693715,54.030219],[-121.702748,54.033311],[-121.716176,54.046983],[-121.727528,54.050116],[-121.739654,54.046088],[-121.746002,54.038275],[-121.752838,54.032986],[-121.766265,54.036444],[-121.773508,54.04324],[-121.786285,54.063544],[-121.79304,54.071234],[-121.803049,54.076687],[-121.825592,54.085557],[-121.858144,54.108466],[-121.904286,54.123155],[-121.923329,54.132636],[-121.962758,54.167304],[-121.985422,54.181586],[-122.128814,54.200303],[-122.135406,54.20539],[-122.137115,54.211249],[-122.139882,54.217068],[-122.149892,54.222032],[-122.157704,54.221544],[-122.193959,54.214545],[-122.255727,54.214545],[-122.272125,54.216661],[-122.282582,54.221991],[-122.290761,54.228705],[-122.300771,54.235053],[-122.329986,54.247992],[-122.364084,54.258612],[-122.397857,54.260077],[-122.426747,54.245632],[-122.442738,54.235216],[-122.460317,54.231716],[-122.498687,54.228217],[-122.510081,54.223578],[-122.546498,54.200303],[-122.537913,54.190253],[-122.536488,54.179307],[-122.542795,54.170478],[-122.557118,54.166815],[-122.561879,54.166327],[-122.566029,54.16474],[-122.569569,54.162055],[-122.575592,54.153428],[-122.578277,54.150458],[-122.581899,54.148139],[-122.587636,54.145575],[-122.586578,54.136542],[-122.579172,54.12995],[-122.569081,54.126085],[-122.559885,54.125067],[-122.559071,54.11579],[-122.560699,54.105089],[-122.564443,54.094916],[-122.569692,54.087429],[-122.579172,54.081977],[-122.600819,54.07449],[-122.608225,54.067206],[-122.60969,54.063178],[-122.61144,54.054633],[-122.613108,54.050482],[-122.615631,54.046942],[-122.618723,54.043891],[-122.625803,54.038845],[-122.664784,54.022284],[-122.673411,54.013536],[-122.674794,54.005642],[-122.67219,53.99787],[-122.667307,53.990749],[-122.662099,53.984687],[-122.70401,53.978054],[-122.71052,53.974718],[-122.706614,53.963568],[-122.692372,53.947089],[-122.693105,53.940619],[-122.716298,53.923692],[-122.736806,53.912543],[-122.750071,53.897406],[-122.751454,53.868598],[-122.715972,53.76321],[-122.717152,53.725898],[-122.721425,53.717108],[-122.733306,53.699408],[-122.734771,53.690212],[-122.730621,53.682685],[-122.71581,53.671332],[-122.711252,53.663886],[-122.711903,53.654079],[-122.720286,53.635932],[-122.720774,53.624701],[-122.717681,53.610541],[-122.71935,53.595404],[-122.72232,53.585639],[-122.725901,53.578437],[-122.727366,53.570583],[-122.72411,53.558661],[-122.678049,53.515692],[-122.685658,53.49254],[-122.675201,53.467353],[-122.659291,53.443549],[-122.650502,53.424872],[-122.657216,53.404853],[-122.676259,53.397244],[-122.776723,53.396999],[-122.804677,53.393134],[-122.827992,53.383979],[-122.886057,53.321845],[-122.882314,53.317979],[-122.8697,53.300605],[-122.863108,53.288398],[-122.853586,53.283962],[-122.832265,53.278917],[-122.809438,53.270209],[-122.794545,53.261583],[-122.783193,53.249823],[-122.73412,53.181912],[-122.71935,53.165961],[-122.700754,53.155788],[-122.655995,53.148749],[-122.63679,53.138983],[-122.621449,53.128119],[-122.56664,53.103339],[-122.558013,53.097276],[-122.556264,53.091132],[-122.559682,53.084418],[-122.566721,53.076728],[-122.561879,53.071967],[-122.550445,53.065538],[-122.545155,53.061632],[-122.541331,53.057196],[-122.538319,53.052029],[-122.533762,53.040717],[-122.517568,52.977322],[-122.489654,52.93004],[-122.458892,52.895372],[-122.447825,52.876532],[-122.44933,52.853095],[-122.462758,52.828681],[-122.464345,52.821316],[-122.464263,52.814521],[-122.462758,52.800564],[-122.463206,52.792589],[-122.469594,52.772162],[-122.470815,52.764472],[-122.474273,52.693061],[-122.477691,52.678005],[-122.479237,52.674425],[-122.483754,52.667914],[-122.485748,52.664415],[-122.488026,52.654364],[-122.485992,52.646186],[-122.47761,52.629462],[-122.475087,52.611925],[-122.482777,52.580268],[-122.484486,52.563585],[-122.479604,52.550971],[-122.469472,52.543158],[-122.457387,52.536811],[-122.446645,52.528876],[-122.440175,52.518175],[-122.433583,52.494574],[-122.428293,52.483751],[-122.39509,52.436347],[-122.387359,52.419216],[-122.379994,52.392279],[-122.374135,52.379828],[-122.364491,52.370673],[-122.35261,52.365668],[-122.326568,52.358995],[-122.308176,52.352118],[-122.301829,52.3487],[-122.296132,52.34455],[-122.2919,52.339301],[-122.289866,52.332587],[-122.290679,52.327175],[-122.29247,52.321804],[-122.293202,52.315538],[-122.29186,52.309638],[-122.282135,52.295233],[-122.279205,52.288153],[-122.277577,52.280707],[-122.276763,52.196479],[-122.288889,52.147732],[-122.290395,52.12877],[-122.286977,52.11046],[-122.268666,52.050889],[-122.26769,52.042019],[-122.263417,52.025946],[-122.262441,52.016466],[-122.264556,52.007758],[-122.273997,51.996894],[-122.276112,51.988837],[-122.273061,51.970649],[-122.2683,51.960476],[-122.268178,51.950751],[-122.299306,51.910224],[-122.311879,51.900743],[-122.327016,51.896999],[-122.34789,51.89411],[-122.371083,51.886542],[-122.386952,51.875434],[-122.385976,51.862169],[-122.399078,51.843695],[-122.406565,51.810167],[-122.409088,51.776719],[-122.407704,51.758246],[-122.381459,51.734646],[-122.364084,51.722195],[-122.358957,51.715277],[-122.341461,51.683376],[-122.329823,51.671007],[-122.325307,51.662543],[-122.326039,51.65351],[-122.32787,51.64407],[-122.326731,51.634548],[-122.281117,51.556342],[-122.276845,51.543402],[-122.277211,51.516628],[-122.274159,51.50788],[-122.269439,51.50141],[-122.240875,51.471137],[-122.229482,51.455593],[-122.221425,51.438585],[-122.22057,51.422065],[-122.227773,51.39114],[-122.238108,51.3664],[-122.243072,51.34748],[-122.243479,51.328681],[-122.236155,51.313178],[-122.228017,51.306342],[-122.200917,51.289252],[-122.194447,51.281765],[-122.181711,51.255398],[-122.17634,51.246894],[-122.157216,51.225531],[-122.153635,51.218533],[-122.148752,51.20364],[-122.14509,51.196641],[-122.13858,51.189399],[-122.130605,51.183865],[-122.121693,51.179755],[-122.064605,51.163113],[-122.051625,51.154649],[-122.044789,51.145697],[-122.040761,51.136908],[-122.035878,51.128689],[-122.026479,51.121649],[-121.978668,51.100043],[-121.964345,51.090033],[-121.951161,51.072211],[-121.926503,51.020209],[-121.923329,51.008124]],[[-121.923329,51.008124],[-121.917144,51.008124]],[[-121.923329,51.008124],[-121.90567,50.999945],[-121.88679,50.984483],[-121.870758,50.965277],[-121.861928,50.946072],[-121.861236,50.923163],[-121.872467,50.879218],[-121.878245,50.827582],[-121.875559,50.815741],[-121.869211,50.805854],[-121.851796,50.791205],[-121.848256,50.784695],[-121.845448,50.767646],[-121.848948,50.764512],[-121.861928,50.761054],[-121.874989,50.759467],[-121.885894,50.76142],[-121.909739,50.774726],[-121.925649,50.760932],[-121.928822,50.739814],[-121.923329,50.695868],[-121.917958,50.677354],[-121.905019,50.663113],[-121.875559,50.637519],[-121.84675,50.601386],[-121.77359,50.530707],[-121.753774,50.521186],[-121.744618,50.514024],[-121.700551,50.4383],[-121.686594,50.429063],[-121.680735,50.407416],[-121.67634,50.363837],[-121.657704,50.332302],[-121.599477,50.266466],[-121.580719,50.232856],[-121.578928,50.218288],[-121.58141,50.186957],[-121.580719,50.172065],[-121.560211,50.109931],[-121.551096,50.063096],[-121.54662,50.048529],[-121.537709,50.033393],[-121.528554,50.023505],[-121.521474,50.013129],[-121.515492,49.982204],[-121.507314,49.969672],[-121.484771,49.949652],[-121.46581,49.936713],[-121.456776,49.929023],[-121.450754,49.920111],[-121.447743,49.905707],[-121.445424,49.788275],[-121.43871,49.772895],[-121.429311,49.75849],[-121.423899,49.74372],[-121.428863,49.726874],[-121.424224,49.725613],[-121.434641,49.707343],[-121.439565,49.689154],[-121.43871,49.670356],[-121.431549,49.650499],[-121.418813,49.626288],[-121.413808,49.613552],[-121.411733,49.600165],[-121.413726,49.588813],[-121.430816,49.560248],[-121.433339,49.55036],[-121.432932,49.540798],[-121.426625,49.51081],[-121.427113,49.501247],[-121.435536,49.469835],[-121.43692,49.45836],[-121.436187,49.434597],[-121.44343,49.403266],[-121.466461,49.384548],[-121.497914,49.376044],[-121.530141,49.375556],[-121.549184,49.377305],[-121.558217,49.376736],[-121.567372,49.373603],[-121.599843,49.351426],[-121.628326,49.337836],[-121.636586,49.330756],[-121.655588,49.309638],[-121.684967,49.29206],[-121.691274,49.284247],[-121.695424,49.271674],[-121.699574,49.24018],[-121.703603,49.230902],[-121.721262,49.214911],[-121.742665,49.208808],[-121.8426,49.209174],[-121.890004,49.219428],[-121.905914,49.218858],[-122.000111,49.201483],[-122.059722,49.179389],[-122.199818,49.167914],[-122.213124,49.163886],[-122.232045,49.151964],[-122.313832,49.117377],[-122.330922,49.113227],[-122.347808,49.114814],[-122.364125,49.124213],[-122.397572,49.152655],[-122.416249,49.163926],[-122.437245,49.170844],[-122.462961,49.173407],[-122.54308,49.170844],[-122.565012,49.176947],[-122.595041,49.204617],[-122.615387,49.21247],[-122.640452,49.209581],[-122.683461,49.189399],[-122.707875,49.184516],[-122.715647,49.188015],[-122.735015,49.204047],[-122.738922,49.209052],[-122.745351,49.215155],[-122.759836,49.22016],[-122.786733,49.22545],[-122.835113,49.226182],[-122.861887,49.222968],[-122.878896,49.215888],[-122.886952,49.209906],[-122.905385,49.200954],[-122.913401,49.195095],[-122.930979,49.177558],[-122.940419,49.169989],[-122.951243,49.164008],[-122.972768,49.15998],[-123.024241,49.157782],[-123.040598,49.150987]]]}},{"type":"Feature","properties":{"dissolve":"190River","scalerank":5.0,"featurecla":"River","name":"Juruena","name_alt":null,"rivernum":190,"note":null,"min_zoom":4.7,"name_en":"Juruena","min_label":5.7},"bbox":[-59.090566,-14.531671,-58.618153,-10.97503],"geometry":{"type":"MultiLineString","coordinates":[[[-59.070139,-14.531671],[-59.070139,-14.452813],[-59.066884,-14.447117],[-59.052846,-14.435235],[-59.049631,-14.425795],[-59.05134,-14.391046],[-59.049631,-14.380792],[-59.027333,-14.339044],[-59.025095,-14.320001],[-59.039052,-14.295099],[-59.058949,-14.276381],[-59.066884,-14.266453],[-59.070139,-14.253839],[-59.069,-14.220229],[-59.070139,-14.209487],[-59.088246,-14.148126],[-59.090566,-14.123875],[-59.082834,-14.056166],[-59.076975,-14.03753],[-59.073638,-14.035984],[-59.067209,-14.03338],[-59.060496,-14.029799],[-59.056467,-14.025079],[-59.056304,-14.018243],[-59.059071,-14.012872],[-59.062408,-14.008315],[-59.063873,-14.004083],[-59.058217,-13.993015],[-59.034901,-13.970717],[-59.029652,-13.959649],[-59.015736,-13.40545],[-59.011952,-13.390802],[-58.975331,-13.335463],[-58.954539,-13.294448],[-58.941884,-13.250339],[-58.933461,-12.945489],[-58.93692,-12.928725],[-58.940297,-12.918145],[-58.944,-12.911635],[-58.946848,-12.901788],[-58.940907,-12.889174],[-58.926015,-12.867039],[-58.924713,-12.845147],[-58.935902,-12.798761],[-58.936879,-12.787774],[-58.929677,-12.768976],[-58.933705,-12.746921],[-58.947743,-12.714858],[-58.952626,-12.695245],[-58.954945,-12.672703],[-58.952748,-12.651707],[-58.933095,-12.618097],[-58.933013,-12.595717],[-58.940297,-12.557794],[-58.934071,-12.518731],[-58.928456,-12.498468],[-58.922922,-12.489597],[-58.921539,-12.477716],[-58.885081,-12.413914],[-58.885487,-12.406183],[-58.891103,-12.384129],[-58.892486,-12.373468],[-58.891428,-12.363458],[-58.88622,-12.34116],[-58.885081,-12.32879],[-58.888824,-12.304539],[-58.904164,-12.263523],[-58.905588,-12.242608],[-58.896311,-12.221368],[-58.865102,-12.188979],[-58.858388,-12.177911],[-58.857249,-12.151381],[-58.851755,-12.136733],[-58.839019,-12.126316],[-58.816151,-12.112237],[-58.805002,-12.10296],[-58.791697,-12.088881],[-58.780507,-12.073663],[-58.775787,-12.060968],[-58.771474,-12.036635],[-58.76065,-12.023289],[-58.747304,-12.012384],[-58.734853,-11.996108],[-58.713735,-11.917006],[-58.710601,-11.895847],[-58.699208,-11.858901],[-58.700103,-11.839044],[-58.695709,-11.814793],[-58.721588,-11.752293],[-58.727406,-11.722345],[-58.720937,-11.69256],[-58.706654,-11.6513],[-58.686594,-11.614679],[-58.65453,-11.593601],[-58.644602,-11.580743],[-58.636057,-11.564874],[-58.631825,-11.55047],[-58.632924,-11.53224],[-58.643015,-11.502455],[-58.648061,-11.412449],[-58.640696,-11.377455],[-58.618153,-11.358738],[-58.632314,-11.345066],[-58.67691,-11.334405],[-58.686431,-11.320815],[-58.686431,-11.287042],[-58.684316,-11.281183],[-58.674916,-11.267918],[-58.67276,-11.259698],[-58.669667,-11.253432],[-58.655995,-11.235365],[-58.652943,-11.225518],[-58.66218,-11.144057],[-58.667348,-11.126397],[-58.686025,-11.110691],[-58.692454,-11.090997],[-58.695139,-11.068211],[-58.693918,-11.050795],[-58.686757,-11.030776],[-58.659088,-10.97503]]]}},{"type":"Feature","properties":{"dissolve":"192River","scalerank":5.0,"featurecla":"River","name":"Colorado","name_alt":null,"rivernum":192,"note":null,"min_zoom":4.7,"name_en":"Colorado","min_label":5.7},"bbox":[-70.301991,-39.821791,-62.308746,-35.288018],"geometry":{"type":"MultiLineString","coordinates":[[[-70.301991,-35.288018],[-70.299916,-35.329034],[-70.261057,-35.432631],[-70.250722,-35.485203],[-70.242421,-35.51157],[-70.223256,-35.543471],[-70.216054,-35.57464],[-70.209543,-35.586602],[-70.197865,-35.600112],[-70.18932,-35.613946],[-70.182932,-35.628432],[-70.177887,-35.644382],[-70.197581,-35.655694],[-70.202992,-35.672377],[-70.196685,-35.691339],[-70.175201,-35.71795],[-70.173004,-35.723158],[-70.168446,-35.726007],[-70.142201,-35.728204],[-70.12975,-35.731296],[-70.118642,-35.735691],[-70.110219,-35.740574],[-70.096832,-35.75685],[-70.086497,-35.79461],[-70.072377,-35.813165],[-70.061106,-35.819513],[-70.051422,-35.820001],[-70.031077,-35.816339],[-70.022043,-35.818536],[-70.013987,-35.823907],[-70.000356,-35.836114],[-69.99592,-35.83823],[-69.984446,-35.841485],[-69.979848,-35.843601],[-69.977366,-35.846856],[-69.974273,-35.854994],[-69.973012,-35.857273],[-69.96231,-35.862481],[-69.950754,-35.866713],[-69.939158,-35.86948],[-69.928334,-35.870294],[-69.842681,-35.864109],[-69.814036,-35.867608],[-69.796335,-35.875828],[-69.764231,-35.908543],[-69.752105,-35.928399],[-69.750234,-35.949233],[-69.753285,-35.993829],[-69.748158,-36.008152],[-69.72997,-36.037286],[-69.725982,-36.059259],[-69.724477,-36.083998],[-69.720204,-36.104669],[-69.691884,-36.181655],[-69.682973,-36.194675],[-69.668284,-36.210463],[-69.660512,-36.227879],[-69.660553,-36.251153],[-69.671376,-36.296075],[-69.693959,-36.333022],[-69.702097,-36.355645],[-69.695302,-36.374933],[-69.687571,-36.389337],[-69.684438,-36.410089],[-69.685048,-36.453139],[-69.687856,-36.472019],[-69.687978,-36.481785],[-69.685048,-36.494643],[-69.667592,-36.527358],[-69.665151,-36.539076],[-69.667388,-36.559096],[-69.673248,-36.579767],[-69.681793,-36.597833],[-69.691884,-36.610772],[-69.698842,-36.613214],[-69.718984,-36.615086],[-69.725982,-36.617608],[-69.736887,-36.645522],[-69.748362,-36.654311],[-69.760365,-36.674249],[-69.774403,-36.706964],[-69.793568,-36.808933],[-69.794911,-36.84474],[-69.790273,-36.863295],[-69.787953,-36.905694],[-69.781239,-36.919285],[-69.785837,-36.92962],[-69.786041,-36.949233],[-69.788075,-36.9603],[-69.794911,-36.970717],[-69.812489,-36.987156],[-69.816029,-36.997491],[-69.809967,-37.011244],[-69.738352,-37.08644],[-69.703481,-37.112237],[-69.623606,-37.152683],[-69.581736,-37.165379],[-69.531117,-37.173761],[-69.478749,-37.176609],[-69.30248,-37.149835],[-69.260487,-37.152683],[-69.196156,-37.176446],[-69.154775,-37.182794],[-69.106801,-37.198582],[-69.088531,-37.207208],[-69.061147,-37.236179],[-69.039133,-37.312433],[-69.020253,-37.344415],[-68.985219,-37.363946],[-68.936025,-37.376153],[-68.884389,-37.381199],[-68.756825,-37.371759],[-68.73648,-37.379408],[-68.698354,-37.415216],[-68.678293,-37.426283],[-68.667958,-37.427423],[-68.636098,-37.426283],[-68.624867,-37.429376],[-68.602651,-37.438653],[-68.59203,-37.440606],[-68.526112,-37.441339],[-68.506947,-37.447442],[-68.492747,-37.460382],[-68.461985,-37.512058],[-68.443512,-37.529636],[-68.427642,-37.537937],[-67.850453,-37.600274],[-67.807485,-37.618178],[-67.777984,-37.6395],[-67.748687,-37.669122],[-67.724924,-37.702488],[-67.711903,-37.734796],[-67.710601,-37.780125],[-67.723785,-37.816908],[-67.748036,-37.845392],[-67.816274,-37.883315],[-67.848378,-37.907892],[-67.870229,-37.941827],[-67.875722,-37.988702],[-67.871816,-38.007338],[-67.864084,-38.029799],[-67.8544,-38.049005],[-67.845041,-38.05698],[-67.839263,-38.059096],[-67.821848,-38.068536],[-67.810902,-38.070652],[-67.785024,-38.063653],[-67.773305,-38.063165],[-67.734609,-38.076023],[-67.7058,-38.1006],[-67.651316,-38.191583],[-67.624867,-38.222345],[-67.592152,-38.247247],[-67.554189,-38.261733],[-67.477854,-38.257826],[-67.451975,-38.247084],[-67.376088,-38.255548],[-67.351064,-38.250177],[-67.305409,-38.226739],[-67.220896,-38.213311],[-67.197906,-38.214695],[-67.176747,-38.22267],[-67.166493,-38.235691],[-67.163319,-38.252455],[-67.163197,-38.272963],[-67.159535,-38.28517],[-67.135854,-38.33823],[-67.09911,-38.38006],[-67.085601,-38.390639],[-67.069936,-38.409112],[-67.063873,-38.413263],[-67.053293,-38.414565],[-66.953521,-38.457533],[-66.908396,-38.464858],[-66.878041,-38.48325],[-66.855336,-38.488946],[-66.806874,-38.495131],[-66.771718,-38.513523],[-66.762563,-38.51629],[-66.7565,-38.519464],[-66.738515,-38.533624],[-66.728668,-38.536798],[-66.68399,-38.543634],[-66.648061,-38.55755],[-66.616933,-38.579522],[-66.593617,-38.607354],[-66.580963,-38.638604],[-66.57372,-38.685073],[-66.562082,-38.701593],[-66.53661,-38.708022],[-66.510325,-38.710463],[-66.391957,-38.734226],[-66.347646,-38.734877],[-66.215403,-38.716729],[-65.960317,-38.742201],[-65.949818,-38.74448],[-65.928782,-38.753757],[-65.902455,-38.757501],[-65.868398,-38.769464],[-65.826527,-38.773289],[-65.81314,-38.7763],[-65.803538,-38.781427],[-65.785268,-38.794285],[-65.775624,-38.796808],[-65.734364,-38.796808],[-65.718861,-38.799819],[-65.707102,-38.806492],[-65.697743,-38.813653],[-65.689687,-38.817885],[-65.670522,-38.817315],[-65.648915,-38.809991],[-65.628082,-38.798761],[-65.61144,-38.786961],[-65.590159,-38.77752],[-65.5631,-38.775893],[-65.511545,-38.783705],[-65.423695,-38.811537],[-65.386708,-38.832045],[-65.367543,-38.838393],[-65.357655,-38.836928],[-65.313547,-38.824151],[-65.261586,-38.825535],[-65.114329,-38.803643],[-64.977691,-38.803643]],[[-64.970326,-38.803643],[-64.943593,-38.818699],[-64.872222,-38.809584],[-64.840566,-38.817885],[-64.821034,-38.810479],[-64.542348,-38.852065],[-64.471588,-38.853855],[-64.146474,-38.949395],[-64.073964,-38.987319],[-64.057444,-38.993666],[-64.010365,-38.999933],[-63.994578,-39.00978],[-63.908315,-39.092299],[-63.888254,-39.099786],[-63.819569,-39.112156],[-63.782297,-39.128432],[-63.768137,-39.138116],[-63.754058,-39.149916],[-63.728342,-39.183038],[-63.711374,-39.200209],[-63.675649,-39.21323],[-63.545155,-39.28338],[-63.51651,-39.306085],[-63.478139,-39.318536],[-63.295033,-39.338067],[-63.276031,-39.344578],[-63.222483,-39.385919],[-63.200551,-39.390964],[-63.150299,-39.393976],[-63.121897,-39.408543],[-63.098948,-39.41253],[-63.089589,-39.417332],[-63.066151,-39.438165],[-63.058583,-39.44728],[-63.053293,-39.457208],[-63.050933,-39.465753],[-63.047353,-39.473647],[-63.038075,-39.48211],[-63.029164,-39.486342],[-63.019032,-39.488621],[-62.901519,-39.495782],[-62.871571,-39.507745],[-62.859975,-39.509291],[-62.848541,-39.507257],[-62.827138,-39.497898],[-62.815907,-39.495782],[-62.789866,-39.497979],[-62.728993,-39.516778],[-62.585927,-39.537042],[-62.544667,-39.557143],[-62.491811,-39.603692],[-62.483225,-39.616143],[-62.468455,-39.674168],[-62.462066,-39.688165],[-62.449208,-39.70086],[-62.417551,-39.720554],[-62.404612,-39.733575],[-62.400746,-39.741143],[-62.395741,-39.755385],[-62.390452,-39.762221],[-62.352406,-39.785984],[-62.335398,-39.800144],[-62.325999,-39.805515],[-62.315419,-39.809747],[-62.308746,-39.821791]]]}},{"type":"Feature","properties":{"dissolve":"193River","scalerank":5.0,"featurecla":"River","name":"Chixoy","name_alt":"Chixoy","rivernum":193,"note":null,"min_zoom":4.7,"name_en":"Chixoy","min_label":5.7},"bbox":[-91.41275,15.209825,-90.43163,16.079454],"geometry":{"type":"MultiLineString","coordinates":[[[-91.41275,15.266995],[-91.406239,15.238349],[-91.389312,15.217515],[-91.371083,15.22012],[-91.335927,15.240953],[-91.3155,15.263048],[-91.310943,15.271552],[-91.302968,15.276801],[-91.259592,15.284532],[-91.236928,15.291815],[-91.227895,15.29206],[-91.20344,15.287706],[-91.194651,15.288682],[-91.179189,15.2921],[-91.171742,15.292304],[-91.162831,15.290595],[-91.139027,15.281806],[-91.130767,15.280341],[-91.116689,15.282986],[-91.105458,15.290717],[-91.085276,15.309841],[-91.072825,15.314317],[-90.983632,15.313503],[-90.970693,15.308905],[-90.940297,15.286729],[-90.927602,15.282538],[-90.905181,15.28144],[-90.894846,15.279568],[-90.884592,15.273749],[-90.865793,15.2567],[-90.857493,15.25255],[-90.69164,15.214871],[-90.574452,15.209825],[-90.541412,15.212348],[-90.497385,15.270697],[-90.487904,15.287543],[-90.478586,15.310492],[-90.477691,15.330878],[-90.493642,15.339626],[-90.65095,15.362982],[-90.682118,15.374823],[-90.702789,15.394232],[-90.707875,15.408311],[-90.709828,15.426459],[-90.705719,15.442206],[-90.69225,15.448839],[-90.652333,15.45246],[-90.640207,15.458767],[-90.648183,15.469346],[-90.648183,15.476142],[-90.620229,15.500352],[-90.614613,15.503038],[-90.603871,15.513983],[-90.597076,15.525824],[-90.603505,15.531358],[-90.608754,15.540635],[-90.615549,15.561143],[-90.6256,15.581977],[-90.640736,15.592231],[-90.631988,15.608507],[-90.632802,15.622829],[-90.642893,15.635688],[-90.661855,15.647488],[-90.662262,15.652208],[-90.660797,15.65351],[-90.657948,15.65351],[-90.654408,15.654324],[-90.662587,15.659044],[-90.671742,15.660671],[-90.680898,15.659044],[-90.689117,15.654324],[-90.70108,15.660671],[-90.74352,15.672634],[-90.780751,15.678778],[-90.788319,15.6883],[-90.784576,15.699571],[-90.771067,15.70893],[-90.776723,15.712226],[-90.791575,15.723212],[-90.791575,15.729356],[-90.78661,15.731024],[-90.782216,15.734687],[-90.777252,15.736884],[-90.784006,15.745795],[-90.793446,15.750678],[-90.805165,15.75198],[-90.818227,15.750515],[-90.81192,15.76496],[-90.784739,15.798285],[-90.771474,15.833319],[-90.767323,15.839219],[-90.743031,15.848497],[-90.732655,15.867987],[-90.738678,15.885118],[-90.763661,15.887722],[-90.753977,15.920966],[-90.746205,15.935411],[-90.736318,15.942328],[-90.736318,15.949164],[-90.741526,15.949978],[-90.742299,15.951036],[-90.742014,15.952826],[-90.743764,15.955919],[-90.7506,15.949164],[-90.759429,15.958767],[-90.763661,15.962185],[-90.763661,15.969591],[-90.750315,15.972683],[-90.734527,15.985216],[-90.723297,15.990098],[-90.720815,15.986925],[-90.7176,15.980333],[-90.71288,15.976182],[-90.705922,15.98017],[-90.70226,15.988552],[-90.704172,15.99372],[-90.704335,15.998114],[-90.695383,16.00373],[-90.702789,16.017401],[-90.660268,16.039659],[-90.634389,16.045111],[-90.620229,16.031073],[-90.613433,16.031073],[-90.610219,16.039089],[-90.605621,16.042792],[-90.599924,16.042548],[-90.592926,16.03852],[-90.592926,16.031073],[-90.597401,16.02912],[-90.602366,16.026313],[-90.607249,16.024848],[-90.607249,16.017401],[-90.590403,16.018175],[-90.580312,16.012519],[-90.571441,16.004218],[-90.558217,15.997585],[-90.555247,16.0008],[-90.548695,16.006212],[-90.544545,16.010565],[-90.542836,16.00434],[-90.541737,16.004177],[-90.540517,16.007148],[-90.538319,16.010565],[-90.531117,16.003852],[-90.527903,16.004421],[-90.524037,16.010565],[-90.517201,16.010565],[-90.506825,16.006049],[-90.487416,16.017849],[-90.475657,16.010565],[-90.46939,16.010565],[-90.467926,16.015489],[-90.464467,16.019843],[-90.462554,16.024848],[-90.450592,16.020575],[-90.440338,16.024726],[-90.436106,16.033881],[-90.442128,16.044745],[-90.433665,16.055935],[-90.43163,16.065375],[-90.436513,16.073188],[-90.448964,16.079454]]]}},{"type":"Feature","properties":{"dissolve":"194River","scalerank":5.0,"featurecla":"River","name":"Bío-Bío","name_alt":null,"rivernum":194,"note":null,"min_zoom":4.7,"name_en":"Bío-Bío","min_label":5.7},"bbox":[-73.166493,-38.769464,-71.089467,-36.787612],"geometry":{"type":"MultiLineString","coordinates":[[[-71.240549,-38.769464],[-71.211008,-38.744643],[-71.191884,-38.733331],[-71.148549,-38.724135],[-71.123769,-38.713393],[-71.101877,-38.700046],[-71.09024,-38.687514],[-71.089467,-38.66489],[-71.103139,-38.651218],[-71.12328,-38.640964],[-71.141469,-38.62892],[-71.143788,-38.619561],[-71.138661,-38.596612],[-71.141469,-38.591974],[-71.152699,-38.589532],[-71.163319,-38.583673],[-71.179067,-38.570977],[-71.185211,-38.563979],[-71.207183,-38.52573],[-71.23058,-38.498875],[-71.239003,-38.480645],[-71.240549,-38.413263],[-71.24356,-38.390069],[-71.247629,-38.380548],[-71.254994,-38.371596],[-71.26537,-38.364109],[-71.316762,-38.342218],[-71.32551,-38.333347],[-71.329213,-38.321466],[-71.328114,-38.305678],[-71.313466,-38.25628],[-71.305165,-38.240899],[-71.303212,-38.235691],[-71.30016,-38.209893],[-71.304067,-38.18963],[-71.329823,-38.13185],[-71.339019,-38.118666],[-71.350087,-38.106866],[-71.362498,-38.097182],[-71.369578,-38.094171],[-71.377105,-38.09295],[-71.439849,-38.092299],[-71.454213,-38.088556],[-71.460276,-38.085463],[-71.465484,-38.081964],[-71.475331,-38.072768],[-71.480784,-38.065769],[-71.48762,-38.04754],[-71.503407,-38.024835],[-71.524281,-38.007501],[-71.571929,-37.981948],[-71.58788,-37.969415],[-71.598988,-37.952],[-71.614695,-37.913507],[-71.634145,-37.879815],[-71.658315,-37.848972],[-71.686513,-37.824151],[-71.693837,-37.814793],[-71.696889,-37.806492],[-71.70051,-37.789565],[-71.704213,-37.781427],[-71.71642,-37.769952],[-71.763499,-37.755548],[-71.770457,-37.75099],[-71.785634,-37.73504],[-71.794911,-37.729832],[-71.825754,-37.719659],[-71.845204,-37.7103],[-71.856028,-37.706394],[-71.867258,-37.704767],[-71.890248,-37.708347],[-71.956614,-37.734552],[-72.007151,-37.744561],[-72.033193,-37.746108],[-72.058949,-37.744561],[-72.070953,-37.741632],[-72.080922,-37.736749],[-72.089467,-37.729181],[-72.097279,-37.718601],[-72.118764,-37.681166],[-72.131988,-37.663751],[-72.148061,-37.651544],[-72.155873,-37.64894],[-72.172434,-37.645929],[-72.180531,-37.642592],[-72.189931,-37.635756],[-72.213735,-37.611342],[-72.221547,-37.607599],[-72.242665,-37.600518],[-72.268788,-37.582371],[-72.29186,-37.57407],[-72.410268,-37.545343],[-72.433176,-37.542983],[-72.45873,-37.545343],[-72.50182,-37.555027],[-72.522206,-37.556085],[-72.545888,-37.551772],[-72.566721,-37.543634],[-72.666168,-37.46795],[-72.677846,-37.454034],[-72.686391,-37.438979],[-72.691721,-37.420587],[-72.694936,-37.371515],[-72.698964,-37.352472],[-72.744496,-37.247084],[-72.765736,-37.218438],[-72.796539,-37.200372],[-72.892323,-37.180678],[-72.931752,-37.164565],[-72.960398,-37.132175],[-72.974721,-37.095147],[-72.983632,-37.050226],[-72.982737,-37.004897],[-72.967275,-36.967136],[-73.003326,-36.951674],[-73.021962,-36.927179],[-73.042958,-36.864679],[-73.062164,-36.834975],[-73.093495,-36.805027],[-73.130442,-36.787612],[-73.166493,-36.796319]]]}},{"type":"Feature","properties":{"dissolve":"196River","scalerank":5.0,"featurecla":"River","name":"Santa Cruz","name_alt":null,"rivernum":196,"note":null,"min_zoom":4.7,"name_en":"Santa Cruz","min_label":5.7},"bbox":[-71.981679,-50.257501,-69.013092,-50.017104],"geometry":{"type":"MultiLineString","coordinates":[[[-71.981679,-50.223647],[-71.949452,-50.230157],[-71.868072,-50.220066],[-71.847768,-50.219659],[-71.789906,-50.22796],[-71.758127,-50.227553],[-71.66747,-50.20086],[-71.603383,-50.195326],[-71.570668,-50.197605],[-71.478586,-50.220229],[-71.255198,-50.218927],[-71.155995,-50.204115],[-71.13622,-50.205418],[-71.030588,-50.232273],[-71.001861,-50.243504],[-70.990793,-50.246515],[-70.97936,-50.246921],[-70.966176,-50.243992],[-70.954539,-50.238621],[-70.922922,-50.217462],[-70.91275,-50.212823],[-70.833892,-50.189793],[-70.80899,-50.186537],[-70.782582,-50.190118],[-70.772898,-50.194675],[-70.756703,-50.207859],[-70.747711,-50.213393],[-70.737213,-50.216811],[-70.677113,-50.218438],[-70.498199,-50.201511],[-70.486928,-50.202488],[-70.443105,-50.22088],[-70.314076,-50.240655],[-70.274281,-50.254897],[-70.257151,-50.257501],[-70.239817,-50.256199],[-70.22289,-50.249526],[-70.211903,-50.236749],[-70.207753,-50.205011],[-70.197011,-50.191908],[-70.185943,-50.187921],[-70.173207,-50.186863],[-70.148549,-50.188897],[-70.116282,-50.196791],[-70.106109,-50.197768],[-70.059722,-50.187433],[-70.027211,-50.179376],[-69.990346,-50.164483],[-69.961903,-50.162449],[-69.933827,-50.167657],[-69.879994,-50.188165],[-69.837148,-50.198744],[-69.795115,-50.197605],[-69.754058,-50.1867],[-69.714223,-50.16839],[-69.690663,-50.145685],[-69.655873,-50.089044],[-69.626698,-50.07228],[-69.603139,-50.072605],[-69.560414,-50.09002],[-69.537465,-50.095066],[-69.433502,-50.091323],[-69.400014,-50.096043],[-69.318512,-50.125421],[-69.183746,-50.128432],[-69.149119,-50.122573],[-69.128733,-50.113702],[-69.115549,-50.101902],[-69.090932,-50.070977],[-69.070872,-50.056573],[-69.030263,-50.037612],[-69.013092,-50.017104]]]}},{"type":"Feature","properties":{"dissolve":"197River","scalerank":5.0,"featurecla":"River","name":"Xingu","name_alt":null,"rivernum":197,"note":null,"min_zoom":4.7,"name_en":"Xingu","min_label":5.7},"bbox":[-53.444081,-11.443699,-51.615834,-1.698744],"geometry":{"type":"MultiLineString","coordinates":[[[-52.256093,-1.698744],[-52.277659,-1.709487],[-52.285268,-1.719578],[-52.286366,-1.733819],[-52.282704,-1.748224],[-52.255238,-1.796563],[-52.251454,-1.808038],[-52.245025,-1.867039],[-52.246897,-1.88185],[-52.258127,-1.91782],[-52.257924,-1.931085],[-52.254221,-1.944838],[-52.225779,-2.013604],[-52.21288,-2.075128],[-52.209828,-2.155206],[-52.204905,-2.170099],[-52.195546,-2.182794],[-52.172109,-2.207859],[-52.165354,-2.220636],[-52.157297,-2.222507],[-52.150258,-2.236993],[-52.116811,-2.276707],[-52.027415,-2.455255],[-52.018788,-2.516127],[-52.01476,-2.531915],[-51.992543,-2.569268],[-51.98644,-2.583998],[-51.982249,-2.600518],[-51.98054,-2.617527],[-51.982004,-2.63364],[-51.988108,-2.646661],[-52.007395,-2.668959],[-52.013295,-2.682306],[-52.021311,-2.684259],[-52.027821,-2.708022],[-52.014394,-2.807631],[-52.009999,-2.820326],[-52.001861,-2.831231],[-51.98941,-2.8388],[-51.947987,-2.847101],[-51.931874,-2.859308],[-51.921783,-2.877862],[-51.90685,-2.917657],[-51.891184,-2.941257],[-51.835927,-2.999363],[-51.796376,-3.069024],[-51.778472,-3.087335],[-51.753163,-3.097589],[-51.696401,-3.104506],[-51.669789,-3.112481],[-51.659739,-3.118585],[-51.638376,-3.135756],[-51.629954,-3.144382],[-51.618886,-3.158868],[-51.615834,-3.170261],[-51.618764,-3.181655],[-51.62564,-3.196791],[-51.644439,-3.281101],[-51.660227,-3.303399],[-51.716542,-3.359877],[-51.71227,-3.382013],[-51.695627,-3.405938],[-51.681264,-3.437351],[-51.685129,-3.473321],[-51.707346,-3.504246],[-51.794586,-3.576837],[-51.821523,-3.589288],[-51.849477,-3.589695],[-51.880116,-3.575128],[-51.908925,-3.552911],[-51.933095,-3.52752],[-51.949208,-3.497247],[-51.954091,-3.460382],[-51.953481,-3.42669],[-51.958323,-3.412612],[-52.063588,-3.276544],[-52.09081,-3.252618],[-52.128041,-3.230401],[-52.159332,-3.229669],[-52.168853,-3.270033],[-52.164377,-3.310235],[-52.164947,-3.329522],[-52.170277,-3.35003],[-52.257069,-3.507989],[-52.269887,-3.52337],[-52.314768,-3.564467],[-52.326243,-3.581231],[-52.351308,-3.63478],[-52.357859,-3.643976],[-52.380727,-3.662774],[-52.457183,-3.752781],[-52.475209,-3.766778],[-52.497629,-3.779799],[-52.52123,-3.789402],[-52.543202,-3.793145],[-52.558746,-3.801446],[-52.593455,-3.841485],[-52.608713,-3.855157]],[[-52.613271,-3.860528],[-52.608713,-3.855157]],[[-53.444081,-11.443699],[-53.443186,-11.431655],[-53.439565,-11.424737],[-53.43224,-11.421563],[-53.405995,-11.420343],[-53.400217,-11.417657],[-53.347157,-11.342787],[-53.341705,-11.327569],[-53.335276,-11.323175],[-53.293853,-11.277358],[-53.283437,-11.270522],[-53.274241,-11.26629],[-53.266225,-11.260593],[-53.259145,-11.249444],[-53.259145,-11.23976],[-53.26301,-11.229343],[-53.263987,-11.217706],[-53.255727,-11.204767],[-53.247182,-11.187026],[-53.248118,-11.164402],[-53.259145,-11.125909],[-53.289133,-11.076674],[-53.293853,-11.060724],[-53.297841,-11.036065],[-53.316029,-10.996108],[-53.321238,-10.97503],[-53.316029,-10.950046],[-53.287099,-10.920343],[-53.270579,-10.882826],[-53.248036,-10.867608],[-53.204539,-10.851576],[-53.143544,-10.844578],[-53.125722,-10.834487],[-53.115956,-10.819268],[-53.109242,-10.798028],[-53.072011,-10.576674],[-53.077382,-10.562514],[-53.084788,-10.548272],[-53.08849,-10.5263],[-53.086415,-10.501967],[-53.067372,-10.440606],[-53.057281,-10.36655],[-53.047475,-10.344578],[-53.026112,-10.327569],[-52.969106,-10.294366],[-52.957509,-10.272475],[-52.961781,-10.261651],[-52.98054,-10.243341],[-52.984771,-10.231296],[-53.006459,-10.205418],[-53.009348,-10.200535],[-53.01537,-10.184421],[-53.004018,-10.111261],[-52.998443,-10.091241],[-53.00593,-10.084405],[-52.997222,-10.065118],[-52.983306,-10.046319],[-52.912343,-9.979343],[-52.853871,-9.907647],[-52.809153,-9.871515],[-52.802968,-9.864435],[-52.800445,-9.854832],[-52.786773,-9.823744],[-52.773549,-9.817071],[-52.754994,-9.8117],[-52.738637,-9.804701],[-52.731557,-9.792983],[-52.723215,-9.785821],[-52.670115,-9.769057],[-52.658396,-9.75921],[-52.642568,-9.730645],[-52.632232,-9.717299],[-52.628489,-9.709893],[-52.622629,-9.684991],[-52.621165,-9.663588],[-52.619211,-9.656264],[-52.615305,-9.6513],[-52.608713,-9.645522],[-52.597768,-9.640558],[-52.588938,-9.640476],[-52.582957,-9.636895],[-52.580719,-9.621433],[-52.580719,-9.60589],[-52.579701,-9.597019],[-52.575673,-9.590834],[-52.567047,-9.584161],[-52.546864,-9.577569],[-52.521718,-9.579278],[-52.470896,-9.591648],[-52.446848,-9.600437],[-52.409291,-9.622735],[-52.382721,-9.63128],[-52.333567,-9.635186],[-52.305002,-9.640558],[-52.285878,-9.652358],[-52.271352,-9.653009],[-52.265248,-9.654474],[-52.258616,-9.659194],[-52.216705,-9.631362],[-52.203969,-9.617608],[-52.196441,-9.604018],[-52.195872,-9.595066],[-52.197581,-9.585463],[-52.197133,-9.570489],[-52.193471,-9.55755],[-52.176625,-9.515802],[-52.16808,-9.473077],[-52.163035,-9.461277],[-52.169911,-9.44435],[-52.156199,-9.428562],[-52.12206,-9.405938],[-52.115915,-9.396498],[-52.107777,-9.364435],[-52.102976,-9.355401],[-52.089955,-9.339288],[-52.08727,-9.333998],[-52.078359,-9.328302],[-52.020497,-9.267104],[-52.023997,-9.247573],[-52.038319,-9.212742],[-52.041819,-9.193048],[-52.044667,-9.185073],[-52.051747,-9.178074],[-52.071929,-9.16546],[-52.079661,-9.157159],[-52.082428,-9.145359],[-52.080556,-9.133477],[-52.061269,-9.086114],[-52.0537,-9.023126],[-52.055409,-9.000502],[-52.058339,-8.987319],[-52.073313,-8.947442],[-52.079742,-8.917983],[-52.086049,-8.904962],[-52.101145,-8.89129],[-52.15925,-8.869643],[-52.176584,-8.857924],[-52.207672,-8.829929],[-52.225209,-8.818536],[-52.25414,-8.80698],[-52.262807,-8.80169],[-52.267934,-8.796726],[-52.279164,-8.779229],[-52.292958,-8.764825],[-52.299631,-8.75392],[-52.3037,-8.74155],[-52.307118,-8.715753],[-52.305572,-8.701593],[-52.299428,-8.673028],[-52.302195,-8.659031],[-52.308949,-8.649591],[-52.337799,-8.623549],[-52.356068,-8.601576],[-52.366078,-8.592136],[-52.377878,-8.583917],[-52.392201,-8.576837],[-52.420766,-8.568699],[-52.514963,-8.558282],[-52.551869,-8.546401],[-52.57372,-8.51808],[-52.578033,-8.504815],[-52.583608,-8.493015],[-52.591257,-8.482436],[-52.601633,-8.47267],[-52.623891,-8.457208],[-52.63268,-8.448744],[-52.660959,-8.4013],[-52.664662,-8.388116],[-52.665273,-8.372491],[-52.661692,-8.340671],[-52.64745,-8.282566],[-52.647288,-8.267592],[-52.649485,-8.254246],[-52.657704,-8.228367],[-52.682078,-8.181655],[-52.70108,-8.125502],[-52.760121,-8.006524],[-52.764068,-7.99448],[-52.77009,-7.945164],[-52.772898,-7.938979],[-52.77717,-7.934584],[-52.792226,-7.924737],[-52.804107,-7.905776],[-52.807078,-7.883152],[-52.803619,-7.859796],[-52.79662,-7.8388],[-52.786122,-7.821222],[-52.773508,-7.80462],[-52.763295,-7.787123],[-52.760325,-7.767022],[-52.763417,-7.733901],[-52.74828,-7.638686],[-52.743764,-7.627293],[-52.717356,-7.601983],[-52.68224,-7.577569],[-52.662099,-7.549981],[-52.686879,-7.503269],[-52.68578,-7.48919],[-52.665151,-7.414483],[-52.659535,-7.404311],[-52.651763,-7.396661],[-52.63268,-7.383477],[-52.619252,-7.370619],[-52.609364,-7.354018],[-52.603424,-7.335626],[-52.599192,-7.277846],[-52.594146,-7.260186],[-52.567698,-7.202488],[-52.556264,-7.185398],[-52.540883,-7.170099],[-52.522939,-7.157566],[-52.51537,-7.150405],[-52.509145,-7.140558],[-52.504994,-7.128757],[-52.502268,-7.123061],[-52.498036,-7.118341],[-52.492421,-7.115574],[-52.479319,-7.112237],[-52.473541,-7.109063],[-52.465566,-7.09767],[-52.462636,-7.083185],[-52.459869,-7.053562],[-52.454539,-7.041925],[-52.396718,-6.976251],[-52.383412,-6.968113],[-52.36384,-6.962579],[-52.190826,-6.950209],[-52.136383,-6.935479],[-52.090403,-6.910577],[-52.075063,-6.8978],[-52.061513,-6.882826],[-52.052113,-6.866388],[-52.049224,-6.848077],[-52.04955,-6.812514],[-52.045481,-6.796889],[-52.035959,-6.78045],[-51.99767,-6.742039],[-51.987701,-6.727879],[-51.984283,-6.718683],[-51.983022,-6.708917],[-51.983713,-6.69907],[-51.986195,-6.68963],[-51.99413,-6.67547],[-52.028188,-6.638035],[-52.072174,-6.566583],[-52.08967,-6.552423],[-52.110504,-6.547703],[-52.172841,-6.569675],[-52.204945,-6.571222],[-52.233225,-6.559503],[-52.258616,-6.534682],[-52.27477,-6.506687],[-52.285024,-6.49269],[-52.296457,-6.48683],[-52.306142,-6.478448],[-52.327504,-6.424819],[-52.369049,-6.378839],[-52.375315,-6.36655],[-52.382639,-6.359308],[-52.417836,-6.340346],[-52.429921,-6.329278],[-52.43635,-6.308119],[-52.429921,-6.243015],[-52.430653,-6.219252],[-52.433583,-6.202162],[-52.439849,-6.187677],[-52.450347,-6.171563],[-52.51651,-6.096368],[-52.532948,-6.0617],[-52.541249,-6.021905],[-52.542836,-5.980401],[-52.531361,-5.871108],[-52.536366,-5.849298],[-52.547353,-5.829929],[-52.598134,-5.770033],[-52.683176,-5.5888],[-52.698638,-5.504246],[-52.711008,-5.46974],[-52.738393,-5.444757],[-52.817047,-5.415704],[-52.849721,-5.397882],[-52.868764,-5.369643],[-52.871002,-5.347589],[-52.861928,-5.283705],[-52.872426,-5.178643],[-52.880238,-5.15838],[-52.891672,-5.138198],[-52.906321,-5.119561],[-52.916168,-5.10353],[-52.920888,-5.084975],[-52.923655,-5.015802],[-52.920359,-4.997573],[-52.910959,-4.981459],[-52.848256,-4.910333],[-52.831288,-4.873061],[-52.811879,-4.785089],[-52.79304,-4.745945],[-52.733388,-4.688653],[-52.724721,-4.666681],[-52.722564,-4.657729],[-52.713206,-4.637709],[-52.704213,-4.581964],[-52.672231,-4.515802],[-52.65982,-4.476902],[-52.663319,-4.438002],[-52.681711,-4.412937],[-52.706776,-4.393243],[-52.728871,-4.370294],[-52.738393,-4.334975],[-52.736073,-4.312839],[-52.729319,-4.290704],[-52.718577,-4.270359],[-52.704213,-4.252374],[-52.661041,-4.220147],[-52.640452,-4.198907],[-52.639068,-4.180352],[-52.64684,-4.147638],[-52.598134,-3.961602],[-52.595041,-3.941095],[-52.597768,-3.918796],[-52.608469,-3.87713],[-52.608713,-3.855157]]]}},{"type":"Feature","properties":{"dissolve":"200River","scalerank":5.0,"featurecla":"River","name":"Tapajós","name_alt":null,"rivernum":200,"note":null,"min_zoom":4.7,"name_en":"Tapajós","min_label":5.7},"bbox":[-58.660837,-10.97503,-54.676991,-2.375828],"geometry":{"type":"MultiLineString","coordinates":[[[-58.659088,-10.97503],[-58.635325,-10.916355],[-58.6256,-10.899347],[-58.604482,-10.872003],[-58.602203,-10.861342],[-58.602122,-10.841485],[-58.597727,-10.831069],[-58.60497,-10.816339],[-58.599233,-10.796726],[-58.589263,-10.7763],[-58.584055,-10.758722],[-58.570383,-10.674168],[-58.571156,-10.631362],[-58.577504,-10.593113],[-58.568105,-10.560886],[-58.521962,-10.53631],[-58.460398,-10.523126],[-58.443186,-10.512384],[-58.371165,-10.440606],[-58.349558,-10.402765],[-58.344472,-10.268731],[-58.331288,-10.222101],[-58.268707,-10.104913],[-58.252431,-10.064793],[-58.213694,-9.897963],[-58.213287,-9.808119],[-58.220326,-9.769057],[-58.255849,-9.703302],[-58.261301,-9.683119],[-58.259999,-9.552097],[-58.263539,-9.528985],[-58.272125,-9.512384],[-58.291493,-9.494968],[-58.306956,-9.487237],[-58.324696,-9.485854],[-58.351226,-9.48797],[-58.396067,-9.483412],[-58.438547,-9.467299],[-58.564524,-9.388116],[-58.591949,-9.362726],[-58.618153,-9.330255],[-58.62975,-9.309991],[-58.635854,-9.29046],[-58.641672,-9.224298],[-58.655344,-9.182306],[-58.660837,-9.122084],[-58.659088,-9.111179],[-58.651845,-9.098565],[-58.630198,-9.072686],[-58.6256,-9.059991],[-58.621246,-9.036065],[-58.61026,-9.005873],[-58.595693,-8.977227],[-58.580637,-8.957208],[-58.576283,-8.948419],[-58.572011,-8.933038],[-58.570302,-8.91839],[-58.573801,-8.911961],[-58.578521,-8.909845],[-58.574208,-8.905613],[-58.562937,-8.898858],[-58.557607,-8.896987],[-58.550364,-8.899916],[-58.54308,-8.898858],[-58.51773,-8.884454],[-58.46052,-8.816339],[-58.450999,-8.796401],[-58.431793,-8.787774],[-58.409047,-8.782078],[-58.388824,-8.771661],[-58.373769,-8.761407],[-58.367502,-8.754571],[-58.364898,-8.744317],[-58.361643,-8.737644],[-58.353749,-8.733575],[-58.344472,-8.730483],[-58.337026,-8.726983],[-58.322743,-8.702569],[-58.353871,-8.695652],[-58.430735,-8.697931],[-58.450103,-8.689386],[-58.45995,-8.675144],[-58.463368,-8.656427],[-58.463002,-8.622247],[-58.454172,-8.560724],[-58.450673,-8.549168],[-58.445668,-8.5381],[-58.437327,-8.505711],[-58.441396,-8.440362],[-58.431508,-8.406589],[-58.384429,-8.3353],[-58.37914,-8.318862],[-58.370188,-8.267999],[-58.316477,-8.122898],[-58.313873,-8.100437],[-58.334055,-7.973158],[-58.356068,-7.924168],[-58.359771,-7.91131],[-58.366322,-7.850518],[-58.365956,-7.83351],[-58.359771,-7.818536],[-58.330963,-7.790216],[-58.318837,-7.774591],[-58.278188,-7.706231],[-58.265452,-7.665541],[-58.257802,-7.654474],[-58.23884,-7.638686],[-58.229726,-7.629246],[-58.223785,-7.619806],[-58.219797,-7.609552],[-58.217275,-7.598565],[-58.215891,-7.587579],[-58.224762,-7.456964],[-58.223744,-7.439386],[-58.160308,-7.359308],[-58.13622,-7.340183],[-58.144887,-7.315851],[-58.145009,-7.289483],[-58.142486,-7.265151],[-58.143422,-7.247247],[-58.149526,-7.237726],[-58.212717,-7.189386],[-58.221995,-7.178725],[-58.228098,-7.166925],[-58.238189,-7.129327],[-58.256174,-7.09767],[-58.322743,-7.010186],[-58.347035,-6.984877],[-58.405751,-6.946954],[-58.43106,-6.923028],[-58.444081,-6.902358],[-58.464752,-6.852879],[-58.471547,-6.830011],[-58.4794,-6.783054],[-58.478383,-6.737481],[-58.468739,-6.692804],[-58.450876,-6.64894],[-58.427561,-6.616876],[-58.336008,-6.551202],[-58.215443,-6.431166],[-58.196523,-6.420261],[-58.16926,-6.413995],[-58.110585,-6.413995],[-58.082021,-6.410821],[-57.931264,-6.359714],[-57.888092,-6.336358],[-57.695383,-6.192885],[-57.670725,-6.163588],[-57.652537,-6.129734],[-57.634877,-6.070164],[-57.633941,-6.054864],[-57.63622,-6.040379],[-57.641184,-6.021987],[-57.649037,-6.005222],[-57.658111,-5.990574],[-57.663279,-5.974949],[-57.658925,-5.954767],[-57.63801,-5.930515],[-57.6079,-5.915541],[-57.575347,-5.90366],[-57.547109,-5.888116],[-57.534088,-5.874933],[-57.502268,-5.833429],[-57.335072,-5.726495],[-57.293446,-5.682957],[-57.226552,-5.634129],[-57.152252,-5.553074],[-57.131093,-5.538018],[-57.084828,-5.515151],[-57.065256,-5.501316],[-57.05427,-5.487644],[-57.048451,-5.473972],[-57.039174,-5.442071],[-57.008656,-5.392999],[-56.99767,-5.368015],[-56.999257,-5.338393],[-57.009592,-5.307957],[-57.011138,-5.292657],[-57.007069,-5.276218],[-56.994374,-5.254734],[-56.977528,-5.235365],[-56.957672,-5.218927],[-56.93635,-5.205987],[-56.893463,-5.186212],[-56.873118,-5.174005],[-56.856923,-5.158054],[-56.847768,-5.138849],[-56.844553,-5.118341],[-56.846588,-5.076104],[-56.843861,-5.056166],[-56.834625,-5.038914],[-56.786204,-4.973647],[-56.727528,-4.863214],[-56.72289,-4.845066],[-56.720774,-4.774428],[-56.718699,-4.767999],[-56.714345,-4.762709],[-56.61384,-4.693699],[-56.601796,-4.689955],[-56.588206,-4.689467],[-56.554921,-4.694187],[-56.541615,-4.698093],[-56.526438,-4.707452],[-56.500803,-4.732843],[-56.485911,-4.742527],[-56.47232,-4.745457],[-56.458363,-4.743992],[-56.444895,-4.73919],[-56.433013,-4.73211],[-56.421457,-4.71974],[-56.415028,-4.706231],[-56.404897,-4.676202],[-56.397206,-4.66546],[-56.385854,-4.655287],[-56.340972,-4.628351],[-56.296335,-4.591729],[-56.290639,-4.582452],[-56.288075,-4.569513],[-56.287058,-4.543145],[-56.28303,-4.530287],[-56.276235,-4.520359],[-56.251943,-4.492201],[-56.24706,-4.470392],[-56.254506,-4.450046],[-56.264882,-4.429213],[-56.268463,-4.406915],[-56.260569,-4.385756],[-56.244862,-4.369073],[-56.224965,-4.356378],[-56.204457,-4.346612],[-56.190175,-4.342625],[-56.106435,-4.33823],[-56.083608,-4.332045],[-56.079905,-4.329278],[-56.077748,-4.325535],[-56.072377,-4.319513],[-56.060658,-4.311456],[-56.048248,-4.306655],[-56.02123,-4.300226],[-56.004221,-4.293878],[-55.983713,-4.283054],[-55.96642,-4.269708],[-55.959177,-4.255792],[-55.950917,-4.244643],[-55.839589,-4.176609],[-55.644765,-4.005222],[-55.624379,-3.980483],[-55.567494,-3.890558],[-55.531606,-3.848077],[-55.504221,-3.790541],[-55.496978,-3.781427],[-55.486562,-3.772149],[-55.439198,-3.745294],[-55.426503,-3.73504],[-55.419423,-3.722833],[-55.40803,-3.676283],[-55.393666,-3.639093],[-55.39387,-3.626804],[-55.389963,-3.610691],[-55.364084,-3.561375],[-55.349436,-3.487644],[-55.343739,-3.470147],[-55.22468,-3.233412],[-55.186513,-3.179539],[-55.179351,-3.162612],[-55.176747,-3.145685],[-55.175364,-3.110284],[-55.17162,-3.094089],[-55.161285,-3.064467],[-55.160553,-3.047052],[-55.164377,-3.031589],[-55.176666,-3.002455],[-55.180287,-2.987156],[-55.179514,-2.970147],[-55.159901,-2.904474],[-55.129709,-2.859714],[-55.121816,-2.828464],[-55.129303,-2.764337],[-55.123891,-2.732924],[-55.115956,-2.719659],[-55.095326,-2.694268],[-55.086903,-2.680515],[-55.080922,-2.66546],[-55.077097,-2.650079],[-55.075592,-2.63421],[-55.077463,-2.587742],[-55.057688,-2.472833],[-55.051584,-2.455418],[-55.043121,-2.438897],[-55.032541,-2.424981],[-55.018056,-2.413507],[-55.004872,-2.409356],[-54.972646,-2.411065],[-54.970937,-2.419285],[-54.951283,-2.419366],[-54.932851,-2.415216],[-54.838612,-2.375828],[-54.820546,-2.375828],[-54.814768,-2.379897],[-54.805735,-2.391941],[-54.798004,-2.395522],[-54.792592,-2.395196],[-54.78307,-2.390964],[-54.777943,-2.389988],[-54.773346,-2.390802],[-54.761301,-2.395929],[-54.696685,-2.405938],[-54.676991,-2.412286]]]}},{"type":"Feature","properties":{"dissolve":"204River","scalerank":5.0,"featurecla":"River","name":"Japurá","name_alt":null,"rivernum":204,"note":null,"min_zoom":4.7,"name_en":"Japurá","min_label":5.7},"bbox":[-69.454945,-3.185479,-64.765981,-1.199884],"geometry":{"type":"MultiLineString","coordinates":[[[-69.454945,-1.199884],[-69.421946,-1.238621],[-69.419057,-1.284031],[-69.435496,-1.376316],[-69.434682,-1.422052],[-69.452992,-1.490411],[-69.452707,-1.510756],[-69.444203,-1.530694],[-69.398264,-1.577569],[-69.380686,-1.589207],[-69.3155,-1.599949],[-69.292226,-1.606459],[-69.273549,-1.614435],[-69.225535,-1.656427],[-69.19343,-1.668878],[-69.174428,-1.684584],[-69.088287,-1.784845],[-69.056386,-1.812026],[-69.022328,-1.828058],[-68.998443,-1.829604],[-68.959055,-1.817315],[-68.936716,-1.813816],[-68.926869,-1.810561],[-68.907541,-1.796563],[-68.895741,-1.79339],[-68.781606,-1.782078],[-68.765696,-1.776544],[-68.749257,-1.77394],[-68.680328,-1.79339],[-68.633901,-1.794122],[-68.590891,-1.786065],[-68.551259,-1.771498],[-68.515248,-1.752944],[-68.489247,-1.734389],[-68.474029,-1.728041],[-68.409088,-1.721612],[-68.277455,-1.67962],[-68.220204,-1.647638],[-68.205719,-1.642755],[-68.189361,-1.640964],[-68.12328,-1.646173],[-68.058013,-1.633477],[-68.017079,-1.639337],[-67.975901,-1.649835],[-67.93102,-1.65545],[-67.909617,-1.653253],[-67.867014,-1.643976],[-67.845041,-1.641778],[-67.835113,-1.643976],[-67.814849,-1.653253],[-67.804067,-1.65545],[-67.759023,-1.648614],[-67.68163,-1.656264],[-67.617584,-1.685724],[-67.505767,-1.758477],[-67.47289,-1.770847],[-67.260732,-1.797703],[-67.218455,-1.809747],[-67.184316,-1.826104],[-67.11559,-1.869073],[-67.074656,-1.882175],[-67.026601,-1.881362],[-66.738433,-1.777195],[-66.690826,-1.772149],[-66.602366,-1.775405],[-66.561025,-1.771987],[-66.51891,-1.758477],[-66.455963,-1.722182],[-66.311757,-1.703627],[-66.178456,-1.649265],[-66.141957,-1.646905],[-66.104075,-1.654229],[-66.03718,-1.679376],[-66.015004,-1.690444],[-65.994049,-1.703953],[-65.974233,-1.72088],[-65.956614,-1.732924],[-65.843007,-1.769871],[-65.834299,-1.775567],[-65.752349,-1.785821],[-65.720286,-1.798191],[-65.63565,-1.847182],[-65.581939,-1.86712],[-65.574208,-1.877618],[-65.566762,-1.88478],[-65.518951,-1.909356],[-65.50536,-1.918634],[-65.496327,-1.922377],[-65.484242,-1.922377],[-65.474273,-1.916925],[-65.459869,-1.898858],[-65.453765,-1.895033],[-65.437327,-1.890558],[-65.395741,-1.868666],[-65.374989,-1.860854],[-65.319081,-1.848565],[-65.292836,-1.851251],[-65.271962,-1.86769],[-65.266428,-1.88006],[-65.25829,-1.922377],[-65.240346,-1.958836],[-65.237864,-1.966729],[-65.228342,-1.985854],[-65.192616,-2.041518],[-65.193105,-2.063328],[-65.209869,-2.118178],[-65.237864,-2.16253],[-65.190053,-2.200372],[-65.188222,-2.242201],[-65.18399,-2.257989],[-65.175689,-2.271824],[-65.151235,-2.292169],[-65.139638,-2.305515],[-65.134755,-2.323663],[-65.132192,-2.346368],[-65.1256,-2.368178],[-65.008168,-2.575209],[-65.001088,-2.593194],[-64.998199,-2.611668],[-65.002268,-2.631524],[-65.010121,-2.653497],[-65.015452,-2.675958],[-65.011871,-2.696954],[-64.983754,-2.71502],[-64.905426,-2.716323],[-64.8815,-2.744806],[-64.883534,-2.787937],[-64.910756,-2.874688],[-64.902008,-2.909845],[-64.887522,-2.918796],[-64.849924,-2.922703],[-64.833119,-2.929701],[-64.823354,-2.941908],[-64.819081,-2.956231],[-64.812611,-2.991713],[-64.798411,-3.026544],[-64.770741,-3.072198],[-64.766103,-3.083836],[-64.765981,-3.095554],[-64.77184,-3.107924],[-64.784901,-3.125014],[-64.788157,-3.131362],[-64.789784,-3.139662],[-64.791005,-3.15724],[-64.79662,-3.185479]]]}},{"type":"Feature","properties":{"dissolve":"232Lake Centerline","scalerank":6.0,"featurecla":"Lake Centerline","name":"Ro Grande de Santiago","name_alt":null,"rivernum":232,"note":null,"min_zoom":5.0,"name_en":"Ro Grande de Santiago","min_label":6.0},"bbox":[-105.108388,20.19835,-102.769643,21.821804],"geometry":{"type":"MultiLineString","coordinates":[[[-105.108388,21.821804],[-105.097768,21.82038],[-105.080556,21.817084],[-105.060048,21.810126],[-105.043324,21.802273],[-105.038808,21.794013],[-105.033803,21.778754]],[[-103.70873,20.937608],[-103.703481,20.930609],[-103.692698,20.920844],[-103.678578,20.916815],[-103.665395,20.918321],[-103.651926,20.924262],[-103.639272,20.931993],[-103.626861,20.944281],[-103.618235,20.95185],[-103.605784,20.965522],[-103.59439,20.971218]],[[-102.780507,20.309882],[-102.802887,20.252509],[-102.802887,20.216824],[-102.769643,20.19835]]]}},{"type":"Feature","properties":{"dissolve":"232River","scalerank":6.0,"featurecla":"River","name":"Ro Grande de Santiago","name_alt":null,"rivernum":232,"note":null,"min_zoom":5.0,"name_en":"Ro Grande de Santiago","min_label":6.0},"bbox":[-105.451731,20.309882,-102.754628,21.85045],"geometry":{"type":"MultiLineString","coordinates":[[[-105.108388,21.821804],[-105.130971,21.820828],[-105.16161,21.806098],[-105.18224,21.800971],[-105.206125,21.799669],[-105.220937,21.796658],[-105.228505,21.784735],[-105.230621,21.756903],[-105.234364,21.73664],[-105.244293,21.73782],[-105.258453,21.747748],[-105.274729,21.75377],[-105.282582,21.745876],[-105.28425,21.730333],[-105.292104,21.71955],[-105.318756,21.725898],[-105.322987,21.707139],[-105.334543,21.705349],[-105.348378,21.708604],[-105.359731,21.70539],[-105.35912,21.690782],[-105.371938,21.678534],[-105.390859,21.67121],[-105.408193,21.671251],[-105.426747,21.694159],[-105.4381,21.698188],[-105.451731,21.674384]],[[-104.079172,21.205675],[-104.082387,21.205146],[-104.160146,21.203966],[-104.195912,21.19892],[-104.214182,21.198188],[-104.230824,21.203233],[-104.236806,21.208075],[-104.251943,21.226752],[-104.259877,21.232937],[-104.283681,21.244696],[-104.299387,21.258816],[-104.305735,21.262763],[-104.317738,21.265977],[-104.345326,21.269884],[-104.357981,21.274441],[-104.368723,21.284003],[-104.3756,21.303005],[-104.372792,21.338894],[-104.382192,21.356147],[-104.407867,21.374132],[-104.415883,21.385118],[-104.415598,21.403144],[-104.420481,21.405097],[-104.444081,21.434434],[-104.454416,21.470526],[-104.462229,21.480089],[-104.473256,21.484565],[-104.482249,21.481472],[-104.496978,21.465847],[-104.507558,21.470079],[-104.515452,21.477322],[-104.521067,21.485622],[-104.524892,21.493109],[-104.519032,21.503445],[-104.520253,21.510118],[-104.526275,21.515408],[-104.534901,21.521186],[-104.545033,21.529853],[-104.549306,21.537218],[-104.552602,21.561143],[-104.556752,21.573554],[-104.563629,21.582709],[-104.5808,21.600409],[-104.617055,21.6588],[-104.644399,21.722032],[-104.660146,21.776068],[-104.674631,21.798774],[-104.699045,21.807807],[-104.700754,21.81391],[-104.716054,21.841742],[-104.72289,21.849392],[-104.739858,21.85045],[-104.771392,21.839382],[-104.784983,21.843207],[-104.824941,21.812567],[-104.829335,21.807807],[-104.833974,21.800605],[-104.838124,21.786404],[-104.847401,21.77619],[-104.867543,21.781114],[-104.873891,21.77851],[-104.895904,21.777533],[-104.908518,21.774278],[-104.916371,21.768622],[-104.938873,21.743272],[-104.948964,21.739081],[-104.959137,21.740668],[-104.969472,21.74433],[-104.979888,21.746405],[-104.992502,21.744818],[-105.000803,21.740668],[-105.017161,21.725898],[-105.027333,21.738308],[-105.032135,21.765204],[-105.033355,21.777411]],[[-103.70873,20.937608],[-103.761342,20.936306],[-103.785878,20.939805],[-103.808339,20.955024],[-103.843658,20.985907],[-103.865793,20.999294],[-103.88683,21.005886],[-103.875478,21.046698],[-103.873769,21.070583],[-103.880605,21.089057],[-103.889638,21.094102],[-103.911366,21.094062],[-103.92162,21.095893],[-103.933095,21.103583],[-103.942372,21.112576],[-103.95226,21.120063],[-104.037709,21.147081],[-104.04483,21.155097],[-104.060211,21.164984],[-104.074615,21.180487],[-104.078603,21.205146]],[[-102.780507,20.309882],[-102.758127,20.346015],[-102.754628,20.359198],[-102.764272,20.375841],[-102.785512,20.377753],[-102.807688,20.390448],[-102.817006,20.392686],[-102.859039,20.391466],[-102.874257,20.394232],[-102.901194,20.404893],[-102.915273,20.408393],[-102.938344,20.409247],[-102.946034,20.41116],[-102.972524,20.424262],[-102.990387,20.42768],[-103.009633,20.427924],[-103.028717,20.425482],[-103.082143,20.412462],[-103.100413,20.413886],[-103.11498,20.423448],[-103.117665,20.428331],[-103.121409,20.439073],[-103.124379,20.443671],[-103.129262,20.447333],[-103.134389,20.448839],[-103.145619,20.450873],[-103.154856,20.45421],[-103.163726,20.459255],[-103.167795,20.462266],[-103.171295,20.465766],[-103.174387,20.469672],[-103.176869,20.473985],[-103.179555,20.495876],[-103.172719,20.519802],[-103.141021,20.589667],[-103.13565,20.619249],[-103.138295,20.626776],[-103.16161,20.6317],[-103.170237,20.636664],[-103.176625,20.643093],[-103.181142,20.649604],[-103.185048,20.659857],[-103.188059,20.679877],[-103.194814,20.691189],[-103.200103,20.696479],[-103.214467,20.707058],[-103.221018,20.71072],[-103.227162,20.71247],[-103.240305,20.713324],[-103.246693,20.714464],[-103.252105,20.716824],[-103.255767,20.719753],[-103.273671,20.740749],[-103.280385,20.745551],[-103.287994,20.748643],[-103.300404,20.750312],[-103.312367,20.750515],[-103.323964,20.752305],[-103.335357,20.758612],[-103.34496,20.771267],[-103.346059,20.784288],[-103.32844,20.831163],[-103.325551,20.84809],[-103.32787,20.864814],[-103.336334,20.883368],[-103.36441,20.930609],[-103.375356,20.956244],[-103.37975,20.982611],[-103.384145,20.992987],[-103.40331,21.011094],[-103.407704,21.01671],[-103.420725,21.047471],[-103.4381,21.056667],[-103.466624,21.063056],[-103.49706,21.062567],[-103.520619,21.050889],[-103.523793,21.038601],[-103.523183,21.02143],[-103.524566,21.006212],[-103.534006,20.999701],[-103.545766,20.996121],[-103.59203,20.972357]]]}},{"type":"Feature","properties":{"dissolve":"234River","scalerank":6.0,"featurecla":"River","name":"Kuskokwim","name_alt":null,"rivernum":234,"note":null,"min_zoom":5.0,"name_en":"Kuskokwim","min_label":6.0},"bbox":[-161.881459,60.703925,-154.72057,63.07864],"geometry":{"type":"MultiLineString","coordinates":[[[-154.72057,63.07864],[-154.730621,63.070136],[-154.795644,63.068061],[-154.813507,63.062079],[-154.819488,63.05683],[-154.822906,63.047553],[-154.806915,63.042182],[-154.804799,63.033555],[-154.813466,63.027655],[-154.845123,63.033881],[-154.854644,63.029731],[-154.870717,63.014106],[-154.873443,63.010199],[-154.874176,63.005439],[-154.876698,63.001492],[-154.884674,62.999823],[-154.971669,62.998155],[-154.987416,62.999823],[-155.010976,63.008002],[-155.031036,63.018175],[-155.051625,63.024278],[-155.076812,63.02029],[-155.084137,63.015408],[-155.091461,63.008612],[-155.100087,63.002468],[-155.110951,62.999823],[-155.123931,63.002468],[-155.134552,63.007392],[-155.145375,63.010281],[-155.158721,63.006659],[-155.156524,63.002997],[-155.152496,62.993598],[-155.261749,62.993598],[-155.286529,62.984687],[-155.321645,62.948676],[-155.34435,62.945176],[-155.3579,62.951483],[-155.356353,62.957831],[-155.350453,62.964871],[-155.350494,62.97309],[-155.360219,62.984931],[-155.366811,62.988349],[-155.388417,62.986151],[-155.415435,62.979071],[-155.430531,62.97724],[-155.443349,62.982733],[-155.443512,62.990302],[-155.434112,62.997748],[-155.42162,63.00373],[-155.412587,63.006659],[-155.427398,63.013861],[-155.440175,63.013251],[-155.451894,63.006781],[-155.463775,62.99669],[-155.477325,62.988796],[-155.506256,62.984687],[-155.52184,62.979315],[-155.515655,62.967353],[-155.528432,62.964179],[-155.549062,62.9678],[-155.576446,62.98017],[-155.583119,62.97602],[-155.587514,62.969346],[-155.590728,62.965644],[-155.633168,62.964464],[-155.645985,62.958808],[-155.551381,62.9324],[-155.536122,62.921251],[-155.5537,62.907253],[-155.589833,62.904161],[-155.619618,62.896796],[-155.618072,62.869452],[-155.679473,62.869452],[-155.672393,62.860785],[-155.661285,62.85281],[-155.652455,62.844591],[-155.652211,62.835313],[-155.662343,62.830878],[-155.713612,62.822292],[-155.741689,62.810167],[-155.76891,62.794379],[-155.775421,62.786322],[-155.779897,62.778876],[-155.788971,62.77558],[-155.809845,62.780097],[-155.789337,62.745917],[-155.826934,62.732611],[-155.837758,62.72545],[-155.83495,62.721503],[-155.786041,62.709825],[-155.779205,62.70543],[-155.775543,62.697455],[-155.784576,62.690212],[-155.786895,62.674913],[-155.784657,62.632148],[-155.782704,62.621527],[-155.777089,62.613308],[-155.765614,62.607611],[-155.763417,62.596625],[-155.764638,62.587755],[-155.769521,62.580024],[-155.778554,62.572455],[-155.79544,62.562445],[-155.81371,62.554389],[-155.894276,62.528632],[-155.934112,62.524237],[-155.953847,62.517646],[-156.09496,62.43655],[-156.107533,62.427069],[-156.116689,62.415229],[-156.11856,62.400662],[-156.109771,62.378485],[-156.110382,62.371609],[-156.117584,62.365017],[-156.151845,62.348944],[-156.171783,62.334825],[-156.187774,62.318305],[-156.223663,62.256863],[-156.241078,62.238349],[-156.261464,62.222968],[-156.282826,62.211534],[-156.273101,62.197292],[-156.261708,62.18419],[-156.234283,62.163357],[-156.228179,62.157538],[-156.220937,62.144843],[-156.220855,62.138251],[-156.222564,62.132636],[-156.220733,62.122748],[-156.215118,62.111884],[-156.194081,62.081163],[-156.208038,62.061713],[-156.195058,62.04621],[-156.177154,62.031928],[-156.176666,62.016303],[-156.189443,62.01081],[-156.225575,62.00849],[-156.238433,62.002997],[-156.248565,61.995307],[-156.272206,61.985297],[-156.282826,61.978787],[-156.29483,61.961697],[-156.302398,61.924628],[-156.313507,61.90644],[-156.328521,61.893622],[-156.334828,61.886786],[-156.341705,61.867703],[-156.352284,61.861762],[-156.552968,61.805121],[-156.694325,61.800645],[-156.706939,61.794989],[-156.730011,61.777126],[-156.738393,61.773301],[-156.758778,61.767157],[-156.823476,61.725531],[-156.854482,61.720974],[-156.930165,61.719306],[-156.957794,61.708197],[-156.967681,61.702501],[-156.998036,61.692491],[-157.009023,61.690782],[-157.022206,61.686876],[-157.041534,61.668891],[-157.050567,61.663438],[-157.066314,61.662909],[-157.079254,61.667019],[-157.091339,61.672716],[-157.104604,61.67711],[-157.162262,61.674831],[-157.17691,61.680243],[-157.181182,61.690497],[-157.179473,61.70307],[-157.176503,61.714545],[-157.17691,61.721788],[-157.185658,61.730048],[-157.195424,61.736518],[-157.207061,61.741645],[-157.277821,61.757676],[-157.304351,61.767035],[-157.327748,61.783555],[-157.352325,61.797309],[-157.447255,61.80744],[-157.485463,61.819363],[-157.501861,61.821112],[-157.537384,61.820665],[-157.554555,61.82335],[-157.567616,61.831651],[-157.579091,61.843858],[-157.589955,61.851345],[-157.602447,61.854926],[-157.638783,61.857042],[-157.651641,61.860704],[-157.699981,61.895616],[-157.714508,61.90115],[-157.825225,61.909857],[-157.865224,61.904568],[-157.941518,61.877753],[-157.981597,61.869493],[-157.975453,61.869493],[-158.028432,61.84752],[-158.062896,61.838202],[-158.078481,61.845038],[-158.088287,61.867784],[-158.110951,61.88288],[-158.136138,61.885199],[-158.153554,61.869493],[-158.151112,61.85163],[-158.143666,61.831163],[-158.147979,61.814399],[-158.209828,61.802924],[-158.218251,61.790839],[-158.218251,61.77322],[-158.221832,61.752224],[-158.226796,61.745388],[-158.249745,61.725531],[-158.285878,61.678046],[-158.305206,61.643093],[-158.318023,61.62873],[-158.340199,61.616726],[-158.369049,61.608222],[-158.462677,61.597602],[-158.619618,61.5539],[-158.694732,61.542182],[-158.768219,61.539984],[-158.825185,61.554226],[-158.835194,61.561306],[-158.841664,61.566962],[-158.850128,61.571357],[-158.937774,61.582139],[-158.948964,61.58515],[-158.971059,61.598334],[-158.982777,61.601386],[-159.057891,61.601386],[-159.159088,61.577989],[-159.253407,61.567898],[-159.268544,61.569607],[-159.343902,61.588202],[-159.445221,61.601386],[-159.543609,61.587429],[-159.724477,61.594672],[-159.735829,61.592312],[-159.744985,61.587266],[-159.753692,61.578437],[-159.760732,61.574734],[-159.772369,61.572699],[-159.801422,61.572577],[-159.879262,61.583767],[-159.901397,61.582058],[-159.928375,61.571316],[-159.942738,61.568671],[-159.973663,61.574327],[-159.989858,61.571316],[-160.007965,61.564887],[-160.133534,61.554226],[-160.148793,61.556749],[-160.174306,61.565863],[-160.188751,61.567898],[-160.199574,61.565253],[-160.207305,61.558783],[-160.219512,61.543402],[-160.233144,61.536892],[-160.253163,61.533881],[-160.291249,61.533759],[-160.32315,61.537706],[-160.337921,61.53795],[-160.353261,61.533759],[-160.360829,61.527859],[-160.377187,61.502387],[-160.400177,61.486151],[-160.426422,61.476752],[-160.483022,61.464871],[-160.510732,61.453884],[-160.555409,61.428778],[-160.582916,61.423896],[-160.598907,61.415351],[-160.612457,61.394965],[-160.622304,61.369981],[-160.626983,61.348171],[-160.625762,61.337999],[-160.619659,61.315294],[-160.620839,61.307196],[-160.634145,61.299099],[-160.652089,61.299994],[-160.685943,61.307196],[-160.721913,61.30622],[-160.747222,61.300645],[-160.763336,61.286404],[-160.771637,61.259385],[-160.77184,61.23782],[-160.772979,61.228054],[-160.777821,61.218451],[-160.788686,61.211534],[-160.818023,61.205919],[-160.829335,61.200751],[-160.849233,61.187608],[-160.922475,61.155788],[-160.982452,61.114285],[-161.045196,61.094835],[-161.052154,61.091173],[-161.0596,61.053982],[-161.068389,61.035915],[-161.09496,60.996609],[-161.100575,60.98196],[-161.116567,60.959174],[-161.153432,60.949164],[-161.22411,60.944688],[-161.222401,60.941026],[-161.221344,60.937812],[-161.219879,60.934394],[-161.216664,60.930447],[-161.238515,60.916205],[-161.265736,60.917182],[-161.294097,60.921332],[-161.319081,60.916815],[-161.327545,60.904731],[-161.336049,60.887641],[-161.349843,60.875678],[-161.374298,60.878933],[-161.384023,60.885443],[-161.39212,60.893256],[-161.400746,60.899726],[-161.451772,60.910509],[-161.469146,60.917019],[-161.481801,60.916083],[-161.49295,60.912055],[-161.497833,60.906195],[-161.495025,60.894965],[-161.488067,60.885443],[-161.469879,60.868354],[-161.476186,60.862128],[-161.477935,60.853705],[-161.475738,60.844306],[-161.469879,60.834825],[-161.503204,60.810085],[-161.52123,60.802761],[-161.545318,60.800116],[-161.566151,60.804999],[-161.577016,60.817165],[-161.584096,60.832709],[-161.593414,60.847927],[-161.61148,60.859565],[-161.633941,60.862982],[-161.657623,60.857856],[-161.679067,60.844428],[-161.68932,60.82746],[-161.685536,60.812079],[-161.676055,60.796698],[-161.669097,60.779608],[-161.686879,60.775214],[-161.709706,60.776068],[-161.731923,60.781114],[-161.74767,60.789578],[-161.756012,60.792548],[-161.764312,60.789171],[-161.770253,60.781806],[-161.771596,60.772773],[-161.741119,60.755723],[-161.738026,60.726345],[-161.782012,60.714301],[-161.881459,60.703925]]]}},{"type":"Feature","properties":{"dissolve":"235River","scalerank":6.0,"featurecla":"River","name":"N. Fork Kuskokwim","name_alt":null,"rivernum":235,"note":null,"min_zoom":5.0,"name_en":"N. Fork Kuskokwim","min_label":6.0},"bbox":[-154.724233,63.07864,-151.674184,64.338487],"geometry":{"type":"MultiLineString","coordinates":[[[-151.674184,64.301378],[-151.679677,64.305732],[-151.696401,64.324978],[-151.701812,64.329372],[-151.764638,64.338487],[-151.785919,64.337226],[-151.83023,64.326361],[-151.89627,64.320258],[-151.904937,64.321357],[-151.92398,64.326361],[-151.943593,64.328803],[-152.206532,64.326117],[-152.236358,64.32038],[-152.424957,64.233181],[-152.456288,64.211697],[-152.463735,64.205024],[-152.475738,64.190131],[-152.502797,64.144639],[-152.517974,64.1317],[-152.554229,64.111925],[-152.568145,64.096625],[-152.562286,64.092231],[-152.548126,64.076117],[-152.594757,64.039008],[-152.603383,64.027655],[-152.598419,64.007392],[-152.568756,63.972235],[-152.572011,63.956],[-152.57901,63.950954],[-152.604604,63.94184],[-152.612213,63.940375],[-152.632843,63.944037],[-152.641835,63.944119],[-152.660146,63.941026],[-152.724965,63.921495],[-152.804596,63.912218],[-152.824859,63.903998],[-152.862335,63.880235],[-152.88268,63.87169],[-152.965728,63.856513],[-152.99234,63.847235],[-152.999135,63.843533],[-153.027821,63.817816],[-153.039215,63.810492],[-153.051788,63.805243],[-153.066274,63.801459],[-153.150909,63.790595],[-153.159576,63.786892],[-153.164215,63.780951],[-153.163075,63.775092],[-153.158437,63.770372],[-153.148101,63.762152],[-153.159657,63.751573],[-153.178212,63.739773],[-153.197987,63.730048],[-153.21288,63.72602],[-153.375844,63.704657],[-153.426625,63.684516],[-153.464711,63.65587],[-153.466705,63.622992],[-153.483673,63.594997],[-153.495717,63.581122],[-153.518666,63.572048],[-153.533193,63.557888],[-153.538116,63.554755],[-153.542266,63.553046],[-153.54186,63.54914],[-153.540517,63.544623],[-153.54186,63.541042],[-153.550445,63.537624],[-153.567535,63.536689],[-153.575958,63.534247],[-153.588043,63.525906],[-153.619537,63.494574],[-153.624989,63.4914],[-153.641469,63.486396],[-153.649037,63.483018],[-153.669952,63.469102],[-153.698354,63.458686],[-153.75768,63.451728],[-153.786285,63.444363],[-153.796173,63.438503],[-153.803131,63.431098],[-153.815826,63.413886],[-153.839874,63.391954],[-153.866689,63.373481],[-153.881012,63.366889],[-153.926178,63.355048],[-153.938873,63.346503],[-153.954823,63.32392],[-153.96524,63.312934],[-153.979034,63.307196],[-153.9971,63.303046],[-154.013214,63.296983],[-154.021352,63.285997],[-154.002349,63.27794],[-153.99295,63.271796],[-153.989654,63.264187],[-153.997426,63.25491],[-154.012563,63.252143],[-154.041168,63.253119],[-154.060455,63.248236],[-154.109609,63.219794],[-154.127838,63.215928],[-154.18399,63.21308],[-154.202748,63.207099],[-154.220123,63.198269],[-154.251332,63.174506],[-154.27831,63.161241],[-154.309845,63.159125],[-154.341949,63.160468],[-154.370473,63.157497],[-154.45519,63.134467],[-154.476918,63.11994],[-154.490264,63.116034],[-154.504018,63.123399],[-154.516225,63.132392],[-154.525014,63.133572],[-154.575917,63.109687],[-154.63797,63.10224],[-154.655304,63.102484],[-154.703481,63.109687],[-154.719879,63.107693],[-154.724233,63.101752],[-154.72057,63.07864]]]}},{"type":"Feature","properties":{"dissolve":"23River","scalerank":2.0,"featurecla":"River","name":"St. Lawrence","name_alt":null,"rivernum":23,"note":null,"min_zoom":2.1,"name_en":"St. Lawrence","min_label":3.1},"bbox":[-75.791982,44.497016,-74.712961,45.010321],"geometry":{"type":"MultiLineString","coordinates":[[[-74.712961,44.999294],[-74.742299,44.999091],[-74.869252,45.010321],[-74.887278,45.009589],[-74.90453,45.005439],[-74.940907,44.987982],[-74.99942,44.972683],[-75.015696,44.966173],[-75.059478,44.94127],[-75.076405,44.935736],[-75.130442,44.925401],[-75.270985,44.86404],[-75.70051,44.581895],[-75.755442,44.527859],[-75.791982,44.497016]]]}},{"type":"Feature","properties":{"dissolve":"249Lake Centerline","scalerank":6.0,"featurecla":"Lake Centerline","name":"San Joaquin","name_alt":null,"rivernum":249,"note":null,"min_zoom":5.0,"name_en":"San Joaquin","min_label":6.0},"bbox":[-119.697906,37.000434,-119.600819,37.062323],"geometry":{"type":"MultiLineString","coordinates":[[[-119.697906,37.000434],[-119.667063,37.016872],[-119.649322,37.025214],[-119.617055,37.037665],[-119.600819,37.062323]]]}},{"type":"Feature","properties":{"dissolve":"249River","scalerank":6.0,"featurecla":"River","name":"San Joaquin","name_alt":null,"rivernum":249,"note":null,"min_zoom":5.0,"name_en":"San Joaquin","min_label":6.0},"bbox":[-121.445424,36.767646,-118.736724,38.007676],"geometry":{"type":"MultiLineString","coordinates":[[[-121.203969,37.651394],[-121.25182,37.695828],[-121.249257,37.702501],[-121.239125,37.715766],[-121.238149,37.719672],[-121.246002,37.725613],[-121.254791,37.726874],[-121.263661,37.724555],[-121.271637,37.719672],[-121.272694,37.750312],[-121.292144,37.796007],[-121.309722,37.881781],[-121.309316,37.907416],[-121.299631,37.932563],[-121.308949,37.936794],[-121.310455,37.943305],[-121.310129,37.951239],[-121.313832,37.959906],[-121.322377,37.967068],[-121.338694,37.973944],[-121.348012,37.980333],[-121.365305,37.995673],[-121.378285,38.003852],[-121.394846,38.007107],[-121.42634,38.007676],[-121.445424,38.00377]],[[-118.736724,37.095974],[-118.757721,37.124091],[-118.789174,37.179307],[-118.808217,37.203192],[-118.825022,37.216661],[-118.846588,37.227607],[-118.915354,37.242255],[-118.931956,37.250841],[-118.946116,37.271755],[-118.957753,37.3074],[-118.976308,37.323106],[-119.017649,37.341254],[-119.040639,37.347439],[-119.062611,37.34988],[-119.081614,37.354926],[-119.093088,37.367296],[-119.107289,37.398261],[-119.113881,37.406684],[-119.13858,37.425849],[-119.144195,37.431912],[-119.167104,37.465399],[-119.17809,37.477118],[-119.191314,37.48371],[-119.207509,37.481798],[-119.218373,37.473944],[-119.237945,37.439521],[-119.295766,37.375271],[-119.30602,37.357856],[-119.312082,37.339057],[-119.316151,37.283637],[-119.318959,37.274929],[-119.32726,37.258368],[-119.336171,37.217231],[-119.341949,37.20307],[-119.361928,37.176296],[-119.372222,37.166693],[-119.384429,37.162055],[-119.400624,37.164008],[-119.427113,37.175076],[-119.442983,37.178331],[-119.452219,37.173041],[-119.455068,37.15644],[-119.457875,37.148993],[-119.464467,37.143907],[-119.472279,37.143134],[-119.500885,37.146186],[-119.520904,37.143581],[-119.529937,37.139594],[-119.536041,37.132107],[-119.53718,37.121039],[-119.531321,37.099473],[-119.533803,37.088568],[-119.54662,37.076972],[-119.564524,37.070746],[-119.600738,37.062527]],[[-119.697987,37.000434],[-119.708608,36.986762],[-119.723704,36.975165],[-119.733306,36.958279],[-119.736684,36.935574],[-119.740224,36.927191],[-119.748647,36.916815],[-119.758941,36.907986],[-119.767974,36.904161],[-119.774973,36.900214],[-119.785268,36.879747],[-119.7919,36.870673],[-119.806874,36.862006],[-119.824859,36.858018],[-119.870717,36.857001],[-119.881825,36.854804],[-119.900868,36.844997],[-119.911977,36.8428],[-119.925933,36.832546],[-119.933258,36.828803],[-119.939036,36.830512],[-119.944081,36.834093],[-119.949574,36.835964],[-119.967681,36.834499],[-120.012359,36.821885],[-120.024526,36.820868],[-120.034901,36.82571],[-120.051747,36.829698],[-120.07665,36.824652],[-120.12149,36.808621],[-120.130727,36.804145],[-120.155019,36.788764],[-120.16747,36.785915],[-120.200022,36.788764],[-120.219797,36.784491],[-120.257476,36.768134],[-120.278554,36.767646],[-120.288564,36.774237],[-120.300282,36.785264],[-120.312164,36.793647],[-120.322621,36.791856],[-120.337514,36.786241],[-120.349762,36.795111],[-120.358022,36.809149],[-120.361073,36.819159],[-120.374135,36.83572],[-120.425893,36.863389],[-120.429351,36.883734],[-120.439524,36.893866],[-120.437896,36.905829],[-120.43456,36.917996],[-120.43928,36.929023],[-120.447987,36.937934],[-120.463002,36.958075],[-120.474355,36.969997],[-120.52477,37.049343],[-120.529286,37.062527],[-120.550852,37.094062],[-120.559722,37.103461],[-120.57372,37.110704],[-120.614369,37.117743],[-120.624908,37.124864],[-120.643666,37.145616],[-120.655263,37.151882],[-120.666412,37.152289],[-120.700266,37.148301],[-120.710561,37.144395],[-120.725901,37.151923],[-120.739613,37.162421],[-120.745473,37.175971],[-120.737213,37.192816],[-120.791127,37.229844],[-120.799916,37.24372],[-120.803212,37.268622],[-120.813303,37.283149],[-120.830149,37.290798],[-120.874827,37.300116],[-120.902333,37.30976],[-120.926259,37.323432],[-120.936431,37.339911],[-120.938466,37.345323],[-120.960317,37.378363],[-120.965566,37.400824],[-120.96996,37.411933],[-120.976308,37.418158],[-121.00536,37.439236],[-121.012034,37.44835],[-121.022369,37.467882],[-121.02892,37.476426],[-121.1315,37.567003],[-121.148508,37.585964],[-121.160512,37.6258],[-121.172678,37.636298],[-121.203969,37.651475]]]}},{"type":"Feature","properties":{"dissolve":"266Lake Centerline","scalerank":6.0,"featurecla":"Lake Centerline","name":"South Saskatchewan","name_alt":null,"rivernum":266,"note":null,"min_zoom":5.0,"name_en":"South Saskatchewan","min_label":6.0},"bbox":[-108.005727,50.629014,-106.635569,51.262397],"geometry":{"type":"MultiLineString","coordinates":[[[-106.853098,51.262397],[-106.817616,51.217882],[-106.773793,51.167833],[-106.720611,51.130805],[-106.656239,51.109931],[-106.635569,51.085517],[-106.708608,51.056912],[-106.758901,51.040391],[-106.807281,51.033759],[-106.858225,51.03205],[-106.88679,50.998603],[-106.897939,50.952663],[-106.916127,50.925605],[-106.949208,50.904608],[-106.965566,50.883572],[-106.955881,50.850043],[-106.956654,50.822089],[-106.977366,50.795437],[-106.999908,50.771593],[-107.028676,50.753974],[-107.072743,50.743842],[-107.122955,50.752387],[-107.172475,50.754421],[-107.215728,50.739122],[-107.247792,50.720893],[-107.283559,50.702745],[-107.332834,50.696967],[-107.384592,50.696112],[-107.422434,50.682644],[-107.45401,50.663031],[-107.481353,50.64765],[-107.513661,50.634833],[-107.551137,50.629014],[-107.584828,50.643134],[-107.627349,50.658026],[-107.662668,50.663031],[-107.703114,50.662624],[-107.753651,50.664618],[-107.810129,50.671698],[-107.867828,50.676215],[-107.910227,50.673163],[-107.948964,50.661322],[-107.985422,50.656562],[-108.005727,50.658026]]]}},{"type":"Feature","properties":{"dissolve":"266River","scalerank":6.0,"featurecla":"River","name":"South Saskatchewan","name_alt":null,"rivernum":266,"note":null,"min_zoom":5.0,"name_en":"South Saskatchewan","min_label":6.0},"bbox":[-116.422027,49.890896,-105.065053,53.240424],"geometry":{"type":"MultiLineString","coordinates":[[[-116.422027,51.667304],[-116.395741,51.671983],[-116.363759,51.662869],[-116.335032,51.645779],[-116.318349,51.626329],[-116.316396,51.615261],[-116.318349,51.577948],[-116.314605,51.571804],[-116.30899,51.566433],[-116.306508,51.558417],[-116.312164,51.544379],[-116.301178,51.537665],[-116.27123,51.50963],[-116.243276,51.489814],[-116.223785,51.467637],[-116.215321,51.460761],[-116.190541,51.446153],[-116.17748,51.440253],[-116.145497,51.431342],[-116.140289,51.42768],[-116.107818,51.387152],[-116.091664,51.372341],[-116.07315,51.359483],[-116.062123,51.354763],[-116.038726,51.34809],[-116.027699,51.342841],[-116.007965,51.325141],[-116.000559,51.320095],[-115.992055,51.316759],[-115.965972,51.31155],[-115.868398,51.270372],[-115.814931,51.261908],[-115.798899,51.256049],[-115.78893,51.248399],[-115.772613,51.228542],[-115.763539,51.219672],[-115.722524,51.194363],[-115.706125,51.188259],[-115.689687,51.187771],[-115.656077,51.192939],[-115.644439,51.190741],[-115.62621,51.178412],[-115.61498,51.178412],[-115.541575,51.209093],[-115.538564,51.209581],[-115.527252,51.208197],[-115.501943,51.200263],[-115.46524,51.193223],[-115.453765,51.189032],[-115.442779,51.18183],[-115.389882,51.128241],[-115.360951,51.1046],[-115.327219,51.091091],[-115.313466,51.08747],[-115.305776,51.082465],[-115.291005,51.065619],[-115.260243,51.054999],[-115.228179,51.069363],[-115.196401,51.090522],[-115.166168,51.100287],[-115.135894,51.09573],[-115.122914,51.096462],[-115.106435,51.103135],[-115.022532,51.150255],[-114.962961,51.169216],[-114.943959,51.1706],[-114.935902,51.168891],[-114.929107,51.166327],[-114.921742,51.164618],[-114.912262,51.165839],[-114.905507,51.168769],[-114.886952,51.181179],[-114.870188,51.186387],[-114.836171,51.189643],[-114.819407,51.19363],[-114.813303,51.197048],[-114.801869,51.205878],[-114.673695,51.247504],[-114.6551,51.248847],[-114.620758,51.246161],[-114.587148,51.238959],[-114.555043,51.226752],[-114.517201,51.204901],[-114.508168,51.202094],[-114.489573,51.19892],[-114.479604,51.195624],[-114.454742,51.179511],[-114.439443,51.175808],[-114.389556,51.176581],[-114.382192,51.175076],[-114.368031,51.169501],[-114.331939,51.146918],[-114.321278,51.143337],[-114.315053,51.143012],[-114.288319,51.144721],[-114.27302,51.142361],[-114.265614,51.140001],[-114.260854,51.136094],[-114.251454,51.1164],[-114.245473,51.111518],[-114.238637,51.109931],[-114.198964,51.108588],[-114.196278,51.108222],[-114.193715,51.107001],[-114.1905,51.102973],[-114.183949,51.090928],[-114.18102,51.088406],[-114.169342,51.085476],[-114.133046,51.069037],[-114.12267,51.060492],[-114.120107,51.060329],[-114.113352,51.055447],[-114.110748,51.055284],[-114.101796,51.051866],[-114.070424,51.047065],[-114.063588,51.04503],[-114.056142,51.043728],[-114.015126,51.021104],[-114.015126,51.01496],[-114.032379,50.998358],[-114.039052,50.982367],[-114.035715,50.96369],[-114.022613,50.939236],[-114.018666,50.937608],[-114.012685,50.937934],[-114.006337,50.937079],[-114.001536,50.931749],[-114.003163,50.929999],[-114.008372,50.908474],[-114.006337,50.896674],[-114.001373,50.885769],[-113.99474,50.876654],[-113.987864,50.870307],[-113.991078,50.869412],[-113.993764,50.869412],[-113.995188,50.868191],[-113.9947,50.863471],[-113.965403,50.855984],[-113.845448,50.846381],[-113.834625,50.842353],[-113.816518,50.829372],[-113.791615,50.815375],[-113.777496,50.81155],[-113.768056,50.815741],[-113.678212,50.803168],[-113.587229,50.802069],[-113.559641,50.808661],[-113.544545,50.810248],[-113.532297,50.805121],[-113.515614,50.794867],[-113.501129,50.796902],[-113.473948,50.815741],[-113.450551,50.826483],[-113.4287,50.830268],[-113.374338,50.829372],[-113.369862,50.832465],[-113.346995,50.853217],[-113.338043,50.855984],[-113.326405,50.853054],[-113.31432,50.848456],[-113.303822,50.8463],[-113.291575,50.848904],[-113.268219,50.859931],[-113.256256,50.863959],[-113.241526,50.865505],[-113.196156,50.863471],[-113.182362,50.861151],[-113.162913,50.854804],[-113.145619,50.845038],[-113.138092,50.83279],[-113.142568,50.794053],[-113.144358,50.788398],[-113.152577,50.778266],[-113.144032,50.772284],[-113.110829,50.767279],[-113.079457,50.768093],[-113.069244,50.767279],[-113.037343,50.755805],[-113.025136,50.754218],[-112.9829,50.758572],[-112.961659,50.765733],[-112.943715,50.791938],[-112.922841,50.798285],[-112.898183,50.798774],[-112.878041,50.795193],[-112.871938,50.790839],[-112.869781,50.779364],[-112.864369,50.774726],[-112.851796,50.771186],[-112.843577,50.771552],[-112.837148,50.773546],[-112.829661,50.774726],[-112.810292,50.772569],[-112.777211,50.76321],[-112.75768,50.761054],[-112.739084,50.76321],[-112.704091,50.772569],[-112.689361,50.774726],[-112.672963,50.779486],[-112.660756,50.788438],[-112.650014,50.794013],[-112.637847,50.788398],[-112.614573,50.776068],[-112.600942,50.768093],[-112.589467,50.761054],[-112.576568,50.760443],[-112.559926,50.761664],[-112.542714,50.76085],[-112.527984,50.754218],[-112.52245,50.744452],[-112.531484,50.739936],[-112.562123,50.733751],[-112.550689,50.724677],[-112.52595,50.71544],[-112.514312,50.706488],[-112.526194,50.691962],[-112.512522,50.681179],[-112.491282,50.668402],[-112.480214,50.648139],[-112.466135,50.633409],[-112.434193,50.623603],[-112.399566,50.619981],[-112.377797,50.623887],[-112.370351,50.608751],[-112.376129,50.596259],[-112.386098,50.584744],[-112.391428,50.572333],[-112.387685,50.56505],[-112.37914,50.561143],[-112.36974,50.558458],[-112.363515,50.554999],[-112.358876,50.547065],[-112.357655,50.541449],[-112.357655,50.535712],[-112.352284,50.496609],[-112.348622,50.483588],[-112.339955,50.469997],[-112.326812,50.457628],[-112.314198,50.449001],[-112.303293,50.439521],[-112.295237,50.42532],[-112.288442,50.42532],[-112.263092,50.435736],[-112.223378,50.434638],[-112.185292,50.425482],[-112.164906,50.411566],[-112.172353,50.404812],[-112.170481,50.389716],[-112.17809,50.34516],[-112.175771,50.335883],[-112.163645,50.329779],[-112.160064,50.315619],[-112.158315,50.299384],[-112.151235,50.287462],[-112.133901,50.282172],[-112.113637,50.279608],[-112.096791,50.273505],[-112.089752,50.257392],[-112.085357,50.242865],[-112.076975,50.230902],[-112.071523,50.219265],[-112.07608,50.205593],[-112.05309,50.199815],[-111.995839,50.209784],[-111.966217,50.205593],[-111.942291,50.190253],[-111.925933,50.183621],[-111.918528,50.188788],[-111.91161,50.205593],[-111.896108,50.203396],[-111.879872,50.192979],[-111.849599,50.164618],[-111.846425,50.157538],[-111.846059,50.150946],[-111.843373,50.146064],[-111.832834,50.14411],[-111.816477,50.143378],[-111.80724,50.141059],[-111.781321,50.130439],[-111.762196,50.129584],[-111.696645,50.136746],[-111.678293,50.14411],[-111.644399,50.121161],[-111.613393,50.092882],[-111.60733,50.083197],[-111.608795,50.076239],[-111.611684,50.069932],[-111.609975,50.062201],[-111.601064,50.054755],[-111.590688,50.05154],[-111.581451,50.046576],[-111.575836,50.034247],[-111.590443,50.030707],[-111.593821,50.022976],[-111.593332,50.012274],[-111.596303,50.000067],[-111.596913,49.994696],[-111.596059,49.987982],[-111.596099,49.982123],[-111.599436,49.9796],[-111.628245,49.98074],[-111.637318,49.9796],[-111.652089,49.974962],[-111.658681,49.969794],[-111.663157,49.962714],[-111.671457,49.952338],[-111.681874,49.944892],[-111.692209,49.940131],[-111.700836,49.93476],[-111.703969,49.928982]],[[-106.853261,51.262641],[-106.865631,51.273993],[-106.905995,51.309272],[-106.926259,51.316596],[-106.954335,51.319607],[-106.968984,51.328681],[-106.976715,51.343573],[-106.983998,51.364366],[-106.996327,51.384345],[-107.014882,51.401882],[-107.036122,51.414252],[-107.05602,51.419013],[-107.069203,51.429267],[-107.074615,51.453192],[-107.074045,51.500922],[-107.067006,51.5456],[-107.059804,51.568183],[-107.049184,51.586615],[-107.041249,51.59394],[-107.029937,51.601874],[-107.017974,51.608222],[-106.997792,51.613308],[-106.990956,51.619574],[-106.977773,51.637478],[-106.940256,51.663275],[-106.85497,51.693915],[-106.813832,51.716864],[-106.79719,51.7237],[-106.792226,51.726874],[-106.789215,51.734076],[-106.786041,51.751654],[-106.782297,51.758165],[-106.727651,51.813178],[-106.729807,51.830756],[-106.754954,51.899726],[-106.764882,51.918647],[-106.759836,51.931667],[-106.765614,51.952419],[-106.768544,51.971625],[-106.754709,51.980089],[-106.713368,51.990994],[-106.707997,52.002265],[-106.711985,52.013861],[-106.719146,52.025092],[-106.723948,52.035346],[-106.713368,52.075751],[-106.678375,52.105984],[-106.637196,52.1317],[-106.607818,52.158881],[-106.606272,52.165229],[-106.603383,52.185492],[-106.600413,52.19363],[-106.590199,52.202948],[-106.565785,52.210517],[-106.556304,52.21662],[-106.484364,52.27558],[-106.476186,52.280626],[-106.470286,52.283311],[-106.464345,52.287218],[-106.45641,52.296007],[-106.452056,52.30329],[-106.445546,52.318793],[-106.401967,52.379747],[-106.388173,52.391669],[-106.375722,52.395128],[-106.343902,52.400092],[-106.333567,52.40587],[-106.327789,52.41828],[-106.325185,52.443549],[-106.316477,52.457099],[-106.289174,52.48078],[-106.165924,52.55268],[-106.154775,52.562934],[-106.130116,52.622748],[-106.111724,52.650499],[-106.107574,52.662543],[-106.113189,52.689968],[-106.111806,52.700873],[-106.100168,52.706895],[-106.114166,52.722357],[-106.120595,52.727403],[-106.117421,52.740994],[-106.129506,52.759833],[-106.128041,52.775214],[-106.122874,52.780951],[-106.107167,52.785183],[-106.100168,52.789496],[-106.097076,52.7956],[-106.095204,52.810492],[-106.093332,52.816759],[-106.076894,52.835517],[-106.055776,52.852566],[-106.038157,52.870714],[-106.03185,52.892524],[-106.03185,52.885077],[-106.02892,52.906073],[-106.012115,52.913845],[-105.945383,52.911404],[-105.913197,52.905382],[-105.894114,52.905585],[-105.743886,52.933458],[-105.749094,52.968573],[-105.711293,52.997748],[-105.657379,53.016954],[-105.614125,53.022244],[-105.591217,53.016425],[-105.569203,53.008002],[-105.54719,53.003363],[-105.52477,53.008612],[-105.519602,53.013739],[-105.510487,53.035915],[-105.504018,53.04267],[-105.496816,53.04739],[-105.489735,53.053331],[-105.483795,53.063829],[-105.490102,53.072089],[-105.495107,53.084581],[-105.496327,53.098578],[-105.491282,53.111029],[-105.481516,53.115424],[-105.453033,53.11876],[-105.44286,53.118476],[-105.414906,53.159451],[-105.399973,53.163642],[-105.322092,53.156033],[-105.309722,53.151719],[-105.27599,53.134101],[-105.264963,53.132392],[-105.246693,53.132107],[-105.221303,53.138617],[-105.180572,53.1671],[-105.120188,53.17829],[-105.084543,53.189399],[-105.069447,53.202826],[-105.099599,53.214667],[-105.077626,53.221625],[-105.069569,53.226996],[-105.065053,53.240424]],[[-111.706166,49.93122],[-111.703969,49.928982]],[[-111.703969,49.928982],[-111.690907,49.915595],[-111.670806,49.902777],[-111.648752,49.89407],[-111.627349,49.890896],[-111.611562,49.89529],[-111.569,49.914252],[-111.547922,49.918158],[-111.478586,49.898627],[-111.462554,49.90115],[-111.453236,49.90705],[-111.445383,49.909369],[-111.440053,49.914333],[-111.438059,49.928087],[-111.425038,49.96662],[-111.411488,49.968126],[-111.390736,49.966579],[-111.371897,49.969062],[-111.363596,49.983018],[-111.361806,49.995388],[-111.356842,50.0008],[-111.349273,50.004259],[-111.334828,50.013699],[-111.329701,50.014594],[-111.318593,50.014431],[-111.311513,50.017117],[-111.307485,50.023301],[-111.305002,50.029975],[-111.302113,50.034247],[-111.28303,50.042914],[-111.263905,50.047065],[-111.195383,50.051215],[-111.150136,50.061835],[-111.130238,50.062201],[-111.106597,50.055976],[-111.048248,50.027411],[-111.018666,50.036444],[-110.961171,50.023261],[-110.931549,50.027411],[-110.924143,50.034247],[-110.917958,50.04328],[-110.909291,50.051337],[-110.879709,50.058132],[-110.836008,50.082709],[-110.828236,50.07628],[-110.825266,50.070868],[-110.823069,50.065253],[-110.817983,50.058417],[-110.811147,50.054877],[-110.803456,50.054796],[-110.795481,50.055691],[-110.787587,50.054755],[-110.743235,50.036933],[-110.726145,50.034247],[-110.664052,50.034247],[-110.650054,50.040798],[-110.642812,50.048407],[-110.629954,50.069037],[-110.640289,50.07864],[-110.64859,50.091376],[-110.657867,50.098171],[-110.670888,50.089464],[-110.680816,50.092149],[-110.687123,50.096788],[-110.690419,50.103787],[-110.691396,50.113715],[-110.688059,50.125434],[-110.679921,50.128607],[-110.669993,50.129421],[-110.661,50.133857],[-110.644887,50.136746],[-110.592681,50.134141],[-110.581532,50.140692],[-110.579172,50.154731],[-110.574615,50.168484],[-110.572011,50.182888],[-110.575307,50.199327],[-110.590688,50.217841],[-110.632395,50.231798],[-110.65038,50.246527],[-110.625152,50.260688],[-110.613271,50.27143],[-110.609446,50.287462],[-110.613922,50.290635],[-110.62328,50.293728],[-110.632558,50.298122],[-110.63679,50.305487],[-110.634145,50.31037],[-110.621327,50.316677],[-110.616282,50.322292],[-110.615142,50.330105],[-110.616444,50.346462],[-110.612864,50.353298],[-110.598988,50.367947],[-110.593495,50.375596],[-110.588979,50.383653],[-110.585032,50.39765],[-110.585357,50.421454],[-110.581532,50.432156],[-110.588979,50.4383],[-110.574778,50.455919],[-110.563588,50.461778],[-110.539174,50.451117],[-110.523346,50.452826],[-110.499582,50.459418],[-110.450795,50.42768],[-110.420766,50.4171],[-110.389719,50.42532],[-110.389719,50.432156],[-110.411855,50.442491],[-110.411936,50.457546],[-110.399281,50.473578],[-110.389719,50.486762],[-110.389394,50.492621],[-110.395497,50.52029],[-110.396962,50.558295],[-110.393544,50.574408],[-110.382436,50.58515],[-110.322011,50.595526],[-110.251088,50.623725],[-110.208485,50.630154],[-110.195221,50.634874],[-110.150746,50.672309],[-110.141713,50.687079],[-110.128163,50.721747],[-110.116038,50.733751],[-110.098948,50.736151],[-110.059885,50.732489],[-110.047109,50.739936],[-110.045481,50.756863],[-110.054799,50.772569],[-110.075063,50.795193],[-110.06607,50.807888],[-110.044993,50.82038],[-110.020904,50.829861],[-110.003041,50.839911],[-109.991811,50.852851],[-109.991567,50.859402],[-110.009877,50.873725],[-110.017893,50.885443],[-110.017649,50.893826],[-110.010854,50.899929],[-109.999338,50.905056],[-109.974599,50.907253],[-109.92809,50.898505],[-109.907135,50.908474],[-109.899485,50.913398],[-109.891713,50.916368],[-109.88565,50.920437],[-109.879628,50.943183],[-109.870229,50.950507],[-109.857086,50.953152],[-109.842275,50.953477],[-109.816233,50.950059],[-109.761586,50.935167],[-109.735829,50.931749],[-109.721669,50.932318],[-109.709706,50.935248],[-109.701405,50.942654],[-109.698232,50.95661],[-109.693105,50.971218],[-109.680979,50.974962],[-109.657338,50.972724],[-109.609242,50.975653],[-109.464263,50.959662],[-109.424469,50.966986],[-109.346913,50.998603],[-109.307851,51.008124],[-109.114125,51.021755],[-109.050608,51.01496],[-108.986969,51.022406],[-108.964589,51.021104],[-108.946156,51.014228],[-108.906321,50.991807],[-108.892649,50.987006],[-108.869618,50.982856],[-108.846995,50.972724],[-108.806996,50.946072],[-108.783925,50.954698],[-108.754791,50.961208],[-108.724273,50.963487],[-108.697133,50.959662],[-108.643666,50.934516],[-108.61205,50.928005],[-108.581044,50.939236],[-108.563385,50.931098],[-108.518463,50.923774],[-108.499135,50.918158],[-108.478627,50.905056],[-108.465077,50.896511],[-108.454091,50.88288],[-108.446604,50.86579],[-108.443837,50.846747],[-108.443105,50.825548],[-108.439076,50.809597],[-108.428822,50.795681],[-108.409739,50.780951],[-108.362375,50.75849],[-108.355092,50.7508],[-108.348866,50.740546],[-108.306711,50.699001],[-108.268422,50.676785],[-108.228098,50.666815],[-108.185902,50.666287],[-108.101226,50.67768],[-108.067006,50.676825],[-108.034535,50.670111],[-108.005727,50.658026]],[[-111.703969,49.928982],[-111.706166,49.924994]]]}},{"type":"Feature","properties":{"dissolve":"275Lake Centerline","scalerank":4.0,"featurecla":"Lake Centerline","name":"Nelson","name_alt":null,"rivernum":275,"note":null,"min_zoom":4.0,"name_en":"Nelson","min_label":5.0},"bbox":[-98.018381,50.979275,-94.779408,56.393826],"geometry":{"type":"MultiLineString","coordinates":[[[-95.431142,56.339179],[-95.370473,56.348497],[-95.352773,56.349148],[-95.289174,56.3581],[-95.256256,56.360907],[-95.236155,56.367133],[-95.206654,56.380805],[-95.152659,56.387274],[-95.079986,56.380805],[-95.021067,56.370225],[-94.926381,56.391954],[-94.859039,56.390692],[-94.779408,56.393826]],[[-96.552642,56.062812],[-96.539215,56.087592],[-96.522532,56.110175],[-96.488393,56.12226],[-96.435618,56.132514],[-96.371938,56.133734],[-96.306508,56.127509],[-96.254384,56.134711],[-96.217152,56.147406],[-96.182037,56.178087],[-96.160024,56.221869],[-96.130849,56.242377],[-96.075592,56.244208],[-96.02066,56.251044],[-95.945546,56.282091],[-95.906809,56.283962],[-95.84203,56.290798],[-95.840891,56.291205]],[[-97.945546,54.948188],[-97.922109,54.955105],[-97.838694,54.974636],[-97.801137,54.992947],[-97.739084,55.03266],[-97.709218,55.053412],[-97.679433,55.072374],[-97.614898,55.119493],[-97.577626,55.131944],[-97.475819,55.155585],[-97.44107,55.166693],[-97.411285,55.184678],[-97.3815,55.199042],[-97.342763,55.20893],[-97.254058,55.235622]],[[-97.901479,54.704657],[-97.897206,54.691718],[-97.885487,54.66767],[-97.864125,54.645616],[-97.832753,54.590684],[-97.791168,54.570828],[-97.790842,54.570746]],[[-96.597646,50.979275],[-96.588612,51.005398],[-96.586252,51.029324],[-96.58849,51.099962],[-96.58259,51.156928],[-96.586741,51.190701],[-96.593577,51.284613],[-96.594472,51.41824],[-96.633656,51.499823],[-96.696156,51.592841],[-96.739491,51.674913],[-96.778188,51.722357],[-96.852528,51.780707],[-96.976959,51.860907],[-97.093251,51.962999],[-97.174916,52.073798],[-97.28661,52.170966],[-97.457143,52.271308],[-97.589426,52.415351],[-97.631337,52.555365],[-97.71703,52.681667],[-97.803293,52.882676],[-97.859283,53.086493],[-97.908559,53.304511],[-97.913971,53.506049],[-97.913645,53.518622],[-97.911366,53.593126],[-97.889272,53.646064],[-97.857737,53.693793],[-97.868153,53.745388],[-97.957509,53.822333],[-97.995351,53.836737],[-98.018381,53.867011],[-98.015452,53.909247],[-98.005971,53.943956],[-97.992747,53.980577],[-97.963735,54.002305],[-97.931956,54.014268],[-97.88801,54.015977],[-97.831532,54.01321],[-97.789947,54.023464],[-97.767934,54.041693],[-97.755198,54.061876],[-97.740102,54.091091]]]}},{"type":"Feature","properties":{"dissolve":"275River","scalerank":4.0,"featurecla":"River","name":"Nelson","name_alt":null,"rivernum":275,"note":null,"min_zoom":4.0,"name_en":"Nelson","min_label":5.0},"bbox":[-98.034006,54.091091,-92.881947,56.921983],"geometry":{"type":"MultiLineString","coordinates":[[[-94.779408,56.393826],[-94.512318,56.387722],[-94.198883,56.429389],[-94.155629,56.455268],[-94.097808,56.515163],[-94.077056,56.524197],[-94.053822,56.527126],[-93.912587,56.574571],[-93.902415,56.589301],[-93.893544,56.606553],[-93.873036,56.625312],[-93.76476,56.699774],[-93.518788,56.812201],[-93.48762,56.840277],[-93.463857,56.869737],[-93.434926,56.894395],[-93.388499,56.907742],[-93.275502,56.907742],[-93.148874,56.921983],[-92.881947,56.914578]],[[-95.84203,56.290798],[-95.82901,56.295233],[-95.802235,56.308946],[-95.786773,56.311876],[-95.736684,56.310126],[-95.719106,56.311876],[-95.706654,56.316596],[-95.683665,56.329657],[-95.666982,56.332343],[-95.646962,56.331366],[-95.59496,56.318712],[-95.574574,56.325873],[-95.549387,56.327582],[-95.505605,56.325548],[-95.483469,56.327663],[-95.44933,56.336737],[-95.431142,56.339179]],[[-97.254058,55.235622],[-97.181264,55.23017],[-97.095815,55.235419],[-97.013905,55.252875],[-96.951772,55.284003],[-96.8426,55.393256],[-96.818227,55.406602],[-96.814687,55.410346],[-96.811025,55.418565],[-96.80248,55.428778],[-96.792388,55.437445],[-96.78425,55.441026],[-96.772817,55.449042],[-96.767486,55.467475],[-96.764312,55.488227],[-96.759389,55.503119],[-96.768056,55.539984],[-96.75536,55.585517],[-96.732045,55.628363],[-96.681223,55.689968],[-96.644928,55.759385],[-96.598215,55.823594],[-96.558339,55.918321],[-96.551422,55.92829],[-96.55191,55.939276],[-96.539866,56.004828],[-96.535146,56.014594],[-96.534088,56.020779],[-96.536285,56.026475],[-96.546132,56.035102],[-96.548411,56.040635],[-96.549794,56.047878],[-96.552235,56.054999],[-96.552642,56.062812]],[[-97.901479,54.704657],[-97.898183,54.719672],[-97.895823,54.732367],[-97.89977,54.741482],[-97.918202,54.74905],[-97.941477,54.742011],[-97.946889,54.754014],[-97.941314,54.773749],[-97.931874,54.789984],[-97.931874,54.797431],[-97.98648,54.79739],[-98.010854,54.803168],[-98.027455,54.817898],[-98.034006,54.835273],[-98.027943,54.840196],[-98.01651,54.844306],[-98.006988,54.858913],[-98.008941,54.865343],[-98.027455,54.886176],[-98.010365,54.909735],[-97.987416,54.921942],[-97.945546,54.948188]],[[-97.740102,54.091091],[-97.715972,54.101142],[-97.691518,54.115302],[-97.672597,54.133612],[-97.664947,54.156195],[-97.652089,54.17829],[-97.595326,54.214545],[-97.573801,54.255439],[-97.5572,54.273139],[-97.546498,54.291571],[-97.555776,54.310167],[-97.568349,54.313178],[-97.581695,54.311062],[-97.592356,54.313015],[-97.59675,54.328192],[-97.598012,54.341661],[-97.601715,54.352566],[-97.607981,54.360541],[-97.616567,54.365424],[-97.616322,54.377021],[-97.633209,54.387722],[-97.637685,54.399604],[-97.607289,54.438422],[-97.603383,54.446153],[-97.599843,54.451036],[-97.579213,54.46894],[-97.575022,54.475287],[-97.574818,54.488634],[-97.579416,54.49962],[-97.581776,54.508653],[-97.575022,54.516221],[-97.595123,54.529161],[-97.64566,54.530137],[-97.689931,54.550849],[-97.791168,54.570828]]]}},{"type":"Feature","properties":{"dissolve":"285River","scalerank":6.0,"featurecla":"River","name":"Chubut","name_alt":null,"rivernum":285,"note":null,"min_zoom":5.0,"name_en":"Chubut","min_label":6.0},"bbox":[-71.21996,-43.86183,-65.04662,-42.612237],"geometry":{"type":"MultiLineString","coordinates":[[[-70.899078,-43.392755],[-70.882436,-43.377455],[-70.878896,-43.360854],[-70.882436,-43.31935],[-70.878285,-43.296889],[-70.836415,-43.166192],[-70.834177,-43.145847],[-70.829335,-43.132501],[-70.806793,-43.094415],[-70.800038,-43.073907],[-70.79308,-43.018731],[-70.781646,-42.997003],[-70.757192,-42.978855],[-70.725535,-42.971856],[-70.687123,-42.969171],[-70.652333,-42.960951],[-70.631703,-42.938165],[-70.628285,-42.914565],[-70.630198,-42.86769],[-70.626047,-42.843683],[-70.60912,-42.800144],[-70.59789,-42.778985],[-70.58434,-42.760675],[-70.572865,-42.751153],[-70.54662,-42.737156],[-70.534332,-42.728692],[-70.521596,-42.71323],[-70.50178,-42.678399],[-70.487945,-42.664076],[-70.447011,-42.637628],[-70.403554,-42.61655],[-70.381093,-42.612237],[-70.317616,-42.620782],[-70.249013,-42.614679],[-70.155995,-42.631362],[-70.102651,-42.653171],[-70.069081,-42.660333],[-70.035064,-42.660333],[-70.002675,-42.650893],[-69.975168,-42.630711],[-69.965199,-42.62713],[-69.955068,-42.628757],[-69.924224,-42.64422],[-69.90099,-42.645929],[-69.833323,-42.632745],[-69.812123,-42.635919],[-69.771108,-42.650567],[-69.750111,-42.654799],[-69.691721,-42.657159],[-69.663238,-42.662042],[-69.636545,-42.674005],[-69.608225,-42.699558],[-69.581899,-42.734796],[-69.518707,-42.847101],[-69.383453,-42.997003],[-69.361562,-43.00864],[-69.330393,-43.020359],[-69.320465,-43.029229],[-69.297963,-43.073907],[-69.29011,-43.085789],[-69.227122,-43.154718],[-69.217193,-43.170343],[-69.205149,-43.202162],[-69.196889,-43.218194],[-69.180653,-43.23325],[-69.14037,-43.248956],[-69.12328,-43.261244],[-69.115061,-43.276381],[-69.116119,-43.290216],[-69.141021,-43.332371],[-69.14684,-43.345147],[-69.154368,-43.376153],[-69.154205,-43.38657],[-69.148874,-43.407159],[-69.148183,-43.418959],[-69.165151,-43.434503],[-69.153432,-43.45379],[-69.116933,-43.485772],[-69.100087,-43.494073],[-69.091135,-43.50628],[-69.085032,-43.520847],[-69.076568,-43.535658],[-69.064198,-43.547052],[-69.047719,-43.556817],[-68.980946,-43.580987],[-68.952545,-43.594903],[-68.928944,-43.614597],[-68.910308,-43.643487],[-68.907826,-43.652195],[-68.905832,-43.670587],[-68.902903,-43.679539],[-68.898427,-43.685724],[-68.887156,-43.696629],[-68.882639,-43.702813],[-68.869374,-43.73089],[-68.860178,-43.760431],[-68.858754,-43.791925],[-68.855051,-43.806329],[-68.8426,-43.819838],[-68.8155,-43.827325],[-68.786448,-43.819757],[-68.729848,-43.797214],[-68.654286,-43.7881],[-68.615102,-43.788018],[-68.579213,-43.793796],[-68.533925,-43.811537],[-68.515859,-43.813979],[-68.460601,-43.815118],[-68.442372,-43.819838],[-68.385406,-43.854832],[-68.36498,-43.86183],[-68.34203,-43.860691],[-68.275014,-43.834161],[-68.205719,-43.823256],[-68.19164,-43.816827],[-68.163686,-43.800144],[-68.148183,-43.794773],[-68.12914,-43.793878],[-68.11266,-43.797703],[-68.080637,-43.80991],[-68.04426,-43.817885],[-67.96288,-43.822117],[-67.905344,-43.818373],[-67.854115,-43.80405],[-67.83373,-43.801283],[-67.755279,-43.802667],[-67.696929,-43.793878],[-67.67984,-43.788018],[-67.633412,-43.763116],[-67.614817,-43.757257],[-67.556549,-43.753839],[-67.512685,-43.746433],[-67.427602,-43.719578],[-67.382721,-43.713718],[-67.28307,-43.714288],[-67.235666,-43.795343],[-67.205515,-43.824233],[-67.15567,-43.837416],[-67.095937,-43.834161],[-67.075592,-43.835789],[-67.034983,-43.851739],[-67.022532,-43.853448],[-67.016469,-43.850763],[-67.005076,-43.840183],[-66.999257,-43.83644],[-66.981801,-43.832859],[-66.929026,-43.833185],[-66.902455,-43.827813],[-66.892161,-43.828139],[-66.885569,-43.830906],[-66.871938,-43.839695],[-66.864695,-43.840997],[-66.848866,-43.835382],[-66.840403,-43.827569],[-66.830434,-43.822768],[-66.810536,-43.826511],[-66.759511,-43.846856],[-66.740305,-43.848158],[-66.687245,-43.836358],[-66.609039,-43.831069],[-66.480458,-43.79461],[-66.440582,-43.791518],[-66.440297,-43.79103],[-66.446848,-43.790541]],[[-71.21996,-43.581557],[-71.187571,-43.589207],[-71.130971,-43.621596],[-71.099436,-43.627781],[-71.049306,-43.616876],[-71.027252,-43.603041],[-71.018707,-43.5853],[-71.016103,-43.539972],[-71.009104,-43.517267],[-70.995595,-43.499444],[-70.960276,-43.469171],[-70.945668,-43.451023],[-70.922922,-43.41017],[-70.905832,-43.396173]],[[-66.457428,-43.744968],[-66.495351,-43.718276],[-66.50593,-43.702813],[-66.487904,-43.695977],[-66.466176,-43.693211],[-66.38858,-43.66253],[-66.370513,-43.650893],[-66.359202,-43.635675],[-66.365305,-43.618097],[-66.362498,-43.604913],[-66.334869,-43.596124],[-66.279368,-43.587335],[-66.220326,-43.556817],[-66.20051,-43.552586],[-66.191477,-43.551609],[-66.172353,-43.547296],[-66.159535,-43.546319],[-66.146108,-43.543959],[-66.13679,-43.5381],[-66.121693,-43.525242],[-66.055165,-43.501316],[-66.036,-43.498549],[-66.022288,-43.493097],[-65.941762,-43.444024],[-65.926259,-43.432061],[-65.899159,-43.404718],[-65.893422,-43.397312],[-65.887929,-43.387384],[-65.883738,-43.377618],[-65.882069,-43.369968],[-65.876047,-43.362481],[-65.861969,-43.357843],[-65.783559,-43.34767],[-65.754791,-43.349135],[-65.734364,-43.356622],[-65.716705,-43.358901],[-65.642486,-43.339207],[-65.600819,-43.340346],[-65.58727,-43.339207],[-65.55427,-43.327162],[-65.542551,-43.325535],[-65.526112,-43.320164],[-65.464345,-43.28338],[-65.45641,-43.275242],[-65.450347,-43.270685],[-65.443227,-43.270359],[-65.434804,-43.275079],[-65.432688,-43.28045],[-65.432281,-43.285984],[-65.425933,-43.296075],[-65.424998,-43.301202],[-65.422719,-43.306573],[-65.415924,-43.311863],[-65.410553,-43.311863],[-65.395253,-43.306329],[-65.388051,-43.305108],[-65.341786,-43.30698],[-65.327219,-43.305108],[-65.281565,-43.286472],[-65.265126,-43.28338],[-65.142079,-43.289565],[-65.084584,-43.305027],[-65.04662,-43.333429]]]}},{"type":"Feature","properties":{"dissolve":"289River","scalerank":6.0,"featurecla":"River","name":"Purús","name_alt":null,"rivernum":289,"note":null,"min_zoom":5.0,"name_en":"Purús","min_label":6.0},"bbox":[-72.426015,-10.92726,-61.379628,-3.66961],"geometry":{"type":"MultiLineString","coordinates":[[[-72.426015,-10.84474],[-72.388173,-10.901869],[-72.358876,-10.924819],[-72.323598,-10.92726],[-72.3131,-10.921401],[-72.297353,-10.904799],[-72.289459,-10.899347],[-72.279164,-10.895522],[-72.275299,-10.89601],[-72.272532,-10.900811],[-72.265248,-10.910007],[-72.250356,-10.913507],[-72.232045,-10.904962],[-72.21231,-10.892755],[-72.193267,-10.885675],[-72.181508,-10.886407],[-72.160959,-10.892267],[-72.151682,-10.893243],[-72.141835,-10.889662],[-72.129384,-10.883722],[-72.117014,-10.879734],[-72.107289,-10.882257],[-72.09968,-10.886895],[-72.086985,-10.892022],[-72.075022,-10.894057],[-72.069732,-10.8895],[-72.065582,-10.878839],[-72.055979,-10.876479],[-72.036244,-10.878839],[-71.977366,-10.860854],[-71.963938,-10.858412],[-71.950673,-10.854018],[-71.912099,-10.823663],[-71.881663,-10.801202],[-71.866689,-10.79282],[-71.847524,-10.789483],[-71.841664,-10.784682],[-71.837636,-10.773614],[-71.836781,-10.761244],[-71.844838,-10.743666],[-71.841664,-10.734796],[-71.835317,-10.726902],[-71.830149,-10.721856],[-71.816518,-10.715997],[-71.795806,-10.71087],[-71.776967,-10.703464],[-71.768666,-10.691095],[-71.764394,-10.68255],[-71.754018,-10.682306],[-71.730824,-10.687677],[-71.718658,-10.683608],[-71.686147,-10.653497],[-71.666737,-10.646905],[-71.641591,-10.642267],[-71.61974,-10.635431],[-71.610422,-10.622247],[-71.603098,-10.60296],[-71.585072,-10.599949],[-71.542144,-10.605808],[-71.47761,-10.605808],[-71.463531,-10.600274],[-71.448476,-10.587905],[-71.426096,-10.564304],[-71.391591,-10.539239],[-71.376088,-10.523126],[-71.377675,-10.508966],[-71.353871,-10.488132],[-71.296132,-10.466729],[-71.257721,-10.442885],[-71.245676,-10.440281],[-71.236969,-10.434259],[-71.233632,-10.416436],[-71.228261,-10.402765],[-71.214711,-10.397312],[-71.179677,-10.392267],[-71.139272,-10.378106],[-71.131296,-10.371759],[-71.128163,-10.351251],[-71.135854,-10.334812],[-71.146392,-10.320652],[-71.151723,-10.30698],[-71.146067,-10.301772],[-71.132802,-10.298761],[-71.107045,-10.296726],[-71.095815,-10.290541],[-71.058909,-10.260431],[-71.048695,-10.248224],[-71.056793,-10.228936],[-71.059316,-10.208836],[-71.052358,-10.193211],[-71.031972,-10.186863],[-71.023183,-10.149265],[-71.022206,-10.123468],[-71.031972,-10.111749],[-71.03718,-10.100112],[-71.030588,-10.07464],[-71.014597,-10.036554],[-70.983144,-10.005711],[-70.980784,-9.990248],[-71.000885,-9.974542],[-70.968332,-9.950372],[-70.956207,-9.947198],[-70.931508,-9.946629],[-70.92101,-9.942804],[-70.911529,-9.933526],[-70.920766,-9.910496],[-70.910756,-9.889093],[-70.878,-9.858412],[-70.859486,-9.834324],[-70.853505,-9.830499],[-70.797231,-9.812026],[-70.788686,-9.806004],[-70.783559,-9.795912],[-70.781158,-9.761163],[-70.777821,-9.75685],[-70.769643,-9.757826],[-70.754506,-9.755385],[-70.733266,-9.743992],[-70.713857,-9.7256],[-70.706166,-9.705092],[-70.719716,-9.686537],[-70.702138,-9.63006],[-70.690012,-9.605401],[-70.671946,-9.604669],[-70.659332,-9.581476],[-70.644032,-9.569268],[-70.623036,-9.564386],[-70.593455,-9.563653],[-70.588246,-9.565444],[-70.574656,-9.567722],[-70.565256,-9.565281],[-70.578847,-9.541681],[-70.576894,-9.528985],[-70.568674,-9.519057],[-70.555898,-9.515802],[-70.557932,-9.512384],[-70.560536,-9.504815],[-70.562652,-9.501642],[-70.544016,-9.493341],[-70.539052,-9.48089],[-70.536448,-9.464288],[-70.524526,-9.443862],[-70.504018,-9.417657],[-70.5006,-9.416192],[-70.493398,-9.407078],[-70.488637,-9.397882],[-70.486928,-9.385593],[-70.492747,-9.373549],[-70.502024,-9.367201],[-70.505605,-9.361668],[-70.494456,-9.351414],[-70.483998,-9.3506],[-70.472401,-9.354832],[-70.462961,-9.356378],[-70.459055,-9.347589],[-70.455922,-9.337254],[-70.44225,-9.316583],[-70.435129,-9.293878],[-70.426584,-9.302179],[-70.419057,-9.316827],[-70.41808,-9.323419],[-70.401845,-9.32586],[-70.386342,-9.318048],[-70.374827,-9.30169],[-70.370269,-9.279148],[-70.362294,-9.256524],[-70.34317,-9.248224],[-70.320546,-9.244155],[-70.301991,-9.234063],[-70.299916,-9.219659],[-70.300445,-9.175144],[-70.287343,-9.161554],[-70.287953,-9.152195],[-70.286855,-9.142755],[-70.277821,-9.138523],[-70.267486,-9.141127],[-70.257924,-9.146905],[-70.246978,-9.151788],[-70.233144,-9.152195],[-70.225209,-9.147638],[-70.216257,-9.139011],[-70.208852,-9.12892],[-70.2058,-9.121108],[-70.198476,-9.117201],[-70.162221,-9.114272],[-70.147776,-9.107436],[-70.132395,-9.090834],[-70.122996,-9.084324],[-70.112294,-9.083185],[-70.092844,-9.083836],[-70.077992,-9.080743],[-70.054799,-9.066583],[-70.037913,-9.063409],[-69.995473,-9.070245],[-69.979848,-9.069513],[-69.972239,-9.06642],[-69.963938,-9.058282],[-69.955963,-9.056573],[-69.945302,-9.058933],[-69.942494,-9.064467],[-69.942128,-9.07114],[-69.938873,-9.076349],[-69.914052,-9.088067],[-69.883656,-9.097589],[-69.861684,-9.093927],[-69.855458,-9.09881],[-69.863149,-9.118015],[-69.847279,-9.106622],[-69.814605,-9.064955],[-69.808583,-9.052748],[-69.799428,-9.047052],[-69.753,-9.046075],[-69.733469,-9.042901],[-69.727366,-9.036635],[-69.72468,-9.028823],[-69.719472,-9.022963],[-69.706166,-9.022963],[-69.703725,-9.027276],[-69.699818,-9.036147],[-69.694692,-9.045099],[-69.688466,-9.049168],[-69.671498,-9.052423],[-69.661977,-9.051935],[-69.657704,-9.046075],[-69.652699,-9.04046],[-69.641428,-9.039727],[-69.623606,-9.042901],[-69.619944,-9.048517],[-69.617055,-9.05755],[-69.612172,-9.064386],[-69.602447,-9.063409],[-69.599029,-9.05698],[-69.596588,-9.034356],[-69.5926,-9.026056],[-69.571848,-8.993504],[-69.565256,-8.988295],[-69.543935,-8.990411],[-69.490142,-9.007338],[-69.467641,-9.008803],[-69.448598,-8.998224],[-69.438629,-8.957208],[-69.434926,-8.950535],[-69.410715,-8.933038],[-69.3815,-8.898777],[-69.36974,-8.892022],[-69.347808,-8.888116],[-69.331207,-8.887628],[-69.31664,-8.882501],[-69.300852,-8.864679],[-69.285268,-8.836847],[-69.274566,-8.828627],[-69.253651,-8.823175],[-69.21581,-8.823175],[-69.195302,-8.816746],[-69.185414,-8.816339],[-69.197011,-8.800144],[-69.193837,-8.792657],[-69.182118,-8.78753],[-69.155588,-8.771661],[-69.113393,-8.757501],[-69.099436,-8.754815],[-69.092112,-8.756362],[-69.07726,-8.76214],[-69.068105,-8.761733],[-69.062001,-8.758966],[-69.0537,-8.751316],[-69.047597,-8.748061],[-69.029978,-8.743097],[-69.012441,-8.740899],[-68.995473,-8.744073],[-68.979319,-8.754815],[-68.971181,-8.740248],[-68.964182,-8.723565],[-68.954335,-8.714044],[-68.937734,-8.720717],[-68.926747,-8.707452],[-68.917388,-8.713067],[-68.904205,-8.740655],[-68.894154,-8.730401],[-68.887563,-8.728041],[-68.85554,-8.739435],[-68.846995,-8.743666],[-68.842152,-8.748061],[-68.842641,-8.757826],[-68.855946,-8.772638],[-68.855824,-8.782159],[-68.847239,-8.791518],[-68.835805,-8.794285],[-68.824086,-8.790948],[-68.814809,-8.782159],[-68.797678,-8.803074],[-68.780629,-8.785496],[-68.764394,-8.758477],[-68.749664,-8.751397],[-68.742502,-8.765151],[-68.743642,-8.797052],[-68.739735,-8.810073],[-68.727447,-8.817071],[-68.692738,-8.822442],[-68.678293,-8.83058],[-68.66804,-8.823175],[-68.660308,-8.830011],[-68.65038,-8.857924],[-68.650095,-8.865737],[-68.65331,-8.870457],[-68.6551,-8.875014],[-68.65038,-8.883966],[-68.645334,-8.885186],[-68.619944,-8.883966],[-68.617543,-8.890069],[-68.595082,-8.926202],[-68.596913,-8.931329],[-68.607045,-8.947117],[-68.609364,-8.954115],[-68.607167,-8.96087],[-68.59732,-8.975763],[-68.595082,-8.984552],[-68.596832,-9.001804],[-68.598988,-9.011407],[-68.59675,-9.019708],[-68.58552,-9.032647],[-68.569814,-9.043308],[-68.560496,-9.04046],[-68.547963,-9.022963],[-68.520863,-9.011163],[-68.495595,-9.013116],[-68.472401,-9.026544],[-68.451731,-9.049168],[-68.457346,-9.051202],[-68.461659,-9.054701],[-68.464426,-9.059747],[-68.465403,-9.06642],[-68.463735,-9.075128],[-68.459177,-9.076186],[-68.452463,-9.074884],[-68.444325,-9.076349],[-68.43106,-9.081394],[-68.416615,-9.083998],[-68.404205,-9.084812],[-68.397084,-9.083836],[-68.391672,-9.079034],[-68.390859,-9.066827],[-68.386586,-9.059991],[-68.377024,-9.055678],[-68.369781,-9.059584],[-68.363352,-9.066257],[-68.356191,-9.069513],[-68.332509,-9.066746],[-68.320546,-9.070326],[-68.307729,-9.083836],[-68.29719,-9.064793],[-68.291168,-9.05698],[-68.282338,-9.055841],[-68.263376,-9.056573],[-68.255279,-9.053399],[-68.24059,-9.039239],[-68.235422,-9.036065],[-68.225697,-9.038751],[-68.221669,-9.044936],[-68.219553,-9.052748],[-68.21524,-9.059991],[-68.201039,-9.062188],[-68.186513,-9.055352],[-68.17516,-9.054132],[-68.170562,-9.072931],[-68.165354,-9.076349],[-68.153798,-9.066583],[-68.142323,-9.049981],[-68.137074,-9.032647],[-68.131215,-9.019057],[-68.116811,-9.009291],[-68.098988,-9.003351],[-68.082428,-9.001886],[-68.074371,-9.005222],[-68.066274,-9.011407],[-68.057485,-9.01629],[-68.047678,-9.015558],[-68.040639,-9.008233],[-68.040842,-8.998712],[-68.042592,-8.988946],[-68.040191,-8.980808],[-68.023061,-8.970066],[-68.010406,-8.975518],[-67.997304,-8.985528],[-67.978749,-8.988295],[-67.966298,-8.981622],[-67.924143,-8.94671],[-67.907948,-8.941095],[-67.900217,-8.931329],[-67.889394,-8.898858],[-67.876291,-8.925632],[-67.868886,-8.930108],[-67.855865,-8.926202],[-67.834788,-8.898858],[-67.802887,-8.876153],[-67.794342,-8.872247],[-67.76651,-8.864679],[-67.750559,-8.85711],[-67.717152,-8.835138],[-67.70816,-8.83058],[-67.678578,-8.826023],[-67.663075,-8.828302],[-67.630686,-8.853448],[-67.616363,-8.857354],[-67.606028,-8.851251],[-67.60204,-8.833673],[-67.587636,-8.80226],[-67.522817,-8.796889],[-67.505767,-8.774754],[-67.491851,-8.787937],[-67.483754,-8.793471],[-67.475087,-8.795831],[-67.466135,-8.792983],[-67.461374,-8.786065],[-67.457509,-8.777195],[-67.451161,-8.768569],[-67.397898,-8.726088],[-67.382314,-8.720717],[-67.382314,-8.713881],[-67.399281,-8.684991],[-67.389963,-8.652195],[-67.371775,-8.618341],[-67.361806,-8.586765],[-67.363108,-8.563979],[-67.3662,-8.553237],[-67.372385,-8.548842],[-67.405141,-8.562677],[-67.410227,-8.559421],[-67.406972,-8.547703],[-67.392934,-8.529799],[-67.38976,-8.51808],[-67.393666,-8.513686],[-67.402211,-8.517918],[-67.410512,-8.524754],[-67.413645,-8.528253],[-67.427235,-8.52044],[-67.416697,-8.503351],[-67.398549,-8.486993],[-67.38976,-8.481134],[-67.387847,-8.463393],[-67.425893,-8.465183],[-67.436879,-8.447117],[-67.432973,-8.434421],[-67.422963,-8.434259],[-67.411488,-8.438653],[-67.403432,-8.43963],[-67.396067,-8.431492],[-67.390452,-8.420424],[-67.374827,-8.378757],[-67.370107,-8.371596],[-67.361806,-8.364597],[-67.352773,-8.363621],[-67.34439,-8.368097],[-67.336252,-8.369155],[-67.327707,-8.357599],[-67.346344,-8.336847],[-67.36852,-8.322442],[-67.380523,-8.306817],[-67.368642,-8.281915],[-67.336252,-8.251804],[-67.326527,-8.231134],[-67.335113,-8.206882],[-67.321441,-8.192234],[-67.285878,-8.173517],[-67.273061,-8.159031],[-67.296051,-8.161147],[-67.295766,-8.153009],[-67.273061,-8.131036],[-67.255767,-8.108575],[-67.242909,-8.09881],[-67.22525,-8.097019],[-67.231557,-8.080987],[-67.254384,-8.062351],[-67.259389,-8.049168],[-67.254994,-8.042494],[-67.23351,-8.024347],[-67.22525,-8.015069],[-67.249257,-8.013035],[-67.259429,-8.000421],[-67.256663,-7.986342],[-67.242014,-7.979669],[-67.222808,-7.975437],[-67.217193,-7.963718],[-67.218455,-7.925714],[-67.214345,-7.910333],[-67.205515,-7.897312],[-67.191965,-7.888116],[-67.173695,-7.884698],[-67.153635,-7.89129],[-67.141347,-7.892999],[-67.135854,-7.888116],[-67.134836,-7.882989],[-67.130116,-7.873712],[-67.129018,-7.867608],[-67.131581,-7.861261],[-67.141835,-7.850925],[-67.14269,-7.843683],[-67.131744,-7.831069],[-67.115468,-7.830011],[-67.100697,-7.826349],[-67.094309,-7.805841],[-67.085805,-7.796238],[-67.046335,-7.806085],[-67.034088,-7.795912],[-67.036244,-7.787774],[-67.050526,-7.771173],[-67.053334,-7.761733],[-67.048695,-7.752862],[-67.03954,-7.745782],[-67.030629,-7.744073],[-67.017934,-7.762872],[-66.999501,-7.767999],[-66.982655,-7.761895],[-66.978871,-7.740655],[-66.984975,-7.738295],[-66.997792,-7.728692],[-67.007069,-7.718276],[-67.002431,-7.713393],[-66.968821,-7.716485],[-66.955678,-7.714044],[-66.968984,-7.690851],[-66.963002,-7.680841],[-66.950103,-7.674249],[-66.937245,-7.671808],[-66.92516,-7.675958],[-66.912506,-7.68198],[-66.901967,-7.679539],[-66.896311,-7.658136],[-66.888824,-7.658136],[-66.886057,-7.666925],[-66.875803,-7.686049],[-66.843251,-7.658868],[-66.82433,-7.648289],[-66.803456,-7.643894],[-66.779612,-7.650079],[-66.776682,-7.665379],[-66.777699,-7.683933],[-66.76594,-7.700372],[-66.74706,-7.69907],[-66.711659,-7.661554],[-66.694244,-7.651869],[-66.691558,-7.653985],[-66.680572,-7.668634],[-66.676747,-7.669773],[-66.665761,-7.666518],[-66.659779,-7.665541],[-66.653228,-7.661798],[-66.648549,-7.652765],[-66.643056,-7.630792],[-66.64387,-7.621108],[-66.647125,-7.612319],[-66.648427,-7.604181],[-66.643056,-7.596694],[-66.633941,-7.595392],[-66.622426,-7.598972],[-66.612538,-7.603855],[-66.608266,-7.606866],[-66.604197,-7.613132],[-66.594716,-7.613621],[-66.577545,-7.610284],[-66.569936,-7.60532],[-66.566558,-7.59588],[-66.560902,-7.590183],[-66.546213,-7.596694],[-66.539906,-7.60589],[-66.534006,-7.629246],[-66.525746,-7.637628],[-66.517323,-7.636651],[-66.515818,-7.62599],[-66.51891,-7.606866],[-66.515492,-7.5888],[-66.506418,-7.571303],[-66.493276,-7.55698],[-66.477976,-7.548272],[-66.45759,-7.545424],[-66.416127,-7.546726],[-66.396677,-7.542006],[-66.381418,-7.531671],[-66.353668,-7.504734],[-66.333974,-7.493666],[-66.321685,-7.515069],[-66.314443,-7.540867],[-66.318837,-7.556655],[-66.34142,-7.548272],[-66.339833,-7.571791],[-66.327626,-7.584161],[-66.308583,-7.586928],[-66.286773,-7.582452],[-66.277333,-7.577162],[-66.260854,-7.564386],[-66.252024,-7.561375],[-66.241567,-7.565606],[-66.233062,-7.573907],[-66.225453,-7.57586],[-66.217885,-7.561375],[-66.210439,-7.561375],[-66.204701,-7.577488],[-66.186879,-7.604832],[-66.183095,-7.614109],[-66.175771,-7.621433],[-66.140614,-7.627293],[-66.128489,-7.630792],[-66.128489,-7.637628],[-66.163238,-7.651869],[-66.14981,-7.663914],[-66.129465,-7.664727],[-66.084096,-7.658136],[-66.066558,-7.652195],[-66.049306,-7.642267],[-66.038319,-7.640313],[-66.039703,-7.658136],[-66.044138,-7.664483],[-66.057729,-7.678074],[-66.060211,-7.686049],[-66.057118,-7.696954],[-66.05016,-7.705987],[-66.040517,-7.709405],[-66.012685,-7.692804],[-65.93456,-7.66603],[-65.926259,-7.664483],[-65.91686,-7.665541],[-65.905141,-7.670912],[-65.901235,-7.677179],[-65.898997,-7.685235],[-65.887074,-7.706231],[-65.883901,-7.715997],[-65.878082,-7.723484],[-65.865061,-7.726414],[-65.850901,-7.721124],[-65.849029,-7.708998],[-65.854197,-7.686049],[-65.851755,-7.66546],[-65.847035,-7.659682],[-65.834299,-7.658136],[-65.822581,-7.663914],[-65.814931,-7.675632],[-65.809275,-7.687026],[-65.803293,-7.692315],[-65.800649,-7.695489],[-65.783274,-7.708429],[-65.779042,-7.709975],[-65.774892,-7.717625],[-65.766265,-7.70672],[-65.758901,-7.691583],[-65.758534,-7.686049],[-65.756663,-7.680597],[-65.754872,-7.673191],[-65.75064,-7.669366],[-65.741526,-7.675226],[-65.727528,-7.700372],[-65.722035,-7.704441],[-65.714101,-7.712905],[-65.701812,-7.720066],[-65.683461,-7.720147],[-65.67394,-7.713311],[-65.669301,-7.701186],[-65.665761,-7.687433],[-65.651357,-7.659194],[-65.653066,-7.648451],[-65.652008,-7.643243],[-65.63565,-7.643894],[-65.628651,-7.646661],[-65.614613,-7.656183],[-65.604644,-7.658136],[-65.595815,-7.657159],[-65.579823,-7.652846],[-65.570465,-7.651869],[-65.552968,-7.647882],[-65.544586,-7.638523],[-65.538808,-7.61769],[-65.533274,-7.605157],[-65.524037,-7.590346],[-65.511138,-7.583022],[-65.494781,-7.59295],[-65.464345,-7.637628],[-65.459584,-7.625177],[-65.456899,-7.612237],[-65.452707,-7.599949],[-65.443227,-7.589288],[-65.430043,-7.603855],[-65.425689,-7.610772],[-65.42276,-7.61769],[-65.415924,-7.61769],[-65.419301,-7.595554],[-65.437571,-7.556085],[-65.436431,-7.542006],[-65.41983,-7.532159],[-65.400868,-7.53631],[-65.367543,-7.555678],[-65.360707,-7.534601],[-65.388051,-7.507826],[-65.330637,-7.479425],[-65.322621,-7.477472],[-65.314687,-7.472507],[-65.308502,-7.464858],[-65.30606,-7.455743],[-65.302113,-7.450209],[-65.292714,-7.445733],[-65.271962,-7.438409],[-65.239695,-7.44671],[-65.205312,-7.398451],[-65.175689,-7.404229],[-65.173085,-7.41131],[-65.172027,-7.422214],[-65.169423,-7.43255],[-65.162099,-7.438409],[-65.154612,-7.435724],[-65.151194,-7.426772],[-65.149037,-7.416192],[-65.145334,-7.408054],[-65.136057,-7.392755],[-65.132151,-7.374444],[-65.132192,-7.356866],[-65.134755,-7.343438],[-65.139963,-7.334893],[-65.146962,-7.327569],[-65.152943,-7.319757],[-65.155263,-7.309259],[-65.151845,-7.29933],[-65.144846,-7.291192],[-65.137929,-7.287774],[-65.134755,-7.291925],[-65.130483,-7.301202],[-65.10912,-7.322931],[-65.090159,-7.336765],[-65.077748,-7.343438],[-65.064158,-7.348321],[-65.049713,-7.350274],[-65.036488,-7.345554],[-65.025787,-7.336602],[-65.01415,-7.330987],[-64.998199,-7.336602],[-64.978383,-7.320326],[-64.975982,-7.295587],[-64.979563,-7.268976],[-64.977691,-7.247247],[-64.96345,-7.236668],[-64.941355,-7.236993],[-64.916819,-7.244317],[-64.895172,-7.254734],[-64.90807,-7.261407],[-64.918813,-7.269382],[-64.921132,-7.276869],[-64.908844,-7.282078],[-64.889882,-7.281752],[-64.874664,-7.278823],[-64.859446,-7.279148],[-64.840566,-7.288751],[-64.837229,-7.273858],[-64.829905,-7.255385],[-64.818471,-7.244317],[-64.803049,-7.25099],[-64.794179,-7.25099],[-64.7801,-7.217462],[-64.771677,-7.206231],[-64.741567,-7.215671],[-64.716257,-7.192397],[-64.690419,-7.160658],[-64.658681,-7.144871],[-64.639272,-7.140802],[-64.642649,-7.130304],[-64.654693,-7.115737],[-64.661773,-7.099786],[-64.634429,-7.098077],[-64.613759,-7.093601],[-64.600413,-7.082859],[-64.648793,-7.065606],[-64.645253,-7.053562],[-64.635976,-7.047052],[-64.62267,-7.04575],[-64.607167,-7.048679],[-64.600901,-7.053643],[-64.58434,-7.063979],[-64.56725,-7.070977],[-64.559397,-7.065606],[-64.563466,-7.048272],[-64.573598,-7.035577],[-64.613718,-7.001804],[-64.614695,-6.998224],[-64.610219,-6.99505],[-64.603627,-6.973972],[-64.59675,-6.967218],[-64.591705,-6.959161],[-64.594146,-6.945652],[-64.608022,-6.927748],[-64.647084,-6.899916],[-64.661773,-6.883477],[-64.651926,-6.877862],[-64.613393,-6.866713],[-64.609609,-6.859389],[-64.589467,-6.836358],[-64.579905,-6.829522],[-64.573232,-6.843927],[-64.559926,-6.845636],[-64.553212,-6.83587],[-64.566233,-6.815281],[-64.576039,-6.811212],[-64.58727,-6.810073],[-64.596547,-6.805597],[-64.600413,-6.791681],[-64.593984,-6.785089],[-64.565785,-6.777846],[-64.559397,-6.771173],[-64.5572,-6.760186],[-64.553578,-6.750502],[-64.552805,-6.741713],[-64.559397,-6.733331],[-64.566029,-6.736017],[-64.57787,-6.742201],[-64.589182,-6.744968],[-64.594146,-6.736749],[-64.590647,-6.716648],[-64.580678,-6.703058],[-64.565378,-6.693373],[-64.545766,-6.685479],[-64.527821,-6.695977],[-64.506988,-6.69964],[-64.466624,-6.699151],[-64.466135,-6.687433],[-64.455068,-6.633233],[-64.449574,-6.617201],[-64.430857,-6.600274],[-64.411122,-6.594578],[-64.390045,-6.592462],[-64.367299,-6.586928],[-64.359446,-6.582696],[-64.34496,-6.571303],[-64.317616,-6.556655],[-64.310374,-6.549737],[-64.305287,-6.538914],[-64.294667,-6.501886],[-64.291371,-6.482761],[-64.291331,-6.462742],[-64.304799,-6.342136],[-64.302235,-6.321303],[-64.294911,-6.30226],[-64.285471,-6.290948],[-64.274485,-6.280938],[-64.265981,-6.269545],[-64.260935,-6.24627],[-64.267079,-6.178725],[-64.275787,-6.146661],[-64.311716,-6.064386],[-64.319488,-6.036961],[-64.321848,-6.011082],[-64.314931,-5.969252],[-64.318674,-5.951023],[-64.337066,-5.941746],[-64.347279,-5.942234],[-64.366363,-5.947117],[-64.376047,-5.947117],[-64.384877,-5.94378],[-64.389963,-5.938165],[-64.39387,-5.931329],[-64.399241,-5.92433],[-64.406809,-5.918634],[-64.415273,-5.915541],[-64.424306,-5.914239],[-64.444325,-5.914727],[-64.451405,-5.913995],[-64.457143,-5.910577],[-64.463938,-5.902765],[-64.471344,-5.884129],[-64.464426,-5.870294],[-64.413889,-5.833917],[-64.39981,-5.816339],[-64.392445,-5.795831],[-64.393422,-5.771173],[-64.398915,-5.734226],[-64.396962,-5.715834],[-64.389231,-5.698419],[-64.373891,-5.685235],[-64.358306,-5.685968],[-64.341786,-5.691908],[-64.323557,-5.694675],[-64.305409,-5.685561],[-64.306223,-5.668878],[-64.317006,-5.649754],[-64.32901,-5.634129],[-64.335846,-5.616143],[-64.32901,-5.601251],[-64.313222,-5.591485],[-64.29308,-5.587905],[-64.282582,-5.589044],[-64.255849,-5.59767],[-64.246083,-5.599298],[-64.238189,-5.598158],[-64.220326,-5.591811],[-64.203481,-5.588881],[-64.180409,-5.589207],[-64.161733,-5.595147],[-64.15807,-5.609714],[-64.163971,-5.616713],[-64.180735,-5.626316],[-64.184804,-5.634617],[-64.181956,-5.644545],[-64.173166,-5.649591],[-64.104319,-5.654799],[-64.083608,-5.648451],[-64.078196,-5.630304],[-64.085276,-5.613946],[-64.086171,-5.605971],[-64.081207,-5.596694],[-64.074656,-5.591729],[-64.0655,-5.58823],[-64.04776,-5.584649],[-64.027821,-5.585463],[-64.01065,-5.590671],[-63.977895,-5.607843],[-63.962148,-5.613214],[-63.942983,-5.615086],[-63.924143,-5.612644],[-63.909291,-5.60589],[-63.906972,-5.602716],[-63.904775,-5.595636],[-63.901763,-5.592462],[-63.897206,-5.590834],[-63.891265,-5.590183],[-63.885243,-5.590265],[-63.880442,-5.591241],[-63.872874,-5.595636],[-63.868235,-5.601983],[-63.865793,-5.609796],[-63.863515,-5.63478],[-63.858388,-5.646417],[-63.848541,-5.653009],[-63.832957,-5.654148],[-63.817616,-5.650893],[-63.810536,-5.651218],[-63.803822,-5.655287],[-63.798899,-5.664972],[-63.797475,-5.677586],[-63.798451,-5.701674],[-63.797231,-5.712579],[-63.793568,-5.719252],[-63.787343,-5.723158],[-63.778554,-5.726007],[-63.76415,-5.727227],[-63.758372,-5.722101],[-63.754018,-5.713881],[-63.743804,-5.705499],[-63.725982,-5.700698],[-63.665354,-5.705499],[-63.646881,-5.701186],[-63.628326,-5.694757],[-63.613759,-5.695326],[-63.607289,-5.712254],[-63.612131,-5.731459],[-63.635935,-5.760105],[-63.641428,-5.777195],[-63.633656,-5.785658],[-63.595041,-5.784112],[-63.579335,-5.787449],[-63.585805,-5.799168],[-63.585439,-5.809096],[-63.580393,-5.816827],[-63.572499,-5.822117],[-63.529164,-5.798761],[-63.517893,-5.794285],[-63.482737,-5.787042],[-63.478749,-5.77866],[-63.49059,-5.760105],[-63.47468,-5.744155],[-63.44872,-5.73211],[-63.421335,-5.726983],[-63.401194,-5.73211],[-63.391428,-5.74627],[-63.389027,-5.759698],[-63.385732,-5.769871],[-63.37328,-5.773777],[-63.360463,-5.771417],[-63.312611,-5.739435],[-63.229604,-5.662449],[-63.134348,-5.616713],[-63.140207,-5.647149],[-63.155019,-5.665704],[-63.162709,-5.682061],[-63.147328,-5.705499],[-63.119781,-5.725763],[-63.080719,-5.745619],[-63.045766,-5.749688],[-63.030629,-5.722182],[-63.038401,-5.662612],[-63.048166,-5.629083],[-63.069895,-5.593113],[-63.069081,-5.579767],[-63.062327,-5.568536],[-63.052358,-5.561456],[-63.033844,-5.557306],[-63.019846,-5.561049],[-62.989695,-5.582533],[-62.983998,-5.567804],[-62.980295,-5.553399],[-62.981313,-5.538018],[-62.989695,-5.52044],[-62.998402,-5.51336],[-63.025014,-5.496515],[-63.030629,-5.489679],[-63.031809,-5.484877],[-63.036936,-5.470392],[-63.038075,-5.462091],[-63.033599,-5.459487],[-63.01183,-5.458347],[-63.003977,-5.458998],[-62.972035,-5.476495],[-62.960601,-5.476414],[-62.956166,-5.455418],[-62.963206,-5.426121],[-62.96109,-5.414972],[-62.945627,-5.410577],[-62.936879,-5.414402],[-62.917633,-5.441583],[-62.907379,-5.448256],[-62.898671,-5.448093],[-62.889963,-5.445326],[-62.879791,-5.444757],[-62.844716,-5.452325],[-62.83019,-5.450128],[-62.835764,-5.434747],[-62.857289,-5.410984],[-62.856272,-5.400893],[-62.838857,-5.390151],[-62.831451,-5.404229],[-62.827545,-5.390151],[-62.824818,-5.334812],[-62.820546,-5.315118],[-62.819569,-5.304132],[-62.821238,-5.291518],[-62.832631,-5.25978],[-62.831858,-5.237726],[-62.827992,-5.217706],[-62.830719,-5.203302],[-62.871246,-5.191583],[-62.872426,-5.177423],[-62.861318,-5.161472],[-62.846303,-5.149916],[-62.813466,-5.133477],[-62.777903,-5.110528],[-62.755971,-5.081557],[-62.764312,-5.04754],[-62.779775,-5.029148],[-62.788197,-5.014988],[-62.785512,-4.998956],[-62.767812,-4.975518],[-62.749379,-4.959649],[-62.715403,-4.94378],[-62.695465,-4.931492],[-62.660512,-4.892592],[-62.637156,-4.873468],[-62.626576,-4.879571],[-62.627594,-4.900893],[-62.6315,-4.915379],[-62.65392,-4.952],[-62.664418,-4.97739],[-62.658111,-4.987481],[-62.640452,-4.984063],[-62.616607,-4.968683],[-62.595367,-4.949558],[-62.585032,-4.934015],[-62.582672,-4.91603],[-62.587717,-4.858331],[-62.592397,-4.848321],[-62.601552,-4.841729],[-62.612864,-4.838311],[-62.622467,-4.832208],[-62.626576,-4.817804],[-62.618072,-4.805027],[-62.599477,-4.80991],[-62.571929,-4.827813],[-62.557362,-4.84116],[-62.544667,-4.855808],[-62.535227,-4.869806],[-62.528635,-4.874933],[-62.521067,-4.872735],[-62.514272,-4.862319],[-62.511708,-4.840834],[-62.506744,-4.831476],[-62.494944,-4.827488],[-62.473866,-4.842625],[-62.462066,-4.842136],[-62.454539,-4.82407],[-62.481923,-4.779311],[-62.483225,-4.759454],[-62.466379,-4.74741],[-62.443674,-4.745782],[-62.418365,-4.747573],[-62.393788,-4.745945],[-62.378896,-4.740574],[-62.374094,-4.73504],[-62.372304,-4.728041],[-62.366526,-4.71795],[-62.365549,-4.712823],[-62.366607,-4.706231],[-62.366851,-4.700535],[-62.363108,-4.698093],[-62.34142,-4.702813],[-62.339182,-4.704278],[-62.329254,-4.697931],[-62.320872,-4.690606],[-62.311391,-4.684991],[-62.298207,-4.68377],[-62.28893,-4.687921],[-62.249827,-4.711765],[-62.225657,-4.705255],[-62.201243,-4.713311],[-62.179636,-4.723077],[-62.164174,-4.721612],[-62.119456,-4.663425],[-62.056549,-4.545099],[-62.023915,-4.519952],[-62.012929,-4.517918],[-61.992828,-4.517755],[-61.982289,-4.513116],[-61.972239,-4.503595],[-61.965891,-4.492364],[-61.966908,-4.482924],[-61.979197,-4.478936],[-62.049184,-4.492364],[-62.064809,-4.485772],[-62.056793,-4.465834],[-62.027943,-4.436375],[-61.993398,-4.409112],[-61.968617,-4.396417],[-61.946156,-4.398126],[-61.917592,-4.4131],[-61.897288,-4.416925],[-61.884958,-4.407647],[-61.878407,-4.38657],[-61.873036,-4.348565],[-61.858388,-4.313653],[-61.844309,-4.29575],[-61.81428,-4.298761],[-61.794057,-4.290541],[-61.763173,-4.272882],[-61.74474,-4.265639],[-61.726959,-4.26157],[-61.668935,-4.257257],[-61.651479,-4.251479],[-61.637685,-4.242852],[-61.626047,-4.231948],[-61.581532,-4.173191],[-61.564565,-4.14129],[-61.551503,-4.108412],[-61.543813,-4.065362],[-61.537262,-4.053155],[-61.445953,-3.954929],[-61.431142,-3.944513],[-61.387766,-3.899754],[-61.379628,-3.886163],[-61.380279,-3.868097],[-61.383412,-3.853204],[-61.390614,-3.839369],[-61.403472,-3.824558],[-61.412709,-3.808526],[-61.422027,-3.770359],[-61.431142,-3.755548],[-61.440419,-3.74505],[-61.468373,-3.69378],[-61.477162,-3.680678],[-61.483388,-3.66961]]]}},{"type":"Feature","properties":{"dissolve":"290River","scalerank":6.0,"featurecla":"River","name":"Meta","name_alt":null,"rivernum":290,"note":null,"min_zoom":5.0,"name_en":"Meta","min_label":6.0},"bbox":[-73.920644,3.929511,-67.450673,6.31391],"geometry":{"type":"MultiLineString","coordinates":[[[-73.872182,4.669989],[-73.881947,4.647081],[-73.920644,4.587429],[-73.908681,4.553412],[-73.904408,4.400458],[-73.901031,4.380683],[-73.89273,4.362372],[-73.862172,4.327338],[-73.831207,4.25849],[-73.818023,4.227566],[-73.804555,4.208523],[-73.787221,4.199001],[-73.762318,4.196357],[-73.74177,4.199001],[-73.733062,4.197537],[-73.721344,4.190212],[-73.716705,4.183295],[-73.711415,4.171495],[-73.708567,4.160427],[-73.711171,4.155463],[-73.761464,4.09101],[-73.769846,4.074083],[-73.76065,4.062364],[-73.74059,4.053331],[-73.717112,4.047553],[-73.619211,4.039862],[-73.317291,3.970486],[-73.300933,3.970893],[-73.268625,3.976915],[-73.249013,3.977322],[-73.233469,3.974189],[-73.199086,3.962429],[-73.139963,3.94949],[-73.121327,3.942084],[-73.1044,3.929511],[-73.1044,3.936347],[-73.085317,3.935899],[-73.073354,3.933783],[-73.063466,3.929511],[-73.062001,3.935004],[-73.058339,3.944403],[-73.05724,3.950019],[-73.049794,3.950019],[-73.042917,3.94599],[-73.040517,3.948513],[-73.036204,3.957465],[-73.029286,3.957465],[-73.026479,3.952663],[-73.020497,3.948025],[-73.015614,3.943183],[-73.013499,3.953233],[-73.013824,3.964301],[-73.012522,3.975938],[-73.005442,3.987576],[-72.996449,3.994493],[-72.975819,4.005968],[-72.967275,4.01203],[-72.950347,4.038764],[-72.947377,4.042507],[-72.941558,4.061469],[-72.940826,4.073269],[-72.947377,4.086493],[-72.943105,4.098944],[-72.9405,4.111436],[-72.936106,4.122097],[-72.926259,4.12873],[-72.93163,4.148301],[-72.929555,4.172471],[-72.922597,4.195176],[-72.913238,4.21072],[-72.90217,4.215928],[-72.893463,4.214423],[-72.887929,4.216864],[-72.885935,4.234239],[-72.881825,4.2449],[-72.873362,4.250434],[-72.865834,4.257392],[-72.864858,4.272081],[-72.855824,4.268378],[-72.84553,4.26557],[-72.834625,4.264268],[-72.823842,4.265326],[-72.813873,4.269639],[-72.805735,4.281195],[-72.795969,4.285753],[-72.784901,4.27794],[-72.774648,4.274726],[-72.762441,4.278347],[-72.758412,4.2838],[-72.748158,4.313096],[-72.725697,4.300564],[-72.718251,4.298204],[-72.707183,4.300076],[-72.701527,4.304023],[-72.688059,4.317165],[-72.67984,4.320583],[-72.670318,4.319932],[-72.632069,4.313096],[-72.624745,4.313747],[-72.620432,4.316352],[-72.617543,4.3192],[-72.614695,4.320583],[-72.607655,4.317084],[-72.601796,4.310411],[-72.595611,4.306179],[-72.587717,4.309638],[-72.565419,4.3487],[-72.559722,4.354682],[-72.548695,4.353135],[-72.533844,4.349189],[-72.520904,4.343614],[-72.51537,4.337266],[-72.504994,4.321316],[-72.480824,4.327663],[-72.433461,4.354682],[-72.414703,4.341254],[-72.389231,4.337714],[-72.36677,4.343533],[-72.323598,4.409939],[-72.310048,4.416042],[-72.150014,4.450629],[-72.138661,4.450873],[-72.127919,4.446967],[-72.089345,4.422634],[-72.081125,4.408311],[-72.070017,4.394232],[-72.049875,4.38821],[-72.012318,4.398546],[-71.973785,4.42182],[-71.897572,4.485378],[-71.819569,4.570095],[-71.80956,4.577826],[-71.799184,4.579535],[-71.787953,4.578966],[-71.775502,4.579942],[-71.685902,4.607611],[-71.643463,4.628445],[-71.565094,4.681952],[-71.274566,4.806505],[-71.215321,4.815538],[-71.206939,4.82392],[-71.157948,4.861762],[-71.13036,4.878282],[-71.113433,4.885932],[-71.100209,4.889106],[-71.087473,4.894558],[-71.048695,4.93004],[-71.027211,4.959174],[-70.960439,5.117621],[-70.944936,5.135199],[-70.905385,5.145941],[-70.888051,5.154853],[-70.711985,5.307318],[-70.695872,5.313585],[-70.687489,5.32335],[-70.683298,5.371121],[-70.678782,5.38935],[-70.662221,5.404486],[-70.619008,5.422146],[-70.600209,5.433417],[-70.580149,5.449286],[-70.513661,5.484931],[-70.448883,5.533026],[-70.428619,5.540147],[-70.405751,5.543321],[-70.342926,5.568142],[-70.30602,5.574774],[-70.226755,5.578925],[-70.185292,5.587348],[-70.156361,5.600369],[-70.122914,5.620917],[-70.091542,5.645209],[-70.068674,5.669298],[-70.034495,5.721462],[-70.028798,5.736029],[-69.986684,5.779161],[-69.969553,5.808173],[-69.898752,5.970771],[-69.876291,6.004259],[-69.846099,6.036729],[-69.817209,6.054755],[-69.785024,6.062079],[-69.572092,6.054145],[-69.53246,6.062283],[-69.431793,6.122382],[-69.40689,6.129503],[-69.358957,6.151801],[-69.332143,6.156521],[-69.312123,6.146348],[-69.269358,6.097602],[-69.246816,6.080837],[-69.189931,6.11282],[-69.130686,6.17003],[-69.109202,6.182725],[-69.080922,6.20954],[-69.061879,6.217963],[-69.037587,6.218858],[-69.016957,6.214138],[-68.979319,6.197537],[-68.961659,6.202501],[-68.939076,6.197292],[-68.915191,6.188829],[-68.893666,6.184434],[-68.829905,6.187934],[-68.808665,6.184434],[-68.744862,6.165107],[-68.72232,6.162706],[-68.70165,6.158149],[-68.660064,6.138861],[-68.636098,6.136054],[-68.622792,6.142035],[-68.596425,6.165107],[-68.58552,6.170193],[-68.523305,6.173448],[-68.449818,6.195136],[-68.428131,6.197537],[-68.40746,6.195095],[-68.341868,6.177029],[-68.304921,6.177191],[-68.191029,6.217963],[-68.147288,6.223904],[-68.019765,6.211737],[-67.978749,6.217963],[-67.944081,6.229844],[-67.934397,6.231635],[-67.924916,6.234687],[-67.917104,6.242377],[-67.911773,6.252468],[-67.909901,6.262641],[-67.905019,6.275255],[-67.893625,6.278428],[-67.880076,6.278144],[-67.868886,6.280056],[-67.858388,6.288642],[-67.839955,6.307685],[-67.827952,6.313544],[-67.819325,6.31391],[-67.801503,6.308783],[-67.731679,6.302843],[-67.574696,6.266384],[-67.545644,6.248155],[-67.519032,6.222683],[-67.4912,6.201768],[-67.450673,6.198106]]]}},{"type":"Feature","properties":{"dissolve":"293River","scalerank":6.0,"featurecla":"River","name":"Uruguay","name_alt":null,"rivernum":293,"note":null,"min_zoom":5.0,"name_en":"Uruguay","min_label":6.0},"bbox":[-58.203359,-32.444675,-49.736724,-27.072117],"geometry":{"type":"MultiLineString","coordinates":[[[-49.736724,-28.511407],[-49.742055,-28.50213],[-49.752756,-28.476495],[-49.757192,-28.470554],[-49.766835,-28.472182],[-49.771718,-28.481866],[-49.775258,-28.492608],[-49.781117,-28.497735],[-49.816762,-28.495782],[-49.833974,-28.491713],[-49.846588,-28.484063],[-49.853993,-28.473972],[-49.858998,-28.464207],[-49.864369,-28.455906],[-49.87328,-28.449884],[-49.883453,-28.45086],[-49.918935,-28.463718],[-49.931874,-28.466729],[-49.936838,-28.471531],[-49.941355,-28.471531],[-49.953033,-28.459893],[-49.963816,-28.451593],[-49.973053,-28.450535],[-50.001332,-28.460382],[-50.02477,-28.476576],[-50.038157,-28.48032],[-50.047922,-28.479832],[-50.0572,-28.477879],[-50.080434,-28.475763],[-50.100413,-28.471368],[-50.110707,-28.470554],[-50.114858,-28.464776],[-50.117299,-28.452651],[-50.122304,-28.442722],[-50.134023,-28.44256],[-50.14391,-28.455418],[-50.143544,-28.471612],[-50.145334,-28.483575],[-50.161936,-28.484063],[-50.175649,-28.476983],[-50.199086,-28.456964],[-50.217152,-28.449884],[-50.318186,-28.43849],[-50.331532,-28.441339],[-50.346832,-28.449884],[-50.358998,-28.433038],[-50.386952,-28.424737],[-50.446441,-28.422052],[-50.452504,-28.419285],[-50.472279,-28.406183],[-50.484039,-28.402195],[-50.499216,-28.401218],[-50.514027,-28.403009],[-50.527699,-28.407647],[-50.539296,-28.415867],[-50.58023,-28.387872],[-50.61266,-28.378269],[-50.621205,-28.3742],[-50.625722,-28.368178],[-50.641713,-28.34002],[-50.675852,-28.298517],[-50.690541,-28.272312],[-50.69636,-28.264337],[-50.70641,-28.257013],[-50.73351,-28.244643],[-50.74413,-28.237156],[-50.754547,-28.215753],[-50.774403,-28.156101],[-50.792551,-28.134129],[-50.804351,-28.139174],[-50.812327,-28.133803],[-50.819732,-28.125421],[-50.830068,-28.121026],[-50.837758,-28.124526],[-50.845326,-28.131199],[-50.854563,-28.134129],[-50.867665,-28.127293],[-50.86974,-28.118341],[-50.869008,-28.104425],[-50.870107,-28.091729],[-50.877878,-28.086277],[-50.892568,-28.082533],[-50.892323,-28.074151],[-50.881296,-28.058282],[-50.881012,-28.038425],[-50.886301,-28.025323],[-50.915395,-27.997491],[-50.945465,-27.961765],[-50.963735,-27.950128],[-50.984283,-27.955906],[-51.012522,-27.934747],[-51.050608,-27.870294],[-51.07372,-27.839207],[-51.077382,-27.832208],[-51.077992,-27.825698],[-51.080678,-27.82114],[-51.103261,-27.816257],[-51.121775,-27.802097],[-51.149322,-27.794285],[-51.173818,-27.772312],[-51.189768,-27.764662],[-51.198842,-27.765802],[-51.207957,-27.769464],[-51.217193,-27.771661],[-51.226959,-27.767755],[-51.26179,-27.733412],[-51.269887,-27.727472],[-51.287343,-27.720554],[-51.292144,-27.716241],[-51.290761,-27.71087],[-51.286529,-27.701593],[-51.283559,-27.690932],[-51.285959,-27.681573],[-51.302439,-27.673272],[-51.320302,-27.674005],[-51.334706,-27.669122],[-51.340566,-27.643976],[-51.346995,-27.627293],[-51.361684,-27.632013],[-51.388417,-27.654799],[-51.396677,-27.646987],[-51.398997,-27.639174],[-51.400299,-27.631524],[-51.405751,-27.623875],[-51.416005,-27.618504],[-51.425364,-27.616876],[-51.434193,-27.614435],[-51.442983,-27.606378],[-51.452789,-27.585463],[-51.456451,-27.570652],[-51.466298,-27.5617],[-51.494862,-27.558608],[-51.514272,-27.562921],[-51.533559,-27.569838],[-51.551381,-27.571303],[-51.566518,-27.558608],[-51.566233,-27.550144],[-51.559275,-27.528253],[-51.5631,-27.523858],[-51.596181,-27.53753],[-51.601308,-27.534112],[-51.602203,-27.519464],[-51.605824,-27.501804],[-51.613026,-27.490167],[-51.624867,-27.493097],[-51.633778,-27.50392],[-51.637685,-27.510431],[-51.643178,-27.510919],[-51.656565,-27.503351],[-51.661,-27.496026],[-51.661244,-27.48683],[-51.663971,-27.479181],[-51.675771,-27.476088],[-51.686879,-27.479506],[-51.694407,-27.487726],[-51.707428,-27.507175],[-51.717478,-27.510675],[-51.725942,-27.50392],[-51.733713,-27.494561],[-51.741567,-27.48976],[-51.76183,-27.488783],[-51.779205,-27.490086],[-51.787262,-27.499688],[-51.779408,-27.523858],[-51.811269,-27.523451],[-51.829172,-27.52101],[-51.853749,-27.513116],[-51.856801,-27.508966],[-51.847239,-27.491876],[-51.848744,-27.484877],[-51.854115,-27.479506],[-51.861318,-27.476088],[-51.86913,-27.508803],[-51.877349,-27.52044],[-51.892405,-27.514011],[-51.902699,-27.497898],[-51.907786,-27.465509],[-51.916005,-27.449395],[-51.923777,-27.457371],[-51.933949,-27.463881],[-51.945383,-27.466485],[-51.956899,-27.462416],[-51.931142,-27.446222],[-51.95287,-27.424493],[-52.012196,-27.39422],[-51.998525,-27.38836],[-51.983022,-27.38657],[-51.950754,-27.387221],[-51.965077,-27.368504],[-52.009104,-27.359308],[-52.018381,-27.34295],[-52.018463,-27.330499],[-52.019765,-27.328627],[-52.023915,-27.331394],[-52.097808,-27.332045],[-52.111277,-27.329115],[-52.113352,-27.32171],[-52.107777,-27.30169],[-52.11734,-27.292657],[-52.138499,-27.295912],[-52.159657,-27.295424],[-52.16926,-27.274754],[-52.179189,-27.26808],[-52.200999,-27.285007],[-52.231923,-27.319024],[-52.247711,-27.313002],[-52.26065,-27.296401],[-52.268544,-27.279148],[-52.269154,-27.271336],[-52.246693,-27.267267],[-52.241607,-27.258152],[-52.251291,-27.248549],[-52.272898,-27.243341],[-52.297841,-27.245457],[-52.308949,-27.254571],[-52.308909,-27.270359],[-52.30016,-27.291843],[-52.314768,-27.296401],[-52.322011,-27.292169],[-52.326894,-27.284356],[-52.33434,-27.278171],[-52.345204,-27.277358],[-52.36148,-27.279148],[-52.376291,-27.282892],[-52.382721,-27.288018],[-52.384755,-27.279311],[-52.393666,-27.256524],[-52.395741,-27.246759],[-52.398997,-27.242527],[-52.405995,-27.238946],[-52.413035,-27.239272],[-52.416249,-27.246759],[-52.415028,-27.252374],[-52.413035,-27.256199],[-52.412587,-27.261244],[-52.416249,-27.271336],[-52.427235,-27.26157],[-52.436594,-27.240086],[-52.444203,-27.229669],[-52.446685,-27.224135],[-52.446278,-27.219252],[-52.447987,-27.21616],[-52.457183,-27.215997],[-52.464752,-27.220147],[-52.471506,-27.228855],[-52.47643,-27.238702],[-52.478342,-27.246759],[-52.485748,-27.257175],[-52.502512,-27.257257],[-52.529856,-27.250177],[-52.533193,-27.247979],[-52.539662,-27.238702],[-52.543202,-27.236505],[-52.551096,-27.237644],[-52.567047,-27.243341],[-52.582102,-27.246433],[-52.609039,-27.255304],[-52.621693,-27.257664],[-52.637929,-27.257013],[-52.661204,-27.251479],[-52.673492,-27.250177],[-52.677887,-27.256768],[-52.688547,-27.268569],[-52.69933,-27.273858],[-52.704213,-27.260675],[-52.708323,-27.24448],[-52.717885,-27.237156],[-52.729237,-27.238946],[-52.738393,-27.250177],[-52.769521,-27.222589],[-52.785634,-27.212905],[-52.810414,-27.209161],[-52.827504,-27.200046],[-52.835194,-27.180515],[-52.845082,-27.163507],[-52.868764,-27.161472],[-52.8815,-27.169936],[-52.8933,-27.183933],[-52.907338,-27.19671],[-52.926747,-27.202325],[-52.939443,-27.191257],[-52.94107,-27.171401],[-52.944936,-27.163507],[-52.964263,-27.188165],[-52.968821,-27.198256],[-52.97175,-27.208917],[-52.976145,-27.217787],[-52.984771,-27.223484],[-52.994293,-27.222101],[-53.00121,-27.214858],[-53.00414,-27.205906],[-53.002187,-27.198907],[-52.990346,-27.184259],[-52.984446,-27.167494],[-52.98644,-27.152032],[-52.998443,-27.140313],[-53.002553,-27.142999],[-53.011057,-27.146987],[-53.02009,-27.14601],[-53.025746,-27.133477],[-53.023874,-27.1242],[-53.01769,-27.113702],[-53.002187,-27.09588],[-53.002675,-27.087742],[-53.01769,-27.083185],[-53.037831,-27.085951],[-53.0537,-27.099298],[-53.060374,-27.119317],[-53.062978,-27.136407],[-53.069692,-27.150567],[-53.08849,-27.161472],[-53.109486,-27.163751],[-53.124664,-27.157078],[-53.149281,-27.133477],[-53.158274,-27.162042],[-53.165273,-27.174737],[-53.176625,-27.18198],[-53.18456,-27.179701],[-53.204091,-27.164972],[-53.217519,-27.161472],[-53.243235,-27.169122],[-53.289703,-27.197686],[-53.314361,-27.195489],[-53.288889,-27.149102],[-53.277577,-27.119561],[-53.283396,-27.106134],[-53.309885,-27.103855],[-53.329945,-27.096856],[-53.369008,-27.072117],[-53.387929,-27.104425],[-53.40217,-27.120457],[-53.420237,-27.127293],[-53.430409,-27.129327],[-53.445912,-27.138198],[-53.454335,-27.140313],[-53.46052,-27.135593],[-53.466786,-27.125339],[-53.47468,-27.116062],[-53.485707,-27.113702],[-53.500437,-27.126967],[-53.500722,-27.149347],[-53.497711,-27.173517],[-53.502105,-27.191827],[-53.518137,-27.195245],[-53.565745,-27.177748],[-53.588124,-27.175144],[-53.606679,-27.184259],[-53.631459,-27.210463],[-53.653635,-27.215997],[-53.655629,-27.187026],[-53.661773,-27.165948],[-53.67748,-27.153985],[-53.686716,-27.154474],[-53.693471,-27.158624],[-53.704213,-27.168308],[-53.72704,-27.179539],[-53.736195,-27.181492],[-53.748891,-27.18198],[-53.759267,-27.179864],[-53.763173,-27.174493],[-53.765207,-27.166681],[-53.769928,-27.157647],[-53.77831,-27.150242],[-53.786122,-27.14837],[-53.807851,-27.153985],[-53.816029,-27.157566],[-53.823232,-27.162286],[-53.831044,-27.166436],[-53.841379,-27.168308],[-53.849477,-27.157403],[-53.858632,-27.140964],[-53.869496,-27.125828],[-53.882924,-27.119806],[-53.891591,-27.126967],[-53.900136,-27.15838],[-53.910268,-27.168308],[-53.926137,-27.165948],[-53.93928,-27.155287],[-53.951568,-27.147638],[-53.964833,-27.153985],[-53.966949,-27.167169],[-53.961781,-27.180678],[-53.962514,-27.191257],[-53.982249,-27.195489],[-53.989166,-27.193699],[-53.993398,-27.189955],[-53.997996,-27.187188],[-54.005849,-27.188165],[-54.011586,-27.193862],[-54.018788,-27.212091],[-54.092519,-27.285089],[-54.128896,-27.288914],[-54.158762,-27.279474],[-54.156646,-27.257664],[-54.165517,-27.250502],[-54.177805,-27.243341],[-54.190175,-27.260756],[-54.218861,-27.329278],[-54.223337,-27.336765],[-54.228627,-27.34295],[-54.232533,-27.351414],[-54.230295,-27.371921],[-54.23233,-27.380548],[-54.239939,-27.383722],[-54.251454,-27.385186],[-54.261952,-27.388604],[-54.26651,-27.397882],[-54.269276,-27.406264],[-54.275624,-27.41603],[-54.282623,-27.424249],[-54.287587,-27.428237],[-54.307607,-27.428725],[-54.322255,-27.419448],[-54.334788,-27.406101],[-54.348459,-27.39422],[-54.346791,-27.426446],[-54.348459,-27.435724],[-54.355092,-27.44614],[-54.364166,-27.453464],[-54.372222,-27.454441],[-54.375722,-27.445652],[-54.379465,-27.422703],[-54.389597,-27.411065],[-54.404978,-27.407403],[-54.445221,-27.408868],[-54.461619,-27.41253],[-54.46524,-27.423272],[-54.448354,-27.445652],[-54.449086,-27.458917],[-54.469309,-27.470147],[-54.534291,-27.487319],[-54.543935,-27.486993],[-54.554514,-27.482924],[-54.558339,-27.477716],[-54.567942,-27.459487],[-54.571278,-27.45558],[-54.579213,-27.454115],[-54.584543,-27.452],[-54.590199,-27.452569],[-54.599192,-27.458998],[-54.606068,-27.46795],[-54.610504,-27.478448],[-54.615956,-27.496515],[-54.626658,-27.515151],[-54.640248,-27.526707],[-54.651967,-27.525811],[-54.65689,-27.507175],[-54.660146,-27.502781],[-54.667144,-27.503757],[-54.674184,-27.509698],[-54.677439,-27.52044],[-54.677195,-27.534112],[-54.677968,-27.541681],[-54.681793,-27.546319],[-54.69107,-27.551202],[-54.700429,-27.553074],[-54.722646,-27.550795],[-54.732655,-27.551202],[-54.774648,-27.563816],[-54.781077,-27.562026],[-54.78246,-27.559991],[-54.788726,-27.552748],[-54.790679,-27.551202],[-54.794423,-27.549168],[-54.792836,-27.544285],[-54.789255,-27.538588],[-54.787262,-27.534112],[-54.792958,-27.523126],[-54.805776,-27.5263],[-54.819651,-27.536147],[-54.828236,-27.544936],[-54.83434,-27.565281],[-54.837758,-27.590346],[-54.845815,-27.611749],[-54.866078,-27.620782],[-54.890492,-27.620538],[-54.899037,-27.623549],[-54.897125,-27.661065],[-54.902333,-27.704441],[-54.907623,-27.726983],[-54.91393,-27.736749],[-54.933665,-27.743829],[-54.985911,-27.78517],[-55.009836,-27.788425],[-55.02831,-27.782892],[-55.0454,-27.774916],[-55.065053,-27.770929],[-55.081899,-27.778171],[-55.072011,-27.794285],[-55.041127,-27.81935],[-55.026479,-27.84002],[-55.030385,-27.850763],[-55.046498,-27.850763],[-55.068471,-27.839207],[-55.078603,-27.843276],[-55.100697,-27.843683],[-55.109446,-27.846612],[-55.112131,-27.852879],[-55.119985,-27.880792],[-55.14037,-27.876642],[-55.162221,-27.858087],[-55.178334,-27.853448],[-55.198435,-27.860528],[-55.213043,-27.876967],[-55.224843,-27.893569],[-55.260976,-27.919122],[-55.270823,-27.922377],[-55.281484,-27.920424],[-55.30248,-27.913914],[-55.314849,-27.914972],[-55.330556,-27.928074],[-55.33373,-27.946466],[-55.338612,-27.963067],[-55.359527,-27.970147],[-55.369862,-27.970636],[-55.377187,-27.973077],[-55.381663,-27.978041],[-55.383127,-27.987237],[-55.382192,-28.00864],[-55.384145,-28.014093],[-55.390614,-28.024265],[-55.43578,-28.070652],[-55.441477,-28.07879],[-55.465566,-28.084975],[-55.476226,-28.086277],[-55.483022,-28.083022],[-55.487294,-28.077081],[-55.493642,-28.073744],[-55.506663,-28.07879],[-55.51061,-28.083917],[-55.520904,-28.106785],[-55.525502,-28.110528],[-55.538564,-28.119155],[-55.544545,-28.124037],[-55.54898,-28.132175],[-55.550445,-28.139825],[-55.55427,-28.145522],[-55.565582,-28.147638],[-55.577789,-28.14422],[-55.580068,-28.136407],[-55.579254,-28.127374],[-55.582387,-28.121026],[-55.605458,-28.116876],[-55.617421,-28.129408],[-55.624582,-28.146173],[-55.63329,-28.154474],[-55.64269,-28.16017],[-55.684804,-28.19614],[-55.748647,-28.215671],[-55.773264,-28.231866],[-55.767323,-28.257501],[-55.755279,-28.265558],[-55.715443,-28.281752],[-55.702219,-28.284845],[-55.687978,-28.28989],[-55.677968,-28.301772],[-55.664296,-28.326511],[-55.67809,-28.373712],[-55.684804,-28.387872],[-55.694936,-28.400079],[-55.70641,-28.407647],[-55.715688,-28.404474],[-55.719553,-28.384454],[-55.735341,-28.365737],[-55.771881,-28.357436],[-55.813222,-28.353204],[-55.843088,-28.346205],[-55.888092,-28.363214],[-55.906321,-28.377862],[-55.901112,-28.39837],[-55.897369,-28.406752],[-55.897613,-28.453302],[-55.898793,-28.460626],[-55.90274,-28.46502],[-55.911366,-28.470554],[-55.91983,-28.473321],[-55.952301,-28.476576],[-55.979848,-28.48919],[-56.012318,-28.496433],[-56.022125,-28.510268],[-56.023671,-28.528253],[-56.02123,-28.546238],[-56.022572,-28.585626],[-56.041575,-28.608901],[-56.103749,-28.647963],[-56.185414,-28.744073],[-56.219228,-28.764093],[-56.266184,-28.771905],[-56.286936,-28.779962],[-56.295522,-28.79575],[-56.301747,-28.88128],[-56.323801,-28.916355],[-56.392323,-28.952162],[-56.41161,-28.991143],[-56.412668,-29.031752],[-56.416493,-29.051202],[-56.4287,-29.069757],[-56.445058,-29.078058],[-56.514027,-29.093683],[-56.54898,-29.109877],[-56.58495,-29.132257],[-56.617991,-29.160821],[-56.644399,-29.19614],[-56.651438,-29.208917],[-56.657053,-29.223321],[-56.65803,-29.237807],[-56.651235,-29.251316],[-56.661366,-29.270847],[-56.677805,-29.313328],[-56.689361,-29.329522],[-56.706207,-29.343683],[-56.718861,-29.351495],[-56.754262,-29.367364],[-56.763417,-29.372735],[-56.770619,-29.37892],[-56.776479,-29.386407],[-56.781565,-29.395359],[-56.783315,-29.405287],[-56.782786,-29.416518],[-56.784169,-29.425714],[-56.800526,-29.433933],[-56.808298,-29.444675],[-56.813629,-29.456964],[-56.815745,-29.466974],[-56.819732,-29.474949],[-56.897939,-29.535577],[-56.9051,-29.549493],[-56.913157,-29.558445],[-56.952382,-29.586277],[-56.966542,-29.600763],[-56.980133,-29.63478],[-57.009592,-29.66253],[-57.014272,-29.673028],[-57.021677,-29.683282],[-57.094879,-29.751886],[-57.113637,-29.766046],[-57.134104,-29.771987],[-57.178212,-29.7728],[-57.220367,-29.778253],[-57.263295,-29.792494],[-57.292307,-29.814955],[-57.309275,-29.848321],[-57.319488,-29.965346],[-57.325917,-29.98089],[-57.41218,-30.039565],[-57.506907,-30.14422],[-57.549387,-30.169854],[-57.569407,-30.176446],[-57.612416,-30.182957],[-57.634674,-30.183526],[-57.643178,-30.193048],[-57.638743,-30.214858],[-57.62442,-30.257989],[-57.631744,-30.296889],[-57.653432,-30.329034],[-57.850331,-30.485203],[-57.877797,-30.514825],[-57.890492,-30.550714],[-57.886464,-30.589776],[-57.864003,-30.628595],[-57.849273,-30.647882],[-57.826975,-30.68963],[-57.818512,-30.711928],[-57.802602,-30.773289],[-57.796742,-30.816095],[-57.795766,-30.857924],[-57.796783,-30.868341],[-57.802602,-30.892429],[-57.807973,-30.907566],[-57.820383,-30.911554],[-57.843577,-30.909112],[-57.886098,-30.918796],[-57.904693,-30.92962],[-57.912424,-30.94728],[-57.906199,-30.958673],[-57.864003,-31.01214],[-57.855946,-31.058933],[-57.87442,-31.09295],[-57.89977,-31.126397],[-57.912424,-31.170424],[-57.905751,-31.21502],[-57.905832,-31.240899],[-57.915598,-31.252374],[-57.93635,-31.290216],[-57.943715,-31.296726],[-57.960194,-31.307957],[-57.96703,-31.314386],[-57.976308,-31.335138],[-57.981191,-31.380385],[-57.990956,-31.399265],[-58.006663,-31.410984],[-58.04426,-31.430515],[-58.063303,-31.444187],[-58.075999,-31.475112],[-58.051584,-31.500665],[-58.014068,-31.525567],[-57.987538,-31.55405],[-57.980295,-31.598647],[-57.989329,-31.642755],[-58.049631,-31.797052],[-58.060048,-31.811375],[-58.084177,-31.819675],[-58.1315,-31.827813],[-58.153554,-31.83587],[-58.169342,-31.84588],[-58.196685,-31.87241],[-58.203359,-31.89308],[-58.19107,-31.9131],[-58.159495,-31.94378],[-58.149729,-31.975112],[-58.146067,-32.017755],[-58.149037,-32.062839],[-58.159495,-32.101495],[-58.18163,-32.132338],[-58.187327,-32.152765],[-58.175893,-32.174168],[-58.107655,-32.251804],[-58.097279,-32.280938],[-58.102284,-32.311212],[-58.165679,-32.3895],[-58.190663,-32.433933],[-58.200429,-32.444675]]]}},{"type":"Feature","properties":{"dissolve":"2Lake Centerline","scalerank":1.0,"featurecla":"Lake Centerline","name":"Amazonas","name_alt":"Amazon","rivernum":2,"note":null,"min_zoom":2.0,"name_en":"Amazonas","min_label":3.0},"bbox":[-54.330922,-2.256768,-54.143463,-2.18963],"geometry":{"type":"MultiLineString","coordinates":[[[-54.320872,-2.18963],[-54.321034,-2.189793],[-54.321156,-2.189874],[-54.327952,-2.19728],[-54.330922,-2.213393],[-54.320302,-2.232599],[-54.305898,-2.246921],[-54.286936,-2.250828],[-54.26415,-2.253432],[-54.243276,-2.256768],[-54.222401,-2.255222],[-54.199656,-2.249933],[-54.158396,-2.247491],[-54.143625,-2.24505],[-54.143544,-2.24505],[-54.143463,-2.24505]]]}},{"type":"Feature","properties":{"dissolve":"2River","scalerank":1.0,"featurecla":"River","name":"Amazonas","name_alt":"Amazon","rivernum":2,"note":null,"min_zoom":2.0,"name_en":"Amazonas","min_label":3.0},"bbox":[-73.488637,-4.444838,-52.711781,-1.583836],"geometry":{"type":"MultiLineString","coordinates":[[[-52.711781,-1.583836],[-52.765248,-1.59474],[-52.850779,-1.598647],[-52.893137,-1.606785],[-52.927561,-1.620131],[-52.958079,-1.637872],[-52.984975,-1.66017],[-53.036977,-1.718764],[-53.068512,-1.740899],[-53.190785,-1.802748],[-53.217356,-1.811863],[-53.245351,-1.817071],[-53.315256,-1.818048],[-53.338287,-1.821466],[-53.437978,-1.854994],[-53.710317,-1.897393],[-53.779408,-1.917983],[-53.911977,-1.985691],[-54.034983,-2.078302],[-54.05663,-2.109552],[-54.066151,-2.1513],[-54.062815,-2.284519],[-54.073883,-2.329929],[-54.130849,-2.361179],[-54.160959,-2.372898],[-54.192454,-2.380711],[-54.300771,-2.390151],[-54.525136,-2.440362],[-54.574534,-2.450372],[-54.636138,-2.444757],[-54.676991,-2.412286],[-54.699086,-2.361261],[-54.704457,-2.299493],[-54.703033,-2.284682],[-54.699818,-2.271498],[-54.694488,-2.258966],[-54.673207,-2.224786],[-54.670766,-2.213556],[-54.673777,-2.200372],[-54.692779,-2.173517],[-54.721344,-2.151707],[-54.753977,-2.135431],[-54.819936,-2.113946],[-54.835601,-2.10589],[-54.86559,-2.084893],[-54.879384,-2.077569],[-54.894399,-2.073419],[-54.91218,-2.073093],[-54.946645,-2.081069],[-54.976389,-2.098484],[-55.000844,-2.123061],[-55.033803,-2.177423],[-55.043121,-2.186863],[-55.056264,-2.194024],[-55.090159,-2.197931],[-55.315378,-2.13478],[-55.328603,-2.12713],[-55.351633,-2.103041],[-55.405832,-2.017755],[-55.429636,-1.996759],[-55.514882,-1.949558],[-55.571929,-1.917169],[-55.602773,-1.907729],[-55.636138,-1.908054],[-55.662953,-1.916925],[-55.737498,-1.966323],[-55.76891,-1.98211],[-55.80012,-1.98797],[-55.866811,-1.991388],[-55.944651,-2.003839],[-56.020497,-2.003839],[-56.052195,-2.013523],[-56.079213,-2.034356],[-56.127919,-2.08351],[-56.129709,-2.091485],[-56.191762,-2.162449],[-56.36144,-2.277683],[-56.472646,-2.423517],[-56.504547,-2.492608],[-56.519154,-2.512221],[-56.539947,-2.527358],[-56.636545,-2.57114],[-56.723337,-2.589288],[-56.752512,-2.59002],[-56.795522,-2.585626],[-56.890452,-2.560479],[-56.913808,-2.551202],[-56.957346,-2.521987],[-56.968861,-2.516127],[-56.980133,-2.51214],[-56.991322,-2.509942],[-57.002878,-2.509129],[-57.01537,-2.509454],[-57.129994,-2.531671],[-57.139312,-2.534601],[-57.14684,-2.540379],[-57.159169,-2.555678],[-57.165273,-2.560886],[-57.177113,-2.564874],[-57.190053,-2.565444],[-57.202707,-2.562839],[-57.28067,-2.50921],[-57.294667,-2.504246],[-57.300526,-2.501316],[-57.319325,-2.486179],[-57.333892,-2.469089],[-57.407297,-2.409194],[-57.462026,-2.386895],[-57.488108,-2.383233],[-57.514394,-2.384454],[-57.538279,-2.391127],[-57.572011,-2.417494],[-57.597727,-2.457208],[-57.680653,-2.629815],[-57.700185,-2.652358],[-57.770823,-2.705092],[-57.779368,-2.714044],[-57.797922,-2.743504],[-57.806956,-2.75213],[-57.817616,-2.758803],[-57.840484,-2.769464],[-58.053822,-2.839776],[-58.084828,-2.857273],[-58.110585,-2.879571],[-58.131296,-2.906671],[-58.14684,-2.938816],[-58.150461,-2.953464],[-58.152333,-2.998468],[-58.155019,-3.012221],[-58.179799,-3.076511],[-58.191274,-3.154962],[-58.207997,-3.195977],[-58.237172,-3.215509],[-58.274566,-3.219089],[-58.315907,-3.211847],[-58.475087,-3.157078],[-58.502756,-3.159601],[-58.527089,-3.171808],[-58.550689,-3.190281],[-58.591542,-3.231459],[-58.605824,-3.253595],[-58.622711,-3.302179],[-58.635487,-3.324395],[-58.659983,-3.340753],[-58.689076,-3.342299],[-58.749094,-3.333673],[-58.770457,-3.335789],[-58.833363,-3.349054],[-58.843821,-3.348647],[-58.909047,-3.327488],[-58.917307,-3.321791],[-58.937611,-3.302423],[-58.956939,-3.292169],[-58.96288,-3.287937],[-58.967397,-3.282159],[-58.970774,-3.276381],[-58.975168,-3.271498],[-58.9829,-3.268406],[-58.984771,-3.260186],[-58.996775,-3.257989],[-59.02831,-3.244561],[-59.050771,-3.239272],[-59.07315,-3.23919],[-59.118153,-3.24627],[-59.146596,-3.246596],[-59.280385,-3.222101],[-59.302561,-3.213311],[-59.360911,-3.172703],[-59.374827,-3.16603],[-59.398915,-3.160658],[-59.448069,-3.156671],[-59.470774,-3.150567],[-59.542144,-3.11297],[-59.549631,-3.110528],[-59.556467,-3.109063],[-59.563385,-3.109063],[-59.582387,-3.111749],[-59.614125,-3.108087],[-59.614695,-3.104994],[-59.629547,-3.099054],[-59.654368,-3.081231],[-59.663971,-3.076511],[-59.674143,-3.072931],[-59.684722,-3.070733],[-59.77831,-3.071954],[-59.806142,-3.076349],[-59.887563,-3.099298],[-59.89684,-3.104994],[-59.903798,-3.11419],[-59.906361,-3.13128],[-59.896596,-3.167332],[-59.896108,-3.185235],[-59.898549,-3.19142],[-59.902252,-3.19614],[-59.924631,-3.212335],[-59.943593,-3.231378],[-59.982533,-3.260756],[-60.165151,-3.336765],[-60.189849,-3.339532],[-60.212392,-3.334161],[-60.2683,-3.297296],[-60.317006,-3.29046],[-60.470774,-3.324395],[-60.520579,-3.326104],[-60.569081,-3.340997],[-60.581899,-3.343276],[-60.6079,-3.343927],[-60.620839,-3.342706],[-60.638539,-3.337905],[-60.65567,-3.331069],[-60.673004,-3.326349],[-60.691396,-3.327976],[-60.704457,-3.334812],[-60.713735,-3.34474],[-60.720041,-3.357354],[-60.732249,-3.401544],[-60.738515,-3.415704],[-60.747222,-3.429376],[-60.762074,-3.444675],[-60.796254,-3.470066],[-60.811757,-3.484552],[-60.82315,-3.501642],[-60.840199,-3.539076],[-60.851186,-3.556573],[-60.880198,-3.586602],[-60.913808,-3.608575],[-60.95108,-3.617852],[-60.991282,-3.609877],[-61.016428,-3.600518],[-61.040191,-3.595147],[-61.188629,-3.589858],[-61.218007,-3.596531],[-61.2506,-3.611179],[-61.263824,-3.612481],[-61.325103,-3.606948],[-61.377309,-3.61004],[-61.402252,-3.615899],[-61.426503,-3.626642],[-61.566884,-3.729669],[-61.574696,-3.737319],[-61.593373,-3.765964],[-61.596588,-3.774754],[-61.621571,-3.790948],[-61.635325,-3.811212],[-61.646392,-3.833836],[-61.663319,-3.856378],[-61.684722,-3.870538],[-61.775746,-3.903009],[-61.812489,-3.920912],[-61.850209,-3.953058],[-61.878163,-3.962742],[-61.909413,-3.962742],[-61.940785,-3.955987],[-61.969146,-3.945815],[-61.983144,-3.937839],[-61.994374,-3.927586],[-62.015126,-3.903823],[-62.043935,-3.87892],[-62.076568,-3.859226],[-62.078236,-3.851088],[-62.101674,-3.843927],[-62.324941,-3.73976],[-62.36559,-3.707371],[-62.388173,-3.694757],[-62.410512,-3.694757],[-62.430776,-3.71502],[-62.438344,-3.740899],[-62.437571,-3.794854],[-62.444447,-3.819757],[-62.462392,-3.837742],[-62.48766,-3.848077],[-62.540395,-3.859552],[-62.623158,-3.888686],[-62.651845,-3.892755],[-62.751536,-3.886082],[-62.785268,-3.891534],[-62.812856,-3.902032],[-62.834828,-3.915216],[-62.87678,-3.94964],[-62.970204,-4.010105],[-62.972035,-4.01808],[-63.000152,-4.027195],[-63.076283,-4.071466],[-63.095815,-4.078627],[-63.117177,-4.080743],[-63.133901,-4.075046],[-63.14977,-4.065932],[-63.168853,-4.057794],[-63.177317,-4.03517],[-63.185862,-3.964369],[-63.199574,-3.948907],[-63.2235,-3.942885],[-63.275014,-3.938409],[-63.359609,-3.915867],[-63.423411,-3.885919],[-63.470123,-3.873224],[-63.532948,-3.844903],[-63.56135,-3.842706],[-63.591379,-3.848484],[-63.669789,-3.877781],[-63.694081,-3.880792],[-63.718821,-3.878757],[-63.743072,-3.870457],[-63.786773,-3.847019],[-63.808949,-3.8388],[-63.835113,-3.835626],[-63.894643,-3.834812],[-63.907582,-3.830987],[-63.942779,-3.811863],[-63.967641,-3.803562],[-63.9794,-3.798028],[-63.988149,-3.789727],[-63.99059,-3.783624],[-63.992787,-3.771498],[-63.996409,-3.765558],[-64.000844,-3.761895],[-64.006459,-3.758803],[-64.018015,-3.754897],[-64.019887,-3.746921],[-64.027659,-3.744155],[-64.040517,-3.738214],[-64.048695,-3.736017],[-64.09081,-3.736017],[-64.106353,-3.733819],[-64.199574,-3.695652],[-64.21524,-3.686537],[-64.285878,-3.626397],[-64.362131,-3.582208],[-64.419179,-3.565444],[-64.437123,-3.553725],[-64.453481,-3.534031],[-64.498647,-3.429701],[-64.510854,-3.414076],[-64.529286,-3.403009],[-64.540354,-3.400323],[-64.575592,-3.398126],[-64.588002,-3.394382],[-64.596099,-3.387709],[-64.611724,-3.369643],[-64.639882,-3.349949],[-64.648305,-3.342218],[-64.663686,-3.316908],[-64.670481,-3.308608],[-64.737904,-3.260431],[-64.757883,-3.239435],[-64.801381,-3.179701],[-64.843373,-3.141046],[-64.952789,-3.070977],[-64.980824,-3.06349],[-64.993804,-3.057061],[-65.014882,-3.038507],[-65.062123,-2.982354],[-65.067616,-2.972345],[-65.086293,-2.963718],[-65.104644,-2.951104],[-65.120961,-2.935968],[-65.133046,-2.919773],[-65.146311,-2.894708],[-65.15274,-2.887221],[-65.160634,-2.882257],[-65.178049,-2.874933],[-65.185658,-2.87005],[-65.195424,-2.854913],[-65.208974,-2.796726],[-65.219553,-2.778741],[-65.234364,-2.766534],[-65.271474,-2.748549],[-65.2919,-2.74155],[-65.355865,-2.733575],[-65.377919,-2.727879],[-65.398874,-2.718764],[-65.438344,-2.695001],[-65.448069,-2.687433],[-65.456776,-2.678725],[-65.464182,-2.668878],[-65.469675,-2.657892],[-65.471995,-2.645847],[-65.471832,-2.620619],[-65.474355,-2.609308],[-65.49059,-2.591485],[-65.514027,-2.585951],[-65.53954,-2.588556],[-65.611318,-2.611261],[-65.660959,-2.620538],[-65.710805,-2.619073],[-65.760976,-2.60296],[-65.773874,-2.564142],[-65.800201,-2.534519],[-65.83495,-2.513035],[-65.889963,-2.491876],[-65.930857,-2.464207],[-65.947133,-2.456476],[-65.964508,-2.454115],[-65.982493,-2.45558],[-66.027008,-2.468113],[-66.039133,-2.474623],[-66.04898,-2.484308],[-66.067983,-2.495131],[-66.08788,-2.484877],[-66.124379,-2.448093],[-66.140981,-2.4367],[-66.160634,-2.42726],[-66.18102,-2.424005],[-66.199778,-2.431004],[-66.211659,-2.444513],[-66.220286,-2.461847],[-66.234934,-2.510756],[-66.240142,-2.521987],[-66.247426,-2.532566],[-66.269643,-2.552911],[-66.283396,-2.561944],[-66.298207,-2.56756],[-66.313832,-2.567397],[-66.329661,-2.561863],[-66.345082,-2.553074],[-66.371938,-2.531264],[-66.384104,-2.51629],[-66.411204,-2.468276],[-66.42516,-2.453953],[-66.441151,-2.444268],[-66.519236,-2.420424],[-66.539459,-2.419366],[-66.560618,-2.423272],[-66.590403,-2.440362],[-66.602284,-2.464044],[-66.608144,-2.547052],[-66.599843,-2.605971],[-66.608388,-2.642918],[-66.63093,-2.670912],[-66.662668,-2.690444],[-66.698883,-2.701837],[-66.738759,-2.708185],[-66.759104,-2.708429],[-66.778554,-2.705011],[-66.810618,-2.690851],[-66.846995,-2.689386],[-66.951812,-2.729913],[-66.971059,-2.733819],[-66.98648,-2.733738],[-67.000885,-2.728936],[-67.017161,-2.718764],[-67.075266,-2.666436],[-67.09203,-2.656427],[-67.109975,-2.651056],[-67.128855,-2.649265],[-67.189687,-2.652195],[-67.209869,-2.64894],[-67.228139,-2.640069],[-67.240061,-2.626967],[-67.259429,-2.596612],[-67.273101,-2.585626],[-67.280832,-2.583347],[-67.288645,-2.582696],[-67.315826,-2.583998],[-67.33731,-2.58058],[-67.3485,-2.580499],[-67.372548,-2.590509],[-67.391469,-2.611505],[-67.427561,-2.686212],[-67.445912,-2.71144],[-67.467763,-2.733738],[-67.490712,-2.749688],[-67.504628,-2.755873],[-67.518625,-2.760268],[-67.532826,-2.763035],[-67.584177,-2.765964],[-67.618967,-2.771987],[-67.755849,-2.825372],[-67.788238,-2.844252],[-67.817616,-2.86769],[-67.847279,-2.900405],[-67.895457,-2.976983],[-67.92809,-3.055027],[-67.930776,-3.067397],[-67.932362,-3.108087],[-67.92748,-3.146987],[-67.930735,-3.184421],[-67.929799,-3.194268],[-67.922597,-3.221612],[-67.92455,-3.261651],[-67.942006,-3.303725],[-67.971425,-3.336277],[-68.008941,-3.347345],[-68.089711,-3.331557],[-68.153554,-3.329604],[-68.248402,-3.326837],[-68.302561,-3.306166],[-68.320546,-3.298517],[-68.35143,-3.29339],[-68.372141,-3.301121],[-68.42101,-3.326837],[-68.488026,-3.35003],[-68.536977,-3.352716],[-68.562734,-3.331964],[-68.58373,-3.329034],[-68.606516,-3.331964],[-68.632314,-3.35003],[-68.755971,-3.381036],[-68.833241,-3.404229],[-68.887318,-3.401544],[-68.938832,-3.39894],[-69.008412,-3.404229],[-69.065053,-3.409356],[-69.144928,-3.440281],[-69.219675,-3.458185],[-69.295155,-3.486505],[-69.32844,-3.501316],[-69.341868,-3.514581],[-69.351471,-3.532078],[-69.395009,-3.658054],[-69.415639,-3.690444],[-69.422231,-3.706882],[-69.422271,-3.726576],[-69.409657,-3.764337],[-69.409169,-3.773777],[-69.414906,-3.801202],[-69.416371,-3.82114],[-69.413808,-3.840265],[-69.39859,-3.896417],[-69.39684,-3.916192],[-69.398427,-3.935724],[-69.404408,-3.953953],[-69.408518,-3.961358],[-69.430328,-3.988702],[-69.43928,-4.010675],[-69.486643,-4.059096],[-69.504506,-4.086847],[-69.49413,-4.113295],[-69.476877,-4.123549],[-69.438954,-4.137628],[-69.422271,-4.148289],[-69.410146,-4.185235],[-69.437489,-4.221043],[-69.531117,-4.284356],[-69.562734,-4.315118],[-69.581736,-4.327651],[-69.604644,-4.336765],[-69.733632,-4.368097],[-69.753855,-4.369561],[-69.787668,-4.364597],[-69.887074,-4.337091],[-69.917795,-4.33294],[-69.927113,-4.328546],[-69.943512,-4.310073],[-69.952626,-4.286065],[-69.965688,-4.236261],[-69.99352,-4.180678],[-70.010935,-4.154962],[-70.031321,-4.131362],[-70.061269,-4.106948],[-70.162465,-4.055352],[-70.189198,-4.028741],[-70.199696,-3.995782],[-70.205312,-3.959975],[-70.217641,-3.924819],[-70.241607,-3.890639],[-70.274322,-3.856378],[-70.311879,-3.829115],[-70.350331,-3.815769],[-70.378489,-3.81878],[-70.399973,-3.83172],[-70.43928,-3.867608],[-70.465037,-3.878595],[-70.491567,-3.878351],[-70.545033,-3.865086],[-70.587636,-3.861505],[-70.625885,-3.868178],[-70.798573,-3.935561],[-70.900502,-3.959975],[-70.945017,-3.96616],[-71.033762,-3.992039],[-71.079091,-3.99741],[-71.110422,-3.993829],[-71.140736,-3.984308],[-71.165924,-3.970554],[-71.177113,-3.961114],[-71.185414,-3.94964],[-71.189809,-3.935724],[-71.193349,-3.906183],[-71.198313,-3.892918],[-71.220896,-3.87241],[-71.253163,-3.860528],[-71.288442,-3.854913],[-71.320058,-3.853367],[-71.433665,-3.866388],[-71.47057,-3.858819],[-71.499135,-3.843764],[-71.523671,-3.825535],[-71.586781,-3.756199],[-71.59911,-3.747573],[-71.613026,-3.741713],[-71.659779,-3.735528],[-71.673818,-3.729018],[-71.682118,-3.720636],[-71.686838,-3.711358],[-71.694203,-3.690444],[-71.728424,-3.632175],[-71.732249,-3.610691],[-71.730824,-3.599461],[-71.726186,-3.579441],[-71.725209,-3.568048],[-71.733266,-3.41253],[-71.742177,-3.388849],[-71.759429,-3.36712],[-71.78185,-3.351414],[-71.808095,-3.341323],[-71.836497,-3.336847],[-71.866811,-3.341323],[-71.889638,-3.355401],[-71.910553,-3.372735],[-72.056467,-3.459812],[-72.231679,-3.510756],[-72.26301,-3.516127],[-72.286855,-3.516453],[-72.475901,-3.480971],[-72.648427,-3.448744],[-72.776967,-3.449395],[-72.806304,-3.445001],[-72.820953,-3.445164],[-72.837066,-3.448663],[-72.849965,-3.454115],[-72.887196,-3.475437],[-73.02717,-3.510105],[-73.050689,-3.522149],[-73.069163,-3.538995],[-73.100982,-3.579767],[-73.222564,-3.682631],[-73.232289,-3.69378],[-73.242258,-3.711358],[-73.248606,-3.732843],[-73.247996,-3.753432],[-73.236928,-3.769057],[-73.226796,-3.773126],[-73.205678,-3.7763],[-73.196604,-3.781101],[-73.190826,-3.789239],[-73.187571,-3.799737],[-73.186147,-3.810724],[-73.186187,-3.820733],[-73.190419,-3.841974],[-73.213938,-3.903497],[-73.213938,-3.925958],[-73.205312,-3.94256],[-73.179758,-3.97503],[-73.171376,-3.995782],[-73.16808,-4.017511],[-73.168853,-4.040053],[-73.177805,-4.083836],[-73.184885,-4.102553],[-73.195627,-4.119561],[-73.211415,-4.134454],[-73.235707,-4.14544],[-73.261383,-4.14601],[-73.28661,-4.138523],[-73.309275,-4.124933],[-73.330434,-4.10532],[-73.342478,-4.098972],[-73.356638,-4.10003],[-73.366811,-4.107354],[-73.371693,-4.118015],[-73.372914,-4.130222],[-73.371938,-4.142511],[-73.361562,-4.187026],[-73.362416,-4.207696],[-73.375356,-4.22853],[-73.440297,-4.281589],[-73.454457,-4.300226],[-73.459299,-4.322686],[-73.453765,-4.340753],[-73.445221,-4.358412],[-73.440826,-4.379327],[-73.444,-4.40545],[-73.453359,-4.421319],[-73.468373,-4.432794],[-73.488637,-4.444838]],[[-54.143625,-2.24505],[-54.128855,-2.235528],[-54.128041,-2.224949],[-54.13329,-2.21323],[-54.13679,-2.200372],[-54.13561,-2.183119],[-54.127797,-2.148289],[-54.122548,-2.135268],[-54.108754,-2.115574],[-54.103871,-2.103448],[-54.10204,-2.083836],[-54.10676,-2.052423],[-54.103424,-2.03631],[-54.088368,-2.018487],[-54.07311,-2.010675],[-54.034657,-1.995945],[-54.026926,-1.987481],[-54.023183,-1.973647],[-54.014027,-1.960626],[-54.002797,-1.950046],[-53.992787,-1.943373],[-53.952219,-1.929132],[-53.850942,-1.909194],[-53.831736,-1.908624],[-53.823883,-1.910577],[-53.789703,-1.923191]]]}},{"type":"Feature","properties":{"dissolve":"323River","scalerank":6.0,"featurecla":"River","name":"Finlay","name_alt":null,"rivernum":323,"note":null,"min_zoom":5.0,"name_en":"Finlay","min_label":6.0},"bbox":[-127.235341,56.756903,-124.835601,57.674628],"geometry":{"type":"MultiLineString","coordinates":[[[-127.235341,56.814561],[-127.05663,56.88349],[-126.954213,56.902899],[-126.926259,56.915554],[-126.918691,56.921251],[-126.911773,56.927924],[-126.905629,56.935818],[-126.900217,56.944892],[-126.888295,56.975124],[-126.884145,57.005316],[-126.88858,57.034939],[-126.916615,57.089301],[-126.920562,57.103827],[-126.921213,57.118354],[-126.917958,57.129462],[-126.911244,57.137397],[-126.834706,57.197374],[-126.830963,57.206122],[-126.825063,57.20954],[-126.790028,57.217149],[-126.760854,57.233751],[-126.690419,57.284451],[-126.673695,57.292914],[-126.622548,57.305935],[-126.601674,57.308051],[-126.584543,57.314765],[-126.568349,57.330634],[-126.555898,57.348944],[-126.55012,57.363308],[-126.551178,57.379218],[-126.556956,57.398017],[-126.565256,57.415717],[-126.574045,57.428412],[-126.575754,57.443142],[-126.569081,57.492011],[-126.570627,57.506659],[-126.565419,57.515733],[-126.566518,57.517035],[-126.570627,57.520331],[-126.566803,57.53144],[-126.570302,57.53795],[-126.575592,57.544379],[-126.577463,57.55504],[-126.575551,57.562852],[-126.572255,57.568549],[-126.537465,57.611843],[-126.529856,57.617865],[-126.505605,57.629177],[-126.503774,57.633857],[-126.5006,57.636501],[-126.496897,57.638617],[-126.493235,57.641872],[-126.490956,57.645819],[-126.488352,57.653632],[-126.48644,57.657172],[-126.480702,57.663275],[-126.473744,57.668158],[-126.465972,57.671902],[-126.457916,57.674506],[-126.430898,57.674628],[-126.380686,57.65294],[-126.354644,57.645372],[-126.330678,57.647244],[-126.257639,57.673285],[-126.239369,57.67418],[-126.223622,57.667996],[-126.194692,57.645697],[-126.14151,57.615546],[-126.1256,57.602851],[-126.118723,57.594265],[-126.105092,57.568671],[-126.074086,57.537665],[-126.055653,57.526882],[-126.008901,57.515937],[-125.988393,57.506659],[-125.973785,57.491767],[-125.962554,57.476142],[-125.949696,57.463894],[-125.9204,57.456732],[-125.900502,57.447292],[-125.871978,57.441759],[-125.833241,57.426093],[-125.815745,57.421698],[-125.723256,57.415473],[-125.653961,57.424506],[-125.630727,57.421698],[-125.609202,57.409695],[-125.576527,57.379828],[-125.529205,57.366319],[-125.493479,57.330634],[-125.473053,57.319281],[-125.479888,57.311835],[-125.472035,57.304633],[-125.46467,57.30036],[-125.458119,57.300238],[-125.451487,57.302314],[-125.451527,57.299343],[-125.450307,57.297675],[-125.466949,57.276638],[-125.459299,57.266669],[-125.404164,57.257148],[-125.404164,57.250352],[-125.411041,57.249538],[-125.415395,57.247829],[-125.424672,57.242947],[-125.394439,57.234646],[-125.384348,57.229926],[-125.379791,57.224066],[-125.369252,57.203925],[-125.363189,57.195746],[-125.342152,57.182196],[-125.298329,57.171413],[-125.274485,57.160997],[-125.257883,57.144721],[-125.249013,57.113837],[-125.23351,57.099555],[-125.22057,57.095323],[-125.191314,57.091579],[-125.178293,57.086493],[-125.172271,57.080675],[-125.157338,57.064765],[-125.153635,57.058621],[-125.157135,57.052558],[-125.160878,57.045844],[-125.158762,57.040391],[-125.13561,57.03498],[-125.130523,57.027167],[-125.127065,57.017117],[-125.120229,57.007025],[-125.081288,56.981716],[-125.058705,56.972113],[-125.044789,56.972968],[-125.021148,56.968614],[-124.983306,56.943183],[-124.95287,56.91116],[-124.951731,56.887274],[-124.924957,56.8463],[-124.917877,56.839911],[-124.901601,56.829291],[-124.893951,56.822089],[-124.865305,56.774685],[-124.835601,56.756903]]]}},{"type":"Feature","properties":{"dissolve":"335River","scalerank":6.0,"featurecla":"River","name":"Tocantins","name_alt":null,"rivernum":335,"note":null,"min_zoom":5.0,"name_en":"Tocantins","min_label":6.0},"bbox":[-49.606435,-15.925958,-47.373158,-5.163914],"geometry":{"type":"MultiLineString","coordinates":[[[-48.723134,-5.355401],[-48.688588,-5.313816],[-48.678456,-5.30755],[-48.641469,-5.303562],[-48.621816,-5.307794],[-48.613271,-5.324884],[-48.609039,-5.328627],[-48.59968,-5.321954],[-48.586008,-5.30755],[-48.582021,-5.300714],[-48.554555,-5.233901],[-48.543446,-5.217299],[-48.531361,-5.205092],[-48.498199,-5.186537],[-48.45873,-5.173679],[-48.416005,-5.16603],[-48.338002,-5.163914],[-48.332753,-5.167006],[-48.329172,-5.171075],[-48.312734,-5.182468],[-48.153432,-5.257338],[-48.11262,-5.26629],[-48.064605,-5.266615],[-48.043813,-5.259942],[-48.018666,-5.237319],[-47.999745,-5.232436],[-47.978179,-5.233412],[-47.93932,-5.240411],[-47.899892,-5.253106],[-47.879954,-5.264337],[-47.86498,-5.280938],[-47.85912,-5.304132],[-47.857777,-5.349542],[-47.851877,-5.369073],[-47.838694,-5.383233],[-47.818227,-5.389662],[-47.796457,-5.389011],[-47.759877,-5.383233],[-47.740142,-5.385593],[-47.723215,-5.391534],[-47.627431,-5.446466],[-47.608998,-5.462091],[-47.593699,-5.470147],[-47.554067,-5.474542],[-47.537058,-5.478936],[-47.51537,-5.497735],[-47.497304,-5.526544],[-47.468739,-5.5888],[-47.483022,-5.743015],[-47.479197,-5.749037],[-47.455068,-5.766941],[-47.449574,-5.775893],[-47.445465,-5.784682],[-47.442942,-5.793959],[-47.442047,-5.804539],[-47.439809,-5.815769],[-47.430002,-5.829115],[-47.426096,-5.847507],[-47.417592,-5.86004],[-47.414133,-5.869968],[-47.414133,-5.910984],[-47.426015,-5.974786],[-47.425649,-6.103855],[-47.416249,-6.140151],[-47.414133,-6.16131],[-47.408599,-6.181329],[-47.382192,-6.214369],[-47.373158,-6.233738],[-47.377065,-6.276707],[-47.41039,-6.349949],[-47.39981,-6.383803],[-47.420359,-6.43377],[-47.420359,-6.456231],[-47.407297,-6.479425],[-47.415639,-6.495294],[-47.442047,-6.527846],[-47.449534,-6.543959],[-47.452301,-6.559096],[-47.455068,-6.596124],[-47.480214,-6.661554],[-47.487782,-6.698419],[-47.475575,-6.733331],[-47.48884,-6.763116],[-47.494985,-6.790216],[-47.496693,-6.852879],[-47.495798,-6.858819],[-47.493479,-6.86655],[-47.490102,-6.874037],[-47.486155,-6.88006],[-47.482533,-6.88836],[-47.484039,-6.896905],[-47.487416,-6.905694],[-47.500722,-6.964695],[-47.502919,-6.983412],[-47.513905,-7.008803],[-47.585439,-7.069024],[-47.640004,-7.158543],[-47.685902,-7.146336],[-47.725453,-7.162286],[-47.741282,-7.193373],[-47.715728,-7.226739],[-47.678293,-7.247084],[-47.660553,-7.263523],[-47.644846,-7.308526],[-47.6256,-7.299819],[-47.603993,-7.279636],[-47.588531,-7.268406],[-47.549224,-7.270685],[-47.512807,-7.280613],[-47.485951,-7.30226],[-47.475575,-7.34002],[-47.489125,-7.381524],[-47.521392,-7.402765],[-47.559804,-7.419122],[-47.591664,-7.445815],[-47.604604,-7.465834],[-47.622182,-7.485203],[-47.632314,-7.504408],[-47.617787,-7.535821],[-47.619578,-7.549005],[-47.626373,-7.572768],[-47.626373,-7.610284],[-47.636383,-7.647149],[-47.655141,-7.674249],[-47.680002,-7.695245],[-47.798695,-7.766127],[-47.915679,-7.799819],[-47.924672,-7.805841],[-47.930898,-7.814142],[-47.93517,-7.826511],[-47.94286,-7.901788],[-47.947987,-7.921319],[-47.955312,-7.936944],[-47.960764,-7.952651],[-47.96052,-7.989272],[-47.963002,-8.009291],[-47.962799,-8.028334],[-47.954742,-8.041681],[-47.973134,-8.065769],[-48.001047,-8.081394],[-48.035064,-8.089044],[-48.110911,-8.086358],[-48.124501,-8.090834],[-48.140289,-8.103855],[-48.151479,-8.11655],[-48.161244,-8.130711],[-48.169057,-8.145196],[-48.174469,-8.159031],[-48.176218,-8.178888],[-48.164255,-8.212579],[-48.138539,-8.375665],[-48.12975,-8.384942],[-48.113393,-8.390151],[-48.101471,-8.40366],[-48.09435,-8.421319],[-48.091908,-8.43963],[-48.093577,-8.461277],[-48.099355,-8.486017],[-48.110911,-8.50628],[-48.12975,-8.514662],[-48.143178,-8.525242],[-48.148061,-8.54933],[-48.14802,-8.576674],[-48.143625,-8.613702],[-48.134755,-8.650323],[-48.132883,-8.669285],[-48.134145,-8.681329],[-48.139516,-8.704278],[-48.140289,-8.713881],[-48.137034,-8.726007],[-48.124501,-8.74448],[-48.119862,-8.754815],[-48.120107,-8.780125],[-48.141021,-8.820733],[-48.150258,-8.856134],[-48.168202,-8.893731],[-48.174469,-8.911961],[-48.1905,-9.015069],[-48.198435,-9.030287],[-48.278554,-9.130304],[-48.35676,-9.284845],[-48.369211,-9.327081],[-48.379872,-9.543145],[-48.403757,-9.604913],[-48.407216,-9.628269],[-48.403066,-9.64422],[-48.393219,-9.656752],[-48.381825,-9.66782],[-48.373118,-9.679701],[-48.367584,-9.698744],[-48.366282,-9.765313],[-48.368642,-9.773289],[-48.373118,-9.778985],[-48.375885,-9.785658],[-48.373118,-9.796401],[-48.368398,-9.801772],[-48.353505,-9.810398],[-48.345815,-9.816827],[-48.34142,-9.82407],[-48.33495,-9.840509],[-48.32901,-9.847996],[-48.326243,-9.856378],[-48.330149,-9.867364],[-48.335927,-9.87892],[-48.338979,-9.888849],[-48.347564,-9.9013],[-48.364858,-9.913018],[-48.377675,-9.92547],[-48.373118,-9.940362],[-48.367828,-9.967218],[-48.34675,-9.995294],[-48.33373,-10.026788],[-48.35261,-10.063328],[-48.375152,-10.081394],[-48.384674,-10.090753],[-48.41511,-10.145685],[-48.42809,-10.177667],[-48.43102,-10.193862],[-48.429107,-10.210138],[-48.421498,-10.227879],[-48.41454,-10.235365],[-48.407094,-10.241062],[-48.401682,-10.248875],[-48.40099,-10.263116],[-48.417307,-10.286961],[-48.421498,-10.296726],[-48.420033,-10.326023],[-48.421498,-10.337742],[-48.43456,-10.364923],[-48.437815,-10.386244],[-48.4381,-10.426121],[-48.442006,-10.447605],[-48.459788,-10.490737],[-48.462799,-10.513523],[-48.451894,-10.533136],[-48.43871,-10.549249],[-48.42634,-10.572686],[-48.417226,-10.59767],[-48.414052,-10.618829],[-48.417714,-10.637221],[-48.431467,-10.668471],[-48.43456,-10.691095],[-48.43102,-10.707533],[-48.407216,-10.76214],[-48.401601,-10.804701],[-48.409413,-10.847345],[-48.428212,-10.886733],[-48.455678,-10.919854],[-48.470693,-10.930678],[-48.501332,-10.94671],[-48.513987,-10.957696],[-48.519399,-10.965671],[-48.531361,-10.988702],[-48.547678,-11.004408],[-48.56432,-11.026707],[-48.566884,-11.036798],[-48.561757,-11.047052],[-48.540761,-11.073582],[-48.537506,-11.081557],[-48.535512,-11.10296],[-48.505442,-11.202651],[-48.499989,-11.211602],[-48.467152,-11.242608],[-48.462473,-11.252862],[-48.459788,-11.30877],[-48.462473,-11.330743],[-48.4676,-11.342462],[-48.478831,-11.361017],[-48.493031,-11.378351],[-48.507192,-11.385919],[-48.552887,-11.387221],[-48.572743,-11.39308],[-48.586008,-11.406427],[-48.589508,-11.427097],[-48.585601,-11.446303],[-48.58434,-11.465509],[-48.59557,-11.485691],[-48.621816,-11.514825],[-48.633168,-11.523126],[-48.644276,-11.527683],[-48.655263,-11.530694],[-48.665639,-11.535089],[-48.674713,-11.544285]],[[-49.1787,-15.925958],[-49.189849,-15.909356],[-49.209177,-15.854343],[-49.251861,-15.794122],[-49.257558,-15.767999],[-49.266265,-15.750828],[-49.285959,-15.731785],[-49.306793,-15.721612],[-49.319,-15.731378],[-49.326487,-15.731378],[-49.319163,-15.712416],[-49.328236,-15.709405],[-49.363718,-15.717136],[-49.38036,-15.710789],[-49.387929,-15.697442],[-49.384267,-15.685398],[-49.367421,-15.683038],[-49.431996,-15.618178],[-49.442209,-15.602472],[-49.449859,-15.563897],[-49.456166,-15.545831],[-49.464833,-15.53517],[-49.479848,-15.521498],[-49.497548,-15.50978],[-49.514516,-15.504897],[-49.524281,-15.49627],[-49.536204,-15.476739],[-49.544911,-15.455987],[-49.544911,-15.443373],[-49.555328,-15.438816],[-49.562489,-15.440606],[-49.570221,-15.441257],[-49.582509,-15.43255],[-49.587392,-15.422214],[-49.588124,-15.411554],[-49.592112,-15.403823],[-49.606435,-15.401788],[-49.5985,-15.389093],[-49.589345,-15.377618],[-49.585601,-15.368341],[-49.592112,-15.351739],[-49.565419,-15.274591],[-49.563303,-15.257826],[-49.553863,-15.223077],[-49.549794,-15.188328],[-49.543691,-15.177423],[-49.533274,-15.170099],[-49.5183,-15.162286],[-49.510813,-15.169773],[-49.495473,-15.158543],[-49.487294,-15.143894],[-49.487375,-15.133315],[-49.496571,-15.134942],[-49.503977,-15.134942],[-49.510813,-15.120619],[-49.495025,-15.119806],[-49.485097,-15.112481],[-49.476877,-15.104181],[-49.46642,-15.100274],[-49.438588,-15.104832],[-49.428212,-15.101495],[-49.422027,-15.08644],[-49.418324,-15.08823],[-49.415273,-15.089044],[-49.412221,-15.090509],[-49.408437,-15.093927],[-49.400258,-15.077569],[-49.391672,-15.064304],[-49.363718,-15.035333],[-49.351389,-15.017511],[-49.328114,-14.972589],[-49.315582,-14.963718],[-49.298573,-14.887872],[-49.293121,-14.881768],[-49.277577,-14.869073],[-49.27123,-14.860528],[-49.270131,-14.850518],[-49.272613,-14.841648],[-49.270904,-14.833673],[-49.257558,-14.826511],[-49.244293,-14.836765],[-49.223622,-14.823175],[-49.200999,-14.802911],[-49.181874,-14.792332],[-49.199086,-14.771417],[-49.200307,-14.761651],[-49.175038,-14.754083],[-49.168568,-14.746108],[-49.162831,-14.736993],[-49.15453,-14.73032],[-49.137196,-14.734226],[-49.1256,-14.733738],[-49.120351,-14.726495],[-49.112904,-14.729181],[-49.068918,-14.716648],[-49.065785,-14.714695],[-49.056793,-14.705418],[-49.051503,-14.702325],[-49.045115,-14.703546],[-49.038482,-14.70794],[-49.031728,-14.71144],[-49.02477,-14.709812],[-49.018015,-14.699884],[-49.018707,-14.689874],[-49.022532,-14.680352],[-49.02477,-14.671563],[-49.030344,-14.617527],[-49.027008,-14.600925],[-49.010487,-14.61419],[-49.012929,-14.605157],[-49.017445,-14.60003],[-49.022084,-14.596856],[-49.02477,-14.593113],[-49.02477,-14.582208],[-49.021799,-14.575535],[-49.020334,-14.569187],[-49.02477,-14.559015],[-49.004099,-14.55226],[-49.002797,-14.544854],[-49.01061,-14.535658],[-49.017405,-14.524835],[-49.018178,-14.510105],[-49.015004,-14.481459],[-49.017405,-14.470147],[-49.003407,-14.461277],[-48.992909,-14.449151],[-48.986155,-14.43377],[-48.983225,-14.414972],[-48.989003,-14.350274],[-48.993479,-14.33644],[-49.020253,-14.314955],[-49.02477,-14.312514],[-49.02477,-14.301935],[-49.019276,-14.297865],[-49.010365,-14.294936],[-48.999989,-14.288263],[-48.987131,-14.272149],[-48.967112,-14.237726],[-48.955922,-14.223158],[-48.948598,-14.217299],[-48.926584,-14.205011],[-48.91808,-14.202651],[-48.913401,-14.198175],[-48.88565,-14.158054],[-48.8756,-14.146498],[-48.863637,-14.137546],[-48.849762,-14.133722],[-48.817738,-14.140069],[-48.803944,-14.138116],[-48.798248,-14.123875],[-48.793813,-14.120457],[-48.771962,-14.121515],[-48.76415,-14.120782],[-48.759267,-14.115655],[-48.750437,-14.100274],[-48.743031,-14.092787],[-48.740224,-14.098321],[-48.735829,-14.104994],[-48.730702,-14.110772],[-48.726226,-14.113295],[-48.713368,-14.116388],[-48.711252,-14.123875],[-48.71227,-14.132745],[-48.708852,-14.140558],[-48.701039,-14.144464],[-48.686269,-14.146173],[-48.671213,-14.156752],[-48.664784,-14.158624],[-48.623606,-14.165704],[-48.608022,-14.163995],[-48.59496,-14.155694],[-48.548248,-14.113702],[-48.529286,-14.119643],[-48.520497,-14.117039],[-48.481638,-14.062026],[-48.476145,-14.048761],[-48.471791,-14.030938],[-48.460398,-14.016778],[-48.443959,-14.007338],[-48.424916,-14.004083],[-48.41161,-13.998712],[-48.385325,-13.975274],[-48.376536,-13.969903],[-48.351959,-13.965509],[-48.345815,-13.963067],[-48.338857,-13.955092],[-48.334788,-13.938653],[-48.325307,-13.927667],[-48.355824,-13.864272],[-48.360056,-13.849786],[-48.359486,-13.838393],[-48.357045,-13.828464],[-48.351633,-13.821222],[-48.342397,-13.818536],[-48.304799,-13.818536],[-48.288075,-13.825616],[-48.265004,-13.84295],[-48.246449,-13.846368],[-48.226186,-13.837416],[-48.209218,-13.816827],[-48.194569,-13.793796],[-48.181264,-13.77752],[-48.139638,-13.756768],[-48.124216,-13.741062],[-48.135243,-13.702325],[-48.134877,-13.677748],[-48.131215,-13.654311],[-48.126698,-13.640313],[-48.115956,-13.627862],[-48.104604,-13.617608],[-48.09557,-13.604181],[-48.091908,-13.581964],[-48.091908,-13.54103],[-48.097401,-13.53753],[-48.123647,-13.538751],[-48.132883,-13.537937],[-48.140207,-13.529962],[-48.149526,-13.508722],[-48.157379,-13.504408],[-48.165395,-13.501804],[-48.194936,-13.483901],[-48.206451,-13.472507],[-48.213938,-13.458998],[-48.215443,-13.442397],[-48.209218,-13.421808],[-48.201772,-13.421808],[-48.201772,-13.442315],[-48.177724,-13.428074],[-48.174998,-13.400323],[-48.187489,-13.339288],[-48.184926,-13.308608],[-48.179433,-13.279962],[-48.177968,-13.253839],[-48.187489,-13.229994],[-48.179067,-13.219089],[-48.174224,-13.20558],[-48.17455,-13.192315],[-48.181264,-13.181573],[-48.172475,-13.161472],[-48.160064,-13.118829],[-48.141916,-13.085789],[-48.144276,-13.066746],[-48.150624,-13.046075],[-48.153961,-13.02394],[-48.152577,-13.01336],[-48.147328,-12.994643],[-48.146555,-12.98919],[-48.151967,-12.97796],[-48.170481,-12.955743],[-48.174469,-12.945489],[-48.181874,-12.902276],[-48.194936,-12.859552],[-48.223053,-12.801446],[-48.232777,-12.787774],[-48.235463,-12.778334],[-48.231557,-12.767429],[-48.225819,-12.756199],[-48.22289,-12.746515],[-48.226145,-12.734877],[-48.233876,-12.732843],[-48.242909,-12.73325],[-48.250152,-12.729181],[-48.250152,-12.714044],[-48.242177,-12.700698],[-48.242421,-12.691257],[-48.267242,-12.687514],[-48.282948,-12.680352],[-48.289703,-12.662937],[-48.28954,-12.640558],[-48.284332,-12.619317],[-48.283559,-12.615086],[-48.28539,-12.613783],[-48.288319,-12.613783],[-48.291127,-12.613132],[-48.272817,-12.605401],[-48.263824,-12.604994],[-48.284901,-12.57586],[-48.291737,-12.55877],[-48.281239,-12.550958],[-48.26415,-12.548679],[-48.252187,-12.541843],[-48.245025,-12.529962],[-48.242747,-12.513116],[-48.238596,-12.498875],[-48.22289,-12.475763],[-48.22289,-12.461602],[-48.230865,-12.452976],[-48.259104,-12.442315],[-48.27066,-12.434991],[-48.246449,-12.394464],[-48.250803,-12.348972],[-48.273549,-12.305352],[-48.304799,-12.27044],[-48.333404,-12.253432],[-48.442006,-12.222101],[-48.463938,-12.20794],[-48.476226,-12.190362],[-48.481679,-12.169122],[-48.4829,-12.143243],[-48.486806,-12.122003],[-48.504872,-12.079034],[-48.510854,-12.05755],[-48.531728,-11.93377],[-48.556996,-11.863946],[-48.561757,-11.858331],[-48.575429,-11.856378],[-48.583119,-11.850763],[-48.601959,-11.804376],[-48.615224,-11.753106],[-48.626943,-11.729181],[-48.634023,-11.722182],[-48.643178,-11.714858],[-48.65099,-11.705499],[-48.654286,-11.691339],[-48.654286,-11.588881],[-48.656117,-11.579441],[-48.66511,-11.557143],[-48.667917,-11.544285]]]}},{"type":"Feature","properties":{"dissolve":"33Lake Centerline","scalerank":2.0,"featurecla":"Lake Centerline","name":"Peace","name_alt":null,"rivernum":33,"note":null,"min_zoom":2.1,"name_en":"Peace","min_label":3.1},"bbox":[-124.835601,55.98432,-113.71349,58.710232],"geometry":{"type":"MultiLineString","coordinates":[[[-113.823354,58.710232],[-113.782582,58.708319],[-113.765248,58.700954],[-113.757802,58.689765],[-113.752797,58.679796],[-113.740387,58.67239],[-113.71349,58.669257]],[[-122.22175,56.021267],[-122.224762,56.048529],[-122.250071,56.064236],[-122.305002,56.089219],[-122.369211,56.111396],[-122.480946,56.120063],[-122.569081,56.142401],[-122.615468,56.140448],[-122.660959,56.118842],[-122.708608,56.100898],[-122.74413,56.090359],[-122.782867,56.08629],[-122.81607,56.087836],[-122.853179,56.086453],[-122.893056,56.087836],[-122.937001,56.084418],[-123.006012,56.075385],[-123.055816,56.06684],[-123.093088,56.025458],[-123.114003,56.004665],[-123.141835,55.989569],[-123.183502,55.984809],[-123.207021,55.98432],[-123.256337,55.987128],[-123.291575,55.991034],[-123.382192,56.008368],[-123.68692,56.043158],[-123.739654,56.044379],[-123.782053,56.034003],[-123.864125,56.002509],[-123.915924,55.989773],[-123.96996,55.999335],[-124.044097,56.053249],[-124.092193,56.096503],[-124.120961,56.127875],[-124.143137,56.149929],[-124.18456,56.175971],[-124.225087,56.19831],[-124.27009,56.226996],[-124.422475,56.341091],[-124.458119,56.395209],[-124.480824,56.446601],[-124.514963,56.492987],[-124.549062,56.530951],[-124.649648,56.596788],[-124.678334,56.625027],[-124.704213,56.658881],[-124.74474,56.686794],[-124.793609,56.707302],[-124.823476,56.736274],[-124.835601,56.756903]]]}},{"type":"Feature","properties":{"dissolve":"33River","scalerank":2.0,"featurecla":"River","name":"Peace","name_alt":null,"rivernum":33,"note":null,"min_zoom":2.1,"name_en":"Peace","min_label":3.1},"bbox":[-122.235463,55.915107,-111.410756,59.172431],"geometry":{"type":"MultiLineString","coordinates":[[[-113.71349,58.669257],[-113.698801,58.669542],[-113.687571,58.67536],[-113.677398,58.683173],[-113.665679,58.689765],[-113.649973,58.693468],[-113.55956,58.682929],[-113.548818,58.685574],[-113.521718,58.702745],[-113.49767,58.709581],[-113.415883,58.710232],[-113.390126,58.716498],[-113.389475,58.731391],[-113.412465,58.764838],[-113.387441,58.773261],[-113.328725,58.766384],[-113.30602,58.775417],[-113.287913,58.785834],[-113.207021,58.806464],[-113.152008,58.80976],[-113.12328,58.815985],[-113.110829,58.829657],[-113.108713,58.832831],[-113.103993,58.834662],[-113.099273,58.83751],[-113.097157,58.843695],[-113.098134,58.849433],[-113.10025,58.85224],[-113.102406,58.854275],[-113.103383,58.857367],[-113.109853,58.862128],[-113.123525,58.863796],[-113.135813,58.868354],[-113.138092,58.881537],[-113.120513,58.893866],[-113.087514,58.897406],[-113.031972,58.895209],[-113.010487,58.899726],[-112.988759,58.91059],[-112.917877,58.965644],[-112.881459,59.001654],[-112.860219,59.034491],[-112.856923,59.042304],[-112.853179,59.04918],[-112.829661,59.066514],[-112.807932,59.101182],[-112.794179,59.111518],[-112.7176,59.132921],[-112.696401,59.142157],[-112.675689,59.158311],[-112.653554,59.169013],[-112.622426,59.172431],[-112.562123,59.168891],[-112.539662,59.164374],[-112.519399,59.156358],[-112.500966,59.14529],[-112.483957,59.131415],[-112.44225,59.112128],[-112.340159,59.117296],[-112.288442,59.114325],[-112.199818,59.093573],[-112.185943,59.083848],[-112.175649,59.071845],[-112.152089,59.065985],[-112.126536,59.066433],[-112.11026,59.07331],[-112.11026,59.066514],[-112.071278,59.082384],[-112.00536,59.10045],[-111.977935,59.111518],[-111.950917,59.113715],[-111.925933,59.093817],[-111.918772,59.072699],[-111.924631,59.055121],[-111.940338,59.043036],[-111.989898,59.03559],[-112.011871,59.027411],[-112.030751,59.014716],[-112.066151,58.98371],[-112.073883,58.974189],[-112.07608,58.963446],[-112.070465,58.953884],[-112.059967,58.949042],[-112.048085,58.945583],[-112.038238,58.939561],[-112.01476,58.929755],[-111.979563,58.928656],[-111.918528,58.936143],[-111.89269,58.944444],[-111.844106,58.966498],[-111.819163,58.970893],[-111.811676,58.969306],[-111.802113,58.965033],[-111.792551,58.959418],[-111.784739,58.953559],[-111.773671,58.94953],[-111.698801,58.951524],[-111.674306,58.949327],[-111.651967,58.942206],[-111.600209,58.905056],[-111.582346,58.900499],[-111.561594,58.908271],[-111.573842,58.927598],[-111.560658,58.946601],[-111.536,58.962104],[-111.514394,58.970893],[-111.456614,58.980251],[-111.429189,58.988389],[-111.410756,59.005072]],[[-122.22175,56.021267],[-122.235463,56.009141],[-122.228627,55.990912],[-122.208852,55.975653],[-122.18163,55.967108],[-122.163401,55.95779],[-122.152984,55.955634],[-122.130442,55.957587],[-122.108957,55.961859],[-122.062856,55.976752],[-122.046742,55.979112],[-122.024078,55.978827],[-122.013417,55.979926],[-122.001373,55.983669],[-121.980784,55.995307],[-121.942779,56.024359],[-121.835683,56.080349],[-121.789377,56.114081],[-121.763661,56.128038],[-121.728261,56.139024],[-121.621409,56.153917],[-121.604482,56.160915],[-121.557281,56.193305],[-121.410512,56.241034],[-121.381215,56.244574],[-121.353993,56.243476],[-121.329091,56.239447],[-121.316518,56.239081],[-121.303619,56.2414],[-121.292551,56.246772],[-121.265614,56.268378],[-121.250315,56.274237],[-121.232086,56.277533],[-121.21349,56.277615],[-121.197174,56.273993],[-121.18578,56.266954],[-121.166493,56.249091],[-121.154897,56.24254],[-121.137196,56.240017],[-121.098541,56.243516],[-121.080068,56.243028],[-121.060902,56.225043],[-121.032623,56.228542],[-121.002105,56.239569],[-120.976226,56.244696],[-120.949208,56.234646],[-120.899322,56.200792],[-120.868153,56.194607],[-120.844146,56.199652],[-120.828359,56.206895],[-120.815012,56.208604],[-120.777699,56.182563],[-120.749338,56.169216],[-120.718861,56.159491],[-120.692291,56.155829],[-120.587473,56.155707],[-120.548085,56.148993],[-120.461252,56.120429],[-120.291493,56.128282],[-120.21345,56.121161],[-120.170969,56.122138],[-120.140696,56.13406],[-120.148101,56.13406],[-120.118031,56.137519],[-120.066314,56.152696],[-120.041371,56.156073],[-119.907867,56.149278],[-119.87621,56.157538],[-119.820872,56.185004],[-119.788157,56.190863],[-119.660878,56.190863],[-119.589182,56.199327],[-119.584096,56.202338],[-119.57079,56.216376],[-119.565297,56.221055],[-119.55309,56.224066],[-119.523671,56.226264],[-119.513417,56.230658],[-119.494293,56.243354],[-119.475697,56.245469],[-119.434926,56.240912],[-119.413197,56.243516],[-119.394276,56.249823],[-119.378651,56.25849],[-119.366689,56.268256],[-119.366689,56.26203],[-119.347524,56.272406],[-119.230336,56.308783],[-119.222646,56.312934],[-119.216217,56.323798],[-119.201283,56.325995],[-119.171132,56.322333],[-119.158437,56.319037],[-119.138092,56.301866],[-119.126454,56.29446],[-119.096018,56.285468],[-119.064687,56.281358],[-119.003285,56.288642],[-118.974924,56.285671],[-118.954498,56.267686],[-118.971791,56.253038],[-118.984283,56.233344],[-118.98644,56.211127],[-118.972524,56.188585],[-118.894358,56.11697],[-118.946278,56.083035],[-118.954498,56.071885],[-118.945872,56.047716],[-118.925201,56.042182],[-118.880035,56.048041],[-118.858144,56.041327],[-118.84439,56.028388],[-118.821685,55.996527],[-118.805776,55.982733],[-118.788238,55.971706],[-118.769521,55.963568],[-118.749664,55.958686],[-118.699941,55.952826],[-118.67512,55.946641],[-118.639068,55.925727],[-118.404652,55.915107],[-118.352447,55.925116],[-118.318227,55.937323],[-118.309519,55.938259]],[[-118.309519,55.938259],[-118.285634,55.928656],[-118.012196,55.927558],[-117.945953,55.947089],[-117.877431,55.957139],[-117.850453,55.970649],[-117.803782,56.007107],[-117.803782,56.013251],[-117.809193,56.026231],[-117.79304,56.03738],[-117.767649,56.045111],[-117.707387,56.054999],[-117.380767,56.192939],[-117.348134,56.20246],[-117.324208,56.218614],[-117.315541,56.268419],[-117.293813,56.316026],[-117.283762,56.332343],[-117.2683,56.345526],[-117.229156,56.356147],[-117.208608,56.365912],[-117.196929,56.37934],[-117.17809,56.417833],[-117.167063,56.434841],[-117.141347,56.461697],[-117.129262,56.477566],[-117.119862,56.496894],[-117.114735,56.51614],[-117.111318,56.555732],[-117.112904,56.589667],[-117.115875,56.592393],[-117.126047,56.5987],[-117.137115,56.601915],[-117.146148,56.600409],[-117.153798,56.60163],[-117.160797,56.612901],[-117.15925,56.619005],[-117.153635,56.626736],[-117.148101,56.636013],[-117.147125,56.64704],[-117.15095,56.6553],[-117.157053,56.659613],[-117.256418,56.708564],[-117.243764,56.723904],[-117.223704,56.730007],[-117.20108,56.734198],[-117.181264,56.743842],[-117.199534,56.755316],[-117.215443,56.758734],[-117.252675,56.756903],[-117.276845,56.758816],[-117.277008,56.765082],[-117.271962,56.776679],[-117.286773,56.808539],[-117.27953,56.83454],[-117.287099,56.849677],[-117.297719,56.855902],[-117.319651,56.858669],[-117.328725,56.863349],[-117.332509,56.871446],[-117.329823,56.879218],[-117.32315,56.885037],[-117.314768,56.887274],[-117.294342,56.886908],[-117.285268,56.888861],[-117.276845,56.89411],[-117.273305,56.900662],[-117.273671,56.907294],[-117.275706,56.912462],[-117.276845,56.914578],[-117.248769,56.964382],[-117.242747,56.982856],[-117.239735,57.028876],[-117.232004,57.058539],[-117.228261,57.06623],[-117.222279,57.072821],[-117.213857,57.076483],[-117.190745,57.082099],[-117.181264,57.086493],[-117.191558,57.098415],[-117.206654,57.104193],[-117.242421,57.106391],[-117.264068,57.110622],[-117.278391,57.120063],[-117.279124,57.129462],[-117.201772,57.147976],[-117.147328,57.148871],[-117.133534,57.154812],[-117.125396,57.166124],[-117.123606,57.178412],[-117.126047,57.205634],[-117.1197,57.221747],[-117.091461,57.241278],[-117.085072,57.25377],[-117.094797,57.284247],[-117.117665,57.288845],[-117.144765,57.290391],[-117.167063,57.311835],[-117.153147,57.322048],[-117.147694,57.337226],[-117.145172,57.35517],[-117.14037,57.373887],[-117.131459,57.389512],[-117.119537,57.403591],[-117.091908,57.428534],[-117.058095,57.451728],[-117.049143,57.467597],[-117.0572,57.489936],[-117.070872,57.497911],[-117.14037,57.51789],[-117.120107,57.537543],[-117.085683,57.54503],[-116.985666,57.545193],[-116.971995,57.549262],[-116.961537,57.558865],[-116.95816,57.568223],[-116.95816,57.579779],[-116.961741,57.590928],[-116.969065,57.599799],[-116.998606,57.610948],[-117.073354,57.616156],[-117.105865,57.62405],[-117.11498,57.640326],[-117.076487,57.682807],[-117.078928,57.709662],[-117.078928,57.702826],[-117.089752,57.714057],[-117.130605,57.739529],[-117.136952,57.74726],[-117.119252,57.760118],[-117.097035,57.768134],[-117.073964,57.767401],[-117.054067,57.75434],[-117.037953,57.746853],[-117.021067,57.751003],[-117.01476,57.764472],[-117.030426,57.784776],[-117.053131,57.793972],[-117.076527,57.793321],[-117.099192,57.79031],[-117.119862,57.792263],[-117.138092,57.805528],[-117.131337,57.818915],[-117.110951,57.829169],[-117.08849,57.833197],[-117.063385,57.834662],[-117.045888,57.840277],[-117.041005,57.851874],[-117.054067,57.871039],[-117.128977,57.91474],[-117.163726,57.943549],[-117.153961,57.963568],[-117.152333,57.976142],[-117.120473,58.015652],[-117.112416,58.034939],[-117.100697,58.051459],[-117.073598,58.060818],[-116.995717,58.070502],[-116.934234,58.106879],[-116.908274,58.11518],[-116.88329,58.117296],[-116.71231,58.111762],[-116.698801,58.1081],[-116.686513,58.102851],[-116.677317,58.096706],[-116.667226,58.093858],[-116.603261,58.103624],[-116.581695,58.113471],[-116.564443,58.128607],[-116.557485,58.147895],[-116.566274,58.165107],[-116.606679,58.185004],[-116.619537,58.203152],[-116.60733,58.207465],[-116.596344,58.215684],[-116.58849,58.227118],[-116.585439,58.240994],[-116.590443,58.25434],[-116.60261,58.256456],[-116.669342,58.246772],[-116.689565,58.24726],[-116.704905,58.25434],[-116.710072,58.265448],[-116.705149,58.275255],[-116.693186,58.282335],[-116.677317,58.285102],[-116.59911,58.285102],[-116.581044,58.289578],[-116.570058,58.29621],[-116.559967,58.304267],[-116.544504,58.313015],[-116.530873,58.317247],[-116.512563,58.320258],[-116.494618,58.319607],[-116.481801,58.313015],[-116.4794,58.303412],[-116.483144,58.291287],[-116.496083,58.264594],[-116.484364,58.260321],[-116.469594,58.256903],[-116.454213,58.255561],[-116.440826,58.257758],[-116.431752,58.264919],[-116.414866,58.287177],[-116.404286,58.297309],[-116.388417,58.321234],[-116.382802,58.326606],[-116.373036,58.328192],[-116.255605,58.362372],[-116.242177,58.370673],[-116.234039,58.387478],[-116.214223,58.398505],[-116.167104,58.408555],[-115.978668,58.422187],[-115.960764,58.425645],[-115.957346,58.434353],[-115.958404,58.445421],[-115.954213,58.456366],[-115.932362,58.467556],[-115.903228,58.471218],[-115.84496,58.470038],[-115.817779,58.465399],[-115.796457,58.453559],[-115.756215,58.422187],[-115.737294,58.411811],[-115.714752,58.403103],[-115.689809,58.397081],[-115.663075,58.394965],[-115.635976,58.399482],[-115.616038,58.410509],[-115.598297,58.42414],[-115.578033,58.43655],[-115.567616,58.439805],[-115.558461,58.440212],[-115.537099,58.43655],[-115.524648,58.432196],[-115.492421,58.414822],[-115.464996,58.411973],[-115.29955,58.357693],[-115.269602,58.353949],[-115.152903,58.367621],[-115.080719,58.38581],[-115.053578,58.388048],[-114.920074,58.373806],[-114.867991,58.376003],[-114.824371,58.391628],[-114.782297,58.412218],[-114.734527,58.429023],[-114.649281,58.441677],[-114.629018,58.452948],[-114.595286,58.480414],[-114.50182,58.538886],[-114.483754,58.545681],[-114.47761,58.54914],[-114.465403,58.55268],[-114.401438,58.55329],[-114.287465,58.589423],[-114.243479,58.619981],[-114.173451,58.648139],[-114.128082,58.659247],[-113.981028,58.661811],[-113.959055,58.667344],[-113.919423,58.685858],[-113.838612,58.703396],[-113.823354,58.710232]],[[-118.309519,55.938259],[-118.304677,55.938788],[-118.310862,55.938788],[-118.309519,55.938259]]]}},{"type":"Feature","properties":{"dissolve":"34Lake Centerline","scalerank":2.0,"featurecla":"Lake Centerline","name":"Mackenzie","name_alt":null,"rivernum":34,"note":null,"min_zoom":2.1,"name_en":"Mackenzie","min_label":3.1},"bbox":[-117.66808,61.035956,-113.703603,61.37934],"geometry":{"type":"MultiLineString","coordinates":[[[-117.66808,61.307807],[-117.63679,61.293524],[-117.556142,61.280626],[-117.466176,61.252387],[-117.427073,61.229031],[-117.385487,61.208279],[-117.307688,61.17414],[-117.165639,61.122504],[-117.072255,61.097927],[-116.989817,61.090277],[-116.754221,61.057969],[-116.722971,61.057644],[-116.683217,61.054755],[-116.627553,61.053982],[-116.48054,61.060858],[-116.36856,61.061225],[-116.248036,61.056098],[-116.089101,61.035956],[-115.906606,61.045925],[-115.716664,61.085639],[-115.359202,61.204779],[-115.292795,61.237738],[-115.112294,61.293891],[-115.010569,61.337592],[-114.915639,61.360134],[-114.857655,61.370307],[-114.644114,61.37934],[-114.38622,61.346869],[-114.292877,61.329291],[-114.156809,61.295111],[-114.030751,61.274685],[-113.933909,61.263983],[-113.843007,61.24197],[-113.770579,61.231553],[-113.721506,61.238715],[-113.703603,61.246039]]]}},{"type":"Feature","properties":{"dissolve":"34River","scalerank":2.0,"featurecla":"River","name":"Mackenzie","name_alt":null,"rivernum":34,"note":null,"min_zoom":2.1,"name_en":"Mackenzie","min_label":3.1},"bbox":[-135.606068,61.222357,-117.66808,69.263129],"geometry":{"type":"MultiLineString","coordinates":[[[-134.313059,69.153917],[-134.371816,69.122382],[-134.423899,69.113471],[-134.529449,69.112413],[-134.566274,69.097276],[-134.606923,69.066189],[-134.637807,69.027696],[-134.645334,68.990424],[-134.63386,68.970038],[-134.614654,68.956488],[-134.570221,68.938259],[-134.473459,68.877021],[-134.456125,68.860663],[-134.432688,68.823432],[-134.41747,68.806179],[-134.395375,68.792548],[-134.324859,68.774726],[-134.303863,68.763739],[-134.258168,68.728542],[-134.244252,68.706163]],[[-134.835927,68.963813],[-134.867584,68.998114],[-134.88036,69.006212],[-134.893625,69.012641],[-134.952707,69.022162],[-135.077463,69.076036],[-135.104563,69.095282],[-135.098948,69.103542],[-135.025706,69.116075],[-135.011098,69.122667],[-135.000071,69.129218],[-134.993235,69.138617],[-134.991282,69.153917],[-135.006744,69.180203],[-135.042307,69.192003],[-135.121571,69.194892],[-135.114369,69.202175],[-135.098948,69.213243],[-135.093658,69.222235],[-135.143951,69.237087],[-135.168853,69.247992],[-135.183013,69.263129]],[[-134.835927,68.963813],[-134.861155,68.960273],[-134.918568,68.914171],[-134.948394,68.900946],[-135.09968,68.889228],[-135.140289,68.894477],[-135.175608,68.908718],[-135.210846,68.938015],[-135.226918,68.943671],[-135.520131,68.920844],[-135.606068,68.911404]],[[-134.244252,68.706163],[-134.361155,68.691596],[-134.404042,68.694281],[-134.439931,68.705837],[-134.466135,68.727566],[-134.506988,68.776557],[-134.59911,68.825059],[-134.675771,68.896064],[-134.835927,68.963813]],[[-117.66808,61.307807],[-117.6822,61.350898],[-117.697825,61.373969],[-117.718129,61.38699],[-117.916819,61.43769],[-118.047922,61.455675],[-118.0631,61.460395],[-118.07787,61.468126],[-118.11205,61.494412],[-118.1256,61.499783],[-118.141835,61.501166],[-118.190338,61.492987],[-118.206776,61.492255],[-118.254506,61.498236],[-118.284495,61.497992],[-118.307729,61.48786],[-118.324859,61.468573],[-118.351471,61.392279],[-118.363189,61.370388],[-118.381012,61.351386],[-118.408844,61.335313],[-118.440541,61.325629],[-118.694325,61.298163],[-118.818186,61.257758],[-118.958241,61.238552],[-119.022572,61.240668],[-119.152659,61.228461],[-119.367055,61.240302],[-119.441274,61.224962],[-119.479237,61.222357],[-119.504506,61.228054],[-119.577789,61.264106],[-119.609609,61.273708],[-119.730784,61.285712],[-119.786041,61.306016],[-119.940907,61.333441],[-119.99828,61.351386],[-120.053375,61.375312],[-120.146311,61.403632],[-120.18928,61.423774],[-120.22232,61.444281],[-120.234486,61.454617],[-120.255971,61.461493],[-120.350494,61.451199],[-120.405629,61.452175],[-120.4322,61.456122],[-120.457265,61.464871],[-120.505035,61.495185],[-120.548248,61.502997],[-120.653147,61.549587],[-120.67101,61.560614],[-120.682607,61.574734],[-120.695424,61.594509],[-120.720326,61.606269],[-120.73412,61.620185],[-120.720774,61.646104],[-120.715199,61.650336],[-120.702138,61.657579],[-120.696197,61.663438],[-120.694407,61.667548],[-120.692372,61.67768],[-120.690053,61.683295],[-120.676829,61.706081],[-120.671986,61.718044],[-120.669586,61.732367],[-120.67162,61.733222],[-120.676137,61.737982],[-120.680572,61.744167],[-120.682607,61.749091],[-120.681549,61.756781],[-120.676829,61.769151],[-120.675771,61.776719],[-120.684438,61.790839],[-120.704498,61.803087],[-120.727406,61.811591],[-120.903879,61.844062],[-120.957753,61.842108],[-121.006418,61.835028],[-121.078033,61.837999],[-121.099233,61.841986],[-121.131215,61.854763],[-121.142161,61.857774],[-121.154368,61.858588],[-121.213612,61.848822],[-121.276723,61.846706],[-121.287831,61.848334],[-121.35554,61.884792],[-121.366444,61.888495],[-121.380198,61.891181],[-121.420562,61.892849],[-121.549428,61.930365],[-121.558827,61.936794],[-121.566477,61.945746],[-121.579823,61.96601],[-121.589182,61.9737],[-121.601145,61.977484],[-121.767079,61.991319],[-121.801137,62.000678],[-121.838694,62.017279],[-121.847808,62.023261],[-121.853586,62.025743],[-121.89684,62.0338],[-121.9169,62.039862],[-121.925364,62.043647],[-121.932729,62.04975],[-121.945668,62.064765],[-121.953359,62.070339],[-121.977528,62.076728],[-122.189565,62.093695],[-122.279408,62.122748],[-122.326527,62.130561],[-122.450673,62.165798],[-122.48526,62.168321],[-122.589996,62.16295],[-122.687489,62.176947],[-122.715891,62.173896],[-122.77245,62.158515],[-122.832265,62.149929],[-122.891957,62.150743],[-123.058217,62.171495],[-123.155507,62.197292],[-123.168202,62.203884],[-123.173899,62.215033],[-123.249623,62.234727],[-123.381418,62.302598],[-123.401235,62.316107],[-123.408925,62.33393],[-123.394643,62.357449],[-123.384633,62.363715],[-123.362904,62.369493],[-123.352773,62.374294],[-123.343739,62.384792],[-123.340159,62.397406],[-123.336741,62.424831],[-123.32136,62.446845],[-123.276357,62.476671],[-123.266754,62.502712],[-123.268707,62.514675],[-123.276682,62.538153],[-123.276926,62.55032],[-123.271067,62.563788],[-123.26061,62.573432],[-123.209381,62.600531],[-123.196767,62.619452],[-123.192494,62.643337],[-123.191762,62.698513],[-123.18814,62.724473],[-123.1881,62.74962],[-123.197621,62.772773],[-123.24177,62.828192],[-123.252024,62.848904],[-123.253733,62.875678],[-123.242299,62.896064],[-123.227203,62.915798],[-123.217681,62.940863],[-123.232411,62.958808],[-123.230295,62.963162],[-123.225575,62.979315],[-123.248769,62.993272],[-123.260976,63.008368],[-123.265696,63.026923],[-123.26651,63.051337],[-123.290435,63.081732],[-123.290842,63.087673],[-123.307485,63.123358],[-123.339101,63.157986],[-123.380767,63.180691],[-123.57901,63.260118],[-123.62385,63.28502],[-123.656972,63.321357],[-123.68456,63.378607],[-123.694814,63.393988],[-123.702707,63.41116],[-123.718373,63.47956],[-123.749176,63.531846],[-123.756256,63.541042],[-123.761952,63.550849],[-123.814605,63.602484],[-123.846832,63.658637],[-123.90099,63.719794],[-123.916982,63.732856],[-123.966135,63.756659],[-123.989613,63.77204],[-123.999582,63.791205],[-124.003326,63.811347],[-124.012563,63.834418],[-124.023997,63.855333],[-124.034291,63.869412],[-124.048573,63.882758],[-124.062082,63.892157],[-124.077056,63.898871],[-124.131174,63.910509],[-124.149322,63.917263],[-124.166331,63.940945],[-124.187815,63.957343],[-124.212758,63.971991],[-124.232289,63.979275],[-124.265248,63.976426],[-124.300526,63.967719],[-124.335194,63.963975],[-124.366363,63.976142],[-124.414662,64.027289],[-124.451243,64.056667],[-124.461415,64.069363],[-124.465159,64.086127],[-124.465688,64.113349],[-124.457509,64.13699],[-124.420644,64.173285],[-124.411041,64.191514],[-124.418691,64.20893],[-124.456858,64.2414],[-124.465688,64.257351],[-124.477773,64.270128],[-124.535227,64.300482],[-124.589263,64.32038],[-124.667958,64.334784],[-124.705556,64.336737],[-124.730824,64.344428],[-124.745269,64.362738],[-124.755198,64.385199],[-124.766754,64.405097],[-124.778391,64.417996],[-124.784983,64.422187],[-124.794667,64.424872],[-124.794301,64.446723],[-124.815338,64.466986],[-124.892649,64.496609],[-124.914947,64.513129],[-124.934316,64.536078],[-124.963775,64.586493],[-124.966176,64.613308],[-124.947418,64.629828],[-124.920481,64.64293],[-124.897817,64.659369],[-124.890777,64.672716],[-124.889882,64.68655],[-124.895009,64.699164],[-124.906321,64.709296],[-124.924224,64.715928],[-124.943837,64.717475],[-125.018178,64.713162],[-125.054596,64.718329],[-125.087554,64.732286],[-125.112416,64.757839],[-125.134429,64.814521],[-125.14859,64.839301],[-125.175038,64.857774],[-125.208323,64.868272],[-125.417958,64.904486],[-125.453196,64.905585],[-125.526723,64.899929],[-125.601186,64.904079],[-125.708892,64.895697],[-125.723053,64.897895],[-125.823964,64.932196],[-125.848378,64.935329],[-125.949818,64.92475],[-125.975413,64.925401],[-125.989329,64.928412],[-126.004465,64.934272],[-126.018707,64.942003],[-126.0301,64.950629],[-126.050649,64.977118],[-126.058746,64.984931],[-126.08023,64.995429],[-126.12678,65.006781],[-126.147369,65.018175],[-126.18163,65.04914],[-126.219553,65.082099],[-126.233469,65.097602],[-126.2412,65.103583],[-126.251291,65.108262],[-126.318023,65.12934],[-126.353342,65.149848],[-126.371897,65.155097],[-126.411204,65.161485],[-126.418284,65.163642],[-126.551991,65.22016],[-126.602203,65.230048],[-126.630198,65.230292],[-126.767812,65.256659],[-126.83316,65.276882],[-126.929311,65.291368],[-127.105377,65.296576],[-127.397939,65.391221],[-127.43578,65.408881],[-127.485504,65.421942],[-127.663442,65.507148],[-127.69286,65.52794],[-127.706939,65.535834],[-127.722157,65.541327],[-127.915598,65.567694],[-127.969635,65.592353],[-128.030181,65.608344],[-128.524485,65.623725],[-128.539174,65.627143],[-128.582021,65.646674],[-128.598378,65.650214],[-128.663726,65.652167],[-128.679514,65.654405],[-128.694692,65.658718],[-128.708119,65.665351],[-128.732655,65.682074],[-128.745473,65.688829],[-128.771148,65.696316],[-128.778472,65.699652],[-128.779164,65.704901],[-128.77009,65.712917],[-128.746938,65.721381],[-128.735585,65.726915],[-128.730133,65.735785],[-128.7329,65.744574],[-128.740631,65.752509],[-128.83967,65.812201],[-129.012563,65.878974],[-129.03246,65.88996],[-129.047109,65.904812],[-129.055287,65.92121],[-129.060455,65.939643],[-129.062123,65.958564],[-129.056223,65.989691],[-129.056467,66.001736],[-129.060414,66.012966],[-129.068593,66.023993],[-129.10143,66.050808],[-129.115834,66.06684],[-129.120473,66.085639],[-129.116811,66.095038],[-129.109486,66.10224],[-129.092112,66.113634],[-129.047434,66.155341],[-129.02953,66.167914],[-129.009999,66.177517],[-128.712717,66.248318],[-128.660471,66.274848],[-128.660024,66.320868],[-128.684234,66.344021],[-128.716542,66.3581],[-128.894032,66.384304],[-128.928131,66.398057],[-128.958974,66.41828],[-129.070383,66.510932],[-129.571604,66.726386],[-129.602162,66.735216],[-129.80606,66.748725],[-130.051869,66.806342],[-130.082387,66.820014],[-130.110015,66.83865],[-130.134267,66.863308],[-130.15453,66.892035],[-130.164377,66.914415],[-130.175526,66.92768],[-130.202545,66.951117],[-130.214345,66.964138],[-130.22411,66.981391],[-130.249257,67.078721],[-130.255727,67.20071],[-130.261383,67.22309],[-130.272125,67.238796],[-130.287994,67.249864],[-130.330963,67.26671],[-130.340728,67.27265],[-130.376454,67.303494],[-130.387034,67.30919],[-130.408762,67.315701],[-130.454335,67.321845],[-130.506256,67.336005],[-130.567047,67.345282],[-130.733266,67.349433],[-130.759389,67.353624],[-130.799916,67.365424],[-130.819488,67.374294],[-130.83849,67.385525],[-130.851959,67.396755],[-130.895131,67.449652],[-130.909047,67.460232],[-130.940053,67.476345],[-130.979482,67.489773],[-131.021148,67.496161],[-131.062815,67.493964],[-131.140289,67.466132],[-131.159901,67.46251],[-131.18106,67.462226],[-131.258209,67.471259],[-131.57551,67.465644],[-131.594146,67.460313],[-131.611236,67.451239],[-131.643219,67.4289],[-131.660268,67.419501],[-131.682485,67.412909],[-131.795888,67.407986],[-132.030019,67.35871],[-132.403147,67.308173],[-132.457753,67.306179],[-132.564768,67.286444],[-132.594879,67.277045],[-132.65217,67.248114],[-132.838857,67.218288],[-132.900054,67.215684],[-133.07551,67.242133],[-133.141754,67.27497],[-133.38036,67.334052],[-133.478505,67.371649],[-133.487172,67.376044],[-133.502756,67.387274],[-133.515533,67.398749],[-133.52123,67.405382],[-133.539377,67.438503],[-133.554067,67.455349],[-133.571767,67.469509],[-133.591542,67.480048],[-133.644399,67.491645],[-133.654937,67.491238],[-133.665598,67.488471],[-133.695709,67.474921],[-133.716176,67.469428],[-133.741078,67.466986],[-133.765736,67.46894],[-133.78539,67.476182],[-133.822336,67.509874],[-133.934478,67.579291],[-134.089182,67.640448],[-134.149729,67.653266],[-134.172597,67.661933],[-134.192779,67.675076],[-134.201812,67.684516],[-134.208363,67.695339],[-134.21231,67.707302],[-134.213694,67.720323],[-134.202504,67.781846],[-134.203236,67.803087],[-134.209096,67.824408],[-134.219065,67.845282],[-134.233144,67.863145],[-134.251536,67.87519],[-134.311513,67.88463],[-134.32901,67.894802],[-134.341379,67.910509],[-134.360911,67.945746],[-134.374176,67.961249],[-134.43578,68.002265],[-134.452016,68.020209],[-134.457265,68.039008],[-134.450795,68.055365],[-134.42748,68.086005],[-134.422109,68.106513],[-134.425771,68.126776],[-134.440663,68.166938],[-134.443837,68.187201],[-134.44286,68.209581],[-134.435536,68.229519],[-134.419423,68.242133],[-134.407582,68.244412],[-134.395172,68.244086],[-134.337066,68.233466],[-134.329579,68.23546],[-134.335683,68.245917],[-134.376047,68.278835],[-134.387196,68.29267],[-134.378774,68.31037],[-134.352203,68.317084],[-134.255198,68.314154],[-134.235829,68.320868],[-134.218088,68.336493],[-134.189361,68.375312],[-134.179189,68.383857],[-134.167795,68.390204],[-134.14269,68.398464],[-134.102895,68.404649],[-134.092152,68.409776],[-134.088002,68.415717],[-134.08967,68.420966],[-134.094797,68.425808],[-134.120717,68.44241],[-134.129872,68.450059],[-134.134999,68.459296],[-134.133412,68.469916],[-134.12564,68.478787],[-134.064809,68.516791],[-134.055409,68.532782],[-134.071889,68.547431],[-134.120473,68.561347],[-134.142568,68.571601],[-134.160471,68.589871],[-134.191233,68.662218],[-134.205922,68.683865],[-134.212473,68.689968],[-134.244252,68.706163]]]}},{"type":"Feature","properties":{"dissolve":"36River","scalerank":2.0,"featurecla":"River","name":"Paraná","name_alt":null,"rivernum":36,"note":null,"min_zoom":2.1,"name_en":"Paraná","min_label":3.1},"bbox":[-60.769358,-34.049005,-55.075307,-14.291436],"geometry":{"type":"MultiLineString","coordinates":[[[-55.075307,-14.31935],[-55.110178,-14.301283],[-55.129791,-14.294366],[-55.154124,-14.291436],[-55.173655,-14.293471],[-55.259389,-14.323907],[-55.318593,-14.325616],[-55.339101,-14.329604],[-55.380116,-14.348484],[-55.432485,-14.357354],[-55.475575,-14.366143],[-55.489573,-14.36712],[-55.508168,-14.373061],[-55.521881,-14.387058],[-55.541412,-14.414972],[-55.555979,-14.423761],[-55.575999,-14.43019],[-55.636138,-14.437839],[-55.732167,-14.472101],[-55.750234,-14.482354],[-55.764272,-14.494073],[-55.780344,-14.504815],[-55.82372,-14.519952],[-55.843088,-14.531671],[-55.893951,-14.589044],[-55.922963,-14.612644],[-55.965932,-14.627862],[-56.011871,-14.631524],[-56.031809,-14.636651],[-56.05191,-14.651218],[-56.068349,-14.659112],[-56.221669,-14.684747],[-56.255727,-14.702976],[-56.273793,-14.737156],[-56.269521,-14.740411],[-56.262359,-14.749933],[-56.260162,-14.75978],[-56.27302,-14.765476],[-56.301747,-14.771905],[-56.31843,-14.782159],[-56.325917,-14.792983],[-56.32311,-14.803399],[-56.308583,-14.812188],[-56.32901,-14.827162],[-56.33727,-14.828546],[-56.346425,-14.823093],[-56.357777,-14.819268],[-56.370432,-14.823175],[-56.383127,-14.829441],[-56.394521,-14.832696],[-56.404368,-14.844171],[-56.403228,-14.870457],[-56.396962,-14.898614],[-56.391103,-14.915867],[-56.399485,-14.918796],[-56.416737,-14.920099],[-56.425282,-14.922052],[-56.42691,-14.920831],[-56.438547,-14.916681],[-56.442616,-14.915867],[-56.446156,-14.917494],[-56.44579,-14.921319],[-56.444651,-14.925632],[-56.445709,-14.928888],[-56.456207,-14.938653],[-56.463938,-14.952325],[-56.462595,-14.966323],[-56.445709,-14.976576],[-56.455312,-14.980645],[-56.478993,-14.986993],[-56.486724,-14.991062],[-56.496571,-15.003351],[-56.497914,-15.012221],[-56.495351,-15.021661],[-56.49352,-15.035333],[-56.496775,-15.047296],[-56.503774,-15.05169],[-56.510813,-15.054701],[-56.514027,-15.062921],[-56.504384,-15.12241],[-56.497629,-15.137384],[-56.484771,-15.145929],[-56.463124,-15.148614],[-56.438873,-15.148858],[-56.422231,-15.151707],[-56.409739,-15.159682],[-56.380483,-15.204604],[-56.373769,-15.212823],[-56.365468,-15.217625],[-56.340484,-15.224623],[-56.329701,-15.229913],[-56.301747,-15.257826],[-56.282948,-15.2728],[-56.276357,-15.28224],[-56.273793,-15.29575],[-56.284332,-15.315851],[-56.288726,-15.327651],[-56.284657,-15.33294],[-56.277821,-15.335382],[-56.270863,-15.341241],[-56.260162,-15.354018],[-56.252024,-15.370294],[-56.248158,-15.388849],[-56.247141,-15.43255],[-56.25475,-15.476495],[-56.249745,-15.492039],[-56.225982,-15.483819],[-56.207631,-15.49741],[-56.192372,-15.512384],[-56.182078,-15.529311],[-56.178212,-15.549656],[-56.174875,-15.553888],[-56.159169,-15.564793],[-56.154652,-15.566908],[-56.141347,-15.568699],[-56.136708,-15.57407],[-56.134999,-15.582452],[-56.130442,-15.593683],[-56.111195,-15.620619],[-56.103749,-15.627781],[-56.08141,-15.640069],[-56.072581,-15.647312],[-56.069,-15.659356],[-56.073801,-15.679864],[-56.098704,-15.704278],[-56.109975,-15.724054],[-56.113189,-15.732273],[-56.134674,-15.767999],[-56.137766,-15.778985],[-56.125722,-15.806573],[-56.123118,-15.851251],[-56.116811,-15.867364],[-56.105458,-15.87599],[-56.096547,-15.877781],[-56.087514,-15.877781],[-56.075795,-15.881036],[-56.053456,-15.899265],[-56.05191,-15.902195],[-56.038075,-15.911798],[-56.036977,-15.932794],[-56.032175,-15.953953],[-56.006947,-15.963556],[-55.996653,-15.961277],[-55.982981,-15.951593],[-55.972808,-15.950535],[-55.954742,-15.967787],[-55.930735,-15.979913],[-55.916697,-16.001153],[-55.897694,-16.046075],[-55.878529,-16.079034],[-55.875844,-16.098077],[-55.887156,-16.118097],[-55.985097,-16.207533],[-55.992299,-16.226739],[-55.983022,-16.248468],[-55.97643,-16.258722],[-55.968129,-16.281101],[-55.962514,-16.289727],[-55.952952,-16.29575],[-55.944569,-16.297296],[-55.937367,-16.300795],[-55.931223,-16.313002],[-55.932118,-16.336765],[-55.947011,-16.348158],[-55.964467,-16.354913],[-55.972808,-16.364597],[-55.979888,-16.378432],[-56.014638,-16.413507],[-56.027415,-16.422865],[-56.064158,-16.438165],[-56.185658,-16.4638],[-56.254547,-16.449558],[-56.270741,-16.453953],[-56.276601,-16.464044],[-56.280751,-16.473972],[-56.286773,-16.481378],[-56.298655,-16.484308],[-56.310658,-16.485365],[-56.322011,-16.488295],[-56.342763,-16.497979],[-56.37092,-16.518976],[-56.3933,-16.54461],[-56.441029,-16.624933],[-56.447458,-16.642511],[-56.451283,-16.662449],[-56.452545,-16.686944],[-56.456858,-16.695164],[-56.475657,-16.708917],[-56.479888,-16.721124],[-56.48176,-16.732436],[-56.486562,-16.744561],[-56.493153,-16.756199],[-56.500356,-16.766046],[-56.512156,-16.77573],[-56.539947,-16.788018],[-56.551869,-16.796808],[-56.56192,-16.80698],[-56.571685,-16.814467],[-56.596018,-16.827569],[-56.614166,-16.840509],[-56.621816,-16.856296],[-56.640248,-16.946629],[-56.638987,-16.967706],[-56.631337,-16.985203],[-56.599721,-17.022475],[-56.59496,-17.031183],[-56.589711,-17.067234],[-56.592763,-17.09116],[-56.600697,-17.114272],[-56.611684,-17.135268],[-56.623891,-17.149102],[-56.659535,-17.164483],[-56.673085,-17.174656],[-56.683949,-17.211114],[-56.713043,-17.236261],[-56.726918,-17.252781],[-56.741444,-17.29754],[-56.752756,-17.31878],[-56.778066,-17.330743],[-56.783274,-17.338311],[-56.78661,-17.348158],[-56.787709,-17.358575],[-56.790883,-17.369806],[-56.798329,-17.375828],[-56.815745,-17.383152],[-56.836781,-17.395847],[-56.844472,-17.40366],[-56.850453,-17.417169],[-56.843373,-17.435073],[-56.844065,-17.45672],[-56.849477,-17.477472],[-56.856679,-17.492364],[-56.866363,-17.496026],[-56.899241,-17.531427],[-56.930979,-17.546726],[-56.951772,-17.562026],[-56.970693,-17.580092],[-56.980133,-17.59474],[-56.980133,-17.60532],[-56.97411,-17.624933],[-56.973988,-17.636244],[-56.978424,-17.649347],[-56.985666,-17.659845],[-57.092397,-17.767104],[-57.112864,-17.780694],[-57.134104,-17.786554],[-57.179514,-17.788507],[-57.200307,-17.792657],[-57.262441,-17.819838],[-57.414296,-17.862481],[-57.42748,-17.872247],[-57.455515,-17.90724],[-57.460317,-17.917657],[-57.466176,-17.937921],[-57.467397,-17.938979],[-57.469879,-17.941583],[-57.472483,-17.945977],[-57.473622,-17.952162],[-57.471791,-17.956882],[-57.463043,-17.965671],[-57.460072,-17.970229],[-57.459096,-17.977227],[-57.461171,-18.000339],[-57.455068,-18.077081],[-57.450592,-18.09002],[-57.442209,-18.09767],[-57.419749,-18.111179],[-57.40925,-18.12127],[-57.40453,-18.127374],[-57.401601,-18.132989],[-57.399281,-18.146336],[-57.398346,-18.173842],[-57.390859,-18.208917],[-57.390492,-18.219252],[-57.393015,-18.230971],[-57.406809,-18.265558],[-57.410227,-18.285089],[-57.401926,-18.293634],[-57.388092,-18.30169],[-57.379791,-18.320977],[-57.378245,-18.343601],[-57.384877,-18.36183],[-57.365915,-18.384698],[-57.375844,-18.402765],[-57.391021,-18.420343],[-57.38801,-18.441339],[-57.379791,-18.446466],[-57.36913,-18.451511],[-57.362701,-18.458347],[-57.367502,-18.468683],[-57.384348,-18.487156],[-57.391021,-18.492852],[-57.45519,-18.517511],[-57.466176,-18.523614],[-57.456858,-18.543878],[-57.453114,-18.555841],[-57.456858,-18.561049],[-57.47704,-18.562433],[-57.486684,-18.564304],[-57.49474,-18.567315],[-57.498687,-18.577976],[-57.500885,-18.580987],[-57.515207,-18.588393],[-57.534169,-18.603041],[-57.539866,-18.611505],[-57.54186,-18.62599],[-57.540761,-18.6478],[-57.541697,-18.659112],[-57.545644,-18.666925],[-57.554311,-18.677748],[-57.553049,-18.684421],[-57.547109,-18.689874],[-57.54186,-18.697686],[-57.539622,-18.698907],[-57.535634,-18.698663],[-57.531606,-18.699721],[-57.528879,-18.705092],[-57.529124,-18.708998],[-57.530995,-18.711847],[-57.533518,-18.714695],[-57.535715,-18.718764],[-57.559275,-18.7492],[-57.578359,-18.76629],[-57.593617,-18.776544],[-57.601186,-18.789565],[-57.597157,-18.814955],[-57.576039,-18.821222],[-57.586659,-18.828953],[-57.64151,-18.85532],[-57.645375,-18.860772],[-57.644439,-18.884129],[-57.648305,-18.8895],[-57.659535,-18.886651],[-57.676584,-18.876316],[-57.685902,-18.876479],[-57.69811,-18.889825],[-57.699208,-18.911065],[-57.692738,-18.955255],[-57.687611,-18.961277],[-57.676015,-18.966811],[-57.663319,-18.971043],[-57.655141,-18.972589],[-57.65689,-18.976739],[-57.662668,-18.986261],[-57.665517,-18.997491],[-57.658599,-19.006768],[-57.648101,-19.008477],[-57.637766,-19.005548],[-57.627349,-19.001153],[-57.617014,-18.999363],[-57.604482,-19.001886],[-57.582102,-19.011407],[-57.562652,-19.016778],[-57.541982,-19.030938],[-57.532297,-19.034112],[-57.401926,-19.047784],[-57.377187,-19.05405],[-57.375234,-19.069675],[-57.380442,-19.089695],[-57.377431,-19.109226],[-57.367014,-19.11419],[-57.336049,-19.116632],[-57.329661,-19.11948],[-57.326405,-19.132664],[-57.312367,-19.160007],[-57.309153,-19.174168],[-57.306996,-19.200128],[-57.297597,-19.244806],[-57.295522,-19.270359],[-57.299428,-19.292169],[-57.317372,-19.333673],[-57.322174,-19.356296],[-57.319651,-19.366388],[-57.314768,-19.372084],[-57.313629,-19.378432],[-57.322174,-19.390476],[-57.333241,-19.399265],[-57.360504,-19.415948],[-57.393422,-19.441339],[-57.410064,-19.464369],[-57.439524,-19.520685],[-57.427195,-19.530206],[-57.414418,-19.53631],[-57.400543,-19.539565],[-57.384877,-19.540541],[-57.390696,-19.554539],[-57.412587,-19.58823],[-57.425852,-19.602716],[-57.47643,-19.635919],[-57.487294,-19.650405],[-57.483998,-19.655287],[-57.479644,-19.664972],[-57.477406,-19.675958],[-57.480458,-19.684584],[-57.488393,-19.6867],[-57.49885,-19.684015],[-57.509429,-19.680027],[-57.5183,-19.677748],[-57.532541,-19.677911],[-57.535837,-19.679539],[-57.537221,-19.684421],[-57.545644,-19.694757],[-57.561106,-19.708836],[-57.576039,-19.719415],[-57.591705,-19.726495],[-57.608266,-19.730808],[-57.648305,-19.732924],[-57.651682,-19.736261],[-57.649159,-19.743178],[-57.642893,-19.750339],[-57.634674,-19.753432],[-57.630279,-19.75921],[-57.631418,-19.771987],[-57.634999,-19.785658],[-57.638092,-19.793878],[-57.649485,-19.807306],[-57.666127,-19.820815],[-57.683298,-19.831231],[-57.717763,-19.840265],[-57.733713,-19.853041],[-57.745595,-19.870619],[-57.758453,-19.900567],[-57.759877,-19.906589],[-57.761952,-19.911472],[-57.767812,-19.917901],[-57.804311,-19.934584],[-57.810048,-19.941827],[-57.815989,-19.953058],[-57.829742,-19.963393],[-57.857859,-19.979425],[-57.870513,-19.992852],[-57.881907,-20.009129],[-57.896352,-20.024102],[-57.918609,-20.034031],[-57.943918,-20.028009],[-57.959869,-20.026056],[-57.96703,-20.030938],[-57.969675,-20.039565],[-57.976552,-20.047377],[-57.98644,-20.053074],[-57.997792,-20.055108],[-58.023061,-20.064874],[-58.054311,-20.107436],[-58.080312,-20.117201],[-58.086985,-20.120782],[-58.098988,-20.138035],[-58.104237,-20.143894],[-58.117055,-20.150242],[-58.159495,-20.164972],[-58.159047,-20.181004],[-58.153066,-20.184503],[-58.144846,-20.183526],[-58.137766,-20.185479],[-58.130686,-20.192397],[-58.121205,-20.20379],[-58.119252,-20.214369],[-58.156077,-20.226251],[-58.163401,-20.243097],[-58.157094,-20.26157],[-58.137766,-20.274265],[-58.131703,-20.2728],[-58.126943,-20.266941],[-58.120798,-20.261244],[-58.110463,-20.260593],[-58.103831,-20.264337],[-58.095815,-20.272149],[-58.091054,-20.281589],[-58.100657,-20.309096],[-58.098459,-20.334405],[-58.091542,-20.359308],[-58.08373,-20.37599],[-58.06786,-20.393487],[-58.046376,-20.409194],[-58.023874,-20.42075],[-58.004954,-20.425144],[-57.990102,-20.433038],[-57.992828,-20.45086],[-58.008656,-20.479669],[-58.010732,-20.500014],[-58.009674,-20.525567],[-58.005483,-20.549737],[-57.994049,-20.573744],[-57.993276,-20.584975],[-57.994374,-20.606622],[-57.991607,-20.620538],[-57.978586,-20.639988],[-57.973866,-20.650893],[-57.974355,-20.661961],[-57.981801,-20.681004],[-57.981313,-20.69256],[-57.975087,-20.70379],[-57.965688,-20.710951],[-57.957143,-20.709812],[-57.947906,-20.674981],[-57.934722,-20.667332],[-57.918813,-20.669773],[-57.905019,-20.678888],[-57.90099,-20.685073],[-57.895253,-20.699884],[-57.891347,-20.706231],[-57.885121,-20.711847],[-57.8697,-20.722101],[-57.860951,-20.730157],[-57.858388,-20.73976],[-57.865956,-20.74741],[-57.877756,-20.752293],[-57.899485,-20.756362],[-57.907379,-20.76214],[-57.918609,-20.77394],[-57.933827,-20.784519],[-57.94107,-20.793471],[-57.934682,-20.799656],[-57.908681,-20.801772],[-57.888417,-20.805841],[-57.871409,-20.816339],[-57.860341,-20.831557],[-57.857859,-20.849623],[-57.868153,-20.859877],[-57.909413,-20.881524],[-57.918609,-20.894382],[-57.915598,-20.905613],[-57.908681,-20.910496],[-57.901926,-20.912286],[-57.898793,-20.91489],[-57.893788,-20.91489],[-57.870676,-20.932631],[-57.847727,-20.955906],[-57.840972,-20.955906],[-57.836741,-20.938409],[-57.818349,-20.953546],[-57.816762,-20.975274],[-57.826039,-20.998468],[-57.853179,-21.037612],[-57.852406,-21.051935],[-57.836741,-21.082371],[-57.830637,-21.126886],[-57.834706,-21.173679],[-57.848541,-21.21616],[-57.871449,-21.247491],[-57.89977,-21.267022],[-57.905019,-21.274835],[-57.905629,-21.287449],[-57.900624,-21.294936],[-57.894399,-21.300226],[-57.891347,-21.305841],[-57.883046,-21.316257],[-57.867014,-21.320815],[-57.856272,-21.33058],[-57.864003,-21.356785],[-57.930572,-21.452976],[-57.945953,-21.487156],[-57.949941,-21.508233],[-57.948842,-21.53045],[-57.9405,-21.548191],[-57.922353,-21.555352],[-57.91275,-21.563897],[-57.920115,-21.583836],[-57.932769,-21.606459],[-57.939768,-21.623549],[-57.935536,-21.640558],[-57.92512,-21.658543],[-57.912465,-21.673028],[-57.901926,-21.678888],[-57.896352,-21.688328],[-57.939768,-21.755222],[-57.939198,-21.774428],[-57.935496,-21.79282],[-57.936391,-21.811944],[-57.949696,-21.833673],[-57.956614,-21.851007],[-57.947458,-21.865411],[-57.933502,-21.881768],[-57.926096,-21.904799],[-57.930653,-21.917169],[-57.953928,-21.958022],[-57.963287,-21.966811],[-57.965647,-21.976576],[-57.987538,-22.035089],[-57.989084,-22.048842],[-57.988759,-22.063979],[-57.986195,-22.078464],[-57.981313,-22.090346],[-57.974273,-22.132175],[-57.96703,-22.14837],[-57.977406,-22.210626],[-57.973866,-22.234389],[-57.965891,-22.25685],[-57.956288,-22.269057],[-57.940907,-22.274347],[-57.915598,-22.275323],[-57.89684,-22.279311],[-57.887563,-22.28989],[-57.877675,-22.323175],[-57.831288,-22.377293],[-57.826772,-22.388604],[-57.845367,-22.404474],[-57.851755,-22.411961],[-57.843577,-22.445977],[-57.830678,-22.559259],[-57.816233,-22.59002],[-57.790761,-22.617527],[-57.779775,-22.633966],[-57.775258,-22.655613],[-57.78482,-22.665379],[-57.807078,-22.665704],[-57.850331,-22.658868],[-57.895904,-22.664972],[-57.929351,-22.686456],[-57.940378,-22.716323],[-57.918609,-22.747084],[-57.909006,-22.751316],[-57.886098,-22.757013],[-57.877675,-22.762058],[-57.872182,-22.771824],[-57.867177,-22.795343],[-57.860951,-22.806329],[-57.851918,-22.810479],[-57.828969,-22.809259],[-57.819651,-22.813165],[-57.812082,-22.821303],[-57.809071,-22.826511],[-57.802602,-22.843927],[-57.79247,-22.856866],[-57.788482,-22.866143],[-57.78954,-22.877944],[-57.798207,-22.888035],[-57.811391,-22.896905],[-57.821156,-22.905938],[-57.819651,-22.915948],[-57.786122,-22.944757],[-57.773061,-22.960789],[-57.767812,-22.981785],[-57.78954,-23.021417],[-57.774526,-23.034845],[-57.730051,-23.054864],[-57.720611,-23.066339],[-57.714223,-23.0853],[-57.698313,-23.090671],[-57.658599,-23.090997],[-57.640004,-23.09881],[-57.632192,-23.111261],[-57.630767,-23.128106],[-57.631296,-23.14894],[-57.624745,-23.165379],[-57.608754,-23.180027],[-57.588612,-23.192071],[-57.551096,-23.208917],[-57.544504,-23.21323],[-57.535715,-23.220636],[-57.511301,-23.250177],[-57.500722,-23.257826],[-57.484202,-23.273126],[-57.480458,-23.278985],[-57.480336,-23.300632],[-57.482249,-23.306329],[-57.487294,-23.316827],[-57.495676,-23.330255],[-57.501576,-23.336765],[-57.503774,-23.343601],[-57.500885,-23.357843],[-57.494944,-23.36769],[-57.477284,-23.382745],[-57.47053,-23.393976],[-57.456858,-23.403823],[-57.453725,-23.409356],[-57.45287,-23.417332],[-57.446278,-23.447198],[-57.442616,-23.457452],[-57.442291,-23.464776],[-57.446278,-23.474542],[-57.448354,-23.486017],[-57.457143,-23.504734],[-57.45995,-23.515476],[-57.459788,-23.527765],[-57.454986,-23.549005],[-57.453725,-23.55991],[-57.450551,-23.573744],[-57.425852,-23.617852],[-57.398101,-23.645685],[-57.325999,-23.682794],[-57.295522,-23.707371],[-57.280507,-23.723484],[-57.27595,-23.731622],[-57.275624,-23.742039],[-57.281321,-23.751397],[-57.299143,-23.757745],[-57.302887,-23.765313],[-57.29955,-23.775079],[-57.292063,-23.782078],[-57.284617,-23.787774],[-57.281199,-23.793308],[-57.281728,-23.801121],[-57.288645,-23.830743],[-57.291412,-23.86183],[-57.295522,-23.871759],[-57.318267,-23.885919],[-57.322174,-23.889093],[-57.325551,-23.894057],[-57.333079,-23.901544],[-57.340484,-23.91131],[-57.343861,-23.923272],[-57.338694,-23.930515],[-57.326568,-23.932306],[-57.312937,-23.932143],[-57.302887,-23.933933],[-57.284617,-23.954034],[-57.280019,-23.978855],[-57.278188,-24.005222],[-57.268178,-24.030125],[-57.248443,-24.023614],[-57.231923,-24.03338],[-57.223988,-24.050714],[-57.23058,-24.066908],[-57.236887,-24.07586],[-57.238026,-24.086277],[-57.233713,-24.09474],[-57.223785,-24.098321],[-57.188059,-24.096205],[-57.178782,-24.098321],[-57.163157,-24.117527],[-57.172353,-24.13714],[-57.189809,-24.156752],[-57.19929,-24.176202],[-57.137807,-24.235528],[-57.127309,-24.248224],[-57.118804,-24.262058],[-57.113189,-24.278741],[-57.107615,-24.320733],[-57.090159,-24.347101],[-57.08316,-24.365167],[-57.08259,-24.388523],[-57.096832,-24.44435],[-57.090891,-24.460951],[-57.078603,-24.477472],[-57.068471,-24.495294],[-57.068918,-24.516046],[-57.074778,-24.521336],[-57.10025,-24.537123],[-57.104482,-24.541436],[-57.102773,-24.551202],[-57.096832,-24.56756],[-57.095896,-24.579604],[-57.097646,-24.585463],[-57.103668,-24.597996],[-57.111684,-24.609308],[-57.119618,-24.616225],[-57.12621,-24.624444],[-57.13036,-24.639581],[-57.113271,-24.649102],[-57.097646,-24.661554],[-57.09081,-24.677586],[-57.112294,-24.717462],[-57.116811,-24.736505],[-57.122426,-24.751967],[-57.137807,-24.762546],[-57.149526,-24.763116],[-57.158274,-24.759698],[-57.1669,-24.757745],[-57.178782,-24.762546],[-57.182078,-24.769464],[-57.197336,-24.826674],[-57.248769,-24.891453],[-57.248606,-24.897312],[-57.240224,-24.906427],[-57.231313,-24.907403],[-57.222646,-24.901869],[-57.216135,-24.901381],[-57.213531,-24.916925],[-57.215728,-24.928237],[-57.219106,-24.937433],[-57.218861,-24.946629],[-57.210113,-24.95794],[-57.198598,-24.96974],[-57.194936,-24.978041],[-57.199656,-24.984308],[-57.213531,-24.989109],[-57.234771,-24.986342],[-57.262034,-24.979994],[-57.285512,-24.982436],[-57.295522,-25.006036],[-57.343861,-25.064793],[-57.354237,-25.071954],[-57.366282,-25.078546],[-57.378082,-25.083347],[-57.38801,-25.085138],[-57.396352,-25.089532],[-57.414947,-25.10825],[-57.422434,-25.112481],[-57.483876,-25.112481],[-57.511871,-25.106948],[-57.523915,-25.109226],[-57.528879,-25.122735],[-57.532379,-25.148126],[-57.541697,-25.175714],[-57.554758,-25.201674],[-57.569814,-25.222345],[-57.583608,-25.234389],[-57.596018,-25.240167],[-57.62442,-25.248468],[-57.639272,-25.256199],[-57.650706,-25.265558],[-57.672231,-25.289972],[-57.641957,-25.360365],[-57.64151,-25.372573],[-57.579457,-25.416681],[-57.566029,-25.430352],[-57.558827,-25.443536],[-57.557688,-25.459812],[-57.570709,-25.546563],[-57.576039,-25.564386],[-57.58788,-25.575616],[-57.601389,-25.57879],[-57.612416,-25.58587],[-57.617014,-25.609063],[-57.623769,-25.615248],[-57.639475,-25.615737],[-57.668813,-25.612237],[-57.670766,-25.616876],[-57.675933,-25.639174],[-57.679677,-25.646905],[-57.689076,-25.652683],[-57.698883,-25.653497],[-57.709381,-25.652846],[-57.720611,-25.653741],[-57.742055,-25.661798],[-57.754465,-25.672703],[-57.775258,-25.701593],[-57.769154,-25.709893],[-57.761301,-25.715671],[-57.75182,-25.719415],[-57.741119,-25.722101],[-57.75182,-25.734796],[-57.768625,-25.750502],[-57.787953,-25.764093],[-57.806304,-25.769871],[-57.82136,-25.778253],[-57.81786,-25.797377],[-57.802602,-25.831231],[-57.813588,-25.845147],[-57.833974,-25.858738],[-57.85497,-25.868829],[-57.876088,-25.87599],[-57.878896,-25.883152],[-57.876088,-25.890151],[-57.853139,-25.897882],[-57.85204,-25.90838],[-57.857859,-25.919854],[-57.864003,-25.927423],[-57.898997,-25.953464],[-57.906606,-25.968601],[-57.860341,-25.98089],[-57.860422,-25.994155],[-57.873443,-26.010186],[-57.988922,-26.088393],[-58.022288,-26.105645],[-58.08727,-26.12713],[-58.097401,-26.136651],[-58.107045,-26.170261],[-58.115956,-26.190851],[-58.124745,-26.201837],[-58.128326,-26.194513],[-58.134023,-26.188897],[-58.141916,-26.184584],[-58.152008,-26.181329],[-58.149648,-26.199233],[-58.137847,-26.209405],[-58.121978,-26.216648],[-58.10733,-26.226007],[-58.10676,-26.239435],[-58.124013,-26.251397],[-58.146718,-26.259942],[-58.162587,-26.263198],[-58.170725,-26.270359],[-58.170766,-26.286472],[-58.165679,-26.318536],[-58.168324,-26.334975],[-58.173451,-26.349135],[-58.206899,-26.402683],[-58.213857,-26.418634],[-58.210398,-26.431166],[-58.186147,-26.451674],[-58.189361,-26.461928],[-58.20344,-26.471531],[-58.206654,-26.479343],[-58.209462,-26.496921],[-58.214833,-26.512221],[-58.218007,-26.52752],[-58.214101,-26.544366],[-58.20873,-26.550144],[-58.186147,-26.564955],[-58.180043,-26.572605],[-58.171254,-26.586765],[-58.165679,-26.592218],[-58.172231,-26.598565],[-58.18928,-26.609714],[-58.192983,-26.612726],[-58.192779,-26.624526],[-58.187937,-26.633477],[-58.182118,-26.641534],[-58.179311,-26.650567],[-58.18456,-26.656671],[-58.196441,-26.657403],[-58.227895,-26.651869],[-58.232981,-26.648614],[-58.236318,-26.649754],[-58.241363,-26.661065],[-58.245839,-26.680108],[-58.248647,-26.758152],[-58.252431,-26.763116],[-58.259958,-26.764337],[-58.272125,-26.764093],[-58.288686,-26.768487],[-58.287262,-26.77866],[-58.279205,-26.790053],[-58.275543,-26.798272],[-58.289296,-26.811456],[-58.306223,-26.809015],[-58.324086,-26.803725],[-58.340728,-26.808526],[-58.353098,-26.830418],[-58.341135,-26.844252],[-58.322865,-26.856785],[-58.316518,-26.873956],[-58.329661,-26.884129],[-58.375478,-26.887546],[-58.385365,-26.896987],[-58.394643,-26.909601],[-58.416249,-26.917494],[-58.46052,-26.928074],[-58.476186,-26.937921],[-58.484446,-26.950535],[-58.48233,-26.9638],[-58.467356,-26.975763],[-58.47525,-26.990086],[-58.493031,-27.009698],[-58.502105,-27.023614],[-58.505523,-27.031427],[-58.507436,-27.038507],[-58.50829,-27.055027],[-58.512278,-27.059991],[-58.520497,-27.058445],[-58.527821,-27.054132],[-58.528798,-27.051609],[-58.528757,-27.047703],[-58.531199,-27.04046],[-58.536733,-27.036065],[-58.546132,-27.040948],[-58.552398,-27.048191],[-58.557118,-27.055352],[-58.560496,-27.063328],[-58.562937,-27.072117],[-58.5631,-27.090183],[-58.561269,-27.105401],[-58.566233,-27.115899],[-58.616851,-27.123712],[-58.639516,-27.135756],[-58.654042,-27.156183],[-58.659088,-27.184991],[-58.653147,-27.197931],[-58.639394,-27.209975],[-58.614735,-27.226576],[-58.602284,-27.245538],[-58.600697,-27.266046],[-58.60497,-27.316257]],[[-58.604848,-27.314386],[-58.615142,-27.318373],[-58.643422,-27.325616],[-58.656117,-27.331231],[-58.690989,-27.357924],[-58.765045,-27.399591],[-58.768544,-27.405776],[-58.77599,-27.412612],[-58.87914,-27.476007],[-58.886627,-27.479018],[-58.888987,-27.515069],[-58.888254,-27.533054],[-58.884877,-27.550714],[-58.878285,-27.566827],[-58.850209,-27.610772],[-58.834096,-27.64422],[-58.822458,-27.680027],[-58.815826,-27.716974],[-58.815053,-27.75392],[-58.818023,-27.772638],[-58.838612,-27.823175],[-58.843861,-27.841648],[-58.844594,-27.859796],[-58.841054,-27.897149],[-58.841705,-27.916436],[-58.877105,-28.04339],[-58.894846,-28.070815],[-58.9204,-28.094903],[-58.950592,-28.112481],[-58.982004,-28.120131],[-59.022125,-28.119968],[-59.042144,-28.122003],[-59.060048,-28.129571],[-59.072377,-28.141615],[-59.081532,-28.157647],[-59.087636,-28.175226],[-59.090891,-28.192315],[-59.090566,-28.21087],[-59.083404,-28.247003],[-59.082143,-28.265476],[-59.091135,-28.322117],[-59.087758,-28.340997],[-59.068105,-28.384617],[-59.066355,-28.401381],[-59.090932,-28.531264],[-59.085805,-28.607924],[-59.087066,-28.62713],[-59.091786,-28.646173],[-59.099233,-28.664239],[-59.137196,-28.729018],[-59.143056,-28.745945],[-59.142649,-28.763116],[-59.14094,-28.771498],[-59.140289,-28.780613],[-59.141184,-28.789727],[-59.150543,-28.824558],[-59.152699,-28.848972],[-59.160227,-28.867852],[-59.1822,-28.901869],[-59.190419,-28.920587],[-59.194488,-28.921401],[-59.19286,-28.988458],[-59.197581,-29.022149],[-59.21349,-29.048517],[-59.227366,-29.058282],[-59.274281,-29.080092],[-59.303415,-29.100763],[-59.330068,-29.124444],[-59.358998,-29.143569],[-59.455922,-29.175307],[-59.485097,-29.189304],[-59.511383,-29.207696],[-59.532948,-29.23089],[-59.547841,-29.259698],[-59.582997,-29.377862],[-59.589223,-29.411147],[-59.591257,-29.615086],[-59.627105,-29.750665],[-59.63268,-29.764581],[-59.664906,-29.819187],[-59.672922,-29.847182],[-59.664906,-29.878351],[-59.63036,-29.930108],[-59.599233,-30.012709],[-59.595448,-30.049249],[-59.597279,-30.067234],[-59.602651,-30.084893],[-59.631418,-30.133233],[-59.638539,-30.150405],[-59.641916,-30.168959],[-59.644358,-30.206882],[-59.647694,-30.2256],[-59.66686,-30.276218],[-59.669423,-30.293959],[-59.653147,-30.383966],[-59.646108,-30.399916],[-59.618276,-30.446791],[-59.614898,-30.462823],[-59.615631,-30.479181],[-59.622385,-30.516941],[-59.622467,-30.574884],[-59.625152,-30.592706],[-59.646148,-30.640802],[-59.650299,-30.659601],[-59.654286,-30.717218],[-59.660756,-30.736179],[-59.71996,-30.831069],[-59.773915,-30.892511],[-59.795033,-30.925144],[-59.841135,-30.97739],[-59.880849,-31.042006],[-59.940541,-31.116143],[-60.000885,-31.212335],[-60.013173,-31.224461],[-60.053456,-31.256199],[-60.063547,-31.269545],[-60.094146,-31.353855],[-60.098215,-31.354669],[-60.104563,-31.368097],[-60.145009,-31.412042],[-60.163808,-31.442234],[-60.169138,-31.447198],[-60.17634,-31.450616],[-60.191274,-31.455092],[-60.19811,-31.458185],[-60.2058,-31.462823],[-60.211903,-31.468113],[-60.223215,-31.484877],[-60.226959,-31.48797],[-60.240142,-31.493097],[-60.254872,-31.505304],[-60.262318,-31.513198],[-60.275095,-31.530287],[-60.302235,-31.55519],[-60.351796,-31.620619],[-60.380849,-31.649102],[-60.414255,-31.673517],[-60.433298,-31.683933],[-60.453196,-31.691827],[-60.473785,-31.697442],[-60.495229,-31.700535],[-60.56371,-31.701023],[-60.585601,-31.698419],[-60.605417,-31.699884],[-60.632517,-31.706394],[-60.640614,-31.709975],[-60.647898,-31.71616],[-60.651845,-31.723158],[-60.653879,-31.732354],[-60.653228,-31.74155],[-60.649485,-31.748956],[-60.650706,-31.749851],[-60.653228,-31.752374],[-60.654449,-31.753269],[-60.651031,-31.765964],[-60.6551,-31.781915],[-60.666737,-31.811049],[-60.671213,-31.842625],[-60.674184,-31.85296],[-60.681142,-31.866225],[-60.70934,-31.899347],[-60.720082,-31.922377],[-60.722646,-31.94728],[-60.717763,-31.972019],[-60.706166,-31.994643],[-60.677968,-32.029229],[-60.666371,-32.048354],[-60.661936,-32.06935],[-60.666412,-32.088067],[-60.699818,-32.137628],[-60.707102,-32.156183],[-60.709096,-32.174737],[-60.701568,-32.234389],[-60.701894,-32.254897],[-60.705312,-32.275079],[-60.726471,-32.334487],[-60.731313,-32.354506],[-60.732615,-32.375502],[-60.727284,-32.435398],[-60.729482,-32.455499],[-60.736684,-32.477716],[-60.765818,-32.541192],[-60.769358,-32.560561],[-60.767161,-32.578464],[-60.759958,-32.595066],[-60.722971,-32.642755],[-60.712799,-32.660007],[-60.705963,-32.679539],[-60.698638,-32.770033],[-60.690094,-32.809584],[-60.675608,-32.846612],[-60.622548,-32.940769],[-60.605702,-32.962742],[-60.601186,-32.966485],[-60.591135,-32.973158],[-60.587066,-32.976983],[-60.582834,-32.984552],[-60.557485,-33.05226],[-60.552235,-33.061049],[-60.495513,-33.122084],[-60.432444,-33.158624],[-60.414703,-33.165216]],[[-60.414703,-33.165216],[-60.303944,-33.190851],[-60.274403,-33.201186],[-60.221425,-33.24155],[-60.201527,-33.232354],[-60.18102,-33.2492],[-60.169179,-33.244806],[-60.158762,-33.232599],[-60.142568,-33.225518],[-60.129994,-33.228855],[-60.111073,-33.243341],[-60.101633,-33.246596],[-60.095448,-33.247735],[-60.085846,-33.252374],[-60.0808,-33.253432],[-60.074371,-33.251316],[-60.059926,-33.24155],[-60.057525,-33.23919],[-60.026763,-33.267104],[-60.009755,-33.276707],[-60.002309,-33.26336],[-59.998158,-33.252862],[-59.988922,-33.248061],[-59.979807,-33.250909],[-59.970896,-33.277358],[-59.960113,-33.278741],[-59.948232,-33.27337],[-59.940256,-33.267104],[-59.937001,-33.257338],[-59.939036,-33.24741],[-59.938385,-33.238621],[-59.927195,-33.232354],[-59.919789,-33.234389],[-59.913197,-33.242364],[-59.908518,-33.252862],[-59.906728,-33.26336],[-59.898061,-33.278497],[-59.877919,-33.277683],[-59.85497,-33.268569],[-59.837799,-33.259698],[-59.827789,-33.252455],[-59.821441,-33.246515],[-59.8131,-33.242039],[-59.785756,-33.238295],[-59.772125,-33.238295],[-59.76065,-33.24155],[-59.755849,-33.250014],[-59.75475,-33.260593],[-59.748443,-33.283868],[-59.74352,-33.289239],[-59.732615,-33.284845],[-59.714955,-33.27337],[-59.698069,-33.276381],[-59.688344,-33.28338],[-59.67394,-33.301283],[-59.625559,-33.329767],[-59.633616,-33.334649],[-59.639516,-33.342625],[-59.641916,-33.352553],[-59.639231,-33.363295],[-59.630076,-33.373224],[-59.618031,-33.376967],[-59.591054,-33.376967],[-59.566477,-33.383477],[-59.55724,-33.399591],[-59.552968,-33.41961],[-59.54304,-33.438409],[-59.536041,-33.442234],[-59.486195,-33.461602],[-59.474558,-33.464532],[-59.461049,-33.465753],[-59.447499,-33.473077],[-59.405832,-33.52101],[-59.375152,-33.536554],[-59.367502,-33.548028],[-59.359934,-33.597019],[-59.347117,-33.610203],[-59.309641,-33.629571],[-59.274037,-33.670261],[-59.268666,-33.681166],[-59.260935,-33.690606],[-59.214019,-33.726414],[-59.201975,-33.742608],[-59.192372,-33.760756],[-59.186716,-33.780613],[-59.186431,-33.806655]],[[-60.414703,-33.165216],[-60.393137,-33.174249],[-60.382069,-33.182306],[-60.364858,-33.199395],[-60.352773,-33.218113],[-60.347564,-33.224135],[-60.324818,-33.241632],[-60.246246,-33.278497],[-60.118235,-33.393731],[-59.947865,-33.49505],[-59.930572,-33.499851],[-59.90807,-33.503757],[-59.860219,-33.524102],[-59.843984,-33.534031],[-59.824859,-33.549819],[-59.78661,-33.598972],[-59.772532,-33.610691],[-59.640736,-33.671075],[-59.602895,-33.677748],[-59.577138,-33.671238],[-59.520863,-33.655287],[-59.480295,-33.680108],[-59.442128,-33.717462],[-59.392812,-33.739435],[-59.306508,-33.739435],[-59.303293,-33.737481],[-59.296376,-33.728448],[-59.292836,-33.726414],[-59.278188,-33.724054],[-59.269032,-33.721205],[-59.262441,-33.724298],[-59.254994,-33.739435],[-59.252512,-33.752781],[-59.252797,-33.777032],[-59.248769,-33.787286],[-59.244985,-33.788018],[-59.239166,-33.793471],[-59.231435,-33.798028],[-59.221506,-33.801609],[-59.218088,-33.800307],[-59.213124,-33.797052],[-59.207143,-33.794366],[-59.200999,-33.794773],[-59.195872,-33.798028],[-59.186431,-33.806655]],[[-59.186431,-33.806655],[-59.183583,-33.808445],[-59.180287,-33.811537],[-59.176991,-33.818699],[-59.171783,-33.825698],[-59.162831,-33.82879],[-59.058705,-33.827],[-59.03189,-33.829604],[-59.011708,-33.839044],[-58.995351,-33.850763],[-58.921986,-33.887709],[-58.868031,-33.928155],[-58.849477,-33.937433],[-58.800404,-33.946629],[-58.782053,-33.952325],[-58.679921,-34.031264],[-58.638661,-34.048517],[-58.591135,-34.049005],[-58.499745,-34.016778],[-58.446889,-34.007013]]]}},{"type":"Feature","properties":{"dissolve":"373River","scalerank":7.0,"featurecla":"River","name":"Guaporé","name_alt":null,"rivernum":373,"note":null,"min_zoom":6.0,"name_en":"Guaporé","min_label":7.0},"bbox":[-65.018707,-15.299981,-58.77774,-11.893487],"geometry":{"type":"MultiLineString","coordinates":[[[-58.77774,-14.649916],[-58.783396,-14.672214],[-58.783396,-14.716729],[-58.805572,-14.738946],[-58.816721,-14.794448],[-58.850006,-14.85003],[-58.850006,-14.911065],[-58.863393,-14.964695],[-58.863271,-15.002293],[-58.844675,-15.035821],[-58.836171,-15.080255],[-58.838938,-15.127618],[-58.830719,-15.158705],[-58.83609,-15.188897],[-58.867299,-15.220554],[-58.904164,-15.245619],[-58.922231,-15.275811],[-58.941355,-15.299981],[-58.981313,-15.299656],[-59.019683,-15.290053],[-59.051666,-15.270685],[-59.086049,-15.261082],[-59.128529,-15.257013],[-59.167917,-15.241713],[-59.191884,-15.2138],[-59.222239,-15.19435],[-59.237701,-15.200372],[-59.253489,-15.204604],[-59.277537,-15.202],[-59.302113,-15.205011],[-59.375315,-15.205255],[-59.449127,-15.218438],[-59.489491,-15.216323],[-59.527008,-15.197931],[-59.570709,-15.191583],[-59.616567,-15.19435],[-59.677968,-15.147149],[-59.740102,-15.124851],[-59.781565,-15.113295],[-59.81664,-15.077813],[-59.864166,-15.056085],[-59.913197,-15.037612],[-59.937367,-15.024428],[-59.955515,-15.005548],[-59.968373,-14.957696],[-59.979197,-14.906183],[-59.999908,-14.861179]],[[-59.999989,-14.861179],[-60.022939,-14.829604],[-60.025217,-14.790948],[-60.015818,-14.747573],[-60.02774,-14.704441],[-60.034332,-14.661472],[-60.047231,-14.61948],[-60.08609,-14.538914],[-60.101145,-14.491143],[-60.137603,-14.403009],[-60.162831,-14.374363],[-60.171742,-14.351414],[-60.17634,-14.326837],[-60.183705,-14.309991],[-60.192983,-14.293308],[-60.217681,-14.2645],[-60.222157,-14.227879],[-60.244578,-14.21144],[-60.249989,-14.177748],[-60.27774,-14.150079],[-60.281809,-14.127374],[-60.288564,-14.104343],[-60.332997,-14.040053],[-60.397288,-14.008315],[-60.390452,-13.981622],[-60.40925,-13.963556],[-60.409739,-13.953058],[-60.41275,-13.941583],[-60.430776,-13.926283],[-60.444447,-13.907403],[-60.45816,-13.869561],[-60.464915,-13.829929],[-60.481557,-13.79461],[-60.519765,-13.780938],[-60.555084,-13.774102],[-60.610097,-13.735691],[-60.644399,-13.723484],[-60.721303,-13.670424],[-60.793853,-13.610854],[-60.825307,-13.593683],[-60.858876,-13.58058],[-60.891672,-13.561863],[-60.926625,-13.546808],[-61.00536,-13.538263],[-61.024037,-13.532159],[-61.038971,-13.518243],[-61.041575,-13.496515],[-61.041982,-13.474461],[-61.065297,-13.469659],[-61.093577,-13.480645],[-61.112904,-13.483819],[-61.130483,-13.491388],[-61.138539,-13.508233],[-61.151682,-13.519708],[-61.193796,-13.517999],[-61.235056,-13.523126],[-61.271474,-13.516615],[-61.308583,-13.502455],[-61.334869,-13.496026],[-61.360829,-13.499933],[-61.401112,-13.519952],[-61.442454,-13.53753],[-61.519358,-13.544854],[-61.586781,-13.509291],[-61.65217,-13.507175],[-61.719553,-13.528253],[-61.753896,-13.535089],[-61.823598,-13.543471],[-61.849273,-13.528823],[-61.858266,-13.491062],[-61.873036,-13.455987],[-61.927642,-13.41546],[-61.959177,-13.387384],[-61.995025,-13.365574],[-62.030751,-13.327162],[-62.055776,-13.304132],[-62.078481,-13.277846],[-62.103383,-13.255792],[-62.113149,-13.224786],[-62.11148,-13.184747],[-62.118276,-13.149347],[-62.131093,-13.149347],[-62.142934,-13.14422],[-62.156239,-13.128106],[-62.168284,-13.127374],[-62.174672,-13.140639],[-62.215321,-13.122979],[-62.259958,-13.130548],[-62.276519,-13.138604],[-62.294179,-13.140558],[-62.315053,-13.138604],[-62.335805,-13.145033],[-62.378651,-13.136733],[-62.417958,-13.125909],[-62.442576,-13.102716],[-62.46935,-13.070733],[-62.514272,-13.065362],[-62.56017,-13.06463],[-62.608713,-13.047784],[-62.646311,-13.021498],[-62.661733,-12.981459],[-62.699778,-12.966485],[-62.742055,-12.985203],[-62.76476,-12.98919],[-62.77123,-13.010268],[-62.796051,-12.996759],[-62.817576,-12.978448],[-62.824818,-12.958998],[-62.835927,-12.94378],[-62.854115,-12.93849],[-62.868723,-12.928888],[-62.892486,-12.901056],[-62.924713,-12.855483],[-62.938791,-12.849298],[-62.960683,-12.852553],[-62.985463,-12.846043],[-63.002024,-12.824884],[-63.009267,-12.798842],[-63.020172,-12.773126],[-63.040842,-12.753269],[-63.051584,-12.740411],[-63.048004,-12.724786],[-63.050852,-12.709487],[-63.060414,-12.69256],[-63.088368,-12.648614],[-63.140248,-12.635431],[-63.162424,-12.6478],[-63.176869,-12.663507],[-63.194732,-12.668308],[-63.213002,-12.674981],[-63.230417,-12.691257],[-63.249664,-12.701186],[-63.318674,-12.701837],[-63.331166,-12.696954],[-63.360219,-12.674493],[-63.371816,-12.669854],[-63.394032,-12.664402],[-63.4322,-12.636895],[-63.435943,-12.630222],[-63.438873,-12.619073],[-63.446116,-12.614679],[-63.454986,-12.61183],[-63.463246,-12.604994],[-63.467112,-12.595147],[-63.467681,-12.585626],[-63.469472,-12.575616],[-63.476918,-12.56463],[-63.48648,-12.557306],[-63.496816,-12.553155],[-63.50829,-12.551446],[-63.520985,-12.550958],[-63.542958,-12.547865],[-63.559478,-12.539727],[-63.601186,-12.505873],[-63.655588,-12.478204],[-63.658437,-12.475274],[-63.802113,-12.454767],[-63.815663,-12.457045],[-63.846303,-12.466811],[-63.863637,-12.469171],[-63.863922,-12.474623],[-63.897572,-12.515558],[-63.903228,-12.525323],[-63.909901,-12.534112],[-63.921986,-12.544285],[-63.939809,-12.543959],[-63.950754,-12.536635],[-63.960072,-12.527846],[-63.973134,-12.523777],[-64.004954,-12.53517],[-64.023549,-12.537612],[-64.045155,-12.508966],[-64.105214,-12.50685],[-64.120595,-12.489597],[-64.135487,-12.510675],[-64.145497,-12.520196],[-64.155995,-12.516778],[-64.183827,-12.487726],[-64.198313,-12.47853],[-64.215972,-12.473647],[-64.237294,-12.475274],[-64.246449,-12.479343],[-64.257558,-12.490655],[-64.264597,-12.495131],[-64.269439,-12.497084],[-64.278961,-12.4992],[-64.288319,-12.497003],[-64.298451,-12.465671],[-64.313385,-12.461765],[-64.353912,-12.469171],[-64.377512,-12.465834],[-64.396474,-12.457045],[-64.41218,-12.445001],[-64.425649,-12.431166],[-64.433095,-12.420831],[-64.444814,-12.399754],[-64.453236,-12.390313],[-64.462392,-12.385186],[-64.484364,-12.377455],[-64.490549,-12.373468],[-64.493235,-12.356378],[-64.475209,-12.316339],[-64.470041,-12.294773],[-64.468902,-12.272475],[-64.469797,-12.260919],[-64.473744,-12.253106],[-64.490142,-12.239272],[-64.494985,-12.23797],[-64.509592,-12.235854],[-64.510976,-12.237156],[-64.511098,-12.239435],[-64.512278,-12.242608],[-64.532826,-12.23211],[-64.549184,-12.218927],[-64.555653,-12.217706],[-64.581858,-12.217299],[-64.594146,-12.215834],[-64.641347,-12.195001],[-64.665639,-12.180841],[-64.676096,-12.170831],[-64.677887,-12.167494],[-64.686635,-12.159031],[-64.689768,-12.153741],[-64.68932,-12.146905],[-64.682281,-12.134698],[-64.682281,-12.126479],[-64.687164,-12.109796],[-64.690663,-12.104343],[-64.707143,-12.105971],[-64.711049,-12.111749],[-64.714426,-12.13836],[-64.71703,-12.146336],[-64.729115,-12.149754],[-64.740305,-12.144464],[-64.744944,-12.133477],[-64.737538,-12.119561],[-64.769276,-12.086358],[-64.781239,-12.06756],[-64.785959,-12.047296],[-64.793284,-12.032403],[-64.810048,-12.02573],[-64.828359,-12.022149],[-64.840566,-12.016615],[-64.862864,-12.024754],[-64.884348,-12.021336],[-64.905263,-12.013849],[-64.925893,-12.009698],[-64.968373,-12.007745],[-64.984202,-12.003757],[-64.998199,-11.996108],[-65.010162,-11.984226],[-65.017079,-11.968276],[-65.01537,-11.950128],[-65.001658,-11.931004],[-64.997222,-11.921075],[-64.998891,-11.908705],[-65.00536,-11.898126],[-65.015289,-11.893731],[-65.018707,-11.893487]]]}},{"type":"Feature","properties":{"dissolve":"391Lake Centerline","scalerank":7.0,"featurecla":"Lake Centerline","name":"Grijalva","name_alt":null,"rivernum":391,"note":null,"min_zoom":6.0,"name_en":"Grijalva","min_label":7.0},"bbox":[-93.606679,15.826239,-92.154124,17.189276],"geometry":{"type":"MultiLineString","coordinates":[[[-93.600819,17.189276],[-93.606679,17.179551],[-93.60497,17.166815],[-93.592519,17.15587],[-93.573883,17.148749],[-93.536366,17.138536],[-93.503733,17.125922],[-93.482411,17.11876],[-93.461252,17.107978],[-93.447743,17.093288],[-93.436676,17.078559],[-93.42162,17.063422],[-93.404042,17.050808],[-93.383209,17.039496],[-93.36974,17.034451],[-93.340077,17.024766]],[[-92.202382,15.826239],[-92.192535,15.856024],[-92.184804,15.868598],[-92.175201,15.88581],[-92.165598,15.89586],[-92.154124,15.906928],[-92.163238,15.922634],[-92.182607,15.935492],[-92.197174,15.942735],[-92.213694,15.949164],[-92.239613,15.962022],[-92.392445,16.057156],[-92.421254,16.067694],[-92.452016,16.07453],[-92.487701,16.087429],[-92.525258,16.103095],[-92.551625,16.124823],[-92.572418,16.150214],[-92.596995,16.168402],[-92.623362,16.179999],[-92.653717,16.198025],[-92.684153,16.219753],[-92.709137,16.232286],[-92.735015,16.242133],[-92.754465,16.251288],[-92.771067,16.26321],[-92.784413,16.274522],[-92.799631,16.283067],[-92.817454,16.287136],[-92.838043,16.292996],[-92.847279,16.30154],[-92.844309,16.312852],[-92.831695,16.329657],[-92.796702,16.370551],[-92.779693,16.387315],[-92.765859,16.407986],[-92.758534,16.422065]]]}},{"type":"Feature","properties":{"dissolve":"391River","scalerank":7.0,"featurecla":"River","name":"Grijalva","name_alt":null,"rivernum":391,"note":null,"min_zoom":6.0,"name_en":"Grijalva","min_label":7.0},"bbox":[-93.600819,16.422065,-92.665598,18.400743],"geometry":{"type":"MultiLineString","coordinates":[[[-93.600819,17.189276],[-93.593861,17.196153],[-93.578481,17.219062],[-93.570383,17.224066],[-93.554799,17.226752],[-93.54308,17.234442],[-93.535715,17.246405],[-93.533111,17.261908],[-93.535024,17.275743],[-93.543772,17.299343],[-93.546213,17.312812],[-93.544057,17.312201],[-93.539784,17.318793],[-93.533111,17.333279],[-93.534535,17.337266],[-93.546213,17.353787],[-93.537099,17.353542],[-93.528228,17.35517],[-93.521555,17.35871],[-93.51887,17.36404],[-93.513417,17.369737],[-93.50178,17.365424],[-93.491038,17.357774],[-93.488149,17.353787],[-93.472239,17.348578],[-93.43578,17.330634],[-93.423248,17.333279],[-93.42927,17.345526],[-93.428293,17.355658],[-93.421295,17.363145],[-93.409006,17.367458],[-93.426096,17.375556],[-93.426991,17.382432],[-93.431752,17.395046],[-93.438059,17.410793],[-93.445912,17.434434],[-93.469553,17.461208],[-93.494578,17.499661],[-93.501047,17.514431],[-93.49649,17.527818],[-93.491648,17.533515],[-93.485585,17.545396],[-93.480051,17.551988],[-93.461252,17.556464],[-93.449086,17.562079],[-93.447092,17.579372],[-93.44404,17.585232],[-93.433909,17.596829],[-93.419993,17.607489],[-93.404083,17.616604],[-93.388621,17.636705],[-93.383209,17.650946],[-93.389475,17.677273],[-93.40335,17.691352],[-93.420684,17.713446],[-93.406524,17.73078],[-93.411244,17.74022],[-93.417348,17.750678],[-93.420644,17.759589],[-93.416493,17.778266],[-93.418121,17.802273],[-93.413889,17.808376],[-93.381052,17.827908],[-93.376129,17.846259],[-93.382558,17.867011],[-93.369333,17.875556],[-93.359568,17.886339],[-93.355662,17.895779],[-93.355865,17.917426],[-93.353098,17.927924],[-93.34321,17.933539],[-93.321523,17.940456],[-93.309804,17.944037],[-93.302968,17.948757],[-93.290517,17.964667],[-93.279124,17.970282],[-93.264638,17.968858],[-93.239654,17.960964],[-93.20401,17.955512],[-93.194569,17.950995],[-93.174306,17.937364],[-93.150217,17.926134],[-93.12857,17.898749],[-93.087554,17.900336],[-93.054555,17.894639],[-93.032216,17.915473],[-93.010813,17.912421],[-92.994903,17.927273],[-92.981353,17.939887],[-92.966705,17.951483],[-92.943064,17.946763],[-92.922556,17.95779],[-92.913075,17.981431],[-92.902211,17.991116],[-92.893951,18.011339],[-92.875437,18.017442],[-92.855824,18.017117],[-92.844146,18.018459],[-92.827585,18.031602],[-92.814117,18.03616],[-92.799346,18.037869],[-92.779246,18.042344],[-92.761016,18.055203],[-92.750722,18.082343],[-92.734975,18.091783],[-92.719187,18.099677],[-92.711334,18.115465],[-92.70816,18.137519],[-92.70816,18.153266],[-92.716054,18.172187],[-92.705027,18.191107],[-92.690826,18.210028],[-92.681345,18.232082],[-92.667185,18.24787],[-92.665598,18.279405],[-92.670318,18.307766],[-92.667185,18.350328],[-92.670033,18.400743]],[[-93.340077,17.024766],[-93.32844,17.022976],[-93.305979,17.016872],[-93.28246,17.010281],[-93.27184,17.014838],[-93.262034,17.023546],[-93.23998,17.029324],[-93.216786,17.031928],[-93.203521,17.031602],[-93.196116,17.026882],[-93.18517,17.01321],[-93.176259,17.00495],[-93.165761,16.999823],[-93.141916,16.993516],[-93.131825,16.98725],[-93.115468,16.967597],[-93.110097,16.951768],[-93.114817,16.908718],[-93.114369,16.884223],[-93.107411,16.864529],[-93.092885,16.851426],[-93.069814,16.846625],[-93.074818,16.835313],[-93.070221,16.809597],[-93.061147,16.781928],[-93.052724,16.764716],[-92.898305,16.584296],[-92.867665,16.561225],[-92.827382,16.544989],[-92.785878,16.537177],[-92.774159,16.527452],[-92.764719,16.504014],[-92.760732,16.484565],[-92.758534,16.422065]]]}},{"type":"Feature","properties":{"dissolve":"39River","scalerank":2.0,"featurecla":"River","name":"Slave","name_alt":null,"rivernum":39,"note":null,"min_zoom":2.1,"name_en":"Slave","min_label":3.1},"bbox":[-113.704416,59.005072,-111.369781,61.279853],"geometry":{"type":"MultiLineString","coordinates":[[[-111.410756,59.005072],[-111.424794,59.027899],[-111.418202,59.045762],[-111.404612,59.061347],[-111.397084,59.077094],[-111.403391,59.093695],[-111.415273,59.113064],[-111.422475,59.133124],[-111.414459,59.151882],[-111.37564,59.202663],[-111.404368,59.216498],[-111.461252,59.221218],[-111.506947,59.244656],[-111.465199,59.274726],[-111.427235,59.282335],[-111.405141,59.291205],[-111.369781,59.312934],[-111.420644,59.337917],[-111.431874,59.347724],[-111.443918,59.380194],[-111.451731,59.412218],[-111.456207,59.420844],[-111.464019,59.431342],[-111.466624,59.4442],[-111.448476,59.471625],[-111.437856,59.506415],[-111.431874,59.518378],[-111.433258,59.531846],[-111.431386,59.545925],[-111.426259,59.558214],[-111.418202,59.566759],[-111.417836,59.575507],[-111.409495,59.609687],[-111.410756,59.628241],[-111.418528,59.645087],[-111.42927,59.657416],[-111.44286,59.667304],[-111.50536,59.699042],[-111.514394,59.71015],[-111.51476,59.71601],[-111.513743,59.736396],[-111.514394,59.74494],[-111.520497,59.76496],[-111.525787,59.772488],[-111.534901,59.779079],[-111.542795,59.788031],[-111.549184,59.79739],[-111.554311,59.808214],[-111.557729,59.811632],[-111.564565,59.820624],[-111.569936,59.833319],[-111.569,59.847968],[-111.568837,59.868028],[-111.583567,59.885525],[-111.60558,59.897895],[-111.627349,59.902533],[-111.634877,59.907009],[-111.635813,59.917263],[-111.634999,59.928819],[-111.637318,59.937323],[-111.65099,59.946234],[-111.698801,59.95661],[-111.695709,59.96072],[-111.692535,59.964057],[-111.708079,59.975165],[-111.724843,59.976833],[-111.742584,59.97545],[-111.760854,59.977647],[-111.770863,59.982856],[-111.801829,60.004991],[-111.848744,60.024929],[-111.89802,60.03974],[-111.95637,60.046169],[-112.117747,60.025458],[-112.144154,60.029731],[-112.164174,60.040066],[-112.177358,60.05268],[-112.214467,60.114366],[-112.292958,60.218329],[-112.371409,60.286566],[-112.391428,60.299831],[-112.416493,60.310248],[-112.469228,60.323798],[-112.493804,60.33393],[-112.52831,60.32453],[-112.588043,60.332099],[-112.648793,60.349066],[-112.686269,60.368109],[-112.673655,60.379828],[-112.660227,60.382107],[-112.480133,60.361151],[-112.460317,60.367051],[-112.446523,60.413642],[-112.444814,60.424425],[-112.449452,60.433905],[-112.460276,60.441107],[-112.484771,60.45185],[-112.493804,60.457465],[-112.51122,60.480496],[-112.502065,60.492743],[-112.478424,60.502753],[-112.45287,60.518907],[-112.478139,60.535712],[-112.510121,60.541327],[-112.576405,60.539374],[-112.592112,60.541531],[-112.625315,60.550889],[-112.713612,60.559882],[-112.737864,60.571234],[-112.784901,60.601996],[-112.828236,60.614936],[-112.846913,60.630968],[-112.861969,60.65115],[-112.870595,60.669745],[-112.864858,60.708075],[-112.866363,60.729315],[-112.881459,60.738634],[-112.906646,60.74079],[-112.976715,60.755642],[-112.99413,60.766547],[-112.988922,60.782253],[-112.938344,60.792792],[-112.925893,60.810004],[-112.939565,60.823676],[-112.971018,60.827012],[-113.005605,60.822577],[-113.028879,60.813096],[-113.039174,60.80032],[-113.044993,60.788398],[-113.054677,60.777289],[-113.076731,60.766547],[-113.101389,60.76085],[-113.149973,60.759223],[-113.200185,60.780544],[-113.214915,60.791693],[-113.247955,60.834825],[-113.253041,60.856269],[-113.257924,60.950873],[-113.24828,60.957343],[-113.219106,60.98546],[-113.138092,61.019843],[-113.103261,61.042751],[-113.112416,61.064765],[-113.148061,61.081488],[-113.192738,61.08808],[-113.207509,61.101386],[-113.189036,61.130927],[-113.144358,61.177436],[-113.167226,61.184882],[-113.214223,61.182196],[-113.233713,61.191107],[-113.241322,61.205878],[-113.232533,61.214708],[-113.199574,61.224636],[-113.199574,61.218451],[-113.166086,61.232042],[-113.190582,61.254991],[-113.221791,61.246527],[-113.254221,61.229844],[-113.28246,61.228339],[-113.309926,61.244249],[-113.324574,61.25019],[-113.339833,61.25255],[-113.374338,61.25255],[-113.383168,61.255439],[-113.388295,61.261908],[-113.392568,61.268907],[-113.398793,61.273057],[-113.415883,61.273871],[-113.467681,61.265652],[-113.492177,61.26789],[-113.538564,61.277655],[-113.562978,61.279853],[-113.577952,61.27558],[-113.606435,61.256863],[-113.621002,61.25255],[-113.665924,61.254218],[-113.688222,61.252509],[-113.704416,61.245714]]]}},{"type":"Feature","properties":{"dissolve":"3River","scalerank":1.0,"featurecla":"River","name":"Mississippi","name_alt":null,"rivernum":3,"note":null,"min_zoom":2.0,"name_en":"Mississippi","min_label":3.0},"bbox":[-91.661692,28.928331,-89.030588,38.818671],"geometry":{"type":"MultiLineString","coordinates":[[[-90.132192,38.818671],[-90.134836,38.812445],[-90.151519,38.787299],[-90.170522,38.764838],[-90.185048,38.755072],[-90.198069,38.744167],[-90.200673,38.71955],[-90.195627,38.679389],[-90.196604,38.638048],[-90.213612,38.606716],[-90.263905,38.542792],[-90.314849,38.431464],[-90.363026,38.369167],[-90.378041,38.33751],[-90.382069,38.300401],[-90.373158,38.254218],[-90.367665,38.238715],[-90.361684,38.226508],[-90.354807,38.216335],[-90.346425,38.207058],[-90.291168,38.169135],[-90.28482,38.15998],[-90.256663,38.136827],[-90.250234,38.127875],[-90.242828,38.11282],[-90.225413,38.100857],[-90.18814,38.083523],[-90.162221,38.062445],[-90.138092,38.037421],[-90.110911,38.016547],[-90.075551,38.007758],[-90.020619,37.970242],[-90.005116,37.962429],[-89.968088,37.962958],[-89.955434,37.960028],[-89.922841,37.952501],[-89.888824,37.931708],[-89.831899,37.884223],[-89.808217,37.871609],[-89.746775,37.850653],[-89.722035,37.837104],[-89.697621,37.80919],[-89.669097,37.75434],[-89.646881,37.733466],[-89.549672,37.697577],[-89.523427,37.678819],[-89.530873,37.666571],[-89.527577,37.650214],[-89.520497,37.631863],[-89.516591,37.613959],[-89.519195,37.597195],[-89.524241,37.580186],[-89.527089,37.561957],[-89.523427,37.541612],[-89.502309,37.506944],[-89.474924,37.474799],[-89.451283,37.440253],[-89.441518,37.398261],[-89.45873,37.362494],[-89.493804,37.335028],[-89.523183,37.306586],[-89.523427,37.26789],[-89.518137,37.263943],[-89.49828,37.258002],[-89.489858,37.254259],[-89.473866,37.24376],[-89.475657,37.23074],[-89.472483,37.213935],[-89.464223,37.197699],[-89.441518,37.164862],[-89.401601,37.119981],[-89.387034,37.091335],[-89.393666,37.062527],[-89.377431,37.047227],[-89.32726,37.014106],[-89.286936,37.000434],[-89.275258,37.000312],[-89.270172,37.011013],[-89.273061,37.025987],[-89.2801,37.034247],[-89.289174,37.04031],[-89.298085,37.048855],[-89.308949,37.071072],[-89.302358,37.080919],[-89.284088,37.083279],[-89.260243,37.082953],[-89.253774,37.07807],[-89.249582,37.054145],[-89.246246,37.045437],[-89.236887,37.03852],[-89.216542,37.028266],[-89.20873,37.021511],[-89.203603,37.010688],[-89.201243,36.999701],[-89.197499,36.989366],[-89.188222,36.980536],[-89.177113,36.978298],[-89.164703,36.98074],[-89.152943,36.984687],[-89.143544,36.986762],[-89.12385,36.97956],[-89.119008,36.961859],[-89.125559,36.918484],[-89.124135,36.886664],[-89.125559,36.876899],[-89.130849,36.870225],[-89.14037,36.861518],[-89.149403,36.851101],[-89.153472,36.839382],[-89.14977,36.818305],[-89.134633,36.78323],[-89.132965,36.76081],[-89.140736,36.734442],[-89.180776,36.665229],[-89.205434,36.607489],[-89.22643,36.58043],[-89.253407,36.569037],[-89.284657,36.577501],[-89.310943,36.59748],[-89.334869,36.620429],[-89.358957,36.637885],[-89.370229,36.632921],[-89.376454,36.627387],[-89.38622,36.609971],[-89.400502,36.572455],[-89.403391,36.557156],[-89.419179,36.510362],[-89.427195,36.493272],[-89.449778,36.470771],[-89.466176,36.457953],[-89.479075,36.452338],[-89.505198,36.458116],[-89.506947,36.472846],[-89.497426,36.492865],[-89.489858,36.514431],[-89.502797,36.554307],[-89.537017,36.567816],[-89.569732,36.556342],[-89.578033,36.521267],[-89.569203,36.508734],[-89.555776,36.496121],[-89.547597,36.481472],[-89.554433,36.462917],[-89.55602,36.447374],[-89.534047,36.406073],[-89.530873,36.383409],[-89.541493,36.361599],[-89.559885,36.35163],[-89.583363,36.349066],[-89.609364,36.349311],[-89.628529,36.341376],[-89.626332,36.323065],[-89.611399,36.302558],[-89.592275,36.287869],[-89.567291,36.281317],[-89.557444,36.274685],[-89.561269,36.263699],[-89.571401,36.25727],[-89.583567,36.254665],[-89.676625,36.251776],[-89.694732,36.246894],[-89.64037,36.182237],[-89.613922,36.141628],[-89.623036,36.123358],[-89.638783,36.120144],[-89.657948,36.112128],[-89.674184,36.102118],[-89.68106,36.092597],[-89.685292,36.076199],[-89.71581,36.034613],[-89.725657,35.993232],[-89.707102,35.967637],[-89.680776,35.945746],[-89.667388,35.915107],[-89.674143,35.896186],[-89.689565,35.899522],[-89.718902,35.918524],[-89.740834,35.916205],[-89.759633,35.908881],[-89.774403,35.896104],[-89.784088,35.87755],[-89.757883,35.867296],[-89.731191,35.851671],[-89.722239,35.83336],[-89.785064,35.790798],[-89.937978,35.736192],[-89.952016,35.722927],[-89.952992,35.705024],[-89.938059,35.681749],[-89.909983,35.652045],[-89.910146,35.638983],[-89.92809,35.623114],[-89.944895,35.611843],[-89.951405,35.602484],[-89.947133,35.590766],[-89.931508,35.572211],[-89.91804,35.547919],[-89.928334,35.535427],[-89.951324,35.530137],[-89.975901,35.527452],[-90.000111,35.521796],[-90.012441,35.511542],[-90.016916,35.494656],[-90.017486,35.469184],[-90.022369,35.452663],[-90.034495,35.436306],[-90.049916,35.421739],[-90.103179,35.385443],[-90.115346,35.369493],[-90.119862,35.346259],[-90.118479,35.300605],[-90.11441,35.280463],[-90.094797,35.230902],[-90.084706,35.18891],[-90.085439,35.148261],[-90.106272,35.123399],[-90.126576,35.124579],[-90.15392,35.130235],[-90.177887,35.129828],[-90.18814,35.112616],[-90.190338,35.093044],[-90.196889,35.075792],[-90.20759,35.060736],[-90.22232,35.047716],[-90.259145,35.030626],[-90.282786,35.022976],[-90.301747,35.019802],[-90.312815,35.012478],[-90.30134,34.995632],[-90.270741,34.965155],[-90.271881,34.92296],[-90.305531,34.888943],[-90.352447,34.86404],[-90.463979,34.827826],[-90.475575,34.815009],[-90.471262,34.797634],[-90.45995,34.777696],[-90.454823,34.759223],[-90.46935,34.746039],[-90.478342,34.737494],[-90.499827,34.732042],[-90.522328,34.732856],[-90.541371,34.742987],[-90.553822,34.739854],[-90.568023,34.719794],[-90.585439,34.684597],[-90.593984,34.642279],[-90.576161,34.573432],[-90.586578,34.488878],[-90.586171,34.454291],[-90.594065,34.424994],[-90.626373,34.396023],[-90.662953,34.379421],[-90.685862,34.37226],[-90.727651,34.368191],[-90.738922,34.369005],[-90.74706,34.372748],[-90.759429,34.380561],[-90.764027,34.375352],[-90.764231,34.366278],[-90.761098,34.352118]],[[-90.761098,34.352118],[-90.763539,34.362494]],[[-90.761098,34.352118],[-90.752065,34.333319],[-90.750559,34.320909],[-90.753977,34.312812],[-90.767812,34.294053],[-90.770985,34.283962],[-90.775299,34.279649],[-90.785146,34.281358],[-90.801381,34.28738],[-90.814687,34.28738],[-90.821278,34.28559],[-90.825673,34.279568],[-90.864369,34.206163],[-90.877105,34.198025],[-90.893056,34.192939],[-90.942454,34.167548],[-90.955963,34.15705],[-90.955068,34.12877],[-90.882558,34.099392],[-90.880238,34.060818],[-90.893056,34.043077],[-90.909332,34.035224],[-90.929067,34.033271],[-90.952545,34.033515],[-90.97525,34.030341],[-91.031077,34.006171],[-91.084788,33.996609],[-91.093129,33.989447],[-91.089182,33.975653],[-91.079172,33.968817],[-91.065907,33.964423],[-91.052195,33.957831],[-91.035756,33.930447],[-91.050404,33.906114],[-91.069325,33.883572],[-91.0631,33.849433],[-91.051666,33.83336],[-91.045522,33.814399],[-91.058339,33.79328],[-91.06843,33.789578],[-91.095326,33.78852],[-91.106801,33.786444],[-91.116526,33.780382],[-91.137603,33.762803],[-91.144358,33.759141],[-91.153188,33.752021],[-91.192454,33.707953],[-91.210683,33.696885],[-91.226064,33.689805],[-91.228831,33.680691],[-91.209218,33.663601],[-91.167714,33.646552],[-91.151763,33.633328],[-91.147776,33.608344],[-91.156565,33.587429],[-91.173818,33.57746],[-91.195953,33.574327],[-91.219716,33.574246],[-91.235504,33.566759],[-91.231068,33.55032],[-91.215891,33.533881],[-91.199574,33.526435],[-91.180898,33.520697],[-91.161041,33.507107],[-91.127309,33.478054],[-91.126291,33.460028],[-91.125356,33.430935],[-91.128774,33.401475],[-91.134104,33.382392],[-91.171457,33.341376],[-91.18224,33.319932],[-91.168202,33.300482],[-91.157379,33.298774],[-91.126332,33.28913],[-91.112945,33.280056],[-91.107655,33.267768],[-91.106801,33.217882],[-91.09557,33.184638],[-91.09317,33.167344],[-91.099355,33.149685],[-91.112294,33.143093],[-91.133209,33.138007],[-91.152821,33.130927],[-91.161448,33.118598],[-91.168202,32.981472],[-91.162709,32.971706],[-91.149281,32.964219],[-91.132436,32.95954],[-91.116689,32.957831],[-91.103912,32.953559],[-91.091379,32.943549],[-91.072011,32.923122],[-91.081899,32.905829],[-91.096059,32.888007],[-91.111236,32.874091],[-91.123891,32.868476],[-91.133453,32.858466],[-91.149973,32.81037],[-91.157379,32.770779],[-91.154652,32.755805],[-91.142242,32.747504],[-91.092885,32.740505],[-91.075022,32.728461],[-91.070302,32.710883],[-91.086293,32.689765],[-91.10497,32.685492],[-91.132436,32.684597],[-91.157379,32.680284],[-91.168202,32.666124],[-91.166412,32.644395],[-91.161122,32.625312],[-91.152496,32.608832],[-91.14094,32.594753],[-91.130767,32.587592],[-91.106842,32.574571],[-91.099355,32.56684],[-91.097239,32.55504],[-91.100168,32.543077],[-91.104563,32.531928],[-91.106801,32.522488],[-91.108876,32.481391],[-91.105295,32.465033],[-91.093129,32.450751],[-91.059885,32.433783],[-91.029042,32.422797],[-91.006337,32.404242],[-90.997548,32.364529],[-90.99059,32.357123],[-90.974192,32.351671],[-90.939198,32.347113],[-90.916615,32.339789],[-90.909901,32.324246],[-90.913319,32.310004],[-90.921213,32.306749],[-90.921213,32.299913],[-90.966664,32.261542],[-90.998118,32.197862],[-91.032338,32.147488],[-91.086293,32.149115],[-91.09557,32.141221],[-91.099233,32.130927],[-91.099721,32.121039],[-91.099355,32.114325],[-91.069,32.084662],[-91.069244,32.048122],[-91.091542,32.014024],[-91.127309,31.991482],[-91.158518,31.983222],[-91.168202,31.97781],[-91.176137,31.96894],[-91.185902,31.94831],[-91.192454,31.939968],[-91.238271,31.894314],[-91.257639,31.881619],[-91.276723,31.875515],[-91.318837,31.867458],[-91.33609,31.857978],[-91.351471,31.840644],[-91.360748,31.823188],[-91.373687,31.785997],[-91.404286,31.738308],[-91.408437,31.720811],[-91.409983,31.701117],[-91.428944,31.614691],[-91.429596,31.590766],[-91.434641,31.580024],[-91.43578,31.573106],[-91.505971,31.529893],[-91.529042,31.500556],[-91.524526,31.457058],[-91.520172,31.449571],[-91.510081,31.438096],[-91.497426,31.41706],[-91.495717,31.4112],[-91.497182,31.391547],[-91.499379,31.382676],[-91.508697,31.373603],[-91.522369,31.308905],[-91.52892,31.293402],[-91.541127,31.282416],[-91.562367,31.278266],[-91.609527,31.279893],[-91.633046,31.278184],[-91.648061,31.27143],[-91.649648,31.255316],[-91.639312,31.235175],[-91.623687,31.217882],[-91.609853,31.210639],[-91.604726,31.20543],[-91.606557,31.194159],[-91.610829,31.183417],[-91.613271,31.179551],[-91.615875,31.168728],[-91.626454,31.151394],[-91.627553,31.14171],[-91.615875,31.113715],[-91.585317,31.081855],[-91.579172,31.056016],[-91.661692,30.997097],[-91.652089,30.948269],[-91.626332,30.93419],[-91.589263,30.931098],[-91.545644,30.915147],[-91.529286,30.89997],[-91.52123,30.882351],[-91.518544,30.861599],[-91.5183,30.836697],[-91.525217,30.81741],[-91.541819,30.805976],[-91.561879,30.796942],[-91.579172,30.784857],[-91.582265,30.75727],[-91.54601,30.742621],[-91.495473,30.73725],[-91.455637,30.737657],[-91.437571,30.741726],[-91.401763,30.755235],[-91.383901,30.758124],[-91.369456,30.752021],[-91.359771,30.737169],[-91.346344,30.702908],[-91.335276,30.685655],[-91.298573,30.648261],[-91.267445,30.588162],[-91.254221,30.579372],[-91.244862,30.568712],[-91.256825,30.545233],[-91.281809,30.511094],[-91.223622,30.520209],[-91.209218,30.51793],[-91.193267,30.488308],[-91.192128,30.444525],[-91.203765,30.404853],[-91.226552,30.387559],[-91.23176,30.385077],[-91.237416,30.378933],[-91.242055,30.371161],[-91.243967,30.36404],[-91.240712,30.352403],[-91.232533,30.350124],[-91.212961,30.354071],[-91.189605,30.354071],[-91.17101,30.35163],[-91.156972,30.343533],[-91.147776,30.326117],[-91.171457,30.31977],[-91.194651,30.317979],[-91.213206,30.311591],[-91.222808,30.291368],[-91.160715,30.289333],[-91.144358,30.28144],[-91.136138,30.276068],[-91.116811,30.267279],[-91.112945,30.261298],[-91.117787,30.251654],[-91.140452,30.236355],[-91.147776,30.229926],[-91.15095,30.223985],[-91.154286,30.214871],[-91.154368,30.204779],[-91.147776,30.195828],[-91.137074,30.193305],[-91.127919,30.198513],[-91.119252,30.205837],[-91.109853,30.209418],[-91.065826,30.213162],[-91.045522,30.209784],[-91.02481,30.195828],[-91.013539,30.179267],[-91.014801,30.166612],[-91.021108,30.153998],[-91.02481,30.137478],[-91.01301,30.126166],[-90.986928,30.121405],[-90.949086,30.120673],[-90.941803,30.125027],[-90.938954,30.130479],[-90.934275,30.132636],[-90.921213,30.126899],[-90.912709,30.118516],[-90.898793,30.093695],[-90.891103,30.083116],[-90.882802,30.078152],[-90.864613,30.07449],[-90.856313,30.069444],[-90.849843,30.060981],[-90.839263,30.031928],[-90.825266,30.011501],[-90.812611,30.008612],[-90.797027,30.013861],[-90.774078,30.017646],[-90.751943,30.0185],[-90.735097,30.021511],[-90.71996,30.027777],[-90.702748,30.038153],[-90.688222,30.049872],[-90.678293,30.055976],[-90.667958,30.058661],[-90.655629,30.056423],[-90.634999,30.047065],[-90.62328,30.044989],[-90.613922,30.048285],[-90.59496,30.062812],[-90.589182,30.066026],[-90.576772,30.065131],[-90.544423,30.058661],[-90.500722,30.059516],[-90.482818,30.055487],[-90.475575,30.041571],[-90.473256,30.018663],[-90.465566,30.009467],[-90.428375,30.004014],[-90.408274,29.996772],[-90.396962,29.986192],[-90.388539,29.973456],[-90.376861,29.959581],[-90.353627,29.948106],[-90.32787,29.948269],[-90.303334,29.954901],[-90.261627,29.971544],[-90.246002,29.972032],[-90.231435,29.96365],[-90.212392,29.945665],[-90.194203,29.937852],[-90.159169,29.951768],[-90.14037,29.948798],[-90.132192,29.940456],[-90.128407,29.93244],[-90.122141,29.925889],[-90.106272,29.922065],[-90.096262,29.923651],[-90.068349,29.935126],[-90.064524,29.938422],[-90.061676,29.945665],[-90.057037,29.952948],[-90.047922,29.956163],[-90.02477,29.954169],[-89.959218,29.937079],[-89.937367,29.926622],[-89.92809,29.911566],[-89.925893,29.905829],[-89.916005,29.892117],[-89.913808,29.883612],[-89.917836,29.875515],[-89.927358,29.875108],[-89.948598,29.87991],[-89.952626,29.881415],[-89.957102,29.884833],[-89.962392,29.887641],[-89.969106,29.887315],[-89.974273,29.884223],[-89.974355,29.881171],[-89.973541,29.877794],[-89.99352,29.846137],[-89.996409,29.842597],[-90.002187,29.822537],[-90.024037,29.786444],[-90.023671,29.764431],[-90.009429,29.742377],[-89.970815,29.704372],[-89.9558,29.656277],[-89.938303,29.644802],[-89.893951,29.634101],[-89.860829,29.621121],[-89.789947,29.579291],[-89.70523,29.500596],[-89.689361,29.490058],[-89.609975,29.463935],[-89.603749,29.45893],[-89.59911,29.449083],[-89.605336,29.427314],[-89.60733,29.414089],[-89.602528,29.408149],[-89.507395,29.360053],[-89.488922,29.354926],[-89.465077,29.352891],[-89.426503,29.354804],[-89.408315,29.349433],[-89.38622,29.333075],[-89.271962,29.201931],[-89.264516,29.186794],[-89.260976,29.171169],[-89.260976,29.155137],[-89.281239,29.100165],[-89.400502,28.955675],[-89.413564,28.928331],[-89.413564,28.935167]],[[-89.270172,29.202094],[-89.257192,29.234442],[-89.188222,29.318793]],[[-89.257151,29.154893],[-89.196767,29.161322],[-89.092926,29.18948],[-89.030588,29.195868]]]}},{"type":"Feature","properties":{"dissolve":"409Lake Centerline","scalerank":7.0,"featurecla":"Lake Centerline","name":"Red","name_alt":null,"rivernum":409,"note":null,"min_zoom":6.0,"name_en":"Red","min_label":7.0},"bbox":[-96.785553,50.391466,-96.597646,50.979275],"geometry":{"type":"MultiLineString","coordinates":[[[-96.785553,50.391466],[-96.75768,50.518622],[-96.753163,50.588406],[-96.743072,50.660915],[-96.597646,50.979275]]]}},{"type":"Feature","properties":{"dissolve":"409River","scalerank":7.0,"featurecla":"River","name":"Red","name_alt":null,"rivernum":409,"note":null,"min_zoom":6.0,"name_en":"Red","min_label":7.0},"bbox":[-97.34968,45.820136,-96.556467,50.39114],"geometry":{"type":"MultiLineString","coordinates":[[[-96.602284,45.820136],[-96.587799,45.838813],[-96.581125,45.856024],[-96.572174,45.916938],[-96.569651,45.922187],[-96.56607,45.927517],[-96.562856,45.931342],[-96.556467,45.941677],[-96.576283,46.016384],[-96.576161,46.040107],[-96.564198,46.062323],[-96.557118,46.090277],[-96.556793,46.102973],[-96.563588,46.140001],[-96.568227,46.145575],[-96.566762,46.157294],[-96.564443,46.164822],[-96.565012,46.171332],[-96.58788,46.198432],[-96.592356,46.206977],[-96.59557,46.217637],[-96.598012,46.237901],[-96.59557,46.30268],[-96.601715,46.323839],[-96.616607,46.341132],[-96.650787,46.368476],[-96.708852,46.433661],[-96.715484,46.444525],[-96.717112,46.454617],[-96.716949,46.463446],[-96.718414,46.470893],[-96.724477,46.478583],[-96.740793,46.491726],[-96.746409,46.498847],[-96.739735,46.51911],[-96.740468,46.540229],[-96.746409,46.577338],[-96.753163,46.596991],[-96.784901,46.628282],[-96.794789,46.642157],[-96.796986,46.663764],[-96.784657,46.698513],[-96.781117,46.721015],[-96.784495,46.742947],[-96.798818,46.778022],[-96.801625,46.793647],[-96.799428,46.803738],[-96.790191,46.820258],[-96.787343,46.827175],[-96.785878,46.83808],[-96.787343,46.871853],[-96.784088,46.882148],[-96.77009,46.89586],[-96.764801,46.911933],[-96.761138,46.916327],[-96.759389,46.920762],[-96.763092,46.927069],[-96.769439,46.931342],[-96.781361,46.933661],[-96.791371,46.938829],[-96.803049,46.941189],[-96.80842,46.943874],[-96.804351,46.943793],[-96.80484,46.951199],[-96.80842,46.964301],[-96.820912,46.980007],[-96.826161,46.98904],[-96.828277,47.002224],[-96.821034,47.067939],[-96.822092,47.087836],[-96.835764,47.12877],[-96.836049,47.14057],[-96.833323,47.150499],[-96.829945,47.159044],[-96.828277,47.166693],[-96.831776,47.188056],[-96.84675,47.236599],[-96.850006,47.259101],[-96.8426,47.386339],[-96.846506,47.396308],[-96.855214,47.404893],[-96.864247,47.411933],[-96.869252,47.416815],[-96.868804,47.437608],[-96.853017,47.488145],[-96.853139,47.502753],[-96.86266,47.519802],[-96.863637,47.53738],[-96.861887,47.557237],[-96.863026,47.581244],[-96.861724,47.584988],[-96.858469,47.589789],[-96.855784,47.595404],[-96.856272,47.601752],[-96.860666,47.606879],[-96.876698,47.616034],[-96.888661,47.643581],[-96.894521,47.678982],[-96.904937,47.696357],[-96.918528,47.711941],[-96.931956,47.732123],[-96.944203,47.767401],[-96.951772,47.779893],[-96.975494,47.800157],[-96.979115,47.804145],[-96.980295,47.806667],[-96.983022,47.807725],[-96.986562,47.808621],[-96.98998,47.810614],[-96.991933,47.81505],[-96.986399,47.822455],[-96.986562,47.828315],[-97.012115,47.877305],[-97.014882,47.89997],[-97.000234,47.923896],[-97.035146,47.95185],[-97.051422,47.985785],[-97.062734,48.023017],[-97.106435,48.096747],[-97.121978,48.132636],[-97.12975,48.170478],[-97.129954,48.211859],[-97.115305,48.281114],[-97.119985,48.296942],[-97.126617,48.311062],[-97.144195,48.37641],[-97.140614,48.388373],[-97.128285,48.406317],[-97.123687,48.417344],[-97.122914,48.428494],[-97.128407,48.444363],[-97.13386,48.47602],[-97.157297,48.534003],[-97.148427,48.576199],[-97.121897,48.61225],[-97.101064,48.650417],[-97.109486,48.698554],[-97.13268,48.732693],[-97.140981,48.749457],[-97.148305,48.788153],[-97.177724,48.841905],[-97.18517,48.876654],[-97.1905,48.885606],[-97.197336,48.894151],[-97.203196,48.903266],[-97.211008,48.936469],[-97.221547,48.952216],[-97.22936,48.968573],[-97.226186,48.992743],[-97.188222,49.044257],[-97.188588,49.058214],[-97.199696,49.073025],[-97.216054,49.107042],[-97.226186,49.123074],[-97.268625,49.157172],[-97.274566,49.167426],[-97.277699,49.181342],[-97.285308,49.203437],[-97.295277,49.223944],[-97.305002,49.232937],[-97.314809,49.241319],[-97.31725,49.259955],[-97.314931,49.287543],[-97.319814,49.305121],[-97.327504,49.324042],[-97.337514,49.34162],[-97.34968,49.355821],[-97.26476,49.40644],[-97.253285,49.4289],[-97.239817,49.47252],[-97.210317,49.508734],[-97.142812,49.571234],[-97.116322,49.609687],[-97.108876,49.630479],[-97.103505,49.671902],[-97.103261,49.688544],[-97.099477,49.697862],[-97.092397,49.708319],[-97.087961,49.719062],[-97.092397,49.729438],[-97.108754,49.7449],[-97.114247,49.754503],[-97.116322,49.767361],[-97.114003,49.778917],[-97.104726,49.798936],[-97.103261,49.808295],[-97.109039,49.814032],[-97.119496,49.822333],[-97.126047,49.832953],[-97.108957,49.865017],[-97.109486,49.908555],[-97.103261,49.93122],[-97.091786,49.945665],[-97.0808,49.950873],[-97.068959,49.953192],[-97.05484,49.959093],[-97.045888,49.967597],[-97.027496,50.000067],[-97.013661,50.016913],[-96.932932,50.084174],[-96.917633,50.103135],[-96.90689,50.111396],[-96.881907,50.117865],[-96.869252,50.123603],[-96.851064,50.144884],[-96.827952,50.200263],[-96.814687,50.219794],[-96.827463,50.240424],[-96.836985,50.263251],[-96.840647,50.286811],[-96.835764,50.30919],[-96.831695,50.311387],[-96.817698,50.315131],[-96.814687,50.318874],[-96.814687,50.342719],[-96.809071,50.355251],[-96.803822,50.364081],[-96.785634,50.39114]]]}},{"type":"Feature","properties":{"dissolve":"432River","scalerank":7.0,"featurecla":"River","name":"Apure","name_alt":null,"rivernum":432,"note":null,"min_zoom":6.0,"name_en":"Apure","min_label":7.0},"bbox":[-72.248443,7.28738,-67.629303,8.07571],"geometry":{"type":"MultiLineString","coordinates":[[[-72.176218,7.886746],[-72.204986,7.854682],[-72.228017,7.821845],[-72.237294,7.801459],[-72.24352,7.779893],[-72.248443,7.739325],[-72.245188,7.698513],[-72.242909,7.690131],[-72.232004,7.667426],[-72.224029,7.657986],[-72.213938,7.653266],[-72.202748,7.650092],[-72.191965,7.645087],[-72.183746,7.636746],[-72.168284,7.605251],[-72.162465,7.599148],[-72.156158,7.595323],[-72.149037,7.593288],[-72.132517,7.590684],[-72.11559,7.585557],[-72.10143,7.578559],[-72.089467,7.570502],[-72.053415,7.552558],[-72.048004,7.548529],[-72.043324,7.543524],[-72.033599,7.529242],[-72.015696,7.514919],[-72.00829,7.510565],[-72.000152,7.508165],[-71.99177,7.50788],[-71.920806,7.514512],[-71.905263,7.513373],[-71.84439,7.493476],[-71.829945,7.499783],[-71.809478,7.497341],[-71.748891,7.478217],[-71.740793,7.472357],[-71.725413,7.452175],[-71.715972,7.44241],[-71.703521,7.438259],[-71.660512,7.432074],[-71.639719,7.432318],[-71.63093,7.441677],[-71.627675,7.453315],[-71.620351,7.450792],[-71.607289,7.438259],[-71.595082,7.440497],[-71.572906,7.450263],[-71.563222,7.452501],[-71.552642,7.450385],[-71.53303,7.440497],[-71.521067,7.438259],[-71.508901,7.439521],[-71.503326,7.442735],[-71.499989,7.447292],[-71.494293,7.452501],[-71.47232,7.462714],[-71.454579,7.463813],[-71.415517,7.458767],[-71.340566,7.460028],[-71.304677,7.456366],[-71.267812,7.445095],[-71.249013,7.454454],[-71.226918,7.438585],[-71.205678,7.415717],[-71.18932,7.40412],[-71.166331,7.401801],[-71.156077,7.398505],[-71.144846,7.386054],[-71.129465,7.38581],[-71.103342,7.389838],[-71.061513,7.378689],[-71.020131,7.361843],[-70.981272,7.338568],[-70.946889,7.307929],[-70.930287,7.313096],[-70.912465,7.305203],[-70.893707,7.293402],[-70.874257,7.287421],[-70.856557,7.289984],[-70.810658,7.305365],[-70.795481,7.314765],[-70.759023,7.299669],[-70.713002,7.289862],[-70.666982,7.28738],[-70.630971,7.294257],[-70.625111,7.30032],[-70.609242,7.322455],[-70.603668,7.328396],[-70.590972,7.332465],[-70.582875,7.331977],[-70.575673,7.329779],[-70.565785,7.328396],[-70.547963,7.333686],[-70.531728,7.345974],[-70.507436,7.369412],[-70.5006,7.383612],[-70.495229,7.383328],[-70.48762,7.381293],[-70.481353,7.378607],[-70.480133,7.376166],[-70.471995,7.381863],[-70.467926,7.386054],[-70.466624,7.393012],[-70.466461,7.407253],[-70.460317,7.423041],[-70.444936,7.427802],[-70.424794,7.428168],[-70.404408,7.430772],[-70.368479,7.450385],[-70.340647,7.48074],[-70.321034,7.516791],[-70.299631,7.590359],[-70.288971,7.603705],[-70.270985,7.608954],[-70.26061,7.610297],[-70.243153,7.61579],[-70.233144,7.6164],[-70.222524,7.613634],[-70.206776,7.604926],[-70.199574,7.602729],[-70.183013,7.605658],[-70.157338,7.614936],[-70.133656,7.629259],[-70.12328,7.647406],[-70.117421,7.666327],[-70.103505,7.690212],[-70.086741,7.71072],[-70.072377,7.719428],[-70.058949,7.724148],[-70.014027,7.754177],[-69.997996,7.757351],[-69.948842,7.754177],[-69.935618,7.757676],[-69.92162,7.766791],[-69.892445,7.792182],[-69.877675,7.8039],[-69.863108,7.811876],[-69.848866,7.81391],[-69.835276,7.807563],[-69.824574,7.815375],[-69.790842,7.832302],[-69.777821,7.835517],[-69.75182,7.837714],[-69.733835,7.844346],[-69.577138,7.950995],[-69.462514,8.058295],[-69.44107,8.071601],[-69.41747,8.072292],[-69.36974,8.062038],[-69.33137,8.061876],[-69.212717,8.07571],[-69.188791,8.070624],[-69.153391,8.046983],[-69.133534,8.041571],[-69.127797,8.03616],[-69.118235,8.012234],[-69.112782,8.006781],[-69.074859,7.993191],[-69.069895,7.990546],[-69.058583,7.981879],[-69.054433,7.980089],[-69.048207,7.982245],[-69.038686,7.991034],[-69.033925,7.993191],[-68.996409,7.993191],[-68.991363,7.995632],[-68.980824,7.999457],[-68.970367,7.999335],[-68.965688,7.989773],[-68.963531,7.980292],[-68.958241,7.969997],[-68.94518,7.952175],[-68.944447,7.947943],[-68.946238,7.935655],[-68.94518,7.931708],[-68.941029,7.930691],[-68.92927,7.93244],[-68.924672,7.931708],[-68.88683,7.9112],[-68.823598,7.902452],[-68.72997,7.915798],[-68.715484,7.921169],[-68.701324,7.933661],[-68.65038,7.965847],[-68.634023,7.969306],[-68.571848,7.965847],[-68.549184,7.961127],[-68.510487,7.941433],[-68.485219,7.938544],[-68.461415,7.947292],[-68.426015,7.979315],[-68.407053,7.986355],[-68.386342,7.991523],[-68.374867,7.991278],[-68.369781,7.983222],[-68.365305,7.981147],[-68.341868,7.965847],[-68.321767,7.966335],[-68.296946,7.97016],[-68.275746,7.970893],[-68.266754,7.962104],[-68.256703,7.956407],[-68.234771,7.966254],[-68.205312,7.986355],[-68.198801,7.988064],[-68.180043,7.990546],[-68.170562,7.993191],[-68.159006,8.000678],[-68.14981,8.009955],[-68.140004,8.017768],[-68.108835,8.024685],[-68.073476,8.042019],[-68.054514,8.048407],[-67.954579,8.054633],[-67.930247,8.047797],[-67.907216,8.034735],[-67.884958,8.026679],[-67.862701,8.034735],[-67.816762,8.021674],[-67.720693,8.017524],[-67.670277,8.006781],[-67.649322,7.998603],[-67.629303,7.993191]]]}},{"type":"Feature","properties":{"dissolve":"53River","scalerank":3.0,"featurecla":"River","name":"Yukon","name_alt":null,"rivernum":53,"note":null,"min_zoom":3.0,"name_en":"Yukon","min_label":4.0},"bbox":[-164.903472,61.565009,-134.855214,66.610948],"geometry":{"type":"MultiLineString","coordinates":[[[-145.825429,66.610948],[-145.827097,66.610785]],[[-145.827097,66.610785],[-145.832875,66.610948]],[[-145.827097,66.610785],[-145.839996,66.609442],[-145.880035,66.597968],[-145.951039,66.604682],[-145.966054,66.601386],[-145.998647,66.58157],[-146.038808,66.572943],[-146.202789,66.563788],[-146.248891,66.545478],[-146.263946,66.542751],[-146.391957,66.546902],[-146.558095,66.527655],[-146.734893,66.512722],[-146.791615,66.502021],[-146.84378,66.479438],[-146.880279,66.474433],[-146.943837,66.473822],[-146.968739,66.465888],[-146.997304,66.446479],[-147.022003,66.424628],[-147.031484,66.419216],[-147.050038,66.417548],[-147.094512,66.421983],[-147.11026,66.415717],[-147.126943,66.402533],[-147.131988,66.395209],[-147.133819,66.381293],[-147.138214,66.377794],[-147.148468,66.376899],[-147.168609,66.377631],[-147.180043,66.376003],[-147.186676,66.37226],[-147.191029,66.367865],[-147.195953,66.364569],[-147.230133,66.356757],[-147.30248,66.362128],[-147.360097,66.365668],[-147.428985,66.371405],[-147.442535,66.368598],[-147.470489,66.355048],[-147.483917,66.350287],[-147.560577,66.347113],[-147.602284,66.339545],[-147.620473,66.320176],[-147.583608,66.283271],[-147.578969,66.265896],[-147.620473,66.268378],[-147.677154,66.287706],[-147.709706,66.29031],[-147.72411,66.271796],[-147.738393,66.248399],[-147.77066,66.252305],[-147.826527,66.275214],[-147.840484,66.271552],[-147.848175,66.263983],[-147.85379,66.255235],[-147.861318,66.248481],[-147.878448,66.242865],[-147.897003,66.24079],[-147.936065,66.241034],[-147.967193,66.247585],[-148.027089,66.273546],[-148.059316,66.275214],[-148.073842,66.270087],[-148.099843,66.254584],[-148.113922,66.248481],[-148.134023,66.245795],[-148.226186,66.259548],[-148.245839,66.259304],[-148.261627,66.251573],[-148.28246,66.228298],[-148.292104,66.221218],[-148.330312,66.21072],[-148.405995,66.224677],[-148.442901,66.217475],[-148.485829,66.207546],[-148.523793,66.189317],[-148.545929,66.172716],[-148.552154,66.164008],[-148.556915,66.155341],[-148.562978,66.146918],[-148.573232,66.138617],[-148.59317,66.129218],[-148.612335,66.125067],[-148.697174,66.123643],[-148.71935,66.120714],[-148.734283,66.114447],[-148.742787,66.101752],[-148.740753,66.091864],[-148.73644,66.082221],[-148.737701,66.07038],[-148.753814,66.056708],[-148.779408,66.049628],[-148.803009,66.053738],[-148.823476,66.097113],[-148.846547,66.097032],[-148.871816,66.085761],[-148.888539,66.075954],[-148.916982,66.066433],[-148.94164,66.067491],[-148.995269,66.075954],[-149.020741,66.069892],[-149.016591,66.055935],[-148.984731,66.029405],[-148.993316,66.015245],[-149.005605,66.008979],[-149.020985,66.007432],[-149.038726,66.007636],[-149.032582,66.001492],[-149.0454,66.000922],[-149.057118,66.002143],[-149.080352,66.007636],[-149.08731,66.011013],[-149.096059,66.019477],[-149.10143,66.021918],[-149.119862,66.020819],[-149.133453,66.013617],[-149.145497,66.005316],[-149.159169,66.001492],[-149.174184,65.999335],[-149.205474,65.989936],[-149.221221,65.98782],[-149.235015,65.982449],[-149.236806,65.970038],[-149.231191,65.946845],[-149.254791,65.90058],[-149.300323,65.879096],[-149.355133,65.874579],[-149.406646,65.879096],[-149.43456,65.885932],[-149.511098,65.915229],[-149.549346,65.916083],[-149.623077,65.893866],[-149.660675,65.887519],[-149.703603,65.893622],[-149.786977,65.920844],[-149.829701,65.924913],[-149.85143,65.920193],[-149.865712,65.911404],[-149.878163,65.900743],[-149.894276,65.890326],[-149.9204,65.880194],[-150.030181,65.833523],[-150.085968,65.81863],[-150.127105,65.799831],[-150.089467,65.774237],[-150.023183,65.764594],[-149.90567,65.769721],[-149.844594,65.790107],[-149.811391,65.793728],[-149.796051,65.776882],[-149.801869,65.755316],[-149.818023,65.712592],[-149.862294,65.647732],[-149.874135,65.64057],[-149.896352,65.638373],[-149.924957,65.64289],[-149.998402,65.679307],[-150.0454,65.686713],[-150.096221,65.67829],[-150.141265,65.654975],[-150.170766,65.617499],[-150.176015,65.589789],[-150.176991,65.562934],[-150.185211,65.540839],[-150.21227,65.527615],[-150.309316,65.515326],[-150.40982,65.514512],[-150.565948,65.504218],[-150.660675,65.497992],[-150.668365,65.495388],[-150.738393,65.461493],[-150.802358,65.439032],[-150.921417,65.405097],[-151.03954,65.36876],[-151.081044,65.348822],[-151.150299,65.305203],[-151.185536,65.291205],[-151.230946,65.286078],[-151.243886,65.287421],[-151.254262,65.290798],[-151.274932,65.300401],[-151.286733,65.304023],[-151.29837,65.305487],[-151.310292,65.304999],[-151.322418,65.30268],[-151.334218,65.297797],[-151.356109,65.284125],[-151.367909,65.279975],[-151.407012,65.276231],[-151.4204,65.272895],[-151.426137,65.270087],[-151.438832,65.258124],[-151.452992,65.249132],[-151.468292,65.242051],[-151.488637,65.235175],[-151.509145,65.23196],[-151.640004,65.230089],[-151.665273,65.236151],[-151.689239,65.24494],[-151.713368,65.249701],[-151.738881,65.24376],[-151.765004,65.233832],[-151.919952,65.216173],[-151.945098,65.209784],[-152.020538,65.172716],[-152.046335,65.165758]],[[-152.046335,65.165758],[-152.208892,65.178412],[-152.26297,65.171088],[-152.348866,65.151719],[-152.376373,65.141303],[-152.423492,65.115302],[-152.451934,65.110134],[-152.485341,65.114447],[-152.575429,65.144884],[-152.653472,65.145779],[-152.694732,65.151231],[-152.712636,65.168809],[-152.716461,65.176866],[-152.743316,65.196397],[-152.760121,65.205512],[-152.78128,65.206244],[-152.822499,65.200141],[-152.910634,65.200141],[-152.962554,65.181342],[-152.980133,65.178412],[-153.082387,65.18655],[-153.199493,65.148057],[-153.21227,65.134345],[-153.225982,65.109687],[-153.258656,65.102973],[-153.4829,65.117011],[-153.497589,65.120185],[-153.531402,65.134304],[-153.548695,65.137478],[-153.564443,65.135077],[-153.610748,65.117011],[-153.685821,65.103949],[-153.727325,65.085557],[-153.754506,65.080675],[-153.780548,65.071357],[-153.839833,65.06745],[-153.999013,65.035224],[-154.151357,64.994086],[-154.313385,64.922797],[-154.370473,64.918321],[-154.386871,64.922309],[-154.416737,64.93476],[-154.432525,64.93948],[-154.448394,64.940212],[-154.545155,64.923855],[-154.578847,64.935085],[-154.669708,64.939805],[-154.821401,64.908718],[-154.934926,64.895697],[-155.022328,64.878933],[-155.098663,64.877061],[-155.193145,64.86046],[-155.282826,64.832384],[-155.381459,64.789618],[-155.491851,64.750352],[-155.54601,64.747138],[-155.720448,64.767524],[-155.793853,64.760688],[-155.937042,64.724921],[-156.007843,64.719753],[-156.172963,64.725898],[-156.206207,64.722439],[-156.328277,64.683051],[-156.414906,64.66531],[-156.486928,64.676785],[-156.550038,64.666815],[-156.622548,64.663113],[-156.694325,64.643988],[-156.772857,64.643988],[-156.782867,64.653388],[-156.776763,64.674669],[-156.755157,64.712917],[-156.787465,64.728054],[-156.828359,64.740261],[-156.870473,64.744818],[-156.93753,64.729682],[-156.971181,64.735134],[-157.001454,64.749091],[-157.022694,64.767524],[-157.027496,64.778144],[-157.028676,64.787909],[-157.031972,64.79796],[-157.043121,64.809149],[-157.057485,64.814887],[-157.114858,64.822781],[-157.242828,64.803331],[-157.283355,64.809149],[-157.310414,64.819159],[-157.333648,64.825222],[-157.35733,64.824001],[-157.385772,64.812567],[-157.416371,64.806342],[-157.445221,64.81627],[-157.495636,64.850124],[-157.530873,64.862372],[-157.716542,64.865668],[-157.79662,64.87519],[-157.868072,64.868435],[-157.890736,64.864447],[-157.91336,64.85753],[-157.932362,64.835883],[-157.962514,64.801378],[-157.983266,64.782782],[-158.051503,64.744981],[-158.133778,64.707384],[-158.148427,64.696153],[-158.165557,64.686103],[-158.252675,64.671739],[-158.27713,64.660427],[-158.294057,64.640692],[-158.316518,64.598985],[-158.330963,64.57921],[-158.347646,64.564643],[-158.367218,64.55683],[-158.409088,64.549628],[-158.428944,64.541815],[-158.437245,64.535264],[-158.468251,64.499579],[-158.483876,64.464871],[-158.504384,64.44127],[-158.529775,64.427314],[-158.587514,64.40766],[-158.60851,64.397325],[-158.640045,64.377061],[-158.694447,64.360785],[-158.706207,64.354804],[-158.71463,64.345771],[-158.717926,64.332587],[-158.71585,64.320624],[-158.689239,64.270941],[-158.683339,64.262885],[-158.674591,64.255072],[-158.658803,64.244493],[-158.651235,64.237901],[-158.647572,64.230821],[-158.633534,64.212836],[-158.634023,64.195624],[-158.643544,64.178738],[-158.740264,64.058702],[-158.744537,64.050727],[-158.751007,64.032091],[-158.764312,64.017157],[-158.786733,64.008083],[-158.881947,63.985297],[-158.928985,63.968044],[-158.937164,63.955105],[-158.951527,63.94599],[-159.009674,63.924872],[-159.023183,63.916205],[-159.02953,63.90644],[-159.155426,63.876085],[-159.185821,63.872911],[-159.195098,63.870307],[-159.209625,63.857367],[-159.210601,63.839179],[-159.207428,63.818915],[-159.209137,63.800238],[-159.213165,63.792182],[-159.218373,63.785102],[-159.224721,63.779405],[-159.231964,63.775499],[-159.296295,63.763251],[-159.316314,63.756293],[-159.334381,63.745958],[-159.349721,63.731024],[-159.35912,63.714952],[-159.374054,63.663642],[-159.381337,63.649197],[-159.391225,63.636908],[-159.444488,63.59516],[-159.467193,63.584662],[-159.47293,63.578477],[-159.476226,63.571479],[-159.482086,63.547878],[-159.494374,63.522813],[-159.496449,63.514268],[-159.480865,63.489529],[-159.44754,63.464423],[-159.422637,63.43769],[-159.432485,63.408067],[-159.448842,63.399278],[-159.51065,63.388251],[-159.600128,63.3546],[-159.606475,63.350206],[-159.612091,63.34101],[-159.611969,63.332343],[-159.610015,63.323554],[-159.610341,63.314032],[-159.621571,63.302191],[-159.642323,63.294623],[-159.682647,63.285346],[-159.698598,63.276801],[-159.711334,63.26496],[-159.720977,63.250352],[-159.727447,63.233425],[-159.729034,63.214911],[-159.72586,63.181423],[-159.73233,63.16413],[-159.752716,63.136298],[-159.761016,63.121202],[-159.764394,63.105333],[-159.760365,63.077216],[-159.761464,63.067979],[-159.766265,63.059109],[-159.773834,63.05154],[-159.782826,63.045356],[-159.79186,63.040717],[-159.812489,63.034003],[-159.903188,63.017401],[-159.949574,63.00019],[-159.972442,62.986843],[-160.003936,62.962348],[-160.029693,62.933417],[-160.046783,62.899685],[-160.052398,62.860297],[-160.061147,62.856391],[-160.066925,62.850531],[-160.070343,62.842963],[-160.071929,62.833604],[-160.070587,62.82213],[-160.061065,62.80329],[-160.05838,62.793321],[-160.063832,62.775824],[-160.090443,62.745958],[-160.095367,62.727851],[-160.132721,62.726833],[-160.144399,62.722927],[-160.153798,62.716335],[-160.162628,62.707465],[-160.170196,62.697537],[-160.176055,62.687527],[-160.179555,62.678534],[-160.181264,62.669379],[-160.18106,62.659857],[-160.178822,62.65001],[-160.164296,62.613308],[-160.163686,62.606065],[-160.173126,62.558376],[-160.1704,62.548651],[-160.159576,62.53974],[-160.129506,62.523057],[-160.120839,62.51614],[-160.116689,62.510565],[-160.110626,62.49787],[-160.107167,62.492621],[-160.103424,62.489529],[-160.077504,62.475775],[-160.053212,62.466742],[-160.035756,62.457709],[-160.020904,62.445746],[-160.017079,62.440863],[-160.008331,62.424628],[-159.995107,62.410427],[-159.991607,62.404486],[-159.986724,62.393337],[-159.967315,62.368435],[-159.963612,62.358588],[-159.962921,62.320868],[-159.964141,62.313422],[-159.971099,62.293484],[-159.972646,62.286566],[-159.966298,62.262152],[-159.945546,62.249945],[-159.786163,62.236151],[-159.751495,62.227403],[-159.72411,62.20543],[-159.722686,62.174831],[-159.738149,62.142646],[-159.761383,62.116319],[-159.801666,62.09337],[-159.846344,62.084581],[-159.960927,62.077501],[-159.982086,62.071967],[-160.001861,62.063056],[-160.019399,62.049994],[-160.030914,62.0362],[-160.057159,61.989325],[-160.08609,61.959337],[-160.123158,61.942979],[-160.164296,61.935614],[-160.405304,61.922431],[-160.52831,61.92182],[-160.611846,61.935411],[-160.714874,61.94245],[-160.953887,61.93769],[-160.974477,61.933865],[-161.053741,61.90587],[-161.124501,61.88996],[-161.143178,61.881049],[-161.152862,61.878363],[-161.191884,61.877712],[-161.292022,61.853054],[-161.316558,61.843085],[-161.345123,61.825507],[-161.359242,61.805935],[-161.340199,61.789862],[-161.338979,61.784491],[-161.327179,61.771023],[-161.319569,61.757595],[-161.319122,61.743516],[-161.328643,61.728461],[-161.393422,61.671739],[-161.428253,61.649237],[-161.467559,61.641913],[-161.551381,61.636501],[-161.632314,61.620429],[-161.722686,61.620958],[-161.803578,61.6081],[-161.82311,61.60224],[-161.825551,61.60102],[-161.876861,61.576036],[-161.914296,61.565009],[-161.952016,61.567328],[-161.975209,61.586127],[-161.96935,61.624579],[-161.961456,61.640448],[-161.956654,61.655463],[-161.957509,61.670233],[-161.966583,61.685614],[-162.049916,61.766547],[-162.120269,61.819607],[-162.137074,61.83629],[-162.150502,61.856553],[-162.166046,61.892849],[-162.176015,61.909206],[-162.190785,61.922716],[-162.209381,61.931586],[-162.229888,61.93655],[-162.271637,61.938422],[-162.384307,61.919949],[-162.406117,61.919216],[-162.425201,61.924913],[-162.437408,61.941352],[-162.443715,61.979356],[-162.449859,61.996405],[-162.464833,62.009833],[-162.484405,62.016547],[-162.505727,62.018012],[-162.527008,62.015326],[-162.656484,61.97366],[-162.665313,61.966742],[-162.671539,61.957465],[-162.683013,61.920966],[-162.689971,61.912177],[-162.70226,61.906317],[-162.730214,61.903428],[-162.754058,61.909247],[-162.775868,61.92121],[-162.79776,61.936794],[-162.823842,61.949774],[-162.851552,61.953437],[-162.879425,61.948676],[-162.906158,61.936591],[-162.949371,61.910915],[-162.972401,61.902411],[-162.998525,61.899848],[-163.063344,61.911933],[-163.130238,61.916042],[-163.154693,61.922146],[-163.176503,61.930528],[-163.195912,61.942694],[-163.235951,61.984931],[-163.241689,61.994656],[-163.2506,62.019802],[-163.256988,62.030626],[-163.268178,62.039171],[-163.286285,62.044623],[-163.344512,62.045478],[-163.406361,62.0574],[-163.46935,62.082302],[-163.482777,62.084662],[-163.494496,62.084337],[-163.556304,62.075751],[-163.698761,62.086208],[-163.849273,62.09748],[-163.879058,62.108181],[-163.905181,62.127956],[-163.964874,62.184272],[-163.974355,62.196397],[-163.977691,62.209906],[-163.971303,62.224636],[-163.957916,62.237616],[-163.943959,62.248562],[-163.931427,62.260769],[-163.922515,62.277696],[-163.910024,62.312445],[-163.90038,62.326443],[-163.869537,62.35163],[-163.858754,62.363552],[-163.852895,62.378038],[-163.853179,62.43419],[-163.850453,62.455919],[-163.851552,62.462836],[-163.861358,62.475938],[-163.909088,62.504218],[-163.920806,62.518134],[-163.937489,62.549669],[-163.948394,62.563829],[-163.966217,62.576443],[-164.028472,62.600165],[-164.057891,62.621283],[-164.106679,62.675727],[-164.135243,62.69831],[-164.156158,62.707343],[-164.17809,62.712348],[-164.387074,62.730902],[-164.452789,62.748399],[-164.481679,62.745307]],[[-152.046335,65.165758],[-152.047841,65.165351]],[[-152.041005,65.165351],[-152.046335,65.165758]],[[-138.431874,62.811021],[-138.43692,62.814805],[-138.448232,62.825751],[-138.461781,62.833319],[-138.478871,62.835964],[-138.548085,62.834744],[-138.563344,62.837673],[-138.650543,62.876654],[-138.675689,62.883816],[-138.706899,62.888007],[-138.803578,62.88581],[-138.819447,62.888861],[-138.864654,62.902899],[-138.912506,62.904608],[-139.020497,62.923204],[-139.159047,62.926825],[-139.176015,62.931505],[-139.238393,62.962999],[-139.286895,62.972724],[-139.362904,62.986843],[-139.430938,63.00141],[-139.495758,63.014431],[-139.515736,63.026068],[-139.522817,63.040147],[-139.516469,63.050645],[-139.506093,63.060248],[-139.5006,63.071845],[-139.510243,63.107245],[-139.533111,63.134141],[-139.56017,63.158067],[-139.58255,63.18476],[-139.580596,63.206326],[-139.568389,63.227484],[-139.519154,63.252387],[-139.463857,63.270697],[-139.431752,63.294013],[-139.436269,63.315538],[-139.459462,63.333075],[-139.490264,63.344916],[-139.517974,63.349229],[-139.526112,63.352118],[-139.533437,63.358954],[-139.545033,63.37287],[-139.555043,63.379747],[-139.715443,63.464179],[-139.740224,63.500067],[-139.74767,63.541042],[-139.759063,63.565945],[-139.76183,63.600531],[-139.761016,63.612006],[-139.757314,63.6199],[-139.755523,63.62873],[-139.762115,63.639268],[-139.770741,63.649604],[-139.774932,63.657742],[-139.765126,63.680365],[-139.722564,63.705024],[-139.712921,63.722968],[-139.720855,63.743476],[-139.73644,63.760281],[-139.74706,63.776435],[-139.740224,63.794949],[-139.75296,63.818305],[-139.753814,63.831855],[-139.725942,63.863145],[-139.738067,63.878445],[-139.73766,63.898749],[-139.728912,63.919298],[-139.716298,63.935167],[-139.711578,63.944119],[-139.709828,63.965888],[-139.702992,63.976142],[-139.68932,63.985053],[-139.611562,64.011501],[-139.54247,64.02558],[-139.507476,64.027655],[-139.484405,64.034613],[-139.46581,64.051459],[-139.454213,64.071845],[-139.45226,64.089708],[-139.473297,64.123887],[-139.494252,64.144232],[-139.506256,64.153022],[-139.521108,64.161444],[-139.54308,64.170762],[-139.551747,64.177598],[-139.559722,64.201687],[-139.570709,64.207628],[-139.58434,64.211778],[-139.596832,64.219428],[-139.600331,64.226752],[-139.604115,64.245673],[-139.609853,64.254218],[-139.625478,64.261176],[-139.645863,64.262559],[-139.685577,64.260443],[-139.760406,64.267035],[-139.798248,64.275662],[-139.829579,64.288398],[-139.853179,64.310126],[-139.863067,64.315009],[-139.880401,64.315294],[-139.911,64.304633],[-139.925811,64.301378],[-139.946156,64.304145],[-139.952789,64.312364],[-139.954457,64.32213],[-139.95995,64.329372],[-139.976186,64.332546],[-140.032745,64.330146],[-140.106068,64.332099],[-140.168609,64.339464],[-140.25182,64.357123],[-140.337921,64.378526],[-140.447377,64.39057],[-140.519399,64.402899],[-140.532745,64.418036],[-140.521026,64.44599],[-140.503936,64.460883],[-140.461415,64.482245],[-140.442535,64.496894],[-140.438466,64.507188],[-140.439971,64.519721],[-140.446278,64.530341],[-140.456451,64.534735],[-140.51004,64.532253],[-140.521026,64.52794],[-140.557362,64.516181],[-140.578114,64.513373],[-140.593373,64.518012],[-140.605011,64.530707],[-140.607411,64.538926],[-140.605336,64.546983],[-140.603627,64.558946],[-140.621002,64.572577],[-140.704457,64.559678],[-140.733306,64.569525],[-140.720082,64.588324],[-140.705352,64.603949],[-140.701568,64.617621],[-140.720937,64.630968],[-140.754018,64.633328],[-140.820424,64.6164],[-140.850616,64.624132],[-140.895009,64.654853],[-140.898061,64.660509],[-140.899037,64.667589],[-140.898427,64.682196],[-140.904775,64.687323],[-140.91922,64.690253],[-141.00829,64.69245],[-141.042104,64.704779],[-141.052968,64.706732],[-141.067494,64.71365],[-141.066396,64.729682],[-141.059438,64.747911],[-141.056671,64.761298],[-141.086903,64.780951],[-141.186676,64.792833],[-141.200063,64.815945],[-141.181182,64.837104],[-141.121693,64.864081],[-141.103871,64.884223],[-141.153228,64.894843],[-141.203481,64.898505],[-141.208119,64.904893],[-141.203887,64.919135],[-141.193267,64.93948],[-141.188954,64.945665],[-141.182607,64.952338],[-141.181508,64.95779],[-141.192983,64.959988],[-141.217519,64.960801],[-141.229848,64.959988],[-141.259918,64.951239],[-141.302764,64.945258],[-141.319569,64.936062],[-141.335683,64.929755],[-141.356353,64.932318],[-141.375111,64.940985],[-141.38504,64.953152],[-141.383453,64.967841],[-141.373769,64.978339],[-141.362904,64.987372],[-141.357777,64.997504],[-141.358429,65.010606],[-141.360463,65.02204],[-141.363881,65.03205],[-141.36856,65.040717],[-141.376454,65.050564],[-141.386342,65.059394],[-141.41161,65.076199],[-141.407257,65.092719],[-141.416412,65.101142],[-141.432403,65.104275],[-141.471669,65.107449],[-141.515289,65.120876],[-141.578603,65.150946],[-141.594838,65.153673],[-141.617909,65.152899],[-141.625234,65.153754],[-141.632558,65.156562],[-141.646392,65.164903],[-141.653554,65.168036],[-141.689443,65.178738],[-141.744659,65.204047],[-141.774892,65.214057],[-141.805165,65.215522],[-141.866567,65.208441],[-141.884511,65.210801],[-141.898427,65.219672],[-141.92394,65.243272],[-141.970245,65.265326],[-141.984242,65.275824],[-141.991973,65.287177],[-142.004506,65.313341],[-142.012441,65.321885],[-142.041371,65.330146],[-142.051747,65.331326],[-142.083282,65.330146],[-142.191884,65.347764],[-142.23941,65.349148],[-142.323232,65.344265],[-142.407379,65.354031],[-142.451202,65.347724],[-142.465443,65.348578],[-142.481842,65.355536],[-142.51122,65.378974],[-142.526723,65.388739],[-142.553375,65.398464],[-142.583038,65.404731],[-142.613189,65.40644],[-142.641265,65.402452],[-142.662628,65.394721],[-142.725453,65.363959],[-142.743153,65.358466],[-142.779652,65.352607],[-142.829945,65.350043],[-142.953969,65.37405],[-143.031036,65.381212],[-143.099965,65.378119],[-143.165273,65.384589],[-143.265614,65.380439],[-143.287628,65.382351],[-143.311025,65.380439],[-143.354237,65.364285],[-143.376576,65.361436],[-143.430043,65.36933],[-143.506093,65.394599],[-143.52953,65.405585],[-143.557647,65.428819],[-143.567657,65.432318],[-143.585927,65.434516],[-143.621816,65.444363],[-143.659657,65.448594],[-143.666005,65.454291],[-143.667836,65.462958],[-143.71231,65.53087],[-143.711049,65.541531],[-143.737945,65.547471],[-143.810699,65.589952],[-143.848541,65.597724],[-143.978912,65.589952],[-143.991729,65.592108],[-144.001983,65.597602],[-144.021352,65.612128],[-144.064361,65.629462],[-144.078277,65.63699],[-144.090484,65.647162],[-144.116241,65.67654],[-144.123687,65.690212],[-144.118764,65.723212],[-144.089019,65.7508],[-144.018463,65.789862],[-144.0183,65.798041],[-144.021596,65.804877],[-144.025909,65.811387],[-144.028798,65.818712],[-144.027333,65.829698],[-144.020741,65.836127],[-144.012115,65.841173],[-144.004425,65.848253],[-144.000844,65.857204],[-144.001576,65.865668],[-144.00536,65.873847],[-144.022572,65.895453],[-144.063954,65.932563],[-144.159291,65.962958],[-144.173818,65.977607],[-144.172719,65.98664],[-144.167999,66.001573],[-144.166982,66.011339],[-144.175201,66.019151],[-144.194081,66.024359],[-144.3037,66.0362],[-144.342193,66.04621],[-144.358754,66.066677],[-144.366119,66.087592],[-144.384185,66.103705],[-144.427642,66.124335],[-144.492421,66.137966],[-144.524037,66.149359],[-144.537506,66.169379],[-144.542633,66.181098],[-144.555206,66.184882],[-144.570709,66.185818],[-144.584991,66.189521],[-144.653106,66.221788],[-144.66039,66.227362],[-144.66275,66.230658],[-144.665639,66.23782],[-144.667836,66.241034],[-144.685292,66.258734],[-144.696767,66.265652],[-144.723297,66.270331],[-144.733632,66.275662],[-144.752919,66.292589],[-144.765736,66.300482],[-144.811269,66.309353],[-144.829701,66.323513],[-144.863311,66.363145],[-144.892364,66.375515],[-144.89269,66.384833],[-144.886952,66.402411],[-144.894805,66.411729],[-144.913075,66.415717],[-144.947784,66.419216],[-144.987172,66.436225],[-145.06017,66.44892],[-145.103017,66.471747],[-145.165924,66.485053],[-145.194814,66.49494],[-145.233266,66.51085],[-145.277333,66.53498],[-145.290435,66.546454],[-145.301055,66.566433],[-145.326894,66.578559],[-145.358551,66.584052],[-145.45287,66.58157],[-145.510487,66.579698],[-145.534779,66.582872],[-145.620269,66.592719],[-145.720815,66.607611],[-145.827097,66.610785]],[[-138.431874,62.811021],[-138.432403,62.811225]],[[-138.401723,62.800727],[-138.412628,62.803656],[-138.431874,62.811021]],[[-138.401723,62.800727],[-138.413116,62.801296],[-138.425649,62.806342],[-138.431874,62.811021]],[[-138.398183,62.800564],[-138.401723,62.800727]],[[-163.309356,62.043972],[-163.299916,62.021552],[-163.286,61.978787],[-163.276357,61.965766],[-163.227406,61.927802],[-163.219594,61.917182],[-163.217641,61.904731],[-163.224517,61.889431],[-163.239532,61.878445],[-163.27831,61.875678],[-163.29898,61.869493],[-163.279775,61.862128],[-163.279775,61.855821],[-163.288116,61.848985],[-163.303009,61.833848],[-163.313262,61.827948],[-163.329498,61.827012],[-163.366933,61.83454],[-163.378774,61.831651],[-163.404693,61.818427],[-163.441762,61.813788],[-163.511871,61.814968],[-163.577667,61.82921],[-163.613555,61.83279],[-163.642852,61.821112],[-163.64627,61.813544],[-163.648183,61.792344],[-163.652455,61.783555],[-163.663319,61.781602],[-163.717926,61.786973],[-163.714833,61.783149],[-163.712636,61.779731],[-163.709747,61.776475],[-163.704335,61.773301],[-163.704335,61.766547],[-163.735341,61.766547],[-163.741933,61.768866],[-163.743153,61.773993],[-163.741241,61.778754],[-163.738433,61.780137],[-163.756622,61.789252],[-163.767486,61.792182],[-163.782826,61.793158],[-163.793324,61.795478],[-163.815338,61.805243],[-163.827504,61.80744],[-163.889272,61.80744],[-163.853627,61.818427],[-163.836944,61.826768],[-163.837758,61.838487],[-163.850819,61.849433],[-163.86795,61.859442],[-163.882843,61.860541],[-163.889272,61.845038],[-163.907135,61.828681],[-163.947296,61.824774],[-163.989288,61.831855],[-164.012807,61.848456],[-164.006866,61.849921],[-163.997589,61.854315],[-163.991689,61.855821],[-163.997589,61.863634],[-164.001495,61.871121],[-164.002431,61.877712],[-163.999135,61.883165],[-164.00829,61.890245],[-164.020375,61.905951],[-164.026397,61.909857],[-164.038808,61.910183],[-164.051259,61.90705],[-164.073598,61.896837],[-164.089467,61.887519],[-164.108632,61.872748],[-164.122345,61.856269],[-164.12206,61.84162],[-164.132598,61.83572],[-164.146718,61.820746],[-164.156158,61.814968],[-164.17162,61.812323],[-164.203847,61.812608],[-164.218251,61.80744],[-164.226918,61.797431],[-164.226715,61.790229],[-164.230824,61.784776],[-164.267568,61.778184],[-164.282135,61.777859],[-164.296417,61.781073],[-164.310414,61.790107],[-164.33373,61.800605],[-164.363922,61.801825],[-164.392974,61.795518],[-164.413116,61.783555],[-164.422719,61.775743],[-164.444447,61.764106],[-164.454376,61.755927],[-164.469716,61.747748],[-164.592071,61.723904],[-164.62503,61.721991],[-164.648956,61.732367],[-164.653472,61.75198],[-164.624989,61.753485],[-164.587392,61.748603],[-164.564239,61.749091],[-164.561147,61.767157],[-164.589996,61.774848],[-164.628936,61.77497],[-164.690338,61.760199],[-164.807281,61.759711],[-164.792877,61.748847],[-164.786773,61.746039],[-164.8096,61.73078],[-164.892242,61.69835],[-164.903472,61.67711],[-164.890777,61.668036],[-164.868153,61.661689],[-164.813344,61.653632],[-164.779449,61.637071],[-164.766347,61.62873]],[[-134.915517,61.567898],[-134.890126,61.60456],[-134.864735,61.625841],[-134.855214,61.648546],[-134.877349,61.689643],[-134.954498,61.766913],[-134.976308,61.795722],[-134.983998,61.827582],[-134.965688,61.841661],[-134.940745,61.853054],[-134.928822,61.876654],[-134.935943,61.894965],[-134.95226,61.911444],[-134.972401,61.924018],[-134.990549,61.930447],[-135.014638,61.932807],[-135.087514,61.930365],[-135.09439,61.929023],[-135.106516,61.924018],[-135.114247,61.92414],[-135.119374,61.927924],[-135.123769,61.934597],[-135.128529,61.944037],[-135.145985,61.946601],[-135.204213,61.944037],[-135.232289,61.948676],[-135.285797,61.971015],[-135.313466,61.978787],[-135.441518,61.992133],[-135.504791,62.006171],[-135.560536,62.034003],[-135.561269,62.037787],[-135.559641,62.05036],[-135.560536,62.0539],[-135.567942,62.05683],[-135.614735,62.062852],[-135.676584,62.061347],[-135.706776,62.057318],[-135.779612,62.026557],[-135.810943,62.024359],[-135.887441,62.037706],[-135.916819,62.047675],[-135.920806,62.051622],[-135.929189,62.065375],[-135.929799,62.068183],[-135.937571,62.067654],[-135.95287,62.062323],[-135.957753,62.061347],[-135.985015,62.061347],[-135.991567,62.06391],[-136.004384,62.073025],[-136.023101,62.07807],[-136.041127,62.091742],[-136.057037,62.094835],[-136.121938,62.094835],[-136.134836,62.099677],[-136.147857,62.118679],[-136.156361,62.119696],[-136.182281,62.109198],[-136.196645,62.107449],[-136.207875,62.11286],[-136.215891,62.122097],[-136.222768,62.127143],[-136.232411,62.129218],[-136.248891,62.129584],[-136.257721,62.12641],[-136.261586,62.11933],[-136.266835,62.11225],[-136.279612,62.109158],[-136.288686,62.112982],[-136.304921,62.132025],[-136.31371,62.139512],[-136.331776,62.145779],[-136.37092,62.151679],[-136.38976,62.157538],[-136.369008,62.166612],[-136.358998,62.17768],[-136.355824,62.193061],[-136.35558,62.214952],[-136.345448,62.231635],[-136.341135,62.2414],[-136.344716,62.245673],[-136.355336,62.249132],[-136.383901,62.266384],[-136.38976,62.273017],[-136.350657,62.299506],[-136.341786,62.314724],[-136.375803,62.321397],[-136.381418,62.325751],[-136.393625,62.344997],[-136.399648,62.349311],[-136.404693,62.350531],[-136.423573,62.358954],[-136.434967,62.361843],[-136.444203,62.360053],[-136.453236,62.35696],[-136.464223,62.355536],[-136.482737,62.356553],[-136.490387,62.358425],[-136.498931,62.362372],[-136.502349,62.365831],[-136.50357,62.370185],[-136.504262,62.374132],[-136.505849,62.376654],[-136.532826,62.390001],[-136.54898,62.394721],[-136.598215,62.401068],[-136.621693,62.412624],[-136.663442,62.444892],[-136.673573,62.450385],[-136.732818,62.473415],[-136.739166,62.478461],[-136.740305,62.483507],[-136.739084,62.490546],[-136.738759,62.496772],[-136.742299,62.499579],[-136.75593,62.506537],[-136.804555,62.545844],[-136.85261,62.584662],[-136.876536,62.598904],[-136.903676,62.609442],[-136.978831,62.629218],[-137.026967,62.648301],[-137.071604,62.657335],[-137.13858,62.685574],[-137.206654,62.695624],[-137.242258,62.706407],[-137.275258,62.723415],[-137.294097,62.739081],[-137.308258,62.767524],[-137.326283,62.77379],[-137.350494,62.773871],[-137.454701,62.804307],[-137.484527,62.818549],[-137.499542,62.822292],[-137.518788,62.821397],[-137.554433,62.815131],[-137.574615,62.814805],[-137.633941,62.827216],[-137.721669,62.828966],[-137.754058,62.824978],[-137.817128,62.805772],[-137.847564,62.801947],[-137.878326,62.803005],[-137.941436,62.814561],[-138.038116,62.821234],[-138.147735,62.829698],[-138.201527,62.827175],[-138.356191,62.797431],[-138.376088,62.79682],[-138.394399,62.798774],[-138.401723,62.800727]]]}},{"type":"Feature","properties":{"dissolve":"61Lake Centerline","scalerank":3.0,"featurecla":"Lake Centerline","name":"Teslin","name_alt":null,"rivernum":61,"note":null,"min_zoom":3.0,"name_en":"Teslin","min_label":4.0},"bbox":[-133.244862,59.607123,-132.095367,60.448554],"geometry":{"type":"MultiLineString","coordinates":[[[-132.095367,59.607123],[-132.128163,59.617743],[-132.149159,59.629177],[-132.169789,59.664171],[-132.232289,59.792304],[-132.318267,59.869452],[-132.345204,59.911933],[-132.405263,59.993598],[-132.438385,60.025173],[-132.557037,60.074083],[-132.603831,60.095811],[-132.654937,60.114122],[-132.698842,60.135525],[-132.739491,60.160102],[-132.799713,60.180732],[-132.865549,60.200141],[-132.914133,60.229071],[-132.964955,60.266913],[-133.144399,60.38113],[-133.20519,60.428534],[-133.227366,60.440863],[-133.244862,60.448554]]]}},{"type":"Feature","properties":{"dissolve":"61River","scalerank":3.0,"featurecla":"River","name":"Teslin","name_alt":null,"rivernum":61,"note":null,"min_zoom":3.0,"name_en":"Teslin","min_label":4.0},"bbox":[-134.913319,59.066514,-131.208241,61.569688],"geometry":{"type":"MultiLineString","coordinates":[[[-133.244862,60.448554],[-133.289133,60.467393],[-133.374582,60.545274],[-133.420318,60.578396],[-133.543609,60.636257],[-133.563954,60.649237],[-133.597646,60.68004],[-133.637807,60.701483],[-133.6881,60.739569],[-133.703196,60.748481],[-133.797515,60.785915],[-133.897084,60.84394],[-133.98644,60.896918],[-134.079091,60.966417],[-134.231028,61.073798],[-134.23644,61.075873],[-134.25182,61.079047],[-134.25829,61.081244],[-134.259633,61.083523],[-134.260243,61.087185],[-134.261545,61.091132],[-134.264516,61.094306],[-134.28893,61.108181],[-134.298248,61.115098],[-134.309478,61.125596],[-134.320221,61.130316],[-134.335072,61.133653],[-134.348256,61.139757],[-134.361399,61.167589],[-134.378407,61.180243],[-134.496083,61.247911],[-134.510365,61.253852],[-134.561635,61.26378],[-134.605702,61.281277],[-134.636057,61.302354],[-134.652699,61.333523],[-134.655914,61.381049],[-134.646352,61.420722],[-134.645863,61.430732],[-134.657948,61.447943],[-134.675852,61.462226],[-134.686757,61.477891],[-134.677887,61.499335],[-134.689524,61.505439],[-134.703359,61.505072],[-134.730621,61.499864],[-134.765777,61.502468],[-134.78307,61.506619],[-134.885325,61.552191],[-134.913319,61.569688]],[[-131.208241,59.086982],[-131.264882,59.072374],[-131.454661,59.066514],[-131.513417,59.079047],[-131.627105,59.121894],[-131.688629,59.134792],[-131.808461,59.134792],[-131.827056,59.143093],[-131.836171,59.162665],[-131.842641,59.185574],[-131.853139,59.203681],[-131.897572,59.233181],[-131.911204,59.23786],[-131.921864,59.244208],[-131.944976,59.272325],[-131.959299,59.278754],[-131.964345,59.282416],[-131.967397,59.291083],[-131.970326,59.321112],[-131.973622,59.32685],[-131.986562,59.337104],[-131.992014,59.344591],[-131.996449,59.355007],[-131.99592,59.364203],[-131.977284,59.371365],[-131.970611,59.378363],[-131.968577,59.385443],[-131.97289,59.388617],[-131.987864,59.394599],[-132.031239,59.436387],[-132.056874,59.453803],[-132.064036,59.464626],[-132.077545,59.50141],[-132.078684,59.513251],[-132.070546,59.562771],[-132.072499,59.579047],[-132.079254,59.592597],[-132.095367,59.607123]]]}},{"type":"Feature","properties":{"dissolve":"629Lake Centerline","scalerank":7.0,"featurecla":"Lake Centerline","name":"Churchill","name_alt":null,"rivernum":629,"note":null,"min_zoom":6.0,"name_en":"Churchill","min_label":7.0},"bbox":[-107.80012,55.368679,-97.116444,57.405463],"geometry":{"type":"MultiLineString","coordinates":[[[-97.555776,57.394355],[-97.474233,57.405463],[-97.431508,57.398953],[-97.390492,57.387274],[-97.360504,57.376288],[-97.327056,57.360175],[-97.202545,57.335273],[-97.146148,57.330349],[-97.116444,57.332343]],[[-99.634023,56.646064],[-99.607655,56.656928],[-99.599965,56.671942],[-99.601918,56.689724],[-99.595448,56.726264],[-99.567983,56.753974],[-99.532053,56.758002],[-99.464101,56.778347],[-99.425649,56.792263],[-99.387115,56.814561],[-99.345326,56.832099],[-99.289866,56.832709],[-99.226674,56.844835],[-99.172109,56.875678],[-99.115834,56.893256],[-99.067983,56.90058],[-99.010487,56.898301],[-98.947987,56.882514],[-98.905507,56.880235],[-98.852895,56.891547],[-98.813059,56.91474],[-98.812123,56.968533],[-98.801381,57.003852],[-98.760081,57.006944],[-98.719594,57.020575],[-98.687611,57.047716],[-98.659047,57.07807],[-98.628774,57.106553],[-98.573313,57.11164],[-98.517893,57.099799],[-98.488678,57.104356],[-98.461252,57.115668],[-98.417104,57.117051],[-98.372955,57.113389],[-98.334462,57.120714],[-98.29601,57.138292],[-98.282704,57.172227],[-98.284657,57.212999],[-98.275299,57.246121],[-98.242787,57.321397],[-98.221303,57.339789],[-98.186187,57.35224],[-98.081166,57.365302],[-98.040151,57.376044],[-98.009755,57.37995],[-97.988352,57.376776]],[[-100.378245,56.178005],[-100.378245,56.178046],[-100.408193,56.192003],[-100.468495,56.239569],[-100.4829,56.262274],[-100.468495,56.279812],[-100.421742,56.293891],[-100.353871,56.32331],[-100.328359,56.343451],[-100.3131,56.368598],[-100.289296,56.387559],[-100.245188,56.404853],[-100.181793,56.416124],[-100.155141,56.431179],[-100.118398,56.447862],[-100.0808,56.460801],[-100.061838,56.470486],[-100.038645,56.486518],[-100.023997,56.495795],[-100.023427,56.495876],[-100.022776,56.495876]],[[-107.704091,55.955634],[-107.690175,55.96072],[-107.672515,55.972357],[-107.669097,55.985134],[-107.669423,55.991278],[-107.669057,55.991523],[-107.668772,55.991807]],[[-106.946523,55.819892],[-106.967397,55.814643],[-106.989817,55.813503],[-107.013539,55.815009],[-107.034495,55.822211],[-107.043609,55.839871],[-107.051869,55.851996],[-107.061106,55.86046],[-107.066558,55.866278]],[[-100.734934,55.763861],[-100.712799,55.763699],[-100.711293,55.763861],[-100.587026,55.764187],[-100.556752,55.767361],[-100.521392,55.775499],[-100.491933,55.78795],[-100.469309,55.820746],[-100.444407,55.849636],[-100.42634,55.868272],[-100.417836,55.903103],[-100.412709,55.936225],[-100.42516,55.962266],[-100.457997,55.988227],[-100.482655,56.012315],[-100.491933,56.038113],[-100.493316,56.064399],[-100.49649,56.099189],[-100.495269,56.130927],[-100.487294,56.138739]],[[-106.14859,55.763861],[-106.148549,55.763861],[-106.139638,55.757758],[-106.12328,55.745185],[-106.102203,55.736355],[-106.073638,55.726589],[-106.045888,55.71894],[-105.994618,55.709052],[-105.98412,55.708564]],[[-102.061391,55.717475],[-102.044342,55.716498],[-102.008697,55.718858],[-101.900054,55.734727],[-101.853383,55.739285],[-101.805002,55.750596],[-101.721262,55.777696],[-101.618967,55.776882]],[[-106.553049,55.699815],[-106.519276,55.678168],[-106.49649,55.683173],[-106.444203,55.705512],[-106.424957,55.719102],[-106.394195,55.73078],[-106.365346,55.737738],[-106.310699,55.757636],[-106.272288,55.769965]],[[-104.543324,55.427191],[-104.544016,55.427314],[-104.544667,55.427436],[-104.552561,55.43655],[-104.539296,55.456366],[-104.525868,55.464464],[-104.506215,55.471259],[-104.489003,55.488227],[-104.478098,55.507636],[-104.48526,55.521552],[-104.501291,55.534206],[-104.515533,55.552354],[-104.531077,55.570624],[-104.56725,55.574327],[-104.607167,55.575548],[-104.635732,55.590888],[-104.683705,55.623969],[-104.700551,55.634589]],[[-104.486643,55.426337],[-104.483266,55.427436],[-104.370473,55.424913],[-104.294301,55.429877],[-104.2447,55.413275],[-104.193349,55.401801],[-104.176422,55.40119],[-104.151967,55.401801],[-104.12385,55.400702],[-104.116038,55.401313],[-104.106597,55.400092]],[[-107.738271,55.407253],[-107.740387,55.408311],[-107.76065,55.423692],[-107.789215,55.439805],[-107.791331,55.443793],[-107.80012,55.460476],[-107.794179,55.470893],[-107.776519,55.486518],[-107.756947,55.49197],[-107.746205,55.505886],[-107.746978,55.513048],[-107.746205,55.525173],[-107.737701,55.601833],[-107.730865,55.630968],[-107.721588,55.654893],[-107.708567,55.680609],[-107.701405,55.711046],[-107.699859,55.741482],[-107.708648,55.768012],[-107.725942,55.793647],[-107.737864,55.817206],[-107.743276,55.837022],[-107.745269,55.860622],[-107.744496,55.887966],[-107.738393,55.922187],[-107.738271,55.922431],[-107.738108,55.922553]],[[-103.83552,55.374132],[-103.832143,55.372829],[-103.821604,55.37405],[-103.80606,55.375312],[-103.79304,55.377753],[-103.771352,55.380235],[-103.721506,55.373155],[-103.670318,55.368679],[-103.637441,55.375515],[-103.605784,55.383572],[-103.571604,55.397081],[-103.551015,55.406928],[-103.550933,55.406928]]]}},{"type":"Feature","properties":{"dissolve":"629River","scalerank":7.0,"featurecla":"River","name":"Churchill","name_alt":null,"rivernum":629,"note":null,"min_zoom":6.0,"name_en":"Churchill","min_label":7.0},"bbox":[-107.738393,55.372829,-94.361684,58.223009],"geometry":{"type":"MultiLineString","coordinates":[[[-97.98648,57.376329],[-97.94811,57.363308],[-97.931874,57.360216],[-97.915924,57.36164],[-97.852691,57.381374],[-97.81725,57.414252],[-97.798451,57.421698],[-97.784535,57.418524],[-97.762278,57.404364],[-97.75064,57.40119],[-97.735097,57.404242],[-97.700673,57.417914],[-97.684804,57.421698],[-97.667104,57.420233],[-97.635243,57.410427],[-97.569936,57.399766],[-97.555776,57.394355]],[[-97.116322,57.332343],[-97.090891,57.340766],[-97.065663,57.339057],[-97.042551,57.329779],[-97.023793,57.315538],[-97.015492,57.304023],[-97.015981,57.296251],[-97.019439,57.288682],[-97.02009,57.277655],[-97.016754,57.26496],[-97.012603,57.256456],[-97.000234,57.23668],[-96.931956,57.209418],[-96.823354,57.231879],[-96.802846,57.240912],[-96.791086,57.242947],[-96.783925,57.239447],[-96.759389,57.216254],[-96.732981,57.204291],[-96.67748,57.186103],[-96.654164,57.171576],[-96.630523,57.160915],[-96.599762,57.159206],[-96.540924,57.168484],[-96.461293,57.195095],[-96.406239,57.186225],[-96.390207,57.181586],[-96.38329,57.171576],[-96.379303,57.164252],[-96.369985,57.158026],[-96.34911,57.147976],[-96.299387,57.134101],[-96.24828,57.139512],[-96.196034,57.150824],[-96.143056,57.154812],[-96.113149,57.149034],[-96.062245,57.131293],[-96.036936,57.127468],[-96.022817,57.128038],[-96.010569,57.130398],[-95.999501,57.135565],[-95.989125,57.144558],[-95.981557,57.154975],[-95.983469,57.159003],[-95.989003,57.163398],[-95.992258,57.174628],[-95.990305,57.179999],[-95.985911,57.18537],[-95.981353,57.188788],[-95.979156,57.1883],[-95.985992,57.209418],[-95.985911,57.218451],[-95.986643,57.224555],[-95.984527,57.23074],[-95.96703,57.250027],[-95.96345,57.257839],[-95.957265,57.262885],[-95.941029,57.264675],[-95.928538,57.267768],[-95.920644,57.275214],[-95.910268,57.291327],[-95.89037,57.307807],[-95.869537,57.318305],[-95.845855,57.323839],[-95.792633,57.327826],[-95.770863,57.33393],[-95.701812,57.365058],[-95.688344,57.37873],[-95.692494,57.389757],[-95.744985,57.400092],[-95.731597,57.413153],[-95.639394,57.450995],[-95.557932,57.459499],[-95.534291,57.467353],[-95.451772,57.512478],[-95.430084,57.520819],[-95.40689,57.524115],[-95.386057,57.518866],[-95.371409,57.51081],[-95.358225,57.511298],[-95.341705,57.531562],[-95.334706,57.554877],[-95.346059,57.564805],[-95.368967,57.56684],[-95.396637,57.56627],[-95.424062,57.568874],[-95.443715,57.577704],[-95.455312,57.594509],[-95.458404,57.620917],[-95.457021,57.642401],[-95.455068,57.651923],[-95.451568,57.661933],[-95.427561,57.690375],[-95.423695,57.699408],[-95.435618,57.720038],[-95.477528,57.73786],[-95.472076,57.758083],[-95.454172,57.768866],[-95.401235,57.789374],[-95.390207,57.801825],[-95.382314,57.822292],[-95.362375,57.827745],[-95.307607,57.825751],[-95.28246,57.829779],[-95.271108,57.833564],[-95.229115,57.858344],[-95.213775,57.869818],[-94.98412,57.970323],[-94.799387,58.087836],[-94.67394,58.130316],[-94.649037,58.134833],[-94.595326,58.137274],[-94.572255,58.143134],[-94.550038,58.158759],[-94.508046,58.170233],[-94.437245,58.179796],[-94.375844,58.194892],[-94.361684,58.223009]],[[-100.023997,56.495795],[-99.999094,56.497016],[-99.974721,56.499864],[-99.952748,56.508734],[-99.888783,56.561225],[-99.863596,56.573798],[-99.812367,56.585517],[-99.768137,56.617011],[-99.7412,56.626532],[-99.634023,56.646064]],[[-100.487294,56.138739],[-100.371816,56.158555],[-100.378245,56.178046]],[[-107.669423,55.991278],[-107.65453,56.003363],[-107.636342,56.009589],[-107.594146,56.017035],[-107.55248,56.034735],[-107.530751,56.038153],[-107.508778,56.027615],[-107.475006,55.984076],[-107.456939,55.969306],[-107.447825,55.964219],[-107.437856,55.960232],[-107.416615,55.955634],[-107.401235,55.956651],[-107.37682,55.966824],[-107.364817,55.969306],[-107.312245,55.971747],[-107.289133,55.963202],[-107.27359,55.92418],[-107.260121,55.922309],[-107.234486,55.92829],[-107.221547,55.924628],[-107.216542,55.915595],[-107.214508,55.904079],[-107.210561,55.89289],[-107.189036,55.871121],[-107.174224,55.876247],[-107.159576,55.891547],[-107.138539,55.900336],[-107.122304,55.896348],[-107.080149,55.875556],[-107.066558,55.866278]],[[-107.704091,55.955634],[-107.738393,55.922187]],[[-106.946523,55.819892],[-106.864247,55.851589],[-106.820383,55.858832],[-106.782297,55.841986],[-106.764719,55.825303],[-106.75593,55.813422],[-106.759389,55.801052],[-106.778554,55.783026],[-106.824452,55.759467],[-106.845326,55.744696],[-106.847483,55.729071],[-106.832346,55.725409],[-106.808339,55.731879],[-106.784169,55.742987],[-106.757476,55.759345],[-106.752675,55.755154],[-106.754018,55.7449],[-106.766835,55.722602],[-106.76183,55.717393],[-106.751576,55.715644],[-106.665395,55.717719],[-106.617177,55.72838],[-106.593984,55.729071],[-106.573883,55.721218],[-106.553049,55.699815]],[[-101.618764,55.776882],[-101.487701,55.785509],[-101.389027,55.809027],[-101.364003,55.810858],[-101.340566,55.806952],[-101.320872,55.793972],[-101.31843,55.786241],[-101.317738,55.752997],[-101.313832,55.75141],[-101.30606,55.737616],[-101.303456,55.722846],[-101.283844,55.712185],[-101.255727,55.705512],[-100.984731,55.694892],[-100.928822,55.700141],[-100.734934,55.763861]],[[-106.272084,55.770046],[-106.248891,55.777411],[-106.19811,55.786078],[-106.182688,55.790473],[-106.156728,55.772895],[-106.148549,55.763861]],[[-102.061391,55.717475],[-102.103505,55.723904],[-102.138783,55.722724],[-102.163604,55.711493]],[[-102.163604,55.711493],[-102.149037,55.736762],[-102.125885,55.756415]],[[-102.163604,55.711493],[-102.164133,55.711249]],[[-105.98412,55.708564],[-105.975942,55.716254],[-105.948842,55.721788],[-105.895741,55.749945],[-105.864003,55.756415],[-105.846547,55.751776],[-105.843861,55.740546],[-105.846995,55.727078],[-105.846913,55.715399],[-105.836415,55.705512],[-105.804433,55.694525],[-105.791656,55.688096],[-105.811147,55.677924],[-105.826405,55.667589],[-105.805491,55.657579],[-105.743276,55.642524],[-105.730214,55.636298],[-105.717356,55.62641],[-105.687856,55.6258],[-105.521352,55.640733],[-105.465647,55.633612],[-105.414906,55.612982],[-105.374867,55.590359],[-105.351226,55.581651],[-105.325836,55.578233],[-105.313588,55.580593],[-105.307485,55.587104],[-105.305287,55.596951],[-105.305043,55.609239],[-105.301096,55.618109],[-105.291656,55.623969],[-105.271555,55.63288],[-105.23644,55.664374],[-105.216908,55.676825],[-105.192698,55.681912],[-105.167226,55.675849],[-105.120351,55.65058],[-105.093373,55.646552],[-105.069081,55.653388],[-105.026682,55.676825],[-104.897572,55.701117],[-104.835764,55.701117],[-104.804351,55.697455],[-104.778066,55.688096],[-104.762441,55.675849],[-104.747792,55.661566],[-104.731109,55.648464],[-104.701527,55.635118]],[[-104.544667,55.427436],[-104.513254,55.422797],[-104.49828,55.422471],[-104.483266,55.427436]],[[-103.551015,55.406928],[-103.535797,55.414333],[-103.503285,55.438544],[-103.482737,55.447862],[-103.407704,55.454942],[-103.386545,55.462185],[-103.376129,55.471544],[-103.369944,55.482367],[-103.365224,55.493354],[-103.359202,55.503119],[-103.352366,55.508368],[-103.306142,55.534491],[-103.131012,55.584906],[-103.118886,55.586493],[-103.105946,55.585069],[-103.096425,55.580512],[-103.085561,55.568305],[-103.077992,55.564561],[-103.055328,55.563015],[-102.975575,55.572048],[-102.937611,55.586005],[-102.922353,55.588568],[-102.914174,55.578233],[-102.888254,55.590644],[-102.867909,55.594265],[-102.735422,55.591905],[-102.730214,55.59455],[-102.726389,55.599718],[-102.721995,55.604356],[-102.714915,55.605536],[-102.708892,55.603095],[-102.700307,55.594835],[-102.695058,55.591905],[-102.693349,55.589545],[-102.692738,55.585517],[-102.689849,55.581244],[-102.681386,55.578233],[-102.675445,55.578803],[-102.668324,55.581407],[-102.634836,55.601752],[-102.611562,55.602566],[-102.591176,55.592108],[-102.577748,55.572048],[-102.580068,55.541327],[-102.577748,55.530463],[-102.570058,55.520209],[-102.562001,55.516791],[-102.552398,55.514228],[-102.540191,55.506212],[-102.51122,55.475287],[-102.493031,55.466091],[-102.467885,55.46837],[-102.450551,55.479804],[-102.422475,55.510525],[-102.403635,55.516791],[-102.381174,55.520819],[-102.270579,55.566514],[-102.244944,55.58865],[-102.200999,55.646552],[-102.163808,55.711127],[-102.163604,55.711493]],[[-104.106516,55.400092],[-104.037343,55.414903],[-103.965688,55.412787],[-103.895863,55.397528],[-103.832143,55.372829]]]}},{"type":"Feature","properties":{"dissolve":"645Lake Centerline","scalerank":8.0,"featurecla":"Lake Centerline","name":"Limay","name_alt":null,"rivernum":645,"note":null,"min_zoom":7.0,"name_en":"Limay","min_label":8.0},"bbox":[-69.312815,-39.656101,-68.760569,-39.266453],"geometry":{"type":"MultiLineString","coordinates":[[[-69.312815,-39.656101],[-69.310699,-39.651381],[-69.30427,-39.641453],[-69.282053,-39.614679],[-69.265289,-39.598484],[-69.244578,-39.585626],[-69.211374,-39.570977],[-69.189605,-39.564874],[-69.184193,-39.562514],[-69.135569,-39.535007],[-69.121327,-39.529474],[-69.109853,-39.526707],[-69.079823,-39.526788],[-69.051869,-39.524347],[-69.045766,-39.522638],[-69.019846,-39.509942],[-68.973012,-39.493666],[-68.96231,-39.488702],[-68.953765,-39.480808],[-68.943023,-39.468194],[-68.904856,-39.413425],[-68.898549,-39.407403],[-68.887359,-39.399428],[-68.835317,-39.374444],[-68.83023,-39.368097],[-68.825103,-39.358738],[-68.809071,-39.307631],[-68.797841,-39.293471],[-68.776763,-39.281752],[-68.760569,-39.266453]]]}},{"type":"Feature","properties":{"dissolve":"645River","scalerank":8.0,"featurecla":"River","name":"Limay","name_alt":null,"rivernum":645,"note":null,"min_zoom":7.0,"name_en":"Limay","min_label":8.0},"bbox":[-71.172231,-41.062351,-68.010569,-38.961847],"geometry":{"type":"MultiLineString","coordinates":[[[-68.010569,-38.9756],[-68.117502,-38.997084],[-68.151112,-38.997247],[-68.197336,-38.984552],[-68.215972,-38.982924],[-68.231435,-38.986505],[-68.244944,-38.993097],[-68.258534,-38.996433],[-68.287587,-38.984063],[-68.309438,-38.96323],[-68.321034,-38.961847],[-68.362904,-38.991713],[-68.379709,-38.996026],[-68.411936,-39.010268],[-68.476796,-39.073093],[-68.509755,-39.087335],[-68.542104,-39.092787],[-68.574574,-39.107761],[-68.604726,-39.129734],[-68.629872,-39.156183],[-68.65982,-39.200535],[-68.671539,-39.213718],[-68.687245,-39.225763],[-68.704661,-39.234714],[-68.747304,-39.249363],[-68.760569,-39.266453]],[[-70.868357,-40.611017],[-70.854726,-40.605971],[-70.828928,-40.589369],[-70.812164,-40.584975],[-70.796498,-40.585138],[-70.765045,-40.590346],[-70.749989,-40.594659],[-70.717885,-40.597345],[-70.680653,-40.590265],[-70.645009,-40.576186],[-70.617828,-40.558526],[-70.576243,-40.523614],[-70.560048,-40.515558],[-70.536448,-40.512221],[-70.514597,-40.518569],[-70.495025,-40.531427],[-70.478586,-40.547703],[-70.444936,-40.566908],[-70.40453,-40.56642],[-70.325673,-40.547865],[-70.239084,-40.549819],[-70.214345,-40.538263],[-70.203318,-40.520685],[-70.190989,-40.477879],[-70.180328,-40.465753],[-70.172027,-40.464369],[-70.151479,-40.465997],[-70.142201,-40.465346],[-70.130076,-40.461602],[-70.117421,-40.456231],[-70.10558,-40.449395],[-70.095774,-40.441339],[-70.084788,-40.420587],[-70.081939,-40.395033],[-70.081939,-40.343764],[-70.076975,-40.320977],[-70.040598,-40.244317],[-70.018056,-40.214207],[-70.011098,-40.198093],[-70.009999,-40.187188],[-70.012278,-40.155125],[-70.009511,-40.143894],[-70.000722,-40.123061],[-69.998158,-40.111993],[-69.991689,-40.053562],[-69.985178,-40.03338],[-69.971018,-40.007989],[-69.96817,-39.998712],[-69.967844,-39.980645],[-69.966624,-39.973077],[-69.961659,-39.963881],[-69.944814,-39.947442],[-69.922475,-39.933933],[-69.680491,-39.823175],[-69.664052,-39.819675],[-69.631744,-39.817885],[-69.540354,-39.826023],[-69.516184,-39.821954],[-69.490915,-39.809259],[-69.421457,-39.753839],[-69.381744,-39.730401],[-69.364125,-39.717218],[-69.312815,-39.656101]],[[-71.172231,-41.062351],[-71.148101,-41.051283],[-71.138051,-41.044936],[-71.132965,-41.039402],[-71.119985,-41.017511],[-71.05724,-40.962335],[-71.042917,-40.946466],[-71.031239,-40.928725],[-71.026357,-40.906915],[-71.032948,-40.886163],[-71.046539,-40.86769],[-71.062611,-40.85239],[-71.080149,-40.842136],[-71.100331,-40.833836],[-71.11852,-40.823907],[-71.129954,-40.808119],[-71.132192,-40.798679],[-71.132558,-40.788914],[-71.13036,-40.779474],[-71.125111,-40.770847],[-71.118153,-40.764337],[-71.102366,-40.754327],[-71.095286,-40.748549],[-71.090972,-40.743097],[-71.084055,-40.731134],[-71.07901,-40.725925],[-71.0631,-40.718683],[-71.029124,-40.712416],[-71.015696,-40.702081],[-71.012685,-40.695652],[-71.009023,-40.680515],[-71.006459,-40.673517],[-70.999827,-40.663507],[-70.991444,-40.654474],[-70.981801,-40.646824],[-70.971588,-40.640476],[-70.920888,-40.621596],[-70.892079,-40.615411],[-70.867787,-40.614109]]]}},{"type":"Feature","properties":{"dissolve":"64Lake Centerline","scalerank":3.0,"featurecla":"Lake Centerline","name":"Columbia","name_alt":null,"rivernum":64,"note":null,"min_zoom":3.0,"name_en":"Columbia","min_label":4.0},"bbox":[-118.526601,48.232367,-117.517079,52.104438],"geometry":{"type":"MultiLineString","coordinates":[[[-118.526601,52.102118],[-118.449696,52.104438],[-118.408355,52.094428],[-118.381012,52.090277],[-118.3662,52.089952]],[[-117.517079,51.659247],[-117.557932,51.689643],[-117.595041,51.706488],[-117.632192,51.720404],[-117.646392,51.736274],[-117.66161,51.762722],[-117.693186,51.792589],[-117.725697,51.81391],[-117.755483,51.82685],[-117.783315,51.836982],[-117.811879,51.845649],[-117.83845,51.856228],[-117.859446,51.865587],[-117.872711,51.870185]],[[-117.90567,50.681993],[-117.90217,50.674425],[-117.903961,50.655585],[-117.917958,50.622992],[-117.92634,50.584784],[-117.921376,50.499132],[-117.920074,50.392401],[-117.908437,50.351426],[-117.886586,50.310492],[-117.836985,50.238471],[-117.81725,50.206651],[-117.809641,50.177598],[-117.817372,50.152371],[-117.827016,50.131659],[-117.855458,50.11461],[-117.880198,50.103135]],[[-118.092437,49.80154],[-118.126576,49.704657],[-118.136098,49.663357],[-118.143137,49.621934],[-118.139394,49.570176],[-118.12328,49.506049],[-118.082753,49.451443],[-118.027252,49.406765],[-117.907216,49.34162]],[[-118.072174,48.663886],[-118.072865,48.663682],[-118.082875,48.6612],[-118.096303,48.647773],[-118.106842,48.627753],[-118.120188,48.614773],[-118.134185,48.5987],[-118.144032,48.574286],[-118.153228,48.548285],[-118.167958,48.521023],[-118.182444,48.500556],[-118.195465,48.484239],[-118.208567,48.461534],[-118.212026,48.434638],[-118.193715,48.351996],[-118.167958,48.284003],[-118.167388,48.253363],[-118.168202,48.232367]]]}},{"type":"Feature","properties":{"dissolve":"64River","scalerank":3.0,"featurecla":"River","name":"Columbia","name_alt":null,"rivernum":64,"note":null,"min_zoom":3.0,"name_en":"Columbia","min_label":4.0},"bbox":[-123.20637,45.566107,-115.865387,52.101752],"geometry":{"type":"MultiLineString","coordinates":[[[-118.529652,52.101752],[-118.551422,52.098497],[-118.566558,52.084296],[-118.58967,52.052761],[-118.598459,52.035264],[-118.594146,52.017646],[-118.585194,51.99787],[-118.579701,51.973904],[-118.585927,51.888251],[-118.595448,51.877061],[-118.654205,51.829901],[-118.685699,51.765652],[-118.685536,51.754747],[-118.674184,51.742865],[-118.667836,51.672227],[-118.659291,51.663682],[-118.636138,51.649115],[-118.626861,51.637478],[-118.620676,51.600287],[-118.609853,51.584052],[-118.538726,51.542548],[-118.501291,51.495551],[-118.437489,51.386542],[-118.394114,51.343288],[-118.374867,51.332099],[-118.319,51.309149],[-118.253529,51.26081],[-118.230133,51.227973],[-118.214182,51.191026],[-118.209137,51.164496],[-118.214467,51.142849],[-118.206451,51.118964],[-118.194692,51.095038],[-118.188629,51.072618],[-118.194936,51.051825],[-118.220123,51.025946],[-118.222808,51.000678],[-118.214996,50.976142],[-118.200551,50.952704],[-118.182688,50.93183],[-118.164459,50.914984],[-118.121938,50.888536],[-118.11144,50.875067],[-118.11974,50.856635],[-118.088368,50.848212],[-118.078765,50.843614],[-118.070383,50.837226],[-118.054921,50.818793],[-118.0454,50.815131],[-118.022939,50.816189],[-118.013987,50.811957],[-118.007883,50.803534],[-117.996246,50.774726],[-117.989858,50.740017],[-117.982249,50.725857],[-117.952382,50.715603],[-117.906402,50.682888]],[[-117.872711,51.870185],[-117.891672,51.886746],[-117.990061,51.918647],[-118.017893,51.933539],[-118.065582,51.972276],[-118.133046,51.987657],[-118.207102,52.020941],[-118.246978,52.02851],[-118.259674,52.032904],[-118.286244,52.05211],[-118.317209,52.060085],[-118.350087,52.077704],[-118.3662,52.089952]],[[-115.865387,50.287462],[-115.87206,50.334825],[-115.895497,50.368272],[-115.990834,50.455024],[-116.012034,50.484687],[-116.050404,50.554999],[-116.061106,50.570421],[-116.101918,50.613634],[-116.116282,50.633368],[-116.136871,50.672431],[-116.153432,50.692816],[-116.35204,50.860053],[-116.357981,50.875515],[-116.387929,50.91295],[-116.43578,50.955146],[-116.51415,51.005683],[-116.778391,51.133857],[-116.801137,51.137803],[-116.818756,51.143988],[-116.871165,51.174506],[-116.887074,51.186225],[-116.901682,51.205105],[-116.924224,51.247748],[-116.937978,51.264472],[-117.002553,51.316596],[-117.078928,51.422553],[-117.112416,51.453152],[-117.155507,51.475938],[-117.253245,51.504584],[-117.335561,51.517849],[-117.366119,51.519314],[-117.394154,51.524482],[-117.417795,51.538764],[-117.476145,51.610785],[-117.503529,51.628607],[-117.513092,51.639716],[-117.517079,51.659247]],[[-117.880198,50.103135],[-117.911244,50.099555],[-117.929799,50.088813],[-117.929433,50.070624],[-117.910959,50.044786],[-117.899648,50.017157],[-117.909983,49.991645],[-117.931874,49.9713],[-117.955312,49.959093],[-118.017201,49.938503],[-118.043691,49.925971],[-118.068267,49.907904],[-118.084584,49.883368],[-118.089467,49.855902],[-118.091461,49.826117],[-118.092437,49.80154]],[[-117.907094,49.34162],[-117.894683,49.339667],[-117.854563,49.335273],[-117.71467,49.345811],[-117.69225,49.343614],[-117.671742,49.338162],[-117.659332,49.32746],[-117.657948,49.318549],[-117.662913,49.287299],[-117.660553,49.240261],[-117.662587,49.227607],[-117.680491,49.204535],[-117.703236,49.187283],[-117.72232,49.166938],[-117.729237,49.134792],[-117.72761,49.119696],[-117.723744,49.112616],[-117.71581,49.109239],[-117.672922,49.096462],[-117.646962,49.085232],[-117.628489,49.065945],[-117.621409,49.032823],[-117.628529,49.006456],[-117.64684,48.987576],[-117.671498,48.974921],[-117.739166,48.951931],[-117.917836,48.835395],[-117.937367,48.81623],[-117.945302,48.812323],[-117.955312,48.810736],[-117.976471,48.810655],[-117.987131,48.808783],[-118.003407,48.799628],[-118.013336,48.787299],[-118.021555,48.773871],[-118.03246,48.761746],[-118.040151,48.758328],[-118.049224,48.756171],[-118.057362,48.752956],[-118.062123,48.746039],[-118.06135,48.738389],[-118.039662,48.693386],[-118.041575,48.679267],[-118.053049,48.669704],[-118.073557,48.66352]],[[-118.168202,48.232367],[-118.187245,48.193305],[-118.19636,48.171088],[-118.188629,48.149848],[-118.220082,48.124091],[-118.232249,48.107978],[-118.237131,48.085273],[-118.237375,48.06684],[-118.241119,48.050401],[-118.253245,48.036689],[-118.278066,48.026313],[-118.304555,48.026231],[-118.358225,48.036973],[-118.377065,48.030056],[-118.383453,48.011908],[-118.373036,47.996405],[-118.356842,47.981391],[-118.345693,47.964911],[-118.345693,47.930732],[-118.34024,47.903835],[-118.339467,47.893175],[-118.342275,47.870958],[-118.350738,47.85224],[-118.365631,47.839301],[-118.387318,47.834499],[-118.411204,47.84101],[-118.445139,47.869086],[-118.466135,47.875515],[-118.513905,47.875515],[-118.521474,47.878852],[-118.525543,47.886786],[-118.528188,47.896064],[-118.531321,47.903428],[-118.548085,47.916815],[-118.57136,47.925238],[-118.6787,47.938178],[-118.692047,47.935248],[-118.699615,47.928046],[-118.706044,47.918891],[-118.716217,47.910224],[-118.733754,47.906195],[-118.763824,47.903917],[-118.792348,47.907335],[-118.817494,47.934678],[-118.846099,47.940253],[-118.900624,47.938178],[-118.925526,47.933539],[-118.947662,47.932074],[-118.96349,47.93948],[-118.969472,47.961493],[-118.968332,48.004462],[-118.975982,48.018744],[-118.997426,48.033759],[-119.018544,48.043321],[-119.023549,48.048285],[-119.049387,48.095771],[-119.052073,48.10517],[-119.062489,48.121894],[-119.08727,48.131456],[-119.116607,48.135606],[-119.140777,48.136176],[-119.162343,48.132595],[-119.204986,48.11876],[-119.229563,48.115749],[-119.258941,48.102851],[-119.264312,48.098578],[-119.270863,48.096015],[-119.301869,48.106147],[-119.312123,48.108222],[-119.326975,48.094021],[-119.344635,48.049913],[-119.363922,48.040595],[-119.426666,48.04914],[-119.444081,48.061469],[-119.456125,48.067328],[-119.503529,48.070014],[-119.546295,48.053982],[-119.628041,48.012641],[-119.651601,48.009101],[-119.684478,48.008734],[-119.707102,48.016466],[-119.699778,48.037177],[-119.688629,48.060329],[-119.702382,48.075303],[-119.769439,48.094306],[-119.778228,48.095242],[-119.786977,48.092597],[-119.797475,48.079779],[-119.805572,48.074774],[-119.81428,48.07335],[-119.843129,48.074774],[-119.852691,48.072577],[-119.868723,48.063259],[-119.895823,48.055976],[-119.899526,48.043769],[-119.894032,48.028998],[-119.875885,48.005886],[-119.871327,47.995469],[-119.867014,47.971706],[-119.858876,47.947699],[-119.861155,47.9383],[-119.87442,47.923896],[-119.881256,47.919542],[-119.898508,47.911566],[-119.905181,47.906806],[-119.907867,47.898505],[-119.90099,47.881415],[-119.905181,47.872382],[-119.935902,47.853705],[-119.950307,47.841376],[-119.961741,47.813503],[-119.974599,47.802558],[-119.990468,47.793321],[-120.004791,47.78738],[-120.018422,47.78738],[-120.041371,47.78144],[-120.052602,47.779893],[-120.067454,47.781073],[-120.09496,47.7862],[-120.110666,47.78738],[-120.128896,47.78323],[-120.177398,47.761908],[-120.189768,47.75255],[-120.188832,47.736518],[-120.178944,47.687812],[-120.186025,47.677517],[-120.19933,47.666693],[-120.217112,47.595526],[-120.276845,47.538113],[-120.286,47.51614],[-120.285959,47.471951],[-120.281972,47.452501],[-120.271718,47.430487],[-120.235829,47.399359],[-120.185943,47.384385],[-120.134389,47.375271],[-120.093577,47.361518],[-120.081776,47.353095],[-120.074127,47.345038],[-120.069936,47.336982],[-120.068349,47.328803],[-120.07311,47.283026],[-120.068227,47.257595],[-120.055084,47.248725],[-120.035512,47.245876],[-120.011627,47.238634],[-119.996653,47.224799],[-119.990631,47.205593],[-119.990549,47.159776],[-119.995961,47.141059],[-120.016998,47.109565],[-120.017812,47.087836],[-120.002594,47.069119],[-119.997955,47.059882],[-119.990549,47.015815],[-119.984202,46.998806],[-119.953765,46.962226],[-119.943349,46.943874],[-119.940297,46.924425],[-119.943349,46.865017],[-119.940053,46.859402],[-119.925526,46.840277],[-119.922231,46.830878],[-119.924143,46.807237],[-119.937734,46.743435],[-119.93224,46.708279],[-119.913197,46.678005],[-119.880686,46.649604],[-119.843088,46.639268],[-119.69636,46.662665],[-119.639963,46.66059],[-119.611887,46.662909],[-119.589915,46.673204],[-119.53185,46.724718],[-119.513539,46.734158],[-119.492014,46.737657],[-119.470693,46.73371],[-119.425893,46.700995],[-119.421986,46.693956],[-119.419301,46.683214],[-119.412587,46.6789],[-119.403717,46.676215],[-119.394643,46.670111],[-119.38268,46.653388],[-119.36441,46.620063],[-119.349965,46.604315],[-119.277984,46.547227],[-119.257883,46.513739],[-119.255279,46.474555],[-119.257314,46.438747],[-119.25064,46.415595],[-119.25178,46.397528],[-119.24413,46.355414],[-119.243804,46.333686],[-119.248402,46.321967],[-119.254791,46.314154],[-119.259267,46.306098],[-119.257476,46.293321],[-119.250803,46.283393],[-119.241607,46.278144],[-119.135732,46.241807],[-119.052073,46.223822]],[[-118.919423,46.079861],[-118.926178,46.056179],[-118.937571,46.038153],[-118.952056,46.024115],[-118.987416,46.011827],[-119.044586,45.964382],[-119.093373,45.948757],[-119.34142,45.946072],[-119.429107,45.934149],[-119.479644,45.927314],[-119.54894,45.929633],[-119.575307,45.927517],[-119.591786,45.921088],[-119.620595,45.895535],[-119.662506,45.87169],[-119.934234,45.837917],[-120.080474,45.794704],[-120.127309,45.789008],[-120.145497,45.780463],[-120.176137,45.758897],[-120.202219,45.745795],[-120.22997,45.736925],[-120.245473,45.735907],[-120.274973,45.740098],[-120.290151,45.740302],[-120.300689,45.738308],[-120.339955,45.721706],[-120.36266,45.715155],[-120.374135,45.714057],[-120.425649,45.720771],[-120.434397,45.719346],[-120.458608,45.710883],[-120.470286,45.710028],[-120.621002,45.73078],[-120.6315,45.728949],[-120.65807,45.716498],[-120.664947,45.71072],[-120.668691,45.703315],[-120.71581,45.689805],[-120.787017,45.679511],[-120.794423,45.677314],[-120.838775,45.652452],[-120.843984,45.651313],[-120.857533,45.65058],[-120.900217,45.64171],[-120.942779,45.645535],[-120.957183,45.650173],[-120.968332,45.651231],[-121.00121,45.649929],[-121.006907,45.650336],[-121.017893,45.652533],[-121.038971,45.653266],[-121.044016,45.652859],[-121.132965,45.624091],[-121.1551,45.622138],[-121.172963,45.631659],[-121.186431,45.652615],[-121.194244,45.670233],[-121.204335,45.684882],[-121.224477,45.696845],[-121.271881,45.708686],[-121.570302,45.729356],[-121.7176,45.709906],[-121.792714,45.7213],[-121.820912,45.717353],[-121.862457,45.70071],[-121.93106,45.65998],[-121.971181,45.642279],[-122.149892,45.593858]],[[-122.149973,45.593777],[-122.22468,45.577704],[-122.241811,45.569851],[-122.261138,45.566107],[-122.341705,45.586941],[-122.426178,45.587958],[-122.456125,45.600043],[-122.507232,45.609809],[-122.539703,45.621649],[-122.554596,45.622097],[-122.59496,45.614203],[-122.673207,45.625556],[-122.697987,45.635525],[-122.72175,45.648749],[-122.738922,45.662665],[-122.748199,45.679307],[-122.754547,45.701728],[-122.759429,45.74079],[-122.758453,45.751899],[-122.754221,45.771104],[-122.753245,45.782091],[-122.757232,45.792019],[-122.779937,45.819648],[-122.78067,45.842475],[-122.77599,45.862657],[-122.774159,45.881171],[-122.792592,45.916124],[-122.800649,45.961371],[-122.80663,45.977973],[-122.820668,45.990668],[-122.836822,46.00019],[-122.850087,46.011298],[-122.860911,46.049506],[-122.874176,46.071804],[-122.891835,46.092312],[-122.910268,46.107693],[-122.935699,46.122097],[-122.966786,46.135565],[-122.999582,46.145372],[-123.0301,46.149237],[-123.043935,46.154731],[-123.079091,46.173285],[-123.092437,46.182644],[-123.111928,46.186347],[-123.174957,46.178046],[-123.20637,46.167263]]]}},{"type":"Feature","properties":{"dissolve":"661Lake Centerline","scalerank":8.0,"featurecla":"Lake Centerline","name":"Lerma","name_alt":null,"rivernum":661,"note":null,"min_zoom":7.0,"name_en":"Lerma","min_label":8.0},"bbox":[-100.700266,20.020209,-100.185618,20.084174],"geometry":{"type":"MultiLineString","coordinates":[[[-100.488026,20.040635],[-100.490102,20.051622],[-100.497385,20.066759],[-100.507924,20.078721],[-100.518463,20.084174],[-100.531077,20.08279],[-100.544545,20.08043],[-100.558827,20.075751],[-100.576812,20.073025],[-100.596669,20.07331],[-100.612864,20.071723],[-100.629262,20.065863],[-100.658762,20.050605],[-100.673655,20.046942],[-100.681956,20.048367],[-100.700266,20.053738]],[[-100.227895,20.020209],[-100.230458,20.038194],[-100.225942,20.044135],[-100.207387,20.060248],[-100.200673,20.070502],[-100.192535,20.077663],[-100.185618,20.081407]]]}},{"type":"Feature","properties":{"dissolve":"661River","scalerank":8.0,"featurecla":"River","name":"Lerma","name_alt":null,"rivernum":661,"note":null,"min_zoom":7.0,"name_en":"Lerma","min_label":8.0},"bbox":[-102.769643,19.214626,-99.507883,20.587348],"geometry":{"type":"MultiLineString","coordinates":[[[-100.700266,20.053738],[-100.766469,20.066759],[-100.803578,20.090033],[-100.8579,20.11518],[-100.880971,20.136257],[-100.895741,20.164578],[-100.917877,20.261908],[-100.92398,20.271755],[-100.935862,20.273871],[-100.957834,20.273464],[-100.980295,20.27558],[-100.999176,20.282009],[-101.013743,20.292792],[-101.02302,20.308214],[-101.025787,20.328477],[-101.016184,20.393256],[-101.063344,20.451606],[-101.076161,20.463487],[-101.102691,20.483181],[-101.111724,20.49254],[-101.127756,20.485785],[-101.142974,20.48725],[-101.151031,20.496283],[-101.145253,20.512478],[-101.161977,20.52086],[-101.165761,20.535264],[-101.164703,20.55032],[-101.166982,20.560858],[-101.239247,20.587348],[-101.246083,20.587022],[-101.248891,20.578559],[-101.250844,20.569119],[-101.256174,20.56155],[-101.263824,20.556464],[-101.277008,20.553494],[-101.288686,20.548367],[-101.293609,20.547187],[-101.304799,20.553005],[-101.313791,20.555772],[-101.324045,20.554633],[-101.335032,20.544379],[-101.36498,20.49254],[-101.388336,20.486111],[-101.392323,20.485785],[-101.393056,20.476874],[-101.387115,20.457953],[-101.385487,20.448188],[-101.389882,20.4289],[-101.409047,20.405341],[-101.41808,20.378241],[-101.42984,20.361599],[-101.445424,20.346137],[-101.461171,20.334906],[-101.480336,20.331163],[-101.515736,20.335232],[-101.536285,20.334906],[-101.545766,20.332099],[-101.565419,20.323106],[-101.574452,20.321234],[-101.607818,20.320339],[-101.615468,20.317898],[-101.619049,20.310004],[-101.619374,20.29975],[-101.61856,20.289252],[-101.618886,20.280341],[-101.622304,20.270779],[-101.630767,20.257351],[-101.632476,20.249294],[-101.638417,20.234442],[-101.665517,20.204617],[-101.673451,20.190945],[-101.689565,20.20128],[-101.707875,20.204617],[-101.74234,20.204617],[-101.770741,20.211046],[-101.779937,20.212022],[-101.788564,20.209906],[-101.798329,20.200507],[-101.807525,20.19835],[-101.812652,20.200507],[-101.828603,20.209906],[-101.837961,20.212022],[-101.847727,20.209825],[-101.859486,20.200507],[-101.868967,20.19835],[-101.893178,20.19892],[-101.9051,20.203315],[-101.91161,20.21544],[-101.91983,20.239325],[-101.923573,20.244086],[-101.928293,20.247016],[-101.932444,20.252021],[-101.942494,20.34337],[-101.94933,20.366075],[-101.964915,20.375922],[-101.982045,20.369452],[-101.991811,20.341335],[-102.006174,20.334906],[-102.016103,20.344265],[-102.01179,20.365343],[-101.995595,20.403184],[-102.11852,20.383857],[-102.183013,20.354804],[-102.199941,20.350694],[-102.217844,20.349189],[-102.232289,20.342312],[-102.242747,20.340399],[-102.260854,20.350369],[-102.287831,20.360175],[-102.297231,20.36225],[-102.316721,20.360867],[-102.353668,20.351426],[-102.400624,20.347357],[-102.421295,20.342597],[-102.498362,20.314765],[-102.511708,20.304755],[-102.516998,20.290229],[-102.527943,20.284125],[-102.592112,20.266669],[-102.627756,20.23546],[-102.64977,20.223212],[-102.677805,20.218207],[-102.729807,20.217475],[-102.753489,20.211737],[-102.769643,20.19835]],[[-100.227895,20.020209],[-100.247385,19.982733],[-100.280751,19.944281],[-100.32372,19.919623],[-100.371897,19.923407],[-100.384633,19.933376],[-100.434071,19.993923],[-100.44107,20.000759],[-100.450307,20.005072],[-100.464345,20.006619],[-100.47411,20.009955],[-100.479726,20.018337],[-100.487945,20.040107]],[[-99.507883,19.214626],[-99.536122,19.363878],[-99.545766,19.379014],[-99.562123,19.390245],[-99.594065,19.40587],[-99.610911,19.416938],[-99.639312,19.44599],[-99.655995,19.458808],[-99.676096,19.464057],[-99.733998,19.489814],[-99.748118,19.498847],[-99.756418,19.518378],[-99.761586,19.564724],[-99.771962,19.584174],[-99.866119,19.660712],[-99.874623,19.673611],[-99.878489,19.690619],[-99.865224,19.732937],[-99.871734,19.745958],[-99.883168,19.778917],[-99.888987,19.79031],[-99.911488,19.814887],[-99.922963,19.82392],[-99.940541,19.834052],[-99.933746,19.836697],[-99.927968,19.841335],[-99.923004,19.847683],[-99.919423,19.85574],[-99.932485,19.858751],[-99.96109,19.858954],[-99.973988,19.861925],[-99.982533,19.870185],[-99.997141,19.899034],[-100.022084,19.976386],[-100.035471,19.992296],[-100.118642,20.047553],[-100.154164,20.081732],[-100.170074,20.09044],[-100.18635,20.081081]]]}},{"type":"Feature","properties":{"dissolve":"75River","scalerank":3.0,"featurecla":"River","name":"Orinoco","name_alt":null,"rivernum":75,"note":null,"min_zoom":3.0,"name_en":"Orinoco","min_label":4.0},"bbox":[-67.875722,2.148301,-61.105865,9.720526],"geometry":{"type":"MultiLineString","coordinates":[[[-62.325673,9.720526],[-62.323801,9.702216],[-62.336781,9.686632],[-62.354563,9.671902],[-62.367177,9.65587],[-62.373891,9.625515],[-62.378774,9.615587],[-62.419586,9.573513],[-62.440378,9.540961],[-62.446278,9.525336],[-62.443715,9.509223],[-62.430979,9.496772],[-62.413319,9.487616],[-62.396148,9.481309],[-62.392323,9.459093],[-62.391103,9.437323],[-62.387034,9.417182],[-62.374501,9.399522],[-62.329905,9.370551],[-62.320668,9.357245],[-62.318959,9.346381],[-62.320872,9.322089],[-62.317698,9.273993],[-62.315053,9.265082],[-62.300526,9.25377],[-62.259511,9.242255],[-62.2447,9.230658],[-62.241078,9.221869],[-62.23351,9.182196],[-62.226633,9.165107],[-62.221547,9.156602],[-62.205515,9.141221],[-62.187652,9.13642],[-62.168202,9.134874],[-62.147084,9.129462],[-62.129954,9.119737],[-62.08434,9.085273],[-62.075429,9.081163],[-62.068227,9.078803],[-62.062001,9.075019],[-62.056304,9.06684],[-62.052602,9.055243],[-62.053212,9.045274],[-62.061431,9.025499],[-62.082102,8.988349],[-62.087961,8.968126],[-62.08434,8.94477],[-62.072174,8.922716],[-62.063873,8.912136],[-62.055735,8.905097],[-62.04426,8.90119],[-62.020375,8.899278],[-62.008778,8.895372],[-62.00768,8.886176],[-62.005849,8.879462],[-62.005198,8.872829],[-62.00768,8.863715],[-62.012766,8.855089],[-62.058746,8.808173],[-62.064361,8.79914],[-62.066965,8.790595],[-62.069163,8.748155],[-62.075307,8.73432],[-62.087514,8.725043],[-62.123525,8.709499],[-62.135325,8.697577],[-62.141754,8.681952],[-62.137359,8.67296]],[[-62.044342,9.055203],[-62.036,9.06212],[-62.010243,9.076239],[-62.020131,9.095526],[-61.984242,9.118232],[-61.937367,9.141384],[-61.914052,9.161566],[-61.910878,9.168077],[-61.903676,9.173529],[-61.89566,9.177273],[-61.890126,9.178656],[-61.88386,9.183661],[-61.880849,9.195421],[-61.879872,9.219591],[-61.88622,9.264472],[-61.886057,9.290595],[-61.876454,9.302191],[-61.864491,9.31037],[-61.854726,9.32921],[-61.848134,9.350898],[-61.843577,9.38935],[-61.837636,9.408026],[-61.818471,9.446153],[-61.770253,9.511176],[-61.763173,9.531521],[-61.760976,9.548774],[-61.742747,9.603217]],[[-61.105865,8.945339],[-61.127878,8.940212],[-61.152537,8.93769],[-61.172678,8.929877],[-61.186147,8.897895],[-61.19872,8.884833],[-61.214426,8.8758],[-61.228831,8.877631],[-61.290191,8.842841],[-61.352284,8.79503],[-61.390126,8.780544],[-61.400095,8.774604],[-61.414906,8.758083],[-61.424306,8.75141],[-61.44164,8.746649],[-61.458811,8.746161],[-61.468617,8.747016],[-61.476755,8.74254],[-61.505727,8.700954],[-61.506581,8.695421],[-61.502878,8.688585],[-61.50357,8.681952],[-61.506663,8.675971],[-61.509958,8.671576],[-61.550893,8.644232],[-61.562815,8.638699],[-61.585683,8.630927],[-61.598744,8.623806]],[[-61.65038,8.603298],[-61.660878,8.60753],[-61.781199,8.619818],[-61.835032,8.617499],[-61.860097,8.611762],[-61.883534,8.600124],[-61.906199,8.585476],[-61.930043,8.574815],[-61.956939,8.575019],[-61.968984,8.579169],[-61.980214,8.584906],[-61.990142,8.592231],[-61.997996,8.601101],[-62.009267,8.619493],[-62.016713,8.625556],[-62.072377,8.641303],[-62.117584,8.668972],[-62.127309,8.672431],[-62.137359,8.67296]],[[-63.435943,2.374091],[-63.454945,2.372138],[-63.51415,2.378607],[-63.529205,2.373725],[-63.545969,2.362494],[-63.559478,2.34988],[-63.565053,2.341091],[-63.571767,2.333035],[-63.603749,2.317165],[-63.614125,2.30976],[-63.632924,2.323065],[-63.654978,2.316677],[-63.677887,2.303331],[-63.699452,2.296088],[-63.70873,2.291815],[-63.710927,2.273017],[-63.719594,2.268744],[-63.726552,2.267361],[-63.745432,2.259548],[-63.7506,2.255723],[-63.754262,2.245917],[-63.753163,2.237128],[-63.750803,2.228868],[-63.7506,2.220323],[-63.754303,2.212714],[-63.759023,2.207953],[-63.763173,2.201931],[-63.764882,2.190253],[-63.770375,2.176947],[-63.784088,2.165839],[-63.801829,2.157579],[-63.819569,2.152696],[-63.841664,2.151313],[-63.904897,2.158881],[-63.990834,2.152696],[-64.012196,2.148464],[-64.021474,2.148301],[-64.03185,2.152696],[-64.037262,2.160509],[-64.042104,2.171983],[-64.04955,2.182318],[-64.084177,2.19245],[-64.126576,2.219102],[-64.147898,2.22781],[-64.161733,2.228135],[-64.203114,2.224066],[-64.209788,2.233954],[-64.242421,2.245063],[-64.267201,2.259141],[-64.282175,2.25906],[-64.296051,2.256415],[-64.305531,2.255723],[-64.320912,2.264919],[-64.333608,2.276964],[-64.345937,2.285264],[-64.360178,2.283026],[-64.363718,2.287665],[-64.367543,2.291531],[-64.371205,2.296088],[-64.37442,2.302924],[-64.380605,2.302924],[-64.406199,2.290066],[-64.422231,2.28502],[-64.439605,2.283026],[-64.456899,2.278876],[-64.476471,2.260362],[-64.490549,2.255723],[-64.508534,2.260443],[-64.516469,2.271999],[-64.520904,2.2838],[-64.528391,2.289252],[-64.749257,2.379218],[-64.778879,2.387397],[-64.806467,2.381537],[-64.815094,2.395331],[-64.835805,2.397976],[-64.859731,2.398057],[-64.877797,2.404486],[-64.890045,2.413926],[-64.907379,2.423896],[-64.926259,2.432074],[-64.942983,2.436103],[-65.02184,2.436103],[-65.042795,2.453681],[-65.04662,2.459744],[-65.050282,2.472724],[-65.059153,2.478461],[-65.08019,2.483954],[-65.115834,2.509223],[-65.135935,2.520331],[-65.158681,2.524929],[-65.193105,2.521755],[-65.203847,2.528876],[-65.209869,2.551581],[-65.209096,2.571723],[-65.191558,2.651557],[-65.18224,2.668647],[-65.174794,2.686591],[-65.175689,2.709825],[-65.184193,2.722357],[-65.198069,2.734483],[-65.211008,2.748847],[-65.216705,2.76789],[-65.213287,2.775173],[-65.207387,2.778835],[-65.20523,2.783881],[-65.213287,2.795478],[-65.223012,2.804755],[-65.228505,2.808661],[-65.232493,2.813788],[-65.250356,2.863227],[-65.259836,2.876166],[-65.285471,2.884345],[-65.299998,2.898464],[-65.309804,2.901638],[-65.324859,2.903754],[-65.332346,2.908962],[-65.338002,2.915595],[-65.347727,2.922146],[-65.357493,2.923163],[-65.363393,2.919949],[-65.368357,2.919542],[-65.374989,2.928982],[-65.37678,2.939643],[-65.374379,2.96365],[-65.378407,2.97366],[-65.443227,3.045681],[-65.448069,3.055528],[-65.456899,3.087226],[-65.462595,3.099189],[-65.466705,3.104844],[-65.480824,3.117296],[-65.489695,3.122016],[-65.51179,3.125515],[-65.522369,3.131293],[-65.538035,3.148301],[-65.545522,3.152533],[-65.559926,3.154853],[-65.573638,3.153591],[-65.598337,3.144151],[-65.61144,3.141872],[-65.625844,3.143988],[-65.669179,3.161689],[-65.689931,3.150702],[-65.717763,3.145046],[-65.772206,3.141872],[-65.803415,3.142035],[-65.828969,3.146348],[-65.851918,3.156846],[-65.875234,3.17536],[-65.882965,3.163601],[-65.895253,3.152859],[-65.910268,3.144884],[-65.926422,3.141872],[-65.948232,3.146348],[-65.981638,3.165595],[-65.998769,3.169135],[-66.02477,3.15058],[-66.023183,3.111396],[-66.014394,3.066718],[-66.018625,3.032009],[-66.048207,3.013454],[-66.085194,3.016384],[-66.155832,3.038153],[-66.327748,3.038153],[-66.370188,3.05622],[-66.427073,3.122829],[-66.464263,3.148057],[-66.474477,3.150214],[-66.495595,3.151719],[-66.505238,3.154853],[-66.514882,3.163764],[-66.53661,3.190741],[-66.543121,3.196479],[-66.550689,3.207709],[-66.559885,3.278998],[-66.593739,3.358181],[-66.608144,3.372138],[-66.643056,3.395087],[-66.665883,3.414171],[-66.685211,3.439236],[-66.751373,3.558132],[-66.772288,3.584174],[-66.800608,3.606269],[-66.901357,3.652533],[-66.927398,3.669786],[-66.972239,3.710883],[-66.99474,3.739203],[-67.012522,3.771674],[-67.019846,3.805976],[-67.0183,3.829942],[-67.013254,3.852322],[-67.003651,3.87287],[-66.988759,3.891669],[-66.98526,3.910712],[-67.000315,3.93126],[-67.022288,3.948554],[-67.039662,3.957465],[-67.062611,3.958441],[-67.116933,3.946479],[-67.202301,3.942939],[-67.228749,3.946885],[-67.252553,3.957465],[-67.263376,3.954413],[-67.379221,3.943183],[-67.395334,3.94538],[-67.449534,3.962673],[-67.459381,3.975206],[-67.467641,3.990668],[-67.478505,4.004584],[-67.505605,4.017035],[-67.540354,4.020819],[-67.605458,4.018866],[-67.638376,4.027859],[-67.701161,4.071153],[-67.73233,4.086493],[-67.740956,4.118923],[-67.759674,4.138739],[-67.778472,4.15412],[-67.786977,4.173163],[-67.791493,4.204413],[-67.800201,4.235419],[-67.805653,4.268622],[-67.800649,4.30622],[-67.782704,4.339057],[-67.780141,4.350938],[-67.783396,4.363959],[-67.797434,4.386013],[-67.800649,4.399034],[-67.799143,4.40705],[-67.793446,4.420966],[-67.793813,4.429145],[-67.797841,4.435085],[-67.81017,4.43948],[-67.81428,4.443427],[-67.822621,4.478461],[-67.829823,4.491645],[-67.848378,4.50491],[-67.848378,4.498074],[-67.857289,4.50434],[-67.865834,4.512234],[-67.872548,4.521755],[-67.875722,4.532782],[-67.874135,4.546658],[-67.868398,4.553331],[-67.861399,4.558173],[-67.855865,4.566352],[-67.854482,4.575995],[-67.855865,4.607937],[-67.849558,4.634345],[-67.846425,4.689887],[-67.841379,4.711697],[-67.83137,4.727729],[-67.823638,4.74376],[-67.821278,4.787787],[-67.81428,4.806505],[-67.819407,4.815863],[-67.817942,4.821641],[-67.814605,4.828437],[-67.81428,4.840644],[-67.816884,4.84748],[-67.825999,4.865058],[-67.827952,4.87169],[-67.827138,4.895046],[-67.820383,4.933458],[-67.807444,4.97248],[-67.805735,4.9914],[-67.807485,5.035915],[-67.805287,5.040961],[-67.800649,5.046007],[-67.795969,5.052924],[-67.793813,5.063503],[-67.797556,5.070339],[-67.8155,5.091132],[-67.821767,5.100775],[-67.825266,5.110704],[-67.827382,5.120551],[-67.828318,5.130886],[-67.827952,5.142361],[-67.825307,5.154486],[-67.816274,5.178046],[-67.81428,5.186713],[-67.815541,5.210476],[-67.819325,5.227973],[-67.825754,5.242987],[-67.834788,5.258979],[-67.844472,5.297431],[-67.835317,5.339464],[-67.810536,5.378974],[-67.773305,5.409857],[-67.768666,5.410671],[-67.757436,5.408962],[-67.752878,5.409857],[-67.747426,5.414415],[-67.737701,5.425971],[-67.73233,5.430284],[-67.70287,5.441514],[-67.694488,5.447374],[-67.676015,5.467353],[-67.665191,5.475043],[-67.653228,5.478095],[-67.647776,5.483507],[-67.63679,5.519721],[-67.630727,5.527045],[-67.623687,5.533555],[-67.617787,5.541775],[-67.615061,5.553819],[-67.618398,5.558661],[-67.633372,5.573269],[-67.63679,5.577745],[-67.638417,5.597439],[-67.64981,5.656277],[-67.649892,5.702094],[-67.641916,5.744981],[-67.625844,5.784695],[-67.60204,5.820746],[-67.542307,5.876899],[-67.533111,5.892768],[-67.485951,5.944281],[-67.471669,5.952989],[-67.435536,5.968329],[-67.423248,5.97838],[-67.419301,5.995469],[-67.421742,6.0185],[-67.429311,6.038642],[-67.454986,6.056912],[-67.491933,6.11461],[-67.492177,6.153144],[-67.487701,6.166938],[-67.476918,6.178575],[-67.435211,6.209906],[-67.421457,6.232774],[-67.412506,6.240546],[-67.399403,6.244981],[-67.388254,6.245185],[-67.366811,6.242133],[-67.356028,6.243191],[-67.337026,6.254177],[-67.322499,6.272406],[-67.297434,6.32331],[-67.28893,6.351915],[-67.28246,6.362128],[-67.275136,6.367458],[-67.255483,6.374132],[-67.245676,6.37934],[-67.222646,6.400743],[-67.214101,6.406765],[-67.170318,6.429307],[-67.152577,6.442694],[-67.137929,6.458564],[-67.131215,6.47545],[-67.133168,6.486884],[-67.144602,6.507351],[-67.148508,6.518337],[-67.148915,6.52851],[-67.12857,6.63821],[-67.103505,6.701361],[-67.086822,6.723456],[-67.066762,6.738471],[-67.049672,6.755194],[-67.0419,6.782538],[-67.04304,6.821967],[-67.048899,6.841864],[-67.062001,6.851386],[-67.053293,6.872748],[-67.041982,6.892686],[-67.034535,6.91295],[-67.037343,6.935248],[-67.043609,6.946804],[-67.059071,6.968288],[-67.065541,6.979844],[-67.081654,7.023139],[-67.089955,7.065619],[-67.07433,7.093777],[-66.995269,7.156806],[-66.953196,7.162421],[-66.931264,7.169704],[-66.921376,7.17711],[-66.903879,7.194648],[-66.893707,7.201972],[-66.882883,7.206366],[-66.859975,7.212429],[-66.848866,7.21662],[-66.79483,7.258897],[-66.77184,7.267442],[-66.733754,7.270941],[-66.721832,7.27497],[-66.713938,7.280626],[-66.700551,7.295111],[-66.692983,7.301296],[-66.673655,7.308417],[-66.634023,7.313503],[-66.614695,7.322862],[-66.595815,7.339464],[-66.534617,7.427354],[-66.529693,7.438544],[-66.524322,7.457221],[-66.52066,7.465684],[-66.514516,7.473904],[-66.489084,7.493476],[-66.48233,7.501817],[-66.466542,7.533474],[-66.452219,7.552802],[-66.440582,7.58039],[-66.427358,7.598415],[-66.40982,7.614569],[-66.370839,7.639716],[-66.343861,7.648505],[-66.318023,7.648261],[-66.26476,7.637722],[-66.23644,7.636054],[-66.21581,7.641181],[-66.175608,7.667304],[-66.131012,7.683783],[-66.081899,7.683458],[-65.983957,7.66946],[-65.959788,7.671454],[-65.939565,7.679145],[-65.834096,7.757107],[-65.787099,7.822577],[-65.768625,7.84101],[-65.746693,7.8546],[-65.648305,7.899848],[-65.597971,7.909695],[-65.54304,7.899848],[-65.473256,7.866563],[-65.446889,7.861396],[-65.419789,7.861436],[-65.306508,7.875678],[-65.278188,7.874213],[-65.250885,7.867499],[-65.192494,7.845811],[-65.133127,7.84101],[-65.103831,7.834296],[-65.047922,7.806179],[-64.996205,7.770616],[-64.935414,7.715522],[-64.908599,7.703681],[-64.886342,7.677069],[-64.873158,7.666042],[-64.857411,7.659735],[-64.838612,7.660183],[-64.820302,7.666531],[-64.760813,7.702948],[-64.704172,7.726386],[-64.651926,7.764594],[-64.637196,7.771674],[-64.620473,7.774278],[-64.569081,7.765163],[-64.551096,7.765204],[-64.523305,7.773627],[-64.495595,7.790717],[-64.478261,7.814643],[-64.481679,7.843451],[-64.501576,7.863796],[-64.526194,7.878852],[-64.546254,7.896593],[-64.552642,7.925157],[-64.542633,7.9713],[-64.537221,7.983913],[-64.523752,7.996202],[-64.506337,7.999091],[-64.450185,7.990546],[-64.433909,7.991726],[-64.352528,8.008897],[-64.339101,8.017035],[-64.331125,8.028266],[-64.321034,8.053982],[-64.3131,8.065375],[-64.30012,8.074571],[-64.283396,8.081366],[-64.265859,8.084255],[-64.250234,8.081651],[-64.23176,8.071397],[-64.166982,8.010281],[-64.155629,8.002021],[-64.14391,7.996649],[-64.138743,7.974392],[-64.125722,7.965766],[-64.108022,7.967149],[-64.088979,7.97488],[-64.066029,7.981228],[-64.045277,7.978583],[-64.002594,7.967637],[-63.981272,7.967393],[-63.970896,7.969428],[-63.96109,7.973578],[-63.953359,7.979804],[-63.940826,7.9949],[-63.933217,8.001329],[-63.92162,8.006537],[-63.896718,8.012722],[-63.885487,8.018134],[-63.876943,8.027411],[-63.87206,8.03852],[-63.86852,8.050401],[-63.840037,8.110378],[-63.828765,8.123399],[-63.812123,8.130927],[-63.795806,8.128607],[-63.778961,8.123114],[-63.760854,8.121161],[-63.744781,8.125027],[-63.729482,8.132188],[-63.700592,8.150092],[-63.683013,8.158149],[-63.667836,8.159695],[-63.652211,8.156684],[-63.633778,8.150987],[-63.613352,8.147813],[-63.547963,8.151679],[-63.49177,8.145575],[-63.473704,8.150173],[-63.459218,8.159613],[-63.447377,8.171495],[-63.428415,8.198798],[-63.415883,8.212958],[-63.400136,8.221869],[-63.382558,8.224677],[-63.330922,8.213813],[-63.310618,8.22545],[-63.271718,8.270941],[-63.249664,8.285468],[-63.225657,8.297431],[-63.174713,8.313422],[-63.125966,8.319932],[-63.075917,8.320421],[-62.97704,8.309434],[-62.961822,8.284369],[-62.936513,8.270209],[-62.907053,8.266872],[-62.879262,8.274034],[-62.845693,8.293891],[-62.836008,8.302436],[-62.828236,8.312527],[-62.815907,8.334581],[-62.808217,8.344591],[-62.784779,8.365749],[-62.770741,8.37519],[-62.757883,8.379747],[-62.744985,8.37934],[-62.721181,8.37519],[-62.707875,8.376329],[-62.696767,8.37991],[-62.677724,8.390001],[-62.593861,8.450751],[-62.565419,8.482245],[-62.554677,8.491075],[-62.542348,8.497748],[-62.529978,8.499701],[-62.526682,8.513373],[-62.515452,8.519355],[-62.50064,8.520046],[-62.46227,8.511094],[-62.45051,8.510606],[-62.436025,8.513739],[-62.378163,8.538926],[-62.366526,8.5456],[-62.356068,8.554226],[-62.34675,8.564968],[-62.343495,8.57038],[-62.342112,8.574408],[-62.340077,8.578192],[-62.335113,8.583075],[-62.329742,8.586453],[-62.323354,8.589301],[-62.310496,8.593044],[-62.255279,8.594102],[-62.209055,8.605496],[-62.186513,8.615668],[-62.17219,8.629014],[-62.16393,8.651068],[-62.158315,8.661241],[-62.147939,8.669623],[-62.137359,8.67296]]]}},{"type":"Feature","properties":{"dissolve":"77River","scalerank":3.0,"featurecla":"River","name":"Grande","name_alt":null,"rivernum":77,"note":null,"min_zoom":3.0,"name_en":"Grande","min_label":4.0},"bbox":[-66.322906,-19.174493,-62.726755,-15.859796],"geometry":{"type":"MultiLineString","coordinates":[[[-66.322906,-17.576593],[-66.295155,-17.587416],[-66.259999,-17.608819],[-66.252024,-17.615167],[-66.24474,-17.622573],[-66.238922,-17.630304],[-66.234486,-17.639337],[-66.231557,-17.649916],[-66.231801,-17.663751],[-66.238515,-17.692804],[-66.238352,-17.704034],[-66.223866,-17.718927],[-66.174062,-17.748712],[-66.163238,-17.762628],[-66.159088,-17.774102],[-66.149037,-17.784112],[-66.136545,-17.791355],[-66.112416,-17.796075],[-66.090932,-17.805027],[-66.063588,-17.813165],[-66.045237,-17.828058],[-66.018625,-17.862237],[-66.013376,-17.881768],[-66.00064,-17.906915],[-65.985911,-17.928643],[-65.974233,-17.937921],[-65.963124,-17.940444],[-65.953481,-17.947198],[-65.946685,-17.956882],[-65.940419,-17.981378],[-65.931264,-17.983901],[-65.86498,-17.968194],[-65.843455,-17.968438],[-65.825592,-17.994317],[-65.76537,-18.026218],[-65.703318,-18.077651],[-65.695668,-18.094903],[-65.677805,-18.108819],[-65.642486,-18.129083],[-65.61856,-18.157078],[-65.606679,-18.174737],[-65.59553,-18.20379],[-65.580881,-18.218438],[-65.562734,-18.230401],[-65.546254,-18.238946],[-65.510406,-18.266778],[-65.467193,-18.338718],[-65.436431,-18.369317],[-65.430653,-18.371515],[-65.415679,-18.374037],[-65.409088,-18.376153],[-65.404408,-18.379571],[-65.395457,-18.389825],[-65.360829,-18.407729],[-65.351064,-18.410333],[-65.34732,-18.413995],[-65.344065,-18.422784],[-65.341705,-18.433038],[-65.34081,-18.441339],[-65.337148,-18.452],[-65.328033,-18.452],[-65.316721,-18.449233],[-65.30606,-18.451837],[-65.299916,-18.486017],[-65.293609,-18.495457],[-65.284047,-18.506768],[-65.272817,-18.51629],[-65.261708,-18.520196],[-65.250356,-18.530287],[-65.247385,-18.55405],[-65.247304,-18.581231],[-65.244618,-18.601495],[-65.231516,-18.616388],[-65.213735,-18.618992],[-65.175282,-18.611668],[-65.157379,-18.613702],[-65.139516,-18.621596],[-65.093984,-18.650811],[-65.080312,-18.655938],[-65.066965,-18.654799],[-65.055002,-18.64422],[-65.04898,-18.630792],[-65.041819,-18.601902],[-65.034657,-18.587905],[-65.024892,-18.576186],[-65.002065,-18.556085],[-64.964711,-18.531427],[-64.91039,-18.506768],[-64.838857,-18.486993],[-64.816151,-18.484714],[-64.797271,-18.489597],[-64.78954,-18.49627],[-64.778228,-18.513523],[-64.77184,-18.521336],[-64.751576,-18.528741],[-64.703359,-18.528171],[-64.685129,-18.540216],[-64.673248,-18.561944],[-64.664662,-18.571222],[-64.652211,-18.574721],[-64.650706,-18.579604],[-64.636342,-18.609063],[-64.627797,-18.618178],[-64.608388,-18.632745],[-64.599721,-18.64129],[-64.583852,-18.66131],[-64.574696,-18.666843],[-64.560943,-18.668634],[-64.510325,-18.668796],[-64.494049,-18.666355],[-64.482045,-18.661798],[-64.414133,-18.609796],[-64.39151,-18.601902],[-64.370107,-18.609063],[-64.364817,-18.615899],[-64.35554,-18.640313],[-64.350006,-18.647963],[-64.329701,-18.666925],[-64.320017,-18.67905],[-64.316477,-18.691339],[-64.316884,-18.704441],[-64.319163,-18.719252],[-64.319569,-18.735528],[-64.316029,-18.748468],[-64.301666,-18.774265],[-64.296457,-18.78753],[-64.289174,-18.814304],[-64.28189,-18.826349],[-64.261383,-18.842625],[-64.240102,-18.853041],[-64.220774,-18.865655],[-64.206288,-18.88836],[-64.203603,-18.901381],[-64.202138,-18.91546],[-64.199208,-18.928725],[-64.192128,-18.939304],[-64.179799,-18.945815],[-64.165151,-18.949151],[-64.135935,-18.951023],[-64.120473,-18.955418],[-64.111399,-18.964776],[-64.103505,-18.976251],[-64.091908,-18.986668],[-64.084543,-18.989109],[-64.077545,-18.98976],[-64.070953,-18.992201],[-64.064809,-18.999933],[-64.023305,-19.137872],[-64.021108,-19.149916],[-64.016428,-19.160577],[-64.007069,-19.168796],[-63.991933,-19.173272],[-63.973541,-19.174493],[-63.95523,-19.173028],[-63.939931,-19.169366],[-63.927235,-19.162774],[-63.917714,-19.153985],[-63.910837,-19.142592],[-63.906077,-19.12892],[-63.896718,-19.056004],[-63.885243,-19.03517],[-63.872792,-19.0263],[-63.861073,-19.0263],[-63.83434,-19.034519],[-63.813385,-19.035333],[-63.7506,-19.028334]],[[-63.757517,-19.028334],[-63.724599,-19.021661],[-63.715891,-19.022638],[-63.710764,-19.026869],[-63.707509,-19.032729],[-63.702545,-19.045424],[-63.69286,-19.060479],[-63.680043,-19.072605],[-63.664784,-19.081476],[-63.647817,-19.086847],[-63.609486,-19.09295],[-63.590484,-19.091729],[-63.572865,-19.085138],[-63.56314,-19.077081],[-63.558827,-19.068211],[-63.558217,-19.058038],[-63.561879,-19.014011],[-63.560943,-18.977716],[-63.55427,-18.95672],[-63.539906,-18.940281],[-63.51594,-18.928562],[-63.421051,-18.911554],[-63.377756,-18.896417],[-63.368276,-18.891778],[-63.363433,-18.887058],[-63.361643,-18.880548],[-63.361195,-18.870294],[-63.356801,-18.853936],[-63.346099,-18.839858],[-63.332143,-18.828058],[-63.301747,-18.809503],[-63.285227,-18.803562],[-63.249745,-18.797377],[-63.231679,-18.791436],[-63.221099,-18.779962],[-63.211822,-18.76629],[-63.197743,-18.753839],[-63.16393,-18.736179],[-63.149403,-18.725763],[-63.136871,-18.710789],[-63.11498,-18.658217],[-63.105051,-18.642511],[-63.065745,-18.609063],[-63.055776,-18.594903],[-63.038197,-18.540379],[-63.029124,-18.523451],[-62.972564,-18.46502],[-62.963531,-18.450698],[-62.940582,-18.389988],[-62.925038,-18.365574],[-62.915842,-18.355483],[-62.894887,-18.339044],[-62.885976,-18.329522],[-62.8815,-18.317071],[-62.882232,-18.299493],[-62.889231,-18.266046],[-62.888376,-18.247735],[-62.882517,-18.230401],[-62.854888,-18.182631],[-62.849721,-18.165379],[-62.848012,-18.107273],[-62.844716,-18.087416],[-62.838735,-18.067315],[-62.830515,-18.047865],[-62.820139,-18.030206],[-62.807362,-18.013523],[-62.802235,-18.004571],[-62.79955,-17.99448],[-62.800404,-17.979018],[-62.808502,-17.949884],[-62.81078,-17.934991],[-62.808746,-17.920343],[-62.802968,-17.908868],[-62.787262,-17.885756],[-62.78185,-17.868666],[-62.773752,-17.817234],[-62.773061,-17.798761],[-62.766103,-17.752781],[-62.780263,-17.57879],[-62.788726,-17.546889],[-62.790639,-17.531264],[-62.787953,-17.515151],[-62.764068,-17.471531],[-62.756337,-17.44964],[-62.749867,-17.400079],[-62.74828,-17.338311],[-62.745595,-17.326023],[-62.728668,-17.286635],[-62.726755,-17.26808],[-62.737172,-17.248386],[-62.7447,-17.238295],[-62.748606,-17.229181],[-62.754018,-17.193211],[-62.757721,-17.18255],[-62.764027,-17.173354],[-62.773549,-17.165948],[-62.789174,-17.16131],[-62.822621,-17.163018],[-62.838857,-17.160496],[-62.851674,-17.152765],[-62.874135,-17.131524],[-62.886464,-17.122573],[-62.900868,-17.116225],[-62.908762,-17.114109],[-62.916127,-17.113132],[-62.924062,-17.11419],[-62.936106,-17.120538],[-62.942372,-17.122735],[-62.959828,-17.119317],[-62.971018,-17.10589],[-62.984771,-17.07171],[-62.990102,-17.062188],[-63.019154,-17.032403],[-63.025868,-17.021824],[-63.066396,-16.914727],[-63.068959,-16.897393],[-63.067698,-16.86183],[-63.069081,-16.844578],[-63.076405,-16.824233],[-63.088694,-16.80519],[-63.149648,-16.743015],[-63.16808,-16.732761],[-63.188547,-16.731296],[-63.210764,-16.740655],[-63.219716,-16.741632],[-63.232289,-16.739272],[-63.267893,-16.72381],[-63.297719,-16.715346],[-63.304921,-16.71087],[-63.325103,-16.69435],[-63.339833,-16.687921],[-63.387278,-16.675226],[-63.522369,-16.598565],[-63.540476,-16.583429],[-63.547963,-16.579604],[-63.599762,-16.566908],[-63.663971,-16.531101],[-63.68578,-16.525893],[-63.754262,-16.51808],[-63.771108,-16.512221],[-63.777659,-16.501153],[-63.78954,-16.46087],[-63.791615,-16.446791],[-63.797109,-16.433933],[-63.823638,-16.404718],[-63.861073,-16.373224],[-63.874989,-16.356866],[-63.880971,-16.336928],[-63.882883,-16.292494],[-63.888783,-16.275323],[-63.901479,-16.258966],[-63.916615,-16.249444],[-63.960561,-16.227879],[-63.969716,-16.22088],[-63.981191,-16.224786],[-64.035024,-16.216323],[-64.052317,-16.210626],[-64.079539,-16.187839],[-64.093984,-16.179701],[-64.137278,-16.175144],[-64.155019,-16.170099],[-64.168568,-16.159682],[-64.175852,-16.142267],[-64.176218,-16.094659],[-64.182485,-16.082371],[-64.193471,-16.076593],[-64.221913,-16.072442],[-64.234364,-16.068536],[-64.284006,-16.037123],[-64.32726,-16.019708],[-64.369781,-15.993341],[-64.415028,-15.956557],[-64.427398,-15.951593],[-64.441355,-15.94907],[-64.471669,-15.946466],[-64.485422,-15.942804],[-64.496449,-15.935968],[-64.516916,-15.91782],[-64.571889,-15.88478],[-64.579661,-15.883152],[-64.596425,-15.882989],[-64.604237,-15.88185],[-64.609446,-15.879246],[-64.619049,-15.871921],[-64.624094,-15.869155],[-64.661041,-15.861179],[-64.663808,-15.859796]]]}},{"type":"Feature","properties":{"dissolve":"78River","scalerank":3.0,"featurecla":"River","name":"Negro","name_alt":null,"rivernum":78,"note":null,"min_zoom":3.0,"name_en":"Negro","min_label":4.0},"bbox":[-70.336171,-3.170099,-59.905426,2.842231],"geometry":{"type":"MultiLineString","coordinates":[[[-70.336171,2.058132],[-70.32079,2.062079],[-70.2954,2.062445],[-70.271555,2.059841],[-70.261057,2.054999],[-70.252309,2.062283],[-70.168446,2.100206],[-70.149648,2.104804],[-70.127024,2.106513],[-70.103668,2.101874],[-70.062327,2.082587],[-70.041331,2.079861],[-69.978383,2.108832],[-69.966868,2.109931],[-69.95523,2.107978],[-69.897939,2.134467],[-69.877431,2.138983],[-69.861073,2.133572],[-69.845041,2.12519],[-69.825592,2.120795],[-69.802398,2.121202],[-69.784169,2.123562],[-69.768666,2.129706],[-69.753285,2.141303],[-69.720286,2.175849],[-69.702463,2.186062],[-69.67512,2.189724],[-69.63386,2.189724],[-69.621083,2.187527],[-69.600209,2.17768],[-69.588816,2.175401],[-69.520579,2.205878],[-69.510976,2.214667],[-69.40095,2.2685],[-69.380279,2.271674],[-69.36974,2.274726],[-69.349192,2.288398],[-69.339019,2.291531],[-69.316477,2.290107],[-69.254994,2.278632],[-69.21581,2.277859],[-69.209462,2.274685],[-69.192291,2.260565],[-69.18163,2.257351],[-69.169911,2.256415],[-69.136952,2.249945],[-69.093088,2.250841],[-69.071238,2.248806],[-69.061879,2.240587],[-68.992991,2.20893],[-68.94872,2.205593],[-68.864898,2.224677],[-68.821645,2.223212],[-68.78303,2.216579],[-68.749664,2.216376],[-68.735097,2.225043],[-68.717356,2.245144],[-68.691355,2.284695],[-68.673207,2.323106],[-68.662221,2.340155],[-68.646962,2.356716],[-68.638092,2.362576],[-68.628245,2.365749],[-68.606028,2.367214],[-68.599843,2.371649],[-68.583241,2.393012],[-68.575266,2.400702],[-68.5537,2.407538],[-68.53425,2.404568],[-68.517242,2.398057],[-68.485463,2.390977],[-68.472401,2.382188],[-68.451731,2.359809],[-68.405832,2.324408],[-68.393707,2.318793],[-68.372711,2.314521],[-68.347727,2.295722],[-68.328847,2.291531],[-68.305287,2.300116],[-68.278432,2.337592],[-68.263376,2.346137],[-68.251291,2.356391],[-68.248687,2.379828],[-68.252512,2.422431],[-68.250437,2.427029],[-68.2412,2.436835],[-68.23884,2.442939],[-68.240346,2.442694],[-68.243276,2.44538],[-68.245839,2.450059],[-68.246327,2.456],[-68.244985,2.481553],[-68.240631,2.492865],[-68.228871,2.497585],[-68.223785,2.501776],[-68.180084,2.551378],[-68.143219,2.579535],[-68.13858,2.586453],[-68.129709,2.60517],[-68.123402,2.614285],[-68.088938,2.590928],[-68.082428,2.579535],[-68.0655,2.598009],[-68.057281,2.618923],[-68.054677,2.639716],[-68.054514,2.658311],[-68.050201,2.6671],[-68.031402,2.672878],[-68.027211,2.678778],[-68.023264,2.692939],[-68.013905,2.6942],[-68.002431,2.690375],[-67.992421,2.689399],[-67.971913,2.699246],[-67.949534,2.714626],[-67.931508,2.733669],[-67.91686,2.776394],[-67.899159,2.785712],[-67.876861,2.790717],[-67.855865,2.799262],[-67.855865,2.791775],[-67.84203,2.801622],[-67.834096,2.815375],[-67.824086,2.827501],[-67.804067,2.83279],[-67.782175,2.831651],[-67.770904,2.832587],[-67.75182,2.842231],[-67.743276,2.83869],[-67.73233,2.826524],[-67.691151,2.806505],[-67.666371,2.80154],[-67.646352,2.808865],[-67.627309,2.813544],[-67.609242,2.798692],[-67.595041,2.776231],[-67.587758,2.758246],[-67.582265,2.713202],[-67.576283,2.69123],[-67.564443,2.681912],[-67.519521,2.681179],[-67.500966,2.675564],[-67.485951,2.662055],[-67.481801,2.653673],[-67.475819,2.634833],[-67.471669,2.627265],[-67.462514,2.620632],[-67.44107,2.610175],[-67.436879,2.603705],[-67.43342,2.595526],[-67.417714,2.575954],[-67.413645,2.572089],[-67.401112,2.568427],[-67.393951,2.559516],[-67.388824,2.548367],[-67.382314,2.537909],[-67.372792,2.530585],[-67.350575,2.518622],[-67.341298,2.510565],[-67.336537,2.500434],[-67.332021,2.486843],[-67.326161,2.474799],[-67.317454,2.469672],[-67.306467,2.466376],[-67.295522,2.458523],[-67.276479,2.439521],[-67.267323,2.433946],[-67.232086,2.422431],[-67.198354,2.402126],[-67.1905,2.394558],[-67.186879,2.38463],[-67.186513,2.365668],[-67.180898,2.356716],[-67.174469,2.336615],[-67.187815,2.316107],[-67.207102,2.297919],[-67.218455,2.284695],[-67.218007,2.266221],[-67.202097,2.228095],[-67.194936,2.19713],[-67.178578,2.154649],[-67.170033,2.141303],[-67.154856,2.132839],[-67.13683,2.127265],[-67.121693,2.119208],[-67.115387,2.103095],[-67.111928,2.048936],[-67.115387,2.03144],[-67.11974,2.024115],[-67.135854,2.003485],[-67.133412,1.990994],[-67.126291,1.980658],[-67.118804,1.97252],[-67.111155,1.959662],[-67.092356,1.946641],[-67.088124,1.938992],[-67.085561,1.928087],[-67.067616,1.894232],[-66.981679,1.666083],[-66.978871,1.644477],[-66.978749,1.59988],[-66.974924,1.580146],[-66.965199,1.558458],[-66.943918,1.523301],[-66.934397,1.501817],[-66.930409,1.479682],[-66.937245,1.438666],[-66.933461,1.424831],[-66.924143,1.414496],[-66.912668,1.405341],[-66.902537,1.394599],[-66.891916,1.374701],[-66.884267,1.350124],[-66.883209,1.326199],[-66.901682,1.289089],[-66.896718,1.265448],[-66.875803,1.222683],[-66.862294,1.199083],[-66.855336,1.177761],[-66.86148,1.12991],[-66.86148,1.089219],[-66.858388,1.076931],[-66.844797,1.055487],[-66.841664,1.047919],[-66.840321,1.000596],[-66.843984,0.980007],[-66.855336,0.955146],[-66.872548,0.932685],[-66.894643,0.913764],[-66.943471,0.886257],[-66.959055,0.893744],[-67.010121,0.909735],[-67.023183,0.910753],[-67.032582,0.90766],[-67.044789,0.907579],[-67.055531,0.905707],[-67.063466,0.890163],[-67.071767,0.884101],[-67.082753,0.880316],[-67.094309,0.880072],[-67.106638,0.889919],[-67.122548,0.90705],[-67.140736,0.918402],[-67.160064,0.910753],[-67.168691,0.9053],[-67.191965,0.896593],[-67.201039,0.890001],[-67.20995,0.878201],[-67.215688,0.868232],[-67.239735,0.809597],[-67.242991,0.786648],[-67.230417,0.750312],[-67.238149,0.702704],[-67.238881,0.681464],[-67.231313,0.652899],[-67.232086,0.640448],[-67.234934,0.62991],[-67.243357,0.609076],[-67.245107,0.602607],[-67.247548,0.57921],[-67.254018,0.557644],[-67.273061,0.516303],[-67.314849,0.452175],[-67.320872,0.43126],[-67.319488,0.403347],[-67.315378,0.370388],[-67.307769,0.338813],[-67.295115,0.308173],[-67.289622,0.289578],[-67.267079,0.110704],[-67.266835,0.08869],[-67.262685,0.073269],[-67.232086,0.030341],[-67.218861,0.000271],[-67.20934,-0.012384],[-67.194203,-0.01747],[-67.17394,-0.019504],[-67.158599,-0.025852],[-67.146555,-0.036798],[-67.135854,-0.052179],[-67.119252,-0.094089],[-67.108062,-0.112726],[-67.077504,-0.127374],[-67.034088,-0.175144],[-67.015004,-0.187188],[-66.991607,-0.193211],[-66.967681,-0.190851],[-66.947174,-0.178888],[-66.92455,-0.159112],[-66.907582,-0.15252],[-66.890859,-0.156589],[-66.75829,-0.221124],[-66.615102,-0.332045],[-66.55134,-0.364679],[-66.515981,-0.376479],[-66.465037,-0.382989],[-66.416493,-0.394871],[-66.383453,-0.393731],[-66.372792,-0.394871],[-66.353261,-0.400811],[-66.343332,-0.402032],[-66.332997,-0.399754],[-66.32608,-0.39544],[-66.287343,-0.361017],[-66.268666,-0.339532],[-66.261464,-0.333185],[-66.252756,-0.328546],[-66.240712,-0.325535],[-66.203481,-0.324395],[-66.160837,-0.315362],[-66.136342,-0.314386],[-66.037953,-0.328953],[-65.988271,-0.326837],[-65.964467,-0.320815],[-65.955637,-0.317071],[-65.947499,-0.312188],[-65.9405,-0.306004],[-65.934722,-0.298191],[-65.922271,-0.271417],[-65.915679,-0.263849],[-65.897125,-0.254571],[-65.873525,-0.250665],[-65.84968,-0.252455],[-65.83019,-0.259942],[-65.800038,-0.285821],[-65.791331,-0.290867],[-65.772613,-0.297377],[-65.73762,-0.304864],[-65.6881,-0.307794],[-65.621653,-0.300795],[-65.555531,-0.282566],[-65.532379,-0.282647],[-65.509348,-0.287937],[-65.465321,-0.305027],[-65.392242,-0.346531],[-65.260813,-0.40073],[-65.243072,-0.407729],[-65.233835,-0.41017],[-65.223988,-0.411635],[-65.048248,-0.41782],[-65.023915,-0.426283],[-64.96467,-0.465346],[-64.942047,-0.474054],[-64.931142,-0.476007],[-64.9204,-0.476414],[-64.909779,-0.474786],[-64.873118,-0.458836],[-64.792063,-0.435479],[-64.766916,-0.434421],[-64.712514,-0.440118],[-64.64745,-0.435724],[-64.430491,-0.366876],[-64.285553,-0.349461],[-64.097564,-0.301121],[-64.059438,-0.296563],[-63.779612,-0.311944],[-63.708363,-0.327488],[-63.643707,-0.359552],[-63.405019,-0.546319],[-63.341786,-0.579115],[-63.145985,-0.643243],[-63.025136,-0.702162],[-62.999013,-0.72088],[-62.975575,-0.74212],[-62.936025,-0.792169],[-62.880605,-0.879815],[-62.858225,-0.906264],[-62.829661,-0.931492],[-62.431956,-1.145522],[-62.264638,-1.204115],[-62.245798,-1.208022],[-62.190012,-1.233087],[-62.183665,-1.237237],[-62.1787,-1.241388],[-62.165883,-1.255711],[-62.144887,-1.271498],[-61.969472,-1.362237],[-61.959869,-1.365167],[-61.951894,-1.368992],[-61.948069,-1.370131],[-61.928049,-1.373224],[-61.88093,-1.389174],[-61.856801,-1.392918],[-61.831858,-1.390639],[-61.778391,-1.376479],[-61.765859,-1.376967],[-61.754547,-1.380304],[-61.744049,-1.385919],[-61.702301,-1.420343],[-61.690175,-1.42726],[-61.676869,-1.432468],[-61.610097,-1.446954],[-61.588531,-1.457696],[-61.571238,-1.473565],[-61.558827,-1.496108],[-61.532053,-1.570652],[-61.516021,-1.592706],[-61.463368,-1.648451],[-61.44933,-1.670831],[-61.437815,-1.697686],[-61.430979,-1.724542],[-61.429107,-1.752293],[-61.438832,-1.830418],[-61.433705,-1.852716],[-61.417958,-1.872979],[-61.323313,-1.937433],[-61.221181,-2.025242],[-61.213857,-2.033868],[-61.186716,-2.074233],[-61.117991,-2.1478],[-61.058949,-2.25392],[-61.026519,-2.405287],[-61.014272,-2.430352],[-60.949656,-2.513116],[-60.780141,-2.681573],[-60.662831,-2.775242],[-60.646596,-2.793308],[-60.632721,-2.813165],[-60.585317,-2.901381],[-60.571156,-2.922296],[-60.517486,-2.994155],[-60.486562,-3.026381],[-60.450754,-3.049168],[-60.41039,-3.063328],[-60.3662,-3.069838],[-60.249135,-3.066583],[-60.210317,-3.071222],[-60.177235,-3.082045],[-60.029652,-3.159845],[-60.009674,-3.166681],[-59.999745,-3.168959],[-59.989573,-3.170099],[-59.979319,-3.169936],[-59.969228,-3.16839],[-59.959584,-3.164727],[-59.951772,-3.159112],[-59.937164,-3.145522],[-59.905426,-3.126967]]]}},{"type":"Feature","properties":{"dissolve":"7Lake Centerline","scalerank":1.0,"featurecla":"Lake Centerline","name":"Madison","name_alt":null,"rivernum":7,"note":null,"min_zoom":2.0,"name_en":"Madison","min_label":3.0},"bbox":[-111.31017,44.759345,-111.0985,44.873114],"geometry":{"type":"MultiLineString","coordinates":[[[-111.0985,44.759345],[-111.145985,44.770128],[-111.184397,44.767686],[-111.204091,44.770046],[-111.219146,44.775173],[-111.230946,44.792263],[-111.239003,44.814887],[-111.255198,44.829901],[-111.275014,44.842149],[-111.31017,44.873114]]]}},{"type":"Feature","properties":{"dissolve":"7River","scalerank":1.0,"featurecla":"River","name":"Madison","name_alt":null,"rivernum":7,"note":null,"min_zoom":2.0,"name_en":"Madison","min_label":3.0},"bbox":[-111.732411,44.646755,-110.743723,46.360378],"geometry":{"type":"MultiLineString","coordinates":[[[-111.310211,44.873155],[-111.332753,44.878933],[-111.344716,44.880072],[-111.355702,44.87877],[-111.361928,44.875434],[-111.365956,44.870225],[-111.369293,44.864285],[-111.373769,44.858425],[-111.404042,44.838731],[-111.438547,44.832709],[-111.47411,44.837836],[-111.507721,44.851508],[-111.516957,44.857733],[-111.543365,44.880642],[-111.591624,44.9112],[-111.603383,44.925238],[-111.613271,44.948106],[-111.619781,44.958686],[-111.629547,44.96544],[-111.635813,44.97838],[-111.646637,45.047919],[-111.643381,45.057196],[-111.637074,45.068305],[-111.632883,45.079413],[-111.635813,45.088568],[-111.640004,45.09573],[-111.652903,45.12641],[-111.705922,45.185126],[-111.727447,45.217963],[-111.732411,45.26203],[-111.727651,45.28266],[-111.712229,45.322211],[-111.691803,45.40001],[-111.68224,45.417019],[-111.667633,45.430203],[-111.636057,45.450385],[-111.624664,45.467231],[-111.620717,45.484076],[-111.619211,45.500352],[-111.615549,45.516059],[-111.605214,45.531114],[-111.58434,45.54918],[-111.579172,45.556749],[-111.577056,45.565619],[-111.577382,45.584337],[-111.57551,45.592353],[-111.563629,45.603542],[-111.531484,45.608588],[-111.516347,45.615749],[-111.507069,45.630927],[-111.507639,45.647732],[-111.51183,45.665147],[-111.513499,45.682725],[-111.506744,45.705878],[-111.482249,45.748603],[-111.474517,45.770779],[-111.474965,45.782904],[-111.480946,45.806952],[-111.481191,45.819159],[-111.475087,45.834011],[-111.465932,45.846015],[-111.458852,45.858344],[-111.458648,45.873887],[-111.464915,45.885932],[-111.471791,45.893866],[-111.475494,45.902411],[-111.449574,45.99433],[-111.438059,46.011542],[-111.416331,46.018866],[-111.399037,46.018012],[-111.387563,46.023505],[-111.383412,46.04975],[-111.38976,46.067979],[-111.39094,46.077012],[-111.388092,46.085069],[-111.369781,46.115261],[-111.393137,46.124091],[-111.406361,46.136908],[-111.403066,46.147488],[-111.376576,46.149359],[-111.376576,46.156195],[-111.405385,46.169786],[-111.429311,46.190253],[-111.445668,46.216824],[-111.451731,46.248643],[-111.456125,46.260769],[-111.466379,46.273383],[-111.48644,46.293321],[-111.497792,46.309841],[-111.502187,46.32392],[-111.515859,46.360378]],[[-110.743723,44.726752],[-110.763743,44.720486],[-110.774973,44.708564],[-110.791412,44.676052],[-110.807729,44.659613],[-110.828236,44.650336],[-110.850982,44.646755],[-110.897043,44.648708],[-110.904042,44.650824],[-110.911122,44.655707],[-110.916331,44.6612],[-110.92219,44.66588],[-110.930898,44.66828],[-111.013987,44.663031],[-111.039174,44.66588],[-111.05016,44.677069],[-111.055043,44.69835],[-111.067291,44.722113],[-111.083079,44.743964],[-111.0985,44.759345]]]}},{"type":"Feature","properties":{"dissolve":"80River","scalerank":3.0,"featurecla":"River","name":"Allegheny","name_alt":null,"rivernum":80,"note":null,"min_zoom":3.0,"name_en":"Allegheny","min_label":4.0},"bbox":[-79.990875,40.447699,-77.860015,42.160834],"geometry":{"type":"MultiLineString","coordinates":[[[-77.860015,41.831855],[-77.886383,41.824978],[-77.947377,41.83161],[-77.976755,41.824408],[-78.019399,41.781073],[-78.045237,41.764228],[-78.072987,41.763536],[-78.142445,41.788113],[-78.165435,41.79088],[-78.196604,41.790229],[-78.228342,41.790961],[-78.243398,41.793158],[-78.257314,41.797065],[-78.271392,41.80622],[-78.309153,41.848944],[-78.361073,41.891466],[-78.374623,41.906928],[-78.381337,41.924018],[-78.38565,41.948839],[-78.385365,41.974148],[-78.378041,41.992621],[-78.359486,42.001776],[-78.339182,42.005398],[-78.326975,42.013861],[-78.332997,42.037909],[-78.343455,42.048163],[-78.383412,42.073798],[-78.398183,42.078884],[-78.474273,42.079291],[-78.498118,42.085069],[-78.528472,42.103583],[-78.55012,42.109727],[-78.583567,42.096747],[-78.607818,42.092108],[-78.632924,42.090155],[-78.648915,42.092556],[-78.658844,42.108832],[-78.663889,42.131659],[-78.674143,42.151964],[-78.699818,42.160834],[-78.74767,42.160834],[-78.761464,42.158311],[-78.767934,42.151923],[-78.77184,42.143134],[-78.778066,42.13349],[-78.788238,42.121649],[-78.795033,42.116889],[-78.805979,42.113064],[-78.841298,42.113634],[-78.850697,42.10932],[-78.867747,42.096218],[-78.872914,42.088813],[-78.878163,42.061957],[-78.886545,42.056505],[-78.909047,42.051581],[-78.933949,42.03852],[-78.943471,42.027655],[-78.940175,41.942816],[-78.941884,41.922919],[-78.950592,41.900743],[-78.961497,41.881781],[-78.973134,41.8664],[-78.987945,41.856065],[-79.034169,41.849921],[-79.093984,41.831855],[-79.137563,41.831081],[-79.226674,41.842882],[-79.258453,41.83808],[-79.271352,41.82685],[-79.282216,41.809923],[-79.289784,41.791042],[-79.292592,41.77379],[-79.296742,41.764838],[-79.3308,41.730821],[-79.344472,41.711127],[-79.354075,41.701483],[-79.399159,41.687364],[-79.417551,41.676134],[-79.406728,41.639838],[-79.40689,41.614325],[-79.410715,41.58865],[-79.415517,41.571153],[-79.451161,41.519477],[-79.456451,41.499132],[-79.464711,41.484076],[-79.484527,41.477484],[-79.540028,41.475531],[-79.589182,41.461941],[-79.601064,41.461941],[-79.644399,41.471015],[-79.658844,41.468085],[-79.648264,41.448269],[-79.665598,41.429633],[-79.68692,41.426134],[-79.709828,41.428656],[-79.731435,41.427802],[-79.738352,41.424669],[-79.750071,41.416368],[-79.758127,41.41352],[-79.765004,41.41295],[-79.779164,41.413926],[-79.786041,41.41352],[-79.800608,41.406928],[-79.814605,41.395331],[-79.820424,41.384223],[-79.797678,41.374864],[-79.788197,41.364325],[-79.782053,41.351833],[-79.779856,41.341498],[-79.784291,41.330268],[-79.795277,41.325466],[-79.823883,41.324774],[-79.850575,41.311876],[-79.851877,41.285956],[-79.836537,41.265733],[-79.813344,41.270128],[-79.79601,41.256944],[-79.770985,41.22248],[-79.751943,41.208075],[-79.729644,41.214667],[-79.710113,41.19892],[-79.683013,41.152777],[-79.677113,41.138454],[-79.669993,41.08515],[-79.661977,41.060614],[-79.652252,41.050605],[-79.614735,41.036729],[-79.595611,41.022162],[-79.59732,41.009589],[-79.628407,40.982123],[-79.611806,40.97838],[-79.588979,40.981228],[-79.568837,40.980251],[-79.553049,40.949774],[-79.536,40.935411],[-79.515492,40.924872],[-79.498036,40.920681],[-79.49352,40.923774],[-79.486928,40.930121],[-79.479075,40.935126],[-79.470774,40.934353],[-79.463979,40.926215],[-79.464711,40.917263],[-79.468455,40.907416],[-79.470774,40.896511],[-79.478139,40.881781],[-79.513336,40.848009],[-79.52538,40.831326],[-79.531077,40.808051],[-79.531606,40.791449],[-79.535064,40.776679],[-79.54955,40.758979],[-79.556874,40.754014],[-79.565419,40.750922],[-79.574696,40.749213],[-79.584055,40.748725],[-79.59203,40.745144],[-79.591949,40.73668],[-79.588775,40.727484],[-79.587473,40.721462],[-79.601471,40.702338],[-79.619862,40.697455],[-79.640004,40.695258],[-79.667348,40.67947],[-79.691558,40.669053],[-79.696685,40.663682],[-79.697336,40.650336],[-79.699574,40.63935],[-79.703928,40.629462],[-79.710927,40.619005],[-79.727366,40.608466],[-79.750396,40.600287],[-79.770985,40.590277],[-79.779856,40.574286],[-79.777211,40.570828],[-79.772613,40.560004],[-79.770741,40.548611],[-79.776112,40.54328],[-79.813791,40.544623],[-79.827016,40.54328],[-79.84317,40.533515],[-79.861562,40.502753],[-79.878245,40.496161],[-79.927398,40.498236],[-79.952789,40.496405],[-79.971669,40.488715],[-79.978342,40.479071],[-79.984527,40.456651],[-79.990875,40.447699]]]}},{"type":"Feature","properties":{"dissolve":"87River","scalerank":3.0,"featurecla":"River","name":"Mamoré","name_alt":null,"rivernum":87,"note":null,"min_zoom":3.0,"name_en":"Mamoré","min_label":4.0},"bbox":[-65.340159,-15.859796,-64.663808,-11.91603],"geometry":{"type":"MultiLineString","coordinates":[[[-64.663808,-15.859796],[-64.668609,-15.857273],[-64.705881,-15.825128],[-64.728179,-15.799493],[-64.738759,-15.778985],[-64.742747,-15.759698],[-64.746816,-15.717706],[-64.755727,-15.688816],[-64.761464,-15.652683],[-64.786122,-15.585463],[-64.79898,-15.512709],[-64.817698,-15.472101],[-64.826527,-15.438816],[-64.834828,-15.423272],[-64.840972,-15.416925],[-64.847035,-15.412042],[-64.852122,-15.406671],[-64.855621,-15.398777],[-64.855946,-15.389581],[-64.853993,-15.382501],[-64.853383,-15.375339],[-64.858022,-15.365574],[-64.87092,-15.353041],[-64.902211,-15.334161],[-64.915395,-15.320652],[-64.924428,-15.301121],[-64.934641,-15.258966],[-64.943796,-15.239679],[-64.973622,-15.210138],[-64.986277,-15.194268],[-65.002675,-15.127618],[-65.008453,-15.117608],[-65.013783,-15.104343],[-65.00829,-15.089369],[-64.991363,-15.066095],[-65.004994,-15.066095],[-65.016428,-15.062677],[-65.025502,-15.056085],[-65.032338,-15.046238],[-64.98766,-15.011407],[-64.984242,-15.004571],[-64.983957,-14.959893],[-64.995717,-14.936944],[-65.018788,-14.917494],[-65.034739,-14.896173],[-65.024892,-14.867364],[-65.052846,-14.819675],[-65.055002,-14.806492],[-65.054921,-14.79103],[-65.05724,-14.776218],[-65.066518,-14.7645],[-65.077626,-14.769871],[-65.083811,-14.765476],[-65.086415,-14.754571],[-65.086985,-14.740574],[-65.089426,-14.726576],[-65.095774,-14.712416],[-65.104563,-14.699558],[-65.114329,-14.688653],[-65.105702,-14.686456],[-65.090566,-14.685398],[-65.074534,-14.686944],[-65.049306,-14.699884],[-65.04483,-14.688002],[-65.04662,-14.662042],[-65.003774,-14.585626],[-64.969106,-14.451837],[-64.966908,-14.435479],[-64.982818,-14.421889],[-64.994252,-14.394952],[-64.987782,-14.374526],[-64.949818,-14.380792],[-64.954091,-14.361749],[-64.978912,-14.326593],[-64.980824,-14.315932],[-64.996083,-14.282892],[-65.027821,-14.243015],[-65.040639,-14.222019],[-65.046132,-14.200128],[-65.042551,-14.185479],[-65.026967,-14.160577],[-65.025014,-14.145847],[-65.032094,-14.129815],[-65.058339,-14.104669],[-65.068349,-14.089532],[-65.082875,-14.061456],[-65.116851,-14.015313],[-65.142161,-13.960951],[-65.15038,-13.952813],[-65.164418,-13.947442],[-65.176218,-13.948907],[-65.190785,-13.953627],[-65.204986,-13.955418],[-65.215647,-13.948093],[-65.212514,-13.935073],[-65.193227,-13.930108],[-65.177642,-13.920424],[-65.191518,-13.880385],[-65.191518,-13.868015],[-65.189809,-13.855483],[-65.190541,-13.841811],[-65.196116,-13.824558],[-65.202789,-13.817315],[-65.227691,-13.806492],[-65.27831,-13.771173],[-65.302398,-13.749933],[-65.322987,-13.727472],[-65.327097,-13.703546],[-65.317942,-13.679376],[-65.315582,-13.660089],[-65.340159,-13.650811],[-65.335317,-13.639825],[-65.329579,-13.608819],[-65.325103,-13.596856],[-65.32079,-13.588311],[-65.307688,-13.569024],[-65.291127,-13.549819],[-65.284657,-13.539239],[-65.283437,-13.527032],[-65.288442,-13.521417],[-65.306386,-13.523614],[-65.312245,-13.520929],[-65.311594,-13.491225],[-65.261871,-13.444757],[-65.250803,-13.41131],[-65.253733,-13.405287],[-65.259389,-13.400079],[-65.26476,-13.393406],[-65.266672,-13.383722],[-65.262766,-13.372898],[-65.238881,-13.345229],[-65.230784,-13.319675],[-65.234283,-13.274265],[-65.230865,-13.247491],[-65.221669,-13.23032],[-65.195017,-13.197442],[-65.18814,-13.181329],[-65.194569,-13.166436],[-65.210561,-13.156427],[-65.224029,-13.144545],[-65.222727,-13.124444],[-65.193512,-13.111261],[-65.148346,-13.113946],[-65.108632,-13.108087],[-65.095896,-13.069268],[-65.103586,-13.057061],[-65.115549,-13.046808],[-65.120717,-13.034682],[-65.107981,-13.016615],[-65.091257,-13.009454],[-65.052642,-13.00685],[-65.038442,-12.998956],[-65.035024,-12.985528],[-65.037506,-12.967625],[-65.045969,-12.935479],[-65.045033,-12.927423],[-65.040476,-12.921401],[-65.027577,-12.910984],[-65.023874,-12.901381],[-65.030181,-12.894464],[-65.039622,-12.888198],[-65.045115,-12.881036],[-65.038686,-12.851251],[-65.021596,-12.822117],[-65.011342,-12.790704],[-65.04662,-12.708836],[-65.0537,-12.61297],[-65.073638,-12.565769],[-65.171132,-12.421808],[-65.178822,-12.404718],[-65.179758,-12.388849],[-65.169179,-12.375502],[-65.152211,-12.361749],[-65.140818,-12.346612],[-65.146677,-12.329115],[-65.173818,-12.310968],[-65.181223,-12.299005],[-65.168568,-12.286554],[-65.136952,-12.278985],[-65.130483,-12.270929],[-65.131744,-12.248549],[-65.138417,-12.23089],[-65.174469,-12.18849],[-65.182078,-12.169448],[-65.18692,-12.145196],[-65.186635,-12.129083],[-65.1787,-12.13478],[-65.166493,-12.152276],[-65.155995,-12.157647],[-65.14509,-12.151544],[-65.11856,-12.119073],[-65.108144,-12.112481],[-65.100697,-12.104425],[-65.09675,-12.0853],[-65.106191,-12.035007],[-65.120473,-12.037123],[-65.140248,-12.046075],[-65.157623,-12.04933],[-65.164703,-12.034519],[-65.161,-12.022393],[-65.152537,-12.009698],[-65.080393,-11.935073],[-65.065826,-11.927423],[-65.000111,-11.91603]]]}},{"type":"Feature","properties":{"dissolve":"88River","scalerank":3.0,"featurecla":"River","name":"Niagara","name_alt":null,"rivernum":88,"note":null,"min_zoom":3.0,"name_en":"Niagara","min_label":4.0},"bbox":[-79.066518,43.106065,-79.049428,43.278022],"geometry":{"type":"MultiLineString","coordinates":[[[-79.059193,43.278022],[-79.054555,43.260688],[-79.049428,43.170844],[-79.05012,43.160102],[-79.052398,43.147081],[-79.056386,43.138699],[-79.062164,43.130561],[-79.066518,43.120469],[-79.066029,43.106065]]]}},{"type":"Feature","properties":{"dissolve":"89River","scalerank":3.0,"featurecla":"River","name":"St. Clair","name_alt":null,"rivernum":89,"note":null,"min_zoom":3.0,"name_en":"St. Clair","min_label":4.0},"bbox":[-82.645131,42.558051,-82.415395,43.017401],"geometry":{"type":"MultiLineString","coordinates":[[[-82.417226,43.017401],[-82.415395,42.983466],[-82.431264,42.951524],[-82.453969,42.919216],[-82.465566,42.883897],[-82.468861,42.864285],[-82.483062,42.835395],[-82.486073,42.818712],[-82.474436,42.798407],[-82.47175,42.790839],[-82.472076,42.780097],[-82.477773,42.761746],[-82.484202,42.719509],[-82.512034,42.646918],[-82.526967,42.620144],[-82.550038,42.591254],[-82.57665,42.572048],[-82.609283,42.561347],[-82.645131,42.558051]]]}},{"type":"Feature","properties":{"dissolve":"8Lake Centerline","scalerank":1.0,"featurecla":"Lake Centerline","name":"Missouri","name_alt":null,"rivernum":8,"note":null,"min_zoom":2.0,"name_en":"Missouri","min_label":3.0},"bbox":[-111.697336,43.059882,-98.559682,48.162909],"geometry":{"type":"MultiLineString","coordinates":[[[-106.405629,48.020331],[-106.409006,48.000515],[-106.437327,47.961208],[-106.478912,47.934109],[-106.509674,47.905341],[-106.531158,47.867865],[-106.557281,47.841173],[-106.59142,47.826728],[-106.631825,47.812201],[-106.700103,47.781195],[-106.72761,47.764024],[-106.78303,47.756293],[-106.844797,47.757351],[-106.867787,47.745958],[-106.879465,47.712348],[-106.929921,47.688015],[-107.039662,47.679755],[-107.081288,47.679226],[-107.118316,47.68183],[-107.196929,47.675605],[-107.234242,47.677924],[-107.277699,47.688015],[-107.318349,47.703315],[-107.348053,47.710761],[-107.372141,47.711534],[-107.397776,47.69835],[-107.412913,47.676785],[-107.416819,47.658881],[-107.422109,47.640977],[-107.451568,47.635321],[-107.513661,47.650336],[-107.553375,47.662624],[-107.583974,47.663682],[-107.626576,47.656358],[-107.657623,47.645819],[-107.67748,47.635321],[-107.703603,47.601752],[-107.722239,47.582058],[-107.74828,47.567003],[-107.778961,47.557563],[-107.804107,47.550849],[-107.821523,47.544786],[-107.831451,47.524766],[-107.832875,47.50849],[-107.835194,47.498725],[-107.84435,47.474392],[-107.874867,47.463975],[-107.893544,47.476996],[-107.893544,47.501247],[-107.90392,47.5456],[-107.928293,47.580634],[-107.961781,47.596747],[-107.995269,47.605496],[-108.100819,47.606757],[-108.19636,47.601589]],[[-101.400136,47.505805],[-101.39981,47.505968],[-101.399648,47.506171],[-101.387115,47.536444],[-101.403554,47.554551],[-101.41804,47.563178],[-101.437123,47.567003],[-101.46935,47.570136],[-101.50536,47.569525],[-101.537017,47.563422],[-101.60733,47.539374],[-101.635732,47.533515],[-101.66804,47.528022],[-101.703969,47.527289],[-101.737945,47.530829],[-101.77477,47.529731],[-101.813222,47.523546],[-101.848012,47.521064],[-101.883697,47.52204],[-101.949615,47.535468],[-101.980824,47.539659],[-102.054067,47.567003],[-102.084828,47.576972],[-102.11734,47.590603],[-102.15217,47.596503],[-102.190582,47.600531],[-102.223704,47.610785],[-102.253977,47.62287],[-102.266184,47.64289],[-102.247548,47.685126],[-102.242747,47.699815],[-102.250071,47.718451],[-102.267568,47.737087],[-102.282338,47.755886],[-102.292388,47.790473],[-102.313344,47.806098],[-102.34081,47.792914],[-102.361806,47.786729],[-102.40689,47.778998],[-102.441396,47.779242],[-102.477406,47.78795],[-102.517079,47.80036],[-102.557485,47.80626],[-102.594065,47.810329],[-102.620758,47.822292],[-102.640004,47.838894],[-102.641591,47.868191],[-102.63036,47.91352],[-102.628814,47.929511],[-102.622182,47.948757],[-102.608998,47.964219],[-102.59675,47.96955],[-102.577952,47.984076],[-102.559641,48.007107],[-102.565541,48.018866],[-102.582875,48.027208],[-102.607737,48.033759],[-102.62975,48.044298],[-102.702056,48.095811],[-102.740549,48.116034],[-102.779042,48.130642],[-102.880849,48.150458],[-102.967681,48.160427],[-103.013051,48.162543],[-103.062082,48.162909],[-103.15392,48.157904],[-103.191477,48.138373],[-103.215972,48.10578],[-103.233998,48.086493],[-103.255727,48.07099],[-103.286733,48.061387],[-103.325266,48.061103],[-103.355051,48.05919],[-103.384836,48.053656],[-103.466786,48.023871],[-103.508372,48.036241],[-103.531321,48.07099],[-103.54308,48.095811],[-103.551137,48.128119],[-103.584706,48.143622],[-103.62564,48.133083],[-103.677805,48.108222],[-103.708852,48.088975],[-103.739858,48.066026],[-103.759592,48.045844],[-103.77123,48.028998]],[[-100.777211,46.713324],[-100.777415,46.702419],[-100.760121,46.680243],[-100.728098,46.663886],[-100.695953,46.656521],[-100.656158,46.641059],[-100.627105,46.625678],[-100.597401,46.60578],[-100.574818,46.573432],[-100.571889,46.540717],[-100.572499,46.511664],[-100.577789,46.48668],[-100.580556,46.465888],[-100.587066,46.452257],[-100.584299,46.431179],[-100.566151,46.40351],[-100.554514,46.377753],[-100.55016,46.353583],[-100.54955,46.333075],[-100.55663,46.315701],[-100.565663,46.302069],[-100.572336,46.285468],[-100.570627,46.266059],[-100.565338,46.238593],[-100.57311,46.213935],[-100.589101,46.201483],[-100.607818,46.18537],[-100.629465,46.168484],[-100.635162,46.15058],[-100.623118,46.127956],[-100.612864,46.103461],[-100.606109,46.076117],[-100.593007,46.052558],[-100.565826,46.027533],[-100.543324,45.997911],[-100.52481,45.96544],[-100.499867,45.939561],[-100.472076,45.919542],[-100.441518,45.902289],[-100.411244,45.880927],[-100.393137,45.857611],[-100.38268,45.821804],[-100.365834,45.786892],[-100.347035,45.763292],[-100.331044,45.735948],[-100.320953,45.712836],[-100.328521,45.692572],[-100.355702,45.680121],[-100.38565,45.66767],[-100.411448,45.660915],[-100.431549,45.639187],[-100.45051,45.609483],[-100.4676,45.591986],[-100.482655,45.573065],[-100.476308,45.548529],[-100.454986,45.52912],[-100.391713,45.503038],[-100.357086,45.485216],[-100.307607,45.427517],[-100.295033,45.407009],[-100.289622,45.386664],[-100.299957,45.363593],[-100.315663,45.3463],[-100.317372,45.330024],[-100.306386,45.303534],[-100.292551,45.274197],[-100.280141,45.255561],[-100.282582,45.233222],[-100.291005,45.210273],[-100.293813,45.183539],[-100.30309,45.157538],[-100.316151,45.127712],[-100.328725,45.092637],[-100.323598,45.06684],[-100.3037,45.042548],[-100.339711,45.035834],[-100.398834,45.0303],[-100.417958,45.002305],[-100.427235,44.975043],[-100.425404,44.951443],[-100.411733,44.899237],[-100.413442,44.880683],[-100.450795,44.838324],[-100.472524,44.828559],[-100.494862,44.827257],[-100.509836,44.811143],[-100.534983,44.773749],[-100.584299,44.77265],[-100.637929,44.813992],[-100.671132,44.831],[-100.7058,44.832709],[-100.728261,44.811143],[-100.722524,44.781195],[-100.647572,44.729193],[-100.636383,44.709337],[-100.636383,44.685736],[-100.642934,44.651801],[-100.64391,44.615017],[-100.632192,44.590196],[-100.606597,44.572821],[-100.571116,44.563015],[-100.545766,44.554145],[-100.537587,44.543321],[-100.550771,44.523139],[-100.581451,44.504218],[-100.584299,44.487128],[-100.557729,44.470282],[-100.524729,44.467231],[-100.485097,44.47073],[-100.453969,44.472235],[-100.420766,44.466498],[-100.393137,44.444932],[-100.392893,44.444403],[-100.39269,44.443793]],[[-111.515736,46.362494],[-111.51358,46.424099],[-111.52066,46.452257],[-111.548085,46.504584],[-111.568471,46.535264],[-111.593821,46.561835],[-111.654124,46.613552],[-111.678293,46.640692],[-111.688385,46.653876],[-111.697336,46.661566]],[[-99.364858,43.990912],[-99.36441,43.990587],[-99.35969,43.985867],[-99.358632,43.966132],[-99.36148,43.94241],[-99.361928,43.929755],[-99.360911,43.919257],[-99.343739,43.89997],[-99.325307,43.883409],[-99.320546,43.871853],[-99.315175,43.86164],[-99.327138,43.845323],[-99.3485,43.82571],[-99.358632,43.812201],[-99.369211,43.802761],[-99.388417,43.795722],[-99.413889,43.785183],[-99.423207,43.77086],[-99.421498,43.752631],[-99.414906,43.739447],[-99.406402,43.727159],[-99.426422,43.711249],[-99.453196,43.703192],[-99.461252,43.696397],[-99.468007,43.685411],[-99.461252,43.673163],[-99.440094,43.665961],[-99.416575,43.664903],[-99.387563,43.659532],[-99.363596,43.641791],[-99.352854,43.618964],[-99.347035,43.5987],[-99.337514,43.580919],[-99.320546,43.565619],[-99.296986,43.546576],[-99.290761,43.527615],[-99.303822,43.509955],[-99.305653,43.491156],[-99.295766,43.47252],[-99.280832,43.461371],[-99.251454,43.453559],[-99.177602,43.429877],[-99.141754,43.411689],[-99.115468,43.377143],[-99.080556,43.338894],[-99.049713,43.311143],[-99.022613,43.290839],[-99.002105,43.276964],[-98.972971,43.264431],[-98.920033,43.254462],[-98.897084,43.241645],[-98.880279,43.216376],[-98.884836,43.191352],[-98.876943,43.174994],[-98.856068,43.166693],[-98.828969,43.163398],[-98.785878,43.155951],[-98.757802,43.143581],[-98.743072,43.123074],[-98.719716,43.103827],[-98.696523,43.090196],[-98.668365,43.082343],[-98.603261,43.072943],[-98.559682,43.059882]]]}},{"type":"Feature","properties":{"dissolve":"8River","scalerank":1.0,"featurecla":"River","name":"Missouri","name_alt":null,"rivernum":8,"note":null,"min_zoom":2.0,"name_en":"Missouri","min_label":3.0},"bbox":[-112.004628,38.542792,-90.133127,48.156684],"geometry":{"type":"MultiLineString","coordinates":[[[-106.405832,48.020779],[-106.389882,48.060004],[-106.353627,48.070258],[-106.241567,48.057929],[-106.195383,48.043769],[-106.17219,48.040595],[-106.120269,48.042914],[-106.100942,48.037421],[-106.107574,48.020087],[-106.08731,48.013454],[-106.072499,48.02143],[-106.059682,48.033759],[-106.045522,48.040595],[-106.029124,48.035346],[-106.001617,48.013048],[-105.984039,48.012641],[-105.982655,48.017849],[-105.984771,48.036485],[-105.980621,48.040595],[-105.971303,48.038764],[-105.957183,48.029731],[-105.94933,48.026313],[-105.912262,48.020372],[-105.874827,48.020087],[-105.881459,48.041124],[-105.864369,48.038845],[-105.822987,48.020087],[-105.800038,48.023505],[-105.73766,48.04682],[-105.727773,48.047065],[-105.707834,48.044786],[-105.696116,48.04682],[-105.68635,48.052314],[-105.679311,48.059027],[-105.671213,48.064805],[-105.658193,48.067328],[-105.620351,48.060981],[-105.614125,48.064236],[-105.614613,48.078559],[-105.613637,48.084337],[-105.607655,48.086249],[-105.593007,48.088975],[-105.505442,48.08865],[-105.491282,48.092108],[-105.478017,48.105821],[-105.447906,48.1081],[-105.395009,48.101996],[-105.230214,48.101996],[-105.211822,48.099473],[-105.19579,48.095242],[-105.188588,48.08865],[-105.182851,48.080146],[-105.175893,48.076687],[-105.164784,48.085273],[-105.159088,48.094428],[-105.157094,48.10045],[-105.152943,48.104682],[-105.141184,48.108222],[-105.138783,48.104438],[-105.108876,48.093085],[-105.103017,48.092108],[-105.094594,48.087104],[-105.074615,48.080675],[-105.0655,48.074774],[-105.05248,48.080593],[-105.040679,48.079901],[-105.029164,48.076687],[-105.017079,48.074774],[-105.004709,48.076972],[-104.977651,48.086737],[-104.966176,48.088975],[-104.958079,48.093207],[-104.945221,48.111518],[-104.938832,48.115749],[-104.923248,48.116319],[-104.912343,48.11872],[-104.903554,48.123074],[-104.894154,48.12995],[-104.887196,48.139024],[-104.883901,48.147732],[-104.877187,48.15412],[-104.859975,48.156684],[-104.848297,48.15351],[-104.826324,48.13935],[-104.815582,48.136176],[-104.767201,48.136176],[-104.751129,48.134385],[-104.709218,48.122504],[-104.619456,48.121649],[-104.609853,48.126288],[-104.601471,48.133124],[-104.590321,48.138699],[-104.578684,48.142279],[-104.568918,48.143622],[-104.562611,48.141466],[-104.551991,48.132107],[-104.544667,48.12995],[-104.536936,48.131049],[-104.524322,48.135443],[-104.517405,48.136176],[-104.41808,48.12995],[-104.410308,48.125678],[-104.39802,48.106391],[-104.391103,48.101996],[-104.378326,48.099677],[-104.317006,48.073798],[-104.250478,48.061103],[-104.240061,48.057563],[-104.221344,48.048611],[-104.208608,48.04682],[-104.195953,48.051134],[-104.187327,48.060818],[-104.181711,48.07038],[-104.178212,48.074774],[-104.16039,48.075059],[-104.14684,48.067328],[-104.145985,48.063666],[-104.147613,48.050401],[-104.14684,48.04682],[-104.139231,48.045681],[-104.132721,48.048611],[-104.126454,48.052517],[-104.119537,48.054267],[-104.102122,48.052354],[-104.081776,48.047431],[-104.065053,48.038113],[-104.058095,48.02322],[-104.03482,48.013292],[-103.900461,47.992214],[-103.880279,47.98664],[-103.855377,47.983181],[-103.834299,47.988471],[-103.825307,48.009304],[-103.81786,48.014919],[-103.783803,48.014594],[-103.772328,48.027289]],[[-101.399648,47.506171],[-101.430247,47.477118],[-101.417877,47.43476],[-101.364898,47.355333],[-101.351552,47.310655],[-101.338612,47.293402],[-101.291371,47.281846],[-101.255686,47.259792],[-101.214223,47.245917],[-101.203033,47.245876],[-101.193593,47.251654],[-101.192291,47.26081],[-101.194203,47.287665],[-101.190175,47.29328],[-101.180735,47.295437],[-101.158559,47.304796],[-101.148915,47.306952],[-101.042795,47.29328],[-101.009511,47.275946],[-100.998687,47.273383],[-100.974477,47.248603],[-100.975209,47.235053],[-100.97761,47.227729],[-100.988149,47.210761],[-100.993886,47.193061],[-100.991607,47.17829],[-100.982533,47.164374],[-100.936879,47.11518],[-100.924306,47.095526],[-100.91926,47.077908],[-100.915028,47.072374],[-100.89623,47.062283],[-100.891957,47.05683],[-100.893137,47.044867],[-100.896311,47.033637],[-100.906239,47.012763],[-100.928782,46.988349],[-100.932932,46.977973],[-100.930409,46.967393],[-100.916371,46.950466],[-100.913075,46.940456],[-100.910634,46.920233],[-100.904042,46.899034],[-100.894154,46.882392],[-100.816803,46.834581],[-100.81314,46.811713],[-100.835032,46.775702],[-100.827056,46.755439],[-100.808827,46.74726],[-100.786733,46.741767],[-100.773508,46.732042],[-100.77717,46.713731]],[[-111.698801,46.662665],[-111.753529,46.664333],[-111.777943,46.673407],[-111.788157,46.693956],[-111.788686,46.721869],[-111.793609,46.732774],[-111.836537,46.745185],[-111.857655,46.756903],[-111.872955,46.772773],[-111.901112,46.810085],[-111.920969,46.824164],[-111.923655,46.83157],[-111.91511,46.84455],[-111.898834,46.856391],[-111.891957,46.864366],[-111.890533,46.875556],[-111.896108,46.88703],[-111.90453,46.888943],[-111.914866,46.889106],[-111.925933,46.895453],[-111.929758,46.905463],[-111.928822,46.929145],[-111.935211,46.940456],[-111.93871,46.949774],[-111.93871,46.962348],[-111.940419,46.973253],[-111.979888,46.999091],[-112.000234,47.021674],[-112.004628,47.037543],[-111.996938,47.051703],[-111.94343,47.115587],[-111.929596,47.127509],[-111.827382,47.161689],[-111.812327,47.178656],[-111.803782,47.193183],[-111.766225,47.21072],[-111.75768,47.219997],[-111.751698,47.228949],[-111.687327,47.282823],[-111.520619,47.383246],[-111.491282,47.389228],[-111.48644,47.389512],[-111.484609,47.399034],[-111.489654,47.405341],[-111.49828,47.4088],[-111.506947,47.40998],[-111.506947,47.416815],[-111.469716,47.423855],[-111.452626,47.42475],[-111.431874,47.423651],[-111.412424,47.418647],[-111.401723,47.419216],[-111.391957,47.438259],[-111.38036,47.435736],[-111.360178,47.423651],[-111.336781,47.425401],[-111.329457,47.423651],[-111.319936,47.416775],[-111.315582,47.409369],[-111.30956,47.405707],[-111.294667,47.40998],[-111.275543,47.426215],[-111.277699,47.443671],[-111.288319,47.460476],[-111.294667,47.474799],[-111.296376,47.513861],[-111.28775,47.528022],[-111.253489,47.535346],[-111.235178,47.544013],[-111.225819,47.546495],[-111.21349,47.546007],[-111.190582,47.540839],[-111.178578,47.54031],[-111.169016,47.542344],[-111.159413,47.546169],[-111.11974,47.568915],[-111.109446,47.572943],[-111.099192,47.57449],[-111.086252,47.580512],[-111.041168,47.621446],[-111.038564,47.622748],[-111.030507,47.631903],[-111.027903,47.633124],[-111.015736,47.6612],[-111.008941,47.672553],[-110.997141,47.686957],[-110.944692,47.731147],[-110.905588,47.775702],[-110.888499,47.787909],[-110.866444,47.792792],[-110.838612,47.788275],[-110.786,47.771837],[-110.760243,47.773057],[-110.719472,47.789252],[-110.613149,47.849921],[-110.603749,47.851752],[-110.579823,47.853217],[-110.571523,47.856065],[-110.569936,47.865058],[-110.569081,47.879096],[-110.563588,47.887559],[-110.547963,47.880316],[-110.527415,47.875312],[-110.499827,47.880968],[-110.473215,47.892401],[-110.455474,47.904486],[-110.45165,47.907782],[-110.448354,47.91002],[-110.44518,47.912909],[-110.441803,47.918158],[-110.469228,47.917751],[-110.467275,47.932644],[-110.448232,47.950507],[-110.424428,47.959174],[-110.400258,47.961982],[-110.380116,47.969062],[-110.283111,48.024848],[-110.267079,48.024278],[-110.247792,48.017442],[-110.226918,48.028266],[-110.20641,48.044623],[-110.187978,48.054714],[-110.159739,48.055121],[-110.140004,48.046698],[-110.10912,48.017157],[-110.102935,48.009711],[-110.08845,47.985419],[-110.082265,47.967719],[-110.058217,47.938666],[-110.048004,47.915554],[-110.049143,47.899522],[-110.054799,47.883368],[-110.058217,47.859483],[-110.048818,47.843126],[-110.026845,47.831366],[-109.982533,47.815131],[-109.943593,47.793647],[-109.920562,47.784695],[-109.89684,47.781033],[-109.88801,47.777859],[-109.881825,47.770087],[-109.876454,47.760118],[-109.869862,47.750556],[-109.860829,47.74433],[-109.847483,47.738878],[-109.832346,47.734809],[-109.705068,47.726386],[-109.687896,47.731513],[-109.648671,47.754584],[-109.62621,47.760525],[-109.585276,47.760525],[-109.533437,47.767401],[-109.506825,47.764228],[-109.459218,47.750352],[-109.435048,47.746853],[-109.387685,47.753201],[-109.263173,47.808905],[-109.237294,47.813544],[-109.199941,47.813544],[-109.163442,47.808295],[-109.140004,47.797309],[-109.118764,47.790351],[-109.090891,47.797146],[-109.062408,47.808214],[-109.039703,47.814032],[-108.940745,47.814032],[-108.931142,47.81212],[-108.921295,47.807074],[-108.913686,47.799506],[-108.910634,47.790473],[-108.913319,47.779731],[-108.919342,47.764838],[-108.925852,47.753282],[-108.92984,47.75255],[-108.916168,47.738878],[-108.866322,47.743679],[-108.844838,47.735541],[-108.825551,47.722724],[-108.777333,47.70539],[-108.759145,47.691189],[-108.750966,47.663682],[-108.745473,47.656358],[-108.732411,47.65351],[-108.700347,47.657538],[-108.687164,47.653266],[-108.666982,47.63996],[-108.648101,47.634589],[-108.58495,47.63642],[-108.526357,47.628526],[-108.488596,47.629096],[-108.476308,47.625678],[-108.465077,47.619696],[-108.453603,47.61754],[-108.440785,47.625678],[-108.425771,47.632636],[-108.414459,47.623643],[-108.402252,47.601752],[-108.390248,47.598904],[-108.348256,47.595526],[-108.316518,47.583197],[-108.30012,47.579454],[-108.280019,47.594591],[-108.249867,47.599677],[-108.190582,47.601752]],[[-100.393137,44.444932],[-100.378041,44.4053],[-100.35851,44.372097],[-100.328359,44.350287],[-100.28246,44.340033],[-100.126129,44.327094],[-100.077016,44.312771],[-100.01061,44.276923],[-99.990712,44.271796],[-99.940826,44.27029],[-99.916493,44.264106],[-99.9051,44.250678],[-99.909535,44.234931],[-99.93456,44.206855],[-99.940419,44.185818],[-99.93102,44.171088],[-99.909006,44.152655],[-99.883534,44.136176],[-99.864084,44.127143],[-99.837148,44.123725],[-99.751454,44.127143],[-99.725819,44.124213],[-99.676137,44.110704],[-99.651845,44.107245],[-99.638173,44.107042],[-99.624867,44.108466],[-99.614858,44.113471],[-99.610829,44.12405],[-99.61205,44.136664],[-99.616078,44.148953],[-99.623606,44.158271],[-99.657216,44.166856],[-99.713246,44.202908],[-99.692616,44.2178],[-99.660553,44.221788],[-99.625844,44.218085],[-99.597239,44.209744],[-99.57311,44.191962],[-99.565745,44.168891],[-99.569244,44.110419],[-99.55842,44.083564],[-99.532053,44.065497],[-99.499582,44.055243],[-99.470286,44.052069],[-99.445139,44.044542],[-99.36441,43.990587]],[[-98.552113,43.057074],[-98.546051,43.047553],[-98.523834,43.02619],[-98.482086,42.998074],[-98.461903,42.979763],[-98.454254,42.974555],[-98.349233,42.923407],[-98.343332,42.922309],[-98.33137,42.921902],[-98.325836,42.920925],[-98.284088,42.899848],[-98.242991,42.872382],[-98.104807,42.828233],[-98.09439,42.820014],[-98.090159,42.808173],[-98.078521,42.802436],[-98.006988,42.784003],[-97.97997,42.782253],[-97.952992,42.784003],[-97.942006,42.788275],[-97.921295,42.801622],[-97.914866,42.80447],[-97.911041,42.809353],[-97.898346,42.835801],[-97.89509,42.849148],[-97.886708,42.857611],[-97.875396,42.862982],[-97.863637,42.867133],[-97.838857,42.871405],[-97.770497,42.859687],[-97.729563,42.867133],[-97.716786,42.865261],[-97.696604,42.856147],[-97.684804,42.852851],[-97.661285,42.854031],[-97.622141,42.869452],[-97.599843,42.873358],[-97.527577,42.860216],[-97.500478,42.859687],[-97.301259,42.88703],[-97.27595,42.884223],[-97.255483,42.876329],[-97.238271,42.864325],[-97.208241,42.835313],[-97.171742,42.809841],[-97.150461,42.798285],[-97.127349,42.789496],[-97.103668,42.785346],[-97.051422,42.784003],[-97.041615,42.781928],[-97.019602,42.772976],[-96.992502,42.768826],[-96.9829,42.763536],[-96.975819,42.756659],[-96.965443,42.749823],[-96.947174,42.745063],[-96.857045,42.740017],[-96.839426,42.732123],[-96.825795,42.721137],[-96.814687,42.708848],[-96.808095,42.699164],[-96.804758,42.692165],[-96.799428,42.686713],[-96.787343,42.681586],[-96.774648,42.679551],[-96.733022,42.681586],[-96.722646,42.680528],[-96.708892,42.677436],[-96.696889,42.672065],[-96.691762,42.664496],[-96.694732,42.6553],[-96.700836,42.64822],[-96.705881,42.639919],[-96.705434,42.62698],[-96.693674,42.615058],[-96.652333,42.591498],[-96.643381,42.575466],[-96.639516,42.556098],[-96.628651,42.542507],[-96.61144,42.534206],[-96.438547,42.512763],[-96.414662,42.506537],[-96.397572,42.496609],[-96.383616,42.455268],[-96.397328,42.4112],[-96.402252,42.368923],[-96.36856,42.338324],[-96.367299,42.322211],[-96.353179,42.3133],[-96.342437,42.300116],[-96.336578,42.283271],[-96.334828,42.260077],[-96.339467,42.24079],[-96.347768,42.224066],[-96.35143,42.205634],[-96.342275,42.18126],[-96.327992,42.165717],[-96.294504,42.148708],[-96.276763,42.136583],[-96.265736,42.119452],[-96.263905,42.100613],[-96.264394,42.080024],[-96.260365,42.057807],[-96.232533,42.028876],[-96.190745,42.010077],[-96.154408,41.987738],[-96.143056,41.947943],[-96.146392,41.9383],[-96.156361,41.918769],[-96.157338,41.906928],[-96.153554,41.898017],[-96.137807,41.871527],[-96.133127,41.865994],[-96.074127,41.818793],[-96.06432,41.795844],[-96.068105,41.776435],[-96.076772,41.758368],[-96.081654,41.739366],[-96.080312,41.725857],[-96.079091,41.72016],[-96.081695,41.715644],[-96.092152,41.705268],[-96.098622,41.69713],[-96.101308,41.689521],[-96.10204,41.646999],[-96.09911,41.624579],[-96.091664,41.606553],[-96.07787,41.599066],[-96.077748,41.590359],[-96.083485,41.570624],[-96.082265,41.54975],[-96.061147,41.537665],[-96.048573,41.538682],[-96.028635,41.548285],[-96.020131,41.550727],[-96.008209,41.547553],[-95.995758,41.540717],[-95.987782,41.533881],[-95.989125,41.530829],[-95.994252,41.525946],[-95.999908,41.514594],[-96.004628,41.501776],[-96.0065,41.492296],[-96.0006,41.480292],[-95.986684,41.473944],[-95.94579,41.466986],[-95.937408,41.467353],[-95.93102,41.464871],[-95.92455,41.454454],[-95.934193,41.41352],[-95.93456,41.402208],[-95.958119,41.338406],[-95.941803,41.33157],[-95.896637,41.319892],[-95.879262,41.317939],[-95.869862,41.308702],[-95.884592,41.289252],[-95.906117,41.271186],[-95.917104,41.266425],[-95.924916,41.223985],[-95.92394,41.207587],[-95.910268,41.195014],[-95.865468,41.183865],[-95.852895,41.175808],[-95.876129,41.1671],[-95.870961,41.151923],[-95.868804,41.119981],[-95.862538,41.105658],[-95.876291,41.07746],[-95.882395,41.070868],[-95.882395,41.064643],[-95.877756,41.062445],[-95.875803,41.059434],[-95.874013,41.055528],[-95.869985,41.050401],[-95.864573,41.042792],[-95.868031,41.037462],[-95.874094,41.03205],[-95.876129,41.023708],[-95.871083,41.01203],[-95.862701,41.004421],[-95.845123,40.992703],[-95.838287,40.982245],[-95.837961,40.972724],[-95.84203,40.951728],[-95.840199,40.938422],[-95.827748,40.913845],[-95.824859,40.888943],[-95.830393,40.86994],[-95.838124,40.851386],[-95.84203,40.827908],[-95.839833,40.815985],[-95.829945,40.802436],[-95.827748,40.794013],[-95.848256,40.769843],[-95.862538,40.758612],[-95.866933,40.752997],[-95.869985,40.742499],[-95.869456,40.728827],[-95.864329,40.720811],[-95.85851,40.714179],[-95.855702,40.704657],[-95.844838,40.688096],[-95.792144,40.670966],[-95.773101,40.66059],[-95.763173,40.638861],[-95.764272,40.616889],[-95.773101,40.574286],[-95.7683,40.548651],[-95.755238,40.539415],[-95.735666,40.536444],[-95.711659,40.529608],[-95.696278,40.518175],[-95.69518,40.507351],[-95.698964,40.495673],[-95.698069,40.481879],[-95.689076,40.467068],[-95.671295,40.450222],[-95.663889,40.434109],[-95.663401,40.427924],[-95.664947,40.413357],[-95.663889,40.406114],[-95.659576,40.39822],[-95.643422,40.379462],[-95.631663,40.349189],[-95.62914,40.345282],[-95.634348,40.338202],[-95.643625,40.331407],[-95.656402,40.324246],[-95.650014,40.310899],[-95.633697,40.309149],[-95.613393,40.311469],[-95.59496,40.310492],[-95.577301,40.301093],[-95.567128,40.288764],[-95.558746,40.275214],[-95.546539,40.262152],[-95.531728,40.256212],[-95.495432,40.254096],[-95.478342,40.249091],[-95.467519,40.237982],[-95.468739,40.225613],[-95.485097,40.20071],[-95.457346,40.174262],[-95.443349,40.157294],[-95.437327,40.142646],[-95.40689,40.11872],[-95.403879,40.114081],[-95.407623,40.103461],[-95.41747,40.084581],[-95.422109,40.062445],[-95.419667,40.044949],[-95.408355,40.033474],[-95.361724,40.026638],[-95.344309,40.019151],[-95.260569,39.959662],[-95.247548,39.944159],[-95.236236,39.941514],[-95.223704,39.940009],[-95.214833,39.936876],[-95.208119,39.928331],[-95.204335,39.919989],[-95.199778,39.912543],[-95.190907,39.90644],[-95.18224,39.904364],[-95.161366,39.902615],[-95.149973,39.898993],[-95.139027,39.892686],[-95.112416,39.868598],[-95.091298,39.860622],[-95.067942,39.865505],[-95.046986,39.876044],[-95.016916,39.896348],[-95.001943,39.902777],[-94.98469,39.905707],[-94.961293,39.90644],[-94.948232,39.901313],[-94.941518,39.88935],[-94.942006,39.875596],[-94.950754,39.865546],[-94.935902,39.851589],[-94.891754,39.831122],[-94.882436,39.820828],[-94.883453,39.810614],[-94.888254,39.79088],[-94.889272,39.779568],[-94.885569,39.767401],[-94.878163,39.760199],[-94.872711,39.753363],[-94.874989,39.742011],[-94.890981,39.729519],[-94.913035,39.730902],[-94.961293,39.742011],[-94.969472,39.738634],[-94.974843,39.730496],[-94.977773,39.720282],[-94.980702,39.695868],[-94.986562,39.689521],[-94.995229,39.686347],[-95.005971,39.680487],[-95.037831,39.655829],[-95.053782,39.638739],[-95.060618,39.621527],[-95.059478,39.600043],[-95.060292,39.588894],[-95.063954,39.580634],[-95.075266,39.574815],[-95.101796,39.573594],[-95.108998,39.570665],[-95.110666,39.550238],[-95.098866,39.530137],[-95.080922,39.514716],[-95.063954,39.508612],[-95.057769,39.501044],[-95.035553,39.465399],[-95.025787,39.453966],[-95.017893,39.450019],[-94.99942,39.443468],[-94.95759,39.419867],[-94.953765,39.413926],[-94.948598,39.398057],[-94.943918,39.392524],[-94.89981,39.385077],[-94.908681,39.36697],[-94.901112,39.327094],[-94.87914,39.287177],[-94.844879,39.268988],[-94.835113,39.259385],[-94.833974,39.238308],[-94.829701,39.217231],[-94.810699,39.207587],[-94.790598,39.202704],[-94.746327,39.179796],[-94.724192,39.172797],[-94.693227,39.173692],[-94.678293,39.172431],[-94.668202,39.173163],[-94.663319,39.172797],[-94.658274,39.169745],[-94.656077,39.160956],[-94.65274,39.159125],[-94.629018,39.157579],[-94.61262,39.152696],[-94.610585,39.144232],[-94.624745,39.132392],[-94.623362,39.130805],[-94.623362,39.127875],[-94.622385,39.124376],[-94.600575,39.117865],[-94.578196,39.121039],[-94.558095,39.130398],[-94.543202,39.142401],[-94.525868,39.147325],[-94.503489,39.139716],[-94.481313,39.128933],[-94.464711,39.124376],[-94.447418,39.131374],[-94.416086,39.154242],[-94.369252,39.165066],[-94.353871,39.179389],[-94.328196,39.213813],[-94.290639,39.231147],[-94.253082,39.22309],[-94.183502,39.179633],[-94.122182,39.154893],[-94.104726,39.142401],[-94.085072,39.135606],[-94.012278,39.152371],[-93.966786,39.152411],[-93.945302,39.156195],[-93.922841,39.165961],[-93.909169,39.177558],[-93.896108,39.19127],[-93.880198,39.202745],[-93.857655,39.207587],[-93.765777,39.200751],[-93.744374,39.201524],[-93.71939,39.206163],[-93.69872,39.215684],[-93.690094,39.231147],[-93.677724,39.226915],[-93.604115,39.241726],[-93.5985,39.238552],[-93.579905,39.224433],[-93.570302,39.221259],[-93.530588,39.218573],[-93.518788,39.221259],[-93.502187,39.233669],[-93.502553,39.248562],[-93.505116,39.265977],[-93.494862,39.286078],[-93.482737,39.283881],[-93.431549,39.265448],[-93.416371,39.255968],[-93.429351,39.242499],[-93.4169,39.230292],[-93.392893,39.224718],[-93.371409,39.231147],[-93.362904,39.235948],[-93.344797,39.239854],[-93.336903,39.245144],[-93.331654,39.256659],[-93.335846,39.265896],[-93.343129,39.274034],[-93.347483,39.28266],[-93.350209,39.293728],[-93.346506,39.297227],[-93.333852,39.303168],[-93.320465,39.306912],[-93.299875,39.308132],[-93.289133,39.313422],[-93.278472,39.321845],[-93.274037,39.324571],[-93.254994,39.323676],[-93.243276,39.325548],[-93.235219,39.330593],[-93.2294,39.337185],[-93.224599,39.344102],[-93.217519,39.362372],[-93.214263,39.382758],[-93.208323,39.399359],[-93.193227,39.406195],[-93.188059,39.402899],[-93.177846,39.388373],[-93.173085,39.385077],[-93.128326,39.385077],[-93.107981,39.380194],[-93.09968,39.376532],[-93.093617,39.371446],[-93.090688,39.363552],[-93.088368,39.342963],[-93.083974,39.334174],[-93.062652,39.320258],[-93.04011,39.318142],[-93.016265,39.319525],[-92.9912,39.31623],[-92.977447,39.308783],[-92.972524,39.29975],[-92.970082,39.288642],[-92.963857,39.275214],[-92.95287,39.267646],[-92.937978,39.260443],[-92.929351,39.252265],[-92.937245,39.241726],[-92.937245,39.234239],[-92.917144,39.231391],[-92.889394,39.233669],[-92.864695,39.23196],[-92.853993,39.217475],[-92.862131,39.203477],[-92.915517,39.165961],[-92.942698,39.121283],[-92.944407,39.115546],[-92.94343,39.101142],[-92.9381,39.097235],[-92.914622,39.091254],[-92.909291,39.087185],[-92.911936,39.078315],[-92.924794,39.063788],[-92.929758,39.056708],[-92.924794,39.029731],[-92.897206,39.001899],[-92.858306,38.979193],[-92.819895,38.967353],[-92.621246,38.974189],[-92.572865,38.967353],[-92.540883,38.948432],[-92.50768,38.92296],[-92.492014,38.904364],[-92.463002,38.850653],[-92.454172,38.839423],[-92.449452,38.834906],[-92.443105,38.830186],[-92.407786,38.818183],[-92.398427,38.813096],[-92.391835,38.796088],[-92.405629,38.758368],[-92.40217,38.74079],[-92.393544,38.736274],[-92.37206,38.719753],[-92.356028,38.701972],[-92.364003,38.693671],[-92.366282,38.690375],[-92.362416,38.683132],[-92.35436,38.675849],[-92.343821,38.672553],[-92.328033,38.671251],[-92.316151,38.668036],[-92.292877,38.658881],[-92.24706,38.648057],[-92.225657,38.638129],[-92.216624,38.621365],[-92.208567,38.61168],[-92.155141,38.576972],[-92.108551,38.562812],[-92.06725,38.561835],[-92.028676,38.571641],[-91.929921,38.615994],[-91.913442,38.639472],[-91.873769,38.665839],[-91.86026,38.672553],[-91.712229,38.705878],[-91.689036,38.707302],[-91.642242,38.700059],[-91.619008,38.692572],[-91.603342,38.682807],[-91.584096,38.675645],[-91.559682,38.681423],[-91.5183,38.699897],[-91.496205,38.704657],[-91.413564,38.706122],[-91.392812,38.700995],[-91.380483,38.699897],[-91.350942,38.707343],[-91.339508,38.707302],[-91.299143,38.690212],[-91.245595,38.636786],[-91.209218,38.617947],[-91.140207,38.599636],[-91.116689,38.597439],[-91.072336,38.602159],[-91.055084,38.598944],[-91.037913,38.583808],[-91.017568,38.5574],[-91.002309,38.546983],[-90.980133,38.542792],[-90.93163,38.544501],[-90.909779,38.548529],[-90.887685,38.556464],[-90.83019,38.586005],[-90.808217,38.590033],[-90.793528,38.595526],[-90.756703,38.638454],[-90.725331,38.664171],[-90.692209,38.68183],[-90.653798,38.689765],[-90.607086,38.686225],[-90.584706,38.681464],[-90.567209,38.680243],[-90.555898,38.688056],[-90.551869,38.710395],[-90.545644,38.731024],[-90.53067,38.746446],[-90.512685,38.760199],[-90.497222,38.77558],[-90.477528,38.807318],[-90.46288,38.818427],[-90.438588,38.822781],[-90.416005,38.823757],[-90.395497,38.827257],[-90.378489,38.83393],[-90.366322,38.844509],[-90.358266,38.86164],[-90.355336,38.875922],[-90.349436,38.886176],[-90.332143,38.891669],[-90.312001,38.890204],[-90.293365,38.883328],[-90.263905,38.864325],[-90.236318,38.839789],[-90.220286,38.82864],[-90.201812,38.822781],[-90.180491,38.824246],[-90.161122,38.828477],[-90.143544,38.828315],[-90.133127,38.819037]]]}},{"type":"Feature","properties":{"dissolve":"90River","scalerank":3.0,"featurecla":"River","name":"Guaporé","name_alt":null,"rivernum":90,"note":null,"min_zoom":3.0,"name_en":"Guaporé","min_label":4.0},"bbox":[-65.450673,-11.893487,-65.018707,-10.392267],"geometry":{"type":"MultiLineString","coordinates":[[[-65.018707,-11.893487],[-65.028879,-11.888686],[-65.034413,-11.879571],[-65.039174,-11.858331],[-65.039906,-11.848565],[-65.038197,-11.828302],[-65.039174,-11.818699],[-65.044057,-11.80755],[-65.057078,-11.785577],[-65.066274,-11.752944],[-65.081776,-11.743341],[-65.099965,-11.736179],[-65.114329,-11.722345],[-65.111195,-11.699721],[-65.114125,-11.690444],[-65.12857,-11.694513],[-65.134755,-11.702488],[-65.138783,-11.715183],[-65.144276,-11.763686],[-65.152211,-11.772963],[-65.165191,-11.769708],[-65.183217,-11.756524],[-65.196889,-11.741632],[-65.202545,-11.727716],[-65.203033,-11.691339],[-65.200999,-11.681817],[-65.192047,-11.666681],[-65.190053,-11.656915],[-65.194081,-11.632257],[-65.19164,-11.622979],[-65.168121,-11.615248],[-65.174672,-11.606378],[-65.196238,-11.592136],[-65.208119,-11.587416],[-65.215321,-11.587416],[-65.21996,-11.584405],[-65.224192,-11.570977],[-65.224355,-11.557794],[-65.216705,-11.53989],[-65.216705,-11.529962],[-65.223459,-11.517267],[-65.233835,-11.508233],[-65.25829,-11.495131],[-65.293202,-11.504571],[-65.320302,-11.476251],[-65.353749,-11.390476],[-65.35554,-11.382257],[-65.354482,-11.37241],[-65.348256,-11.360691],[-65.3308,-11.340346],[-65.327219,-11.327569],[-65.335561,-11.32114],[-65.354644,-11.310479],[-65.375234,-11.29575],[-65.388051,-11.277358],[-65.389394,-11.252944],[-65.379384,-11.241876],[-65.366811,-11.233901],[-65.360707,-11.218683],[-65.369049,-11.205255],[-65.385976,-11.193536],[-65.398874,-11.177911],[-65.395457,-11.153253],[-65.380442,-11.136163],[-65.341786,-11.106459],[-65.334055,-11.088311],[-65.337758,-11.06756],[-65.343455,-11.05047],[-65.342681,-11.032647],[-65.327219,-11.00921],[-65.318593,-11.001967],[-65.310414,-10.996515],[-65.303782,-10.990655],[-65.299916,-10.981866],[-65.300364,-10.969578],[-65.305247,-10.961847],[-65.310862,-10.956394],[-65.313547,-10.95086],[-65.319732,-10.865167],[-65.32787,-10.850437],[-65.342926,-10.834812],[-65.361073,-10.822442],[-65.400461,-10.812026],[-65.405426,-10.799168],[-65.390492,-10.753595],[-65.382965,-10.715509],[-65.381825,-10.697931],[-65.387522,-10.669366],[-65.401479,-10.655206],[-65.419342,-10.644464],[-65.436431,-10.625665],[-65.436391,-10.610691],[-65.430002,-10.561212],[-65.432688,-10.55047],[-65.436716,-10.546808],[-65.440053,-10.538018],[-65.442372,-10.527765],[-65.443227,-10.51922],[-65.442209,-10.513198],[-65.437489,-10.50392],[-65.436431,-10.499037],[-65.438629,-10.492527],[-65.450673,-10.474786],[-65.450673,-10.46795],[-65.426137,-10.463067],[-65.411692,-10.44907],[-65.388051,-10.406589],[-65.392201,-10.403334],[-65.39387,-10.400079],[-65.395457,-10.392267]]]}},{"type":"Feature","properties":{"dissolve":"91River","scalerank":3.0,"featurecla":"River","name":"Madeira","name_alt":null,"rivernum":91,"note":null,"min_zoom":3.0,"name_en":"Madeira","min_label":4.0},"bbox":[-65.456899,-10.392267,-58.707102,-3.341974],"geometry":{"type":"MultiLineString","coordinates":[[[-65.395457,-10.392267],[-65.39094,-10.373875],[-65.380076,-10.351251],[-65.365793,-10.332045],[-65.328521,-10.314142],[-65.316396,-10.291192],[-65.30606,-10.24212],[-65.288808,-10.21616],[-65.285553,-10.20672],[-65.287587,-10.196303],[-65.297556,-10.173272],[-65.299916,-10.162937],[-65.302235,-10.119561],[-65.306304,-10.098158],[-65.324859,-10.046319],[-65.333648,-10.008233],[-65.337595,-9.967136],[-65.334055,-9.92669],[-65.325999,-9.905125],[-65.304311,-9.864272],[-65.299916,-9.84116],[-65.305165,-9.825616],[-65.317291,-9.812433],[-65.331044,-9.800632],[-65.34081,-9.789565],[-65.354482,-9.744968],[-65.356801,-9.74155],[-65.371246,-9.710463],[-65.398752,-9.686537],[-65.416982,-9.679864],[-65.443227,-9.679701],[-65.452016,-9.664972],[-65.456125,-9.654799],[-65.456899,-9.645522],[-65.451975,-9.637628],[-65.433339,-9.626967],[-65.4169,-9.615086],[-65.394032,-9.607273],[-65.384958,-9.601251],[-65.376047,-9.589532],[-65.360707,-9.556817],[-65.3308,-9.529148],[-65.293691,-9.527765],[-65.216705,-9.556817],[-65.200103,-9.566095],[-65.171498,-9.587335],[-65.158681,-9.591648],[-65.092478,-9.588393],[-65.043284,-9.577569],[-65.032338,-9.577325],[-65.019765,-9.579767],[-64.997792,-9.589369],[-64.939849,-9.597833],[-64.930328,-9.595636],[-64.924387,-9.590671],[-64.915028,-9.577325],[-64.891225,-9.555841],[-64.8815,-9.549981],[-64.871002,-9.547296],[-64.846262,-9.544285],[-64.836822,-9.539727],[-64.82079,-9.520033],[-64.813873,-9.499526],[-64.814158,-9.477716],[-64.819447,-9.45379],[-64.834625,-9.411065],[-64.835113,-9.392267],[-64.82315,-9.374933],[-64.807118,-9.371026],[-64.759389,-9.372979],[-64.737538,-9.364435],[-64.728261,-9.354343],[-64.72411,-9.344578],[-64.721547,-9.334405],[-64.71703,-9.323419],[-64.689768,-9.292657],[-64.678944,-9.283705],[-64.628774,-9.253757],[-64.613393,-9.24155],[-64.589467,-9.186212],[-64.576161,-9.179376],[-64.561513,-9.175144],[-64.5301,-9.156589],[-64.512278,-9.152195],[-64.443349,-9.182794],[-64.432118,-9.190444],[-64.407094,-9.188979],[-64.367584,-9.179376],[-64.345286,-9.15838],[-64.328603,-9.130792],[-64.290151,-9.047377],[-64.277415,-9.029311],[-64.260813,-9.014825],[-64.240631,-9.008722],[-64.20287,-9.010186],[-64.184682,-9.008315],[-64.144521,-8.995457],[-64.101389,-8.975925],[-64.082672,-8.963393],[-64.068837,-8.943699],[-64.071156,-8.925714],[-64.080149,-8.908868],[-64.086415,-8.892022],[-64.083404,-8.875177],[-64.072133,-8.85711],[-64.053456,-8.842706],[-64.005849,-8.832859],[-63.990102,-8.822686],[-63.978831,-8.809421],[-63.969716,-8.795831],[-63.959299,-8.787123],[-63.928415,-8.767267],[-63.921986,-8.758315],[-63.924184,-8.693536],[-63.921986,-8.672296],[-63.917388,-8.655694],[-63.909739,-8.642755],[-63.897084,-8.634454],[-63.853179,-8.629408],[-63.831858,-8.623875],[-63.709584,-8.558282],[-63.667958,-8.547784],[-63.627756,-8.556329],[-63.596262,-8.571629],[-63.560048,-8.583917],[-63.538808,-8.578953],[-63.552073,-8.542006],[-63.560618,-8.5263],[-63.569447,-8.503351],[-63.570424,-8.482761],[-63.555409,-8.473647],[-63.539866,-8.469578],[-63.523508,-8.459812],[-63.469553,-8.415379],[-63.418935,-8.349298],[-63.395009,-8.309259],[-63.359771,-8.218113],[-63.34317,-8.186456],[-63.334584,-8.175144],[-63.325429,-8.167413],[-63.315785,-8.163914],[-63.305572,-8.165216],[-63.288442,-8.179701],[-63.275095,-8.200535],[-63.258901,-8.219171],[-63.233266,-8.22739],[-63.21231,-8.224298],[-63.035553,-8.151544],[-62.887603,-8.033868],[-62.866119,-8.000828],[-62.861399,-7.981866],[-62.859975,-7.915704],[-62.868276,-7.899102],[-62.905385,-7.879408],[-62.914622,-7.857354],[-62.903554,-7.813897],[-62.904856,-7.791355],[-62.924469,-7.781671],[-62.936838,-7.771417],[-62.934641,-7.748061],[-62.920766,-7.706557],[-62.920562,-7.664972],[-62.930979,-7.620782],[-62.946767,-7.58172],[-62.963002,-7.555678],[-62.977895,-7.543959],[-62.995961,-7.533217],[-63.01122,-7.520847],[-63.017568,-7.504246],[-63.020375,-7.464369],[-63.018788,-7.448907],[-63.010813,-7.432143],[-62.968007,-7.373875],[-62.948313,-7.338311],[-62.916412,-7.183933],[-62.879791,-7.124363],[-62.871449,-7.080987],[-62.870432,-7.039402],[-62.857086,-7.009454],[-62.812123,-7.000828],[-62.763092,-7.000828],[-62.724192,-6.989272],[-62.694936,-6.963067],[-62.674998,-6.918308],[-62.664052,-6.872735],[-62.654856,-6.853204],[-62.63683,-6.832533],[-62.615102,-6.818536],[-62.604075,-6.809096],[-62.599273,-6.798517],[-62.578765,-6.767429],[-62.541737,-6.757826],[-62.449371,-6.764337],[-62.40746,-6.761244],[-62.379384,-6.747003],[-62.356638,-6.722345],[-62.340321,-6.689793],[-62.331776,-6.651381],[-62.342763,-6.613702],[-62.368153,-6.596205],[-62.378896,-6.580499],[-62.317494,-6.519464],[-62.292388,-6.482924],[-62.257232,-6.411147],[-62.226226,-6.233738],[-62.212066,-6.227472],[-62.175649,-6.199395],[-62.154205,-6.192071],[-62.127553,-6.193862],[-62.058013,-6.220066],[-62.045522,-6.228936],[-62.030995,-6.234877],[-62.013824,-6.238214],[-61.993153,-6.239272],[-61.976674,-6.242364],[-61.94225,-6.256524],[-61.921457,-6.259698],[-61.881337,-6.255792],[-61.853342,-6.241713],[-61.836822,-6.214532],[-61.830719,-6.145522],[-61.826975,-6.128839],[-61.81786,-6.115574],[-61.801096,-6.099298],[-61.782704,-6.086277],[-61.722808,-6.054864],[-61.683298,-6.019708],[-61.66804,-5.996515],[-61.67101,-5.976007],[-61.67984,-5.957533],[-61.680409,-5.936049],[-61.675445,-5.916518],[-61.667592,-5.904148],[-61.64623,-5.893487],[-61.625722,-5.894708],[-61.601552,-5.898858],[-61.589101,-5.893487],[-61.585561,-5.882745],[-61.592641,-5.874851],[-61.60554,-5.86712],[-61.619374,-5.859714],[-61.631825,-5.850763],[-61.630076,-5.843601],[-61.618479,-5.83644],[-61.600697,-5.83294],[-61.572336,-5.841241],[-61.495676,-5.86476],[-61.462148,-5.856296],[-61.443023,-5.837335],[-61.43106,-5.819513],[-61.416615,-5.806166],[-61.389801,-5.801121],[-61.368398,-5.810398],[-61.350453,-5.827651],[-61.3308,-5.836847],[-61.303863,-5.822117],[-61.283111,-5.783868],[-61.265207,-5.692071],[-61.242421,-5.657647],[-61.224477,-5.647149],[-61.202219,-5.63836],[-61.178538,-5.632501],[-61.156809,-5.630304],[-61.139027,-5.625502],[-61.1256,-5.613946],[-61.105865,-5.5888],[-61.072581,-5.571629],[-61.042836,-5.580011],[-61.012034,-5.596531],[-60.975575,-5.60296],[-60.930898,-5.586928],[-60.81786,-5.499363],[-60.780629,-5.490655],[-60.739084,-5.486342],[-60.727651,-5.476983],[-60.723866,-5.455011],[-60.734364,-5.362726],[-60.72057,-5.33172],[-60.688466,-5.312677],[-60.598704,-5.290948],[-60.566762,-5.277276],[-60.538564,-5.258233],[-60.477773,-5.204278],[-60.457143,-5.190444],[-60.437734,-5.184747],[-60.425404,-5.175795],[-60.276845,-5.024835],[-60.248687,-4.986017],[-60.215932,-4.92075],[-60.204661,-4.910333],[-60.159617,-4.901707],[-60.133901,-4.902358],[-60.111562,-4.916518],[-60.104726,-4.910333],[-60.072092,-4.919854],[-60.029652,-4.899835],[-59.961374,-4.848321],[-59.943674,-4.838311],[-59.930857,-4.828546],[-59.923004,-4.814304],[-59.9204,-4.790541],[-59.923451,-4.776707],[-59.937123,-4.742608],[-59.940256,-4.725437],[-59.93102,-4.676202],[-59.908681,-4.635593],[-59.881703,-4.597019],[-59.858306,-4.554701],[-59.83373,-4.486505],[-59.830393,-4.468438],[-59.822133,-4.450128],[-59.737864,-4.350274],[-59.715443,-4.331069],[-59.697581,-4.331557],[-59.679311,-4.348321],[-59.657867,-4.362237],[-59.634674,-4.371921],[-59.611277,-4.375909],[-59.599436,-4.375502],[-59.589426,-4.373468],[-59.580881,-4.370131],[-59.573598,-4.365574],[-59.556752,-4.345229],[-59.543853,-4.320326],[-59.527943,-4.296808],[-59.502024,-4.280287],[-59.43224,-4.258966],[-59.400461,-4.240655],[-59.378529,-4.21087],[-59.366363,-4.172377],[-59.34435,-4.053155],[-59.310658,-3.990167],[-59.255279,-3.950616],[-59.117828,-3.875665],[-59.09732,-3.857761],[-59.079945,-3.837254],[-59.067779,-3.814386],[-59.063222,-3.789727],[-59.062082,-3.76808],[-59.062978,-3.757175],[-59.066965,-3.749037],[-59.091135,-3.718113],[-59.093495,-3.680597],[-59.071767,-3.657078],[-59.007965,-3.629246],[-58.972768,-3.608087],[-58.943105,-3.583836],[-58.867584,-3.498386],[-58.860829,-3.49212],[-58.850942,-3.485284],[-58.814158,-3.470636],[-58.803782,-3.464776],[-58.792917,-3.452651],[-58.767934,-3.395929],[-58.764068,-3.390639],[-58.759348,-3.386244],[-58.73351,-3.369317],[-58.717681,-3.354669],[-58.707102,-3.341974]]]}},{"type":"Feature","properties":{"dissolve":"92River","scalerank":3.0,"featurecla":"River","name":"Ohio","name_alt":null,"rivernum":92,"note":null,"min_zoom":3.0,"name_en":"Ohio","min_label":4.0},"bbox":[-89.178822,36.97956,-79.990875,40.705593],"geometry":{"type":"MultiLineString","coordinates":[[[-79.990875,40.447699],[-80.000844,40.442816],[-80.012318,40.44127],[-80.021718,40.443793],[-80.025624,40.450792],[-80.033559,40.459174],[-80.080881,40.496161],[-80.120717,40.515204],[-80.162831,40.528591],[-80.201731,40.54621],[-80.231679,40.57807],[-80.239898,40.597968],[-80.250152,40.648139],[-80.251576,40.670233],[-80.262359,40.686306],[-80.285634,40.699286],[-80.307525,40.705593],[-80.31428,40.701606],[-80.34142,40.691718],[-80.385569,40.65998],[-80.428863,40.65001],[-80.45401,40.636054],[-80.464467,40.632636],[-80.479237,40.635443],[-80.502065,40.647284],[-80.519114,40.646918],[-80.535878,40.643378],[-80.580556,40.619005],[-80.597401,40.626532],[-80.62267,40.625922],[-80.648346,40.619249],[-80.666493,40.608751],[-80.676991,40.58869],[-80.669586,40.571479],[-80.636383,40.537055],[-80.614166,40.503607],[-80.605295,40.485867],[-80.601633,40.4713],[-80.60676,40.448798],[-80.627187,40.409613],[-80.628977,40.386298],[-80.62621,40.38642],[-80.61974,40.385362],[-80.612782,40.383002],[-80.608469,40.379462],[-80.607655,40.37462],[-80.608998,40.363837],[-80.608469,40.358954],[-80.601959,40.336534],[-80.600657,40.32331],[-80.605051,40.31741],[-80.614695,40.286322],[-80.620269,40.2803],[-80.64745,40.26321],[-80.65685,40.255316],[-80.677968,40.216132],[-80.687164,40.193061],[-80.694447,40.157416],[-80.703033,40.13935],[-80.724517,40.104519],[-80.735463,40.079901],[-80.739166,40.060736],[-80.738189,40.019477],[-80.741444,39.99669],[-80.749013,39.982774],[-80.758046,39.970771],[-80.765492,39.95364],[-80.763987,39.947048],[-80.759999,39.938666],[-80.758778,39.929307],[-80.765492,39.919501],[-80.778147,39.918158],[-80.791493,39.923896],[-80.802113,39.924872],[-80.806467,39.909613],[-80.8037,39.899237],[-80.798207,39.887722],[-80.794423,39.876817],[-80.796864,39.868598],[-80.815541,39.850775],[-80.821889,39.842312],[-80.828196,39.830756],[-80.831654,39.820421],[-80.835805,39.800645],[-80.841176,39.790351],[-80.862945,39.779486],[-80.871165,39.771104],[-80.865387,39.759101],[-80.849517,39.745185],[-80.839101,39.733588],[-80.835764,39.720282],[-80.841176,39.701036],[-80.857249,39.690945],[-80.861684,39.686713],[-80.862701,39.682318],[-80.861318,39.671088],[-80.861684,39.666287],[-80.873443,39.638943],[-80.875356,39.62873],[-80.944244,39.597968],[-81.055409,39.529975],[-81.087636,39.501776],[-81.110748,39.468858],[-81.125885,39.45364],[-81.165679,39.442206],[-81.183461,39.430487],[-81.211781,39.406195],[-81.22704,39.398383],[-81.247182,39.391669],[-81.269114,39.386908],[-81.289947,39.385077],[-81.310292,39.37877],[-81.345082,39.35338],[-81.368804,39.350938],[-81.388539,39.362128],[-81.401682,39.380805],[-81.411244,39.398383],[-81.420644,39.406195],[-81.463246,39.40644],[-81.478993,39.400458],[-81.554351,39.344102],[-81.562367,39.326361],[-81.569488,39.287624],[-81.581125,39.275214],[-81.589019,39.280585],[-81.595041,39.282294],[-81.600982,39.280585],[-81.608998,39.275214],[-81.615834,39.28266],[-81.637603,39.276068],[-81.662343,39.275499],[-81.682525,39.27086],[-81.69815,39.237006],[-81.746205,39.193305],[-81.753855,39.177598],[-81.755238,39.165147],[-81.752349,39.128119],[-81.754709,39.105251],[-81.762563,39.096015],[-81.812652,39.080024],[-81.818593,39.079657],[-81.819,39.076117],[-81.814443,39.062934],[-81.810618,39.05683],[-81.803944,39.050116],[-81.796498,39.044745],[-81.790273,39.042507],[-81.777211,39.034857],[-81.77538,39.017117],[-81.780344,38.981024],[-81.773874,38.964423],[-81.764638,38.948757],[-81.764068,38.93712],[-81.783762,38.932644],[-81.794667,38.936062],[-81.812245,38.950873],[-81.824371,38.954372],[-81.834869,38.949286],[-81.840932,38.937445],[-81.848622,38.913398],[-81.860666,38.899237],[-81.880116,38.883083],[-81.901763,38.874132],[-81.920562,38.8817],[-81.927724,38.892646],[-81.925852,38.897528],[-81.920522,38.903144],[-81.91747,38.916531],[-81.915273,38.919298],[-81.910308,38.921007],[-81.905426,38.923692],[-81.903188,38.929511],[-81.904286,38.936225],[-81.906606,38.941596],[-81.910024,38.946845],[-81.914906,38.962714],[-81.924143,38.978461],[-81.937571,38.990505],[-81.969065,39.000759],[-81.984446,39.01199],[-82.003082,39.021593],[-82.026723,39.021999],[-82.058461,39.003119],[-82.092275,38.968533],[-82.120839,38.929877],[-82.136586,38.899115],[-82.143422,38.858181],[-82.148346,38.848904],[-82.161285,38.831326],[-82.172922,38.808173],[-82.191884,38.797919],[-82.208852,38.785915],[-82.211741,38.762519],[-82.204457,38.745307],[-82.195383,38.731635],[-82.187611,38.715196],[-82.184397,38.689968],[-82.190785,38.675645],[-82.192535,38.665391],[-82.183258,38.648017],[-82.179189,38.635321],[-82.176869,38.621772],[-82.177561,38.61168],[-82.19286,38.595242],[-82.21524,38.591905],[-82.263254,38.597439],[-82.277211,38.588202],[-82.288319,38.566596],[-82.309641,38.478624],[-82.317047,38.460883],[-82.331858,38.443468],[-82.34968,38.437852],[-82.424631,38.432929],[-82.509145,38.409044],[-82.552805,38.405463],[-82.589101,38.418728],[-82.599599,38.43122],[-82.616038,38.463446],[-82.626332,38.477647],[-82.698313,38.535346],[-82.736724,38.554389],[-82.783274,38.567165],[-82.826731,38.586371],[-82.855946,38.624783],[-82.880198,38.690985],[-82.88329,38.710395],[-82.883168,38.730292],[-82.886464,38.744737],[-82.898346,38.751532],[-82.924224,38.748318],[-82.985097,38.723985],[-83.010569,38.720974],[-83.031117,38.715766],[-83.046986,38.703803],[-83.060862,38.689968],[-83.075063,38.679389],[-83.10204,38.671332],[-83.109853,38.666327],[-83.115346,38.658759],[-83.125803,38.637763],[-83.133697,38.627875],[-83.151682,38.618842],[-83.172719,38.618028],[-83.218455,38.624783],[-83.241933,38.623236],[-83.256947,38.615912],[-83.269154,38.607978],[-83.305165,38.601386],[-83.312856,38.603949],[-83.325185,38.614814],[-83.34911,38.645697],[-83.356272,38.652655],[-83.368804,38.659695],[-83.397369,38.669786],[-83.411488,38.672553],[-83.446889,38.671942],[-83.456166,38.675971],[-83.472646,38.688747],[-83.491567,38.699001],[-83.512359,38.705512],[-83.534332,38.707302],[-83.60497,38.689317],[-83.616322,38.682807],[-83.620961,38.66413],[-83.63329,38.647773],[-83.650787,38.635932],[-83.670969,38.630968],[-83.714426,38.638454],[-83.754018,38.659695],[-83.821767,38.713487],[-83.837066,38.729763],[-83.850453,38.747626],[-83.865956,38.762152],[-83.908559,38.771674],[-83.949086,38.786566],[-83.972564,38.789252],[-84.062001,38.77558],[-84.084096,38.777655],[-84.195668,38.810411],[-84.217681,38.82335],[-84.227122,38.840766],[-84.228139,38.864691],[-84.231679,38.885199],[-84.237945,38.903144],[-84.247548,38.919623],[-84.257965,38.929226],[-84.271596,38.938788],[-84.283437,38.949897],[-84.288482,38.963935],[-84.290517,38.981391],[-84.296539,38.999864],[-84.306996,39.016791],[-84.322011,39.029486],[-84.364166,39.04682],[-84.388743,39.0539],[-84.408315,39.056708],[-84.419586,39.064887],[-84.430165,39.083075],[-84.444244,39.101671],[-84.466054,39.111396],[-84.508697,39.104682],[-84.594879,39.074001],[-84.637359,39.077216],[-84.688344,39.117865],[-84.703114,39.124376],[-84.708485,39.127794],[-84.721262,39.142686],[-84.730133,39.146104],[-84.742299,39.143744],[-84.751576,39.137885],[-84.76769,39.124376],[-84.842926,39.087958],[-84.873158,39.06155],[-84.870717,39.029486],[-84.842844,39.006456],[-84.828236,38.991319],[-84.822906,38.974189],[-84.833079,38.956895],[-84.868642,38.929389],[-84.877553,38.919623],[-84.865346,38.907172],[-84.849273,38.90115],[-84.805898,38.899115],[-84.784047,38.892849],[-84.78539,38.878119],[-84.798736,38.860948],[-84.812652,38.847602],[-84.819936,38.82807],[-84.806264,38.794867],[-84.819488,38.789252],[-84.901479,38.796088],[-84.935943,38.792304],[-84.999582,38.771674],[-85.145497,38.700629],[-85.186065,38.693671]],[[-85.186065,38.693671],[-85.205678,38.703192],[-85.239898,38.734198],[-85.257436,38.74079],[-85.320953,38.743232],[-85.436147,38.734646],[-85.454742,38.726345],[-85.45523,38.707384],[-85.447133,38.686591],[-85.439849,38.672553],[-85.431304,38.611029],[-85.410308,38.571967],[-85.414906,38.553331],[-85.428944,38.53852],[-85.482249,38.507595],[-85.495961,38.495063],[-85.511301,38.477647],[-85.526682,38.468573],[-85.569569,38.465277],[-85.590159,38.460883],[-85.619862,38.43183],[-85.643422,38.343451],[-85.665191,38.309434],[-85.700592,38.287543],[-85.72057,38.278835],[-85.758412,38.269639],[-85.770009,38.269965],[-85.775054,38.278673],[-85.780181,38.282538],[-85.792144,38.286322],[-85.805816,38.288926],[-85.816029,38.288926],[-85.829498,38.277126],[-85.851226,38.235907],[-85.860992,38.226874],[-85.878041,38.219672],[-85.891428,38.201972],[-85.900746,38.179877],[-85.905426,38.159247],[-85.914703,38.063544],[-85.924794,38.037665],[-85.93106,38.028876],[-85.938873,38.020819],[-85.948476,38.01378],[-85.960072,38.007758],[-86.008778,38.000922],[-86.032094,37.993923],[-86.041982,37.977078],[-86.051422,37.96955],[-86.072987,37.983181],[-86.110829,38.015245],[-86.133372,38.019965],[-86.183827,38.022813],[-86.203684,38.032009],[-86.219716,38.0421],[-86.259511,38.058905],[-86.27538,38.069892],[-86.284535,38.084296],[-86.286204,38.099799],[-86.282786,38.141872],[-86.29186,38.15351],[-86.343617,38.185899],[-86.361806,38.192816],[-86.382965,38.194525],[-86.394032,38.187771],[-86.381825,38.169135],[-86.361724,38.159532],[-86.341054,38.154364],[-86.332875,38.14704],[-86.350453,38.131293],[-86.392649,38.117011],[-86.416249,38.11518],[-86.428375,38.118232],[-86.433665,38.127875],[-86.438832,38.131659],[-86.450347,38.136583],[-86.461903,38.137234],[-86.467152,38.127875],[-86.463368,38.117214],[-86.445465,38.101386],[-86.439809,38.090359],[-86.443837,38.068915],[-86.460927,38.056464],[-86.483876,38.050727],[-86.505279,38.049384],[-86.518666,38.040351],[-86.523549,38.01911],[-86.520375,37.953396],[-86.523346,37.938178],[-86.535959,37.928575],[-86.589752,37.919257],[-86.595774,37.904364],[-86.59557,37.88463],[-86.603668,37.864366],[-86.624501,37.853624],[-86.648549,37.854031],[-86.663075,37.863715],[-86.655507,37.881171],[-86.644032,37.901313],[-86.663075,37.905463],[-86.707387,37.898546],[-86.742299,37.903754],[-86.772939,37.923651],[-86.794667,37.950629],[-86.802968,37.977078],[-86.818959,37.995144],[-86.85497,37.983913],[-86.8933,37.96072],[-86.916168,37.942939],[-86.929677,37.937608],[-86.987904,37.932685],[-87.005686,37.926581],[-87.019602,37.919013],[-87.031484,37.908026],[-87.043121,37.89171],[-87.070546,37.828721],[-87.086822,37.805365],[-87.118276,37.788682],[-87.129221,37.794257],[-87.137766,37.80036],[-87.152984,37.815985],[-87.158193,37.826606],[-87.160471,37.837958],[-87.164947,37.847032],[-87.176869,37.850775],[-87.195302,37.851833],[-87.209381,37.854844],[-87.219879,37.858954],[-87.255442,37.878038],[-87.32311,37.899359],[-87.341054,37.909125],[-87.359202,37.921576],[-87.381703,37.933132],[-87.405344,37.941962],[-87.426747,37.946357],[-87.468739,37.937771],[-87.510121,37.919745],[-87.54898,37.913275],[-87.583811,37.939521],[-87.586903,37.949408],[-87.585805,37.966132],[-87.591217,37.97366],[-87.598704,37.976386],[-87.607737,37.975124],[-87.615305,37.968777],[-87.61852,37.956326],[-87.614491,37.933905],[-87.596181,37.904853],[-87.591217,37.884223],[-87.601471,37.856879],[-87.627187,37.834499],[-87.657135,37.825141],[-87.680002,37.837104],[-87.682281,37.85224],[-87.671946,37.884833],[-87.673736,37.898546],[-87.686838,37.906806],[-87.703603,37.905544],[-87.719106,37.899034],[-87.728383,37.89171],[-87.737782,37.890977],[-87.777455,37.880235],[-87.797271,37.878038],[-87.819651,37.881619],[-87.838124,37.889472],[-87.853993,37.900987],[-87.868642,37.915595],[-87.887807,37.928534],[-87.909169,37.931505],[-87.926666,37.923204],[-87.933827,37.902289],[-87.929799,37.888861],[-87.899729,37.829657],[-87.945912,37.78852],[-87.950917,37.781846],[-87.96939,37.785712],[-88.005198,37.803778],[-88.022572,37.809149],[-88.0454,37.806667],[-88.049794,37.793402],[-88.050038,37.773546],[-88.060455,37.751166],[-88.075917,37.737616],[-88.132436,37.699286],[-88.143951,37.685736],[-88.156809,37.663845],[-88.163442,37.63996],[-88.156646,37.620795],[-88.139882,37.593451],[-88.134755,37.587917],[-88.105133,37.562771],[-88.083119,37.519599],[-88.091135,37.491238],[-88.123199,37.474555],[-88.30724,37.448065],[-88.365793,37.421413],[-88.382639,37.417589],[-88.427602,37.418158],[-88.448435,37.415717],[-88.465077,37.408759],[-88.478261,37.39822],[-88.488759,37.384589],[-88.507965,37.342597],[-88.512563,37.303249],[-88.503529,37.266913],[-88.481923,37.233832],[-88.451772,37.198676],[-88.434071,37.168484],[-88.433502,37.13642],[-88.454579,37.095974],[-88.484446,37.072333],[-88.521555,37.06745],[-88.561187,37.07685],[-88.633127,37.114814],[-88.907094,37.22016],[-88.955637,37.227729],[-89.002024,37.223212],[-89.043813,37.208523],[-89.078359,37.18537],[-89.088612,37.174628],[-89.122792,37.124091],[-89.15689,37.092882],[-89.178822,37.062201],[-89.176381,37.035834],[-89.158193,37.011501],[-89.12385,36.97956]],[[-85.186065,38.693671],[-85.186147,38.693671]],[[-85.186025,38.693671],[-85.186065,38.693671]]]}},{"type":"Feature","properties":{"dissolve":"99Lake Centerline","scalerank":4.0,"featurecla":"Lake Centerline","name":"Paraná","name_alt":null,"rivernum":99,"note":null,"min_zoom":4.0,"name_en":"Paraná","min_label":5.0},"bbox":[-54.643056,-25.432631,-50.994049,-19.667494],"geometry":{"type":"MultiLineString","coordinates":[[[-50.997467,-19.667494],[-51.007436,-19.678399],[-51.016347,-19.687351],[-51.020741,-19.697605],[-51.026479,-19.724623],[-51.027699,-19.754083],[-51.007192,-19.904718],[-51.004872,-20.028009],[-50.994049,-20.101739],[-51.029205,-20.189304],[-51.055409,-20.228204],[-51.087148,-20.26336],[-51.113759,-20.283217],[-51.137359,-20.297296],[-51.267161,-20.334405],[-51.326527,-20.362481],[-51.345082,-20.377374],[-51.382558,-20.417657],[-51.396718,-20.44142],[-51.396881,-20.441746],[-51.397084,-20.441827]],[[-51.936391,-21.422784],[-51.946278,-21.437921],[-51.951894,-21.453464],[-51.961171,-21.472589],[-51.960927,-21.48504],[-51.974477,-21.492527],[-51.999013,-21.493829],[-52.017445,-21.494155],[-52.040639,-21.490899],[-52.058827,-21.502455],[-52.076405,-21.519708],[-52.075347,-21.540541],[-52.067738,-21.569268],[-52.068796,-21.586847],[-52.055979,-21.609063],[-52.050526,-21.63478],[-52.061106,-21.65724],[-52.085317,-21.679539],[-52.109731,-21.69142],[-52.153961,-21.721043],[-52.171376,-21.737481],[-52.188791,-21.759129],[-52.206166,-21.785496],[-52.213206,-21.807957],[-52.227651,-21.826837],[-52.252756,-21.844659],[-52.286855,-21.877455],[-52.307118,-21.9013],[-52.327626,-21.939386],[-52.341908,-21.977472],[-52.358266,-22.012058],[-52.387603,-22.066746],[-52.408111,-22.096694],[-52.434397,-22.125014],[-52.459381,-22.149591],[-52.488393,-22.174819],[-52.527252,-22.197605],[-52.552317,-22.209812],[-52.632965,-22.233575],[-52.671254,-22.253839],[-52.700592,-22.28045],[-52.732493,-22.296889],[-52.790191,-22.311863],[-52.841705,-22.336602],[-52.884755,-22.377944],[-52.919301,-22.404474],[-52.937734,-22.421075],[-52.960805,-22.454767]],[[-54.643056,-25.405694],[-54.628489,-25.408624],[-54.608632,-25.419773]],[[-54.610585,-25.432631],[-54.598704,-25.397393],[-54.576324,-25.360203],[-54.54776,-25.336602],[-54.529164,-25.314304],[-54.504262,-25.278497],[-54.482167,-25.21323],[-54.470123,-25.195326],[-54.436391,-25.167006],[-54.427358,-25.149347],[-54.430491,-25.130548],[-54.455922,-25.092136],[-54.464019,-25.072686],[-54.464915,-25.055841],[-54.463002,-25.037123],[-54.45401,-25.002781],[-54.40807,-24.821222],[-54.400502,-24.804701],[-54.371816,-24.766534],[-54.322092,-24.628351],[-54.321401,-24.595717],[-54.335561,-24.527195],[-54.335276,-24.496515],[-54.323638,-24.464207],[-54.284779,-24.411147],[-54.27245,-24.389337],[-54.262847,-24.358412],[-54.26179,-24.329441],[-54.275095,-24.298191],[-54.283396,-24.275242],[-54.306996,-24.246596],[-54.314809,-24.234063],[-54.319692,-24.19671],[-54.33259,-24.164972],[-54.335398,-24.148858],[-54.32551,-24.118097],[-54.301747,-24.089776],[-54.266916,-24.065851]]]}},{"type":"Feature","properties":{"dissolve":"99River","scalerank":4.0,"featurecla":"River","name":"Paraná","name_alt":null,"rivernum":99,"note":null,"min_zoom":4.0,"name_en":"Paraná","min_label":5.0},"bbox":[-58.604848,-27.586765,-50.489735,-19.02044],"geometry":{"type":"MultiLineString","coordinates":[[[-50.489735,-19.02044],[-50.49177,-19.029474],[-50.493153,-19.038995],[-50.496246,-19.045343],[-50.501373,-19.047784],[-50.510976,-19.055841],[-50.534047,-19.095066],[-50.545522,-19.109226],[-50.561879,-19.117039],[-50.586903,-19.123956],[-50.612538,-19.125909],[-50.65392,-19.110284],[-50.67394,-19.121515],[-50.69636,-19.150242],[-50.71642,-19.162042],[-50.734039,-19.169854],[-50.746693,-19.18255],[-50.751576,-19.20851],[-50.760162,-19.224298],[-50.779612,-19.239679],[-50.813059,-19.260105],[-50.83137,-19.277358],[-50.844106,-19.294854],[-50.851552,-19.314467],[-50.853993,-19.338881],[-50.859283,-19.359796],[-50.880116,-19.393976],[-50.881296,-19.410821],[-50.851633,-19.44256],[-50.839467,-19.463067],[-50.850575,-19.472345],[-50.856191,-19.474461],[-50.865102,-19.483819],[-50.871083,-19.486017],[-50.876658,-19.48504],[-50.87975,-19.482843],[-50.881825,-19.480808],[-50.894032,-19.477227],[-50.905955,-19.464369],[-50.915395,-19.458673],[-50.93814,-19.454278],[-50.953114,-19.459324],[-50.961293,-19.473565],[-50.963857,-19.496515],[-50.956654,-19.515476],[-50.943593,-19.53224],[-50.937245,-19.54933],[-50.950185,-19.568536],[-50.95873,-19.571954],[-50.976755,-19.572198],[-50.984283,-19.576023],[-50.988759,-19.58294],[-50.990712,-19.591485],[-50.991363,-19.645847],[-50.997467,-19.667494]],[[-51.396718,-20.44142],[-51.439849,-20.491062],[-51.462148,-20.523289],[-51.51476,-20.574233],[-51.562367,-20.584975],[-51.58019,-20.596368],[-51.588857,-20.616876],[-51.598215,-20.661635],[-51.620351,-20.699884],[-51.622304,-20.722507],[-51.621165,-20.768243],[-51.632151,-20.876967],[-51.641469,-20.894464],[-51.711171,-20.966323],[-51.733266,-20.983575],[-51.734731,-20.986749],[-51.745839,-20.995619],[-51.771962,-21.055678],[-51.788075,-21.083836],[-51.79308,-21.089776],[-51.799916,-21.094089],[-51.816355,-21.101251],[-51.841298,-21.120294],[-51.858632,-21.129734],[-51.871246,-21.143976],[-51.874989,-21.171808],[-51.855336,-21.257175],[-51.851755,-21.298761],[-51.867543,-21.343113],[-51.928456,-21.402032],[-51.936391,-21.422784]],[[-52.960805,-22.454767],[-52.967152,-22.458917],[-52.987416,-22.485691],[-53.003407,-22.518487],[-53.012766,-22.52866],[-53.022125,-22.531752],[-53.035878,-22.534845],[-53.048329,-22.538995],[-53.0537,-22.54575],[-53.109364,-22.64544],[-53.136138,-22.676283],[-53.16808,-22.701674],[-53.479807,-22.830743],[-53.552846,-22.87241],[-53.585032,-22.90252],[-53.596913,-22.920099],[-53.622874,-22.981785],[-53.633168,-23.01922],[-53.641469,-23.105971],[-53.656972,-23.145522],[-53.676381,-23.182143],[-53.705434,-23.258477],[-53.72525,-23.296401],[-53.753977,-23.328058],[-53.862416,-23.392592],[-53.947825,-23.424493],[-53.968251,-23.44378],[-53.972401,-23.453058],[-53.971669,-23.488783],[-54.01773,-23.63714],[-54.026845,-23.697768],[-54.058217,-23.774754],[-54.067942,-23.816583],[-54.069407,-23.905613],[-54.077301,-23.949233],[-54.098622,-23.96795],[-54.177805,-24.005548],[-54.185862,-24.017592],[-54.204945,-24.030694],[-54.246002,-24.05047]],[[-53.795277,-23.354669],[-53.822092,-23.393487],[-53.840037,-23.411554],[-53.858754,-23.419285],[-53.870107,-23.427179],[-53.878733,-23.446222],[-53.88976,-23.488783],[-53.900136,-23.557957],[-53.90685,-23.573582],[-53.911855,-23.581476],[-53.916127,-23.599461],[-53.920766,-23.607599],[-53.92809,-23.61769],[-53.957102,-23.68963],[-53.976877,-23.769871],[-53.992177,-23.810398],[-54.023346,-23.860772],[-54.026926,-23.882257],[-54.018707,-23.926202],[-54.01773,-23.948419],[-54.026926,-23.96795],[-54.039174,-23.977553],[-54.068796,-23.993097],[-54.081532,-24.00213],[-54.117747,-24.036635],[-54.129994,-24.043796],[-54.185618,-24.057468],[-54.218373,-24.058526],[-54.246002,-24.05047]],[[-54.246002,-24.05047],[-54.266916,-24.065851]],[[-54.610585,-25.432631],[-54.61262,-25.444024],[-54.613149,-25.465346],[-54.609242,-25.487644],[-54.599192,-25.505792],[-54.592193,-25.524754],[-54.594838,-25.548517],[-54.600657,-25.572605],[-54.602976,-25.592299],[-54.587026,-25.624526],[-54.584096,-25.644708],[-54.599192,-25.653741],[-54.634429,-25.652032],[-54.643666,-25.661554],[-54.64391,-25.687921],[-54.62564,-25.740167],[-54.622792,-25.75978],[-54.617909,-25.773451],[-54.595286,-25.798679],[-54.588694,-25.810724],[-54.59024,-25.832859],[-54.599965,-25.8506],[-54.610829,-25.86655],[-54.615956,-25.882826],[-54.608062,-25.927911],[-54.607045,-25.946629],[-54.615956,-25.961602],[-54.624379,-25.964288],[-54.648671,-25.965671],[-54.65689,-25.969089],[-54.663035,-25.979913],[-54.662343,-25.98976],[-54.658925,-26.000339],[-54.654042,-26.030694],[-54.643219,-26.062677],[-54.64391,-26.085138],[-54.66454,-26.149102],[-54.660634,-26.164239],[-54.642568,-26.184015],[-54.639027,-26.196791],[-54.645457,-26.208185],[-54.65689,-26.222996],[-54.66511,-26.236179],[-54.66686,-26.243585],[-54.664418,-26.263198],[-54.664418,-26.308282],[-54.679799,-26.339776],[-54.681142,-26.345229],[-54.684153,-26.3506],[-54.693796,-26.411961],[-54.698435,-26.428074],[-54.707183,-26.441746],[-54.737904,-26.473158],[-54.765981,-26.493992],[-54.781077,-26.510268],[-54.790517,-26.528497],[-54.789459,-26.542494],[-54.78425,-26.556573],[-54.781077,-26.575128],[-54.781972,-26.598077],[-54.785715,-26.622573],[-54.793813,-26.644952],[-54.807729,-26.661065],[-54.818023,-26.665704],[-54.823557,-26.663263],[-54.828196,-26.658054],[-54.835683,-26.654229],[-54.880076,-26.654229],[-54.904124,-26.659845],[-54.920644,-26.674168],[-54.931467,-26.693862],[-54.944569,-26.739923],[-54.951894,-26.757501],[-54.961741,-26.772312],[-54.975942,-26.787774],[-54.992543,-26.79461],[-55.041493,-26.798354],[-55.061635,-26.805108],[-55.126454,-26.863458],[-55.133412,-26.880548],[-55.119618,-26.919936],[-55.123036,-26.941746],[-55.139068,-26.953627],[-55.162262,-26.957208],[-55.201894,-26.955418],[-55.217397,-26.951104],[-55.235911,-26.942071],[-55.257232,-26.934503],[-55.281361,-26.934259],[-55.330149,-26.958347],[-55.376943,-26.963718],[-55.397084,-26.969171],[-55.414703,-26.979669],[-55.431549,-26.99627],[-55.443512,-27.015476],[-55.449574,-27.035821],[-55.452016,-27.081964],[-55.462636,-27.097996],[-55.487172,-27.099949],[-55.514719,-27.097507],[-55.534617,-27.099298],[-55.546051,-27.115086],[-55.550201,-27.135675],[-55.55606,-27.153741],[-55.572458,-27.161472],[-55.598988,-27.167413],[-55.599721,-27.18255],[-55.575551,-27.223484],[-55.571278,-27.235284],[-55.569407,-27.245945],[-55.571401,-27.256362],[-55.584788,-27.276707],[-55.583974,-27.28338],[-55.581451,-27.291518],[-55.582387,-27.305352],[-55.592112,-27.328302],[-55.608225,-27.345554],[-55.629465,-27.356296],[-55.654408,-27.36004],[-55.682444,-27.379327],[-55.718251,-27.417169],[-55.755483,-27.443536],[-55.815907,-27.413995],[-55.842844,-27.407403],[-55.854888,-27.401218],[-55.863515,-27.391046],[-55.87857,-27.35353],[-55.893625,-27.334812],[-55.913808,-27.327651],[-55.937123,-27.328139],[-55.961415,-27.331476],[-55.985585,-27.332208],[-56.007558,-27.328139],[-56.074452,-27.304864],[-56.09968,-27.30047],[-56.125234,-27.298761],[-56.150624,-27.311863],[-56.169586,-27.32464],[-56.206166,-27.361993],[-56.228668,-27.371108],[-56.257517,-27.378269],[-56.280588,-27.3895],[-56.286041,-27.411147],[-56.282175,-27.43849],[-56.286041,-27.46087],[-56.297719,-27.480808],[-56.317209,-27.500339],[-56.336741,-27.525567],[-56.350331,-27.556166],[-56.368276,-27.580499],[-56.400461,-27.586765],[-56.432078,-27.575209],[-56.462148,-27.553725],[-56.488026,-27.527195],[-56.506947,-27.500014],[-56.54719,-27.454929],[-56.613718,-27.446222],[-56.683827,-27.464695],[-56.734975,-27.500339],[-56.771881,-27.506687],[-56.808217,-27.486749],[-56.869985,-27.431492],[-56.905019,-27.418634],[-56.941762,-27.422052],[-56.978017,-27.435235],[-57.076975,-27.483901],[-57.109731,-27.490574],[-57.148915,-27.488946],[-57.157379,-27.487726],[-57.180776,-27.487237],[-57.191884,-27.484226],[-57.201161,-27.478855],[-57.227773,-27.458673],[-57.237782,-27.454115],[-57.293284,-27.440606],[-57.3037,-27.435479],[-57.327097,-27.41489],[-57.336008,-27.409519],[-57.361155,-27.403334],[-57.387441,-27.403497],[-57.488393,-27.416355],[-57.514068,-27.413995],[-57.536448,-27.407159],[-57.698476,-27.333429],[-57.710072,-27.329604],[-57.812327,-27.310561],[-57.85554,-27.29754],[-57.914133,-27.286147],[-57.944732,-27.274428],[-58.022694,-27.25978],[-58.054311,-27.258966],[-58.114735,-27.268731],[-58.129547,-27.269545],[-58.239003,-27.25685],[-58.511464,-27.278334],[-58.604848,-27.314386]]]}}]}
